dataset_id,isolate_id,antibiotic,mic_raw,mic_numeric,mic_operator,unit,ast_method,medium,incubation,breakpoint_standard,breakpoint_version,susceptibility_original,susceptibility_recomputed,borderline_mic,phenotype_quality
HPGP_GLOBAL,ALG-001,clarithromycin,,,,mg/L,centralized phenotyping; exact per-isolate MIC not in code snapshot,see publication,see publication,publication-defined,under audit,R,,unknown,A_binary_public_exact_link
HPGP_GLOBAL,ALG-001,levofloxacin,,,,mg/L,centralized phenotyping; exact per-isolate MIC not in code snapshot,see publication,see publication,publication-defined,under audit,S,,unknown,A_binary_public_exact_link
HPGP_GLOBAL,ALG-002,clarithromycin,,,,mg/L,centralized phenotyping; exact per-isolate MIC not in code snapshot,see publication,see publication,publication-defined,under audit,S,,unknown,A_binary_public_exact_link
HPGP_GLOBAL,ALG-002,levofloxacin,,,,mg/L,centralized phenotyping; exact per-isolate MIC not in code snapshot,see publication,see publication,publication-defined,under audit,S,,unknown,A_binary_public_exact_link
HPGP_GLOBAL,ALG-003,clarithromycin,,,,mg/L,centralized phenotyping; exact per-isolate MIC not in code snapshot,see publication,see publication,publication-defined,under audit,S,,unknown,A_binary_public_exact_link
HPGP_GLOBAL,ALG-003,levofloxacin,,,,mg/L,centralized phenotyping; exact per-isolate MIC not in code snapshot,see publication,see publication,publication-defined,under audit,S,,unknown,A_binary_public_exact_link
HPGP_GLOBAL,ALG-004,clarithromycin,,,,mg/L,centralized phenotyping; exact per-isolate MIC not in code snapshot,see publication,see publication,publication-defined,under audit,R,,unknown,A_binary_public_exact_link
HPGP_GLOBAL,ALG-004,levofloxacin,,,,mg/L,centralized phenotyping; exact per-isolate MIC not in code snapshot,see publication,see publication,publication-defined,under audit,S,,unknown,A_binary_public_exact_link
HPGP_GLOBAL,ALG-005,clarithromycin,,,,mg/L,centralized phenotyping; exact per-isolate MIC not in code snapshot,see publication,see publication,publication-defined,under audit,R,,unknown,A_binary_public_exact_link
HPGP_GLOBAL,ALG-005,levofloxacin,,,,mg/L,centralized phenotyping; exact per-isolate MIC not in code snapshot,see publication,see publication,publication-defined,under audit,S,,unknown,A_binary_public_exact_link
HPGP_GLOBAL,ALG-007,clarithromycin,,,,mg/L,centralized phenotyping; exact per-isolate MIC not in code snapshot,see publication,see publication,publication-defined,under audit,S,,unknown,A_binary_public_exact_link
HPGP_GLOBAL,ALG-007,levofloxacin,,,,mg/L,centralized phenotyping; exact per-isolate MIC not in code snapshot,see publication,see publication,publication-defined,under audit,S,,unknown,A_binary_public_exact_link
HPGP_GLOBAL,ALG-008,clarithromycin,,,,mg/L,centralized phenotyping; exact per-isolate MIC not in code snapshot,see publication,see publication,publication-defined,under audit,S,,unknown,A_binary_public_exact_link
HPGP_GLOBAL,ALG-008,levofloxacin,,,,mg/L,centralized phenotyping; exact per-isolate MIC not in code snapshot,see publication,see publication,publication-defined,under audit,S,,unknown,A_binary_public_exact_link
HPGP_GLOBAL,ALG-009,clarithromycin,,,,mg/L,centralized phenotyping; exact per-isolate MIC not in code snapshot,see publication,see publication,publication-defined,under audit,S,,unknown,A_binary_public_exact_link
HPGP_GLOBAL,ALG-009,levofloxacin,,,,mg/L,centralized phenotyping; exact per-isolate MIC not in code snapshot,see publication,see publication,publication-defined,under audit,S,,unknown,A_binary_public_exact_link
HPGP_GLOBAL,ALG-010,clarithromycin,,,,mg/L,centralized phenotyping; exact per-isolate MIC not in code snapshot,see publication,see publication,publication-defined,under audit,R,,unknown,A_binary_public_exact_link
HPGP_GLOBAL,ALG-010,levofloxacin,,,,mg/L,centralized phenotyping; exact per-isolate MIC not in code snapshot,see publication,see publication,publication-defined,under audit,S,,unknown,A_binary_public_exact_link
HPGP_GLOBAL,ARG-001,clarithromycin,,,,mg/L,centralized phenotyping; exact per-isolate MIC not in code snapshot,see publication,see publication,publication-defined,under audit,S,,unknown,A_binary_public_exact_link
HPGP_GLOBAL,ARG-001,levofloxacin,,,,mg/L,centralized phenotyping; exact per-isolate MIC not in code snapshot,see publication,see publication,publication-defined,under audit,S,,unknown,A_binary_public_exact_link
HPGP_GLOBAL,ARG-002,clarithromycin,,,,mg/L,centralized phenotyping; exact per-isolate MIC not in code snapshot,see publication,see publication,publication-defined,under audit,R,,unknown,A_binary_public_exact_link
HPGP_GLOBAL,ARG-002,levofloxacin,,,,mg/L,centralized phenotyping; exact per-isolate MIC not in code snapshot,see publication,see publication,publication-defined,under audit,S,,unknown,A_binary_public_exact_link
HPGP_GLOBAL,ARG-003,clarithromycin,,,,mg/L,centralized phenotyping; exact per-isolate MIC not in code snapshot,see publication,see publication,publication-defined,under audit,S,,unknown,A_binary_public_exact_link
HPGP_GLOBAL,ARG-003,levofloxacin,,,,mg/L,centralized phenotyping; exact per-isolate MIC not in code snapshot,see publication,see publication,publication-defined,under audit,S,,unknown,A_binary_public_exact_link
HPGP_GLOBAL,ARG-004,clarithromycin,,,,mg/L,centralized phenotyping; exact per-isolate MIC not in code snapshot,see publication,see publication,publication-defined,under audit,S,,unknown,A_binary_public_exact_link
HPGP_GLOBAL,ARG-004,levofloxacin,,,,mg/L,centralized phenotyping; exact per-isolate MIC not in code snapshot,see publication,see publication,publication-defined,under audit,R,,unknown,A_binary_public_exact_link
HPGP_GLOBAL,ARG-005,clarithromycin,,,,mg/L,centralized phenotyping; exact per-isolate MIC not in code snapshot,see publication,see publication,publication-defined,under audit,S,,unknown,A_binary_public_exact_link
HPGP_GLOBAL,ARG-005,levofloxacin,,,,mg/L,centralized phenotyping; exact per-isolate MIC not in code snapshot,see publication,see publication,publication-defined,under audit,S,,unknown,A_binary_public_exact_link
HPGP_GLOBAL,ARG-006,clarithromycin,,,,mg/L,centralized phenotyping; exact per-isolate MIC not in code snapshot,see publication,see publication,publication-defined,under audit,S,,unknown,A_binary_public_exact_link
HPGP_GLOBAL,ARG-006,levofloxacin,,,,mg/L,centralized phenotyping; exact per-isolate MIC not in code snapshot,see publication,see publication,publication-defined,under audit,S,,unknown,A_binary_public_exact_link
HPGP_GLOBAL,ARG-007,clarithromycin,,,,mg/L,centralized phenotyping; exact per-isolate MIC not in code snapshot,see publication,see publication,publication-defined,under audit,S,,unknown,A_binary_public_exact_link
HPGP_GLOBAL,ARG-007,levofloxacin,,,,mg/L,centralized phenotyping; exact per-isolate MIC not in code snapshot,see publication,see publication,publication-defined,under audit,S,,unknown,A_binary_public_exact_link
HPGP_GLOBAL,ARG-008,clarithromycin,,,,mg/L,centralized phenotyping; exact per-isolate MIC not in code snapshot,see publication,see publication,publication-defined,under audit,R,,unknown,A_binary_public_exact_link
HPGP_GLOBAL,ARG-008,levofloxacin,,,,mg/L,centralized phenotyping; exact per-isolate MIC not in code snapshot,see publication,see publication,publication-defined,under audit,R,,unknown,A_binary_public_exact_link
HPGP_GLOBAL,ARG-009,clarithromycin,,,,mg/L,centralized phenotyping; exact per-isolate MIC not in code snapshot,see publication,see publication,publication-defined,under audit,R,,unknown,A_binary_public_exact_link
HPGP_GLOBAL,ARG-009,levofloxacin,,,,mg/L,centralized phenotyping; exact per-isolate MIC not in code snapshot,see publication,see publication,publication-defined,under audit,S,,unknown,A_binary_public_exact_link
HPGP_GLOBAL,ARG-010,clarithromycin,,,,mg/L,centralized phenotyping; exact per-isolate MIC not in code snapshot,see publication,see publication,publication-defined,under audit,S,,unknown,A_binary_public_exact_link
HPGP_GLOBAL,ARG-010,levofloxacin,,,,mg/L,centralized phenotyping; exact per-isolate MIC not in code snapshot,see publication,see publication,publication-defined,under audit,S,,unknown,A_binary_public_exact_link
HPGP_GLOBAL,BRA-002,clarithromycin,,,,mg/L,centralized phenotyping; exact per-isolate MIC not in code snapshot,see publication,see publication,publication-defined,under audit,S,,unknown,A_binary_public_exact_link
HPGP_GLOBAL,BRA-002,levofloxacin,,,,mg/L,centralized phenotyping; exact per-isolate MIC not in code snapshot,see publication,see publication,publication-defined,under audit,R,,unknown,A_binary_public_exact_link
HPGP_GLOBAL,BRA-006,clarithromycin,,,,mg/L,centralized phenotyping; exact per-isolate MIC not in code snapshot,see publication,see publication,publication-defined,under audit,S,,unknown,A_binary_public_exact_link
HPGP_GLOBAL,BRA-006,levofloxacin,,,,mg/L,centralized phenotyping; exact per-isolate MIC not in code snapshot,see publication,see publication,publication-defined,under audit,R,,unknown,A_binary_public_exact_link
HPGP_GLOBAL,BRA-009,clarithromycin,,,,mg/L,centralized phenotyping; exact per-isolate MIC not in code snapshot,see publication,see publication,publication-defined,under audit,S,,unknown,A_binary_public_exact_link
HPGP_GLOBAL,BRA-009,levofloxacin,,,,mg/L,centralized phenotyping; exact per-isolate MIC not in code snapshot,see publication,see publication,publication-defined,under audit,S,,unknown,A_binary_public_exact_link
HPGP_GLOBAL,BRA-010,clarithromycin,,,,mg/L,centralized phenotyping; exact per-isolate MIC not in code snapshot,see publication,see publication,publication-defined,under audit,S,,unknown,A_binary_public_exact_link
HPGP_GLOBAL,BRA-010,levofloxacin,,,,mg/L,centralized phenotyping; exact per-isolate MIC not in code snapshot,see publication,see publication,publication-defined,under audit,S,,unknown,A_binary_public_exact_link
HPGP_GLOBAL,BRA-013,clarithromycin,,,,mg/L,centralized phenotyping; exact per-isolate MIC not in code snapshot,see publication,see publication,publication-defined,under audit,S,,unknown,A_binary_public_exact_link
HPGP_GLOBAL,BRA-013,levofloxacin,,,,mg/L,centralized phenotyping; exact per-isolate MIC not in code snapshot,see publication,see publication,publication-defined,under audit,R,,unknown,A_binary_public_exact_link
HPGP_GLOBAL,BRA-014,clarithromycin,,,,mg/L,centralized phenotyping; exact per-isolate MIC not in code snapshot,see publication,see publication,publication-defined,under audit,R,,unknown,A_binary_public_exact_link
HPGP_GLOBAL,BRA-014,levofloxacin,,,,mg/L,centralized phenotyping; exact per-isolate MIC not in code snapshot,see publication,see publication,publication-defined,under audit,S,,unknown,A_binary_public_exact_link
HPGP_GLOBAL,BRA-017,clarithromycin,,,,mg/L,centralized phenotyping; exact per-isolate MIC not in code snapshot,see publication,see publication,publication-defined,under audit,R,,unknown,A_binary_public_exact_link
HPGP_GLOBAL,BRA-017,levofloxacin,,,,mg/L,centralized phenotyping; exact per-isolate MIC not in code snapshot,see publication,see publication,publication-defined,under audit,S,,unknown,A_binary_public_exact_link
HPGP_GLOBAL,BRA-018,clarithromycin,,,,mg/L,centralized phenotyping; exact per-isolate MIC not in code snapshot,see publication,see publication,publication-defined,under audit,S,,unknown,A_binary_public_exact_link
HPGP_GLOBAL,BRA-018,levofloxacin,,,,mg/L,centralized phenotyping; exact per-isolate MIC not in code snapshot,see publication,see publication,publication-defined,under audit,S,,unknown,A_binary_public_exact_link
HPGP_GLOBAL,BRA-020,clarithromycin,,,,mg/L,centralized phenotyping; exact per-isolate MIC not in code snapshot,see publication,see publication,publication-defined,under audit,S,,unknown,A_binary_public_exact_link
HPGP_GLOBAL,BRA-020,levofloxacin,,,,mg/L,centralized phenotyping; exact per-isolate MIC not in code snapshot,see publication,see publication,publication-defined,under audit,S,,unknown,A_binary_public_exact_link
HPGP_GLOBAL,BRA-022,clarithromycin,,,,mg/L,centralized phenotyping; exact per-isolate MIC not in code snapshot,see publication,see publication,publication-defined,under audit,S,,unknown,A_binary_public_exact_link
HPGP_GLOBAL,BRA-022,levofloxacin,,,,mg/L,centralized phenotyping; exact per-isolate MIC not in code snapshot,see publication,see publication,publication-defined,under audit,S,,unknown,A_binary_public_exact_link
HPGP_GLOBAL,BRA-023,clarithromycin,,,,mg/L,centralized phenotyping; exact per-isolate MIC not in code snapshot,see publication,see publication,publication-defined,under audit,S,,unknown,A_binary_public_exact_link
HPGP_GLOBAL,BRA-023,levofloxacin,,,,mg/L,centralized phenotyping; exact per-isolate MIC not in code snapshot,see publication,see publication,publication-defined,under audit,R,,unknown,A_binary_public_exact_link
HPGP_GLOBAL,BRA-025,clarithromycin,,,,mg/L,centralized phenotyping; exact per-isolate MIC not in code snapshot,see publication,see publication,publication-defined,under audit,S,,unknown,A_binary_public_exact_link
HPGP_GLOBAL,BRA-025,levofloxacin,,,,mg/L,centralized phenotyping; exact per-isolate MIC not in code snapshot,see publication,see publication,publication-defined,under audit,S,,unknown,A_binary_public_exact_link
HPGP_GLOBAL,CHI-001,clarithromycin,,,,mg/L,centralized phenotyping; exact per-isolate MIC not in code snapshot,see publication,see publication,publication-defined,under audit,S,,unknown,A_binary_public_exact_link
HPGP_GLOBAL,CHI-001,levofloxacin,,,,mg/L,centralized phenotyping; exact per-isolate MIC not in code snapshot,see publication,see publication,publication-defined,under audit,S,,unknown,A_binary_public_exact_link
HPGP_GLOBAL,CHI-002,clarithromycin,,,,mg/L,centralized phenotyping; exact per-isolate MIC not in code snapshot,see publication,see publication,publication-defined,under audit,S,,unknown,A_binary_public_exact_link
HPGP_GLOBAL,CHI-002,levofloxacin,,,,mg/L,centralized phenotyping; exact per-isolate MIC not in code snapshot,see publication,see publication,publication-defined,under audit,S,,unknown,A_binary_public_exact_link
HPGP_GLOBAL,CHI-004,clarithromycin,,,,mg/L,centralized phenotyping; exact per-isolate MIC not in code snapshot,see publication,see publication,publication-defined,under audit,S,,unknown,A_binary_public_exact_link
HPGP_GLOBAL,CHI-004,levofloxacin,,,,mg/L,centralized phenotyping; exact per-isolate MIC not in code snapshot,see publication,see publication,publication-defined,under audit,S,,unknown,A_binary_public_exact_link
HPGP_GLOBAL,CHI-005,clarithromycin,,,,mg/L,centralized phenotyping; exact per-isolate MIC not in code snapshot,see publication,see publication,publication-defined,under audit,S,,unknown,A_binary_public_exact_link
HPGP_GLOBAL,CHI-005,levofloxacin,,,,mg/L,centralized phenotyping; exact per-isolate MIC not in code snapshot,see publication,see publication,publication-defined,under audit,S,,unknown,A_binary_public_exact_link
HPGP_GLOBAL,CHI-007,clarithromycin,,,,mg/L,centralized phenotyping; exact per-isolate MIC not in code snapshot,see publication,see publication,publication-defined,under audit,S,,unknown,A_binary_public_exact_link
HPGP_GLOBAL,CHI-007,levofloxacin,,,,mg/L,centralized phenotyping; exact per-isolate MIC not in code snapshot,see publication,see publication,publication-defined,under audit,S,,unknown,A_binary_public_exact_link
HPGP_GLOBAL,CHI-008,clarithromycin,,,,mg/L,centralized phenotyping; exact per-isolate MIC not in code snapshot,see publication,see publication,publication-defined,under audit,S,,unknown,A_binary_public_exact_link
HPGP_GLOBAL,CHI-008,levofloxacin,,,,mg/L,centralized phenotyping; exact per-isolate MIC not in code snapshot,see publication,see publication,publication-defined,under audit,S,,unknown,A_binary_public_exact_link
HPGP_GLOBAL,CHI-010,clarithromycin,,,,mg/L,centralized phenotyping; exact per-isolate MIC not in code snapshot,see publication,see publication,publication-defined,under audit,S,,unknown,A_binary_public_exact_link
HPGP_GLOBAL,CHI-010,levofloxacin,,,,mg/L,centralized phenotyping; exact per-isolate MIC not in code snapshot,see publication,see publication,publication-defined,under audit,S,,unknown,A_binary_public_exact_link
HPGP_GLOBAL,CHI-011,clarithromycin,,,,mg/L,centralized phenotyping; exact per-isolate MIC not in code snapshot,see publication,see publication,publication-defined,under audit,S,,unknown,A_binary_public_exact_link
HPGP_GLOBAL,CHI-011,levofloxacin,,,,mg/L,centralized phenotyping; exact per-isolate MIC not in code snapshot,see publication,see publication,publication-defined,under audit,R,,unknown,A_binary_public_exact_link
HPGP_GLOBAL,CHI-014,clarithromycin,,,,mg/L,centralized phenotyping; exact per-isolate MIC not in code snapshot,see publication,see publication,publication-defined,under audit,S,,unknown,A_binary_public_exact_link
HPGP_GLOBAL,CHI-014,levofloxacin,,,,mg/L,centralized phenotyping; exact per-isolate MIC not in code snapshot,see publication,see publication,publication-defined,under audit,S,,unknown,A_binary_public_exact_link
HPGP_GLOBAL,CHI-017,clarithromycin,,,,mg/L,centralized phenotyping; exact per-isolate MIC not in code snapshot,see publication,see publication,publication-defined,under audit,S,,unknown,A_binary_public_exact_link
HPGP_GLOBAL,CHI-017,levofloxacin,,,,mg/L,centralized phenotyping; exact per-isolate MIC not in code snapshot,see publication,see publication,publication-defined,under audit,R,,unknown,A_binary_public_exact_link
HPGP_GLOBAL,CHI-018,clarithromycin,,,,mg/L,centralized phenotyping; exact per-isolate MIC not in code snapshot,see publication,see publication,publication-defined,under audit,S,,unknown,A_binary_public_exact_link
HPGP_GLOBAL,CHI-018,levofloxacin,,,,mg/L,centralized phenotyping; exact per-isolate MIC not in code snapshot,see publication,see publication,publication-defined,under audit,S,,unknown,A_binary_public_exact_link
HPGP_GLOBAL,CHI-021,clarithromycin,,,,mg/L,centralized phenotyping; exact per-isolate MIC not in code snapshot,see publication,see publication,publication-defined,under audit,S,,unknown,A_binary_public_exact_link
HPGP_GLOBAL,CHI-021,levofloxacin,,,,mg/L,centralized phenotyping; exact per-isolate MIC not in code snapshot,see publication,see publication,publication-defined,under audit,R,,unknown,A_binary_public_exact_link
HPGP_GLOBAL,CHI-022,clarithromycin,,,,mg/L,centralized phenotyping; exact per-isolate MIC not in code snapshot,see publication,see publication,publication-defined,under audit,S,,unknown,A_binary_public_exact_link
HPGP_GLOBAL,CHI-022,levofloxacin,,,,mg/L,centralized phenotyping; exact per-isolate MIC not in code snapshot,see publication,see publication,publication-defined,under audit,S,,unknown,A_binary_public_exact_link
HPGP_GLOBAL,CHI-023,clarithromycin,,,,mg/L,centralized phenotyping; exact per-isolate MIC not in code snapshot,see publication,see publication,publication-defined,under audit,S,,unknown,A_binary_public_exact_link
HPGP_GLOBAL,CHI-023,levofloxacin,,,,mg/L,centralized phenotyping; exact per-isolate MIC not in code snapshot,see publication,see publication,publication-defined,under audit,R,,unknown,A_binary_public_exact_link
HPGP_GLOBAL,CHI-024,clarithromycin,,,,mg/L,centralized phenotyping; exact per-isolate MIC not in code snapshot,see publication,see publication,publication-defined,under audit,S,,unknown,A_binary_public_exact_link
HPGP_GLOBAL,CHI-024,levofloxacin,,,,mg/L,centralized phenotyping; exact per-isolate MIC not in code snapshot,see publication,see publication,publication-defined,under audit,R,,unknown,A_binary_public_exact_link
HPGP_GLOBAL,CHI-101,clarithromycin,,,,mg/L,centralized phenotyping; exact per-isolate MIC not in code snapshot,see publication,see publication,publication-defined,under audit,S,,unknown,A_binary_public_exact_link
HPGP_GLOBAL,CHI-101,levofloxacin,,,,mg/L,centralized phenotyping; exact per-isolate MIC not in code snapshot,see publication,see publication,publication-defined,under audit,S,,unknown,A_binary_public_exact_link
HPGP_GLOBAL,CHI-102,clarithromycin,,,,mg/L,centralized phenotyping; exact per-isolate MIC not in code snapshot,see publication,see publication,publication-defined,under audit,S,,unknown,A_binary_public_exact_link
HPGP_GLOBAL,CHI-102,levofloxacin,,,,mg/L,centralized phenotyping; exact per-isolate MIC not in code snapshot,see publication,see publication,publication-defined,under audit,S,,unknown,A_binary_public_exact_link
HPGP_GLOBAL,CHI-103,clarithromycin,,,,mg/L,centralized phenotyping; exact per-isolate MIC not in code snapshot,see publication,see publication,publication-defined,under audit,R,,unknown,A_binary_public_exact_link
HPGP_GLOBAL,CHI-103,levofloxacin,,,,mg/L,centralized phenotyping; exact per-isolate MIC not in code snapshot,see publication,see publication,publication-defined,under audit,S,,unknown,A_binary_public_exact_link
HPGP_GLOBAL,CHI-104,clarithromycin,,,,mg/L,centralized phenotyping; exact per-isolate MIC not in code snapshot,see publication,see publication,publication-defined,under audit,S,,unknown,A_binary_public_exact_link
HPGP_GLOBAL,CHI-104,levofloxacin,,,,mg/L,centralized phenotyping; exact per-isolate MIC not in code snapshot,see publication,see publication,publication-defined,under audit,S,,unknown,A_binary_public_exact_link
HPGP_GLOBAL,CHI-106,clarithromycin,,,,mg/L,centralized phenotyping; exact per-isolate MIC not in code snapshot,see publication,see publication,publication-defined,under audit,S,,unknown,A_binary_public_exact_link
HPGP_GLOBAL,CHI-106,levofloxacin,,,,mg/L,centralized phenotyping; exact per-isolate MIC not in code snapshot,see publication,see publication,publication-defined,under audit,S,,unknown,A_binary_public_exact_link
HPGP_GLOBAL,CHI-107,clarithromycin,,,,mg/L,centralized phenotyping; exact per-isolate MIC not in code snapshot,see publication,see publication,publication-defined,under audit,S,,unknown,A_binary_public_exact_link
HPGP_GLOBAL,CHI-107,levofloxacin,,,,mg/L,centralized phenotyping; exact per-isolate MIC not in code snapshot,see publication,see publication,publication-defined,under audit,S,,unknown,A_binary_public_exact_link
HPGP_GLOBAL,CHI-113,clarithromycin,,,,mg/L,centralized phenotyping; exact per-isolate MIC not in code snapshot,see publication,see publication,publication-defined,under audit,R,,unknown,A_binary_public_exact_link
HPGP_GLOBAL,CHI-113,levofloxacin,,,,mg/L,centralized phenotyping; exact per-isolate MIC not in code snapshot,see publication,see publication,publication-defined,under audit,S,,unknown,A_binary_public_exact_link
HPGP_GLOBAL,CHI-114,clarithromycin,,,,mg/L,centralized phenotyping; exact per-isolate MIC not in code snapshot,see publication,see publication,publication-defined,under audit,R,,unknown,A_binary_public_exact_link
HPGP_GLOBAL,CHI-114,levofloxacin,,,,mg/L,centralized phenotyping; exact per-isolate MIC not in code snapshot,see publication,see publication,publication-defined,under audit,S,,unknown,A_binary_public_exact_link
HPGP_GLOBAL,CHI-119,clarithromycin,,,,mg/L,centralized phenotyping; exact per-isolate MIC not in code snapshot,see publication,see publication,publication-defined,under audit,S,,unknown,A_binary_public_exact_link
HPGP_GLOBAL,CHI-119,levofloxacin,,,,mg/L,centralized phenotyping; exact per-isolate MIC not in code snapshot,see publication,see publication,publication-defined,under audit,S,,unknown,A_binary_public_exact_link
HPGP_GLOBAL,CHI-122,clarithromycin,,,,mg/L,centralized phenotyping; exact per-isolate MIC not in code snapshot,see publication,see publication,publication-defined,under audit,S,,unknown,A_binary_public_exact_link
HPGP_GLOBAL,CHI-122,levofloxacin,,,,mg/L,centralized phenotyping; exact per-isolate MIC not in code snapshot,see publication,see publication,publication-defined,under audit,R,,unknown,A_binary_public_exact_link
HPGP_GLOBAL,CHI-123,clarithromycin,,,,mg/L,centralized phenotyping; exact per-isolate MIC not in code snapshot,see publication,see publication,publication-defined,under audit,S,,unknown,A_binary_public_exact_link
HPGP_GLOBAL,CHI-123,levofloxacin,,,,mg/L,centralized phenotyping; exact per-isolate MIC not in code snapshot,see publication,see publication,publication-defined,under audit,S,,unknown,A_binary_public_exact_link
HPGP_GLOBAL,CHI-124,clarithromycin,,,,mg/L,centralized phenotyping; exact per-isolate MIC not in code snapshot,see publication,see publication,publication-defined,under audit,S,,unknown,A_binary_public_exact_link
HPGP_GLOBAL,CHI-124,levofloxacin,,,,mg/L,centralized phenotyping; exact per-isolate MIC not in code snapshot,see publication,see publication,publication-defined,under audit,R,,unknown,A_binary_public_exact_link
HPGP_GLOBAL,CHI-125,clarithromycin,,,,mg/L,centralized phenotyping; exact per-isolate MIC not in code snapshot,see publication,see publication,publication-defined,under audit,S,,unknown,A_binary_public_exact_link
HPGP_GLOBAL,CHI-125,levofloxacin,,,,mg/L,centralized phenotyping; exact per-isolate MIC not in code snapshot,see publication,see publication,publication-defined,under audit,S,,unknown,A_binary_public_exact_link
HPGP_GLOBAL,CHI-126,clarithromycin,,,,mg/L,centralized phenotyping; exact per-isolate MIC not in code snapshot,see publication,see publication,publication-defined,under audit,S,,unknown,A_binary_public_exact_link
HPGP_GLOBAL,CHI-126,levofloxacin,,,,mg/L,centralized phenotyping; exact per-isolate MIC not in code snapshot,see publication,see publication,publication-defined,under audit,R,,unknown,A_binary_public_exact_link
HPGP_GLOBAL,CHI-127,clarithromycin,,,,mg/L,centralized phenotyping; exact per-isolate MIC not in code snapshot,see publication,see publication,publication-defined,under audit,S,,unknown,A_binary_public_exact_link
HPGP_GLOBAL,CHI-127,levofloxacin,,,,mg/L,centralized phenotyping; exact per-isolate MIC not in code snapshot,see publication,see publication,publication-defined,under audit,S,,unknown,A_binary_public_exact_link
HPGP_GLOBAL,CHN-001,clarithromycin,,,,mg/L,centralized phenotyping; exact per-isolate MIC not in code snapshot,see publication,see publication,publication-defined,under audit,S,,unknown,A_binary_public_exact_link
HPGP_GLOBAL,CHN-001,levofloxacin,,,,mg/L,centralized phenotyping; exact per-isolate MIC not in code snapshot,see publication,see publication,publication-defined,under audit,S,,unknown,A_binary_public_exact_link
HPGP_GLOBAL,CHN-002,clarithromycin,,,,mg/L,centralized phenotyping; exact per-isolate MIC not in code snapshot,see publication,see publication,publication-defined,under audit,S,,unknown,A_binary_public_exact_link
HPGP_GLOBAL,CHN-002,levofloxacin,,,,mg/L,centralized phenotyping; exact per-isolate MIC not in code snapshot,see publication,see publication,publication-defined,under audit,S,,unknown,A_binary_public_exact_link
HPGP_GLOBAL,CHN-004,clarithromycin,,,,mg/L,centralized phenotyping; exact per-isolate MIC not in code snapshot,see publication,see publication,publication-defined,under audit,S,,unknown,A_binary_public_exact_link
HPGP_GLOBAL,CHN-004,levofloxacin,,,,mg/L,centralized phenotyping; exact per-isolate MIC not in code snapshot,see publication,see publication,publication-defined,under audit,S,,unknown,A_binary_public_exact_link
HPGP_GLOBAL,CHN-005,clarithromycin,,,,mg/L,centralized phenotyping; exact per-isolate MIC not in code snapshot,see publication,see publication,publication-defined,under audit,S,,unknown,A_binary_public_exact_link
HPGP_GLOBAL,CHN-005,levofloxacin,,,,mg/L,centralized phenotyping; exact per-isolate MIC not in code snapshot,see publication,see publication,publication-defined,under audit,S,,unknown,A_binary_public_exact_link
HPGP_GLOBAL,CHN-009,clarithromycin,,,,mg/L,centralized phenotyping; exact per-isolate MIC not in code snapshot,see publication,see publication,publication-defined,under audit,S,,unknown,A_binary_public_exact_link
HPGP_GLOBAL,CHN-009,levofloxacin,,,,mg/L,centralized phenotyping; exact per-isolate MIC not in code snapshot,see publication,see publication,publication-defined,under audit,S,,unknown,A_binary_public_exact_link
HPGP_GLOBAL,CHN-010,clarithromycin,,,,mg/L,centralized phenotyping; exact per-isolate MIC not in code snapshot,see publication,see publication,publication-defined,under audit,S,,unknown,A_binary_public_exact_link
HPGP_GLOBAL,CHN-010,levofloxacin,,,,mg/L,centralized phenotyping; exact per-isolate MIC not in code snapshot,see publication,see publication,publication-defined,under audit,R,,unknown,A_binary_public_exact_link
HPGP_GLOBAL,COL-003,clarithromycin,,,,mg/L,centralized phenotyping; exact per-isolate MIC not in code snapshot,see publication,see publication,publication-defined,under audit,S,,unknown,A_binary_public_exact_link
HPGP_GLOBAL,COL-003,levofloxacin,,,,mg/L,centralized phenotyping; exact per-isolate MIC not in code snapshot,see publication,see publication,publication-defined,under audit,R,,unknown,A_binary_public_exact_link
HPGP_GLOBAL,COL-005,clarithromycin,,,,mg/L,centralized phenotyping; exact per-isolate MIC not in code snapshot,see publication,see publication,publication-defined,under audit,S,,unknown,A_binary_public_exact_link
HPGP_GLOBAL,COL-005,levofloxacin,,,,mg/L,centralized phenotyping; exact per-isolate MIC not in code snapshot,see publication,see publication,publication-defined,under audit,S,,unknown,A_binary_public_exact_link
HPGP_GLOBAL,COL-006,clarithromycin,,,,mg/L,centralized phenotyping; exact per-isolate MIC not in code snapshot,see publication,see publication,publication-defined,under audit,S,,unknown,A_binary_public_exact_link
HPGP_GLOBAL,COL-006,levofloxacin,,,,mg/L,centralized phenotyping; exact per-isolate MIC not in code snapshot,see publication,see publication,publication-defined,under audit,R,,unknown,A_binary_public_exact_link
HPGP_GLOBAL,COL-008,clarithromycin,,,,mg/L,centralized phenotyping; exact per-isolate MIC not in code snapshot,see publication,see publication,publication-defined,under audit,S,,unknown,A_binary_public_exact_link
HPGP_GLOBAL,COL-008,levofloxacin,,,,mg/L,centralized phenotyping; exact per-isolate MIC not in code snapshot,see publication,see publication,publication-defined,under audit,S,,unknown,A_binary_public_exact_link
HPGP_GLOBAL,CRI-001,clarithromycin,,,,mg/L,centralized phenotyping; exact per-isolate MIC not in code snapshot,see publication,see publication,publication-defined,under audit,S,,unknown,A_binary_public_exact_link
HPGP_GLOBAL,CRI-001,levofloxacin,,,,mg/L,centralized phenotyping; exact per-isolate MIC not in code snapshot,see publication,see publication,publication-defined,under audit,S,,unknown,A_binary_public_exact_link
HPGP_GLOBAL,CRI-002,clarithromycin,,,,mg/L,centralized phenotyping; exact per-isolate MIC not in code snapshot,see publication,see publication,publication-defined,under audit,S,,unknown,A_binary_public_exact_link
HPGP_GLOBAL,CRI-002,levofloxacin,,,,mg/L,centralized phenotyping; exact per-isolate MIC not in code snapshot,see publication,see publication,publication-defined,under audit,S,,unknown,A_binary_public_exact_link
HPGP_GLOBAL,CRI-004,clarithromycin,,,,mg/L,centralized phenotyping; exact per-isolate MIC not in code snapshot,see publication,see publication,publication-defined,under audit,S,,unknown,A_binary_public_exact_link
HPGP_GLOBAL,CRI-004,levofloxacin,,,,mg/L,centralized phenotyping; exact per-isolate MIC not in code snapshot,see publication,see publication,publication-defined,under audit,R,,unknown,A_binary_public_exact_link
HPGP_GLOBAL,CRI-005,clarithromycin,,,,mg/L,centralized phenotyping; exact per-isolate MIC not in code snapshot,see publication,see publication,publication-defined,under audit,S,,unknown,A_binary_public_exact_link
HPGP_GLOBAL,CRI-005,levofloxacin,,,,mg/L,centralized phenotyping; exact per-isolate MIC not in code snapshot,see publication,see publication,publication-defined,under audit,S,,unknown,A_binary_public_exact_link
HPGP_GLOBAL,CRI-006,clarithromycin,,,,mg/L,centralized phenotyping; exact per-isolate MIC not in code snapshot,see publication,see publication,publication-defined,under audit,S,,unknown,A_binary_public_exact_link
HPGP_GLOBAL,CRI-006,levofloxacin,,,,mg/L,centralized phenotyping; exact per-isolate MIC not in code snapshot,see publication,see publication,publication-defined,under audit,S,,unknown,A_binary_public_exact_link
HPGP_GLOBAL,FRA-001,clarithromycin,,,,mg/L,centralized phenotyping; exact per-isolate MIC not in code snapshot,see publication,see publication,publication-defined,under audit,S,,unknown,A_binary_public_exact_link
HPGP_GLOBAL,FRA-001,levofloxacin,,,,mg/L,centralized phenotyping; exact per-isolate MIC not in code snapshot,see publication,see publication,publication-defined,under audit,S,,unknown,A_binary_public_exact_link
HPGP_GLOBAL,FRA-002,clarithromycin,,,,mg/L,centralized phenotyping; exact per-isolate MIC not in code snapshot,see publication,see publication,publication-defined,under audit,R,,unknown,A_binary_public_exact_link
HPGP_GLOBAL,FRA-002,levofloxacin,,,,mg/L,centralized phenotyping; exact per-isolate MIC not in code snapshot,see publication,see publication,publication-defined,under audit,R,,unknown,A_binary_public_exact_link
HPGP_GLOBAL,FRA-003,clarithromycin,,,,mg/L,centralized phenotyping; exact per-isolate MIC not in code snapshot,see publication,see publication,publication-defined,under audit,R,,unknown,A_binary_public_exact_link
HPGP_GLOBAL,FRA-003,levofloxacin,,,,mg/L,centralized phenotyping; exact per-isolate MIC not in code snapshot,see publication,see publication,publication-defined,under audit,S,,unknown,A_binary_public_exact_link
HPGP_GLOBAL,FRA-004,clarithromycin,,,,mg/L,centralized phenotyping; exact per-isolate MIC not in code snapshot,see publication,see publication,publication-defined,under audit,S,,unknown,A_binary_public_exact_link
HPGP_GLOBAL,FRA-004,levofloxacin,,,,mg/L,centralized phenotyping; exact per-isolate MIC not in code snapshot,see publication,see publication,publication-defined,under audit,S,,unknown,A_binary_public_exact_link
HPGP_GLOBAL,FRA-005,clarithromycin,,,,mg/L,centralized phenotyping; exact per-isolate MIC not in code snapshot,see publication,see publication,publication-defined,under audit,S,,unknown,A_binary_public_exact_link
HPGP_GLOBAL,FRA-005,levofloxacin,,,,mg/L,centralized phenotyping; exact per-isolate MIC not in code snapshot,see publication,see publication,publication-defined,under audit,S,,unknown,A_binary_public_exact_link
HPGP_GLOBAL,FRA-006,clarithromycin,,,,mg/L,centralized phenotyping; exact per-isolate MIC not in code snapshot,see publication,see publication,publication-defined,under audit,S,,unknown,A_binary_public_exact_link
HPGP_GLOBAL,FRA-006,levofloxacin,,,,mg/L,centralized phenotyping; exact per-isolate MIC not in code snapshot,see publication,see publication,publication-defined,under audit,S,,unknown,A_binary_public_exact_link
HPGP_GLOBAL,FRA-007,clarithromycin,,,,mg/L,centralized phenotyping; exact per-isolate MIC not in code snapshot,see publication,see publication,publication-defined,under audit,S,,unknown,A_binary_public_exact_link
HPGP_GLOBAL,FRA-007,levofloxacin,,,,mg/L,centralized phenotyping; exact per-isolate MIC not in code snapshot,see publication,see publication,publication-defined,under audit,S,,unknown,A_binary_public_exact_link
HPGP_GLOBAL,FRA-008,clarithromycin,,,,mg/L,centralized phenotyping; exact per-isolate MIC not in code snapshot,see publication,see publication,publication-defined,under audit,R,,unknown,A_binary_public_exact_link
HPGP_GLOBAL,FRA-008,levofloxacin,,,,mg/L,centralized phenotyping; exact per-isolate MIC not in code snapshot,see publication,see publication,publication-defined,under audit,S,,unknown,A_binary_public_exact_link
HPGP_GLOBAL,FRA-009,clarithromycin,,,,mg/L,centralized phenotyping; exact per-isolate MIC not in code snapshot,see publication,see publication,publication-defined,under audit,R,,unknown,A_binary_public_exact_link
HPGP_GLOBAL,FRA-009,levofloxacin,,,,mg/L,centralized phenotyping; exact per-isolate MIC not in code snapshot,see publication,see publication,publication-defined,under audit,S,,unknown,A_binary_public_exact_link
HPGP_GLOBAL,FRA-010,clarithromycin,,,,mg/L,centralized phenotyping; exact per-isolate MIC not in code snapshot,see publication,see publication,publication-defined,under audit,R,,unknown,A_binary_public_exact_link
HPGP_GLOBAL,FRA-010,levofloxacin,,,,mg/L,centralized phenotyping; exact per-isolate MIC not in code snapshot,see publication,see publication,publication-defined,under audit,S,,unknown,A_binary_public_exact_link
HPGP_GLOBAL,FRA-011,clarithromycin,,,,mg/L,centralized phenotyping; exact per-isolate MIC not in code snapshot,see publication,see publication,publication-defined,under audit,S,,unknown,A_binary_public_exact_link
HPGP_GLOBAL,FRA-011,levofloxacin,,,,mg/L,centralized phenotyping; exact per-isolate MIC not in code snapshot,see publication,see publication,publication-defined,under audit,S,,unknown,A_binary_public_exact_link
HPGP_GLOBAL,FRA-012,clarithromycin,,,,mg/L,centralized phenotyping; exact per-isolate MIC not in code snapshot,see publication,see publication,publication-defined,under audit,S,,unknown,A_binary_public_exact_link
HPGP_GLOBAL,FRA-012,levofloxacin,,,,mg/L,centralized phenotyping; exact per-isolate MIC not in code snapshot,see publication,see publication,publication-defined,under audit,S,,unknown,A_binary_public_exact_link
HPGP_GLOBAL,FRA-013,clarithromycin,,,,mg/L,centralized phenotyping; exact per-isolate MIC not in code snapshot,see publication,see publication,publication-defined,under audit,S,,unknown,A_binary_public_exact_link
HPGP_GLOBAL,FRA-013,levofloxacin,,,,mg/L,centralized phenotyping; exact per-isolate MIC not in code snapshot,see publication,see publication,publication-defined,under audit,S,,unknown,A_binary_public_exact_link
HPGP_GLOBAL,FRA-014,clarithromycin,,,,mg/L,centralized phenotyping; exact per-isolate MIC not in code snapshot,see publication,see publication,publication-defined,under audit,S,,unknown,A_binary_public_exact_link
HPGP_GLOBAL,FRA-014,levofloxacin,,,,mg/L,centralized phenotyping; exact per-isolate MIC not in code snapshot,see publication,see publication,publication-defined,under audit,S,,unknown,A_binary_public_exact_link
HPGP_GLOBAL,FRA-015,clarithromycin,,,,mg/L,centralized phenotyping; exact per-isolate MIC not in code snapshot,see publication,see publication,publication-defined,under audit,S,,unknown,A_binary_public_exact_link
HPGP_GLOBAL,FRA-015,levofloxacin,,,,mg/L,centralized phenotyping; exact per-isolate MIC not in code snapshot,see publication,see publication,publication-defined,under audit,S,,unknown,A_binary_public_exact_link
HPGP_GLOBAL,FRA-016,clarithromycin,,,,mg/L,centralized phenotyping; exact per-isolate MIC not in code snapshot,see publication,see publication,publication-defined,under audit,S,,unknown,A_binary_public_exact_link
HPGP_GLOBAL,FRA-016,levofloxacin,,,,mg/L,centralized phenotyping; exact per-isolate MIC not in code snapshot,see publication,see publication,publication-defined,under audit,S,,unknown,A_binary_public_exact_link
HPGP_GLOBAL,FRA-017,clarithromycin,,,,mg/L,centralized phenotyping; exact per-isolate MIC not in code snapshot,see publication,see publication,publication-defined,under audit,S,,unknown,A_binary_public_exact_link
HPGP_GLOBAL,FRA-017,levofloxacin,,,,mg/L,centralized phenotyping; exact per-isolate MIC not in code snapshot,see publication,see publication,publication-defined,under audit,S,,unknown,A_binary_public_exact_link
HPGP_GLOBAL,FRA-018,clarithromycin,,,,mg/L,centralized phenotyping; exact per-isolate MIC not in code snapshot,see publication,see publication,publication-defined,under audit,S,,unknown,A_binary_public_exact_link
HPGP_GLOBAL,FRA-018,levofloxacin,,,,mg/L,centralized phenotyping; exact per-isolate MIC not in code snapshot,see publication,see publication,publication-defined,under audit,S,,unknown,A_binary_public_exact_link
HPGP_GLOBAL,FRA-019,clarithromycin,,,,mg/L,centralized phenotyping; exact per-isolate MIC not in code snapshot,see publication,see publication,publication-defined,under audit,S,,unknown,A_binary_public_exact_link
HPGP_GLOBAL,FRA-019,levofloxacin,,,,mg/L,centralized phenotyping; exact per-isolate MIC not in code snapshot,see publication,see publication,publication-defined,under audit,S,,unknown,A_binary_public_exact_link
HPGP_GLOBAL,FRA-020,clarithromycin,,,,mg/L,centralized phenotyping; exact per-isolate MIC not in code snapshot,see publication,see publication,publication-defined,under audit,S,,unknown,A_binary_public_exact_link
HPGP_GLOBAL,FRA-020,levofloxacin,,,,mg/L,centralized phenotyping; exact per-isolate MIC not in code snapshot,see publication,see publication,publication-defined,under audit,S,,unknown,A_binary_public_exact_link
HPGP_GLOBAL,FRA-021,clarithromycin,,,,mg/L,centralized phenotyping; exact per-isolate MIC not in code snapshot,see publication,see publication,publication-defined,under audit,S,,unknown,A_binary_public_exact_link
HPGP_GLOBAL,FRA-021,levofloxacin,,,,mg/L,centralized phenotyping; exact per-isolate MIC not in code snapshot,see publication,see publication,publication-defined,under audit,R,,unknown,A_binary_public_exact_link
HPGP_GLOBAL,GER-004,clarithromycin,,,,mg/L,centralized phenotyping; exact per-isolate MIC not in code snapshot,see publication,see publication,publication-defined,under audit,S,,unknown,A_binary_public_exact_link
HPGP_GLOBAL,GER-004,levofloxacin,,,,mg/L,centralized phenotyping; exact per-isolate MIC not in code snapshot,see publication,see publication,publication-defined,under audit,S,,unknown,A_binary_public_exact_link
HPGP_GLOBAL,GER-005,clarithromycin,,,,mg/L,centralized phenotyping; exact per-isolate MIC not in code snapshot,see publication,see publication,publication-defined,under audit,S,,unknown,A_binary_public_exact_link
HPGP_GLOBAL,GER-005,levofloxacin,,,,mg/L,centralized phenotyping; exact per-isolate MIC not in code snapshot,see publication,see publication,publication-defined,under audit,S,,unknown,A_binary_public_exact_link
HPGP_GLOBAL,GER-006,clarithromycin,,,,mg/L,centralized phenotyping; exact per-isolate MIC not in code snapshot,see publication,see publication,publication-defined,under audit,S,,unknown,A_binary_public_exact_link
HPGP_GLOBAL,GER-006,levofloxacin,,,,mg/L,centralized phenotyping; exact per-isolate MIC not in code snapshot,see publication,see publication,publication-defined,under audit,S,,unknown,A_binary_public_exact_link
HPGP_GLOBAL,GER-010,clarithromycin,,,,mg/L,centralized phenotyping; exact per-isolate MIC not in code snapshot,see publication,see publication,publication-defined,under audit,R,,unknown,A_binary_public_exact_link
HPGP_GLOBAL,GER-010,levofloxacin,,,,mg/L,centralized phenotyping; exact per-isolate MIC not in code snapshot,see publication,see publication,publication-defined,under audit,R,,unknown,A_binary_public_exact_link
HPGP_GLOBAL,GER-012,clarithromycin,,,,mg/L,centralized phenotyping; exact per-isolate MIC not in code snapshot,see publication,see publication,publication-defined,under audit,S,,unknown,A_binary_public_exact_link
HPGP_GLOBAL,GER-012,levofloxacin,,,,mg/L,centralized phenotyping; exact per-isolate MIC not in code snapshot,see publication,see publication,publication-defined,under audit,S,,unknown,A_binary_public_exact_link
HPGP_GLOBAL,GER-013,clarithromycin,,,,mg/L,centralized phenotyping; exact per-isolate MIC not in code snapshot,see publication,see publication,publication-defined,under audit,S,,unknown,A_binary_public_exact_link
HPGP_GLOBAL,GER-013,levofloxacin,,,,mg/L,centralized phenotyping; exact per-isolate MIC not in code snapshot,see publication,see publication,publication-defined,under audit,S,,unknown,A_binary_public_exact_link
HPGP_GLOBAL,GER-015,clarithromycin,,,,mg/L,centralized phenotyping; exact per-isolate MIC not in code snapshot,see publication,see publication,publication-defined,under audit,S,,unknown,A_binary_public_exact_link
HPGP_GLOBAL,GER-015,levofloxacin,,,,mg/L,centralized phenotyping; exact per-isolate MIC not in code snapshot,see publication,see publication,publication-defined,under audit,S,,unknown,A_binary_public_exact_link
HPGP_GLOBAL,GER-018,clarithromycin,,,,mg/L,centralized phenotyping; exact per-isolate MIC not in code snapshot,see publication,see publication,publication-defined,under audit,S,,unknown,A_binary_public_exact_link
HPGP_GLOBAL,GER-018,levofloxacin,,,,mg/L,centralized phenotyping; exact per-isolate MIC not in code snapshot,see publication,see publication,publication-defined,under audit,R,,unknown,A_binary_public_exact_link
HPGP_GLOBAL,GER-019,clarithromycin,,,,mg/L,centralized phenotyping; exact per-isolate MIC not in code snapshot,see publication,see publication,publication-defined,under audit,R,,unknown,A_binary_public_exact_link
HPGP_GLOBAL,GER-019,levofloxacin,,,,mg/L,centralized phenotyping; exact per-isolate MIC not in code snapshot,see publication,see publication,publication-defined,under audit,S,,unknown,A_binary_public_exact_link
HPGP_GLOBAL,GER-021,clarithromycin,,,,mg/L,centralized phenotyping; exact per-isolate MIC not in code snapshot,see publication,see publication,publication-defined,under audit,S,,unknown,A_binary_public_exact_link
HPGP_GLOBAL,GER-021,levofloxacin,,,,mg/L,centralized phenotyping; exact per-isolate MIC not in code snapshot,see publication,see publication,publication-defined,under audit,R,,unknown,A_binary_public_exact_link
HPGP_GLOBAL,GMB-004,clarithromycin,,,,mg/L,centralized phenotyping; exact per-isolate MIC not in code snapshot,see publication,see publication,publication-defined,under audit,S,,unknown,A_binary_public_exact_link
HPGP_GLOBAL,GMB-004,levofloxacin,,,,mg/L,centralized phenotyping; exact per-isolate MIC not in code snapshot,see publication,see publication,publication-defined,under audit,S,,unknown,A_binary_public_exact_link
HPGP_GLOBAL,GMB-007,clarithromycin,,,,mg/L,centralized phenotyping; exact per-isolate MIC not in code snapshot,see publication,see publication,publication-defined,under audit,S,,unknown,A_binary_public_exact_link
HPGP_GLOBAL,GMB-007,levofloxacin,,,,mg/L,centralized phenotyping; exact per-isolate MIC not in code snapshot,see publication,see publication,publication-defined,under audit,S,,unknown,A_binary_public_exact_link
HPGP_GLOBAL,GMB-008,clarithromycin,,,,mg/L,centralized phenotyping; exact per-isolate MIC not in code snapshot,see publication,see publication,publication-defined,under audit,S,,unknown,A_binary_public_exact_link
HPGP_GLOBAL,GMB-008,levofloxacin,,,,mg/L,centralized phenotyping; exact per-isolate MIC not in code snapshot,see publication,see publication,publication-defined,under audit,S,,unknown,A_binary_public_exact_link
HPGP_GLOBAL,GMB-009,clarithromycin,,,,mg/L,centralized phenotyping; exact per-isolate MIC not in code snapshot,see publication,see publication,publication-defined,under audit,S,,unknown,A_binary_public_exact_link
HPGP_GLOBAL,GMB-009,levofloxacin,,,,mg/L,centralized phenotyping; exact per-isolate MIC not in code snapshot,see publication,see publication,publication-defined,under audit,S,,unknown,A_binary_public_exact_link
HPGP_GLOBAL,GRE-001,clarithromycin,,,,mg/L,centralized phenotyping; exact per-isolate MIC not in code snapshot,see publication,see publication,publication-defined,under audit,S,,unknown,A_binary_public_exact_link
HPGP_GLOBAL,GRE-001,levofloxacin,,,,mg/L,centralized phenotyping; exact per-isolate MIC not in code snapshot,see publication,see publication,publication-defined,under audit,S,,unknown,A_binary_public_exact_link
HPGP_GLOBAL,GRE-003,clarithromycin,,,,mg/L,centralized phenotyping; exact per-isolate MIC not in code snapshot,see publication,see publication,publication-defined,under audit,S,,unknown,A_binary_public_exact_link
HPGP_GLOBAL,GRE-003,levofloxacin,,,,mg/L,centralized phenotyping; exact per-isolate MIC not in code snapshot,see publication,see publication,publication-defined,under audit,R,,unknown,A_binary_public_exact_link
HPGP_GLOBAL,GRE-004,clarithromycin,,,,mg/L,centralized phenotyping; exact per-isolate MIC not in code snapshot,see publication,see publication,publication-defined,under audit,S,,unknown,A_binary_public_exact_link
HPGP_GLOBAL,GRE-004,levofloxacin,,,,mg/L,centralized phenotyping; exact per-isolate MIC not in code snapshot,see publication,see publication,publication-defined,under audit,S,,unknown,A_binary_public_exact_link
HPGP_GLOBAL,GRE-008,clarithromycin,,,,mg/L,centralized phenotyping; exact per-isolate MIC not in code snapshot,see publication,see publication,publication-defined,under audit,S,,unknown,A_binary_public_exact_link
HPGP_GLOBAL,GRE-008,levofloxacin,,,,mg/L,centralized phenotyping; exact per-isolate MIC not in code snapshot,see publication,see publication,publication-defined,under audit,S,,unknown,A_binary_public_exact_link
HPGP_GLOBAL,GRE-012,clarithromycin,,,,mg/L,centralized phenotyping; exact per-isolate MIC not in code snapshot,see publication,see publication,publication-defined,under audit,R,,unknown,A_binary_public_exact_link
HPGP_GLOBAL,GRE-012,levofloxacin,,,,mg/L,centralized phenotyping; exact per-isolate MIC not in code snapshot,see publication,see publication,publication-defined,under audit,S,,unknown,A_binary_public_exact_link
HPGP_GLOBAL,GRE-019,clarithromycin,,,,mg/L,centralized phenotyping; exact per-isolate MIC not in code snapshot,see publication,see publication,publication-defined,under audit,S,,unknown,A_binary_public_exact_link
HPGP_GLOBAL,GRE-019,levofloxacin,,,,mg/L,centralized phenotyping; exact per-isolate MIC not in code snapshot,see publication,see publication,publication-defined,under audit,S,,unknown,A_binary_public_exact_link
HPGP_GLOBAL,GRE-020,clarithromycin,,,,mg/L,centralized phenotyping; exact per-isolate MIC not in code snapshot,see publication,see publication,publication-defined,under audit,R,,unknown,A_binary_public_exact_link
HPGP_GLOBAL,GRE-020,levofloxacin,,,,mg/L,centralized phenotyping; exact per-isolate MIC not in code snapshot,see publication,see publication,publication-defined,under audit,S,,unknown,A_binary_public_exact_link
HPGP_GLOBAL,GRE-041,clarithromycin,,,,mg/L,centralized phenotyping; exact per-isolate MIC not in code snapshot,see publication,see publication,publication-defined,under audit,S,,unknown,A_binary_public_exact_link
HPGP_GLOBAL,GRE-041,levofloxacin,,,,mg/L,centralized phenotyping; exact per-isolate MIC not in code snapshot,see publication,see publication,publication-defined,under audit,R,,unknown,A_binary_public_exact_link
HPGP_GLOBAL,GRE-044,clarithromycin,,,,mg/L,centralized phenotyping; exact per-isolate MIC not in code snapshot,see publication,see publication,publication-defined,under audit,S,,unknown,A_binary_public_exact_link
HPGP_GLOBAL,GRE-044,levofloxacin,,,,mg/L,centralized phenotyping; exact per-isolate MIC not in code snapshot,see publication,see publication,publication-defined,under audit,R,,unknown,A_binary_public_exact_link
HPGP_GLOBAL,GRE-046,clarithromycin,,,,mg/L,centralized phenotyping; exact per-isolate MIC not in code snapshot,see publication,see publication,publication-defined,under audit,S,,unknown,A_binary_public_exact_link
HPGP_GLOBAL,GRE-046,levofloxacin,,,,mg/L,centralized phenotyping; exact per-isolate MIC not in code snapshot,see publication,see publication,publication-defined,under audit,R,,unknown,A_binary_public_exact_link
HPGP_GLOBAL,GTM-004,clarithromycin,,,,mg/L,centralized phenotyping; exact per-isolate MIC not in code snapshot,see publication,see publication,publication-defined,under audit,S,,unknown,A_binary_public_exact_link
HPGP_GLOBAL,GTM-004,levofloxacin,,,,mg/L,centralized phenotyping; exact per-isolate MIC not in code snapshot,see publication,see publication,publication-defined,under audit,S,,unknown,A_binary_public_exact_link
HPGP_GLOBAL,GTM-010,clarithromycin,,,,mg/L,centralized phenotyping; exact per-isolate MIC not in code snapshot,see publication,see publication,publication-defined,under audit,S,,unknown,A_binary_public_exact_link
HPGP_GLOBAL,GTM-010,levofloxacin,,,,mg/L,centralized phenotyping; exact per-isolate MIC not in code snapshot,see publication,see publication,publication-defined,under audit,R,,unknown,A_binary_public_exact_link
HPGP_GLOBAL,HON-003,clarithromycin,,,,mg/L,centralized phenotyping; exact per-isolate MIC not in code snapshot,see publication,see publication,publication-defined,under audit,S,,unknown,A_binary_public_exact_link
HPGP_GLOBAL,HON-003,levofloxacin,,,,mg/L,centralized phenotyping; exact per-isolate MIC not in code snapshot,see publication,see publication,publication-defined,under audit,R,,unknown,A_binary_public_exact_link
HPGP_GLOBAL,HON-004,clarithromycin,,,,mg/L,centralized phenotyping; exact per-isolate MIC not in code snapshot,see publication,see publication,publication-defined,under audit,S,,unknown,A_binary_public_exact_link
HPGP_GLOBAL,HON-004,levofloxacin,,,,mg/L,centralized phenotyping; exact per-isolate MIC not in code snapshot,see publication,see publication,publication-defined,under audit,R,,unknown,A_binary_public_exact_link
HPGP_GLOBAL,HON-005,clarithromycin,,,,mg/L,centralized phenotyping; exact per-isolate MIC not in code snapshot,see publication,see publication,publication-defined,under audit,R,,unknown,A_binary_public_exact_link
HPGP_GLOBAL,HON-005,levofloxacin,,,,mg/L,centralized phenotyping; exact per-isolate MIC not in code snapshot,see publication,see publication,publication-defined,under audit,R,,unknown,A_binary_public_exact_link
HPGP_GLOBAL,HON-006,clarithromycin,,,,mg/L,centralized phenotyping; exact per-isolate MIC not in code snapshot,see publication,see publication,publication-defined,under audit,S,,unknown,A_binary_public_exact_link
HPGP_GLOBAL,HON-006,levofloxacin,,,,mg/L,centralized phenotyping; exact per-isolate MIC not in code snapshot,see publication,see publication,publication-defined,under audit,R,,unknown,A_binary_public_exact_link
HPGP_GLOBAL,HON-007,clarithromycin,,,,mg/L,centralized phenotyping; exact per-isolate MIC not in code snapshot,see publication,see publication,publication-defined,under audit,S,,unknown,A_binary_public_exact_link
HPGP_GLOBAL,HON-007,levofloxacin,,,,mg/L,centralized phenotyping; exact per-isolate MIC not in code snapshot,see publication,see publication,publication-defined,under audit,R,,unknown,A_binary_public_exact_link
HPGP_GLOBAL,HON-009,clarithromycin,,,,mg/L,centralized phenotyping; exact per-isolate MIC not in code snapshot,see publication,see publication,publication-defined,under audit,S,,unknown,A_binary_public_exact_link
HPGP_GLOBAL,HON-009,levofloxacin,,,,mg/L,centralized phenotyping; exact per-isolate MIC not in code snapshot,see publication,see publication,publication-defined,under audit,S,,unknown,A_binary_public_exact_link
HPGP_GLOBAL,HON-015,clarithromycin,,,,mg/L,centralized phenotyping; exact per-isolate MIC not in code snapshot,see publication,see publication,publication-defined,under audit,S,,unknown,A_binary_public_exact_link
HPGP_GLOBAL,HON-015,levofloxacin,,,,mg/L,centralized phenotyping; exact per-isolate MIC not in code snapshot,see publication,see publication,publication-defined,under audit,S,,unknown,A_binary_public_exact_link
HPGP_GLOBAL,HON-017,clarithromycin,,,,mg/L,centralized phenotyping; exact per-isolate MIC not in code snapshot,see publication,see publication,publication-defined,under audit,S,,unknown,A_binary_public_exact_link
HPGP_GLOBAL,HON-017,levofloxacin,,,,mg/L,centralized phenotyping; exact per-isolate MIC not in code snapshot,see publication,see publication,publication-defined,under audit,S,,unknown,A_binary_public_exact_link
HPGP_GLOBAL,HON-018,clarithromycin,,,,mg/L,centralized phenotyping; exact per-isolate MIC not in code snapshot,see publication,see publication,publication-defined,under audit,S,,unknown,A_binary_public_exact_link
HPGP_GLOBAL,HON-018,levofloxacin,,,,mg/L,centralized phenotyping; exact per-isolate MIC not in code snapshot,see publication,see publication,publication-defined,under audit,S,,unknown,A_binary_public_exact_link
HPGP_GLOBAL,HON-019,clarithromycin,,,,mg/L,centralized phenotyping; exact per-isolate MIC not in code snapshot,see publication,see publication,publication-defined,under audit,S,,unknown,A_binary_public_exact_link
HPGP_GLOBAL,HON-019,levofloxacin,,,,mg/L,centralized phenotyping; exact per-isolate MIC not in code snapshot,see publication,see publication,publication-defined,under audit,S,,unknown,A_binary_public_exact_link
HPGP_GLOBAL,HON-020,clarithromycin,,,,mg/L,centralized phenotyping; exact per-isolate MIC not in code snapshot,see publication,see publication,publication-defined,under audit,R,,unknown,A_binary_public_exact_link
HPGP_GLOBAL,HON-020,levofloxacin,,,,mg/L,centralized phenotyping; exact per-isolate MIC not in code snapshot,see publication,see publication,publication-defined,under audit,S,,unknown,A_binary_public_exact_link
HPGP_GLOBAL,HON-021,clarithromycin,,,,mg/L,centralized phenotyping; exact per-isolate MIC not in code snapshot,see publication,see publication,publication-defined,under audit,S,,unknown,A_binary_public_exact_link
HPGP_GLOBAL,HON-021,levofloxacin,,,,mg/L,centralized phenotyping; exact per-isolate MIC not in code snapshot,see publication,see publication,publication-defined,under audit,S,,unknown,A_binary_public_exact_link
HPGP_GLOBAL,HON-024,clarithromycin,,,,mg/L,centralized phenotyping; exact per-isolate MIC not in code snapshot,see publication,see publication,publication-defined,under audit,S,,unknown,A_binary_public_exact_link
HPGP_GLOBAL,HON-024,levofloxacin,,,,mg/L,centralized phenotyping; exact per-isolate MIC not in code snapshot,see publication,see publication,publication-defined,under audit,S,,unknown,A_binary_public_exact_link
HPGP_GLOBAL,HON-025,clarithromycin,,,,mg/L,centralized phenotyping; exact per-isolate MIC not in code snapshot,see publication,see publication,publication-defined,under audit,S,,unknown,A_binary_public_exact_link
HPGP_GLOBAL,HON-025,levofloxacin,,,,mg/L,centralized phenotyping; exact per-isolate MIC not in code snapshot,see publication,see publication,publication-defined,under audit,S,,unknown,A_binary_public_exact_link
HPGP_GLOBAL,HON-027,clarithromycin,,,,mg/L,centralized phenotyping; exact per-isolate MIC not in code snapshot,see publication,see publication,publication-defined,under audit,S,,unknown,A_binary_public_exact_link
HPGP_GLOBAL,HON-027,levofloxacin,,,,mg/L,centralized phenotyping; exact per-isolate MIC not in code snapshot,see publication,see publication,publication-defined,under audit,S,,unknown,A_binary_public_exact_link
HPGP_GLOBAL,IND-005,clarithromycin,,,,mg/L,centralized phenotyping; exact per-isolate MIC not in code snapshot,see publication,see publication,publication-defined,under audit,S,,unknown,A_binary_public_exact_link
HPGP_GLOBAL,IND-005,levofloxacin,,,,mg/L,centralized phenotyping; exact per-isolate MIC not in code snapshot,see publication,see publication,publication-defined,under audit,R,,unknown,A_binary_public_exact_link
HPGP_GLOBAL,IND-006,clarithromycin,,,,mg/L,centralized phenotyping; exact per-isolate MIC not in code snapshot,see publication,see publication,publication-defined,under audit,S,,unknown,A_binary_public_exact_link
HPGP_GLOBAL,IND-006,levofloxacin,,,,mg/L,centralized phenotyping; exact per-isolate MIC not in code snapshot,see publication,see publication,publication-defined,under audit,R,,unknown,A_binary_public_exact_link
HPGP_GLOBAL,IND-007,clarithromycin,,,,mg/L,centralized phenotyping; exact per-isolate MIC not in code snapshot,see publication,see publication,publication-defined,under audit,S,,unknown,A_binary_public_exact_link
HPGP_GLOBAL,IND-007,levofloxacin,,,,mg/L,centralized phenotyping; exact per-isolate MIC not in code snapshot,see publication,see publication,publication-defined,under audit,R,,unknown,A_binary_public_exact_link
HPGP_GLOBAL,IND-008,clarithromycin,,,,mg/L,centralized phenotyping; exact per-isolate MIC not in code snapshot,see publication,see publication,publication-defined,under audit,S,,unknown,A_binary_public_exact_link
HPGP_GLOBAL,IND-008,levofloxacin,,,,mg/L,centralized phenotyping; exact per-isolate MIC not in code snapshot,see publication,see publication,publication-defined,under audit,R,,unknown,A_binary_public_exact_link
HPGP_GLOBAL,IND-009,clarithromycin,,,,mg/L,centralized phenotyping; exact per-isolate MIC not in code snapshot,see publication,see publication,publication-defined,under audit,S,,unknown,A_binary_public_exact_link
HPGP_GLOBAL,IND-009,levofloxacin,,,,mg/L,centralized phenotyping; exact per-isolate MIC not in code snapshot,see publication,see publication,publication-defined,under audit,S,,unknown,A_binary_public_exact_link
HPGP_GLOBAL,ISL-002,clarithromycin,,,,mg/L,centralized phenotyping; exact per-isolate MIC not in code snapshot,see publication,see publication,publication-defined,under audit,S,,unknown,A_binary_public_exact_link
HPGP_GLOBAL,ISL-002,levofloxacin,,,,mg/L,centralized phenotyping; exact per-isolate MIC not in code snapshot,see publication,see publication,publication-defined,under audit,S,,unknown,A_binary_public_exact_link
HPGP_GLOBAL,ISL-004,clarithromycin,,,,mg/L,centralized phenotyping; exact per-isolate MIC not in code snapshot,see publication,see publication,publication-defined,under audit,S,,unknown,A_binary_public_exact_link
HPGP_GLOBAL,ISL-004,levofloxacin,,,,mg/L,centralized phenotyping; exact per-isolate MIC not in code snapshot,see publication,see publication,publication-defined,under audit,S,,unknown,A_binary_public_exact_link
HPGP_GLOBAL,ISL-005,clarithromycin,,,,mg/L,centralized phenotyping; exact per-isolate MIC not in code snapshot,see publication,see publication,publication-defined,under audit,S,,unknown,A_binary_public_exact_link
HPGP_GLOBAL,ISL-005,levofloxacin,,,,mg/L,centralized phenotyping; exact per-isolate MIC not in code snapshot,see publication,see publication,publication-defined,under audit,S,,unknown,A_binary_public_exact_link
HPGP_GLOBAL,ISL-007,clarithromycin,,,,mg/L,centralized phenotyping; exact per-isolate MIC not in code snapshot,see publication,see publication,publication-defined,under audit,S,,unknown,A_binary_public_exact_link
HPGP_GLOBAL,ISL-007,levofloxacin,,,,mg/L,centralized phenotyping; exact per-isolate MIC not in code snapshot,see publication,see publication,publication-defined,under audit,S,,unknown,A_binary_public_exact_link
HPGP_GLOBAL,ISL-009,clarithromycin,,,,mg/L,centralized phenotyping; exact per-isolate MIC not in code snapshot,see publication,see publication,publication-defined,under audit,S,,unknown,A_binary_public_exact_link
HPGP_GLOBAL,ISL-009,levofloxacin,,,,mg/L,centralized phenotyping; exact per-isolate MIC not in code snapshot,see publication,see publication,publication-defined,under audit,S,,unknown,A_binary_public_exact_link
HPGP_GLOBAL,ISR-002,clarithromycin,,,,mg/L,centralized phenotyping; exact per-isolate MIC not in code snapshot,see publication,see publication,publication-defined,under audit,R,,unknown,A_binary_public_exact_link
HPGP_GLOBAL,ISR-002,levofloxacin,,,,mg/L,centralized phenotyping; exact per-isolate MIC not in code snapshot,see publication,see publication,publication-defined,under audit,S,,unknown,A_binary_public_exact_link
HPGP_GLOBAL,ISR-003,clarithromycin,,,,mg/L,centralized phenotyping; exact per-isolate MIC not in code snapshot,see publication,see publication,publication-defined,under audit,R,,unknown,A_binary_public_exact_link
HPGP_GLOBAL,ISR-003,levofloxacin,,,,mg/L,centralized phenotyping; exact per-isolate MIC not in code snapshot,see publication,see publication,publication-defined,under audit,R,,unknown,A_binary_public_exact_link
HPGP_GLOBAL,ISR-004,clarithromycin,,,,mg/L,centralized phenotyping; exact per-isolate MIC not in code snapshot,see publication,see publication,publication-defined,under audit,S,,unknown,A_binary_public_exact_link
HPGP_GLOBAL,ISR-004,levofloxacin,,,,mg/L,centralized phenotyping; exact per-isolate MIC not in code snapshot,see publication,see publication,publication-defined,under audit,S,,unknown,A_binary_public_exact_link
HPGP_GLOBAL,ISR-006,clarithromycin,,,,mg/L,centralized phenotyping; exact per-isolate MIC not in code snapshot,see publication,see publication,publication-defined,under audit,R,,unknown,A_binary_public_exact_link
HPGP_GLOBAL,ISR-006,levofloxacin,,,,mg/L,centralized phenotyping; exact per-isolate MIC not in code snapshot,see publication,see publication,publication-defined,under audit,S,,unknown,A_binary_public_exact_link
HPGP_GLOBAL,ISR-007,clarithromycin,,,,mg/L,centralized phenotyping; exact per-isolate MIC not in code snapshot,see publication,see publication,publication-defined,under audit,R,,unknown,A_binary_public_exact_link
HPGP_GLOBAL,ISR-007,levofloxacin,,,,mg/L,centralized phenotyping; exact per-isolate MIC not in code snapshot,see publication,see publication,publication-defined,under audit,S,,unknown,A_binary_public_exact_link
HPGP_GLOBAL,ISR-008,clarithromycin,,,,mg/L,centralized phenotyping; exact per-isolate MIC not in code snapshot,see publication,see publication,publication-defined,under audit,R,,unknown,A_binary_public_exact_link
HPGP_GLOBAL,ISR-008,levofloxacin,,,,mg/L,centralized phenotyping; exact per-isolate MIC not in code snapshot,see publication,see publication,publication-defined,under audit,S,,unknown,A_binary_public_exact_link
HPGP_GLOBAL,ISR-009,clarithromycin,,,,mg/L,centralized phenotyping; exact per-isolate MIC not in code snapshot,see publication,see publication,publication-defined,under audit,R,,unknown,A_binary_public_exact_link
HPGP_GLOBAL,ISR-009,levofloxacin,,,,mg/L,centralized phenotyping; exact per-isolate MIC not in code snapshot,see publication,see publication,publication-defined,under audit,S,,unknown,A_binary_public_exact_link
HPGP_GLOBAL,ISR-010,clarithromycin,,,,mg/L,centralized phenotyping; exact per-isolate MIC not in code snapshot,see publication,see publication,publication-defined,under audit,R,,unknown,A_binary_public_exact_link
HPGP_GLOBAL,ISR-010,levofloxacin,,,,mg/L,centralized phenotyping; exact per-isolate MIC not in code snapshot,see publication,see publication,publication-defined,under audit,S,,unknown,A_binary_public_exact_link
HPGP_GLOBAL,ITA-002,clarithromycin,,,,mg/L,centralized phenotyping; exact per-isolate MIC not in code snapshot,see publication,see publication,publication-defined,under audit,R,,unknown,A_binary_public_exact_link
HPGP_GLOBAL,ITA-002,levofloxacin,,,,mg/L,centralized phenotyping; exact per-isolate MIC not in code snapshot,see publication,see publication,publication-defined,under audit,S,,unknown,A_binary_public_exact_link
HPGP_GLOBAL,ITA-003,clarithromycin,,,,mg/L,centralized phenotyping; exact per-isolate MIC not in code snapshot,see publication,see publication,publication-defined,under audit,R,,unknown,A_binary_public_exact_link
HPGP_GLOBAL,ITA-003,levofloxacin,,,,mg/L,centralized phenotyping; exact per-isolate MIC not in code snapshot,see publication,see publication,publication-defined,under audit,R,,unknown,A_binary_public_exact_link
HPGP_GLOBAL,ITA-004,clarithromycin,,,,mg/L,centralized phenotyping; exact per-isolate MIC not in code snapshot,see publication,see publication,publication-defined,under audit,R,,unknown,A_binary_public_exact_link
HPGP_GLOBAL,ITA-004,levofloxacin,,,,mg/L,centralized phenotyping; exact per-isolate MIC not in code snapshot,see publication,see publication,publication-defined,under audit,S,,unknown,A_binary_public_exact_link
HPGP_GLOBAL,ITA-006,clarithromycin,,,,mg/L,centralized phenotyping; exact per-isolate MIC not in code snapshot,see publication,see publication,publication-defined,under audit,S,,unknown,A_binary_public_exact_link
HPGP_GLOBAL,ITA-006,levofloxacin,,,,mg/L,centralized phenotyping; exact per-isolate MIC not in code snapshot,see publication,see publication,publication-defined,under audit,R,,unknown,A_binary_public_exact_link
HPGP_GLOBAL,ITA-007,clarithromycin,,,,mg/L,centralized phenotyping; exact per-isolate MIC not in code snapshot,see publication,see publication,publication-defined,under audit,S,,unknown,A_binary_public_exact_link
HPGP_GLOBAL,ITA-007,levofloxacin,,,,mg/L,centralized phenotyping; exact per-isolate MIC not in code snapshot,see publication,see publication,publication-defined,under audit,R,,unknown,A_binary_public_exact_link
HPGP_GLOBAL,ITA-008,clarithromycin,,,,mg/L,centralized phenotyping; exact per-isolate MIC not in code snapshot,see publication,see publication,publication-defined,under audit,S,,unknown,A_binary_public_exact_link
HPGP_GLOBAL,ITA-008,levofloxacin,,,,mg/L,centralized phenotyping; exact per-isolate MIC not in code snapshot,see publication,see publication,publication-defined,under audit,S,,unknown,A_binary_public_exact_link
HPGP_GLOBAL,ITA-009,clarithromycin,,,,mg/L,centralized phenotyping; exact per-isolate MIC not in code snapshot,see publication,see publication,publication-defined,under audit,R,,unknown,A_binary_public_exact_link
HPGP_GLOBAL,ITA-009,levofloxacin,,,,mg/L,centralized phenotyping; exact per-isolate MIC not in code snapshot,see publication,see publication,publication-defined,under audit,R,,unknown,A_binary_public_exact_link
HPGP_GLOBAL,ITA-011,clarithromycin,,,,mg/L,centralized phenotyping; exact per-isolate MIC not in code snapshot,see publication,see publication,publication-defined,under audit,R,,unknown,A_binary_public_exact_link
HPGP_GLOBAL,ITA-011,levofloxacin,,,,mg/L,centralized phenotyping; exact per-isolate MIC not in code snapshot,see publication,see publication,publication-defined,under audit,R,,unknown,A_binary_public_exact_link
HPGP_GLOBAL,ITA-012,clarithromycin,,,,mg/L,centralized phenotyping; exact per-isolate MIC not in code snapshot,see publication,see publication,publication-defined,under audit,S,,unknown,A_binary_public_exact_link
HPGP_GLOBAL,ITA-012,levofloxacin,,,,mg/L,centralized phenotyping; exact per-isolate MIC not in code snapshot,see publication,see publication,publication-defined,under audit,R,,unknown,A_binary_public_exact_link
HPGP_GLOBAL,ITA-013,clarithromycin,,,,mg/L,centralized phenotyping; exact per-isolate MIC not in code snapshot,see publication,see publication,publication-defined,under audit,R,,unknown,A_binary_public_exact_link
HPGP_GLOBAL,ITA-013,levofloxacin,,,,mg/L,centralized phenotyping; exact per-isolate MIC not in code snapshot,see publication,see publication,publication-defined,under audit,S,,unknown,A_binary_public_exact_link
HPGP_GLOBAL,ITA-015,clarithromycin,,,,mg/L,centralized phenotyping; exact per-isolate MIC not in code snapshot,see publication,see publication,publication-defined,under audit,S,,unknown,A_binary_public_exact_link
HPGP_GLOBAL,ITA-015,levofloxacin,,,,mg/L,centralized phenotyping; exact per-isolate MIC not in code snapshot,see publication,see publication,publication-defined,under audit,R,,unknown,A_binary_public_exact_link
HPGP_GLOBAL,ITA-016,clarithromycin,,,,mg/L,centralized phenotyping; exact per-isolate MIC not in code snapshot,see publication,see publication,publication-defined,under audit,R,,unknown,A_binary_public_exact_link
HPGP_GLOBAL,ITA-016,levofloxacin,,,,mg/L,centralized phenotyping; exact per-isolate MIC not in code snapshot,see publication,see publication,publication-defined,under audit,R,,unknown,A_binary_public_exact_link
HPGP_GLOBAL,ITA-022,clarithromycin,,,,mg/L,centralized phenotyping; exact per-isolate MIC not in code snapshot,see publication,see publication,publication-defined,under audit,S,,unknown,A_binary_public_exact_link
HPGP_GLOBAL,ITA-022,levofloxacin,,,,mg/L,centralized phenotyping; exact per-isolate MIC not in code snapshot,see publication,see publication,publication-defined,under audit,R,,unknown,A_binary_public_exact_link
HPGP_GLOBAL,ITA-026,clarithromycin,,,,mg/L,centralized phenotyping; exact per-isolate MIC not in code snapshot,see publication,see publication,publication-defined,under audit,S,,unknown,A_binary_public_exact_link
HPGP_GLOBAL,ITA-026,levofloxacin,,,,mg/L,centralized phenotyping; exact per-isolate MIC not in code snapshot,see publication,see publication,publication-defined,under audit,R,,unknown,A_binary_public_exact_link
HPGP_GLOBAL,ITA-027,clarithromycin,,,,mg/L,centralized phenotyping; exact per-isolate MIC not in code snapshot,see publication,see publication,publication-defined,under audit,R,,unknown,A_binary_public_exact_link
HPGP_GLOBAL,ITA-027,levofloxacin,,,,mg/L,centralized phenotyping; exact per-isolate MIC not in code snapshot,see publication,see publication,publication-defined,under audit,R,,unknown,A_binary_public_exact_link
HPGP_GLOBAL,ITA-028,clarithromycin,,,,mg/L,centralized phenotyping; exact per-isolate MIC not in code snapshot,see publication,see publication,publication-defined,under audit,S,,unknown,A_binary_public_exact_link
HPGP_GLOBAL,ITA-028,levofloxacin,,,,mg/L,centralized phenotyping; exact per-isolate MIC not in code snapshot,see publication,see publication,publication-defined,under audit,R,,unknown,A_binary_public_exact_link
HPGP_GLOBAL,ITA-030,clarithromycin,,,,mg/L,centralized phenotyping; exact per-isolate MIC not in code snapshot,see publication,see publication,publication-defined,under audit,S,,unknown,A_binary_public_exact_link
HPGP_GLOBAL,ITA-030,levofloxacin,,,,mg/L,centralized phenotyping; exact per-isolate MIC not in code snapshot,see publication,see publication,publication-defined,under audit,R,,unknown,A_binary_public_exact_link
HPGP_GLOBAL,JAP-002,clarithromycin,,,,mg/L,centralized phenotyping; exact per-isolate MIC not in code snapshot,see publication,see publication,publication-defined,under audit,S,,unknown,A_binary_public_exact_link
HPGP_GLOBAL,JAP-002,levofloxacin,,,,mg/L,centralized phenotyping; exact per-isolate MIC not in code snapshot,see publication,see publication,publication-defined,under audit,S,,unknown,A_binary_public_exact_link
HPGP_GLOBAL,JAP-009,clarithromycin,,,,mg/L,centralized phenotyping; exact per-isolate MIC not in code snapshot,see publication,see publication,publication-defined,under audit,R,,unknown,A_binary_public_exact_link
HPGP_GLOBAL,JAP-009,levofloxacin,,,,mg/L,centralized phenotyping; exact per-isolate MIC not in code snapshot,see publication,see publication,publication-defined,under audit,R,,unknown,A_binary_public_exact_link
HPGP_GLOBAL,JAP-010,clarithromycin,,,,mg/L,centralized phenotyping; exact per-isolate MIC not in code snapshot,see publication,see publication,publication-defined,under audit,S,,unknown,A_binary_public_exact_link
HPGP_GLOBAL,JAP-010,levofloxacin,,,,mg/L,centralized phenotyping; exact per-isolate MIC not in code snapshot,see publication,see publication,publication-defined,under audit,S,,unknown,A_binary_public_exact_link
HPGP_GLOBAL,JAP-012,clarithromycin,,,,mg/L,centralized phenotyping; exact per-isolate MIC not in code snapshot,see publication,see publication,publication-defined,under audit,S,,unknown,A_binary_public_exact_link
HPGP_GLOBAL,JAP-012,levofloxacin,,,,mg/L,centralized phenotyping; exact per-isolate MIC not in code snapshot,see publication,see publication,publication-defined,under audit,S,,unknown,A_binary_public_exact_link
HPGP_GLOBAL,JAP-013,clarithromycin,,,,mg/L,centralized phenotyping; exact per-isolate MIC not in code snapshot,see publication,see publication,publication-defined,under audit,R,,unknown,A_binary_public_exact_link
HPGP_GLOBAL,JAP-013,levofloxacin,,,,mg/L,centralized phenotyping; exact per-isolate MIC not in code snapshot,see publication,see publication,publication-defined,under audit,S,,unknown,A_binary_public_exact_link
HPGP_GLOBAL,JAP-015,clarithromycin,,,,mg/L,centralized phenotyping; exact per-isolate MIC not in code snapshot,see publication,see publication,publication-defined,under audit,R,,unknown,A_binary_public_exact_link
HPGP_GLOBAL,JAP-015,levofloxacin,,,,mg/L,centralized phenotyping; exact per-isolate MIC not in code snapshot,see publication,see publication,publication-defined,under audit,R,,unknown,A_binary_public_exact_link
HPGP_GLOBAL,JAP-019,clarithromycin,,,,mg/L,centralized phenotyping; exact per-isolate MIC not in code snapshot,see publication,see publication,publication-defined,under audit,R,,unknown,A_binary_public_exact_link
HPGP_GLOBAL,JAP-019,levofloxacin,,,,mg/L,centralized phenotyping; exact per-isolate MIC not in code snapshot,see publication,see publication,publication-defined,under audit,R,,unknown,A_binary_public_exact_link
HPGP_GLOBAL,JAP-022,clarithromycin,,,,mg/L,centralized phenotyping; exact per-isolate MIC not in code snapshot,see publication,see publication,publication-defined,under audit,R,,unknown,A_binary_public_exact_link
HPGP_GLOBAL,JAP-022,levofloxacin,,,,mg/L,centralized phenotyping; exact per-isolate MIC not in code snapshot,see publication,see publication,publication-defined,under audit,R,,unknown,A_binary_public_exact_link
HPGP_GLOBAL,JAP-028,clarithromycin,,,,mg/L,centralized phenotyping; exact per-isolate MIC not in code snapshot,see publication,see publication,publication-defined,under audit,R,,unknown,A_binary_public_exact_link
HPGP_GLOBAL,JAP-028,levofloxacin,,,,mg/L,centralized phenotyping; exact per-isolate MIC not in code snapshot,see publication,see publication,publication-defined,under audit,R,,unknown,A_binary_public_exact_link
HPGP_GLOBAL,JOR-004,clarithromycin,,,,mg/L,centralized phenotyping; exact per-isolate MIC not in code snapshot,see publication,see publication,publication-defined,under audit,S,,unknown,A_binary_public_exact_link
HPGP_GLOBAL,JOR-004,levofloxacin,,,,mg/L,centralized phenotyping; exact per-isolate MIC not in code snapshot,see publication,see publication,publication-defined,under audit,S,,unknown,A_binary_public_exact_link
HPGP_GLOBAL,JOR-005,clarithromycin,,,,mg/L,centralized phenotyping; exact per-isolate MIC not in code snapshot,see publication,see publication,publication-defined,under audit,S,,unknown,A_binary_public_exact_link
HPGP_GLOBAL,JOR-005,levofloxacin,,,,mg/L,centralized phenotyping; exact per-isolate MIC not in code snapshot,see publication,see publication,publication-defined,under audit,R,,unknown,A_binary_public_exact_link
HPGP_GLOBAL,JOR-006,clarithromycin,,,,mg/L,centralized phenotyping; exact per-isolate MIC not in code snapshot,see publication,see publication,publication-defined,under audit,S,,unknown,A_binary_public_exact_link
HPGP_GLOBAL,JOR-006,levofloxacin,,,,mg/L,centralized phenotyping; exact per-isolate MIC not in code snapshot,see publication,see publication,publication-defined,under audit,S,,unknown,A_binary_public_exact_link
HPGP_GLOBAL,JOR-007,clarithromycin,,,,mg/L,centralized phenotyping; exact per-isolate MIC not in code snapshot,see publication,see publication,publication-defined,under audit,S,,unknown,A_binary_public_exact_link
HPGP_GLOBAL,JOR-007,levofloxacin,,,,mg/L,centralized phenotyping; exact per-isolate MIC not in code snapshot,see publication,see publication,publication-defined,under audit,S,,unknown,A_binary_public_exact_link
HPGP_GLOBAL,JOR-009,clarithromycin,,,,mg/L,centralized phenotyping; exact per-isolate MIC not in code snapshot,see publication,see publication,publication-defined,under audit,R,,unknown,A_binary_public_exact_link
HPGP_GLOBAL,JOR-009,levofloxacin,,,,mg/L,centralized phenotyping; exact per-isolate MIC not in code snapshot,see publication,see publication,publication-defined,under audit,S,,unknown,A_binary_public_exact_link
HPGP_GLOBAL,KAZ-001,clarithromycin,,,,mg/L,centralized phenotyping; exact per-isolate MIC not in code snapshot,see publication,see publication,publication-defined,under audit,S,,unknown,A_binary_public_exact_link
HPGP_GLOBAL,KAZ-001,levofloxacin,,,,mg/L,centralized phenotyping; exact per-isolate MIC not in code snapshot,see publication,see publication,publication-defined,under audit,S,,unknown,A_binary_public_exact_link
HPGP_GLOBAL,KGZ-001,clarithromycin,,,,mg/L,centralized phenotyping; exact per-isolate MIC not in code snapshot,see publication,see publication,publication-defined,under audit,S,,unknown,A_binary_public_exact_link
HPGP_GLOBAL,KGZ-001,levofloxacin,,,,mg/L,centralized phenotyping; exact per-isolate MIC not in code snapshot,see publication,see publication,publication-defined,under audit,S,,unknown,A_binary_public_exact_link
HPGP_GLOBAL,KGZ-004,clarithromycin,,,,mg/L,centralized phenotyping; exact per-isolate MIC not in code snapshot,see publication,see publication,publication-defined,under audit,S,,unknown,A_binary_public_exact_link
HPGP_GLOBAL,KGZ-004,levofloxacin,,,,mg/L,centralized phenotyping; exact per-isolate MIC not in code snapshot,see publication,see publication,publication-defined,under audit,S,,unknown,A_binary_public_exact_link
HPGP_GLOBAL,KGZ-009,clarithromycin,,,,mg/L,centralized phenotyping; exact per-isolate MIC not in code snapshot,see publication,see publication,publication-defined,under audit,S,,unknown,A_binary_public_exact_link
HPGP_GLOBAL,KGZ-009,levofloxacin,,,,mg/L,centralized phenotyping; exact per-isolate MIC not in code snapshot,see publication,see publication,publication-defined,under audit,R,,unknown,A_binary_public_exact_link
HPGP_GLOBAL,KGZ-010,clarithromycin,,,,mg/L,centralized phenotyping; exact per-isolate MIC not in code snapshot,see publication,see publication,publication-defined,under audit,S,,unknown,A_binary_public_exact_link
HPGP_GLOBAL,KGZ-010,levofloxacin,,,,mg/L,centralized phenotyping; exact per-isolate MIC not in code snapshot,see publication,see publication,publication-defined,under audit,S,,unknown,A_binary_public_exact_link
HPGP_GLOBAL,KOR-002,clarithromycin,,,,mg/L,centralized phenotyping; exact per-isolate MIC not in code snapshot,see publication,see publication,publication-defined,under audit,S,,unknown,A_binary_public_exact_link
HPGP_GLOBAL,KOR-002,levofloxacin,,,,mg/L,centralized phenotyping; exact per-isolate MIC not in code snapshot,see publication,see publication,publication-defined,under audit,S,,unknown,A_binary_public_exact_link
HPGP_GLOBAL,KOR-007,clarithromycin,,,,mg/L,centralized phenotyping; exact per-isolate MIC not in code snapshot,see publication,see publication,publication-defined,under audit,S,,unknown,A_binary_public_exact_link
HPGP_GLOBAL,KOR-007,levofloxacin,,,,mg/L,centralized phenotyping; exact per-isolate MIC not in code snapshot,see publication,see publication,publication-defined,under audit,R,,unknown,A_binary_public_exact_link
HPGP_GLOBAL,KOR-008,clarithromycin,,,,mg/L,centralized phenotyping; exact per-isolate MIC not in code snapshot,see publication,see publication,publication-defined,under audit,R,,unknown,A_binary_public_exact_link
HPGP_GLOBAL,KOR-008,levofloxacin,,,,mg/L,centralized phenotyping; exact per-isolate MIC not in code snapshot,see publication,see publication,publication-defined,under audit,S,,unknown,A_binary_public_exact_link
HPGP_GLOBAL,KOR-010,clarithromycin,,,,mg/L,centralized phenotyping; exact per-isolate MIC not in code snapshot,see publication,see publication,publication-defined,under audit,S,,unknown,A_binary_public_exact_link
HPGP_GLOBAL,KOR-010,levofloxacin,,,,mg/L,centralized phenotyping; exact per-isolate MIC not in code snapshot,see publication,see publication,publication-defined,under audit,R,,unknown,A_binary_public_exact_link
HPGP_GLOBAL,KOR-013,clarithromycin,,,,mg/L,centralized phenotyping; exact per-isolate MIC not in code snapshot,see publication,see publication,publication-defined,under audit,S,,unknown,A_binary_public_exact_link
HPGP_GLOBAL,KOR-013,levofloxacin,,,,mg/L,centralized phenotyping; exact per-isolate MIC not in code snapshot,see publication,see publication,publication-defined,under audit,S,,unknown,A_binary_public_exact_link
HPGP_GLOBAL,KOR-014,clarithromycin,,,,mg/L,centralized phenotyping; exact per-isolate MIC not in code snapshot,see publication,see publication,publication-defined,under audit,R,,unknown,A_binary_public_exact_link
HPGP_GLOBAL,KOR-014,levofloxacin,,,,mg/L,centralized phenotyping; exact per-isolate MIC not in code snapshot,see publication,see publication,publication-defined,under audit,R,,unknown,A_binary_public_exact_link
HPGP_GLOBAL,KOR-019,clarithromycin,,,,mg/L,centralized phenotyping; exact per-isolate MIC not in code snapshot,see publication,see publication,publication-defined,under audit,R,,unknown,A_binary_public_exact_link
HPGP_GLOBAL,KOR-019,levofloxacin,,,,mg/L,centralized phenotyping; exact per-isolate MIC not in code snapshot,see publication,see publication,publication-defined,under audit,S,,unknown,A_binary_public_exact_link
HPGP_GLOBAL,KOR-022,clarithromycin,,,,mg/L,centralized phenotyping; exact per-isolate MIC not in code snapshot,see publication,see publication,publication-defined,under audit,S,,unknown,A_binary_public_exact_link
HPGP_GLOBAL,KOR-022,levofloxacin,,,,mg/L,centralized phenotyping; exact per-isolate MIC not in code snapshot,see publication,see publication,publication-defined,under audit,S,,unknown,A_binary_public_exact_link
HPGP_GLOBAL,KOR-027,clarithromycin,,,,mg/L,centralized phenotyping; exact per-isolate MIC not in code snapshot,see publication,see publication,publication-defined,under audit,S,,unknown,A_binary_public_exact_link
HPGP_GLOBAL,KOR-027,levofloxacin,,,,mg/L,centralized phenotyping; exact per-isolate MIC not in code snapshot,see publication,see publication,publication-defined,under audit,S,,unknown,A_binary_public_exact_link
HPGP_GLOBAL,KOR-028,clarithromycin,,,,mg/L,centralized phenotyping; exact per-isolate MIC not in code snapshot,see publication,see publication,publication-defined,under audit,S,,unknown,A_binary_public_exact_link
HPGP_GLOBAL,KOR-028,levofloxacin,,,,mg/L,centralized phenotyping; exact per-isolate MIC not in code snapshot,see publication,see publication,publication-defined,under audit,S,,unknown,A_binary_public_exact_link
HPGP_GLOBAL,KOR-036,clarithromycin,,,,mg/L,centralized phenotyping; exact per-isolate MIC not in code snapshot,see publication,see publication,publication-defined,under audit,S,,unknown,A_binary_public_exact_link
HPGP_GLOBAL,KOR-036,levofloxacin,,,,mg/L,centralized phenotyping; exact per-isolate MIC not in code snapshot,see publication,see publication,publication-defined,under audit,S,,unknown,A_binary_public_exact_link
HPGP_GLOBAL,KOR-041,clarithromycin,,,,mg/L,centralized phenotyping; exact per-isolate MIC not in code snapshot,see publication,see publication,publication-defined,under audit,S,,unknown,A_binary_public_exact_link
HPGP_GLOBAL,KOR-041,levofloxacin,,,,mg/L,centralized phenotyping; exact per-isolate MIC not in code snapshot,see publication,see publication,publication-defined,under audit,S,,unknown,A_binary_public_exact_link
HPGP_GLOBAL,KOR-042,clarithromycin,,,,mg/L,centralized phenotyping; exact per-isolate MIC not in code snapshot,see publication,see publication,publication-defined,under audit,R,,unknown,A_binary_public_exact_link
HPGP_GLOBAL,KOR-042,levofloxacin,,,,mg/L,centralized phenotyping; exact per-isolate MIC not in code snapshot,see publication,see publication,publication-defined,under audit,S,,unknown,A_binary_public_exact_link
HPGP_GLOBAL,KOR-044,clarithromycin,,,,mg/L,centralized phenotyping; exact per-isolate MIC not in code snapshot,see publication,see publication,publication-defined,under audit,S,,unknown,A_binary_public_exact_link
HPGP_GLOBAL,KOR-044,levofloxacin,,,,mg/L,centralized phenotyping; exact per-isolate MIC not in code snapshot,see publication,see publication,publication-defined,under audit,R,,unknown,A_binary_public_exact_link
HPGP_GLOBAL,KOR-046,clarithromycin,,,,mg/L,centralized phenotyping; exact per-isolate MIC not in code snapshot,see publication,see publication,publication-defined,under audit,S,,unknown,A_binary_public_exact_link
HPGP_GLOBAL,KOR-046,levofloxacin,,,,mg/L,centralized phenotyping; exact per-isolate MIC not in code snapshot,see publication,see publication,publication-defined,under audit,R,,unknown,A_binary_public_exact_link
HPGP_GLOBAL,KOR-047,clarithromycin,,,,mg/L,centralized phenotyping; exact per-isolate MIC not in code snapshot,see publication,see publication,publication-defined,under audit,R,,unknown,A_binary_public_exact_link
HPGP_GLOBAL,KOR-047,levofloxacin,,,,mg/L,centralized phenotyping; exact per-isolate MIC not in code snapshot,see publication,see publication,publication-defined,under audit,R,,unknown,A_binary_public_exact_link
HPGP_GLOBAL,KOR-049,clarithromycin,,,,mg/L,centralized phenotyping; exact per-isolate MIC not in code snapshot,see publication,see publication,publication-defined,under audit,S,,unknown,A_binary_public_exact_link
HPGP_GLOBAL,KOR-049,levofloxacin,,,,mg/L,centralized phenotyping; exact per-isolate MIC not in code snapshot,see publication,see publication,publication-defined,under audit,S,,unknown,A_binary_public_exact_link
HPGP_GLOBAL,KOR-050,clarithromycin,,,,mg/L,centralized phenotyping; exact per-isolate MIC not in code snapshot,see publication,see publication,publication-defined,under audit,R,,unknown,A_binary_public_exact_link
HPGP_GLOBAL,KOR-050,levofloxacin,,,,mg/L,centralized phenotyping; exact per-isolate MIC not in code snapshot,see publication,see publication,publication-defined,under audit,R,,unknown,A_binary_public_exact_link
HPGP_GLOBAL,KOR-101,clarithromycin,,,,mg/L,centralized phenotyping; exact per-isolate MIC not in code snapshot,see publication,see publication,publication-defined,under audit,S,,unknown,A_binary_public_exact_link
HPGP_GLOBAL,KOR-101,levofloxacin,,,,mg/L,centralized phenotyping; exact per-isolate MIC not in code snapshot,see publication,see publication,publication-defined,under audit,R,,unknown,A_binary_public_exact_link
HPGP_GLOBAL,KOR-105,clarithromycin,,,,mg/L,centralized phenotyping; exact per-isolate MIC not in code snapshot,see publication,see publication,publication-defined,under audit,R,,unknown,A_binary_public_exact_link
HPGP_GLOBAL,KOR-105,levofloxacin,,,,mg/L,centralized phenotyping; exact per-isolate MIC not in code snapshot,see publication,see publication,publication-defined,under audit,R,,unknown,A_binary_public_exact_link
HPGP_GLOBAL,KOR-109,clarithromycin,,,,mg/L,centralized phenotyping; exact per-isolate MIC not in code snapshot,see publication,see publication,publication-defined,under audit,S,,unknown,A_binary_public_exact_link
HPGP_GLOBAL,KOR-109,levofloxacin,,,,mg/L,centralized phenotyping; exact per-isolate MIC not in code snapshot,see publication,see publication,publication-defined,under audit,R,,unknown,A_binary_public_exact_link
HPGP_GLOBAL,KOR-110,clarithromycin,,,,mg/L,centralized phenotyping; exact per-isolate MIC not in code snapshot,see publication,see publication,publication-defined,under audit,S,,unknown,A_binary_public_exact_link
HPGP_GLOBAL,KOR-110,levofloxacin,,,,mg/L,centralized phenotyping; exact per-isolate MIC not in code snapshot,see publication,see publication,publication-defined,under audit,S,,unknown,A_binary_public_exact_link
HPGP_GLOBAL,KOR-116,clarithromycin,,,,mg/L,centralized phenotyping; exact per-isolate MIC not in code snapshot,see publication,see publication,publication-defined,under audit,S,,unknown,A_binary_public_exact_link
HPGP_GLOBAL,KOR-116,levofloxacin,,,,mg/L,centralized phenotyping; exact per-isolate MIC not in code snapshot,see publication,see publication,publication-defined,under audit,S,,unknown,A_binary_public_exact_link
HPGP_GLOBAL,LAT-002,clarithromycin,,,,mg/L,centralized phenotyping; exact per-isolate MIC not in code snapshot,see publication,see publication,publication-defined,under audit,S,,unknown,A_binary_public_exact_link
HPGP_GLOBAL,LAT-002,levofloxacin,,,,mg/L,centralized phenotyping; exact per-isolate MIC not in code snapshot,see publication,see publication,publication-defined,under audit,S,,unknown,A_binary_public_exact_link
HPGP_GLOBAL,LAT-003,clarithromycin,,,,mg/L,centralized phenotyping; exact per-isolate MIC not in code snapshot,see publication,see publication,publication-defined,under audit,S,,unknown,A_binary_public_exact_link
HPGP_GLOBAL,LAT-003,levofloxacin,,,,mg/L,centralized phenotyping; exact per-isolate MIC not in code snapshot,see publication,see publication,publication-defined,under audit,S,,unknown,A_binary_public_exact_link
HPGP_GLOBAL,LAT-009,clarithromycin,,,,mg/L,centralized phenotyping; exact per-isolate MIC not in code snapshot,see publication,see publication,publication-defined,under audit,S,,unknown,A_binary_public_exact_link
HPGP_GLOBAL,LAT-009,levofloxacin,,,,mg/L,centralized phenotyping; exact per-isolate MIC not in code snapshot,see publication,see publication,publication-defined,under audit,S,,unknown,A_binary_public_exact_link
HPGP_GLOBAL,LAT-014,clarithromycin,,,,mg/L,centralized phenotyping; exact per-isolate MIC not in code snapshot,see publication,see publication,publication-defined,under audit,S,,unknown,A_binary_public_exact_link
HPGP_GLOBAL,LAT-014,levofloxacin,,,,mg/L,centralized phenotyping; exact per-isolate MIC not in code snapshot,see publication,see publication,publication-defined,under audit,S,,unknown,A_binary_public_exact_link
HPGP_GLOBAL,LAT-015,clarithromycin,,,,mg/L,centralized phenotyping; exact per-isolate MIC not in code snapshot,see publication,see publication,publication-defined,under audit,S,,unknown,A_binary_public_exact_link
HPGP_GLOBAL,LAT-015,levofloxacin,,,,mg/L,centralized phenotyping; exact per-isolate MIC not in code snapshot,see publication,see publication,publication-defined,under audit,R,,unknown,A_binary_public_exact_link
HPGP_GLOBAL,LAT-017,clarithromycin,,,,mg/L,centralized phenotyping; exact per-isolate MIC not in code snapshot,see publication,see publication,publication-defined,under audit,S,,unknown,A_binary_public_exact_link
HPGP_GLOBAL,LAT-017,levofloxacin,,,,mg/L,centralized phenotyping; exact per-isolate MIC not in code snapshot,see publication,see publication,publication-defined,under audit,S,,unknown,A_binary_public_exact_link
HPGP_GLOBAL,LAT-018,clarithromycin,,,,mg/L,centralized phenotyping; exact per-isolate MIC not in code snapshot,see publication,see publication,publication-defined,under audit,S,,unknown,A_binary_public_exact_link
HPGP_GLOBAL,LAT-018,levofloxacin,,,,mg/L,centralized phenotyping; exact per-isolate MIC not in code snapshot,see publication,see publication,publication-defined,under audit,S,,unknown,A_binary_public_exact_link
HPGP_GLOBAL,LAT-019,clarithromycin,,,,mg/L,centralized phenotyping; exact per-isolate MIC not in code snapshot,see publication,see publication,publication-defined,under audit,S,,unknown,A_binary_public_exact_link
HPGP_GLOBAL,LAT-019,levofloxacin,,,,mg/L,centralized phenotyping; exact per-isolate MIC not in code snapshot,see publication,see publication,publication-defined,under audit,S,,unknown,A_binary_public_exact_link
HPGP_GLOBAL,LAT-021,clarithromycin,,,,mg/L,centralized phenotyping; exact per-isolate MIC not in code snapshot,see publication,see publication,publication-defined,under audit,S,,unknown,A_binary_public_exact_link
HPGP_GLOBAL,LAT-021,levofloxacin,,,,mg/L,centralized phenotyping; exact per-isolate MIC not in code snapshot,see publication,see publication,publication-defined,under audit,S,,unknown,A_binary_public_exact_link
HPGP_GLOBAL,LAT-023,clarithromycin,,,,mg/L,centralized phenotyping; exact per-isolate MIC not in code snapshot,see publication,see publication,publication-defined,under audit,S,,unknown,A_binary_public_exact_link
HPGP_GLOBAL,LAT-023,levofloxacin,,,,mg/L,centralized phenotyping; exact per-isolate MIC not in code snapshot,see publication,see publication,publication-defined,under audit,S,,unknown,A_binary_public_exact_link
HPGP_GLOBAL,LAT-024,clarithromycin,,,,mg/L,centralized phenotyping; exact per-isolate MIC not in code snapshot,see publication,see publication,publication-defined,under audit,R,,unknown,A_binary_public_exact_link
HPGP_GLOBAL,LAT-024,levofloxacin,,,,mg/L,centralized phenotyping; exact per-isolate MIC not in code snapshot,see publication,see publication,publication-defined,under audit,S,,unknown,A_binary_public_exact_link
HPGP_GLOBAL,LAT-026,clarithromycin,,,,mg/L,centralized phenotyping; exact per-isolate MIC not in code snapshot,see publication,see publication,publication-defined,under audit,S,,unknown,A_binary_public_exact_link
HPGP_GLOBAL,LAT-026,levofloxacin,,,,mg/L,centralized phenotyping; exact per-isolate MIC not in code snapshot,see publication,see publication,publication-defined,under audit,S,,unknown,A_binary_public_exact_link
HPGP_GLOBAL,LAT-027,clarithromycin,,,,mg/L,centralized phenotyping; exact per-isolate MIC not in code snapshot,see publication,see publication,publication-defined,under audit,S,,unknown,A_binary_public_exact_link
HPGP_GLOBAL,LAT-027,levofloxacin,,,,mg/L,centralized phenotyping; exact per-isolate MIC not in code snapshot,see publication,see publication,publication-defined,under audit,S,,unknown,A_binary_public_exact_link
HPGP_GLOBAL,LAT-029,clarithromycin,,,,mg/L,centralized phenotyping; exact per-isolate MIC not in code snapshot,see publication,see publication,publication-defined,under audit,S,,unknown,A_binary_public_exact_link
HPGP_GLOBAL,LAT-029,levofloxacin,,,,mg/L,centralized phenotyping; exact per-isolate MIC not in code snapshot,see publication,see publication,publication-defined,under audit,S,,unknown,A_binary_public_exact_link
HPGP_GLOBAL,LIT-001,clarithromycin,,,,mg/L,centralized phenotyping; exact per-isolate MIC not in code snapshot,see publication,see publication,publication-defined,under audit,S,,unknown,A_binary_public_exact_link
HPGP_GLOBAL,LIT-001,levofloxacin,,,,mg/L,centralized phenotyping; exact per-isolate MIC not in code snapshot,see publication,see publication,publication-defined,under audit,S,,unknown,A_binary_public_exact_link
HPGP_GLOBAL,LIT-003,clarithromycin,,,,mg/L,centralized phenotyping; exact per-isolate MIC not in code snapshot,see publication,see publication,publication-defined,under audit,R,,unknown,A_binary_public_exact_link
HPGP_GLOBAL,LIT-003,levofloxacin,,,,mg/L,centralized phenotyping; exact per-isolate MIC not in code snapshot,see publication,see publication,publication-defined,under audit,S,,unknown,A_binary_public_exact_link
HPGP_GLOBAL,LIT-006,clarithromycin,,,,mg/L,centralized phenotyping; exact per-isolate MIC not in code snapshot,see publication,see publication,publication-defined,under audit,S,,unknown,A_binary_public_exact_link
HPGP_GLOBAL,LIT-006,levofloxacin,,,,mg/L,centralized phenotyping; exact per-isolate MIC not in code snapshot,see publication,see publication,publication-defined,under audit,S,,unknown,A_binary_public_exact_link
HPGP_GLOBAL,LIT-008,clarithromycin,,,,mg/L,centralized phenotyping; exact per-isolate MIC not in code snapshot,see publication,see publication,publication-defined,under audit,R,,unknown,A_binary_public_exact_link
HPGP_GLOBAL,LIT-008,levofloxacin,,,,mg/L,centralized phenotyping; exact per-isolate MIC not in code snapshot,see publication,see publication,publication-defined,under audit,S,,unknown,A_binary_public_exact_link
HPGP_GLOBAL,LIT-010,clarithromycin,,,,mg/L,centralized phenotyping; exact per-isolate MIC not in code snapshot,see publication,see publication,publication-defined,under audit,R,,unknown,A_binary_public_exact_link
HPGP_GLOBAL,LIT-010,levofloxacin,,,,mg/L,centralized phenotyping; exact per-isolate MIC not in code snapshot,see publication,see publication,publication-defined,under audit,S,,unknown,A_binary_public_exact_link
HPGP_GLOBAL,LIT-013,clarithromycin,,,,mg/L,centralized phenotyping; exact per-isolate MIC not in code snapshot,see publication,see publication,publication-defined,under audit,R,,unknown,A_binary_public_exact_link
HPGP_GLOBAL,LIT-013,levofloxacin,,,,mg/L,centralized phenotyping; exact per-isolate MIC not in code snapshot,see publication,see publication,publication-defined,under audit,S,,unknown,A_binary_public_exact_link
HPGP_GLOBAL,LIT-020,clarithromycin,,,,mg/L,centralized phenotyping; exact per-isolate MIC not in code snapshot,see publication,see publication,publication-defined,under audit,S,,unknown,A_binary_public_exact_link
HPGP_GLOBAL,LIT-020,levofloxacin,,,,mg/L,centralized phenotyping; exact per-isolate MIC not in code snapshot,see publication,see publication,publication-defined,under audit,S,,unknown,A_binary_public_exact_link
HPGP_GLOBAL,LIT-021,clarithromycin,,,,mg/L,centralized phenotyping; exact per-isolate MIC not in code snapshot,see publication,see publication,publication-defined,under audit,S,,unknown,A_binary_public_exact_link
HPGP_GLOBAL,LIT-021,levofloxacin,,,,mg/L,centralized phenotyping; exact per-isolate MIC not in code snapshot,see publication,see publication,publication-defined,under audit,S,,unknown,A_binary_public_exact_link
HPGP_GLOBAL,LIT-025,clarithromycin,,,,mg/L,centralized phenotyping; exact per-isolate MIC not in code snapshot,see publication,see publication,publication-defined,under audit,S,,unknown,A_binary_public_exact_link
HPGP_GLOBAL,LIT-025,levofloxacin,,,,mg/L,centralized phenotyping; exact per-isolate MIC not in code snapshot,see publication,see publication,publication-defined,under audit,S,,unknown,A_binary_public_exact_link
HPGP_GLOBAL,LIT-028,clarithromycin,,,,mg/L,centralized phenotyping; exact per-isolate MIC not in code snapshot,see publication,see publication,publication-defined,under audit,S,,unknown,A_binary_public_exact_link
HPGP_GLOBAL,LIT-028,levofloxacin,,,,mg/L,centralized phenotyping; exact per-isolate MIC not in code snapshot,see publication,see publication,publication-defined,under audit,S,,unknown,A_binary_public_exact_link
HPGP_GLOBAL,LIT-032,clarithromycin,,,,mg/L,centralized phenotyping; exact per-isolate MIC not in code snapshot,see publication,see publication,publication-defined,under audit,S,,unknown,A_binary_public_exact_link
HPGP_GLOBAL,LIT-032,levofloxacin,,,,mg/L,centralized phenotyping; exact per-isolate MIC not in code snapshot,see publication,see publication,publication-defined,under audit,S,,unknown,A_binary_public_exact_link
HPGP_GLOBAL,LIT-041,clarithromycin,,,,mg/L,centralized phenotyping; exact per-isolate MIC not in code snapshot,see publication,see publication,publication-defined,under audit,S,,unknown,A_binary_public_exact_link
HPGP_GLOBAL,LIT-041,levofloxacin,,,,mg/L,centralized phenotyping; exact per-isolate MIC not in code snapshot,see publication,see publication,publication-defined,under audit,S,,unknown,A_binary_public_exact_link
HPGP_GLOBAL,MAL-003,clarithromycin,,,,mg/L,centralized phenotyping; exact per-isolate MIC not in code snapshot,see publication,see publication,publication-defined,under audit,R,,unknown,A_binary_public_exact_link
HPGP_GLOBAL,MAL-003,levofloxacin,,,,mg/L,centralized phenotyping; exact per-isolate MIC not in code snapshot,see publication,see publication,publication-defined,under audit,R,,unknown,A_binary_public_exact_link
HPGP_GLOBAL,MAL-005,clarithromycin,,,,mg/L,centralized phenotyping; exact per-isolate MIC not in code snapshot,see publication,see publication,publication-defined,under audit,S,,unknown,A_binary_public_exact_link
HPGP_GLOBAL,MAL-005,levofloxacin,,,,mg/L,centralized phenotyping; exact per-isolate MIC not in code snapshot,see publication,see publication,publication-defined,under audit,S,,unknown,A_binary_public_exact_link
HPGP_GLOBAL,MAL-006,clarithromycin,,,,mg/L,centralized phenotyping; exact per-isolate MIC not in code snapshot,see publication,see publication,publication-defined,under audit,R,,unknown,A_binary_public_exact_link
HPGP_GLOBAL,MAL-006,levofloxacin,,,,mg/L,centralized phenotyping; exact per-isolate MIC not in code snapshot,see publication,see publication,publication-defined,under audit,S,,unknown,A_binary_public_exact_link
HPGP_GLOBAL,MAL-007,clarithromycin,,,,mg/L,centralized phenotyping; exact per-isolate MIC not in code snapshot,see publication,see publication,publication-defined,under audit,S,,unknown,A_binary_public_exact_link
HPGP_GLOBAL,MAL-007,levofloxacin,,,,mg/L,centralized phenotyping; exact per-isolate MIC not in code snapshot,see publication,see publication,publication-defined,under audit,S,,unknown,A_binary_public_exact_link
HPGP_GLOBAL,MAL-012,clarithromycin,,,,mg/L,centralized phenotyping; exact per-isolate MIC not in code snapshot,see publication,see publication,publication-defined,under audit,S,,unknown,A_binary_public_exact_link
HPGP_GLOBAL,MAL-012,levofloxacin,,,,mg/L,centralized phenotyping; exact per-isolate MIC not in code snapshot,see publication,see publication,publication-defined,under audit,S,,unknown,A_binary_public_exact_link
HPGP_GLOBAL,MAL-018,clarithromycin,,,,mg/L,centralized phenotyping; exact per-isolate MIC not in code snapshot,see publication,see publication,publication-defined,under audit,S,,unknown,A_binary_public_exact_link
HPGP_GLOBAL,MAL-018,levofloxacin,,,,mg/L,centralized phenotyping; exact per-isolate MIC not in code snapshot,see publication,see publication,publication-defined,under audit,S,,unknown,A_binary_public_exact_link
HPGP_GLOBAL,MAL-019,clarithromycin,,,,mg/L,centralized phenotyping; exact per-isolate MIC not in code snapshot,see publication,see publication,publication-defined,under audit,S,,unknown,A_binary_public_exact_link
HPGP_GLOBAL,MAL-019,levofloxacin,,,,mg/L,centralized phenotyping; exact per-isolate MIC not in code snapshot,see publication,see publication,publication-defined,under audit,S,,unknown,A_binary_public_exact_link
HPGP_GLOBAL,MAL-021,clarithromycin,,,,mg/L,centralized phenotyping; exact per-isolate MIC not in code snapshot,see publication,see publication,publication-defined,under audit,S,,unknown,A_binary_public_exact_link
HPGP_GLOBAL,MAL-021,levofloxacin,,,,mg/L,centralized phenotyping; exact per-isolate MIC not in code snapshot,see publication,see publication,publication-defined,under audit,S,,unknown,A_binary_public_exact_link
HPGP_GLOBAL,MAL-023,clarithromycin,,,,mg/L,centralized phenotyping; exact per-isolate MIC not in code snapshot,see publication,see publication,publication-defined,under audit,S,,unknown,A_binary_public_exact_link
HPGP_GLOBAL,MAL-023,levofloxacin,,,,mg/L,centralized phenotyping; exact per-isolate MIC not in code snapshot,see publication,see publication,publication-defined,under audit,S,,unknown,A_binary_public_exact_link
HPGP_GLOBAL,MEX-001,clarithromycin,,,,mg/L,centralized phenotyping; exact per-isolate MIC not in code snapshot,see publication,see publication,publication-defined,under audit,S,,unknown,A_binary_public_exact_link
HPGP_GLOBAL,MEX-001,levofloxacin,,,,mg/L,centralized phenotyping; exact per-isolate MIC not in code snapshot,see publication,see publication,publication-defined,under audit,S,,unknown,A_binary_public_exact_link
HPGP_GLOBAL,MEX-002,clarithromycin,,,,mg/L,centralized phenotyping; exact per-isolate MIC not in code snapshot,see publication,see publication,publication-defined,under audit,S,,unknown,A_binary_public_exact_link
HPGP_GLOBAL,MEX-002,levofloxacin,,,,mg/L,centralized phenotyping; exact per-isolate MIC not in code snapshot,see publication,see publication,publication-defined,under audit,S,,unknown,A_binary_public_exact_link
HPGP_GLOBAL,MEX-003,clarithromycin,,,,mg/L,centralized phenotyping; exact per-isolate MIC not in code snapshot,see publication,see publication,publication-defined,under audit,S,,unknown,A_binary_public_exact_link
HPGP_GLOBAL,MEX-003,levofloxacin,,,,mg/L,centralized phenotyping; exact per-isolate MIC not in code snapshot,see publication,see publication,publication-defined,under audit,R,,unknown,A_binary_public_exact_link
HPGP_GLOBAL,MEX-004,clarithromycin,,,,mg/L,centralized phenotyping; exact per-isolate MIC not in code snapshot,see publication,see publication,publication-defined,under audit,S,,unknown,A_binary_public_exact_link
HPGP_GLOBAL,MEX-004,levofloxacin,,,,mg/L,centralized phenotyping; exact per-isolate MIC not in code snapshot,see publication,see publication,publication-defined,under audit,S,,unknown,A_binary_public_exact_link
HPGP_GLOBAL,MEX-007,clarithromycin,,,,mg/L,centralized phenotyping; exact per-isolate MIC not in code snapshot,see publication,see publication,publication-defined,under audit,S,,unknown,A_binary_public_exact_link
HPGP_GLOBAL,MEX-007,levofloxacin,,,,mg/L,centralized phenotyping; exact per-isolate MIC not in code snapshot,see publication,see publication,publication-defined,under audit,R,,unknown,A_binary_public_exact_link
HPGP_GLOBAL,MEX-008,clarithromycin,,,,mg/L,centralized phenotyping; exact per-isolate MIC not in code snapshot,see publication,see publication,publication-defined,under audit,S,,unknown,A_binary_public_exact_link
HPGP_GLOBAL,MEX-008,levofloxacin,,,,mg/L,centralized phenotyping; exact per-isolate MIC not in code snapshot,see publication,see publication,publication-defined,under audit,R,,unknown,A_binary_public_exact_link
HPGP_GLOBAL,MEX-009,clarithromycin,,,,mg/L,centralized phenotyping; exact per-isolate MIC not in code snapshot,see publication,see publication,publication-defined,under audit,S,,unknown,A_binary_public_exact_link
HPGP_GLOBAL,MEX-009,levofloxacin,,,,mg/L,centralized phenotyping; exact per-isolate MIC not in code snapshot,see publication,see publication,publication-defined,under audit,R,,unknown,A_binary_public_exact_link
HPGP_GLOBAL,MEX-012,clarithromycin,,,,mg/L,centralized phenotyping; exact per-isolate MIC not in code snapshot,see publication,see publication,publication-defined,under audit,S,,unknown,A_binary_public_exact_link
HPGP_GLOBAL,MEX-012,levofloxacin,,,,mg/L,centralized phenotyping; exact per-isolate MIC not in code snapshot,see publication,see publication,publication-defined,under audit,R,,unknown,A_binary_public_exact_link
HPGP_GLOBAL,MEX-023,clarithromycin,,,,mg/L,centralized phenotyping; exact per-isolate MIC not in code snapshot,see publication,see publication,publication-defined,under audit,S,,unknown,A_binary_public_exact_link
HPGP_GLOBAL,MEX-023,levofloxacin,,,,mg/L,centralized phenotyping; exact per-isolate MIC not in code snapshot,see publication,see publication,publication-defined,under audit,S,,unknown,A_binary_public_exact_link
HPGP_GLOBAL,MEX-024,clarithromycin,,,,mg/L,centralized phenotyping; exact per-isolate MIC not in code snapshot,see publication,see publication,publication-defined,under audit,S,,unknown,A_binary_public_exact_link
HPGP_GLOBAL,MEX-024,levofloxacin,,,,mg/L,centralized phenotyping; exact per-isolate MIC not in code snapshot,see publication,see publication,publication-defined,under audit,R,,unknown,A_binary_public_exact_link
HPGP_GLOBAL,MEX-027,clarithromycin,,,,mg/L,centralized phenotyping; exact per-isolate MIC not in code snapshot,see publication,see publication,publication-defined,under audit,S,,unknown,A_binary_public_exact_link
HPGP_GLOBAL,MEX-027,levofloxacin,,,,mg/L,centralized phenotyping; exact per-isolate MIC not in code snapshot,see publication,see publication,publication-defined,under audit,S,,unknown,A_binary_public_exact_link
HPGP_GLOBAL,MEX-028,clarithromycin,,,,mg/L,centralized phenotyping; exact per-isolate MIC not in code snapshot,see publication,see publication,publication-defined,under audit,S,,unknown,A_binary_public_exact_link
HPGP_GLOBAL,MEX-028,levofloxacin,,,,mg/L,centralized phenotyping; exact per-isolate MIC not in code snapshot,see publication,see publication,publication-defined,under audit,S,,unknown,A_binary_public_exact_link
HPGP_GLOBAL,MEX-032,clarithromycin,,,,mg/L,centralized phenotyping; exact per-isolate MIC not in code snapshot,see publication,see publication,publication-defined,under audit,S,,unknown,A_binary_public_exact_link
HPGP_GLOBAL,MEX-032,levofloxacin,,,,mg/L,centralized phenotyping; exact per-isolate MIC not in code snapshot,see publication,see publication,publication-defined,under audit,S,,unknown,A_binary_public_exact_link
HPGP_GLOBAL,MEX-035,clarithromycin,,,,mg/L,centralized phenotyping; exact per-isolate MIC not in code snapshot,see publication,see publication,publication-defined,under audit,S,,unknown,A_binary_public_exact_link
HPGP_GLOBAL,MEX-035,levofloxacin,,,,mg/L,centralized phenotyping; exact per-isolate MIC not in code snapshot,see publication,see publication,publication-defined,under audit,R,,unknown,A_binary_public_exact_link
HPGP_GLOBAL,MEX-040,clarithromycin,,,,mg/L,centralized phenotyping; exact per-isolate MIC not in code snapshot,see publication,see publication,publication-defined,under audit,S,,unknown,A_binary_public_exact_link
HPGP_GLOBAL,MEX-040,levofloxacin,,,,mg/L,centralized phenotyping; exact per-isolate MIC not in code snapshot,see publication,see publication,publication-defined,under audit,S,,unknown,A_binary_public_exact_link
HPGP_GLOBAL,MEX-041,clarithromycin,,,,mg/L,centralized phenotyping; exact per-isolate MIC not in code snapshot,see publication,see publication,publication-defined,under audit,S,,unknown,A_binary_public_exact_link
HPGP_GLOBAL,MEX-041,levofloxacin,,,,mg/L,centralized phenotyping; exact per-isolate MIC not in code snapshot,see publication,see publication,publication-defined,under audit,S,,unknown,A_binary_public_exact_link
HPGP_GLOBAL,MEX-043,clarithromycin,,,,mg/L,centralized phenotyping; exact per-isolate MIC not in code snapshot,see publication,see publication,publication-defined,under audit,S,,unknown,A_binary_public_exact_link
HPGP_GLOBAL,MEX-043,levofloxacin,,,,mg/L,centralized phenotyping; exact per-isolate MIC not in code snapshot,see publication,see publication,publication-defined,under audit,R,,unknown,A_binary_public_exact_link
HPGP_GLOBAL,MEX-046,clarithromycin,,,,mg/L,centralized phenotyping; exact per-isolate MIC not in code snapshot,see publication,see publication,publication-defined,under audit,S,,unknown,A_binary_public_exact_link
HPGP_GLOBAL,MEX-046,levofloxacin,,,,mg/L,centralized phenotyping; exact per-isolate MIC not in code snapshot,see publication,see publication,publication-defined,under audit,R,,unknown,A_binary_public_exact_link
HPGP_GLOBAL,NGA-010,clarithromycin,,,,mg/L,centralized phenotyping; exact per-isolate MIC not in code snapshot,see publication,see publication,publication-defined,under audit,S,,unknown,A_binary_public_exact_link
HPGP_GLOBAL,NGA-010,levofloxacin,,,,mg/L,centralized phenotyping; exact per-isolate MIC not in code snapshot,see publication,see publication,publication-defined,under audit,R,,unknown,A_binary_public_exact_link
HPGP_GLOBAL,NGA-019,clarithromycin,,,,mg/L,centralized phenotyping; exact per-isolate MIC not in code snapshot,see publication,see publication,publication-defined,under audit,S,,unknown,A_binary_public_exact_link
HPGP_GLOBAL,NGA-019,levofloxacin,,,,mg/L,centralized phenotyping; exact per-isolate MIC not in code snapshot,see publication,see publication,publication-defined,under audit,S,,unknown,A_binary_public_exact_link
HPGP_GLOBAL,PER-013,clarithromycin,,,,mg/L,centralized phenotyping; exact per-isolate MIC not in code snapshot,see publication,see publication,publication-defined,under audit,S,,unknown,A_binary_public_exact_link
HPGP_GLOBAL,PER-013,levofloxacin,,,,mg/L,centralized phenotyping; exact per-isolate MIC not in code snapshot,see publication,see publication,publication-defined,under audit,S,,unknown,A_binary_public_exact_link
HPGP_GLOBAL,PER-017,clarithromycin,,,,mg/L,centralized phenotyping; exact per-isolate MIC not in code snapshot,see publication,see publication,publication-defined,under audit,S,,unknown,A_binary_public_exact_link
HPGP_GLOBAL,PER-017,levofloxacin,,,,mg/L,centralized phenotyping; exact per-isolate MIC not in code snapshot,see publication,see publication,publication-defined,under audit,S,,unknown,A_binary_public_exact_link
HPGP_GLOBAL,PER-018,clarithromycin,,,,mg/L,centralized phenotyping; exact per-isolate MIC not in code snapshot,see publication,see publication,publication-defined,under audit,S,,unknown,A_binary_public_exact_link
HPGP_GLOBAL,PER-018,levofloxacin,,,,mg/L,centralized phenotyping; exact per-isolate MIC not in code snapshot,see publication,see publication,publication-defined,under audit,R,,unknown,A_binary_public_exact_link
HPGP_GLOBAL,PER-020,clarithromycin,,,,mg/L,centralized phenotyping; exact per-isolate MIC not in code snapshot,see publication,see publication,publication-defined,under audit,S,,unknown,A_binary_public_exact_link
HPGP_GLOBAL,PER-020,levofloxacin,,,,mg/L,centralized phenotyping; exact per-isolate MIC not in code snapshot,see publication,see publication,publication-defined,under audit,R,,unknown,A_binary_public_exact_link
HPGP_GLOBAL,PER-101,clarithromycin,,,,mg/L,centralized phenotyping; exact per-isolate MIC not in code snapshot,see publication,see publication,publication-defined,under audit,R,,unknown,A_binary_public_exact_link
HPGP_GLOBAL,PER-101,levofloxacin,,,,mg/L,centralized phenotyping; exact per-isolate MIC not in code snapshot,see publication,see publication,publication-defined,under audit,R,,unknown,A_binary_public_exact_link
HPGP_GLOBAL,PER-103,clarithromycin,,,,mg/L,centralized phenotyping; exact per-isolate MIC not in code snapshot,see publication,see publication,publication-defined,under audit,S,,unknown,A_binary_public_exact_link
HPGP_GLOBAL,PER-103,levofloxacin,,,,mg/L,centralized phenotyping; exact per-isolate MIC not in code snapshot,see publication,see publication,publication-defined,under audit,S,,unknown,A_binary_public_exact_link
HPGP_GLOBAL,PER-104,clarithromycin,,,,mg/L,centralized phenotyping; exact per-isolate MIC not in code snapshot,see publication,see publication,publication-defined,under audit,R,,unknown,A_binary_public_exact_link
HPGP_GLOBAL,PER-104,levofloxacin,,,,mg/L,centralized phenotyping; exact per-isolate MIC not in code snapshot,see publication,see publication,publication-defined,under audit,R,,unknown,A_binary_public_exact_link
HPGP_GLOBAL,PER-107,clarithromycin,,,,mg/L,centralized phenotyping; exact per-isolate MIC not in code snapshot,see publication,see publication,publication-defined,under audit,S,,unknown,A_binary_public_exact_link
HPGP_GLOBAL,PER-107,levofloxacin,,,,mg/L,centralized phenotyping; exact per-isolate MIC not in code snapshot,see publication,see publication,publication-defined,under audit,S,,unknown,A_binary_public_exact_link
HPGP_GLOBAL,PER-112,clarithromycin,,,,mg/L,centralized phenotyping; exact per-isolate MIC not in code snapshot,see publication,see publication,publication-defined,under audit,R,,unknown,A_binary_public_exact_link
HPGP_GLOBAL,PER-112,levofloxacin,,,,mg/L,centralized phenotyping; exact per-isolate MIC not in code snapshot,see publication,see publication,publication-defined,under audit,R,,unknown,A_binary_public_exact_link
HPGP_GLOBAL,PER-116,clarithromycin,,,,mg/L,centralized phenotyping; exact per-isolate MIC not in code snapshot,see publication,see publication,publication-defined,under audit,S,,unknown,A_binary_public_exact_link
HPGP_GLOBAL,PER-116,levofloxacin,,,,mg/L,centralized phenotyping; exact per-isolate MIC not in code snapshot,see publication,see publication,publication-defined,under audit,S,,unknown,A_binary_public_exact_link
HPGP_GLOBAL,PER-117,clarithromycin,,,,mg/L,centralized phenotyping; exact per-isolate MIC not in code snapshot,see publication,see publication,publication-defined,under audit,S,,unknown,A_binary_public_exact_link
HPGP_GLOBAL,PER-117,levofloxacin,,,,mg/L,centralized phenotyping; exact per-isolate MIC not in code snapshot,see publication,see publication,publication-defined,under audit,S,,unknown,A_binary_public_exact_link
HPGP_GLOBAL,PER-124,clarithromycin,,,,mg/L,centralized phenotyping; exact per-isolate MIC not in code snapshot,see publication,see publication,publication-defined,under audit,S,,unknown,A_binary_public_exact_link
HPGP_GLOBAL,PER-124,levofloxacin,,,,mg/L,centralized phenotyping; exact per-isolate MIC not in code snapshot,see publication,see publication,publication-defined,under audit,S,,unknown,A_binary_public_exact_link
HPGP_GLOBAL,PER-138,clarithromycin,,,,mg/L,centralized phenotyping; exact per-isolate MIC not in code snapshot,see publication,see publication,publication-defined,under audit,S,,unknown,A_binary_public_exact_link
HPGP_GLOBAL,PER-138,levofloxacin,,,,mg/L,centralized phenotyping; exact per-isolate MIC not in code snapshot,see publication,see publication,publication-defined,under audit,S,,unknown,A_binary_public_exact_link
HPGP_GLOBAL,PER-140,clarithromycin,,,,mg/L,centralized phenotyping; exact per-isolate MIC not in code snapshot,see publication,see publication,publication-defined,under audit,S,,unknown,A_binary_public_exact_link
HPGP_GLOBAL,PER-140,levofloxacin,,,,mg/L,centralized phenotyping; exact per-isolate MIC not in code snapshot,see publication,see publication,publication-defined,under audit,R,,unknown,A_binary_public_exact_link
HPGP_GLOBAL,POL-004,clarithromycin,,,,mg/L,centralized phenotyping; exact per-isolate MIC not in code snapshot,see publication,see publication,publication-defined,under audit,S,,unknown,A_binary_public_exact_link
HPGP_GLOBAL,POL-004,levofloxacin,,,,mg/L,centralized phenotyping; exact per-isolate MIC not in code snapshot,see publication,see publication,publication-defined,under audit,R,,unknown,A_binary_public_exact_link
HPGP_GLOBAL,POL-005,clarithromycin,,,,mg/L,centralized phenotyping; exact per-isolate MIC not in code snapshot,see publication,see publication,publication-defined,under audit,S,,unknown,A_binary_public_exact_link
HPGP_GLOBAL,POL-005,levofloxacin,,,,mg/L,centralized phenotyping; exact per-isolate MIC not in code snapshot,see publication,see publication,publication-defined,under audit,R,,unknown,A_binary_public_exact_link
HPGP_GLOBAL,POL-006,clarithromycin,,,,mg/L,centralized phenotyping; exact per-isolate MIC not in code snapshot,see publication,see publication,publication-defined,under audit,R,,unknown,A_binary_public_exact_link
HPGP_GLOBAL,POL-006,levofloxacin,,,,mg/L,centralized phenotyping; exact per-isolate MIC not in code snapshot,see publication,see publication,publication-defined,under audit,S,,unknown,A_binary_public_exact_link
HPGP_GLOBAL,POL-007,clarithromycin,,,,mg/L,centralized phenotyping; exact per-isolate MIC not in code snapshot,see publication,see publication,publication-defined,under audit,R,,unknown,A_binary_public_exact_link
HPGP_GLOBAL,POL-007,levofloxacin,,,,mg/L,centralized phenotyping; exact per-isolate MIC not in code snapshot,see publication,see publication,publication-defined,under audit,S,,unknown,A_binary_public_exact_link
HPGP_GLOBAL,POL-008,clarithromycin,,,,mg/L,centralized phenotyping; exact per-isolate MIC not in code snapshot,see publication,see publication,publication-defined,under audit,R,,unknown,A_binary_public_exact_link
HPGP_GLOBAL,POL-008,levofloxacin,,,,mg/L,centralized phenotyping; exact per-isolate MIC not in code snapshot,see publication,see publication,publication-defined,under audit,S,,unknown,A_binary_public_exact_link
HPGP_GLOBAL,POL-009,clarithromycin,,,,mg/L,centralized phenotyping; exact per-isolate MIC not in code snapshot,see publication,see publication,publication-defined,under audit,R,,unknown,A_binary_public_exact_link
HPGP_GLOBAL,POL-009,levofloxacin,,,,mg/L,centralized phenotyping; exact per-isolate MIC not in code snapshot,see publication,see publication,publication-defined,under audit,R,,unknown,A_binary_public_exact_link
HPGP_GLOBAL,POL-010,clarithromycin,,,,mg/L,centralized phenotyping; exact per-isolate MIC not in code snapshot,see publication,see publication,publication-defined,under audit,R,,unknown,A_binary_public_exact_link
HPGP_GLOBAL,POL-010,levofloxacin,,,,mg/L,centralized phenotyping; exact per-isolate MIC not in code snapshot,see publication,see publication,publication-defined,under audit,S,,unknown,A_binary_public_exact_link
HPGP_GLOBAL,POL-104,clarithromycin,,,,mg/L,centralized phenotyping; exact per-isolate MIC not in code snapshot,see publication,see publication,publication-defined,under audit,R,,unknown,A_binary_public_exact_link
HPGP_GLOBAL,POL-104,levofloxacin,,,,mg/L,centralized phenotyping; exact per-isolate MIC not in code snapshot,see publication,see publication,publication-defined,under audit,R,,unknown,A_binary_public_exact_link
HPGP_GLOBAL,POL-105,clarithromycin,,,,mg/L,centralized phenotyping; exact per-isolate MIC not in code snapshot,see publication,see publication,publication-defined,under audit,R,,unknown,A_binary_public_exact_link
HPGP_GLOBAL,POL-105,levofloxacin,,,,mg/L,centralized phenotyping; exact per-isolate MIC not in code snapshot,see publication,see publication,publication-defined,under audit,S,,unknown,A_binary_public_exact_link
HPGP_GLOBAL,POL-106,clarithromycin,,,,mg/L,centralized phenotyping; exact per-isolate MIC not in code snapshot,see publication,see publication,publication-defined,under audit,R,,unknown,A_binary_public_exact_link
HPGP_GLOBAL,POL-106,levofloxacin,,,,mg/L,centralized phenotyping; exact per-isolate MIC not in code snapshot,see publication,see publication,publication-defined,under audit,R,,unknown,A_binary_public_exact_link
HPGP_GLOBAL,POL-108,clarithromycin,,,,mg/L,centralized phenotyping; exact per-isolate MIC not in code snapshot,see publication,see publication,publication-defined,under audit,R,,unknown,A_binary_public_exact_link
HPGP_GLOBAL,POL-108,levofloxacin,,,,mg/L,centralized phenotyping; exact per-isolate MIC not in code snapshot,see publication,see publication,publication-defined,under audit,R,,unknown,A_binary_public_exact_link
HPGP_GLOBAL,POL-110,clarithromycin,,,,mg/L,centralized phenotyping; exact per-isolate MIC not in code snapshot,see publication,see publication,publication-defined,under audit,S,,unknown,A_binary_public_exact_link
HPGP_GLOBAL,POL-110,levofloxacin,,,,mg/L,centralized phenotyping; exact per-isolate MIC not in code snapshot,see publication,see publication,publication-defined,under audit,S,,unknown,A_binary_public_exact_link
HPGP_GLOBAL,POR-002,clarithromycin,,,,mg/L,centralized phenotyping; exact per-isolate MIC not in code snapshot,see publication,see publication,publication-defined,under audit,S,,unknown,A_binary_public_exact_link
HPGP_GLOBAL,POR-002,levofloxacin,,,,mg/L,centralized phenotyping; exact per-isolate MIC not in code snapshot,see publication,see publication,publication-defined,under audit,R,,unknown,A_binary_public_exact_link
HPGP_GLOBAL,POR-003,clarithromycin,,,,mg/L,centralized phenotyping; exact per-isolate MIC not in code snapshot,see publication,see publication,publication-defined,under audit,S,,unknown,A_binary_public_exact_link
HPGP_GLOBAL,POR-003,levofloxacin,,,,mg/L,centralized phenotyping; exact per-isolate MIC not in code snapshot,see publication,see publication,publication-defined,under audit,R,,unknown,A_binary_public_exact_link
HPGP_GLOBAL,POR-004,clarithromycin,,,,mg/L,centralized phenotyping; exact per-isolate MIC not in code snapshot,see publication,see publication,publication-defined,under audit,S,,unknown,A_binary_public_exact_link
HPGP_GLOBAL,POR-004,levofloxacin,,,,mg/L,centralized phenotyping; exact per-isolate MIC not in code snapshot,see publication,see publication,publication-defined,under audit,R,,unknown,A_binary_public_exact_link
HPGP_GLOBAL,POR-005,clarithromycin,,,,mg/L,centralized phenotyping; exact per-isolate MIC not in code snapshot,see publication,see publication,publication-defined,under audit,R,,unknown,A_binary_public_exact_link
HPGP_GLOBAL,POR-005,levofloxacin,,,,mg/L,centralized phenotyping; exact per-isolate MIC not in code snapshot,see publication,see publication,publication-defined,under audit,R,,unknown,A_binary_public_exact_link
HPGP_GLOBAL,POR-010,clarithromycin,,,,mg/L,centralized phenotyping; exact per-isolate MIC not in code snapshot,see publication,see publication,publication-defined,under audit,S,,unknown,A_binary_public_exact_link
HPGP_GLOBAL,POR-010,levofloxacin,,,,mg/L,centralized phenotyping; exact per-isolate MIC not in code snapshot,see publication,see publication,publication-defined,under audit,S,,unknown,A_binary_public_exact_link
HPGP_GLOBAL,POR-018,clarithromycin,,,,mg/L,centralized phenotyping; exact per-isolate MIC not in code snapshot,see publication,see publication,publication-defined,under audit,S,,unknown,A_binary_public_exact_link
HPGP_GLOBAL,POR-018,levofloxacin,,,,mg/L,centralized phenotyping; exact per-isolate MIC not in code snapshot,see publication,see publication,publication-defined,under audit,S,,unknown,A_binary_public_exact_link
HPGP_GLOBAL,POR-104,clarithromycin,,,,mg/L,centralized phenotyping; exact per-isolate MIC not in code snapshot,see publication,see publication,publication-defined,under audit,S,,unknown,A_binary_public_exact_link
HPGP_GLOBAL,POR-104,levofloxacin,,,,mg/L,centralized phenotyping; exact per-isolate MIC not in code snapshot,see publication,see publication,publication-defined,under audit,S,,unknown,A_binary_public_exact_link
HPGP_GLOBAL,POR-105,clarithromycin,,,,mg/L,centralized phenotyping; exact per-isolate MIC not in code snapshot,see publication,see publication,publication-defined,under audit,S,,unknown,A_binary_public_exact_link
HPGP_GLOBAL,POR-105,levofloxacin,,,,mg/L,centralized phenotyping; exact per-isolate MIC not in code snapshot,see publication,see publication,publication-defined,under audit,S,,unknown,A_binary_public_exact_link
HPGP_GLOBAL,POR-106,clarithromycin,,,,mg/L,centralized phenotyping; exact per-isolate MIC not in code snapshot,see publication,see publication,publication-defined,under audit,S,,unknown,A_binary_public_exact_link
HPGP_GLOBAL,POR-106,levofloxacin,,,,mg/L,centralized phenotyping; exact per-isolate MIC not in code snapshot,see publication,see publication,publication-defined,under audit,S,,unknown,A_binary_public_exact_link
HPGP_GLOBAL,POR-107,clarithromycin,,,,mg/L,centralized phenotyping; exact per-isolate MIC not in code snapshot,see publication,see publication,publication-defined,under audit,S,,unknown,A_binary_public_exact_link
HPGP_GLOBAL,POR-107,levofloxacin,,,,mg/L,centralized phenotyping; exact per-isolate MIC not in code snapshot,see publication,see publication,publication-defined,under audit,S,,unknown,A_binary_public_exact_link
HPGP_GLOBAL,POR-109,clarithromycin,,,,mg/L,centralized phenotyping; exact per-isolate MIC not in code snapshot,see publication,see publication,publication-defined,under audit,S,,unknown,A_binary_public_exact_link
HPGP_GLOBAL,POR-109,levofloxacin,,,,mg/L,centralized phenotyping; exact per-isolate MIC not in code snapshot,see publication,see publication,publication-defined,under audit,S,,unknown,A_binary_public_exact_link
HPGP_GLOBAL,POR-112,clarithromycin,,,,mg/L,centralized phenotyping; exact per-isolate MIC not in code snapshot,see publication,see publication,publication-defined,under audit,S,,unknown,A_binary_public_exact_link
HPGP_GLOBAL,POR-112,levofloxacin,,,,mg/L,centralized phenotyping; exact per-isolate MIC not in code snapshot,see publication,see publication,publication-defined,under audit,S,,unknown,A_binary_public_exact_link
HPGP_GLOBAL,POR-113,clarithromycin,,,,mg/L,centralized phenotyping; exact per-isolate MIC not in code snapshot,see publication,see publication,publication-defined,under audit,S,,unknown,A_binary_public_exact_link
HPGP_GLOBAL,POR-113,levofloxacin,,,,mg/L,centralized phenotyping; exact per-isolate MIC not in code snapshot,see publication,see publication,publication-defined,under audit,R,,unknown,A_binary_public_exact_link
HPGP_GLOBAL,POR-114,clarithromycin,,,,mg/L,centralized phenotyping; exact per-isolate MIC not in code snapshot,see publication,see publication,publication-defined,under audit,S,,unknown,A_binary_public_exact_link
HPGP_GLOBAL,POR-114,levofloxacin,,,,mg/L,centralized phenotyping; exact per-isolate MIC not in code snapshot,see publication,see publication,publication-defined,under audit,R,,unknown,A_binary_public_exact_link
HPGP_GLOBAL,PRI-001,clarithromycin,,,,mg/L,centralized phenotyping; exact per-isolate MIC not in code snapshot,see publication,see publication,publication-defined,under audit,R,,unknown,A_binary_public_exact_link
HPGP_GLOBAL,PRI-001,levofloxacin,,,,mg/L,centralized phenotyping; exact per-isolate MIC not in code snapshot,see publication,see publication,publication-defined,under audit,R,,unknown,A_binary_public_exact_link
HPGP_GLOBAL,PRI-002,clarithromycin,,,,mg/L,centralized phenotyping; exact per-isolate MIC not in code snapshot,see publication,see publication,publication-defined,under audit,R,,unknown,A_binary_public_exact_link
HPGP_GLOBAL,PRI-002,levofloxacin,,,,mg/L,centralized phenotyping; exact per-isolate MIC not in code snapshot,see publication,see publication,publication-defined,under audit,S,,unknown,A_binary_public_exact_link
HPGP_GLOBAL,PRI-004,clarithromycin,,,,mg/L,centralized phenotyping; exact per-isolate MIC not in code snapshot,see publication,see publication,publication-defined,under audit,R,,unknown,A_binary_public_exact_link
HPGP_GLOBAL,PRI-004,levofloxacin,,,,mg/L,centralized phenotyping; exact per-isolate MIC not in code snapshot,see publication,see publication,publication-defined,under audit,S,,unknown,A_binary_public_exact_link
HPGP_GLOBAL,PRI-005,clarithromycin,,,,mg/L,centralized phenotyping; exact per-isolate MIC not in code snapshot,see publication,see publication,publication-defined,under audit,R,,unknown,A_binary_public_exact_link
HPGP_GLOBAL,PRI-005,levofloxacin,,,,mg/L,centralized phenotyping; exact per-isolate MIC not in code snapshot,see publication,see publication,publication-defined,under audit,R,,unknown,A_binary_public_exact_link
HPGP_GLOBAL,PRI-006,clarithromycin,,,,mg/L,centralized phenotyping; exact per-isolate MIC not in code snapshot,see publication,see publication,publication-defined,under audit,R,,unknown,A_binary_public_exact_link
HPGP_GLOBAL,PRI-006,levofloxacin,,,,mg/L,centralized phenotyping; exact per-isolate MIC not in code snapshot,see publication,see publication,publication-defined,under audit,R,,unknown,A_binary_public_exact_link
HPGP_GLOBAL,RUS-001,clarithromycin,,,,mg/L,centralized phenotyping; exact per-isolate MIC not in code snapshot,see publication,see publication,publication-defined,under audit,S,,unknown,A_binary_public_exact_link
HPGP_GLOBAL,RUS-001,levofloxacin,,,,mg/L,centralized phenotyping; exact per-isolate MIC not in code snapshot,see publication,see publication,publication-defined,under audit,R,,unknown,A_binary_public_exact_link
HPGP_GLOBAL,RUS-003,clarithromycin,,,,mg/L,centralized phenotyping; exact per-isolate MIC not in code snapshot,see publication,see publication,publication-defined,under audit,S,,unknown,A_binary_public_exact_link
HPGP_GLOBAL,RUS-003,levofloxacin,,,,mg/L,centralized phenotyping; exact per-isolate MIC not in code snapshot,see publication,see publication,publication-defined,under audit,S,,unknown,A_binary_public_exact_link
HPGP_GLOBAL,RUS-004,clarithromycin,,,,mg/L,centralized phenotyping; exact per-isolate MIC not in code snapshot,see publication,see publication,publication-defined,under audit,R,,unknown,A_binary_public_exact_link
HPGP_GLOBAL,RUS-004,levofloxacin,,,,mg/L,centralized phenotyping; exact per-isolate MIC not in code snapshot,see publication,see publication,publication-defined,under audit,S,,unknown,A_binary_public_exact_link
HPGP_GLOBAL,RUS-007,clarithromycin,,,,mg/L,centralized phenotyping; exact per-isolate MIC not in code snapshot,see publication,see publication,publication-defined,under audit,S,,unknown,A_binary_public_exact_link
HPGP_GLOBAL,RUS-007,levofloxacin,,,,mg/L,centralized phenotyping; exact per-isolate MIC not in code snapshot,see publication,see publication,publication-defined,under audit,R,,unknown,A_binary_public_exact_link
HPGP_GLOBAL,RUS-011,clarithromycin,,,,mg/L,centralized phenotyping; exact per-isolate MIC not in code snapshot,see publication,see publication,publication-defined,under audit,S,,unknown,A_binary_public_exact_link
HPGP_GLOBAL,RUS-011,levofloxacin,,,,mg/L,centralized phenotyping; exact per-isolate MIC not in code snapshot,see publication,see publication,publication-defined,under audit,R,,unknown,A_binary_public_exact_link
HPGP_GLOBAL,SPA-003,clarithromycin,,,,mg/L,centralized phenotyping; exact per-isolate MIC not in code snapshot,see publication,see publication,publication-defined,under audit,R,,unknown,A_binary_public_exact_link
HPGP_GLOBAL,SPA-003,levofloxacin,,,,mg/L,centralized phenotyping; exact per-isolate MIC not in code snapshot,see publication,see publication,publication-defined,under audit,S,,unknown,A_binary_public_exact_link
HPGP_GLOBAL,SPA-005,clarithromycin,,,,mg/L,centralized phenotyping; exact per-isolate MIC not in code snapshot,see publication,see publication,publication-defined,under audit,S,,unknown,A_binary_public_exact_link
HPGP_GLOBAL,SPA-005,levofloxacin,,,,mg/L,centralized phenotyping; exact per-isolate MIC not in code snapshot,see publication,see publication,publication-defined,under audit,S,,unknown,A_binary_public_exact_link
HPGP_GLOBAL,SPA-006,clarithromycin,,,,mg/L,centralized phenotyping; exact per-isolate MIC not in code snapshot,see publication,see publication,publication-defined,under audit,R,,unknown,A_binary_public_exact_link
HPGP_GLOBAL,SPA-006,levofloxacin,,,,mg/L,centralized phenotyping; exact per-isolate MIC not in code snapshot,see publication,see publication,publication-defined,under audit,S,,unknown,A_binary_public_exact_link
HPGP_GLOBAL,SPA-009,clarithromycin,,,,mg/L,centralized phenotyping; exact per-isolate MIC not in code snapshot,see publication,see publication,publication-defined,under audit,S,,unknown,A_binary_public_exact_link
HPGP_GLOBAL,SPA-009,levofloxacin,,,,mg/L,centralized phenotyping; exact per-isolate MIC not in code snapshot,see publication,see publication,publication-defined,under audit,S,,unknown,A_binary_public_exact_link
HPGP_GLOBAL,SPA-012,clarithromycin,,,,mg/L,centralized phenotyping; exact per-isolate MIC not in code snapshot,see publication,see publication,publication-defined,under audit,S,,unknown,A_binary_public_exact_link
HPGP_GLOBAL,SPA-012,levofloxacin,,,,mg/L,centralized phenotyping; exact per-isolate MIC not in code snapshot,see publication,see publication,publication-defined,under audit,R,,unknown,A_binary_public_exact_link
HPGP_GLOBAL,SPA-015,clarithromycin,,,,mg/L,centralized phenotyping; exact per-isolate MIC not in code snapshot,see publication,see publication,publication-defined,under audit,R,,unknown,A_binary_public_exact_link
HPGP_GLOBAL,SPA-015,levofloxacin,,,,mg/L,centralized phenotyping; exact per-isolate MIC not in code snapshot,see publication,see publication,publication-defined,under audit,S,,unknown,A_binary_public_exact_link
HPGP_GLOBAL,SPA-017,clarithromycin,,,,mg/L,centralized phenotyping; exact per-isolate MIC not in code snapshot,see publication,see publication,publication-defined,under audit,S,,unknown,A_binary_public_exact_link
HPGP_GLOBAL,SPA-017,levofloxacin,,,,mg/L,centralized phenotyping; exact per-isolate MIC not in code snapshot,see publication,see publication,publication-defined,under audit,S,,unknown,A_binary_public_exact_link
HPGP_GLOBAL,SPA-101,clarithromycin,,,,mg/L,centralized phenotyping; exact per-isolate MIC not in code snapshot,see publication,see publication,publication-defined,under audit,S,,unknown,A_binary_public_exact_link
HPGP_GLOBAL,SPA-101,levofloxacin,,,,mg/L,centralized phenotyping; exact per-isolate MIC not in code snapshot,see publication,see publication,publication-defined,under audit,S,,unknown,A_binary_public_exact_link
HPGP_GLOBAL,SPA-105,clarithromycin,,,,mg/L,centralized phenotyping; exact per-isolate MIC not in code snapshot,see publication,see publication,publication-defined,under audit,R,,unknown,A_binary_public_exact_link
HPGP_GLOBAL,SPA-105,levofloxacin,,,,mg/L,centralized phenotyping; exact per-isolate MIC not in code snapshot,see publication,see publication,publication-defined,under audit,R,,unknown,A_binary_public_exact_link
HPGP_GLOBAL,SPA-108,clarithromycin,,,,mg/L,centralized phenotyping; exact per-isolate MIC not in code snapshot,see publication,see publication,publication-defined,under audit,S,,unknown,A_binary_public_exact_link
HPGP_GLOBAL,SPA-108,levofloxacin,,,,mg/L,centralized phenotyping; exact per-isolate MIC not in code snapshot,see publication,see publication,publication-defined,under audit,S,,unknown,A_binary_public_exact_link
HPGP_GLOBAL,SPA-111,clarithromycin,,,,mg/L,centralized phenotyping; exact per-isolate MIC not in code snapshot,see publication,see publication,publication-defined,under audit,R,,unknown,A_binary_public_exact_link
HPGP_GLOBAL,SPA-111,levofloxacin,,,,mg/L,centralized phenotyping; exact per-isolate MIC not in code snapshot,see publication,see publication,publication-defined,under audit,S,,unknown,A_binary_public_exact_link
HPGP_GLOBAL,SPA-201,clarithromycin,,,,mg/L,centralized phenotyping; exact per-isolate MIC not in code snapshot,see publication,see publication,publication-defined,under audit,S,,unknown,A_binary_public_exact_link
HPGP_GLOBAL,SPA-201,levofloxacin,,,,mg/L,centralized phenotyping; exact per-isolate MIC not in code snapshot,see publication,see publication,publication-defined,under audit,R,,unknown,A_binary_public_exact_link
HPGP_GLOBAL,SPA-202,clarithromycin,,,,mg/L,centralized phenotyping; exact per-isolate MIC not in code snapshot,see publication,see publication,publication-defined,under audit,S,,unknown,A_binary_public_exact_link
HPGP_GLOBAL,SPA-202,levofloxacin,,,,mg/L,centralized phenotyping; exact per-isolate MIC not in code snapshot,see publication,see publication,publication-defined,under audit,S,,unknown,A_binary_public_exact_link
HPGP_GLOBAL,SPA-203,clarithromycin,,,,mg/L,centralized phenotyping; exact per-isolate MIC not in code snapshot,see publication,see publication,publication-defined,under audit,S,,unknown,A_binary_public_exact_link
HPGP_GLOBAL,SPA-203,levofloxacin,,,,mg/L,centralized phenotyping; exact per-isolate MIC not in code snapshot,see publication,see publication,publication-defined,under audit,R,,unknown,A_binary_public_exact_link
HPGP_GLOBAL,SPA-205,clarithromycin,,,,mg/L,centralized phenotyping; exact per-isolate MIC not in code snapshot,see publication,see publication,publication-defined,under audit,R,,unknown,A_binary_public_exact_link
HPGP_GLOBAL,SPA-205,levofloxacin,,,,mg/L,centralized phenotyping; exact per-isolate MIC not in code snapshot,see publication,see publication,publication-defined,under audit,S,,unknown,A_binary_public_exact_link
HPGP_GLOBAL,SPA-210,clarithromycin,,,,mg/L,centralized phenotyping; exact per-isolate MIC not in code snapshot,see publication,see publication,publication-defined,under audit,S,,unknown,A_binary_public_exact_link
HPGP_GLOBAL,SPA-210,levofloxacin,,,,mg/L,centralized phenotyping; exact per-isolate MIC not in code snapshot,see publication,see publication,publication-defined,under audit,R,,unknown,A_binary_public_exact_link
HPGP_GLOBAL,SPA-301,clarithromycin,,,,mg/L,centralized phenotyping; exact per-isolate MIC not in code snapshot,see publication,see publication,publication-defined,under audit,R,,unknown,A_binary_public_exact_link
HPGP_GLOBAL,SPA-301,levofloxacin,,,,mg/L,centralized phenotyping; exact per-isolate MIC not in code snapshot,see publication,see publication,publication-defined,under audit,S,,unknown,A_binary_public_exact_link
HPGP_GLOBAL,SPA-303,clarithromycin,,,,mg/L,centralized phenotyping; exact per-isolate MIC not in code snapshot,see publication,see publication,publication-defined,under audit,R,,unknown,A_binary_public_exact_link
HPGP_GLOBAL,SPA-303,levofloxacin,,,,mg/L,centralized phenotyping; exact per-isolate MIC not in code snapshot,see publication,see publication,publication-defined,under audit,S,,unknown,A_binary_public_exact_link
HPGP_GLOBAL,SPA-311,clarithromycin,,,,mg/L,centralized phenotyping; exact per-isolate MIC not in code snapshot,see publication,see publication,publication-defined,under audit,R,,unknown,A_binary_public_exact_link
HPGP_GLOBAL,SPA-311,levofloxacin,,,,mg/L,centralized phenotyping; exact per-isolate MIC not in code snapshot,see publication,see publication,publication-defined,under audit,R,,unknown,A_binary_public_exact_link
HPGP_GLOBAL,SPA-312,clarithromycin,,,,mg/L,centralized phenotyping; exact per-isolate MIC not in code snapshot,see publication,see publication,publication-defined,under audit,S,,unknown,A_binary_public_exact_link
HPGP_GLOBAL,SPA-312,levofloxacin,,,,mg/L,centralized phenotyping; exact per-isolate MIC not in code snapshot,see publication,see publication,publication-defined,under audit,R,,unknown,A_binary_public_exact_link
HPGP_GLOBAL,SPA-315,clarithromycin,,,,mg/L,centralized phenotyping; exact per-isolate MIC not in code snapshot,see publication,see publication,publication-defined,under audit,S,,unknown,A_binary_public_exact_link
HPGP_GLOBAL,SPA-315,levofloxacin,,,,mg/L,centralized phenotyping; exact per-isolate MIC not in code snapshot,see publication,see publication,publication-defined,under audit,S,,unknown,A_binary_public_exact_link
HPGP_GLOBAL,SPA-318,clarithromycin,,,,mg/L,centralized phenotyping; exact per-isolate MIC not in code snapshot,see publication,see publication,publication-defined,under audit,S,,unknown,A_binary_public_exact_link
HPGP_GLOBAL,SPA-318,levofloxacin,,,,mg/L,centralized phenotyping; exact per-isolate MIC not in code snapshot,see publication,see publication,publication-defined,under audit,S,,unknown,A_binary_public_exact_link
HPGP_GLOBAL,SPA-321,clarithromycin,,,,mg/L,centralized phenotyping; exact per-isolate MIC not in code snapshot,see publication,see publication,publication-defined,under audit,R,,unknown,A_binary_public_exact_link
HPGP_GLOBAL,SPA-321,levofloxacin,,,,mg/L,centralized phenotyping; exact per-isolate MIC not in code snapshot,see publication,see publication,publication-defined,under audit,S,,unknown,A_binary_public_exact_link
HPGP_GLOBAL,SPA-401,clarithromycin,,,,mg/L,centralized phenotyping; exact per-isolate MIC not in code snapshot,see publication,see publication,publication-defined,under audit,S,,unknown,A_binary_public_exact_link
HPGP_GLOBAL,SPA-401,levofloxacin,,,,mg/L,centralized phenotyping; exact per-isolate MIC not in code snapshot,see publication,see publication,publication-defined,under audit,S,,unknown,A_binary_public_exact_link
HPGP_GLOBAL,SPA-405,clarithromycin,,,,mg/L,centralized phenotyping; exact per-isolate MIC not in code snapshot,see publication,see publication,publication-defined,under audit,S,,unknown,A_binary_public_exact_link
HPGP_GLOBAL,SPA-405,levofloxacin,,,,mg/L,centralized phenotyping; exact per-isolate MIC not in code snapshot,see publication,see publication,publication-defined,under audit,S,,unknown,A_binary_public_exact_link
HPGP_GLOBAL,SPA-413,clarithromycin,,,,mg/L,centralized phenotyping; exact per-isolate MIC not in code snapshot,see publication,see publication,publication-defined,under audit,R,,unknown,A_binary_public_exact_link
HPGP_GLOBAL,SPA-413,levofloxacin,,,,mg/L,centralized phenotyping; exact per-isolate MIC not in code snapshot,see publication,see publication,publication-defined,under audit,S,,unknown,A_binary_public_exact_link
HPGP_GLOBAL,SPA-502,clarithromycin,,,,mg/L,centralized phenotyping; exact per-isolate MIC not in code snapshot,see publication,see publication,publication-defined,under audit,S,,unknown,A_binary_public_exact_link
HPGP_GLOBAL,SPA-502,levofloxacin,,,,mg/L,centralized phenotyping; exact per-isolate MIC not in code snapshot,see publication,see publication,publication-defined,under audit,S,,unknown,A_binary_public_exact_link
HPGP_GLOBAL,SPA-504,clarithromycin,,,,mg/L,centralized phenotyping; exact per-isolate MIC not in code snapshot,see publication,see publication,publication-defined,under audit,S,,unknown,A_binary_public_exact_link
HPGP_GLOBAL,SPA-504,levofloxacin,,,,mg/L,centralized phenotyping; exact per-isolate MIC not in code snapshot,see publication,see publication,publication-defined,under audit,R,,unknown,A_binary_public_exact_link
HPGP_GLOBAL,SPA-508,clarithromycin,,,,mg/L,centralized phenotyping; exact per-isolate MIC not in code snapshot,see publication,see publication,publication-defined,under audit,S,,unknown,A_binary_public_exact_link
HPGP_GLOBAL,SPA-508,levofloxacin,,,,mg/L,centralized phenotyping; exact per-isolate MIC not in code snapshot,see publication,see publication,publication-defined,under audit,S,,unknown,A_binary_public_exact_link
HPGP_GLOBAL,SPA-509,clarithromycin,,,,mg/L,centralized phenotyping; exact per-isolate MIC not in code snapshot,see publication,see publication,publication-defined,under audit,S,,unknown,A_binary_public_exact_link
HPGP_GLOBAL,SPA-509,levofloxacin,,,,mg/L,centralized phenotyping; exact per-isolate MIC not in code snapshot,see publication,see publication,publication-defined,under audit,S,,unknown,A_binary_public_exact_link
HPGP_GLOBAL,SPA-607,clarithromycin,,,,mg/L,centralized phenotyping; exact per-isolate MIC not in code snapshot,see publication,see publication,publication-defined,under audit,R,,unknown,A_binary_public_exact_link
HPGP_GLOBAL,SPA-607,levofloxacin,,,,mg/L,centralized phenotyping; exact per-isolate MIC not in code snapshot,see publication,see publication,publication-defined,under audit,R,,unknown,A_binary_public_exact_link
HPGP_GLOBAL,SPA-609,clarithromycin,,,,mg/L,centralized phenotyping; exact per-isolate MIC not in code snapshot,see publication,see publication,publication-defined,under audit,S,,unknown,A_binary_public_exact_link
HPGP_GLOBAL,SPA-609,levofloxacin,,,,mg/L,centralized phenotyping; exact per-isolate MIC not in code snapshot,see publication,see publication,publication-defined,under audit,S,,unknown,A_binary_public_exact_link
HPGP_GLOBAL,SPA-703,clarithromycin,,,,mg/L,centralized phenotyping; exact per-isolate MIC not in code snapshot,see publication,see publication,publication-defined,under audit,R,,unknown,A_binary_public_exact_link
HPGP_GLOBAL,SPA-703,levofloxacin,,,,mg/L,centralized phenotyping; exact per-isolate MIC not in code snapshot,see publication,see publication,publication-defined,under audit,S,,unknown,A_binary_public_exact_link
HPGP_GLOBAL,SPA-705,clarithromycin,,,,mg/L,centralized phenotyping; exact per-isolate MIC not in code snapshot,see publication,see publication,publication-defined,under audit,R,,unknown,A_binary_public_exact_link
HPGP_GLOBAL,SPA-705,levofloxacin,,,,mg/L,centralized phenotyping; exact per-isolate MIC not in code snapshot,see publication,see publication,publication-defined,under audit,S,,unknown,A_binary_public_exact_link
HPGP_GLOBAL,SPA-707,clarithromycin,,,,mg/L,centralized phenotyping; exact per-isolate MIC not in code snapshot,see publication,see publication,publication-defined,under audit,S,,unknown,A_binary_public_exact_link
HPGP_GLOBAL,SPA-707,levofloxacin,,,,mg/L,centralized phenotyping; exact per-isolate MIC not in code snapshot,see publication,see publication,publication-defined,under audit,S,,unknown,A_binary_public_exact_link
HPGP_GLOBAL,SPA-801,clarithromycin,,,,mg/L,centralized phenotyping; exact per-isolate MIC not in code snapshot,see publication,see publication,publication-defined,under audit,S,,unknown,A_binary_public_exact_link
HPGP_GLOBAL,SPA-801,levofloxacin,,,,mg/L,centralized phenotyping; exact per-isolate MIC not in code snapshot,see publication,see publication,publication-defined,under audit,S,,unknown,A_binary_public_exact_link
HPGP_GLOBAL,SPA-803,clarithromycin,,,,mg/L,centralized phenotyping; exact per-isolate MIC not in code snapshot,see publication,see publication,publication-defined,under audit,S,,unknown,A_binary_public_exact_link
HPGP_GLOBAL,SPA-803,levofloxacin,,,,mg/L,centralized phenotyping; exact per-isolate MIC not in code snapshot,see publication,see publication,publication-defined,under audit,S,,unknown,A_binary_public_exact_link
HPGP_GLOBAL,SPA-805,clarithromycin,,,,mg/L,centralized phenotyping; exact per-isolate MIC not in code snapshot,see publication,see publication,publication-defined,under audit,R,,unknown,A_binary_public_exact_link
HPGP_GLOBAL,SPA-805,levofloxacin,,,,mg/L,centralized phenotyping; exact per-isolate MIC not in code snapshot,see publication,see publication,publication-defined,under audit,S,,unknown,A_binary_public_exact_link
HPGP_GLOBAL,SPA-806,clarithromycin,,,,mg/L,centralized phenotyping; exact per-isolate MIC not in code snapshot,see publication,see publication,publication-defined,under audit,S,,unknown,A_binary_public_exact_link
HPGP_GLOBAL,SPA-806,levofloxacin,,,,mg/L,centralized phenotyping; exact per-isolate MIC not in code snapshot,see publication,see publication,publication-defined,under audit,S,,unknown,A_binary_public_exact_link
HPGP_GLOBAL,SWE-006,clarithromycin,,,,mg/L,centralized phenotyping; exact per-isolate MIC not in code snapshot,see publication,see publication,publication-defined,under audit,S,,unknown,A_binary_public_exact_link
HPGP_GLOBAL,SWE-006,levofloxacin,,,,mg/L,centralized phenotyping; exact per-isolate MIC not in code snapshot,see publication,see publication,publication-defined,under audit,S,,unknown,A_binary_public_exact_link
HPGP_GLOBAL,SWE-008,clarithromycin,,,,mg/L,centralized phenotyping; exact per-isolate MIC not in code snapshot,see publication,see publication,publication-defined,under audit,S,,unknown,A_binary_public_exact_link
HPGP_GLOBAL,SWE-008,levofloxacin,,,,mg/L,centralized phenotyping; exact per-isolate MIC not in code snapshot,see publication,see publication,publication-defined,under audit,S,,unknown,A_binary_public_exact_link
HPGP_GLOBAL,SWE-010,clarithromycin,,,,mg/L,centralized phenotyping; exact per-isolate MIC not in code snapshot,see publication,see publication,publication-defined,under audit,S,,unknown,A_binary_public_exact_link
HPGP_GLOBAL,SWE-010,levofloxacin,,,,mg/L,centralized phenotyping; exact per-isolate MIC not in code snapshot,see publication,see publication,publication-defined,under audit,S,,unknown,A_binary_public_exact_link
HPGP_GLOBAL,SWE-015,clarithromycin,,,,mg/L,centralized phenotyping; exact per-isolate MIC not in code snapshot,see publication,see publication,publication-defined,under audit,S,,unknown,A_binary_public_exact_link
HPGP_GLOBAL,SWE-015,levofloxacin,,,,mg/L,centralized phenotyping; exact per-isolate MIC not in code snapshot,see publication,see publication,publication-defined,under audit,S,,unknown,A_binary_public_exact_link
HPGP_GLOBAL,SWE-016,clarithromycin,,,,mg/L,centralized phenotyping; exact per-isolate MIC not in code snapshot,see publication,see publication,publication-defined,under audit,S,,unknown,A_binary_public_exact_link
HPGP_GLOBAL,SWE-016,levofloxacin,,,,mg/L,centralized phenotyping; exact per-isolate MIC not in code snapshot,see publication,see publication,publication-defined,under audit,S,,unknown,A_binary_public_exact_link
HPGP_GLOBAL,SWE-026,clarithromycin,,,,mg/L,centralized phenotyping; exact per-isolate MIC not in code snapshot,see publication,see publication,publication-defined,under audit,S,,unknown,A_binary_public_exact_link
HPGP_GLOBAL,SWE-026,levofloxacin,,,,mg/L,centralized phenotyping; exact per-isolate MIC not in code snapshot,see publication,see publication,publication-defined,under audit,S,,unknown,A_binary_public_exact_link
HPGP_GLOBAL,SWE-028,clarithromycin,,,,mg/L,centralized phenotyping; exact per-isolate MIC not in code snapshot,see publication,see publication,publication-defined,under audit,S,,unknown,A_binary_public_exact_link
HPGP_GLOBAL,SWE-028,levofloxacin,,,,mg/L,centralized phenotyping; exact per-isolate MIC not in code snapshot,see publication,see publication,publication-defined,under audit,S,,unknown,A_binary_public_exact_link
HPGP_GLOBAL,SWE-031,clarithromycin,,,,mg/L,centralized phenotyping; exact per-isolate MIC not in code snapshot,see publication,see publication,publication-defined,under audit,S,,unknown,A_binary_public_exact_link
HPGP_GLOBAL,SWE-031,levofloxacin,,,,mg/L,centralized phenotyping; exact per-isolate MIC not in code snapshot,see publication,see publication,publication-defined,under audit,S,,unknown,A_binary_public_exact_link
HPGP_GLOBAL,SWT-001,clarithromycin,,,,mg/L,centralized phenotyping; exact per-isolate MIC not in code snapshot,see publication,see publication,publication-defined,under audit,R,,unknown,A_binary_public_exact_link
HPGP_GLOBAL,SWT-001,levofloxacin,,,,mg/L,centralized phenotyping; exact per-isolate MIC not in code snapshot,see publication,see publication,publication-defined,under audit,R,,unknown,A_binary_public_exact_link
HPGP_GLOBAL,SWT-002,clarithromycin,,,,mg/L,centralized phenotyping; exact per-isolate MIC not in code snapshot,see publication,see publication,publication-defined,under audit,S,,unknown,A_binary_public_exact_link
HPGP_GLOBAL,SWT-002,levofloxacin,,,,mg/L,centralized phenotyping; exact per-isolate MIC not in code snapshot,see publication,see publication,publication-defined,under audit,R,,unknown,A_binary_public_exact_link
HPGP_GLOBAL,SWT-004,clarithromycin,,,,mg/L,centralized phenotyping; exact per-isolate MIC not in code snapshot,see publication,see publication,publication-defined,under audit,R,,unknown,A_binary_public_exact_link
HPGP_GLOBAL,SWT-004,levofloxacin,,,,mg/L,centralized phenotyping; exact per-isolate MIC not in code snapshot,see publication,see publication,publication-defined,under audit,S,,unknown,A_binary_public_exact_link
HPGP_GLOBAL,SWT-005,clarithromycin,,,,mg/L,centralized phenotyping; exact per-isolate MIC not in code snapshot,see publication,see publication,publication-defined,under audit,S,,unknown,A_binary_public_exact_link
HPGP_GLOBAL,SWT-005,levofloxacin,,,,mg/L,centralized phenotyping; exact per-isolate MIC not in code snapshot,see publication,see publication,publication-defined,under audit,S,,unknown,A_binary_public_exact_link
HPGP_GLOBAL,SWT-006,clarithromycin,,,,mg/L,centralized phenotyping; exact per-isolate MIC not in code snapshot,see publication,see publication,publication-defined,under audit,R,,unknown,A_binary_public_exact_link
HPGP_GLOBAL,SWT-006,levofloxacin,,,,mg/L,centralized phenotyping; exact per-isolate MIC not in code snapshot,see publication,see publication,publication-defined,under audit,S,,unknown,A_binary_public_exact_link
HPGP_GLOBAL,SWT-008,clarithromycin,,,,mg/L,centralized phenotyping; exact per-isolate MIC not in code snapshot,see publication,see publication,publication-defined,under audit,R,,unknown,A_binary_public_exact_link
HPGP_GLOBAL,SWT-008,levofloxacin,,,,mg/L,centralized phenotyping; exact per-isolate MIC not in code snapshot,see publication,see publication,publication-defined,under audit,S,,unknown,A_binary_public_exact_link
HPGP_GLOBAL,SWT-010,clarithromycin,,,,mg/L,centralized phenotyping; exact per-isolate MIC not in code snapshot,see publication,see publication,publication-defined,under audit,R,,unknown,A_binary_public_exact_link
HPGP_GLOBAL,SWT-010,levofloxacin,,,,mg/L,centralized phenotyping; exact per-isolate MIC not in code snapshot,see publication,see publication,publication-defined,under audit,S,,unknown,A_binary_public_exact_link
HPGP_GLOBAL,SWT-011,clarithromycin,,,,mg/L,centralized phenotyping; exact per-isolate MIC not in code snapshot,see publication,see publication,publication-defined,under audit,R,,unknown,A_binary_public_exact_link
HPGP_GLOBAL,SWT-011,levofloxacin,,,,mg/L,centralized phenotyping; exact per-isolate MIC not in code snapshot,see publication,see publication,publication-defined,under audit,R,,unknown,A_binary_public_exact_link
HPGP_GLOBAL,SWT-012,clarithromycin,,,,mg/L,centralized phenotyping; exact per-isolate MIC not in code snapshot,see publication,see publication,publication-defined,under audit,R,,unknown,A_binary_public_exact_link
HPGP_GLOBAL,SWT-012,levofloxacin,,,,mg/L,centralized phenotyping; exact per-isolate MIC not in code snapshot,see publication,see publication,publication-defined,under audit,S,,unknown,A_binary_public_exact_link
HPGP_GLOBAL,SWT-013,clarithromycin,,,,mg/L,centralized phenotyping; exact per-isolate MIC not in code snapshot,see publication,see publication,publication-defined,under audit,R,,unknown,A_binary_public_exact_link
HPGP_GLOBAL,SWT-013,levofloxacin,,,,mg/L,centralized phenotyping; exact per-isolate MIC not in code snapshot,see publication,see publication,publication-defined,under audit,R,,unknown,A_binary_public_exact_link
HPGP_GLOBAL,SWT-014,clarithromycin,,,,mg/L,centralized phenotyping; exact per-isolate MIC not in code snapshot,see publication,see publication,publication-defined,under audit,R,,unknown,A_binary_public_exact_link
HPGP_GLOBAL,SWT-014,levofloxacin,,,,mg/L,centralized phenotyping; exact per-isolate MIC not in code snapshot,see publication,see publication,publication-defined,under audit,S,,unknown,A_binary_public_exact_link
HPGP_GLOBAL,SWT-015,clarithromycin,,,,mg/L,centralized phenotyping; exact per-isolate MIC not in code snapshot,see publication,see publication,publication-defined,under audit,R,,unknown,A_binary_public_exact_link
HPGP_GLOBAL,SWT-015,levofloxacin,,,,mg/L,centralized phenotyping; exact per-isolate MIC not in code snapshot,see publication,see publication,publication-defined,under audit,S,,unknown,A_binary_public_exact_link
HPGP_GLOBAL,SWT-017,clarithromycin,,,,mg/L,centralized phenotyping; exact per-isolate MIC not in code snapshot,see publication,see publication,publication-defined,under audit,R,,unknown,A_binary_public_exact_link
HPGP_GLOBAL,SWT-017,levofloxacin,,,,mg/L,centralized phenotyping; exact per-isolate MIC not in code snapshot,see publication,see publication,publication-defined,under audit,S,,unknown,A_binary_public_exact_link
HPGP_GLOBAL,TUR-001,clarithromycin,,,,mg/L,centralized phenotyping; exact per-isolate MIC not in code snapshot,see publication,see publication,publication-defined,under audit,S,,unknown,A_binary_public_exact_link
HPGP_GLOBAL,TUR-001,levofloxacin,,,,mg/L,centralized phenotyping; exact per-isolate MIC not in code snapshot,see publication,see publication,publication-defined,under audit,R,,unknown,A_binary_public_exact_link
HPGP_GLOBAL,TUR-002,clarithromycin,,,,mg/L,centralized phenotyping; exact per-isolate MIC not in code snapshot,see publication,see publication,publication-defined,under audit,S,,unknown,A_binary_public_exact_link
HPGP_GLOBAL,TUR-002,levofloxacin,,,,mg/L,centralized phenotyping; exact per-isolate MIC not in code snapshot,see publication,see publication,publication-defined,under audit,S,,unknown,A_binary_public_exact_link
HPGP_GLOBAL,TUR-003,clarithromycin,,,,mg/L,centralized phenotyping; exact per-isolate MIC not in code snapshot,see publication,see publication,publication-defined,under audit,S,,unknown,A_binary_public_exact_link
HPGP_GLOBAL,TUR-003,levofloxacin,,,,mg/L,centralized phenotyping; exact per-isolate MIC not in code snapshot,see publication,see publication,publication-defined,under audit,S,,unknown,A_binary_public_exact_link
HPGP_GLOBAL,TUR-005,clarithromycin,,,,mg/L,centralized phenotyping; exact per-isolate MIC not in code snapshot,see publication,see publication,publication-defined,under audit,S,,unknown,A_binary_public_exact_link
HPGP_GLOBAL,TUR-005,levofloxacin,,,,mg/L,centralized phenotyping; exact per-isolate MIC not in code snapshot,see publication,see publication,publication-defined,under audit,S,,unknown,A_binary_public_exact_link
HPGP_GLOBAL,TUR-008,clarithromycin,,,,mg/L,centralized phenotyping; exact per-isolate MIC not in code snapshot,see publication,see publication,publication-defined,under audit,S,,unknown,A_binary_public_exact_link
HPGP_GLOBAL,TUR-008,levofloxacin,,,,mg/L,centralized phenotyping; exact per-isolate MIC not in code snapshot,see publication,see publication,publication-defined,under audit,S,,unknown,A_binary_public_exact_link
HPGP_GLOBAL,TUR-010,clarithromycin,,,,mg/L,centralized phenotyping; exact per-isolate MIC not in code snapshot,see publication,see publication,publication-defined,under audit,S,,unknown,A_binary_public_exact_link
HPGP_GLOBAL,TUR-010,levofloxacin,,,,mg/L,centralized phenotyping; exact per-isolate MIC not in code snapshot,see publication,see publication,publication-defined,under audit,S,,unknown,A_binary_public_exact_link
HPGP_GLOBAL,TUR-011,clarithromycin,,,,mg/L,centralized phenotyping; exact per-isolate MIC not in code snapshot,see publication,see publication,publication-defined,under audit,S,,unknown,A_binary_public_exact_link
HPGP_GLOBAL,TUR-011,levofloxacin,,,,mg/L,centralized phenotyping; exact per-isolate MIC not in code snapshot,see publication,see publication,publication-defined,under audit,S,,unknown,A_binary_public_exact_link
HPGP_GLOBAL,TUR-014,clarithromycin,,,,mg/L,centralized phenotyping; exact per-isolate MIC not in code snapshot,see publication,see publication,publication-defined,under audit,S,,unknown,A_binary_public_exact_link
HPGP_GLOBAL,TUR-014,levofloxacin,,,,mg/L,centralized phenotyping; exact per-isolate MIC not in code snapshot,see publication,see publication,publication-defined,under audit,R,,unknown,A_binary_public_exact_link
HPGP_GLOBAL,TUR-017,clarithromycin,,,,mg/L,centralized phenotyping; exact per-isolate MIC not in code snapshot,see publication,see publication,publication-defined,under audit,S,,unknown,A_binary_public_exact_link
HPGP_GLOBAL,TUR-017,levofloxacin,,,,mg/L,centralized phenotyping; exact per-isolate MIC not in code snapshot,see publication,see publication,publication-defined,under audit,R,,unknown,A_binary_public_exact_link
HPGP_GLOBAL,TUR-023,clarithromycin,,,,mg/L,centralized phenotyping; exact per-isolate MIC not in code snapshot,see publication,see publication,publication-defined,under audit,R,,unknown,A_binary_public_exact_link
HPGP_GLOBAL,TUR-023,levofloxacin,,,,mg/L,centralized phenotyping; exact per-isolate MIC not in code snapshot,see publication,see publication,publication-defined,under audit,R,,unknown,A_binary_public_exact_link
HPGP_GLOBAL,TWN-001,clarithromycin,,,,mg/L,centralized phenotyping; exact per-isolate MIC not in code snapshot,see publication,see publication,publication-defined,under audit,R,,unknown,A_binary_public_exact_link
HPGP_GLOBAL,TWN-001,levofloxacin,,,,mg/L,centralized phenotyping; exact per-isolate MIC not in code snapshot,see publication,see publication,publication-defined,under audit,S,,unknown,A_binary_public_exact_link
HPGP_GLOBAL,TWN-004,clarithromycin,,,,mg/L,centralized phenotyping; exact per-isolate MIC not in code snapshot,see publication,see publication,publication-defined,under audit,R,,unknown,A_binary_public_exact_link
HPGP_GLOBAL,TWN-004,levofloxacin,,,,mg/L,centralized phenotyping; exact per-isolate MIC not in code snapshot,see publication,see publication,publication-defined,under audit,S,,unknown,A_binary_public_exact_link
HPGP_GLOBAL,TWN-005,clarithromycin,,,,mg/L,centralized phenotyping; exact per-isolate MIC not in code snapshot,see publication,see publication,publication-defined,under audit,R,,unknown,A_binary_public_exact_link
HPGP_GLOBAL,TWN-005,levofloxacin,,,,mg/L,centralized phenotyping; exact per-isolate MIC not in code snapshot,see publication,see publication,publication-defined,under audit,R,,unknown,A_binary_public_exact_link
HPGP_GLOBAL,TWN-006,clarithromycin,,,,mg/L,centralized phenotyping; exact per-isolate MIC not in code snapshot,see publication,see publication,publication-defined,under audit,R,,unknown,A_binary_public_exact_link
HPGP_GLOBAL,TWN-006,levofloxacin,,,,mg/L,centralized phenotyping; exact per-isolate MIC not in code snapshot,see publication,see publication,publication-defined,under audit,R,,unknown,A_binary_public_exact_link
HPGP_GLOBAL,TWN-007,clarithromycin,,,,mg/L,centralized phenotyping; exact per-isolate MIC not in code snapshot,see publication,see publication,publication-defined,under audit,R,,unknown,A_binary_public_exact_link
HPGP_GLOBAL,TWN-007,levofloxacin,,,,mg/L,centralized phenotyping; exact per-isolate MIC not in code snapshot,see publication,see publication,publication-defined,under audit,R,,unknown,A_binary_public_exact_link
HPGP_GLOBAL,TWN-008,clarithromycin,,,,mg/L,centralized phenotyping; exact per-isolate MIC not in code snapshot,see publication,see publication,publication-defined,under audit,S,,unknown,A_binary_public_exact_link
HPGP_GLOBAL,TWN-008,levofloxacin,,,,mg/L,centralized phenotyping; exact per-isolate MIC not in code snapshot,see publication,see publication,publication-defined,under audit,S,,unknown,A_binary_public_exact_link
HPGP_GLOBAL,TWN-009,clarithromycin,,,,mg/L,centralized phenotyping; exact per-isolate MIC not in code snapshot,see publication,see publication,publication-defined,under audit,R,,unknown,A_binary_public_exact_link
HPGP_GLOBAL,TWN-009,levofloxacin,,,,mg/L,centralized phenotyping; exact per-isolate MIC not in code snapshot,see publication,see publication,publication-defined,under audit,R,,unknown,A_binary_public_exact_link
HPGP_GLOBAL,TWN-020,clarithromycin,,,,mg/L,centralized phenotyping; exact per-isolate MIC not in code snapshot,see publication,see publication,publication-defined,under audit,S,,unknown,A_binary_public_exact_link
HPGP_GLOBAL,TWN-020,levofloxacin,,,,mg/L,centralized phenotyping; exact per-isolate MIC not in code snapshot,see publication,see publication,publication-defined,under audit,S,,unknown,A_binary_public_exact_link
HPGP_GLOBAL,TWN-022,clarithromycin,,,,mg/L,centralized phenotyping; exact per-isolate MIC not in code snapshot,see publication,see publication,publication-defined,under audit,S,,unknown,A_binary_public_exact_link
HPGP_GLOBAL,TWN-022,levofloxacin,,,,mg/L,centralized phenotyping; exact per-isolate MIC not in code snapshot,see publication,see publication,publication-defined,under audit,S,,unknown,A_binary_public_exact_link
HPGP_GLOBAL,TWN-023,clarithromycin,,,,mg/L,centralized phenotyping; exact per-isolate MIC not in code snapshot,see publication,see publication,publication-defined,under audit,S,,unknown,A_binary_public_exact_link
HPGP_GLOBAL,TWN-023,levofloxacin,,,,mg/L,centralized phenotyping; exact per-isolate MIC not in code snapshot,see publication,see publication,publication-defined,under audit,S,,unknown,A_binary_public_exact_link
HPGP_GLOBAL,USA-002,clarithromycin,,,,mg/L,centralized phenotyping; exact per-isolate MIC not in code snapshot,see publication,see publication,publication-defined,under audit,S,,unknown,A_binary_public_exact_link
HPGP_GLOBAL,USA-002,levofloxacin,,,,mg/L,centralized phenotyping; exact per-isolate MIC not in code snapshot,see publication,see publication,publication-defined,under audit,S,,unknown,A_binary_public_exact_link
HPGP_GLOBAL,USA-003,clarithromycin,,,,mg/L,centralized phenotyping; exact per-isolate MIC not in code snapshot,see publication,see publication,publication-defined,under audit,R,,unknown,A_binary_public_exact_link
HPGP_GLOBAL,USA-003,levofloxacin,,,,mg/L,centralized phenotyping; exact per-isolate MIC not in code snapshot,see publication,see publication,publication-defined,under audit,R,,unknown,A_binary_public_exact_link
HPGP_GLOBAL,USA-102,clarithromycin,,,,mg/L,centralized phenotyping; exact per-isolate MIC not in code snapshot,see publication,see publication,publication-defined,under audit,S,,unknown,A_binary_public_exact_link
HPGP_GLOBAL,USA-102,levofloxacin,,,,mg/L,centralized phenotyping; exact per-isolate MIC not in code snapshot,see publication,see publication,publication-defined,under audit,R,,unknown,A_binary_public_exact_link
HPGP_GLOBAL,USA-104,clarithromycin,,,,mg/L,centralized phenotyping; exact per-isolate MIC not in code snapshot,see publication,see publication,publication-defined,under audit,S,,unknown,A_binary_public_exact_link
HPGP_GLOBAL,USA-104,levofloxacin,,,,mg/L,centralized phenotyping; exact per-isolate MIC not in code snapshot,see publication,see publication,publication-defined,under audit,R,,unknown,A_binary_public_exact_link
HPGP_GLOBAL,USA-105,clarithromycin,,,,mg/L,centralized phenotyping; exact per-isolate MIC not in code snapshot,see publication,see publication,publication-defined,under audit,S,,unknown,A_binary_public_exact_link
HPGP_GLOBAL,USA-105,levofloxacin,,,,mg/L,centralized phenotyping; exact per-isolate MIC not in code snapshot,see publication,see publication,publication-defined,under audit,R,,unknown,A_binary_public_exact_link
HPGP_GLOBAL,USA-106,clarithromycin,,,,mg/L,centralized phenotyping; exact per-isolate MIC not in code snapshot,see publication,see publication,publication-defined,under audit,S,,unknown,A_binary_public_exact_link
HPGP_GLOBAL,USA-106,levofloxacin,,,,mg/L,centralized phenotyping; exact per-isolate MIC not in code snapshot,see publication,see publication,publication-defined,under audit,S,,unknown,A_binary_public_exact_link
HPGP_GLOBAL,USA-202,clarithromycin,,,,mg/L,centralized phenotyping; exact per-isolate MIC not in code snapshot,see publication,see publication,publication-defined,under audit,S,,unknown,A_binary_public_exact_link
HPGP_GLOBAL,USA-202,levofloxacin,,,,mg/L,centralized phenotyping; exact per-isolate MIC not in code snapshot,see publication,see publication,publication-defined,under audit,R,,unknown,A_binary_public_exact_link
HPGP_GLOBAL,USA-204,clarithromycin,,,,mg/L,centralized phenotyping; exact per-isolate MIC not in code snapshot,see publication,see publication,publication-defined,under audit,S,,unknown,A_binary_public_exact_link
HPGP_GLOBAL,USA-204,levofloxacin,,,,mg/L,centralized phenotyping; exact per-isolate MIC not in code snapshot,see publication,see publication,publication-defined,under audit,S,,unknown,A_binary_public_exact_link
HPGP_GLOBAL,USA-206,clarithromycin,,,,mg/L,centralized phenotyping; exact per-isolate MIC not in code snapshot,see publication,see publication,publication-defined,under audit,S,,unknown,A_binary_public_exact_link
HPGP_GLOBAL,USA-206,levofloxacin,,,,mg/L,centralized phenotyping; exact per-isolate MIC not in code snapshot,see publication,see publication,publication-defined,under audit,S,,unknown,A_binary_public_exact_link
HPGP_GLOBAL,USA-207,clarithromycin,,,,mg/L,centralized phenotyping; exact per-isolate MIC not in code snapshot,see publication,see publication,publication-defined,under audit,S,,unknown,A_binary_public_exact_link
HPGP_GLOBAL,USA-207,levofloxacin,,,,mg/L,centralized phenotyping; exact per-isolate MIC not in code snapshot,see publication,see publication,publication-defined,under audit,S,,unknown,A_binary_public_exact_link
HPGP_GLOBAL,USA-302,clarithromycin,,,,mg/L,centralized phenotyping; exact per-isolate MIC not in code snapshot,see publication,see publication,publication-defined,under audit,S,,unknown,A_binary_public_exact_link
HPGP_GLOBAL,USA-302,levofloxacin,,,,mg/L,centralized phenotyping; exact per-isolate MIC not in code snapshot,see publication,see publication,publication-defined,under audit,S,,unknown,A_binary_public_exact_link
HPGP_GLOBAL,USA-304,clarithromycin,,,,mg/L,centralized phenotyping; exact per-isolate MIC not in code snapshot,see publication,see publication,publication-defined,under audit,S,,unknown,A_binary_public_exact_link
HPGP_GLOBAL,USA-304,levofloxacin,,,,mg/L,centralized phenotyping; exact per-isolate MIC not in code snapshot,see publication,see publication,publication-defined,under audit,R,,unknown,A_binary_public_exact_link
HPGP_GLOBAL,USA-311,clarithromycin,,,,mg/L,centralized phenotyping; exact per-isolate MIC not in code snapshot,see publication,see publication,publication-defined,under audit,R,,unknown,A_binary_public_exact_link
HPGP_GLOBAL,USA-311,levofloxacin,,,,mg/L,centralized phenotyping; exact per-isolate MIC not in code snapshot,see publication,see publication,publication-defined,under audit,S,,unknown,A_binary_public_exact_link
HPGP_GLOBAL,USA-406,clarithromycin,,,,mg/L,centralized phenotyping; exact per-isolate MIC not in code snapshot,see publication,see publication,publication-defined,under audit,S,,unknown,A_binary_public_exact_link
HPGP_GLOBAL,USA-406,levofloxacin,,,,mg/L,centralized phenotyping; exact per-isolate MIC not in code snapshot,see publication,see publication,publication-defined,under audit,S,,unknown,A_binary_public_exact_link
HPGP_GLOBAL,USA-414,clarithromycin,,,,mg/L,centralized phenotyping; exact per-isolate MIC not in code snapshot,see publication,see publication,publication-defined,under audit,S,,unknown,A_binary_public_exact_link
HPGP_GLOBAL,USA-414,levofloxacin,,,,mg/L,centralized phenotyping; exact per-isolate MIC not in code snapshot,see publication,see publication,publication-defined,under audit,S,,unknown,A_binary_public_exact_link
HPGP_GLOBAL,ZAF-001,clarithromycin,,,,mg/L,centralized phenotyping; exact per-isolate MIC not in code snapshot,see publication,see publication,publication-defined,under audit,S,,unknown,A_binary_public_exact_link
HPGP_GLOBAL,ZAF-001,levofloxacin,,,,mg/L,centralized phenotyping; exact per-isolate MIC not in code snapshot,see publication,see publication,publication-defined,under audit,R,,unknown,A_binary_public_exact_link
HPGP_GLOBAL,ZAF-002,clarithromycin,,,,mg/L,centralized phenotyping; exact per-isolate MIC not in code snapshot,see publication,see publication,publication-defined,under audit,S,,unknown,A_binary_public_exact_link
HPGP_GLOBAL,ZAF-002,levofloxacin,,,,mg/L,centralized phenotyping; exact per-isolate MIC not in code snapshot,see publication,see publication,publication-defined,under audit,R,,unknown,A_binary_public_exact_link
HPGP_GLOBAL,ZAF-004,clarithromycin,,,,mg/L,centralized phenotyping; exact per-isolate MIC not in code snapshot,see publication,see publication,publication-defined,under audit,S,,unknown,A_binary_public_exact_link
HPGP_GLOBAL,ZAF-004,levofloxacin,,,,mg/L,centralized phenotyping; exact per-isolate MIC not in code snapshot,see publication,see publication,publication-defined,under audit,S,,unknown,A_binary_public_exact_link
HPGP_GLOBAL,ZAF-006,clarithromycin,,,,mg/L,centralized phenotyping; exact per-isolate MIC not in code snapshot,see publication,see publication,publication-defined,under audit,S,,unknown,A_binary_public_exact_link
HPGP_GLOBAL,ZAF-006,levofloxacin,,,,mg/L,centralized phenotyping; exact per-isolate MIC not in code snapshot,see publication,see publication,publication-defined,under audit,R,,unknown,A_binary_public_exact_link
CHINA_NINGXIA_2022,SHZY01,clarithromycin,32,32,=,mg/L,Etest (BIO-KONT),Mueller-Hinton blood agar,72 h; microaerophilic; 37 C,EUCAST,publication says EUCAST but does not state version,R,R,no,A_mic_public_exact_link
CHINA_NINGXIA_2022,SHZY01,levofloxacin,0.125,0.125,=,mg/L,Etest (BIO-KONT),Mueller-Hinton blood agar,72 h; microaerophilic; 37 C,EUCAST,publication says EUCAST but does not state version,S,S,no,A_mic_public_exact_link
CHINA_NINGXIA_2022,SHZY01,amoxicillin,0.25,0.25,=,mg/L,Etest (BIO-KONT),Mueller-Hinton blood agar,72 h; microaerophilic; 37 C,EUCAST,publication says EUCAST but does not state version,R,R,no,A_mic_public_exact_link
CHINA_NINGXIA_2022,SHZY01,furazolidone,0.125,0.125,=,mg/L,Etest (BIO-KONT),Mueller-Hinton blood agar,72 h; microaerophilic; 37 C,study literature rule,4 mg/L resistance breakpoint,S,S,no,A_mic_public_exact_link
CHINA_NINGXIA_2022,SHZY01,tetracycline,2,2,=,mg/L,Etest (BIO-KONT),Mueller-Hinton blood agar,72 h; microaerophilic; 37 C,EUCAST,publication says EUCAST but does not state version,R,R,no,A_mic_public_exact_link
CHINA_NINGXIA_2022,SHZY01,metronidazole,>32,32,>,mg/L,Etest (BIO-KONT),Mueller-Hinton blood agar,72 h; microaerophilic; 37 C,EUCAST,publication says EUCAST but does not state version,R,R,no,A_mic_public_exact_link
CHINA_NINGXIA_2022,SHZY02,clarithromycin,0.008,0.008,=,mg/L,Etest (BIO-KONT),Mueller-Hinton blood agar,72 h; microaerophilic; 37 C,EUCAST,publication says EUCAST but does not state version,S,S,no,A_mic_public_exact_link
CHINA_NINGXIA_2022,SHZY02,levofloxacin,4,4,=,mg/L,Etest (BIO-KONT),Mueller-Hinton blood agar,72 h; microaerophilic; 37 C,EUCAST,publication says EUCAST but does not state version,R,R,no,A_mic_public_exact_link
CHINA_NINGXIA_2022,SHZY02,amoxicillin,0.125,0.125,=,mg/L,Etest (BIO-KONT),Mueller-Hinton blood agar,72 h; microaerophilic; 37 C,EUCAST,publication says EUCAST but does not state version,S,S,yes,A_mic_public_exact_link
CHINA_NINGXIA_2022,SHZY02,furazolidone,0.25,0.25,=,mg/L,Etest (BIO-KONT),Mueller-Hinton blood agar,72 h; microaerophilic; 37 C,study literature rule,4 mg/L resistance breakpoint,S,S,no,A_mic_public_exact_link
CHINA_NINGXIA_2022,SHZY02,tetracycline,0.064,0.064,=,mg/L,Etest (BIO-KONT),Mueller-Hinton blood agar,72 h; microaerophilic; 37 C,EUCAST,publication says EUCAST but does not state version,S,S,no,A_mic_public_exact_link
CHINA_NINGXIA_2022,SHZY02,metronidazole,>32,32,>,mg/L,Etest (BIO-KONT),Mueller-Hinton blood agar,72 h; microaerophilic; 37 C,EUCAST,publication says EUCAST but does not state version,R,R,no,A_mic_public_exact_link
CHINA_NINGXIA_2022,SHZY03,clarithromycin,0.5,0.5,=,mg/L,Etest (BIO-KONT),Mueller-Hinton blood agar,72 h; microaerophilic; 37 C,EUCAST,publication says EUCAST but does not state version,S,I,yes,A_mic_public_exact_link
CHINA_NINGXIA_2022,SHZY03,levofloxacin,0.25,0.25,=,mg/L,Etest (BIO-KONT),Mueller-Hinton blood agar,72 h; microaerophilic; 37 C,EUCAST,publication says EUCAST but does not state version,S,S,no,A_mic_public_exact_link
CHINA_NINGXIA_2022,SHZY03,amoxicillin,0.064,0.064,=,mg/L,Etest (BIO-KONT),Mueller-Hinton blood agar,72 h; microaerophilic; 37 C,EUCAST,publication says EUCAST but does not state version,S,S,no,A_mic_public_exact_link
CHINA_NINGXIA_2022,SHZY03,furazolidone,0.125,0.125,=,mg/L,Etest (BIO-KONT),Mueller-Hinton blood agar,72 h; microaerophilic; 37 C,study literature rule,4 mg/L resistance breakpoint,S,S,no,A_mic_public_exact_link
CHINA_NINGXIA_2022,SHZY03,tetracycline,0.125,0.125,=,mg/L,Etest (BIO-KONT),Mueller-Hinton blood agar,72 h; microaerophilic; 37 C,EUCAST,publication says EUCAST but does not state version,S,S,no,A_mic_public_exact_link
CHINA_NINGXIA_2022,SHZY03,metronidazole,>32,32,>,mg/L,Etest (BIO-KONT),Mueller-Hinton blood agar,72 h; microaerophilic; 37 C,EUCAST,publication says EUCAST but does not state version,R,R,no,A_mic_public_exact_link
CHINA_NINGXIA_2022,SHZY04,clarithromycin,8,8,=,mg/L,Etest (BIO-KONT),Mueller-Hinton blood agar,72 h; microaerophilic; 37 C,EUCAST,publication says EUCAST but does not state version,R,R,no,A_mic_public_exact_link
CHINA_NINGXIA_2022,SHZY04,levofloxacin,8,8,=,mg/L,Etest (BIO-KONT),Mueller-Hinton blood agar,72 h; microaerophilic; 37 C,EUCAST,publication says EUCAST but does not state version,R,R,no,A_mic_public_exact_link
CHINA_NINGXIA_2022,SHZY04,amoxicillin,256,256,=,mg/L,Etest (BIO-KONT),Mueller-Hinton blood agar,72 h; microaerophilic; 37 C,EUCAST,publication says EUCAST but does not state version,R,R,no,A_mic_public_exact_link
CHINA_NINGXIA_2022,SHZY04,furazolidone,0.032,0.032,=,mg/L,Etest (BIO-KONT),Mueller-Hinton blood agar,72 h; microaerophilic; 37 C,study literature rule,4 mg/L resistance breakpoint,S,S,no,A_mic_public_exact_link
CHINA_NINGXIA_2022,SHZY04,tetracycline,0.064,0.064,=,mg/L,Etest (BIO-KONT),Mueller-Hinton blood agar,72 h; microaerophilic; 37 C,EUCAST,publication says EUCAST but does not state version,S,S,no,A_mic_public_exact_link
CHINA_NINGXIA_2022,SHZY04,metronidazole,>32,32,>,mg/L,Etest (BIO-KONT),Mueller-Hinton blood agar,72 h; microaerophilic; 37 C,EUCAST,publication says EUCAST but does not state version,R,R,no,A_mic_public_exact_link
CHINA_NINGXIA_2022,SHZY05,clarithromycin,2,2,=,mg/L,Etest (BIO-KONT),Mueller-Hinton blood agar,72 h; microaerophilic; 37 C,EUCAST,publication says EUCAST but does not state version,R,R,no,A_mic_public_exact_link
CHINA_NINGXIA_2022,SHZY05,levofloxacin,16,16,=,mg/L,Etest (BIO-KONT),Mueller-Hinton blood agar,72 h; microaerophilic; 37 C,EUCAST,publication says EUCAST but does not state version,R,R,no,A_mic_public_exact_link
CHINA_NINGXIA_2022,SHZY05,amoxicillin,0.125,0.125,=,mg/L,Etest (BIO-KONT),Mueller-Hinton blood agar,72 h; microaerophilic; 37 C,EUCAST,publication says EUCAST but does not state version,S,S,yes,A_mic_public_exact_link
CHINA_NINGXIA_2022,SHZY05,furazolidone,0.5,0.5,=,mg/L,Etest (BIO-KONT),Mueller-Hinton blood agar,72 h; microaerophilic; 37 C,study literature rule,4 mg/L resistance breakpoint,S,S,no,A_mic_public_exact_link
CHINA_NINGXIA_2022,SHZY05,tetracycline,0.064,0.064,=,mg/L,Etest (BIO-KONT),Mueller-Hinton blood agar,72 h; microaerophilic; 37 C,EUCAST,publication says EUCAST but does not state version,S,S,no,A_mic_public_exact_link
CHINA_NINGXIA_2022,SHZY05,metronidazole,>32,32,>,mg/L,Etest (BIO-KONT),Mueller-Hinton blood agar,72 h; microaerophilic; 37 C,EUCAST,publication says EUCAST but does not state version,R,R,no,A_mic_public_exact_link
CHINA_NINGXIA_2022,SHZY06,clarithromycin,>256,256,>,mg/L,Etest (BIO-KONT),Mueller-Hinton blood agar,72 h; microaerophilic; 37 C,EUCAST,publication says EUCAST but does not state version,R,R,no,A_mic_public_exact_link
CHINA_NINGXIA_2022,SHZY06,levofloxacin,0.5,0.5,=,mg/L,Etest (BIO-KONT),Mueller-Hinton blood agar,72 h; microaerophilic; 37 C,EUCAST,publication says EUCAST but does not state version,S,S,no,A_mic_public_exact_link
CHINA_NINGXIA_2022,SHZY06,amoxicillin,2,2,=,mg/L,Etest (BIO-KONT),Mueller-Hinton blood agar,72 h; microaerophilic; 37 C,EUCAST,publication says EUCAST but does not state version,R,R,no,A_mic_public_exact_link
CHINA_NINGXIA_2022,SHZY06,furazolidone,0.5,0.5,=,mg/L,Etest (BIO-KONT),Mueller-Hinton blood agar,72 h; microaerophilic; 37 C,study literature rule,4 mg/L resistance breakpoint,S,S,no,A_mic_public_exact_link
CHINA_NINGXIA_2022,SHZY06,tetracycline,0.25,0.25,=,mg/L,Etest (BIO-KONT),Mueller-Hinton blood agar,72 h; microaerophilic; 37 C,EUCAST,publication says EUCAST but does not state version,S,S,no,A_mic_public_exact_link
CHINA_NINGXIA_2022,SHZY06,metronidazole,>32,32,>,mg/L,Etest (BIO-KONT),Mueller-Hinton blood agar,72 h; microaerophilic; 37 C,EUCAST,publication says EUCAST but does not state version,R,R,no,A_mic_public_exact_link
CHINA_NINGXIA_2022,SHZY07,clarithromycin,2,2,=,mg/L,Etest (BIO-KONT),Mueller-Hinton blood agar,72 h; microaerophilic; 37 C,EUCAST,publication says EUCAST but does not state version,R,R,no,A_mic_public_exact_link
CHINA_NINGXIA_2022,SHZY07,levofloxacin,16,16,=,mg/L,Etest (BIO-KONT),Mueller-Hinton blood agar,72 h; microaerophilic; 37 C,EUCAST,publication says EUCAST but does not state version,R,R,no,A_mic_public_exact_link
CHINA_NINGXIA_2022,SHZY07,amoxicillin,0.064,0.064,=,mg/L,Etest (BIO-KONT),Mueller-Hinton blood agar,72 h; microaerophilic; 37 C,EUCAST,publication says EUCAST but does not state version,S,S,no,A_mic_public_exact_link
CHINA_NINGXIA_2022,SHZY07,furazolidone,0.008,0.008,=,mg/L,Etest (BIO-KONT),Mueller-Hinton blood agar,72 h; microaerophilic; 37 C,study literature rule,4 mg/L resistance breakpoint,S,S,no,A_mic_public_exact_link
CHINA_NINGXIA_2022,SHZY07,tetracycline,0.064,0.064,=,mg/L,Etest (BIO-KONT),Mueller-Hinton blood agar,72 h; microaerophilic; 37 C,EUCAST,publication says EUCAST but does not state version,S,S,no,A_mic_public_exact_link
CHINA_NINGXIA_2022,SHZY07,metronidazole,>32,32,>,mg/L,Etest (BIO-KONT),Mueller-Hinton blood agar,72 h; microaerophilic; 37 C,EUCAST,publication says EUCAST but does not state version,R,R,no,A_mic_public_exact_link
CHINA_NINGXIA_2022,SHZY08,clarithromycin,0.125,0.125,=,mg/L,Etest (BIO-KONT),Mueller-Hinton blood agar,72 h; microaerophilic; 37 C,EUCAST,publication says EUCAST but does not state version,S,S,no,A_mic_public_exact_link
CHINA_NINGXIA_2022,SHZY08,levofloxacin,>32,32,>,mg/L,Etest (BIO-KONT),Mueller-Hinton blood agar,72 h; microaerophilic; 37 C,EUCAST,publication says EUCAST but does not state version,R,R,no,A_mic_public_exact_link
CHINA_NINGXIA_2022,SHZY08,amoxicillin,0.064,0.064,=,mg/L,Etest (BIO-KONT),Mueller-Hinton blood agar,72 h; microaerophilic; 37 C,EUCAST,publication says EUCAST but does not state version,S,S,no,A_mic_public_exact_link
CHINA_NINGXIA_2022,SHZY08,furazolidone,0.008,0.008,=,mg/L,Etest (BIO-KONT),Mueller-Hinton blood agar,72 h; microaerophilic; 37 C,study literature rule,4 mg/L resistance breakpoint,S,S,no,A_mic_public_exact_link
CHINA_NINGXIA_2022,SHZY08,tetracycline,0.064,0.064,=,mg/L,Etest (BIO-KONT),Mueller-Hinton blood agar,72 h; microaerophilic; 37 C,EUCAST,publication says EUCAST but does not state version,S,S,no,A_mic_public_exact_link
CHINA_NINGXIA_2022,SHZY08,metronidazole,>32,32,>,mg/L,Etest (BIO-KONT),Mueller-Hinton blood agar,72 h; microaerophilic; 37 C,EUCAST,publication says EUCAST but does not state version,R,R,no,A_mic_public_exact_link
CHINA_NINGXIA_2022,SHZY09,clarithromycin,0.064,0.064,=,mg/L,Etest (BIO-KONT),Mueller-Hinton blood agar,72 h; microaerophilic; 37 C,EUCAST,publication says EUCAST but does not state version,S,S,no,A_mic_public_exact_link
CHINA_NINGXIA_2022,SHZY09,levofloxacin,0.25,0.25,=,mg/L,Etest (BIO-KONT),Mueller-Hinton blood agar,72 h; microaerophilic; 37 C,EUCAST,publication says EUCAST but does not state version,S,S,no,A_mic_public_exact_link
CHINA_NINGXIA_2022,SHZY09,amoxicillin,0.064,0.064,=,mg/L,Etest (BIO-KONT),Mueller-Hinton blood agar,72 h; microaerophilic; 37 C,EUCAST,publication says EUCAST but does not state version,S,S,no,A_mic_public_exact_link
CHINA_NINGXIA_2022,SHZY09,furazolidone,0.032,0.032,=,mg/L,Etest (BIO-KONT),Mueller-Hinton blood agar,72 h; microaerophilic; 37 C,study literature rule,4 mg/L resistance breakpoint,S,S,no,A_mic_public_exact_link
CHINA_NINGXIA_2022,SHZY09,tetracycline,0.064,0.064,=,mg/L,Etest (BIO-KONT),Mueller-Hinton blood agar,72 h; microaerophilic; 37 C,EUCAST,publication says EUCAST but does not state version,S,S,no,A_mic_public_exact_link
CHINA_NINGXIA_2022,SHZY09,metronidazole,>32,32,>,mg/L,Etest (BIO-KONT),Mueller-Hinton blood agar,72 h; microaerophilic; 37 C,EUCAST,publication says EUCAST but does not state version,R,R,no,A_mic_public_exact_link
CHINA_NINGXIA_2022,SHZY10,clarithromycin,0.064,0.064,=,mg/L,Etest (BIO-KONT),Mueller-Hinton blood agar,72 h; microaerophilic; 37 C,EUCAST,publication says EUCAST but does not state version,S,S,no,A_mic_public_exact_link
CHINA_NINGXIA_2022,SHZY10,levofloxacin,0.125,0.125,=,mg/L,Etest (BIO-KONT),Mueller-Hinton blood agar,72 h; microaerophilic; 37 C,EUCAST,publication says EUCAST but does not state version,S,S,no,A_mic_public_exact_link
CHINA_NINGXIA_2022,SHZY10,amoxicillin,0.064,0.064,=,mg/L,Etest (BIO-KONT),Mueller-Hinton blood agar,72 h; microaerophilic; 37 C,EUCAST,publication says EUCAST but does not state version,S,S,no,A_mic_public_exact_link
CHINA_NINGXIA_2022,SHZY10,furazolidone,0.032,0.032,=,mg/L,Etest (BIO-KONT),Mueller-Hinton blood agar,72 h; microaerophilic; 37 C,study literature rule,4 mg/L resistance breakpoint,S,S,no,A_mic_public_exact_link
CHINA_NINGXIA_2022,SHZY10,tetracycline,0.064,0.064,=,mg/L,Etest (BIO-KONT),Mueller-Hinton blood agar,72 h; microaerophilic; 37 C,EUCAST,publication says EUCAST but does not state version,S,S,no,A_mic_public_exact_link
CHINA_NINGXIA_2022,SHZY10,metronidazole,>32,32,>,mg/L,Etest (BIO-KONT),Mueller-Hinton blood agar,72 h; microaerophilic; 37 C,EUCAST,publication says EUCAST but does not state version,R,R,no,A_mic_public_exact_link
CHINA_NINGXIA_2022,SHZY11,clarithromycin,2,2,=,mg/L,Etest (BIO-KONT),Mueller-Hinton blood agar,72 h; microaerophilic; 37 C,EUCAST,publication says EUCAST but does not state version,R,R,no,A_mic_public_exact_link
CHINA_NINGXIA_2022,SHZY11,levofloxacin,0.008,0.008,=,mg/L,Etest (BIO-KONT),Mueller-Hinton blood agar,72 h; microaerophilic; 37 C,EUCAST,publication says EUCAST but does not state version,S,S,no,A_mic_public_exact_link
CHINA_NINGXIA_2022,SHZY11,amoxicillin,0.064,0.064,=,mg/L,Etest (BIO-KONT),Mueller-Hinton blood agar,72 h; microaerophilic; 37 C,EUCAST,publication says EUCAST but does not state version,S,S,no,A_mic_public_exact_link
CHINA_NINGXIA_2022,SHZY11,furazolidone,0.25,0.25,=,mg/L,Etest (BIO-KONT),Mueller-Hinton blood agar,72 h; microaerophilic; 37 C,study literature rule,4 mg/L resistance breakpoint,S,S,no,A_mic_public_exact_link
CHINA_NINGXIA_2022,SHZY11,tetracycline,0.064,0.064,=,mg/L,Etest (BIO-KONT),Mueller-Hinton blood agar,72 h; microaerophilic; 37 C,EUCAST,publication says EUCAST but does not state version,S,S,no,A_mic_public_exact_link
CHINA_NINGXIA_2022,SHZY11,metronidazole,>32,32,>,mg/L,Etest (BIO-KONT),Mueller-Hinton blood agar,72 h; microaerophilic; 37 C,EUCAST,publication says EUCAST but does not state version,R,R,no,A_mic_public_exact_link
CHINA_NINGXIA_2022,SHZY12,clarithromycin,0.064,0.064,=,mg/L,Etest (BIO-KONT),Mueller-Hinton blood agar,72 h; microaerophilic; 37 C,EUCAST,publication says EUCAST but does not state version,S,S,no,A_mic_public_exact_link
CHINA_NINGXIA_2022,SHZY12,levofloxacin,2,2,=,mg/L,Etest (BIO-KONT),Mueller-Hinton blood agar,72 h; microaerophilic; 37 C,EUCAST,publication says EUCAST but does not state version,R,R,no,A_mic_public_exact_link
CHINA_NINGXIA_2022,SHZY12,amoxicillin,0.064,0.064,=,mg/L,Etest (BIO-KONT),Mueller-Hinton blood agar,72 h; microaerophilic; 37 C,EUCAST,publication says EUCAST but does not state version,S,S,no,A_mic_public_exact_link
CHINA_NINGXIA_2022,SHZY12,furazolidone,4,4,=,mg/L,Etest (BIO-KONT),Mueller-Hinton blood agar,72 h; microaerophilic; 37 C,study literature rule,4 mg/L resistance breakpoint,R,R,yes,A_mic_public_exact_link
CHINA_NINGXIA_2022,SHZY12,tetracycline,0.064,0.064,=,mg/L,Etest (BIO-KONT),Mueller-Hinton blood agar,72 h; microaerophilic; 37 C,EUCAST,publication says EUCAST but does not state version,S,S,no,A_mic_public_exact_link
CHINA_NINGXIA_2022,SHZY12,metronidazole,>32,32,>,mg/L,Etest (BIO-KONT),Mueller-Hinton blood agar,72 h; microaerophilic; 37 C,EUCAST,publication says EUCAST but does not state version,R,R,no,A_mic_public_exact_link
CHINA_NINGXIA_2022,SHZY13,clarithromycin,2,2,=,mg/L,Etest (BIO-KONT),Mueller-Hinton blood agar,72 h; microaerophilic; 37 C,EUCAST,publication says EUCAST but does not state version,R,R,no,A_mic_public_exact_link
CHINA_NINGXIA_2022,SHZY13,levofloxacin,>32,32,>,mg/L,Etest (BIO-KONT),Mueller-Hinton blood agar,72 h; microaerophilic; 37 C,EUCAST,publication says EUCAST but does not state version,R,R,no,A_mic_public_exact_link
CHINA_NINGXIA_2022,SHZY13,amoxicillin,0.064,0.064,=,mg/L,Etest (BIO-KONT),Mueller-Hinton blood agar,72 h; microaerophilic; 37 C,EUCAST,publication says EUCAST but does not state version,S,S,no,A_mic_public_exact_link
CHINA_NINGXIA_2022,SHZY13,furazolidone,0.008,0.008,=,mg/L,Etest (BIO-KONT),Mueller-Hinton blood agar,72 h; microaerophilic; 37 C,study literature rule,4 mg/L resistance breakpoint,S,S,no,A_mic_public_exact_link
CHINA_NINGXIA_2022,SHZY13,tetracycline,0.064,0.064,=,mg/L,Etest (BIO-KONT),Mueller-Hinton blood agar,72 h; microaerophilic; 37 C,EUCAST,publication says EUCAST but does not state version,S,S,no,A_mic_public_exact_link
CHINA_NINGXIA_2022,SHZY13,metronidazole,>32,32,>,mg/L,Etest (BIO-KONT),Mueller-Hinton blood agar,72 h; microaerophilic; 37 C,EUCAST,publication says EUCAST but does not state version,R,R,no,A_mic_public_exact_link
CHINA_NINGXIA_2022,SHZY14,clarithromycin,>256,256,>,mg/L,Etest (BIO-KONT),Mueller-Hinton blood agar,72 h; microaerophilic; 37 C,EUCAST,publication says EUCAST but does not state version,R,R,no,A_mic_public_exact_link
CHINA_NINGXIA_2022,SHZY14,levofloxacin,0.008,0.008,=,mg/L,Etest (BIO-KONT),Mueller-Hinton blood agar,72 h; microaerophilic; 37 C,EUCAST,publication says EUCAST but does not state version,S,S,no,A_mic_public_exact_link
CHINA_NINGXIA_2022,SHZY14,amoxicillin,0.064,0.064,=,mg/L,Etest (BIO-KONT),Mueller-Hinton blood agar,72 h; microaerophilic; 37 C,EUCAST,publication says EUCAST but does not state version,S,S,no,A_mic_public_exact_link
CHINA_NINGXIA_2022,SHZY14,furazolidone,4,4,=,mg/L,Etest (BIO-KONT),Mueller-Hinton blood agar,72 h; microaerophilic; 37 C,study literature rule,4 mg/L resistance breakpoint,R,R,yes,A_mic_public_exact_link
CHINA_NINGXIA_2022,SHZY14,tetracycline,0.008,0.008,=,mg/L,Etest (BIO-KONT),Mueller-Hinton blood agar,72 h; microaerophilic; 37 C,EUCAST,publication says EUCAST but does not state version,S,S,no,A_mic_public_exact_link
CHINA_NINGXIA_2022,SHZY14,metronidazole,>32,32,>,mg/L,Etest (BIO-KONT),Mueller-Hinton blood agar,72 h; microaerophilic; 37 C,EUCAST,publication says EUCAST but does not state version,R,R,no,A_mic_public_exact_link
CHINA_NINGXIA_2022,SHZY15,clarithromycin,>256,256,>,mg/L,Etest (BIO-KONT),Mueller-Hinton blood agar,72 h; microaerophilic; 37 C,EUCAST,publication says EUCAST but does not state version,R,R,no,A_mic_public_exact_link
CHINA_NINGXIA_2022,SHZY15,levofloxacin,>32,32,>,mg/L,Etest (BIO-KONT),Mueller-Hinton blood agar,72 h; microaerophilic; 37 C,EUCAST,publication says EUCAST but does not state version,R,R,no,A_mic_public_exact_link
CHINA_NINGXIA_2022,SHZY15,amoxicillin,0.064,0.064,=,mg/L,Etest (BIO-KONT),Mueller-Hinton blood agar,72 h; microaerophilic; 37 C,EUCAST,publication says EUCAST but does not state version,S,S,no,A_mic_public_exact_link
CHINA_NINGXIA_2022,SHZY15,furazolidone,0.008,0.008,=,mg/L,Etest (BIO-KONT),Mueller-Hinton blood agar,72 h; microaerophilic; 37 C,study literature rule,4 mg/L resistance breakpoint,S,S,no,A_mic_public_exact_link
CHINA_NINGXIA_2022,SHZY15,tetracycline,0.064,0.064,=,mg/L,Etest (BIO-KONT),Mueller-Hinton blood agar,72 h; microaerophilic; 37 C,EUCAST,publication says EUCAST but does not state version,S,S,no,A_mic_public_exact_link
CHINA_NINGXIA_2022,SHZY15,metronidazole,>32,32,>,mg/L,Etest (BIO-KONT),Mueller-Hinton blood agar,72 h; microaerophilic; 37 C,EUCAST,publication says EUCAST but does not state version,R,R,no,A_mic_public_exact_link
CHINA_NINGXIA_2022,SHZY16,clarithromycin,0.064,0.064,=,mg/L,Etest (BIO-KONT),Mueller-Hinton blood agar,72 h; microaerophilic; 37 C,EUCAST,publication says EUCAST but does not state version,S,S,no,A_mic_public_exact_link
CHINA_NINGXIA_2022,SHZY16,levofloxacin,0.008,0.008,=,mg/L,Etest (BIO-KONT),Mueller-Hinton blood agar,72 h; microaerophilic; 37 C,EUCAST,publication says EUCAST but does not state version,S,S,no,A_mic_public_exact_link
CHINA_NINGXIA_2022,SHZY16,amoxicillin,0.064,0.064,=,mg/L,Etest (BIO-KONT),Mueller-Hinton blood agar,72 h; microaerophilic; 37 C,EUCAST,publication says EUCAST but does not state version,S,S,no,A_mic_public_exact_link
CHINA_NINGXIA_2022,SHZY16,furazolidone,0.008,0.008,=,mg/L,Etest (BIO-KONT),Mueller-Hinton blood agar,72 h; microaerophilic; 37 C,study literature rule,4 mg/L resistance breakpoint,S,S,no,A_mic_public_exact_link
CHINA_NINGXIA_2022,SHZY16,tetracycline,0.064,0.064,=,mg/L,Etest (BIO-KONT),Mueller-Hinton blood agar,72 h; microaerophilic; 37 C,EUCAST,publication says EUCAST but does not state version,S,S,no,A_mic_public_exact_link
CHINA_NINGXIA_2022,SHZY16,metronidazole,>32,32,>,mg/L,Etest (BIO-KONT),Mueller-Hinton blood agar,72 h; microaerophilic; 37 C,EUCAST,publication says EUCAST but does not state version,R,R,no,A_mic_public_exact_link
CHINA_NINGXIA_2022,SHZY17,clarithromycin,8,8,=,mg/L,Etest (BIO-KONT),Mueller-Hinton blood agar,72 h; microaerophilic; 37 C,EUCAST,publication says EUCAST but does not state version,R,R,no,A_mic_public_exact_link
CHINA_NINGXIA_2022,SHZY17,levofloxacin,0.5,0.5,=,mg/L,Etest (BIO-KONT),Mueller-Hinton blood agar,72 h; microaerophilic; 37 C,EUCAST,publication says EUCAST but does not state version,S,S,no,A_mic_public_exact_link
CHINA_NINGXIA_2022,SHZY17,amoxicillin,0.064,0.064,=,mg/L,Etest (BIO-KONT),Mueller-Hinton blood agar,72 h; microaerophilic; 37 C,EUCAST,publication says EUCAST but does not state version,S,S,no,A_mic_public_exact_link
CHINA_NINGXIA_2022,SHZY17,furazolidone,4,4,=,mg/L,Etest (BIO-KONT),Mueller-Hinton blood agar,72 h; microaerophilic; 37 C,study literature rule,4 mg/L resistance breakpoint,R,R,yes,A_mic_public_exact_link
CHINA_NINGXIA_2022,SHZY17,tetracycline,0.125,0.125,=,mg/L,Etest (BIO-KONT),Mueller-Hinton blood agar,72 h; microaerophilic; 37 C,EUCAST,publication says EUCAST but does not state version,S,S,no,A_mic_public_exact_link
CHINA_NINGXIA_2022,SHZY17,metronidazole,>32,32,>,mg/L,Etest (BIO-KONT),Mueller-Hinton blood agar,72 h; microaerophilic; 37 C,EUCAST,publication says EUCAST but does not state version,R,R,no,A_mic_public_exact_link
CHINA_NINGXIA_2022,SHZY18,clarithromycin,2,2,=,mg/L,Etest (BIO-KONT),Mueller-Hinton blood agar,72 h; microaerophilic; 37 C,EUCAST,publication says EUCAST but does not state version,R,R,no,A_mic_public_exact_link
CHINA_NINGXIA_2022,SHZY18,levofloxacin,8,8,=,mg/L,Etest (BIO-KONT),Mueller-Hinton blood agar,72 h; microaerophilic; 37 C,EUCAST,publication says EUCAST but does not state version,R,R,no,A_mic_public_exact_link
CHINA_NINGXIA_2022,SHZY18,amoxicillin,0.064,0.064,=,mg/L,Etest (BIO-KONT),Mueller-Hinton blood agar,72 h; microaerophilic; 37 C,EUCAST,publication says EUCAST but does not state version,S,S,no,A_mic_public_exact_link
CHINA_NINGXIA_2022,SHZY18,furazolidone,0.016,0.016,=,mg/L,Etest (BIO-KONT),Mueller-Hinton blood agar,72 h; microaerophilic; 37 C,study literature rule,4 mg/L resistance breakpoint,S,S,no,A_mic_public_exact_link
CHINA_NINGXIA_2022,SHZY18,tetracycline,0.125,0.125,=,mg/L,Etest (BIO-KONT),Mueller-Hinton blood agar,72 h; microaerophilic; 37 C,EUCAST,publication says EUCAST but does not state version,S,S,no,A_mic_public_exact_link
CHINA_NINGXIA_2022,SHZY18,metronidazole,>32,32,>,mg/L,Etest (BIO-KONT),Mueller-Hinton blood agar,72 h; microaerophilic; 37 C,EUCAST,publication says EUCAST but does not state version,R,R,no,A_mic_public_exact_link
CHINA_NINGXIA_2022,SHZY19,clarithromycin,0.5,0.5,=,mg/L,Etest (BIO-KONT),Mueller-Hinton blood agar,72 h; microaerophilic; 37 C,EUCAST,publication says EUCAST but does not state version,S,I,yes,A_mic_public_exact_link
CHINA_NINGXIA_2022,SHZY19,levofloxacin,>32,32,>,mg/L,Etest (BIO-KONT),Mueller-Hinton blood agar,72 h; microaerophilic; 37 C,EUCAST,publication says EUCAST but does not state version,R,R,no,A_mic_public_exact_link
CHINA_NINGXIA_2022,SHZY19,amoxicillin,0.064,0.064,=,mg/L,Etest (BIO-KONT),Mueller-Hinton blood agar,72 h; microaerophilic; 37 C,EUCAST,publication says EUCAST but does not state version,S,S,no,A_mic_public_exact_link
CHINA_NINGXIA_2022,SHZY19,furazolidone,0.125,0.125,=,mg/L,Etest (BIO-KONT),Mueller-Hinton blood agar,72 h; microaerophilic; 37 C,study literature rule,4 mg/L resistance breakpoint,S,S,no,A_mic_public_exact_link
CHINA_NINGXIA_2022,SHZY19,tetracycline,0.064,0.064,=,mg/L,Etest (BIO-KONT),Mueller-Hinton blood agar,72 h; microaerophilic; 37 C,EUCAST,publication says EUCAST but does not state version,S,S,no,A_mic_public_exact_link
CHINA_NINGXIA_2022,SHZY19,metronidazole,>32,32,>,mg/L,Etest (BIO-KONT),Mueller-Hinton blood agar,72 h; microaerophilic; 37 C,EUCAST,publication says EUCAST but does not state version,R,R,no,A_mic_public_exact_link
CHINA_NINGXIA_2022,SHZY20,clarithromycin,0.064,0.064,=,mg/L,Etest (BIO-KONT),Mueller-Hinton blood agar,72 h; microaerophilic; 37 C,EUCAST,publication says EUCAST but does not state version,S,S,no,A_mic_public_exact_link
CHINA_NINGXIA_2022,SHZY20,levofloxacin,0.064,0.064,=,mg/L,Etest (BIO-KONT),Mueller-Hinton blood agar,72 h; microaerophilic; 37 C,EUCAST,publication says EUCAST but does not state version,S,S,no,A_mic_public_exact_link
CHINA_NINGXIA_2022,SHZY20,amoxicillin,0.064,0.064,=,mg/L,Etest (BIO-KONT),Mueller-Hinton blood agar,72 h; microaerophilic; 37 C,EUCAST,publication says EUCAST but does not state version,S,S,no,A_mic_public_exact_link
CHINA_NINGXIA_2022,SHZY20,furazolidone,0.25,0.25,=,mg/L,Etest (BIO-KONT),Mueller-Hinton blood agar,72 h; microaerophilic; 37 C,study literature rule,4 mg/L resistance breakpoint,S,S,no,A_mic_public_exact_link
CHINA_NINGXIA_2022,SHZY20,tetracycline,0.064,0.064,=,mg/L,Etest (BIO-KONT),Mueller-Hinton blood agar,72 h; microaerophilic; 37 C,EUCAST,publication says EUCAST but does not state version,S,S,no,A_mic_public_exact_link
CHINA_NINGXIA_2022,SHZY20,metronidazole,>32,32,>,mg/L,Etest (BIO-KONT),Mueller-Hinton blood agar,72 h; microaerophilic; 37 C,EUCAST,publication says EUCAST but does not state version,R,R,no,A_mic_public_exact_link
CHINA_NINGXIA_2022,SHZY21,clarithromycin,4,4,=,mg/L,Etest (BIO-KONT),Mueller-Hinton blood agar,72 h; microaerophilic; 37 C,EUCAST,publication says EUCAST but does not state version,R,R,no,A_mic_public_exact_link
CHINA_NINGXIA_2022,SHZY21,levofloxacin,0.5,0.5,=,mg/L,Etest (BIO-KONT),Mueller-Hinton blood agar,72 h; microaerophilic; 37 C,EUCAST,publication says EUCAST but does not state version,S,S,no,A_mic_public_exact_link
CHINA_NINGXIA_2022,SHZY21,amoxicillin,0.064,0.064,=,mg/L,Etest (BIO-KONT),Mueller-Hinton blood agar,72 h; microaerophilic; 37 C,EUCAST,publication says EUCAST but does not state version,S,S,no,A_mic_public_exact_link
CHINA_NINGXIA_2022,SHZY21,furazolidone,0.008,0.008,=,mg/L,Etest (BIO-KONT),Mueller-Hinton blood agar,72 h; microaerophilic; 37 C,study literature rule,4 mg/L resistance breakpoint,S,S,no,A_mic_public_exact_link
CHINA_NINGXIA_2022,SHZY21,tetracycline,0.25,0.25,=,mg/L,Etest (BIO-KONT),Mueller-Hinton blood agar,72 h; microaerophilic; 37 C,EUCAST,publication says EUCAST but does not state version,S,S,no,A_mic_public_exact_link
CHINA_NINGXIA_2022,SHZY21,metronidazole,>32,32,>,mg/L,Etest (BIO-KONT),Mueller-Hinton blood agar,72 h; microaerophilic; 37 C,EUCAST,publication says EUCAST but does not state version,R,R,no,A_mic_public_exact_link
CHINA_NINGXIA_2022,SHZY22,clarithromycin,32,32,=,mg/L,Etest (BIO-KONT),Mueller-Hinton blood agar,72 h; microaerophilic; 37 C,EUCAST,publication says EUCAST but does not state version,R,R,no,A_mic_public_exact_link
CHINA_NINGXIA_2022,SHZY22,levofloxacin,1,1,=,mg/L,Etest (BIO-KONT),Mueller-Hinton blood agar,72 h; microaerophilic; 37 C,EUCAST,publication says EUCAST but does not state version,S,S,yes,A_mic_public_exact_link
CHINA_NINGXIA_2022,SHZY22,amoxicillin,0.064,0.064,=,mg/L,Etest (BIO-KONT),Mueller-Hinton blood agar,72 h; microaerophilic; 37 C,EUCAST,publication says EUCAST but does not state version,S,S,no,A_mic_public_exact_link
CHINA_NINGXIA_2022,SHZY22,furazolidone,4,4,=,mg/L,Etest (BIO-KONT),Mueller-Hinton blood agar,72 h; microaerophilic; 37 C,study literature rule,4 mg/L resistance breakpoint,R,R,yes,A_mic_public_exact_link
CHINA_NINGXIA_2022,SHZY22,tetracycline,0.064,0.064,=,mg/L,Etest (BIO-KONT),Mueller-Hinton blood agar,72 h; microaerophilic; 37 C,EUCAST,publication says EUCAST but does not state version,S,S,no,A_mic_public_exact_link
CHINA_NINGXIA_2022,SHZY22,metronidazole,>32,32,>,mg/L,Etest (BIO-KONT),Mueller-Hinton blood agar,72 h; microaerophilic; 37 C,EUCAST,publication says EUCAST but does not state version,R,R,no,A_mic_public_exact_link
CHINA_NINGXIA_2022,SHZY23,clarithromycin,2,2,=,mg/L,Etest (BIO-KONT),Mueller-Hinton blood agar,72 h; microaerophilic; 37 C,EUCAST,publication says EUCAST but does not state version,R,R,no,A_mic_public_exact_link
CHINA_NINGXIA_2022,SHZY23,levofloxacin,>32,32,>,mg/L,Etest (BIO-KONT),Mueller-Hinton blood agar,72 h; microaerophilic; 37 C,EUCAST,publication says EUCAST but does not state version,R,R,no,A_mic_public_exact_link
CHINA_NINGXIA_2022,SHZY23,amoxicillin,0.064,0.064,=,mg/L,Etest (BIO-KONT),Mueller-Hinton blood agar,72 h; microaerophilic; 37 C,EUCAST,publication says EUCAST but does not state version,S,S,no,A_mic_public_exact_link
CHINA_NINGXIA_2022,SHZY23,furazolidone,0.25,0.25,=,mg/L,Etest (BIO-KONT),Mueller-Hinton blood agar,72 h; microaerophilic; 37 C,study literature rule,4 mg/L resistance breakpoint,S,S,no,A_mic_public_exact_link
CHINA_NINGXIA_2022,SHZY23,tetracycline,0.125,0.125,=,mg/L,Etest (BIO-KONT),Mueller-Hinton blood agar,72 h; microaerophilic; 37 C,EUCAST,publication says EUCAST but does not state version,S,S,no,A_mic_public_exact_link
CHINA_NINGXIA_2022,SHZY23,metronidazole,>32,32,>,mg/L,Etest (BIO-KONT),Mueller-Hinton blood agar,72 h; microaerophilic; 37 C,EUCAST,publication says EUCAST but does not state version,R,R,no,A_mic_public_exact_link
CHINA_NINGXIA_2022,SHZY24,clarithromycin,>256,256,>,mg/L,Etest (BIO-KONT),Mueller-Hinton blood agar,72 h; microaerophilic; 37 C,EUCAST,publication says EUCAST but does not state version,R,R,no,A_mic_public_exact_link
CHINA_NINGXIA_2022,SHZY24,levofloxacin,0.25,0.25,=,mg/L,Etest (BIO-KONT),Mueller-Hinton blood agar,72 h; microaerophilic; 37 C,EUCAST,publication says EUCAST but does not state version,S,S,no,A_mic_public_exact_link
CHINA_NINGXIA_2022,SHZY24,amoxicillin,0.064,0.064,=,mg/L,Etest (BIO-KONT),Mueller-Hinton blood agar,72 h; microaerophilic; 37 C,EUCAST,publication says EUCAST but does not state version,S,S,no,A_mic_public_exact_link
CHINA_NINGXIA_2022,SHZY24,furazolidone,4,4,=,mg/L,Etest (BIO-KONT),Mueller-Hinton blood agar,72 h; microaerophilic; 37 C,study literature rule,4 mg/L resistance breakpoint,R,R,yes,A_mic_public_exact_link
CHINA_NINGXIA_2022,SHZY24,tetracycline,0.064,0.064,=,mg/L,Etest (BIO-KONT),Mueller-Hinton blood agar,72 h; microaerophilic; 37 C,EUCAST,publication says EUCAST but does not state version,S,S,no,A_mic_public_exact_link
CHINA_NINGXIA_2022,SHZY24,metronidazole,>32,32,>,mg/L,Etest (BIO-KONT),Mueller-Hinton blood agar,72 h; microaerophilic; 37 C,EUCAST,publication says EUCAST but does not state version,R,R,no,A_mic_public_exact_link
CHINA_NINGXIA_2022,SHZY25,clarithromycin,0.064,0.064,=,mg/L,Etest (BIO-KONT),Mueller-Hinton blood agar,72 h; microaerophilic; 37 C,EUCAST,publication says EUCAST but does not state version,S,S,no,A_mic_public_exact_link
CHINA_NINGXIA_2022,SHZY25,levofloxacin,2,2,=,mg/L,Etest (BIO-KONT),Mueller-Hinton blood agar,72 h; microaerophilic; 37 C,EUCAST,publication says EUCAST but does not state version,R,R,no,A_mic_public_exact_link
CHINA_NINGXIA_2022,SHZY25,amoxicillin,0.064,0.064,=,mg/L,Etest (BIO-KONT),Mueller-Hinton blood agar,72 h; microaerophilic; 37 C,EUCAST,publication says EUCAST but does not state version,S,S,no,A_mic_public_exact_link
CHINA_NINGXIA_2022,SHZY25,furazolidone,0.032,0.032,=,mg/L,Etest (BIO-KONT),Mueller-Hinton blood agar,72 h; microaerophilic; 37 C,study literature rule,4 mg/L resistance breakpoint,S,S,no,A_mic_public_exact_link
CHINA_NINGXIA_2022,SHZY25,tetracycline,0.064,0.064,=,mg/L,Etest (BIO-KONT),Mueller-Hinton blood agar,72 h; microaerophilic; 37 C,EUCAST,publication says EUCAST but does not state version,S,S,no,A_mic_public_exact_link
CHINA_NINGXIA_2022,SHZY25,metronidazole,>32,32,>,mg/L,Etest (BIO-KONT),Mueller-Hinton blood agar,72 h; microaerophilic; 37 C,EUCAST,publication says EUCAST but does not state version,R,R,no,A_mic_public_exact_link
CHINA_NINGXIA_2022,SHZY26,clarithromycin,0.064,0.064,=,mg/L,Etest (BIO-KONT),Mueller-Hinton blood agar,72 h; microaerophilic; 37 C,EUCAST,publication says EUCAST but does not state version,S,S,no,A_mic_public_exact_link
CHINA_NINGXIA_2022,SHZY26,levofloxacin,>32,32,>,mg/L,Etest (BIO-KONT),Mueller-Hinton blood agar,72 h; microaerophilic; 37 C,EUCAST,publication says EUCAST but does not state version,R,R,no,A_mic_public_exact_link
CHINA_NINGXIA_2022,SHZY26,amoxicillin,>256,256,>,mg/L,Etest (BIO-KONT),Mueller-Hinton blood agar,72 h; microaerophilic; 37 C,EUCAST,publication says EUCAST but does not state version,R,R,no,A_mic_public_exact_link
CHINA_NINGXIA_2022,SHZY26,furazolidone,1,1,=,mg/L,Etest (BIO-KONT),Mueller-Hinton blood agar,72 h; microaerophilic; 37 C,study literature rule,4 mg/L resistance breakpoint,S,S,no,A_mic_public_exact_link
CHINA_NINGXIA_2022,SHZY26,tetracycline,0.125,0.125,=,mg/L,Etest (BIO-KONT),Mueller-Hinton blood agar,72 h; microaerophilic; 37 C,EUCAST,publication says EUCAST but does not state version,S,S,no,A_mic_public_exact_link
CHINA_NINGXIA_2022,SHZY26,metronidazole,>32,32,>,mg/L,Etest (BIO-KONT),Mueller-Hinton blood agar,72 h; microaerophilic; 37 C,EUCAST,publication says EUCAST but does not state version,R,R,no,A_mic_public_exact_link
CHINA_NINGXIA_2022,SHZY27,clarithromycin,0.064,0.064,=,mg/L,Etest (BIO-KONT),Mueller-Hinton blood agar,72 h; microaerophilic; 37 C,EUCAST,publication says EUCAST but does not state version,S,S,no,A_mic_public_exact_link
CHINA_NINGXIA_2022,SHZY27,levofloxacin,4,4,=,mg/L,Etest (BIO-KONT),Mueller-Hinton blood agar,72 h; microaerophilic; 37 C,EUCAST,publication says EUCAST but does not state version,R,R,no,A_mic_public_exact_link
CHINA_NINGXIA_2022,SHZY27,amoxicillin,0.064,0.064,=,mg/L,Etest (BIO-KONT),Mueller-Hinton blood agar,72 h; microaerophilic; 37 C,EUCAST,publication says EUCAST but does not state version,S,S,no,A_mic_public_exact_link
CHINA_NINGXIA_2022,SHZY27,furazolidone,0.016,0.016,=,mg/L,Etest (BIO-KONT),Mueller-Hinton blood agar,72 h; microaerophilic; 37 C,study literature rule,4 mg/L resistance breakpoint,S,S,no,A_mic_public_exact_link
CHINA_NINGXIA_2022,SHZY27,tetracycline,0.064,0.064,=,mg/L,Etest (BIO-KONT),Mueller-Hinton blood agar,72 h; microaerophilic; 37 C,EUCAST,publication says EUCAST but does not state version,S,S,no,A_mic_public_exact_link
CHINA_NINGXIA_2022,SHZY27,metronidazole,>32,32,>,mg/L,Etest (BIO-KONT),Mueller-Hinton blood agar,72 h; microaerophilic; 37 C,EUCAST,publication says EUCAST but does not state version,R,R,no,A_mic_public_exact_link
CHINA_NINGXIA_2022,SHZY28,clarithromycin,8,8,=,mg/L,Etest (BIO-KONT),Mueller-Hinton blood agar,72 h; microaerophilic; 37 C,EUCAST,publication says EUCAST but does not state version,R,R,no,A_mic_public_exact_link
CHINA_NINGXIA_2022,SHZY28,levofloxacin,0.25,0.25,=,mg/L,Etest (BIO-KONT),Mueller-Hinton blood agar,72 h; microaerophilic; 37 C,EUCAST,publication says EUCAST but does not state version,S,S,no,A_mic_public_exact_link
CHINA_NINGXIA_2022,SHZY28,amoxicillin,0.064,0.064,=,mg/L,Etest (BIO-KONT),Mueller-Hinton blood agar,72 h; microaerophilic; 37 C,EUCAST,publication says EUCAST but does not state version,S,S,no,A_mic_public_exact_link
CHINA_NINGXIA_2022,SHZY28,furazolidone,0.032,0.032,=,mg/L,Etest (BIO-KONT),Mueller-Hinton blood agar,72 h; microaerophilic; 37 C,study literature rule,4 mg/L resistance breakpoint,S,S,no,A_mic_public_exact_link
CHINA_NINGXIA_2022,SHZY28,tetracycline,0.064,0.064,=,mg/L,Etest (BIO-KONT),Mueller-Hinton blood agar,72 h; microaerophilic; 37 C,EUCAST,publication says EUCAST but does not state version,S,S,no,A_mic_public_exact_link
CHINA_NINGXIA_2022,SHZY28,metronidazole,4,4,=,mg/L,Etest (BIO-KONT),Mueller-Hinton blood agar,72 h; microaerophilic; 37 C,EUCAST,publication says EUCAST but does not state version,S,S,no,A_mic_public_exact_link
CHINA_NINGXIA_2022,SHZY29,clarithromycin,4,4,=,mg/L,Etest (BIO-KONT),Mueller-Hinton blood agar,72 h; microaerophilic; 37 C,EUCAST,publication says EUCAST but does not state version,R,R,no,A_mic_public_exact_link
CHINA_NINGXIA_2022,SHZY29,levofloxacin,16,16,=,mg/L,Etest (BIO-KONT),Mueller-Hinton blood agar,72 h; microaerophilic; 37 C,EUCAST,publication says EUCAST but does not state version,R,R,no,A_mic_public_exact_link
CHINA_NINGXIA_2022,SHZY29,amoxicillin,0.064,0.064,=,mg/L,Etest (BIO-KONT),Mueller-Hinton blood agar,72 h; microaerophilic; 37 C,EUCAST,publication says EUCAST but does not state version,S,S,no,A_mic_public_exact_link
CHINA_NINGXIA_2022,SHZY29,furazolidone,0.064,0.064,=,mg/L,Etest (BIO-KONT),Mueller-Hinton blood agar,72 h; microaerophilic; 37 C,study literature rule,4 mg/L resistance breakpoint,S,S,no,A_mic_public_exact_link
CHINA_NINGXIA_2022,SHZY29,tetracycline,0.064,0.064,=,mg/L,Etest (BIO-KONT),Mueller-Hinton blood agar,72 h; microaerophilic; 37 C,EUCAST,publication says EUCAST but does not state version,S,S,no,A_mic_public_exact_link
CHINA_NINGXIA_2022,SHZY29,metronidazole,>32,32,>,mg/L,Etest (BIO-KONT),Mueller-Hinton blood agar,72 h; microaerophilic; 37 C,EUCAST,publication says EUCAST but does not state version,R,R,no,A_mic_public_exact_link
CHINA_NINGXIA_2022,SHZY30,clarithromycin,16,16,=,mg/L,Etest (BIO-KONT),Mueller-Hinton blood agar,72 h; microaerophilic; 37 C,EUCAST,publication says EUCAST but does not state version,R,R,no,A_mic_public_exact_link
CHINA_NINGXIA_2022,SHZY30,levofloxacin,0.5,0.5,=,mg/L,Etest (BIO-KONT),Mueller-Hinton blood agar,72 h; microaerophilic; 37 C,EUCAST,publication says EUCAST but does not state version,S,S,no,A_mic_public_exact_link
CHINA_NINGXIA_2022,SHZY30,amoxicillin,0.064,0.064,=,mg/L,Etest (BIO-KONT),Mueller-Hinton blood agar,72 h; microaerophilic; 37 C,EUCAST,publication says EUCAST but does not state version,S,S,no,A_mic_public_exact_link
CHINA_NINGXIA_2022,SHZY30,furazolidone,0.25,0.25,=,mg/L,Etest (BIO-KONT),Mueller-Hinton blood agar,72 h; microaerophilic; 37 C,study literature rule,4 mg/L resistance breakpoint,S,S,no,A_mic_public_exact_link
CHINA_NINGXIA_2022,SHZY30,tetracycline,0.064,0.064,=,mg/L,Etest (BIO-KONT),Mueller-Hinton blood agar,72 h; microaerophilic; 37 C,EUCAST,publication says EUCAST but does not state version,S,S,no,A_mic_public_exact_link
CHINA_NINGXIA_2022,SHZY30,metronidazole,>32,32,>,mg/L,Etest (BIO-KONT),Mueller-Hinton blood agar,72 h; microaerophilic; 37 C,EUCAST,publication says EUCAST but does not state version,R,R,no,A_mic_public_exact_link
CHINA_NINGXIA_2022,SHZY31,clarithromycin,32,32,=,mg/L,Etest (BIO-KONT),Mueller-Hinton blood agar,72 h; microaerophilic; 37 C,EUCAST,publication says EUCAST but does not state version,R,R,no,A_mic_public_exact_link
CHINA_NINGXIA_2022,SHZY31,levofloxacin,0.032,0.032,=,mg/L,Etest (BIO-KONT),Mueller-Hinton blood agar,72 h; microaerophilic; 37 C,EUCAST,publication says EUCAST but does not state version,S,S,no,A_mic_public_exact_link
CHINA_NINGXIA_2022,SHZY31,amoxicillin,0.064,0.064,=,mg/L,Etest (BIO-KONT),Mueller-Hinton blood agar,72 h; microaerophilic; 37 C,EUCAST,publication says EUCAST but does not state version,S,S,no,A_mic_public_exact_link
CHINA_NINGXIA_2022,SHZY31,furazolidone,0.25,0.25,=,mg/L,Etest (BIO-KONT),Mueller-Hinton blood agar,72 h; microaerophilic; 37 C,study literature rule,4 mg/L resistance breakpoint,S,S,no,A_mic_public_exact_link
CHINA_NINGXIA_2022,SHZY31,tetracycline,0.064,0.064,=,mg/L,Etest (BIO-KONT),Mueller-Hinton blood agar,72 h; microaerophilic; 37 C,EUCAST,publication says EUCAST but does not state version,S,S,no,A_mic_public_exact_link
CHINA_NINGXIA_2022,SHZY31,metronidazole,>32,32,>,mg/L,Etest (BIO-KONT),Mueller-Hinton blood agar,72 h; microaerophilic; 37 C,EUCAST,publication says EUCAST but does not state version,R,R,no,A_mic_public_exact_link
CHINA_NINGXIA_2022,SHZY32,clarithromycin,0.5,0.5,=,mg/L,Etest (BIO-KONT),Mueller-Hinton blood agar,72 h; microaerophilic; 37 C,EUCAST,publication says EUCAST but does not state version,S,I,yes,A_mic_public_exact_link
CHINA_NINGXIA_2022,SHZY32,levofloxacin,0.25,0.25,=,mg/L,Etest (BIO-KONT),Mueller-Hinton blood agar,72 h; microaerophilic; 37 C,EUCAST,publication says EUCAST but does not state version,S,S,no,A_mic_public_exact_link
CHINA_NINGXIA_2022,SHZY32,amoxicillin,0.064,0.064,=,mg/L,Etest (BIO-KONT),Mueller-Hinton blood agar,72 h; microaerophilic; 37 C,EUCAST,publication says EUCAST but does not state version,S,S,no,A_mic_public_exact_link
CHINA_NINGXIA_2022,SHZY32,furazolidone,0.064,0.064,=,mg/L,Etest (BIO-KONT),Mueller-Hinton blood agar,72 h; microaerophilic; 37 C,study literature rule,4 mg/L resistance breakpoint,S,S,no,A_mic_public_exact_link
CHINA_NINGXIA_2022,SHZY32,tetracycline,0.064,0.064,=,mg/L,Etest (BIO-KONT),Mueller-Hinton blood agar,72 h; microaerophilic; 37 C,EUCAST,publication says EUCAST but does not state version,S,S,no,A_mic_public_exact_link
CHINA_NINGXIA_2022,SHZY32,metronidazole,1,1,=,mg/L,Etest (BIO-KONT),Mueller-Hinton blood agar,72 h; microaerophilic; 37 C,EUCAST,publication says EUCAST but does not state version,S,S,no,A_mic_public_exact_link
CHINA_NINGXIA_2022,SHZY33,clarithromycin,0.064,0.064,=,mg/L,Etest (BIO-KONT),Mueller-Hinton blood agar,72 h; microaerophilic; 37 C,EUCAST,publication says EUCAST but does not state version,S,S,no,A_mic_public_exact_link
CHINA_NINGXIA_2022,SHZY33,levofloxacin,0.008,0.008,=,mg/L,Etest (BIO-KONT),Mueller-Hinton blood agar,72 h; microaerophilic; 37 C,EUCAST,publication says EUCAST but does not state version,S,S,no,A_mic_public_exact_link
CHINA_NINGXIA_2022,SHZY33,amoxicillin,0.064,0.064,=,mg/L,Etest (BIO-KONT),Mueller-Hinton blood agar,72 h; microaerophilic; 37 C,EUCAST,publication says EUCAST but does not state version,S,S,no,A_mic_public_exact_link
CHINA_NINGXIA_2022,SHZY33,furazolidone,0.016,0.016,=,mg/L,Etest (BIO-KONT),Mueller-Hinton blood agar,72 h; microaerophilic; 37 C,study literature rule,4 mg/L resistance breakpoint,S,S,no,A_mic_public_exact_link
CHINA_NINGXIA_2022,SHZY33,tetracycline,0.064,0.064,=,mg/L,Etest (BIO-KONT),Mueller-Hinton blood agar,72 h; microaerophilic; 37 C,EUCAST,publication says EUCAST but does not state version,S,S,no,A_mic_public_exact_link
CHINA_NINGXIA_2022,SHZY33,metronidazole,>32,32,>,mg/L,Etest (BIO-KONT),Mueller-Hinton blood agar,72 h; microaerophilic; 37 C,EUCAST,publication says EUCAST but does not state version,R,R,no,A_mic_public_exact_link
CHINA_NINGXIA_2022,SHZY34,clarithromycin,8,8,=,mg/L,Etest (BIO-KONT),Mueller-Hinton blood agar,72 h; microaerophilic; 37 C,EUCAST,publication says EUCAST but does not state version,R,R,no,A_mic_public_exact_link
CHINA_NINGXIA_2022,SHZY34,levofloxacin,0.008,0.008,=,mg/L,Etest (BIO-KONT),Mueller-Hinton blood agar,72 h; microaerophilic; 37 C,EUCAST,publication says EUCAST but does not state version,S,S,no,A_mic_public_exact_link
CHINA_NINGXIA_2022,SHZY34,amoxicillin,0.064,0.064,=,mg/L,Etest (BIO-KONT),Mueller-Hinton blood agar,72 h; microaerophilic; 37 C,EUCAST,publication says EUCAST but does not state version,S,S,no,A_mic_public_exact_link
CHINA_NINGXIA_2022,SHZY34,furazolidone,0.064,0.064,=,mg/L,Etest (BIO-KONT),Mueller-Hinton blood agar,72 h; microaerophilic; 37 C,study literature rule,4 mg/L resistance breakpoint,S,S,no,A_mic_public_exact_link
CHINA_NINGXIA_2022,SHZY34,tetracycline,0.064,0.064,=,mg/L,Etest (BIO-KONT),Mueller-Hinton blood agar,72 h; microaerophilic; 37 C,EUCAST,publication says EUCAST but does not state version,S,S,no,A_mic_public_exact_link
CHINA_NINGXIA_2022,SHZY34,metronidazole,>32,32,>,mg/L,Etest (BIO-KONT),Mueller-Hinton blood agar,72 h; microaerophilic; 37 C,EUCAST,publication says EUCAST but does not state version,R,R,no,A_mic_public_exact_link
CHINA_NINGXIA_2022,SHZY35,clarithromycin,0.125,0.125,=,mg/L,Etest (BIO-KONT),Mueller-Hinton blood agar,72 h; microaerophilic; 37 C,EUCAST,publication says EUCAST but does not state version,S,S,no,A_mic_public_exact_link
CHINA_NINGXIA_2022,SHZY35,levofloxacin,16,16,=,mg/L,Etest (BIO-KONT),Mueller-Hinton blood agar,72 h; microaerophilic; 37 C,EUCAST,publication says EUCAST but does not state version,R,R,no,A_mic_public_exact_link
CHINA_NINGXIA_2022,SHZY35,amoxicillin,0.064,0.064,=,mg/L,Etest (BIO-KONT),Mueller-Hinton blood agar,72 h; microaerophilic; 37 C,EUCAST,publication says EUCAST but does not state version,S,S,no,A_mic_public_exact_link
CHINA_NINGXIA_2022,SHZY35,furazolidone,0.25,0.25,=,mg/L,Etest (BIO-KONT),Mueller-Hinton blood agar,72 h; microaerophilic; 37 C,study literature rule,4 mg/L resistance breakpoint,S,S,no,A_mic_public_exact_link
CHINA_NINGXIA_2022,SHZY35,tetracycline,0.064,0.064,=,mg/L,Etest (BIO-KONT),Mueller-Hinton blood agar,72 h; microaerophilic; 37 C,EUCAST,publication says EUCAST but does not state version,S,S,no,A_mic_public_exact_link
CHINA_NINGXIA_2022,SHZY35,metronidazole,>32,32,>,mg/L,Etest (BIO-KONT),Mueller-Hinton blood agar,72 h; microaerophilic; 37 C,EUCAST,publication says EUCAST but does not state version,R,R,no,A_mic_public_exact_link
CHINA_NINGXIA_2022,SHZY36,clarithromycin,0.25,0.25,=,mg/L,Etest (BIO-KONT),Mueller-Hinton blood agar,72 h; microaerophilic; 37 C,EUCAST,publication says EUCAST but does not state version,S,S,no,A_mic_public_exact_link
CHINA_NINGXIA_2022,SHZY36,levofloxacin,1,1,=,mg/L,Etest (BIO-KONT),Mueller-Hinton blood agar,72 h; microaerophilic; 37 C,EUCAST,publication says EUCAST but does not state version,S,S,yes,A_mic_public_exact_link
CHINA_NINGXIA_2022,SHZY36,amoxicillin,0.064,0.064,=,mg/L,Etest (BIO-KONT),Mueller-Hinton blood agar,72 h; microaerophilic; 37 C,EUCAST,publication says EUCAST but does not state version,S,S,no,A_mic_public_exact_link
CHINA_NINGXIA_2022,SHZY36,furazolidone,0.125,0.125,=,mg/L,Etest (BIO-KONT),Mueller-Hinton blood agar,72 h; microaerophilic; 37 C,study literature rule,4 mg/L resistance breakpoint,S,S,no,A_mic_public_exact_link
CHINA_NINGXIA_2022,SHZY36,tetracycline,0.064,0.064,=,mg/L,Etest (BIO-KONT),Mueller-Hinton blood agar,72 h; microaerophilic; 37 C,EUCAST,publication says EUCAST but does not state version,S,S,no,A_mic_public_exact_link
CHINA_NINGXIA_2022,SHZY36,metronidazole,>32,32,>,mg/L,Etest (BIO-KONT),Mueller-Hinton blood agar,72 h; microaerophilic; 37 C,EUCAST,publication says EUCAST but does not state version,R,R,no,A_mic_public_exact_link
CHINA_NINGXIA_2022,SHZY37,clarithromycin,0.064,0.064,=,mg/L,Etest (BIO-KONT),Mueller-Hinton blood agar,72 h; microaerophilic; 37 C,EUCAST,publication says EUCAST but does not state version,S,S,no,A_mic_public_exact_link
CHINA_NINGXIA_2022,SHZY37,levofloxacin,0.125,0.125,=,mg/L,Etest (BIO-KONT),Mueller-Hinton blood agar,72 h; microaerophilic; 37 C,EUCAST,publication says EUCAST but does not state version,S,S,no,A_mic_public_exact_link
CHINA_NINGXIA_2022,SHZY37,amoxicillin,0.064,0.064,=,mg/L,Etest (BIO-KONT),Mueller-Hinton blood agar,72 h; microaerophilic; 37 C,EUCAST,publication says EUCAST but does not state version,S,S,no,A_mic_public_exact_link
CHINA_NINGXIA_2022,SHZY37,furazolidone,0.125,0.125,=,mg/L,Etest (BIO-KONT),Mueller-Hinton blood agar,72 h; microaerophilic; 37 C,study literature rule,4 mg/L resistance breakpoint,S,S,no,A_mic_public_exact_link
CHINA_NINGXIA_2022,SHZY37,tetracycline,0.064,0.064,=,mg/L,Etest (BIO-KONT),Mueller-Hinton blood agar,72 h; microaerophilic; 37 C,EUCAST,publication says EUCAST but does not state version,S,S,no,A_mic_public_exact_link
CHINA_NINGXIA_2022,SHZY37,metronidazole,>32,32,>,mg/L,Etest (BIO-KONT),Mueller-Hinton blood agar,72 h; microaerophilic; 37 C,EUCAST,publication says EUCAST but does not state version,R,R,no,A_mic_public_exact_link
CHINA_NINGXIA_2022,SHZY38,clarithromycin,0.064,0.064,=,mg/L,Etest (BIO-KONT),Mueller-Hinton blood agar,72 h; microaerophilic; 37 C,EUCAST,publication says EUCAST but does not state version,S,S,no,A_mic_public_exact_link
CHINA_NINGXIA_2022,SHZY38,levofloxacin,>32,32,>,mg/L,Etest (BIO-KONT),Mueller-Hinton blood agar,72 h; microaerophilic; 37 C,EUCAST,publication says EUCAST but does not state version,R,R,no,A_mic_public_exact_link
CHINA_NINGXIA_2022,SHZY38,amoxicillin,0.125,0.125,=,mg/L,Etest (BIO-KONT),Mueller-Hinton blood agar,72 h; microaerophilic; 37 C,EUCAST,publication says EUCAST but does not state version,S,S,yes,A_mic_public_exact_link
CHINA_NINGXIA_2022,SHZY38,furazolidone,0.064,0.064,=,mg/L,Etest (BIO-KONT),Mueller-Hinton blood agar,72 h; microaerophilic; 37 C,study literature rule,4 mg/L resistance breakpoint,S,S,no,A_mic_public_exact_link
CHINA_NINGXIA_2022,SHZY38,tetracycline,0.008,0.008,=,mg/L,Etest (BIO-KONT),Mueller-Hinton blood agar,72 h; microaerophilic; 37 C,EUCAST,publication says EUCAST but does not state version,S,S,no,A_mic_public_exact_link
CHINA_NINGXIA_2022,SHZY38,metronidazole,>32,32,>,mg/L,Etest (BIO-KONT),Mueller-Hinton blood agar,72 h; microaerophilic; 37 C,EUCAST,publication says EUCAST but does not state version,R,R,no,A_mic_public_exact_link
CHINA_NINGXIA_2022,SHZY39,clarithromycin,0.064,0.064,=,mg/L,Etest (BIO-KONT),Mueller-Hinton blood agar,72 h; microaerophilic; 37 C,EUCAST,publication says EUCAST but does not state version,S,S,no,A_mic_public_exact_link
CHINA_NINGXIA_2022,SHZY39,levofloxacin,16,16,=,mg/L,Etest (BIO-KONT),Mueller-Hinton blood agar,72 h; microaerophilic; 37 C,EUCAST,publication says EUCAST but does not state version,R,R,no,A_mic_public_exact_link
CHINA_NINGXIA_2022,SHZY39,amoxicillin,0.064,0.064,=,mg/L,Etest (BIO-KONT),Mueller-Hinton blood agar,72 h; microaerophilic; 37 C,EUCAST,publication says EUCAST but does not state version,S,S,no,A_mic_public_exact_link
CHINA_NINGXIA_2022,SHZY39,furazolidone,0.064,0.064,=,mg/L,Etest (BIO-KONT),Mueller-Hinton blood agar,72 h; microaerophilic; 37 C,study literature rule,4 mg/L resistance breakpoint,S,S,no,A_mic_public_exact_link
CHINA_NINGXIA_2022,SHZY39,tetracycline,0.008,0.008,=,mg/L,Etest (BIO-KONT),Mueller-Hinton blood agar,72 h; microaerophilic; 37 C,EUCAST,publication says EUCAST but does not state version,S,S,no,A_mic_public_exact_link
CHINA_NINGXIA_2022,SHZY39,metronidazole,>32,32,>,mg/L,Etest (BIO-KONT),Mueller-Hinton blood agar,72 h; microaerophilic; 37 C,EUCAST,publication says EUCAST but does not state version,R,R,no,A_mic_public_exact_link
CHINA_NINGXIA_2022,SHZY40,clarithromycin,0.064,0.064,=,mg/L,Etest (BIO-KONT),Mueller-Hinton blood agar,72 h; microaerophilic; 37 C,EUCAST,publication says EUCAST but does not state version,S,S,no,A_mic_public_exact_link
CHINA_NINGXIA_2022,SHZY40,levofloxacin,0.008,0.008,=,mg/L,Etest (BIO-KONT),Mueller-Hinton blood agar,72 h; microaerophilic; 37 C,EUCAST,publication says EUCAST but does not state version,S,S,no,A_mic_public_exact_link
CHINA_NINGXIA_2022,SHZY40,amoxicillin,0.064,0.064,=,mg/L,Etest (BIO-KONT),Mueller-Hinton blood agar,72 h; microaerophilic; 37 C,EUCAST,publication says EUCAST but does not state version,S,S,no,A_mic_public_exact_link
CHINA_NINGXIA_2022,SHZY40,furazolidone,0.008,0.008,=,mg/L,Etest (BIO-KONT),Mueller-Hinton blood agar,72 h; microaerophilic; 37 C,study literature rule,4 mg/L resistance breakpoint,S,S,no,A_mic_public_exact_link
CHINA_NINGXIA_2022,SHZY40,tetracycline,0.064,0.064,=,mg/L,Etest (BIO-KONT),Mueller-Hinton blood agar,72 h; microaerophilic; 37 C,EUCAST,publication says EUCAST but does not state version,S,S,no,A_mic_public_exact_link
CHINA_NINGXIA_2022,SHZY40,metronidazole,>32,32,>,mg/L,Etest (BIO-KONT),Mueller-Hinton blood agar,72 h; microaerophilic; 37 C,EUCAST,publication says EUCAST but does not state version,R,R,no,A_mic_public_exact_link
CHINA_NINGXIA_2022,SHZY41,clarithromycin,2,2,=,mg/L,Etest (BIO-KONT),Mueller-Hinton blood agar,72 h; microaerophilic; 37 C,EUCAST,publication says EUCAST but does not state version,R,R,no,A_mic_public_exact_link
CHINA_NINGXIA_2022,SHZY41,levofloxacin,8,8,=,mg/L,Etest (BIO-KONT),Mueller-Hinton blood agar,72 h; microaerophilic; 37 C,EUCAST,publication says EUCAST but does not state version,R,R,no,A_mic_public_exact_link
CHINA_NINGXIA_2022,SHZY41,amoxicillin,0.5,0.5,=,mg/L,Etest (BIO-KONT),Mueller-Hinton blood agar,72 h; microaerophilic; 37 C,EUCAST,publication says EUCAST but does not state version,R,R,no,A_mic_public_exact_link
CHINA_NINGXIA_2022,SHZY41,furazolidone,0.064,0.064,=,mg/L,Etest (BIO-KONT),Mueller-Hinton blood agar,72 h; microaerophilic; 37 C,study literature rule,4 mg/L resistance breakpoint,S,S,no,A_mic_public_exact_link
CHINA_NINGXIA_2022,SHZY41,tetracycline,2,2,=,mg/L,Etest (BIO-KONT),Mueller-Hinton blood agar,72 h; microaerophilic; 37 C,EUCAST,publication says EUCAST but does not state version,R,R,no,A_mic_public_exact_link
CHINA_NINGXIA_2022,SHZY41,metronidazole,>32,32,>,mg/L,Etest (BIO-KONT),Mueller-Hinton blood agar,72 h; microaerophilic; 37 C,EUCAST,publication says EUCAST but does not state version,R,R,no,A_mic_public_exact_link
CHINA_NINGXIA_2022,SHZY42,clarithromycin,0.5,0.5,=,mg/L,Etest (BIO-KONT),Mueller-Hinton blood agar,72 h; microaerophilic; 37 C,EUCAST,publication says EUCAST but does not state version,S,I,yes,A_mic_public_exact_link
CHINA_NINGXIA_2022,SHZY42,levofloxacin,0.064,0.064,=,mg/L,Etest (BIO-KONT),Mueller-Hinton blood agar,72 h; microaerophilic; 37 C,EUCAST,publication says EUCAST but does not state version,S,S,no,A_mic_public_exact_link
CHINA_NINGXIA_2022,SHZY42,amoxicillin,0.064,0.064,=,mg/L,Etest (BIO-KONT),Mueller-Hinton blood agar,72 h; microaerophilic; 37 C,EUCAST,publication says EUCAST but does not state version,S,S,no,A_mic_public_exact_link
CHINA_NINGXIA_2022,SHZY42,furazolidone,0.032,0.032,=,mg/L,Etest (BIO-KONT),Mueller-Hinton blood agar,72 h; microaerophilic; 37 C,study literature rule,4 mg/L resistance breakpoint,S,S,no,A_mic_public_exact_link
CHINA_NINGXIA_2022,SHZY42,tetracycline,0.064,0.064,=,mg/L,Etest (BIO-KONT),Mueller-Hinton blood agar,72 h; microaerophilic; 37 C,EUCAST,publication says EUCAST but does not state version,S,S,no,A_mic_public_exact_link
CHINA_NINGXIA_2022,SHZY42,metronidazole,>32,32,>,mg/L,Etest (BIO-KONT),Mueller-Hinton blood agar,72 h; microaerophilic; 37 C,EUCAST,publication says EUCAST but does not state version,R,R,no,A_mic_public_exact_link
CHINA_NINGXIA_2022,SHZY43,clarithromycin,16,16,=,mg/L,Etest (BIO-KONT),Mueller-Hinton blood agar,72 h; microaerophilic; 37 C,EUCAST,publication says EUCAST but does not state version,R,R,no,A_mic_public_exact_link
CHINA_NINGXIA_2022,SHZY43,levofloxacin,>32,32,>,mg/L,Etest (BIO-KONT),Mueller-Hinton blood agar,72 h; microaerophilic; 37 C,EUCAST,publication says EUCAST but does not state version,R,R,no,A_mic_public_exact_link
CHINA_NINGXIA_2022,SHZY43,amoxicillin,0.064,0.064,=,mg/L,Etest (BIO-KONT),Mueller-Hinton blood agar,72 h; microaerophilic; 37 C,EUCAST,publication says EUCAST but does not state version,S,S,no,A_mic_public_exact_link
CHINA_NINGXIA_2022,SHZY43,furazolidone,0.016,0.016,=,mg/L,Etest (BIO-KONT),Mueller-Hinton blood agar,72 h; microaerophilic; 37 C,study literature rule,4 mg/L resistance breakpoint,S,S,no,A_mic_public_exact_link
CHINA_NINGXIA_2022,SHZY43,tetracycline,0.064,0.064,=,mg/L,Etest (BIO-KONT),Mueller-Hinton blood agar,72 h; microaerophilic; 37 C,EUCAST,publication says EUCAST but does not state version,S,S,no,A_mic_public_exact_link
CHINA_NINGXIA_2022,SHZY43,metronidazole,>32,32,>,mg/L,Etest (BIO-KONT),Mueller-Hinton blood agar,72 h; microaerophilic; 37 C,EUCAST,publication says EUCAST but does not state version,R,R,no,A_mic_public_exact_link
CHINA_NINGXIA_2022,SHZY44,clarithromycin,2,2,=,mg/L,Etest (BIO-KONT),Mueller-Hinton blood agar,72 h; microaerophilic; 37 C,EUCAST,publication says EUCAST but does not state version,R,R,no,A_mic_public_exact_link
CHINA_NINGXIA_2022,SHZY44,levofloxacin,>32,32,>,mg/L,Etest (BIO-KONT),Mueller-Hinton blood agar,72 h; microaerophilic; 37 C,EUCAST,publication says EUCAST but does not state version,R,R,no,A_mic_public_exact_link
CHINA_NINGXIA_2022,SHZY44,amoxicillin,0.125,0.125,=,mg/L,Etest (BIO-KONT),Mueller-Hinton blood agar,72 h; microaerophilic; 37 C,EUCAST,publication says EUCAST but does not state version,S,S,yes,A_mic_public_exact_link
CHINA_NINGXIA_2022,SHZY44,furazolidone,0.25,0.25,=,mg/L,Etest (BIO-KONT),Mueller-Hinton blood agar,72 h; microaerophilic; 37 C,study literature rule,4 mg/L resistance breakpoint,S,S,no,A_mic_public_exact_link
CHINA_NINGXIA_2022,SHZY44,tetracycline,0.25,0.25,=,mg/L,Etest (BIO-KONT),Mueller-Hinton blood agar,72 h; microaerophilic; 37 C,EUCAST,publication says EUCAST but does not state version,S,S,no,A_mic_public_exact_link
CHINA_NINGXIA_2022,SHZY44,metronidazole,>32,32,>,mg/L,Etest (BIO-KONT),Mueller-Hinton blood agar,72 h; microaerophilic; 37 C,EUCAST,publication says EUCAST but does not state version,R,R,no,A_mic_public_exact_link
CHINA_NINGXIA_2022,SHZY45,clarithromycin,0.064,0.064,=,mg/L,Etest (BIO-KONT),Mueller-Hinton blood agar,72 h; microaerophilic; 37 C,EUCAST,publication says EUCAST but does not state version,S,S,no,A_mic_public_exact_link
CHINA_NINGXIA_2022,SHZY45,levofloxacin,0.064,0.064,=,mg/L,Etest (BIO-KONT),Mueller-Hinton blood agar,72 h; microaerophilic; 37 C,EUCAST,publication says EUCAST but does not state version,S,S,no,A_mic_public_exact_link
CHINA_NINGXIA_2022,SHZY45,amoxicillin,0.064,0.064,=,mg/L,Etest (BIO-KONT),Mueller-Hinton blood agar,72 h; microaerophilic; 37 C,EUCAST,publication says EUCAST but does not state version,S,S,no,A_mic_public_exact_link
CHINA_NINGXIA_2022,SHZY45,furazolidone,0.032,0.032,=,mg/L,Etest (BIO-KONT),Mueller-Hinton blood agar,72 h; microaerophilic; 37 C,study literature rule,4 mg/L resistance breakpoint,S,S,no,A_mic_public_exact_link
CHINA_NINGXIA_2022,SHZY45,tetracycline,0.064,0.064,=,mg/L,Etest (BIO-KONT),Mueller-Hinton blood agar,72 h; microaerophilic; 37 C,EUCAST,publication says EUCAST but does not state version,S,S,no,A_mic_public_exact_link
CHINA_NINGXIA_2022,SHZY45,metronidazole,>32,32,>,mg/L,Etest (BIO-KONT),Mueller-Hinton blood agar,72 h; microaerophilic; 37 C,EUCAST,publication says EUCAST but does not state version,R,R,no,A_mic_public_exact_link
CHINA_NINGXIA_2022,SHZY46,clarithromycin,2,2,=,mg/L,Etest (BIO-KONT),Mueller-Hinton blood agar,72 h; microaerophilic; 37 C,EUCAST,publication says EUCAST but does not state version,R,R,no,A_mic_public_exact_link
CHINA_NINGXIA_2022,SHZY46,levofloxacin,>32,32,>,mg/L,Etest (BIO-KONT),Mueller-Hinton blood agar,72 h; microaerophilic; 37 C,EUCAST,publication says EUCAST but does not state version,R,R,no,A_mic_public_exact_link
CHINA_NINGXIA_2022,SHZY46,amoxicillin,0.064,0.064,=,mg/L,Etest (BIO-KONT),Mueller-Hinton blood agar,72 h; microaerophilic; 37 C,EUCAST,publication says EUCAST but does not state version,S,S,no,A_mic_public_exact_link
CHINA_NINGXIA_2022,SHZY46,furazolidone,0.125,0.125,=,mg/L,Etest (BIO-KONT),Mueller-Hinton blood agar,72 h; microaerophilic; 37 C,study literature rule,4 mg/L resistance breakpoint,S,S,no,A_mic_public_exact_link
CHINA_NINGXIA_2022,SHZY46,tetracycline,0.125,0.125,=,mg/L,Etest (BIO-KONT),Mueller-Hinton blood agar,72 h; microaerophilic; 37 C,EUCAST,publication says EUCAST but does not state version,S,S,no,A_mic_public_exact_link
CHINA_NINGXIA_2022,SHZY46,metronidazole,>32,32,>,mg/L,Etest (BIO-KONT),Mueller-Hinton blood agar,72 h; microaerophilic; 37 C,EUCAST,publication says EUCAST but does not state version,R,R,no,A_mic_public_exact_link
CHINA_NINGXIA_2022,SHZY47,clarithromycin,8,8,=,mg/L,Etest (BIO-KONT),Mueller-Hinton blood agar,72 h; microaerophilic; 37 C,EUCAST,publication says EUCAST but does not state version,R,R,no,A_mic_public_exact_link
CHINA_NINGXIA_2022,SHZY47,levofloxacin,>32,32,>,mg/L,Etest (BIO-KONT),Mueller-Hinton blood agar,72 h; microaerophilic; 37 C,EUCAST,publication says EUCAST but does not state version,R,R,no,A_mic_public_exact_link
CHINA_NINGXIA_2022,SHZY47,amoxicillin,0.064,0.064,=,mg/L,Etest (BIO-KONT),Mueller-Hinton blood agar,72 h; microaerophilic; 37 C,EUCAST,publication says EUCAST but does not state version,S,S,no,A_mic_public_exact_link
CHINA_NINGXIA_2022,SHZY47,furazolidone,0.032,0.032,=,mg/L,Etest (BIO-KONT),Mueller-Hinton blood agar,72 h; microaerophilic; 37 C,study literature rule,4 mg/L resistance breakpoint,S,S,no,A_mic_public_exact_link
CHINA_NINGXIA_2022,SHZY47,tetracycline,0.125,0.125,=,mg/L,Etest (BIO-KONT),Mueller-Hinton blood agar,72 h; microaerophilic; 37 C,EUCAST,publication says EUCAST but does not state version,S,S,no,A_mic_public_exact_link
CHINA_NINGXIA_2022,SHZY47,metronidazole,>32,32,>,mg/L,Etest (BIO-KONT),Mueller-Hinton blood agar,72 h; microaerophilic; 37 C,EUCAST,publication says EUCAST but does not state version,R,R,no,A_mic_public_exact_link
CHINA_NINGXIA_2022,SHZY48,clarithromycin,8,8,=,mg/L,Etest (BIO-KONT),Mueller-Hinton blood agar,72 h; microaerophilic; 37 C,EUCAST,publication says EUCAST but does not state version,R,R,no,A_mic_public_exact_link
CHINA_NINGXIA_2022,SHZY48,levofloxacin,>32,32,>,mg/L,Etest (BIO-KONT),Mueller-Hinton blood agar,72 h; microaerophilic; 37 C,EUCAST,publication says EUCAST but does not state version,R,R,no,A_mic_public_exact_link
CHINA_NINGXIA_2022,SHZY48,amoxicillin,0.064,0.064,=,mg/L,Etest (BIO-KONT),Mueller-Hinton blood agar,72 h; microaerophilic; 37 C,EUCAST,publication says EUCAST but does not state version,S,S,no,A_mic_public_exact_link
CHINA_NINGXIA_2022,SHZY48,furazolidone,0.25,0.25,=,mg/L,Etest (BIO-KONT),Mueller-Hinton blood agar,72 h; microaerophilic; 37 C,study literature rule,4 mg/L resistance breakpoint,S,S,no,A_mic_public_exact_link
CHINA_NINGXIA_2022,SHZY48,tetracycline,0.5,0.5,=,mg/L,Etest (BIO-KONT),Mueller-Hinton blood agar,72 h; microaerophilic; 37 C,EUCAST,publication says EUCAST but does not state version,S,S,no,A_mic_public_exact_link
CHINA_NINGXIA_2022,SHZY48,metronidazole,>32,32,>,mg/L,Etest (BIO-KONT),Mueller-Hinton blood agar,72 h; microaerophilic; 37 C,EUCAST,publication says EUCAST but does not state version,R,R,no,A_mic_public_exact_link
CHINA_NINGXIA_2022,SHZY49,clarithromycin,16,16,=,mg/L,Etest (BIO-KONT),Mueller-Hinton blood agar,72 h; microaerophilic; 37 C,EUCAST,publication says EUCAST but does not state version,R,R,no,A_mic_public_exact_link
CHINA_NINGXIA_2022,SHZY49,levofloxacin,0.064,0.064,=,mg/L,Etest (BIO-KONT),Mueller-Hinton blood agar,72 h; microaerophilic; 37 C,EUCAST,publication says EUCAST but does not state version,S,S,no,A_mic_public_exact_link
CHINA_NINGXIA_2022,SHZY49,amoxicillin,0.064,0.064,=,mg/L,Etest (BIO-KONT),Mueller-Hinton blood agar,72 h; microaerophilic; 37 C,EUCAST,publication says EUCAST but does not state version,S,S,no,A_mic_public_exact_link
CHINA_NINGXIA_2022,SHZY49,furazolidone,0.25,0.25,=,mg/L,Etest (BIO-KONT),Mueller-Hinton blood agar,72 h; microaerophilic; 37 C,study literature rule,4 mg/L resistance breakpoint,S,S,no,A_mic_public_exact_link
CHINA_NINGXIA_2022,SHZY49,tetracycline,0.064,0.064,=,mg/L,Etest (BIO-KONT),Mueller-Hinton blood agar,72 h; microaerophilic; 37 C,EUCAST,publication says EUCAST but does not state version,S,S,no,A_mic_public_exact_link
CHINA_NINGXIA_2022,SHZY49,metronidazole,>32,32,>,mg/L,Etest (BIO-KONT),Mueller-Hinton blood agar,72 h; microaerophilic; 37 C,EUCAST,publication says EUCAST but does not state version,R,R,no,A_mic_public_exact_link
CHINA_NINGXIA_2022,SHZY50,clarithromycin,0.064,0.064,=,mg/L,Etest (BIO-KONT),Mueller-Hinton blood agar,72 h; microaerophilic; 37 C,EUCAST,publication says EUCAST but does not state version,S,S,no,A_mic_public_exact_link
CHINA_NINGXIA_2022,SHZY50,levofloxacin,0.25,0.25,=,mg/L,Etest (BIO-KONT),Mueller-Hinton blood agar,72 h; microaerophilic; 37 C,EUCAST,publication says EUCAST but does not state version,S,S,no,A_mic_public_exact_link
CHINA_NINGXIA_2022,SHZY50,amoxicillin,0.064,0.064,=,mg/L,Etest (BIO-KONT),Mueller-Hinton blood agar,72 h; microaerophilic; 37 C,EUCAST,publication says EUCAST but does not state version,S,S,no,A_mic_public_exact_link
CHINA_NINGXIA_2022,SHZY50,furazolidone,0.064,0.064,=,mg/L,Etest (BIO-KONT),Mueller-Hinton blood agar,72 h; microaerophilic; 37 C,study literature rule,4 mg/L resistance breakpoint,S,S,no,A_mic_public_exact_link
CHINA_NINGXIA_2022,SHZY50,tetracycline,0.064,0.064,=,mg/L,Etest (BIO-KONT),Mueller-Hinton blood agar,72 h; microaerophilic; 37 C,EUCAST,publication says EUCAST but does not state version,S,S,no,A_mic_public_exact_link
CHINA_NINGXIA_2022,SHZY50,metronidazole,>32,32,>,mg/L,Etest (BIO-KONT),Mueller-Hinton blood agar,72 h; microaerophilic; 37 C,EUCAST,publication says EUCAST but does not state version,R,R,no,A_mic_public_exact_link
CHINA_NINGXIA_2022,SHZY51,clarithromycin,0.064,0.064,=,mg/L,Etest (BIO-KONT),Mueller-Hinton blood agar,72 h; microaerophilic; 37 C,EUCAST,publication says EUCAST but does not state version,S,S,no,A_mic_public_exact_link
CHINA_NINGXIA_2022,SHZY51,levofloxacin,0.5,0.5,=,mg/L,Etest (BIO-KONT),Mueller-Hinton blood agar,72 h; microaerophilic; 37 C,EUCAST,publication says EUCAST but does not state version,S,S,no,A_mic_public_exact_link
CHINA_NINGXIA_2022,SHZY51,amoxicillin,0.064,0.064,=,mg/L,Etest (BIO-KONT),Mueller-Hinton blood agar,72 h; microaerophilic; 37 C,EUCAST,publication says EUCAST but does not state version,S,S,no,A_mic_public_exact_link
CHINA_NINGXIA_2022,SHZY51,furazolidone,0.5,0.5,=,mg/L,Etest (BIO-KONT),Mueller-Hinton blood agar,72 h; microaerophilic; 37 C,study literature rule,4 mg/L resistance breakpoint,S,S,no,A_mic_public_exact_link
CHINA_NINGXIA_2022,SHZY51,tetracycline,0.125,0.125,=,mg/L,Etest (BIO-KONT),Mueller-Hinton blood agar,72 h; microaerophilic; 37 C,EUCAST,publication says EUCAST but does not state version,S,S,no,A_mic_public_exact_link
CHINA_NINGXIA_2022,SHZY51,metronidazole,4,4,=,mg/L,Etest (BIO-KONT),Mueller-Hinton blood agar,72 h; microaerophilic; 37 C,EUCAST,publication says EUCAST but does not state version,S,S,no,A_mic_public_exact_link
CHINA_NINGXIA_2022,SHZY52,clarithromycin,2,2,=,mg/L,Etest (BIO-KONT),Mueller-Hinton blood agar,72 h; microaerophilic; 37 C,EUCAST,publication says EUCAST but does not state version,R,R,no,A_mic_public_exact_link
CHINA_NINGXIA_2022,SHZY52,levofloxacin,2,2,=,mg/L,Etest (BIO-KONT),Mueller-Hinton blood agar,72 h; microaerophilic; 37 C,EUCAST,publication says EUCAST but does not state version,R,R,no,A_mic_public_exact_link
CHINA_NINGXIA_2022,SHZY52,amoxicillin,0.5,0.5,=,mg/L,Etest (BIO-KONT),Mueller-Hinton blood agar,72 h; microaerophilic; 37 C,EUCAST,publication says EUCAST but does not state version,R,R,no,A_mic_public_exact_link
CHINA_NINGXIA_2022,SHZY52,furazolidone,0.032,0.032,=,mg/L,Etest (BIO-KONT),Mueller-Hinton blood agar,72 h; microaerophilic; 37 C,study literature rule,4 mg/L resistance breakpoint,S,S,no,A_mic_public_exact_link
CHINA_NINGXIA_2022,SHZY52,tetracycline,2,2,=,mg/L,Etest (BIO-KONT),Mueller-Hinton blood agar,72 h; microaerophilic; 37 C,EUCAST,publication says EUCAST but does not state version,R,R,no,A_mic_public_exact_link
CHINA_NINGXIA_2022,SHZY52,metronidazole,>32,32,>,mg/L,Etest (BIO-KONT),Mueller-Hinton blood agar,72 h; microaerophilic; 37 C,EUCAST,publication says EUCAST but does not state version,R,R,no,A_mic_public_exact_link
CHINA_NINGXIA_2022,SHZY53,clarithromycin,4,4,=,mg/L,Etest (BIO-KONT),Mueller-Hinton blood agar,72 h; microaerophilic; 37 C,EUCAST,publication says EUCAST but does not state version,R,R,no,A_mic_public_exact_link
CHINA_NINGXIA_2022,SHZY53,levofloxacin,8,8,=,mg/L,Etest (BIO-KONT),Mueller-Hinton blood agar,72 h; microaerophilic; 37 C,EUCAST,publication says EUCAST but does not state version,R,R,no,A_mic_public_exact_link
CHINA_NINGXIA_2022,SHZY53,amoxicillin,4,4,=,mg/L,Etest (BIO-KONT),Mueller-Hinton blood agar,72 h; microaerophilic; 37 C,EUCAST,publication says EUCAST but does not state version,R,R,no,A_mic_public_exact_link
CHINA_NINGXIA_2022,SHZY53,furazolidone,0.064,0.064,=,mg/L,Etest (BIO-KONT),Mueller-Hinton blood agar,72 h; microaerophilic; 37 C,study literature rule,4 mg/L resistance breakpoint,S,S,no,A_mic_public_exact_link
CHINA_NINGXIA_2022,SHZY53,tetracycline,0.064,0.064,=,mg/L,Etest (BIO-KONT),Mueller-Hinton blood agar,72 h; microaerophilic; 37 C,EUCAST,publication says EUCAST but does not state version,S,S,no,A_mic_public_exact_link
CHINA_NINGXIA_2022,SHZY53,metronidazole,8,8,=,mg/L,Etest (BIO-KONT),Mueller-Hinton blood agar,72 h; microaerophilic; 37 C,EUCAST,publication says EUCAST but does not state version,S,S,yes,A_mic_public_exact_link
CHINA_NINGXIA_2022,SHZY54,clarithromycin,0.5,0.5,=,mg/L,Etest (BIO-KONT),Mueller-Hinton blood agar,72 h; microaerophilic; 37 C,EUCAST,publication says EUCAST but does not state version,S,I,yes,A_mic_public_exact_link
CHINA_NINGXIA_2022,SHZY54,levofloxacin,1,1,=,mg/L,Etest (BIO-KONT),Mueller-Hinton blood agar,72 h; microaerophilic; 37 C,EUCAST,publication says EUCAST but does not state version,S,S,yes,A_mic_public_exact_link
CHINA_NINGXIA_2022,SHZY54,amoxicillin,>256,256,>,mg/L,Etest (BIO-KONT),Mueller-Hinton blood agar,72 h; microaerophilic; 37 C,EUCAST,publication says EUCAST but does not state version,R,R,no,A_mic_public_exact_link
CHINA_NINGXIA_2022,SHZY54,furazolidone,0.064,0.064,=,mg/L,Etest (BIO-KONT),Mueller-Hinton blood agar,72 h; microaerophilic; 37 C,study literature rule,4 mg/L resistance breakpoint,S,S,no,A_mic_public_exact_link
CHINA_NINGXIA_2022,SHZY54,tetracycline,0.125,0.125,=,mg/L,Etest (BIO-KONT),Mueller-Hinton blood agar,72 h; microaerophilic; 37 C,EUCAST,publication says EUCAST but does not state version,S,S,no,A_mic_public_exact_link
CHINA_NINGXIA_2022,SHZY54,metronidazole,4,4,=,mg/L,Etest (BIO-KONT),Mueller-Hinton blood agar,72 h; microaerophilic; 37 C,EUCAST,publication says EUCAST but does not state version,S,S,no,A_mic_public_exact_link
CHINA_NINGXIA_2022,SHZY55,clarithromycin,0.125,0.125,=,mg/L,Etest (BIO-KONT),Mueller-Hinton blood agar,72 h; microaerophilic; 37 C,EUCAST,publication says EUCAST but does not state version,S,S,no,A_mic_public_exact_link
CHINA_NINGXIA_2022,SHZY55,levofloxacin,2,2,=,mg/L,Etest (BIO-KONT),Mueller-Hinton blood agar,72 h; microaerophilic; 37 C,EUCAST,publication says EUCAST but does not state version,R,R,no,A_mic_public_exact_link
CHINA_NINGXIA_2022,SHZY55,amoxicillin,1,1,=,mg/L,Etest (BIO-KONT),Mueller-Hinton blood agar,72 h; microaerophilic; 37 C,EUCAST,publication says EUCAST but does not state version,R,R,no,A_mic_public_exact_link
CHINA_NINGXIA_2022,SHZY55,furazolidone,0.064,0.064,=,mg/L,Etest (BIO-KONT),Mueller-Hinton blood agar,72 h; microaerophilic; 37 C,study literature rule,4 mg/L resistance breakpoint,S,S,no,A_mic_public_exact_link
CHINA_NINGXIA_2022,SHZY55,tetracycline,0.064,0.064,=,mg/L,Etest (BIO-KONT),Mueller-Hinton blood agar,72 h; microaerophilic; 37 C,EUCAST,publication says EUCAST but does not state version,S,S,no,A_mic_public_exact_link
CHINA_NINGXIA_2022,SHZY55,metronidazole,>32,32,>,mg/L,Etest (BIO-KONT),Mueller-Hinton blood agar,72 h; microaerophilic; 37 C,EUCAST,publication says EUCAST but does not state version,R,R,no,A_mic_public_exact_link
CHINA_NINGXIA_2022,SHZY56,clarithromycin,4,4,=,mg/L,Etest (BIO-KONT),Mueller-Hinton blood agar,72 h; microaerophilic; 37 C,EUCAST,publication says EUCAST but does not state version,R,R,no,A_mic_public_exact_link
CHINA_NINGXIA_2022,SHZY56,levofloxacin,1,1,=,mg/L,Etest (BIO-KONT),Mueller-Hinton blood agar,72 h; microaerophilic; 37 C,EUCAST,publication says EUCAST but does not state version,S,S,yes,A_mic_public_exact_link
CHINA_NINGXIA_2022,SHZY56,amoxicillin,32,32,=,mg/L,Etest (BIO-KONT),Mueller-Hinton blood agar,72 h; microaerophilic; 37 C,EUCAST,publication says EUCAST but does not state version,R,R,no,A_mic_public_exact_link
CHINA_NINGXIA_2022,SHZY56,furazolidone,0.125,0.125,=,mg/L,Etest (BIO-KONT),Mueller-Hinton blood agar,72 h; microaerophilic; 37 C,study literature rule,4 mg/L resistance breakpoint,S,S,no,A_mic_public_exact_link
CHINA_NINGXIA_2022,SHZY56,tetracycline,0.125,0.125,=,mg/L,Etest (BIO-KONT),Mueller-Hinton blood agar,72 h; microaerophilic; 37 C,EUCAST,publication says EUCAST but does not state version,S,S,no,A_mic_public_exact_link
CHINA_NINGXIA_2022,SHZY56,metronidazole,>32,32,>,mg/L,Etest (BIO-KONT),Mueller-Hinton blood agar,72 h; microaerophilic; 37 C,EUCAST,publication says EUCAST but does not state version,R,R,no,A_mic_public_exact_link
CHINA_NINGXIA_2022,SHZY57,clarithromycin,0.125,0.125,=,mg/L,Etest (BIO-KONT),Mueller-Hinton blood agar,72 h; microaerophilic; 37 C,EUCAST,publication says EUCAST but does not state version,S,S,no,A_mic_public_exact_link
CHINA_NINGXIA_2022,SHZY57,levofloxacin,2,2,=,mg/L,Etest (BIO-KONT),Mueller-Hinton blood agar,72 h; microaerophilic; 37 C,EUCAST,publication says EUCAST but does not state version,R,R,no,A_mic_public_exact_link
CHINA_NINGXIA_2022,SHZY57,amoxicillin,128,128,=,mg/L,Etest (BIO-KONT),Mueller-Hinton blood agar,72 h; microaerophilic; 37 C,EUCAST,publication says EUCAST but does not state version,R,R,no,A_mic_public_exact_link
CHINA_NINGXIA_2022,SHZY57,furazolidone,0.064,0.064,=,mg/L,Etest (BIO-KONT),Mueller-Hinton blood agar,72 h; microaerophilic; 37 C,study literature rule,4 mg/L resistance breakpoint,S,S,no,A_mic_public_exact_link
CHINA_NINGXIA_2022,SHZY57,tetracycline,0.064,0.064,=,mg/L,Etest (BIO-KONT),Mueller-Hinton blood agar,72 h; microaerophilic; 37 C,EUCAST,publication says EUCAST but does not state version,S,S,no,A_mic_public_exact_link
CHINA_NINGXIA_2022,SHZY57,metronidazole,>32,32,>,mg/L,Etest (BIO-KONT),Mueller-Hinton blood agar,72 h; microaerophilic; 37 C,EUCAST,publication says EUCAST but does not state version,R,R,no,A_mic_public_exact_link
CHINA_NINGXIA_2022,SHZY58,clarithromycin,0.064,0.064,=,mg/L,Etest (BIO-KONT),Mueller-Hinton blood agar,72 h; microaerophilic; 37 C,EUCAST,publication says EUCAST but does not state version,S,S,no,A_mic_public_exact_link
CHINA_NINGXIA_2022,SHZY58,levofloxacin,0.125,0.125,=,mg/L,Etest (BIO-KONT),Mueller-Hinton blood agar,72 h; microaerophilic; 37 C,EUCAST,publication says EUCAST but does not state version,S,S,no,A_mic_public_exact_link
CHINA_NINGXIA_2022,SHZY58,amoxicillin,4,4,=,mg/L,Etest (BIO-KONT),Mueller-Hinton blood agar,72 h; microaerophilic; 37 C,EUCAST,publication says EUCAST but does not state version,R,R,no,A_mic_public_exact_link
CHINA_NINGXIA_2022,SHZY58,furazolidone,0.5,0.5,=,mg/L,Etest (BIO-KONT),Mueller-Hinton blood agar,72 h; microaerophilic; 37 C,study literature rule,4 mg/L resistance breakpoint,S,S,no,A_mic_public_exact_link
CHINA_NINGXIA_2022,SHZY58,tetracycline,0.064,0.064,=,mg/L,Etest (BIO-KONT),Mueller-Hinton blood agar,72 h; microaerophilic; 37 C,EUCAST,publication says EUCAST but does not state version,S,S,no,A_mic_public_exact_link
CHINA_NINGXIA_2022,SHZY58,metronidazole,>32,32,>,mg/L,Etest (BIO-KONT),Mueller-Hinton blood agar,72 h; microaerophilic; 37 C,EUCAST,publication says EUCAST but does not state version,R,R,no,A_mic_public_exact_link
CHINA_NINGXIA_2022,SHZY59,clarithromycin,0.5,0.5,=,mg/L,Etest (BIO-KONT),Mueller-Hinton blood agar,72 h; microaerophilic; 37 C,EUCAST,publication says EUCAST but does not state version,S,I,yes,A_mic_public_exact_link
CHINA_NINGXIA_2022,SHZY59,levofloxacin,1,1,=,mg/L,Etest (BIO-KONT),Mueller-Hinton blood agar,72 h; microaerophilic; 37 C,EUCAST,publication says EUCAST but does not state version,S,S,yes,A_mic_public_exact_link
CHINA_NINGXIA_2022,SHZY59,amoxicillin,8,8,=,mg/L,Etest (BIO-KONT),Mueller-Hinton blood agar,72 h; microaerophilic; 37 C,EUCAST,publication says EUCAST but does not state version,R,R,no,A_mic_public_exact_link
CHINA_NINGXIA_2022,SHZY59,furazolidone,0.064,0.064,=,mg/L,Etest (BIO-KONT),Mueller-Hinton blood agar,72 h; microaerophilic; 37 C,study literature rule,4 mg/L resistance breakpoint,S,S,no,A_mic_public_exact_link
CHINA_NINGXIA_2022,SHZY59,tetracycline,0.125,0.125,=,mg/L,Etest (BIO-KONT),Mueller-Hinton blood agar,72 h; microaerophilic; 37 C,EUCAST,publication says EUCAST but does not state version,S,S,no,A_mic_public_exact_link
CHINA_NINGXIA_2022,SHZY59,metronidazole,8,8,=,mg/L,Etest (BIO-KONT),Mueller-Hinton blood agar,72 h; microaerophilic; 37 C,EUCAST,publication says EUCAST but does not state version,S,S,yes,A_mic_public_exact_link
CHINA_NINGXIA_2022,SHZY60,clarithromycin,32,32,=,mg/L,Etest (BIO-KONT),Mueller-Hinton blood agar,72 h; microaerophilic; 37 C,EUCAST,publication says EUCAST but does not state version,R,R,no,A_mic_public_exact_link
CHINA_NINGXIA_2022,SHZY60,levofloxacin,>32,32,>,mg/L,Etest (BIO-KONT),Mueller-Hinton blood agar,72 h; microaerophilic; 37 C,EUCAST,publication says EUCAST but does not state version,R,R,no,A_mic_public_exact_link
CHINA_NINGXIA_2022,SHZY60,amoxicillin,2,2,=,mg/L,Etest (BIO-KONT),Mueller-Hinton blood agar,72 h; microaerophilic; 37 C,EUCAST,publication says EUCAST but does not state version,R,R,no,A_mic_public_exact_link
CHINA_NINGXIA_2022,SHZY60,furazolidone,0.125,0.125,=,mg/L,Etest (BIO-KONT),Mueller-Hinton blood agar,72 h; microaerophilic; 37 C,study literature rule,4 mg/L resistance breakpoint,S,S,no,A_mic_public_exact_link
CHINA_NINGXIA_2022,SHZY60,tetracycline,0.5,0.5,=,mg/L,Etest (BIO-KONT),Mueller-Hinton blood agar,72 h; microaerophilic; 37 C,EUCAST,publication says EUCAST but does not state version,S,S,no,A_mic_public_exact_link
CHINA_NINGXIA_2022,SHZY60,metronidazole,>32,32,>,mg/L,Etest (BIO-KONT),Mueller-Hinton blood agar,72 h; microaerophilic; 37 C,EUCAST,publication says EUCAST but does not state version,R,R,no,A_mic_public_exact_link
ZENODO_10369064,S01,clarithromycin,,,,disk diameter mm,Kirby-Bauer disk diffusion,Columbia blood agar,3-4 days; microaerophilic; 37 C,study-defined,Supplementary Figure 1 zone-diameter thresholds,R,,unknown,B_categorical_public_exact_link_custom_threshold
ZENODO_10369064,S01,levofloxacin,,,,disk diameter mm,Kirby-Bauer disk diffusion,Columbia blood agar,3-4 days; microaerophilic; 37 C,study-defined,Supplementary Figure 1 zone-diameter thresholds,S,,unknown,B_categorical_public_exact_link_custom_threshold
ZENODO_10369064,S01,amoxicillin,,,,disk diameter mm,Kirby-Bauer disk diffusion,Columbia blood agar,3-4 days; microaerophilic; 37 C,study-defined,Supplementary Figure 1 zone-diameter thresholds,S,,unknown,B_categorical_public_exact_link_custom_threshold
ZENODO_10369064,S01,furazolidone,,,,disk diameter mm,Kirby-Bauer disk diffusion,Columbia blood agar,3-4 days; microaerophilic; 37 C,study-defined,Supplementary Figure 1 zone-diameter thresholds,S,,unknown,B_categorical_public_exact_link_custom_threshold
ZENODO_10369064,S01,tetracycline,,,,disk diameter mm,Kirby-Bauer disk diffusion,Columbia blood agar,3-4 days; microaerophilic; 37 C,study-defined,Supplementary Figure 1 zone-diameter thresholds,S,,unknown,B_categorical_public_exact_link_custom_threshold
ZENODO_10369064,S01,metronidazole,,,,disk diameter mm,Kirby-Bauer disk diffusion,Columbia blood agar,3-4 days; microaerophilic; 37 C,study-defined,Supplementary Figure 1 zone-diameter thresholds,R,,unknown,B_categorical_public_exact_link_custom_threshold
ZENODO_10369064,S03,clarithromycin,,,,disk diameter mm,Kirby-Bauer disk diffusion,Columbia blood agar,3-4 days; microaerophilic; 37 C,study-defined,Supplementary Figure 1 zone-diameter thresholds,R,,unknown,B_categorical_public_exact_link_custom_threshold
ZENODO_10369064,S03,levofloxacin,,,,disk diameter mm,Kirby-Bauer disk diffusion,Columbia blood agar,3-4 days; microaerophilic; 37 C,study-defined,Supplementary Figure 1 zone-diameter thresholds,S,,unknown,B_categorical_public_exact_link_custom_threshold
ZENODO_10369064,S03,amoxicillin,,,,disk diameter mm,Kirby-Bauer disk diffusion,Columbia blood agar,3-4 days; microaerophilic; 37 C,study-defined,Supplementary Figure 1 zone-diameter thresholds,S,,unknown,B_categorical_public_exact_link_custom_threshold
ZENODO_10369064,S03,furazolidone,,,,disk diameter mm,Kirby-Bauer disk diffusion,Columbia blood agar,3-4 days; microaerophilic; 37 C,study-defined,Supplementary Figure 1 zone-diameter thresholds,S,,unknown,B_categorical_public_exact_link_custom_threshold
ZENODO_10369064,S03,tetracycline,,,,disk diameter mm,Kirby-Bauer disk diffusion,Columbia blood agar,3-4 days; microaerophilic; 37 C,study-defined,Supplementary Figure 1 zone-diameter thresholds,S,,unknown,B_categorical_public_exact_link_custom_threshold
ZENODO_10369064,S03,metronidazole,,,,disk diameter mm,Kirby-Bauer disk diffusion,Columbia blood agar,3-4 days; microaerophilic; 37 C,study-defined,Supplementary Figure 1 zone-diameter thresholds,R,,unknown,B_categorical_public_exact_link_custom_threshold
ZENODO_10369064,S04,clarithromycin,,,,disk diameter mm,Kirby-Bauer disk diffusion,Columbia blood agar,3-4 days; microaerophilic; 37 C,study-defined,Supplementary Figure 1 zone-diameter thresholds,R,,unknown,B_categorical_public_exact_link_custom_threshold
ZENODO_10369064,S04,levofloxacin,,,,disk diameter mm,Kirby-Bauer disk diffusion,Columbia blood agar,3-4 days; microaerophilic; 37 C,study-defined,Supplementary Figure 1 zone-diameter thresholds,R,,unknown,B_categorical_public_exact_link_custom_threshold
ZENODO_10369064,S04,amoxicillin,,,,disk diameter mm,Kirby-Bauer disk diffusion,Columbia blood agar,3-4 days; microaerophilic; 37 C,study-defined,Supplementary Figure 1 zone-diameter thresholds,S,,unknown,B_categorical_public_exact_link_custom_threshold
ZENODO_10369064,S04,furazolidone,,,,disk diameter mm,Kirby-Bauer disk diffusion,Columbia blood agar,3-4 days; microaerophilic; 37 C,study-defined,Supplementary Figure 1 zone-diameter thresholds,S,,unknown,B_categorical_public_exact_link_custom_threshold
ZENODO_10369064,S04,tetracycline,,,,disk diameter mm,Kirby-Bauer disk diffusion,Columbia blood agar,3-4 days; microaerophilic; 37 C,study-defined,Supplementary Figure 1 zone-diameter thresholds,S,,unknown,B_categorical_public_exact_link_custom_threshold
ZENODO_10369064,S04,metronidazole,,,,disk diameter mm,Kirby-Bauer disk diffusion,Columbia blood agar,3-4 days; microaerophilic; 37 C,study-defined,Supplementary Figure 1 zone-diameter thresholds,S,,unknown,B_categorical_public_exact_link_custom_threshold
ZENODO_10369064,S05,clarithromycin,,,,disk diameter mm,Kirby-Bauer disk diffusion,Columbia blood agar,3-4 days; microaerophilic; 37 C,study-defined,Supplementary Figure 1 zone-diameter thresholds,R,,unknown,B_categorical_public_exact_link_custom_threshold
ZENODO_10369064,S05,levofloxacin,,,,disk diameter mm,Kirby-Bauer disk diffusion,Columbia blood agar,3-4 days; microaerophilic; 37 C,study-defined,Supplementary Figure 1 zone-diameter thresholds,R,,unknown,B_categorical_public_exact_link_custom_threshold
ZENODO_10369064,S05,amoxicillin,,,,disk diameter mm,Kirby-Bauer disk diffusion,Columbia blood agar,3-4 days; microaerophilic; 37 C,study-defined,Supplementary Figure 1 zone-diameter thresholds,S,,unknown,B_categorical_public_exact_link_custom_threshold
ZENODO_10369064,S05,furazolidone,,,,disk diameter mm,Kirby-Bauer disk diffusion,Columbia blood agar,3-4 days; microaerophilic; 37 C,study-defined,Supplementary Figure 1 zone-diameter thresholds,S,,unknown,B_categorical_public_exact_link_custom_threshold
ZENODO_10369064,S05,tetracycline,,,,disk diameter mm,Kirby-Bauer disk diffusion,Columbia blood agar,3-4 days; microaerophilic; 37 C,study-defined,Supplementary Figure 1 zone-diameter thresholds,S,,unknown,B_categorical_public_exact_link_custom_threshold
ZENODO_10369064,S05,metronidazole,,,,disk diameter mm,Kirby-Bauer disk diffusion,Columbia blood agar,3-4 days; microaerophilic; 37 C,study-defined,Supplementary Figure 1 zone-diameter thresholds,R,,unknown,B_categorical_public_exact_link_custom_threshold
ZENODO_10369064,S06,clarithromycin,,,,disk diameter mm,Kirby-Bauer disk diffusion,Columbia blood agar,3-4 days; microaerophilic; 37 C,study-defined,Supplementary Figure 1 zone-diameter thresholds,S,,unknown,B_categorical_public_exact_link_custom_threshold
ZENODO_10369064,S06,levofloxacin,,,,disk diameter mm,Kirby-Bauer disk diffusion,Columbia blood agar,3-4 days; microaerophilic; 37 C,study-defined,Supplementary Figure 1 zone-diameter thresholds,I,,unknown,B_categorical_public_exact_link_custom_threshold
ZENODO_10369064,S06,amoxicillin,,,,disk diameter mm,Kirby-Bauer disk diffusion,Columbia blood agar,3-4 days; microaerophilic; 37 C,study-defined,Supplementary Figure 1 zone-diameter thresholds,S,,unknown,B_categorical_public_exact_link_custom_threshold
ZENODO_10369064,S06,furazolidone,,,,disk diameter mm,Kirby-Bauer disk diffusion,Columbia blood agar,3-4 days; microaerophilic; 37 C,study-defined,Supplementary Figure 1 zone-diameter thresholds,S,,unknown,B_categorical_public_exact_link_custom_threshold
ZENODO_10369064,S06,tetracycline,,,,disk diameter mm,Kirby-Bauer disk diffusion,Columbia blood agar,3-4 days; microaerophilic; 37 C,study-defined,Supplementary Figure 1 zone-diameter thresholds,S,,unknown,B_categorical_public_exact_link_custom_threshold
ZENODO_10369064,S06,metronidazole,,,,disk diameter mm,Kirby-Bauer disk diffusion,Columbia blood agar,3-4 days; microaerophilic; 37 C,study-defined,Supplementary Figure 1 zone-diameter thresholds,S,,unknown,B_categorical_public_exact_link_custom_threshold
ZENODO_10369064,S07,clarithromycin,,,,disk diameter mm,Kirby-Bauer disk diffusion,Columbia blood agar,3-4 days; microaerophilic; 37 C,study-defined,Supplementary Figure 1 zone-diameter thresholds,S,,unknown,B_categorical_public_exact_link_custom_threshold
ZENODO_10369064,S07,levofloxacin,,,,disk diameter mm,Kirby-Bauer disk diffusion,Columbia blood agar,3-4 days; microaerophilic; 37 C,study-defined,Supplementary Figure 1 zone-diameter thresholds,R,,unknown,B_categorical_public_exact_link_custom_threshold
ZENODO_10369064,S07,amoxicillin,,,,disk diameter mm,Kirby-Bauer disk diffusion,Columbia blood agar,3-4 days; microaerophilic; 37 C,study-defined,Supplementary Figure 1 zone-diameter thresholds,S,,unknown,B_categorical_public_exact_link_custom_threshold
ZENODO_10369064,S07,furazolidone,,,,disk diameter mm,Kirby-Bauer disk diffusion,Columbia blood agar,3-4 days; microaerophilic; 37 C,study-defined,Supplementary Figure 1 zone-diameter thresholds,S,,unknown,B_categorical_public_exact_link_custom_threshold
ZENODO_10369064,S07,tetracycline,,,,disk diameter mm,Kirby-Bauer disk diffusion,Columbia blood agar,3-4 days; microaerophilic; 37 C,study-defined,Supplementary Figure 1 zone-diameter thresholds,S,,unknown,B_categorical_public_exact_link_custom_threshold
ZENODO_10369064,S07,metronidazole,,,,disk diameter mm,Kirby-Bauer disk diffusion,Columbia blood agar,3-4 days; microaerophilic; 37 C,study-defined,Supplementary Figure 1 zone-diameter thresholds,R,,unknown,B_categorical_public_exact_link_custom_threshold
ZENODO_10369064,S08,clarithromycin,,,,disk diameter mm,Kirby-Bauer disk diffusion,Columbia blood agar,3-4 days; microaerophilic; 37 C,study-defined,Supplementary Figure 1 zone-diameter thresholds,S,,unknown,B_categorical_public_exact_link_custom_threshold
ZENODO_10369064,S08,levofloxacin,,,,disk diameter mm,Kirby-Bauer disk diffusion,Columbia blood agar,3-4 days; microaerophilic; 37 C,study-defined,Supplementary Figure 1 zone-diameter thresholds,R,,unknown,B_categorical_public_exact_link_custom_threshold
ZENODO_10369064,S08,amoxicillin,,,,disk diameter mm,Kirby-Bauer disk diffusion,Columbia blood agar,3-4 days; microaerophilic; 37 C,study-defined,Supplementary Figure 1 zone-diameter thresholds,S,,unknown,B_categorical_public_exact_link_custom_threshold
ZENODO_10369064,S08,furazolidone,,,,disk diameter mm,Kirby-Bauer disk diffusion,Columbia blood agar,3-4 days; microaerophilic; 37 C,study-defined,Supplementary Figure 1 zone-diameter thresholds,S,,unknown,B_categorical_public_exact_link_custom_threshold
ZENODO_10369064,S08,tetracycline,,,,disk diameter mm,Kirby-Bauer disk diffusion,Columbia blood agar,3-4 days; microaerophilic; 37 C,study-defined,Supplementary Figure 1 zone-diameter thresholds,S,,unknown,B_categorical_public_exact_link_custom_threshold
ZENODO_10369064,S08,metronidazole,,,,disk diameter mm,Kirby-Bauer disk diffusion,Columbia blood agar,3-4 days; microaerophilic; 37 C,study-defined,Supplementary Figure 1 zone-diameter thresholds,R,,unknown,B_categorical_public_exact_link_custom_threshold
ZENODO_10369064,S09,clarithromycin,,,,disk diameter mm,Kirby-Bauer disk diffusion,Columbia blood agar,3-4 days; microaerophilic; 37 C,study-defined,Supplementary Figure 1 zone-diameter thresholds,S,,unknown,B_categorical_public_exact_link_custom_threshold
ZENODO_10369064,S09,levofloxacin,,,,disk diameter mm,Kirby-Bauer disk diffusion,Columbia blood agar,3-4 days; microaerophilic; 37 C,study-defined,Supplementary Figure 1 zone-diameter thresholds,R,,unknown,B_categorical_public_exact_link_custom_threshold
ZENODO_10369064,S09,amoxicillin,,,,disk diameter mm,Kirby-Bauer disk diffusion,Columbia blood agar,3-4 days; microaerophilic; 37 C,study-defined,Supplementary Figure 1 zone-diameter thresholds,S,,unknown,B_categorical_public_exact_link_custom_threshold
ZENODO_10369064,S09,furazolidone,,,,disk diameter mm,Kirby-Bauer disk diffusion,Columbia blood agar,3-4 days; microaerophilic; 37 C,study-defined,Supplementary Figure 1 zone-diameter thresholds,S,,unknown,B_categorical_public_exact_link_custom_threshold
ZENODO_10369064,S09,tetracycline,,,,disk diameter mm,Kirby-Bauer disk diffusion,Columbia blood agar,3-4 days; microaerophilic; 37 C,study-defined,Supplementary Figure 1 zone-diameter thresholds,S,,unknown,B_categorical_public_exact_link_custom_threshold
ZENODO_10369064,S09,metronidazole,,,,disk diameter mm,Kirby-Bauer disk diffusion,Columbia blood agar,3-4 days; microaerophilic; 37 C,study-defined,Supplementary Figure 1 zone-diameter thresholds,R,,unknown,B_categorical_public_exact_link_custom_threshold
ZENODO_10369064,S10,clarithromycin,,,,disk diameter mm,Kirby-Bauer disk diffusion,Columbia blood agar,3-4 days; microaerophilic; 37 C,study-defined,Supplementary Figure 1 zone-diameter thresholds,R,,unknown,B_categorical_public_exact_link_custom_threshold
ZENODO_10369064,S10,levofloxacin,,,,disk diameter mm,Kirby-Bauer disk diffusion,Columbia blood agar,3-4 days; microaerophilic; 37 C,study-defined,Supplementary Figure 1 zone-diameter thresholds,R,,unknown,B_categorical_public_exact_link_custom_threshold
ZENODO_10369064,S10,amoxicillin,,,,disk diameter mm,Kirby-Bauer disk diffusion,Columbia blood agar,3-4 days; microaerophilic; 37 C,study-defined,Supplementary Figure 1 zone-diameter thresholds,S,,unknown,B_categorical_public_exact_link_custom_threshold
ZENODO_10369064,S10,furazolidone,,,,disk diameter mm,Kirby-Bauer disk diffusion,Columbia blood agar,3-4 days; microaerophilic; 37 C,study-defined,Supplementary Figure 1 zone-diameter thresholds,S,,unknown,B_categorical_public_exact_link_custom_threshold
ZENODO_10369064,S10,tetracycline,,,,disk diameter mm,Kirby-Bauer disk diffusion,Columbia blood agar,3-4 days; microaerophilic; 37 C,study-defined,Supplementary Figure 1 zone-diameter thresholds,S,,unknown,B_categorical_public_exact_link_custom_threshold
ZENODO_10369064,S10,metronidazole,,,,disk diameter mm,Kirby-Bauer disk diffusion,Columbia blood agar,3-4 days; microaerophilic; 37 C,study-defined,Supplementary Figure 1 zone-diameter thresholds,R,,unknown,B_categorical_public_exact_link_custom_threshold
ZENODO_10369064,S11,clarithromycin,,,,disk diameter mm,Kirby-Bauer disk diffusion,Columbia blood agar,3-4 days; microaerophilic; 37 C,study-defined,Supplementary Figure 1 zone-diameter thresholds,S,,unknown,B_categorical_public_exact_link_custom_threshold
ZENODO_10369064,S11,levofloxacin,,,,disk diameter mm,Kirby-Bauer disk diffusion,Columbia blood agar,3-4 days; microaerophilic; 37 C,study-defined,Supplementary Figure 1 zone-diameter thresholds,S,,unknown,B_categorical_public_exact_link_custom_threshold
ZENODO_10369064,S11,amoxicillin,,,,disk diameter mm,Kirby-Bauer disk diffusion,Columbia blood agar,3-4 days; microaerophilic; 37 C,study-defined,Supplementary Figure 1 zone-diameter thresholds,S,,unknown,B_categorical_public_exact_link_custom_threshold
ZENODO_10369064,S11,furazolidone,,,,disk diameter mm,Kirby-Bauer disk diffusion,Columbia blood agar,3-4 days; microaerophilic; 37 C,study-defined,Supplementary Figure 1 zone-diameter thresholds,S,,unknown,B_categorical_public_exact_link_custom_threshold
ZENODO_10369064,S11,tetracycline,,,,disk diameter mm,Kirby-Bauer disk diffusion,Columbia blood agar,3-4 days; microaerophilic; 37 C,study-defined,Supplementary Figure 1 zone-diameter thresholds,S,,unknown,B_categorical_public_exact_link_custom_threshold
ZENODO_10369064,S11,metronidazole,,,,disk diameter mm,Kirby-Bauer disk diffusion,Columbia blood agar,3-4 days; microaerophilic; 37 C,study-defined,Supplementary Figure 1 zone-diameter thresholds,R,,unknown,B_categorical_public_exact_link_custom_threshold
ZENODO_10369064,S12,clarithromycin,,,,disk diameter mm,Kirby-Bauer disk diffusion,Columbia blood agar,3-4 days; microaerophilic; 37 C,study-defined,Supplementary Figure 1 zone-diameter thresholds,R,,unknown,B_categorical_public_exact_link_custom_threshold
ZENODO_10369064,S12,levofloxacin,,,,disk diameter mm,Kirby-Bauer disk diffusion,Columbia blood agar,3-4 days; microaerophilic; 37 C,study-defined,Supplementary Figure 1 zone-diameter thresholds,S,,unknown,B_categorical_public_exact_link_custom_threshold
ZENODO_10369064,S12,amoxicillin,,,,disk diameter mm,Kirby-Bauer disk diffusion,Columbia blood agar,3-4 days; microaerophilic; 37 C,study-defined,Supplementary Figure 1 zone-diameter thresholds,S,,unknown,B_categorical_public_exact_link_custom_threshold
ZENODO_10369064,S12,furazolidone,,,,disk diameter mm,Kirby-Bauer disk diffusion,Columbia blood agar,3-4 days; microaerophilic; 37 C,study-defined,Supplementary Figure 1 zone-diameter thresholds,S,,unknown,B_categorical_public_exact_link_custom_threshold
ZENODO_10369064,S12,tetracycline,,,,disk diameter mm,Kirby-Bauer disk diffusion,Columbia blood agar,3-4 days; microaerophilic; 37 C,study-defined,Supplementary Figure 1 zone-diameter thresholds,S,,unknown,B_categorical_public_exact_link_custom_threshold
ZENODO_10369064,S12,metronidazole,,,,disk diameter mm,Kirby-Bauer disk diffusion,Columbia blood agar,3-4 days; microaerophilic; 37 C,study-defined,Supplementary Figure 1 zone-diameter thresholds,R,,unknown,B_categorical_public_exact_link_custom_threshold
ZENODO_10369064,S13,clarithromycin,,,,disk diameter mm,Kirby-Bauer disk diffusion,Columbia blood agar,3-4 days; microaerophilic; 37 C,study-defined,Supplementary Figure 1 zone-diameter thresholds,S,,unknown,B_categorical_public_exact_link_custom_threshold
ZENODO_10369064,S13,levofloxacin,,,,disk diameter mm,Kirby-Bauer disk diffusion,Columbia blood agar,3-4 days; microaerophilic; 37 C,study-defined,Supplementary Figure 1 zone-diameter thresholds,S,,unknown,B_categorical_public_exact_link_custom_threshold
ZENODO_10369064,S13,amoxicillin,,,,disk diameter mm,Kirby-Bauer disk diffusion,Columbia blood agar,3-4 days; microaerophilic; 37 C,study-defined,Supplementary Figure 1 zone-diameter thresholds,S,,unknown,B_categorical_public_exact_link_custom_threshold
ZENODO_10369064,S13,furazolidone,,,,disk diameter mm,Kirby-Bauer disk diffusion,Columbia blood agar,3-4 days; microaerophilic; 37 C,study-defined,Supplementary Figure 1 zone-diameter thresholds,S,,unknown,B_categorical_public_exact_link_custom_threshold
ZENODO_10369064,S13,tetracycline,,,,disk diameter mm,Kirby-Bauer disk diffusion,Columbia blood agar,3-4 days; microaerophilic; 37 C,study-defined,Supplementary Figure 1 zone-diameter thresholds,S,,unknown,B_categorical_public_exact_link_custom_threshold
ZENODO_10369064,S13,metronidazole,,,,disk diameter mm,Kirby-Bauer disk diffusion,Columbia blood agar,3-4 days; microaerophilic; 37 C,study-defined,Supplementary Figure 1 zone-diameter thresholds,S,,unknown,B_categorical_public_exact_link_custom_threshold
ZENODO_10369064,S14,clarithromycin,,,,disk diameter mm,Kirby-Bauer disk diffusion,Columbia blood agar,3-4 days; microaerophilic; 37 C,study-defined,Supplementary Figure 1 zone-diameter thresholds,S,,unknown,B_categorical_public_exact_link_custom_threshold
ZENODO_10369064,S14,levofloxacin,,,,disk diameter mm,Kirby-Bauer disk diffusion,Columbia blood agar,3-4 days; microaerophilic; 37 C,study-defined,Supplementary Figure 1 zone-diameter thresholds,R,,unknown,B_categorical_public_exact_link_custom_threshold
ZENODO_10369064,S14,amoxicillin,,,,disk diameter mm,Kirby-Bauer disk diffusion,Columbia blood agar,3-4 days; microaerophilic; 37 C,study-defined,Supplementary Figure 1 zone-diameter thresholds,S,,unknown,B_categorical_public_exact_link_custom_threshold
ZENODO_10369064,S14,furazolidone,,,,disk diameter mm,Kirby-Bauer disk diffusion,Columbia blood agar,3-4 days; microaerophilic; 37 C,study-defined,Supplementary Figure 1 zone-diameter thresholds,S,,unknown,B_categorical_public_exact_link_custom_threshold
ZENODO_10369064,S14,tetracycline,,,,disk diameter mm,Kirby-Bauer disk diffusion,Columbia blood agar,3-4 days; microaerophilic; 37 C,study-defined,Supplementary Figure 1 zone-diameter thresholds,S,,unknown,B_categorical_public_exact_link_custom_threshold
ZENODO_10369064,S14,metronidazole,,,,disk diameter mm,Kirby-Bauer disk diffusion,Columbia blood agar,3-4 days; microaerophilic; 37 C,study-defined,Supplementary Figure 1 zone-diameter thresholds,R,,unknown,B_categorical_public_exact_link_custom_threshold
ZENODO_10369064,S15,clarithromycin,,,,disk diameter mm,Kirby-Bauer disk diffusion,Columbia blood agar,3-4 days; microaerophilic; 37 C,study-defined,Supplementary Figure 1 zone-diameter thresholds,R,,unknown,B_categorical_public_exact_link_custom_threshold
ZENODO_10369064,S15,levofloxacin,,,,disk diameter mm,Kirby-Bauer disk diffusion,Columbia blood agar,3-4 days; microaerophilic; 37 C,study-defined,Supplementary Figure 1 zone-diameter thresholds,S,,unknown,B_categorical_public_exact_link_custom_threshold
ZENODO_10369064,S15,amoxicillin,,,,disk diameter mm,Kirby-Bauer disk diffusion,Columbia blood agar,3-4 days; microaerophilic; 37 C,study-defined,Supplementary Figure 1 zone-diameter thresholds,S,,unknown,B_categorical_public_exact_link_custom_threshold
ZENODO_10369064,S15,furazolidone,,,,disk diameter mm,Kirby-Bauer disk diffusion,Columbia blood agar,3-4 days; microaerophilic; 37 C,study-defined,Supplementary Figure 1 zone-diameter thresholds,S,,unknown,B_categorical_public_exact_link_custom_threshold
ZENODO_10369064,S15,tetracycline,,,,disk diameter mm,Kirby-Bauer disk diffusion,Columbia blood agar,3-4 days; microaerophilic; 37 C,study-defined,Supplementary Figure 1 zone-diameter thresholds,S,,unknown,B_categorical_public_exact_link_custom_threshold
ZENODO_10369064,S15,metronidazole,,,,disk diameter mm,Kirby-Bauer disk diffusion,Columbia blood agar,3-4 days; microaerophilic; 37 C,study-defined,Supplementary Figure 1 zone-diameter thresholds,R,,unknown,B_categorical_public_exact_link_custom_threshold
ZENODO_10369064,S16,clarithromycin,,,,disk diameter mm,Kirby-Bauer disk diffusion,Columbia blood agar,3-4 days; microaerophilic; 37 C,study-defined,Supplementary Figure 1 zone-diameter thresholds,I,,unknown,B_categorical_public_exact_link_custom_threshold
ZENODO_10369064,S16,levofloxacin,,,,disk diameter mm,Kirby-Bauer disk diffusion,Columbia blood agar,3-4 days; microaerophilic; 37 C,study-defined,Supplementary Figure 1 zone-diameter thresholds,R,,unknown,B_categorical_public_exact_link_custom_threshold
ZENODO_10369064,S16,amoxicillin,,,,disk diameter mm,Kirby-Bauer disk diffusion,Columbia blood agar,3-4 days; microaerophilic; 37 C,study-defined,Supplementary Figure 1 zone-diameter thresholds,S,,unknown,B_categorical_public_exact_link_custom_threshold
ZENODO_10369064,S16,furazolidone,,,,disk diameter mm,Kirby-Bauer disk diffusion,Columbia blood agar,3-4 days; microaerophilic; 37 C,study-defined,Supplementary Figure 1 zone-diameter thresholds,S,,unknown,B_categorical_public_exact_link_custom_threshold
ZENODO_10369064,S16,tetracycline,,,,disk diameter mm,Kirby-Bauer disk diffusion,Columbia blood agar,3-4 days; microaerophilic; 37 C,study-defined,Supplementary Figure 1 zone-diameter thresholds,S,,unknown,B_categorical_public_exact_link_custom_threshold
ZENODO_10369064,S16,metronidazole,,,,disk diameter mm,Kirby-Bauer disk diffusion,Columbia blood agar,3-4 days; microaerophilic; 37 C,study-defined,Supplementary Figure 1 zone-diameter thresholds,R,,unknown,B_categorical_public_exact_link_custom_threshold
ZENODO_10369064,S17,clarithromycin,,,,disk diameter mm,Kirby-Bauer disk diffusion,Columbia blood agar,3-4 days; microaerophilic; 37 C,study-defined,Supplementary Figure 1 zone-diameter thresholds,S,,unknown,B_categorical_public_exact_link_custom_threshold
ZENODO_10369064,S17,levofloxacin,,,,disk diameter mm,Kirby-Bauer disk diffusion,Columbia blood agar,3-4 days; microaerophilic; 37 C,study-defined,Supplementary Figure 1 zone-diameter thresholds,S,,unknown,B_categorical_public_exact_link_custom_threshold
ZENODO_10369064,S17,amoxicillin,,,,disk diameter mm,Kirby-Bauer disk diffusion,Columbia blood agar,3-4 days; microaerophilic; 37 C,study-defined,Supplementary Figure 1 zone-diameter thresholds,S,,unknown,B_categorical_public_exact_link_custom_threshold
ZENODO_10369064,S17,furazolidone,,,,disk diameter mm,Kirby-Bauer disk diffusion,Columbia blood agar,3-4 days; microaerophilic; 37 C,study-defined,Supplementary Figure 1 zone-diameter thresholds,S,,unknown,B_categorical_public_exact_link_custom_threshold
ZENODO_10369064,S17,tetracycline,,,,disk diameter mm,Kirby-Bauer disk diffusion,Columbia blood agar,3-4 days; microaerophilic; 37 C,study-defined,Supplementary Figure 1 zone-diameter thresholds,S,,unknown,B_categorical_public_exact_link_custom_threshold
ZENODO_10369064,S17,metronidazole,,,,disk diameter mm,Kirby-Bauer disk diffusion,Columbia blood agar,3-4 days; microaerophilic; 37 C,study-defined,Supplementary Figure 1 zone-diameter thresholds,R,,unknown,B_categorical_public_exact_link_custom_threshold
ZENODO_10369064,S18,clarithromycin,,,,disk diameter mm,Kirby-Bauer disk diffusion,Columbia blood agar,3-4 days; microaerophilic; 37 C,study-defined,Supplementary Figure 1 zone-diameter thresholds,S,,unknown,B_categorical_public_exact_link_custom_threshold
ZENODO_10369064,S18,levofloxacin,,,,disk diameter mm,Kirby-Bauer disk diffusion,Columbia blood agar,3-4 days; microaerophilic; 37 C,study-defined,Supplementary Figure 1 zone-diameter thresholds,S,,unknown,B_categorical_public_exact_link_custom_threshold
ZENODO_10369064,S18,amoxicillin,,,,disk diameter mm,Kirby-Bauer disk diffusion,Columbia blood agar,3-4 days; microaerophilic; 37 C,study-defined,Supplementary Figure 1 zone-diameter thresholds,S,,unknown,B_categorical_public_exact_link_custom_threshold
ZENODO_10369064,S18,furazolidone,,,,disk diameter mm,Kirby-Bauer disk diffusion,Columbia blood agar,3-4 days; microaerophilic; 37 C,study-defined,Supplementary Figure 1 zone-diameter thresholds,S,,unknown,B_categorical_public_exact_link_custom_threshold
ZENODO_10369064,S18,tetracycline,,,,disk diameter mm,Kirby-Bauer disk diffusion,Columbia blood agar,3-4 days; microaerophilic; 37 C,study-defined,Supplementary Figure 1 zone-diameter thresholds,S,,unknown,B_categorical_public_exact_link_custom_threshold
ZENODO_10369064,S18,metronidazole,,,,disk diameter mm,Kirby-Bauer disk diffusion,Columbia blood agar,3-4 days; microaerophilic; 37 C,study-defined,Supplementary Figure 1 zone-diameter thresholds,I,,unknown,B_categorical_public_exact_link_custom_threshold
ZENODO_10369064,S19,clarithromycin,,,,disk diameter mm,Kirby-Bauer disk diffusion,Columbia blood agar,3-4 days; microaerophilic; 37 C,study-defined,Supplementary Figure 1 zone-diameter thresholds,R,,unknown,B_categorical_public_exact_link_custom_threshold
ZENODO_10369064,S19,levofloxacin,,,,disk diameter mm,Kirby-Bauer disk diffusion,Columbia blood agar,3-4 days; microaerophilic; 37 C,study-defined,Supplementary Figure 1 zone-diameter thresholds,R,,unknown,B_categorical_public_exact_link_custom_threshold
ZENODO_10369064,S19,amoxicillin,,,,disk diameter mm,Kirby-Bauer disk diffusion,Columbia blood agar,3-4 days; microaerophilic; 37 C,study-defined,Supplementary Figure 1 zone-diameter thresholds,S,,unknown,B_categorical_public_exact_link_custom_threshold
ZENODO_10369064,S19,furazolidone,,,,disk diameter mm,Kirby-Bauer disk diffusion,Columbia blood agar,3-4 days; microaerophilic; 37 C,study-defined,Supplementary Figure 1 zone-diameter thresholds,S,,unknown,B_categorical_public_exact_link_custom_threshold
ZENODO_10369064,S19,tetracycline,,,,disk diameter mm,Kirby-Bauer disk diffusion,Columbia blood agar,3-4 days; microaerophilic; 37 C,study-defined,Supplementary Figure 1 zone-diameter thresholds,S,,unknown,B_categorical_public_exact_link_custom_threshold
ZENODO_10369064,S19,metronidazole,,,,disk diameter mm,Kirby-Bauer disk diffusion,Columbia blood agar,3-4 days; microaerophilic; 37 C,study-defined,Supplementary Figure 1 zone-diameter thresholds,R,,unknown,B_categorical_public_exact_link_custom_threshold
ZENODO_10369064,S20,clarithromycin,,,,disk diameter mm,Kirby-Bauer disk diffusion,Columbia blood agar,3-4 days; microaerophilic; 37 C,study-defined,Supplementary Figure 1 zone-diameter thresholds,R,,unknown,B_categorical_public_exact_link_custom_threshold
ZENODO_10369064,S20,levofloxacin,,,,disk diameter mm,Kirby-Bauer disk diffusion,Columbia blood agar,3-4 days; microaerophilic; 37 C,study-defined,Supplementary Figure 1 zone-diameter thresholds,S,,unknown,B_categorical_public_exact_link_custom_threshold
ZENODO_10369064,S20,amoxicillin,,,,disk diameter mm,Kirby-Bauer disk diffusion,Columbia blood agar,3-4 days; microaerophilic; 37 C,study-defined,Supplementary Figure 1 zone-diameter thresholds,S,,unknown,B_categorical_public_exact_link_custom_threshold
ZENODO_10369064,S20,furazolidone,,,,disk diameter mm,Kirby-Bauer disk diffusion,Columbia blood agar,3-4 days; microaerophilic; 37 C,study-defined,Supplementary Figure 1 zone-diameter thresholds,S,,unknown,B_categorical_public_exact_link_custom_threshold
ZENODO_10369064,S20,tetracycline,,,,disk diameter mm,Kirby-Bauer disk diffusion,Columbia blood agar,3-4 days; microaerophilic; 37 C,study-defined,Supplementary Figure 1 zone-diameter thresholds,S,,unknown,B_categorical_public_exact_link_custom_threshold
ZENODO_10369064,S20,metronidazole,,,,disk diameter mm,Kirby-Bauer disk diffusion,Columbia blood agar,3-4 days; microaerophilic; 37 C,study-defined,Supplementary Figure 1 zone-diameter thresholds,R,,unknown,B_categorical_public_exact_link_custom_threshold
ZENODO_10369064,S21,clarithromycin,,,,disk diameter mm,Kirby-Bauer disk diffusion,Columbia blood agar,3-4 days; microaerophilic; 37 C,study-defined,Supplementary Figure 1 zone-diameter thresholds,R,,unknown,B_categorical_public_exact_link_custom_threshold
ZENODO_10369064,S21,levofloxacin,,,,disk diameter mm,Kirby-Bauer disk diffusion,Columbia blood agar,3-4 days; microaerophilic; 37 C,study-defined,Supplementary Figure 1 zone-diameter thresholds,S,,unknown,B_categorical_public_exact_link_custom_threshold
ZENODO_10369064,S21,amoxicillin,,,,disk diameter mm,Kirby-Bauer disk diffusion,Columbia blood agar,3-4 days; microaerophilic; 37 C,study-defined,Supplementary Figure 1 zone-diameter thresholds,S,,unknown,B_categorical_public_exact_link_custom_threshold
ZENODO_10369064,S21,furazolidone,,,,disk diameter mm,Kirby-Bauer disk diffusion,Columbia blood agar,3-4 days; microaerophilic; 37 C,study-defined,Supplementary Figure 1 zone-diameter thresholds,S,,unknown,B_categorical_public_exact_link_custom_threshold
ZENODO_10369064,S21,tetracycline,,,,disk diameter mm,Kirby-Bauer disk diffusion,Columbia blood agar,3-4 days; microaerophilic; 37 C,study-defined,Supplementary Figure 1 zone-diameter thresholds,S,,unknown,B_categorical_public_exact_link_custom_threshold
ZENODO_10369064,S21,metronidazole,,,,disk diameter mm,Kirby-Bauer disk diffusion,Columbia blood agar,3-4 days; microaerophilic; 37 C,study-defined,Supplementary Figure 1 zone-diameter thresholds,R,,unknown,B_categorical_public_exact_link_custom_threshold
ZENODO_10369064,S23,clarithromycin,,,,disk diameter mm,Kirby-Bauer disk diffusion,Columbia blood agar,3-4 days; microaerophilic; 37 C,study-defined,Supplementary Figure 1 zone-diameter thresholds,S,,unknown,B_categorical_public_exact_link_custom_threshold
ZENODO_10369064,S23,levofloxacin,,,,disk diameter mm,Kirby-Bauer disk diffusion,Columbia blood agar,3-4 days; microaerophilic; 37 C,study-defined,Supplementary Figure 1 zone-diameter thresholds,R,,unknown,B_categorical_public_exact_link_custom_threshold
ZENODO_10369064,S23,amoxicillin,,,,disk diameter mm,Kirby-Bauer disk diffusion,Columbia blood agar,3-4 days; microaerophilic; 37 C,study-defined,Supplementary Figure 1 zone-diameter thresholds,S,,unknown,B_categorical_public_exact_link_custom_threshold
ZENODO_10369064,S23,furazolidone,,,,disk diameter mm,Kirby-Bauer disk diffusion,Columbia blood agar,3-4 days; microaerophilic; 37 C,study-defined,Supplementary Figure 1 zone-diameter thresholds,S,,unknown,B_categorical_public_exact_link_custom_threshold
ZENODO_10369064,S23,tetracycline,,,,disk diameter mm,Kirby-Bauer disk diffusion,Columbia blood agar,3-4 days; microaerophilic; 37 C,study-defined,Supplementary Figure 1 zone-diameter thresholds,S,,unknown,B_categorical_public_exact_link_custom_threshold
ZENODO_10369064,S23,metronidazole,,,,disk diameter mm,Kirby-Bauer disk diffusion,Columbia blood agar,3-4 days; microaerophilic; 37 C,study-defined,Supplementary Figure 1 zone-diameter thresholds,R,,unknown,B_categorical_public_exact_link_custom_threshold
ZENODO_10369064,S24,clarithromycin,,,,disk diameter mm,Kirby-Bauer disk diffusion,Columbia blood agar,3-4 days; microaerophilic; 37 C,study-defined,Supplementary Figure 1 zone-diameter thresholds,S,,unknown,B_categorical_public_exact_link_custom_threshold
ZENODO_10369064,S24,levofloxacin,,,,disk diameter mm,Kirby-Bauer disk diffusion,Columbia blood agar,3-4 days; microaerophilic; 37 C,study-defined,Supplementary Figure 1 zone-diameter thresholds,S,,unknown,B_categorical_public_exact_link_custom_threshold
ZENODO_10369064,S24,amoxicillin,,,,disk diameter mm,Kirby-Bauer disk diffusion,Columbia blood agar,3-4 days; microaerophilic; 37 C,study-defined,Supplementary Figure 1 zone-diameter thresholds,S,,unknown,B_categorical_public_exact_link_custom_threshold
ZENODO_10369064,S24,furazolidone,,,,disk diameter mm,Kirby-Bauer disk diffusion,Columbia blood agar,3-4 days; microaerophilic; 37 C,study-defined,Supplementary Figure 1 zone-diameter thresholds,S,,unknown,B_categorical_public_exact_link_custom_threshold
ZENODO_10369064,S24,tetracycline,,,,disk diameter mm,Kirby-Bauer disk diffusion,Columbia blood agar,3-4 days; microaerophilic; 37 C,study-defined,Supplementary Figure 1 zone-diameter thresholds,S,,unknown,B_categorical_public_exact_link_custom_threshold
ZENODO_10369064,S24,metronidazole,,,,disk diameter mm,Kirby-Bauer disk diffusion,Columbia blood agar,3-4 days; microaerophilic; 37 C,study-defined,Supplementary Figure 1 zone-diameter thresholds,R,,unknown,B_categorical_public_exact_link_custom_threshold
ZENODO_10369064,S25,clarithromycin,,,,disk diameter mm,Kirby-Bauer disk diffusion,Columbia blood agar,3-4 days; microaerophilic; 37 C,study-defined,Supplementary Figure 1 zone-diameter thresholds,S,,unknown,B_categorical_public_exact_link_custom_threshold
ZENODO_10369064,S25,levofloxacin,,,,disk diameter mm,Kirby-Bauer disk diffusion,Columbia blood agar,3-4 days; microaerophilic; 37 C,study-defined,Supplementary Figure 1 zone-diameter thresholds,I,,unknown,B_categorical_public_exact_link_custom_threshold
ZENODO_10369064,S25,amoxicillin,,,,disk diameter mm,Kirby-Bauer disk diffusion,Columbia blood agar,3-4 days; microaerophilic; 37 C,study-defined,Supplementary Figure 1 zone-diameter thresholds,S,,unknown,B_categorical_public_exact_link_custom_threshold
ZENODO_10369064,S25,furazolidone,,,,disk diameter mm,Kirby-Bauer disk diffusion,Columbia blood agar,3-4 days; microaerophilic; 37 C,study-defined,Supplementary Figure 1 zone-diameter thresholds,S,,unknown,B_categorical_public_exact_link_custom_threshold
ZENODO_10369064,S25,tetracycline,,,,disk diameter mm,Kirby-Bauer disk diffusion,Columbia blood agar,3-4 days; microaerophilic; 37 C,study-defined,Supplementary Figure 1 zone-diameter thresholds,S,,unknown,B_categorical_public_exact_link_custom_threshold
ZENODO_10369064,S25,metronidazole,,,,disk diameter mm,Kirby-Bauer disk diffusion,Columbia blood agar,3-4 days; microaerophilic; 37 C,study-defined,Supplementary Figure 1 zone-diameter thresholds,R,,unknown,B_categorical_public_exact_link_custom_threshold
ZENODO_10369064,S26,clarithromycin,,,,disk diameter mm,Kirby-Bauer disk diffusion,Columbia blood agar,3-4 days; microaerophilic; 37 C,study-defined,Supplementary Figure 1 zone-diameter thresholds,S,,unknown,B_categorical_public_exact_link_custom_threshold
ZENODO_10369064,S26,levofloxacin,,,,disk diameter mm,Kirby-Bauer disk diffusion,Columbia blood agar,3-4 days; microaerophilic; 37 C,study-defined,Supplementary Figure 1 zone-diameter thresholds,S,,unknown,B_categorical_public_exact_link_custom_threshold
ZENODO_10369064,S26,amoxicillin,,,,disk diameter mm,Kirby-Bauer disk diffusion,Columbia blood agar,3-4 days; microaerophilic; 37 C,study-defined,Supplementary Figure 1 zone-diameter thresholds,S,,unknown,B_categorical_public_exact_link_custom_threshold
ZENODO_10369064,S26,furazolidone,,,,disk diameter mm,Kirby-Bauer disk diffusion,Columbia blood agar,3-4 days; microaerophilic; 37 C,study-defined,Supplementary Figure 1 zone-diameter thresholds,S,,unknown,B_categorical_public_exact_link_custom_threshold
ZENODO_10369064,S26,tetracycline,,,,disk diameter mm,Kirby-Bauer disk diffusion,Columbia blood agar,3-4 days; microaerophilic; 37 C,study-defined,Supplementary Figure 1 zone-diameter thresholds,S,,unknown,B_categorical_public_exact_link_custom_threshold
ZENODO_10369064,S26,metronidazole,,,,disk diameter mm,Kirby-Bauer disk diffusion,Columbia blood agar,3-4 days; microaerophilic; 37 C,study-defined,Supplementary Figure 1 zone-diameter thresholds,R,,unknown,B_categorical_public_exact_link_custom_threshold
ZENODO_10369064,S27,clarithromycin,,,,disk diameter mm,Kirby-Bauer disk diffusion,Columbia blood agar,3-4 days; microaerophilic; 37 C,study-defined,Supplementary Figure 1 zone-diameter thresholds,R,,unknown,B_categorical_public_exact_link_custom_threshold
ZENODO_10369064,S27,levofloxacin,,,,disk diameter mm,Kirby-Bauer disk diffusion,Columbia blood agar,3-4 days; microaerophilic; 37 C,study-defined,Supplementary Figure 1 zone-diameter thresholds,I,,unknown,B_categorical_public_exact_link_custom_threshold
ZENODO_10369064,S27,amoxicillin,,,,disk diameter mm,Kirby-Bauer disk diffusion,Columbia blood agar,3-4 days; microaerophilic; 37 C,study-defined,Supplementary Figure 1 zone-diameter thresholds,S,,unknown,B_categorical_public_exact_link_custom_threshold
ZENODO_10369064,S27,furazolidone,,,,disk diameter mm,Kirby-Bauer disk diffusion,Columbia blood agar,3-4 days; microaerophilic; 37 C,study-defined,Supplementary Figure 1 zone-diameter thresholds,S,,unknown,B_categorical_public_exact_link_custom_threshold
ZENODO_10369064,S27,tetracycline,,,,disk diameter mm,Kirby-Bauer disk diffusion,Columbia blood agar,3-4 days; microaerophilic; 37 C,study-defined,Supplementary Figure 1 zone-diameter thresholds,S,,unknown,B_categorical_public_exact_link_custom_threshold
ZENODO_10369064,S27,metronidazole,,,,disk diameter mm,Kirby-Bauer disk diffusion,Columbia blood agar,3-4 days; microaerophilic; 37 C,study-defined,Supplementary Figure 1 zone-diameter thresholds,R,,unknown,B_categorical_public_exact_link_custom_threshold
ZENODO_10369064,S28,clarithromycin,,,,disk diameter mm,Kirby-Bauer disk diffusion,Columbia blood agar,3-4 days; microaerophilic; 37 C,study-defined,Supplementary Figure 1 zone-diameter thresholds,R,,unknown,B_categorical_public_exact_link_custom_threshold
ZENODO_10369064,S28,levofloxacin,,,,disk diameter mm,Kirby-Bauer disk diffusion,Columbia blood agar,3-4 days; microaerophilic; 37 C,study-defined,Supplementary Figure 1 zone-diameter thresholds,R,,unknown,B_categorical_public_exact_link_custom_threshold
ZENODO_10369064,S28,amoxicillin,,,,disk diameter mm,Kirby-Bauer disk diffusion,Columbia blood agar,3-4 days; microaerophilic; 37 C,study-defined,Supplementary Figure 1 zone-diameter thresholds,S,,unknown,B_categorical_public_exact_link_custom_threshold
ZENODO_10369064,S28,furazolidone,,,,disk diameter mm,Kirby-Bauer disk diffusion,Columbia blood agar,3-4 days; microaerophilic; 37 C,study-defined,Supplementary Figure 1 zone-diameter thresholds,S,,unknown,B_categorical_public_exact_link_custom_threshold
ZENODO_10369064,S28,tetracycline,,,,disk diameter mm,Kirby-Bauer disk diffusion,Columbia blood agar,3-4 days; microaerophilic; 37 C,study-defined,Supplementary Figure 1 zone-diameter thresholds,S,,unknown,B_categorical_public_exact_link_custom_threshold
ZENODO_10369064,S28,metronidazole,,,,disk diameter mm,Kirby-Bauer disk diffusion,Columbia blood agar,3-4 days; microaerophilic; 37 C,study-defined,Supplementary Figure 1 zone-diameter thresholds,R,,unknown,B_categorical_public_exact_link_custom_threshold
ZENODO_10369064,S29,clarithromycin,,,,disk diameter mm,Kirby-Bauer disk diffusion,Columbia blood agar,3-4 days; microaerophilic; 37 C,study-defined,Supplementary Figure 1 zone-diameter thresholds,R,,unknown,B_categorical_public_exact_link_custom_threshold
ZENODO_10369064,S29,levofloxacin,,,,disk diameter mm,Kirby-Bauer disk diffusion,Columbia blood agar,3-4 days; microaerophilic; 37 C,study-defined,Supplementary Figure 1 zone-diameter thresholds,I,,unknown,B_categorical_public_exact_link_custom_threshold
ZENODO_10369064,S29,amoxicillin,,,,disk diameter mm,Kirby-Bauer disk diffusion,Columbia blood agar,3-4 days; microaerophilic; 37 C,study-defined,Supplementary Figure 1 zone-diameter thresholds,S,,unknown,B_categorical_public_exact_link_custom_threshold
ZENODO_10369064,S29,furazolidone,,,,disk diameter mm,Kirby-Bauer disk diffusion,Columbia blood agar,3-4 days; microaerophilic; 37 C,study-defined,Supplementary Figure 1 zone-diameter thresholds,S,,unknown,B_categorical_public_exact_link_custom_threshold
ZENODO_10369064,S29,tetracycline,,,,disk diameter mm,Kirby-Bauer disk diffusion,Columbia blood agar,3-4 days; microaerophilic; 37 C,study-defined,Supplementary Figure 1 zone-diameter thresholds,S,,unknown,B_categorical_public_exact_link_custom_threshold
ZENODO_10369064,S29,metronidazole,,,,disk diameter mm,Kirby-Bauer disk diffusion,Columbia blood agar,3-4 days; microaerophilic; 37 C,study-defined,Supplementary Figure 1 zone-diameter thresholds,R,,unknown,B_categorical_public_exact_link_custom_threshold
ZENODO_10369064,S30,clarithromycin,,,,disk diameter mm,Kirby-Bauer disk diffusion,Columbia blood agar,3-4 days; microaerophilic; 37 C,study-defined,Supplementary Figure 1 zone-diameter thresholds,S,,unknown,B_categorical_public_exact_link_custom_threshold
ZENODO_10369064,S30,levofloxacin,,,,disk diameter mm,Kirby-Bauer disk diffusion,Columbia blood agar,3-4 days; microaerophilic; 37 C,study-defined,Supplementary Figure 1 zone-diameter thresholds,S,,unknown,B_categorical_public_exact_link_custom_threshold
ZENODO_10369064,S30,amoxicillin,,,,disk diameter mm,Kirby-Bauer disk diffusion,Columbia blood agar,3-4 days; microaerophilic; 37 C,study-defined,Supplementary Figure 1 zone-diameter thresholds,S,,unknown,B_categorical_public_exact_link_custom_threshold
ZENODO_10369064,S30,furazolidone,,,,disk diameter mm,Kirby-Bauer disk diffusion,Columbia blood agar,3-4 days; microaerophilic; 37 C,study-defined,Supplementary Figure 1 zone-diameter thresholds,S,,unknown,B_categorical_public_exact_link_custom_threshold
ZENODO_10369064,S30,tetracycline,,,,disk diameter mm,Kirby-Bauer disk diffusion,Columbia blood agar,3-4 days; microaerophilic; 37 C,study-defined,Supplementary Figure 1 zone-diameter thresholds,S,,unknown,B_categorical_public_exact_link_custom_threshold
ZENODO_10369064,S30,metronidazole,,,,disk diameter mm,Kirby-Bauer disk diffusion,Columbia blood agar,3-4 days; microaerophilic; 37 C,study-defined,Supplementary Figure 1 zone-diameter thresholds,R,,unknown,B_categorical_public_exact_link_custom_threshold
ZENODO_10369064,S31,clarithromycin,,,,disk diameter mm,Kirby-Bauer disk diffusion,Columbia blood agar,3-4 days; microaerophilic; 37 C,study-defined,Supplementary Figure 1 zone-diameter thresholds,S,,unknown,B_categorical_public_exact_link_custom_threshold
ZENODO_10369064,S31,levofloxacin,,,,disk diameter mm,Kirby-Bauer disk diffusion,Columbia blood agar,3-4 days; microaerophilic; 37 C,study-defined,Supplementary Figure 1 zone-diameter thresholds,S,,unknown,B_categorical_public_exact_link_custom_threshold
ZENODO_10369064,S31,amoxicillin,,,,disk diameter mm,Kirby-Bauer disk diffusion,Columbia blood agar,3-4 days; microaerophilic; 37 C,study-defined,Supplementary Figure 1 zone-diameter thresholds,S,,unknown,B_categorical_public_exact_link_custom_threshold
ZENODO_10369064,S31,furazolidone,,,,disk diameter mm,Kirby-Bauer disk diffusion,Columbia blood agar,3-4 days; microaerophilic; 37 C,study-defined,Supplementary Figure 1 zone-diameter thresholds,S,,unknown,B_categorical_public_exact_link_custom_threshold
ZENODO_10369064,S31,tetracycline,,,,disk diameter mm,Kirby-Bauer disk diffusion,Columbia blood agar,3-4 days; microaerophilic; 37 C,study-defined,Supplementary Figure 1 zone-diameter thresholds,S,,unknown,B_categorical_public_exact_link_custom_threshold
ZENODO_10369064,S31,metronidazole,,,,disk diameter mm,Kirby-Bauer disk diffusion,Columbia blood agar,3-4 days; microaerophilic; 37 C,study-defined,Supplementary Figure 1 zone-diameter thresholds,R,,unknown,B_categorical_public_exact_link_custom_threshold
ZENODO_10369064,S32,clarithromycin,,,,disk diameter mm,Kirby-Bauer disk diffusion,Columbia blood agar,3-4 days; microaerophilic; 37 C,study-defined,Supplementary Figure 1 zone-diameter thresholds,R,,unknown,B_categorical_public_exact_link_custom_threshold
ZENODO_10369064,S32,levofloxacin,,,,disk diameter mm,Kirby-Bauer disk diffusion,Columbia blood agar,3-4 days; microaerophilic; 37 C,study-defined,Supplementary Figure 1 zone-diameter thresholds,R,,unknown,B_categorical_public_exact_link_custom_threshold
ZENODO_10369064,S32,amoxicillin,,,,disk diameter mm,Kirby-Bauer disk diffusion,Columbia blood agar,3-4 days; microaerophilic; 37 C,study-defined,Supplementary Figure 1 zone-diameter thresholds,I,,unknown,B_categorical_public_exact_link_custom_threshold
ZENODO_10369064,S32,furazolidone,,,,disk diameter mm,Kirby-Bauer disk diffusion,Columbia blood agar,3-4 days; microaerophilic; 37 C,study-defined,Supplementary Figure 1 zone-diameter thresholds,S,,unknown,B_categorical_public_exact_link_custom_threshold
ZENODO_10369064,S32,tetracycline,,,,disk diameter mm,Kirby-Bauer disk diffusion,Columbia blood agar,3-4 days; microaerophilic; 37 C,study-defined,Supplementary Figure 1 zone-diameter thresholds,S,,unknown,B_categorical_public_exact_link_custom_threshold
ZENODO_10369064,S32,metronidazole,,,,disk diameter mm,Kirby-Bauer disk diffusion,Columbia blood agar,3-4 days; microaerophilic; 37 C,study-defined,Supplementary Figure 1 zone-diameter thresholds,R,,unknown,B_categorical_public_exact_link_custom_threshold
ZENODO_10369064,S33,clarithromycin,,,,disk diameter mm,Kirby-Bauer disk diffusion,Columbia blood agar,3-4 days; microaerophilic; 37 C,study-defined,Supplementary Figure 1 zone-diameter thresholds,S,,unknown,B_categorical_public_exact_link_custom_threshold
ZENODO_10369064,S33,levofloxacin,,,,disk diameter mm,Kirby-Bauer disk diffusion,Columbia blood agar,3-4 days; microaerophilic; 37 C,study-defined,Supplementary Figure 1 zone-diameter thresholds,S,,unknown,B_categorical_public_exact_link_custom_threshold
ZENODO_10369064,S33,amoxicillin,,,,disk diameter mm,Kirby-Bauer disk diffusion,Columbia blood agar,3-4 days; microaerophilic; 37 C,study-defined,Supplementary Figure 1 zone-diameter thresholds,R,,unknown,B_categorical_public_exact_link_custom_threshold
ZENODO_10369064,S33,furazolidone,,,,disk diameter mm,Kirby-Bauer disk diffusion,Columbia blood agar,3-4 days; microaerophilic; 37 C,study-defined,Supplementary Figure 1 zone-diameter thresholds,S,,unknown,B_categorical_public_exact_link_custom_threshold
ZENODO_10369064,S33,tetracycline,,,,disk diameter mm,Kirby-Bauer disk diffusion,Columbia blood agar,3-4 days; microaerophilic; 37 C,study-defined,Supplementary Figure 1 zone-diameter thresholds,S,,unknown,B_categorical_public_exact_link_custom_threshold
ZENODO_10369064,S33,metronidazole,,,,disk diameter mm,Kirby-Bauer disk diffusion,Columbia blood agar,3-4 days; microaerophilic; 37 C,study-defined,Supplementary Figure 1 zone-diameter thresholds,I,,unknown,B_categorical_public_exact_link_custom_threshold
ZENODO_10369064,S34,clarithromycin,,,,disk diameter mm,Kirby-Bauer disk diffusion,Columbia blood agar,3-4 days; microaerophilic; 37 C,study-defined,Supplementary Figure 1 zone-diameter thresholds,R,,unknown,B_categorical_public_exact_link_custom_threshold
ZENODO_10369064,S34,levofloxacin,,,,disk diameter mm,Kirby-Bauer disk diffusion,Columbia blood agar,3-4 days; microaerophilic; 37 C,study-defined,Supplementary Figure 1 zone-diameter thresholds,R,,unknown,B_categorical_public_exact_link_custom_threshold
ZENODO_10369064,S34,amoxicillin,,,,disk diameter mm,Kirby-Bauer disk diffusion,Columbia blood agar,3-4 days; microaerophilic; 37 C,study-defined,Supplementary Figure 1 zone-diameter thresholds,S,,unknown,B_categorical_public_exact_link_custom_threshold
ZENODO_10369064,S34,furazolidone,,,,disk diameter mm,Kirby-Bauer disk diffusion,Columbia blood agar,3-4 days; microaerophilic; 37 C,study-defined,Supplementary Figure 1 zone-diameter thresholds,S,,unknown,B_categorical_public_exact_link_custom_threshold
ZENODO_10369064,S34,tetracycline,,,,disk diameter mm,Kirby-Bauer disk diffusion,Columbia blood agar,3-4 days; microaerophilic; 37 C,study-defined,Supplementary Figure 1 zone-diameter thresholds,S,,unknown,B_categorical_public_exact_link_custom_threshold
ZENODO_10369064,S34,metronidazole,,,,disk diameter mm,Kirby-Bauer disk diffusion,Columbia blood agar,3-4 days; microaerophilic; 37 C,study-defined,Supplementary Figure 1 zone-diameter thresholds,R,,unknown,B_categorical_public_exact_link_custom_threshold
ZENODO_10369064,S35,clarithromycin,,,,disk diameter mm,Kirby-Bauer disk diffusion,Columbia blood agar,3-4 days; microaerophilic; 37 C,study-defined,Supplementary Figure 1 zone-diameter thresholds,S,,unknown,B_categorical_public_exact_link_custom_threshold
ZENODO_10369064,S35,levofloxacin,,,,disk diameter mm,Kirby-Bauer disk diffusion,Columbia blood agar,3-4 days; microaerophilic; 37 C,study-defined,Supplementary Figure 1 zone-diameter thresholds,S,,unknown,B_categorical_public_exact_link_custom_threshold
ZENODO_10369064,S35,amoxicillin,,,,disk diameter mm,Kirby-Bauer disk diffusion,Columbia blood agar,3-4 days; microaerophilic; 37 C,study-defined,Supplementary Figure 1 zone-diameter thresholds,S,,unknown,B_categorical_public_exact_link_custom_threshold
ZENODO_10369064,S35,furazolidone,,,,disk diameter mm,Kirby-Bauer disk diffusion,Columbia blood agar,3-4 days; microaerophilic; 37 C,study-defined,Supplementary Figure 1 zone-diameter thresholds,S,,unknown,B_categorical_public_exact_link_custom_threshold
ZENODO_10369064,S35,tetracycline,,,,disk diameter mm,Kirby-Bauer disk diffusion,Columbia blood agar,3-4 days; microaerophilic; 37 C,study-defined,Supplementary Figure 1 zone-diameter thresholds,S,,unknown,B_categorical_public_exact_link_custom_threshold
ZENODO_10369064,S35,metronidazole,,,,disk diameter mm,Kirby-Bauer disk diffusion,Columbia blood agar,3-4 days; microaerophilic; 37 C,study-defined,Supplementary Figure 1 zone-diameter thresholds,R,,unknown,B_categorical_public_exact_link_custom_threshold
ZENODO_10369064,S36,clarithromycin,,,,disk diameter mm,Kirby-Bauer disk diffusion,Columbia blood agar,3-4 days; microaerophilic; 37 C,study-defined,Supplementary Figure 1 zone-diameter thresholds,S,,unknown,B_categorical_public_exact_link_custom_threshold
ZENODO_10369064,S36,levofloxacin,,,,disk diameter mm,Kirby-Bauer disk diffusion,Columbia blood agar,3-4 days; microaerophilic; 37 C,study-defined,Supplementary Figure 1 zone-diameter thresholds,S,,unknown,B_categorical_public_exact_link_custom_threshold
ZENODO_10369064,S36,amoxicillin,,,,disk diameter mm,Kirby-Bauer disk diffusion,Columbia blood agar,3-4 days; microaerophilic; 37 C,study-defined,Supplementary Figure 1 zone-diameter thresholds,S,,unknown,B_categorical_public_exact_link_custom_threshold
ZENODO_10369064,S36,furazolidone,,,,disk diameter mm,Kirby-Bauer disk diffusion,Columbia blood agar,3-4 days; microaerophilic; 37 C,study-defined,Supplementary Figure 1 zone-diameter thresholds,S,,unknown,B_categorical_public_exact_link_custom_threshold
ZENODO_10369064,S36,tetracycline,,,,disk diameter mm,Kirby-Bauer disk diffusion,Columbia blood agar,3-4 days; microaerophilic; 37 C,study-defined,Supplementary Figure 1 zone-diameter thresholds,S,,unknown,B_categorical_public_exact_link_custom_threshold
ZENODO_10369064,S36,metronidazole,,,,disk diameter mm,Kirby-Bauer disk diffusion,Columbia blood agar,3-4 days; microaerophilic; 37 C,study-defined,Supplementary Figure 1 zone-diameter thresholds,R,,unknown,B_categorical_public_exact_link_custom_threshold
ZENODO_10369064,S37,clarithromycin,,,,disk diameter mm,Kirby-Bauer disk diffusion,Columbia blood agar,3-4 days; microaerophilic; 37 C,study-defined,Supplementary Figure 1 zone-diameter thresholds,S,,unknown,B_categorical_public_exact_link_custom_threshold
ZENODO_10369064,S37,levofloxacin,,,,disk diameter mm,Kirby-Bauer disk diffusion,Columbia blood agar,3-4 days; microaerophilic; 37 C,study-defined,Supplementary Figure 1 zone-diameter thresholds,S,,unknown,B_categorical_public_exact_link_custom_threshold
ZENODO_10369064,S37,amoxicillin,,,,disk diameter mm,Kirby-Bauer disk diffusion,Columbia blood agar,3-4 days; microaerophilic; 37 C,study-defined,Supplementary Figure 1 zone-diameter thresholds,S,,unknown,B_categorical_public_exact_link_custom_threshold
ZENODO_10369064,S37,furazolidone,,,,disk diameter mm,Kirby-Bauer disk diffusion,Columbia blood agar,3-4 days; microaerophilic; 37 C,study-defined,Supplementary Figure 1 zone-diameter thresholds,S,,unknown,B_categorical_public_exact_link_custom_threshold
ZENODO_10369064,S37,tetracycline,,,,disk diameter mm,Kirby-Bauer disk diffusion,Columbia blood agar,3-4 days; microaerophilic; 37 C,study-defined,Supplementary Figure 1 zone-diameter thresholds,S,,unknown,B_categorical_public_exact_link_custom_threshold
ZENODO_10369064,S37,metronidazole,,,,disk diameter mm,Kirby-Bauer disk diffusion,Columbia blood agar,3-4 days; microaerophilic; 37 C,study-defined,Supplementary Figure 1 zone-diameter thresholds,R,,unknown,B_categorical_public_exact_link_custom_threshold
ZENODO_10369064,S39,clarithromycin,,,,disk diameter mm,Kirby-Bauer disk diffusion,Columbia blood agar,3-4 days; microaerophilic; 37 C,study-defined,Supplementary Figure 1 zone-diameter thresholds,R,,unknown,B_categorical_public_exact_link_custom_threshold
ZENODO_10369064,S39,levofloxacin,,,,disk diameter mm,Kirby-Bauer disk diffusion,Columbia blood agar,3-4 days; microaerophilic; 37 C,study-defined,Supplementary Figure 1 zone-diameter thresholds,R,,unknown,B_categorical_public_exact_link_custom_threshold
ZENODO_10369064,S39,amoxicillin,,,,disk diameter mm,Kirby-Bauer disk diffusion,Columbia blood agar,3-4 days; microaerophilic; 37 C,study-defined,Supplementary Figure 1 zone-diameter thresholds,R,,unknown,B_categorical_public_exact_link_custom_threshold
ZENODO_10369064,S39,furazolidone,,,,disk diameter mm,Kirby-Bauer disk diffusion,Columbia blood agar,3-4 days; microaerophilic; 37 C,study-defined,Supplementary Figure 1 zone-diameter thresholds,S,,unknown,B_categorical_public_exact_link_custom_threshold
ZENODO_10369064,S39,tetracycline,,,,disk diameter mm,Kirby-Bauer disk diffusion,Columbia blood agar,3-4 days; microaerophilic; 37 C,study-defined,Supplementary Figure 1 zone-diameter thresholds,S,,unknown,B_categorical_public_exact_link_custom_threshold
ZENODO_10369064,S39,metronidazole,,,,disk diameter mm,Kirby-Bauer disk diffusion,Columbia blood agar,3-4 days; microaerophilic; 37 C,study-defined,Supplementary Figure 1 zone-diameter thresholds,R,,unknown,B_categorical_public_exact_link_custom_threshold
ZENODO_10369064,S41,clarithromycin,,,,disk diameter mm,Kirby-Bauer disk diffusion,Columbia blood agar,3-4 days; microaerophilic; 37 C,study-defined,Supplementary Figure 1 zone-diameter thresholds,S,,unknown,B_categorical_public_exact_link_custom_threshold
ZENODO_10369064,S41,levofloxacin,,,,disk diameter mm,Kirby-Bauer disk diffusion,Columbia blood agar,3-4 days; microaerophilic; 37 C,study-defined,Supplementary Figure 1 zone-diameter thresholds,S,,unknown,B_categorical_public_exact_link_custom_threshold
ZENODO_10369064,S41,amoxicillin,,,,disk diameter mm,Kirby-Bauer disk diffusion,Columbia blood agar,3-4 days; microaerophilic; 37 C,study-defined,Supplementary Figure 1 zone-diameter thresholds,S,,unknown,B_categorical_public_exact_link_custom_threshold
ZENODO_10369064,S41,furazolidone,,,,disk diameter mm,Kirby-Bauer disk diffusion,Columbia blood agar,3-4 days; microaerophilic; 37 C,study-defined,Supplementary Figure 1 zone-diameter thresholds,S,,unknown,B_categorical_public_exact_link_custom_threshold
ZENODO_10369064,S41,tetracycline,,,,disk diameter mm,Kirby-Bauer disk diffusion,Columbia blood agar,3-4 days; microaerophilic; 37 C,study-defined,Supplementary Figure 1 zone-diameter thresholds,S,,unknown,B_categorical_public_exact_link_custom_threshold
ZENODO_10369064,S41,metronidazole,,,,disk diameter mm,Kirby-Bauer disk diffusion,Columbia blood agar,3-4 days; microaerophilic; 37 C,study-defined,Supplementary Figure 1 zone-diameter thresholds,R,,unknown,B_categorical_public_exact_link_custom_threshold
ZENODO_10369064,S42,clarithromycin,,,,disk diameter mm,Kirby-Bauer disk diffusion,Columbia blood agar,3-4 days; microaerophilic; 37 C,study-defined,Supplementary Figure 1 zone-diameter thresholds,R,,unknown,B_categorical_public_exact_link_custom_threshold
ZENODO_10369064,S42,levofloxacin,,,,disk diameter mm,Kirby-Bauer disk diffusion,Columbia blood agar,3-4 days; microaerophilic; 37 C,study-defined,Supplementary Figure 1 zone-diameter thresholds,R,,unknown,B_categorical_public_exact_link_custom_threshold
ZENODO_10369064,S42,amoxicillin,,,,disk diameter mm,Kirby-Bauer disk diffusion,Columbia blood agar,3-4 days; microaerophilic; 37 C,study-defined,Supplementary Figure 1 zone-diameter thresholds,R,,unknown,B_categorical_public_exact_link_custom_threshold
ZENODO_10369064,S42,furazolidone,,,,disk diameter mm,Kirby-Bauer disk diffusion,Columbia blood agar,3-4 days; microaerophilic; 37 C,study-defined,Supplementary Figure 1 zone-diameter thresholds,S,,unknown,B_categorical_public_exact_link_custom_threshold
ZENODO_10369064,S42,tetracycline,,,,disk diameter mm,Kirby-Bauer disk diffusion,Columbia blood agar,3-4 days; microaerophilic; 37 C,study-defined,Supplementary Figure 1 zone-diameter thresholds,R,,unknown,B_categorical_public_exact_link_custom_threshold
ZENODO_10369064,S42,metronidazole,,,,disk diameter mm,Kirby-Bauer disk diffusion,Columbia blood agar,3-4 days; microaerophilic; 37 C,study-defined,Supplementary Figure 1 zone-diameter thresholds,R,,unknown,B_categorical_public_exact_link_custom_threshold
ZENODO_10369064,S43,clarithromycin,,,,disk diameter mm,Kirby-Bauer disk diffusion,Columbia blood agar,3-4 days; microaerophilic; 37 C,study-defined,Supplementary Figure 1 zone-diameter thresholds,R,,unknown,B_categorical_public_exact_link_custom_threshold
ZENODO_10369064,S43,levofloxacin,,,,disk diameter mm,Kirby-Bauer disk diffusion,Columbia blood agar,3-4 days; microaerophilic; 37 C,study-defined,Supplementary Figure 1 zone-diameter thresholds,R,,unknown,B_categorical_public_exact_link_custom_threshold
ZENODO_10369064,S43,amoxicillin,,,,disk diameter mm,Kirby-Bauer disk diffusion,Columbia blood agar,3-4 days; microaerophilic; 37 C,study-defined,Supplementary Figure 1 zone-diameter thresholds,I,,unknown,B_categorical_public_exact_link_custom_threshold
ZENODO_10369064,S43,furazolidone,,,,disk diameter mm,Kirby-Bauer disk diffusion,Columbia blood agar,3-4 days; microaerophilic; 37 C,study-defined,Supplementary Figure 1 zone-diameter thresholds,S,,unknown,B_categorical_public_exact_link_custom_threshold
ZENODO_10369064,S43,tetracycline,,,,disk diameter mm,Kirby-Bauer disk diffusion,Columbia blood agar,3-4 days; microaerophilic; 37 C,study-defined,Supplementary Figure 1 zone-diameter thresholds,S,,unknown,B_categorical_public_exact_link_custom_threshold
ZENODO_10369064,S43,metronidazole,,,,disk diameter mm,Kirby-Bauer disk diffusion,Columbia blood agar,3-4 days; microaerophilic; 37 C,study-defined,Supplementary Figure 1 zone-diameter thresholds,R,,unknown,B_categorical_public_exact_link_custom_threshold
ZENODO_10369064,S45,clarithromycin,,,,disk diameter mm,Kirby-Bauer disk diffusion,Columbia blood agar,3-4 days; microaerophilic; 37 C,study-defined,Supplementary Figure 1 zone-diameter thresholds,R,,unknown,B_categorical_public_exact_link_custom_threshold
ZENODO_10369064,S45,levofloxacin,,,,disk diameter mm,Kirby-Bauer disk diffusion,Columbia blood agar,3-4 days; microaerophilic; 37 C,study-defined,Supplementary Figure 1 zone-diameter thresholds,R,,unknown,B_categorical_public_exact_link_custom_threshold
ZENODO_10369064,S45,amoxicillin,,,,disk diameter mm,Kirby-Bauer disk diffusion,Columbia blood agar,3-4 days; microaerophilic; 37 C,study-defined,Supplementary Figure 1 zone-diameter thresholds,R,,unknown,B_categorical_public_exact_link_custom_threshold
ZENODO_10369064,S45,furazolidone,,,,disk diameter mm,Kirby-Bauer disk diffusion,Columbia blood agar,3-4 days; microaerophilic; 37 C,study-defined,Supplementary Figure 1 zone-diameter thresholds,S,,unknown,B_categorical_public_exact_link_custom_threshold
ZENODO_10369064,S45,tetracycline,,,,disk diameter mm,Kirby-Bauer disk diffusion,Columbia blood agar,3-4 days; microaerophilic; 37 C,study-defined,Supplementary Figure 1 zone-diameter thresholds,S,,unknown,B_categorical_public_exact_link_custom_threshold
ZENODO_10369064,S45,metronidazole,,,,disk diameter mm,Kirby-Bauer disk diffusion,Columbia blood agar,3-4 days; microaerophilic; 37 C,study-defined,Supplementary Figure 1 zone-diameter thresholds,R,,unknown,B_categorical_public_exact_link_custom_threshold
ZENODO_10369064,S46,clarithromycin,,,,disk diameter mm,Kirby-Bauer disk diffusion,Columbia blood agar,3-4 days; microaerophilic; 37 C,study-defined,Supplementary Figure 1 zone-diameter thresholds,R,,unknown,B_categorical_public_exact_link_custom_threshold
ZENODO_10369064,S46,levofloxacin,,,,disk diameter mm,Kirby-Bauer disk diffusion,Columbia blood agar,3-4 days; microaerophilic; 37 C,study-defined,Supplementary Figure 1 zone-diameter thresholds,R,,unknown,B_categorical_public_exact_link_custom_threshold
ZENODO_10369064,S46,amoxicillin,,,,disk diameter mm,Kirby-Bauer disk diffusion,Columbia blood agar,3-4 days; microaerophilic; 37 C,study-defined,Supplementary Figure 1 zone-diameter thresholds,S,,unknown,B_categorical_public_exact_link_custom_threshold
ZENODO_10369064,S46,furazolidone,,,,disk diameter mm,Kirby-Bauer disk diffusion,Columbia blood agar,3-4 days; microaerophilic; 37 C,study-defined,Supplementary Figure 1 zone-diameter thresholds,S,,unknown,B_categorical_public_exact_link_custom_threshold
ZENODO_10369064,S46,tetracycline,,,,disk diameter mm,Kirby-Bauer disk diffusion,Columbia blood agar,3-4 days; microaerophilic; 37 C,study-defined,Supplementary Figure 1 zone-diameter thresholds,S,,unknown,B_categorical_public_exact_link_custom_threshold
ZENODO_10369064,S46,metronidazole,,,,disk diameter mm,Kirby-Bauer disk diffusion,Columbia blood agar,3-4 days; microaerophilic; 37 C,study-defined,Supplementary Figure 1 zone-diameter thresholds,R,,unknown,B_categorical_public_exact_link_custom_threshold
ZENODO_10369064,S47,clarithromycin,,,,disk diameter mm,Kirby-Bauer disk diffusion,Columbia blood agar,3-4 days; microaerophilic; 37 C,study-defined,Supplementary Figure 1 zone-diameter thresholds,R,,unknown,B_categorical_public_exact_link_custom_threshold
ZENODO_10369064,S47,levofloxacin,,,,disk diameter mm,Kirby-Bauer disk diffusion,Columbia blood agar,3-4 days; microaerophilic; 37 C,study-defined,Supplementary Figure 1 zone-diameter thresholds,S,,unknown,B_categorical_public_exact_link_custom_threshold
ZENODO_10369064,S47,amoxicillin,,,,disk diameter mm,Kirby-Bauer disk diffusion,Columbia blood agar,3-4 days; microaerophilic; 37 C,study-defined,Supplementary Figure 1 zone-diameter thresholds,S,,unknown,B_categorical_public_exact_link_custom_threshold
ZENODO_10369064,S47,furazolidone,,,,disk diameter mm,Kirby-Bauer disk diffusion,Columbia blood agar,3-4 days; microaerophilic; 37 C,study-defined,Supplementary Figure 1 zone-diameter thresholds,S,,unknown,B_categorical_public_exact_link_custom_threshold
ZENODO_10369064,S47,tetracycline,,,,disk diameter mm,Kirby-Bauer disk diffusion,Columbia blood agar,3-4 days; microaerophilic; 37 C,study-defined,Supplementary Figure 1 zone-diameter thresholds,S,,unknown,B_categorical_public_exact_link_custom_threshold
ZENODO_10369064,S47,metronidazole,,,,disk diameter mm,Kirby-Bauer disk diffusion,Columbia blood agar,3-4 days; microaerophilic; 37 C,study-defined,Supplementary Figure 1 zone-diameter thresholds,R,,unknown,B_categorical_public_exact_link_custom_threshold
ZENODO_10369064,S48,clarithromycin,,,,disk diameter mm,Kirby-Bauer disk diffusion,Columbia blood agar,3-4 days; microaerophilic; 37 C,study-defined,Supplementary Figure 1 zone-diameter thresholds,R,,unknown,B_categorical_public_exact_link_custom_threshold
ZENODO_10369064,S48,levofloxacin,,,,disk diameter mm,Kirby-Bauer disk diffusion,Columbia blood agar,3-4 days; microaerophilic; 37 C,study-defined,Supplementary Figure 1 zone-diameter thresholds,R,,unknown,B_categorical_public_exact_link_custom_threshold
ZENODO_10369064,S48,amoxicillin,,,,disk diameter mm,Kirby-Bauer disk diffusion,Columbia blood agar,3-4 days; microaerophilic; 37 C,study-defined,Supplementary Figure 1 zone-diameter thresholds,S,,unknown,B_categorical_public_exact_link_custom_threshold
ZENODO_10369064,S48,furazolidone,,,,disk diameter mm,Kirby-Bauer disk diffusion,Columbia blood agar,3-4 days; microaerophilic; 37 C,study-defined,Supplementary Figure 1 zone-diameter thresholds,S,,unknown,B_categorical_public_exact_link_custom_threshold
ZENODO_10369064,S48,tetracycline,,,,disk diameter mm,Kirby-Bauer disk diffusion,Columbia blood agar,3-4 days; microaerophilic; 37 C,study-defined,Supplementary Figure 1 zone-diameter thresholds,S,,unknown,B_categorical_public_exact_link_custom_threshold
ZENODO_10369064,S48,metronidazole,,,,disk diameter mm,Kirby-Bauer disk diffusion,Columbia blood agar,3-4 days; microaerophilic; 37 C,study-defined,Supplementary Figure 1 zone-diameter thresholds,R,,unknown,B_categorical_public_exact_link_custom_threshold
ZENODO_10369064,S49,clarithromycin,,,,disk diameter mm,Kirby-Bauer disk diffusion,Columbia blood agar,3-4 days; microaerophilic; 37 C,study-defined,Supplementary Figure 1 zone-diameter thresholds,S,,unknown,B_categorical_public_exact_link_custom_threshold
ZENODO_10369064,S49,levofloxacin,,,,disk diameter mm,Kirby-Bauer disk diffusion,Columbia blood agar,3-4 days; microaerophilic; 37 C,study-defined,Supplementary Figure 1 zone-diameter thresholds,S,,unknown,B_categorical_public_exact_link_custom_threshold
ZENODO_10369064,S49,amoxicillin,,,,disk diameter mm,Kirby-Bauer disk diffusion,Columbia blood agar,3-4 days; microaerophilic; 37 C,study-defined,Supplementary Figure 1 zone-diameter thresholds,S,,unknown,B_categorical_public_exact_link_custom_threshold
ZENODO_10369064,S49,furazolidone,,,,disk diameter mm,Kirby-Bauer disk diffusion,Columbia blood agar,3-4 days; microaerophilic; 37 C,study-defined,Supplementary Figure 1 zone-diameter thresholds,S,,unknown,B_categorical_public_exact_link_custom_threshold
ZENODO_10369064,S49,tetracycline,,,,disk diameter mm,Kirby-Bauer disk diffusion,Columbia blood agar,3-4 days; microaerophilic; 37 C,study-defined,Supplementary Figure 1 zone-diameter thresholds,S,,unknown,B_categorical_public_exact_link_custom_threshold
ZENODO_10369064,S49,metronidazole,,,,disk diameter mm,Kirby-Bauer disk diffusion,Columbia blood agar,3-4 days; microaerophilic; 37 C,study-defined,Supplementary Figure 1 zone-diameter thresholds,R,,unknown,B_categorical_public_exact_link_custom_threshold
ZENODO_10369064,S50,clarithromycin,,,,disk diameter mm,Kirby-Bauer disk diffusion,Columbia blood agar,3-4 days; microaerophilic; 37 C,study-defined,Supplementary Figure 1 zone-diameter thresholds,S,,unknown,B_categorical_public_exact_link_custom_threshold
ZENODO_10369064,S50,levofloxacin,,,,disk diameter mm,Kirby-Bauer disk diffusion,Columbia blood agar,3-4 days; microaerophilic; 37 C,study-defined,Supplementary Figure 1 zone-diameter thresholds,S,,unknown,B_categorical_public_exact_link_custom_threshold
ZENODO_10369064,S50,amoxicillin,,,,disk diameter mm,Kirby-Bauer disk diffusion,Columbia blood agar,3-4 days; microaerophilic; 37 C,study-defined,Supplementary Figure 1 zone-diameter thresholds,S,,unknown,B_categorical_public_exact_link_custom_threshold
ZENODO_10369064,S50,furazolidone,,,,disk diameter mm,Kirby-Bauer disk diffusion,Columbia blood agar,3-4 days; microaerophilic; 37 C,study-defined,Supplementary Figure 1 zone-diameter thresholds,S,,unknown,B_categorical_public_exact_link_custom_threshold
ZENODO_10369064,S50,tetracycline,,,,disk diameter mm,Kirby-Bauer disk diffusion,Columbia blood agar,3-4 days; microaerophilic; 37 C,study-defined,Supplementary Figure 1 zone-diameter thresholds,S,,unknown,B_categorical_public_exact_link_custom_threshold
ZENODO_10369064,S50,metronidazole,,,,disk diameter mm,Kirby-Bauer disk diffusion,Columbia blood agar,3-4 days; microaerophilic; 37 C,study-defined,Supplementary Figure 1 zone-diameter thresholds,R,,unknown,B_categorical_public_exact_link_custom_threshold
ZENODO_10369064,S52,clarithromycin,,,,disk diameter mm,Kirby-Bauer disk diffusion,Columbia blood agar,3-4 days; microaerophilic; 37 C,study-defined,Supplementary Figure 1 zone-diameter thresholds,I,,unknown,B_categorical_public_exact_link_custom_threshold
ZENODO_10369064,S52,levofloxacin,,,,disk diameter mm,Kirby-Bauer disk diffusion,Columbia blood agar,3-4 days; microaerophilic; 37 C,study-defined,Supplementary Figure 1 zone-diameter thresholds,S,,unknown,B_categorical_public_exact_link_custom_threshold
ZENODO_10369064,S52,amoxicillin,,,,disk diameter mm,Kirby-Bauer disk diffusion,Columbia blood agar,3-4 days; microaerophilic; 37 C,study-defined,Supplementary Figure 1 zone-diameter thresholds,I,,unknown,B_categorical_public_exact_link_custom_threshold
ZENODO_10369064,S52,furazolidone,,,,disk diameter mm,Kirby-Bauer disk diffusion,Columbia blood agar,3-4 days; microaerophilic; 37 C,study-defined,Supplementary Figure 1 zone-diameter thresholds,S,,unknown,B_categorical_public_exact_link_custom_threshold
ZENODO_10369064,S52,tetracycline,,,,disk diameter mm,Kirby-Bauer disk diffusion,Columbia blood agar,3-4 days; microaerophilic; 37 C,study-defined,Supplementary Figure 1 zone-diameter thresholds,S,,unknown,B_categorical_public_exact_link_custom_threshold
ZENODO_10369064,S52,metronidazole,,,,disk diameter mm,Kirby-Bauer disk diffusion,Columbia blood agar,3-4 days; microaerophilic; 37 C,study-defined,Supplementary Figure 1 zone-diameter thresholds,R,,unknown,B_categorical_public_exact_link_custom_threshold
ZENODO_10369064,S54,clarithromycin,,,,disk diameter mm,Kirby-Bauer disk diffusion,Columbia blood agar,3-4 days; microaerophilic; 37 C,study-defined,Supplementary Figure 1 zone-diameter thresholds,S,,unknown,B_categorical_public_exact_link_custom_threshold
ZENODO_10369064,S54,levofloxacin,,,,disk diameter mm,Kirby-Bauer disk diffusion,Columbia blood agar,3-4 days; microaerophilic; 37 C,study-defined,Supplementary Figure 1 zone-diameter thresholds,S,,unknown,B_categorical_public_exact_link_custom_threshold
ZENODO_10369064,S54,amoxicillin,,,,disk diameter mm,Kirby-Bauer disk diffusion,Columbia blood agar,3-4 days; microaerophilic; 37 C,study-defined,Supplementary Figure 1 zone-diameter thresholds,I,,unknown,B_categorical_public_exact_link_custom_threshold
ZENODO_10369064,S54,furazolidone,,,,disk diameter mm,Kirby-Bauer disk diffusion,Columbia blood agar,3-4 days; microaerophilic; 37 C,study-defined,Supplementary Figure 1 zone-diameter thresholds,S,,unknown,B_categorical_public_exact_link_custom_threshold
ZENODO_10369064,S54,tetracycline,,,,disk diameter mm,Kirby-Bauer disk diffusion,Columbia blood agar,3-4 days; microaerophilic; 37 C,study-defined,Supplementary Figure 1 zone-diameter thresholds,S,,unknown,B_categorical_public_exact_link_custom_threshold
ZENODO_10369064,S54,metronidazole,,,,disk diameter mm,Kirby-Bauer disk diffusion,Columbia blood agar,3-4 days; microaerophilic; 37 C,study-defined,Supplementary Figure 1 zone-diameter thresholds,R,,unknown,B_categorical_public_exact_link_custom_threshold
ZENODO_10369064,S55,clarithromycin,,,,disk diameter mm,Kirby-Bauer disk diffusion,Columbia blood agar,3-4 days; microaerophilic; 37 C,study-defined,Supplementary Figure 1 zone-diameter thresholds,S,,unknown,B_categorical_public_exact_link_custom_threshold
ZENODO_10369064,S55,levofloxacin,,,,disk diameter mm,Kirby-Bauer disk diffusion,Columbia blood agar,3-4 days; microaerophilic; 37 C,study-defined,Supplementary Figure 1 zone-diameter thresholds,S,,unknown,B_categorical_public_exact_link_custom_threshold
ZENODO_10369064,S55,amoxicillin,,,,disk diameter mm,Kirby-Bauer disk diffusion,Columbia blood agar,3-4 days; microaerophilic; 37 C,study-defined,Supplementary Figure 1 zone-diameter thresholds,R,,unknown,B_categorical_public_exact_link_custom_threshold
ZENODO_10369064,S55,furazolidone,,,,disk diameter mm,Kirby-Bauer disk diffusion,Columbia blood agar,3-4 days; microaerophilic; 37 C,study-defined,Supplementary Figure 1 zone-diameter thresholds,S,,unknown,B_categorical_public_exact_link_custom_threshold
ZENODO_10369064,S55,tetracycline,,,,disk diameter mm,Kirby-Bauer disk diffusion,Columbia blood agar,3-4 days; microaerophilic; 37 C,study-defined,Supplementary Figure 1 zone-diameter thresholds,S,,unknown,B_categorical_public_exact_link_custom_threshold
ZENODO_10369064,S55,metronidazole,,,,disk diameter mm,Kirby-Bauer disk diffusion,Columbia blood agar,3-4 days; microaerophilic; 37 C,study-defined,Supplementary Figure 1 zone-diameter thresholds,S,,unknown,B_categorical_public_exact_link_custom_threshold
ZENODO_10369064,S56,clarithromycin,,,,disk diameter mm,Kirby-Bauer disk diffusion,Columbia blood agar,3-4 days; microaerophilic; 37 C,study-defined,Supplementary Figure 1 zone-diameter thresholds,S,,unknown,B_categorical_public_exact_link_custom_threshold
ZENODO_10369064,S56,levofloxacin,,,,disk diameter mm,Kirby-Bauer disk diffusion,Columbia blood agar,3-4 days; microaerophilic; 37 C,study-defined,Supplementary Figure 1 zone-diameter thresholds,S,,unknown,B_categorical_public_exact_link_custom_threshold
ZENODO_10369064,S56,amoxicillin,,,,disk diameter mm,Kirby-Bauer disk diffusion,Columbia blood agar,3-4 days; microaerophilic; 37 C,study-defined,Supplementary Figure 1 zone-diameter thresholds,R,,unknown,B_categorical_public_exact_link_custom_threshold
ZENODO_10369064,S56,furazolidone,,,,disk diameter mm,Kirby-Bauer disk diffusion,Columbia blood agar,3-4 days; microaerophilic; 37 C,study-defined,Supplementary Figure 1 zone-diameter thresholds,S,,unknown,B_categorical_public_exact_link_custom_threshold
ZENODO_10369064,S56,tetracycline,,,,disk diameter mm,Kirby-Bauer disk diffusion,Columbia blood agar,3-4 days; microaerophilic; 37 C,study-defined,Supplementary Figure 1 zone-diameter thresholds,S,,unknown,B_categorical_public_exact_link_custom_threshold
ZENODO_10369064,S56,metronidazole,,,,disk diameter mm,Kirby-Bauer disk diffusion,Columbia blood agar,3-4 days; microaerophilic; 37 C,study-defined,Supplementary Figure 1 zone-diameter thresholds,R,,unknown,B_categorical_public_exact_link_custom_threshold
ZENODO_10369064,S57,clarithromycin,,,,disk diameter mm,Kirby-Bauer disk diffusion,Columbia blood agar,3-4 days; microaerophilic; 37 C,study-defined,Supplementary Figure 1 zone-diameter thresholds,S,,unknown,B_categorical_public_exact_link_custom_threshold
ZENODO_10369064,S57,levofloxacin,,,,disk diameter mm,Kirby-Bauer disk diffusion,Columbia blood agar,3-4 days; microaerophilic; 37 C,study-defined,Supplementary Figure 1 zone-diameter thresholds,S,,unknown,B_categorical_public_exact_link_custom_threshold
ZENODO_10369064,S57,amoxicillin,,,,disk diameter mm,Kirby-Bauer disk diffusion,Columbia blood agar,3-4 days; microaerophilic; 37 C,study-defined,Supplementary Figure 1 zone-diameter thresholds,R,,unknown,B_categorical_public_exact_link_custom_threshold
ZENODO_10369064,S57,furazolidone,,,,disk diameter mm,Kirby-Bauer disk diffusion,Columbia blood agar,3-4 days; microaerophilic; 37 C,study-defined,Supplementary Figure 1 zone-diameter thresholds,S,,unknown,B_categorical_public_exact_link_custom_threshold
ZENODO_10369064,S57,tetracycline,,,,disk diameter mm,Kirby-Bauer disk diffusion,Columbia blood agar,3-4 days; microaerophilic; 37 C,study-defined,Supplementary Figure 1 zone-diameter thresholds,S,,unknown,B_categorical_public_exact_link_custom_threshold
ZENODO_10369064,S57,metronidazole,,,,disk diameter mm,Kirby-Bauer disk diffusion,Columbia blood agar,3-4 days; microaerophilic; 37 C,study-defined,Supplementary Figure 1 zone-diameter thresholds,R,,unknown,B_categorical_public_exact_link_custom_threshold
ZENODO_10369064,S58,clarithromycin,,,,disk diameter mm,Kirby-Bauer disk diffusion,Columbia blood agar,3-4 days; microaerophilic; 37 C,study-defined,Supplementary Figure 1 zone-diameter thresholds,S,,unknown,B_categorical_public_exact_link_custom_threshold
ZENODO_10369064,S58,levofloxacin,,,,disk diameter mm,Kirby-Bauer disk diffusion,Columbia blood agar,3-4 days; microaerophilic; 37 C,study-defined,Supplementary Figure 1 zone-diameter thresholds,S,,unknown,B_categorical_public_exact_link_custom_threshold
ZENODO_10369064,S58,amoxicillin,,,,disk diameter mm,Kirby-Bauer disk diffusion,Columbia blood agar,3-4 days; microaerophilic; 37 C,study-defined,Supplementary Figure 1 zone-diameter thresholds,R,,unknown,B_categorical_public_exact_link_custom_threshold
ZENODO_10369064,S58,furazolidone,,,,disk diameter mm,Kirby-Bauer disk diffusion,Columbia blood agar,3-4 days; microaerophilic; 37 C,study-defined,Supplementary Figure 1 zone-diameter thresholds,S,,unknown,B_categorical_public_exact_link_custom_threshold
ZENODO_10369064,S58,tetracycline,,,,disk diameter mm,Kirby-Bauer disk diffusion,Columbia blood agar,3-4 days; microaerophilic; 37 C,study-defined,Supplementary Figure 1 zone-diameter thresholds,S,,unknown,B_categorical_public_exact_link_custom_threshold
ZENODO_10369064,S58,metronidazole,,,,disk diameter mm,Kirby-Bauer disk diffusion,Columbia blood agar,3-4 days; microaerophilic; 37 C,study-defined,Supplementary Figure 1 zone-diameter thresholds,R,,unknown,B_categorical_public_exact_link_custom_threshold
ZENODO_10369064,S64,clarithromycin,,,,disk diameter mm,Kirby-Bauer disk diffusion,Columbia blood agar,3-4 days; microaerophilic; 37 C,study-defined,Supplementary Figure 1 zone-diameter thresholds,R,,unknown,B_categorical_public_exact_link_custom_threshold
ZENODO_10369064,S64,levofloxacin,,,,disk diameter mm,Kirby-Bauer disk diffusion,Columbia blood agar,3-4 days; microaerophilic; 37 C,study-defined,Supplementary Figure 1 zone-diameter thresholds,R,,unknown,B_categorical_public_exact_link_custom_threshold
ZENODO_10369064,S64,amoxicillin,,,,disk diameter mm,Kirby-Bauer disk diffusion,Columbia blood agar,3-4 days; microaerophilic; 37 C,study-defined,Supplementary Figure 1 zone-diameter thresholds,R,,unknown,B_categorical_public_exact_link_custom_threshold
ZENODO_10369064,S64,furazolidone,,,,disk diameter mm,Kirby-Bauer disk diffusion,Columbia blood agar,3-4 days; microaerophilic; 37 C,study-defined,Supplementary Figure 1 zone-diameter thresholds,S,,unknown,B_categorical_public_exact_link_custom_threshold
ZENODO_10369064,S64,tetracycline,,,,disk diameter mm,Kirby-Bauer disk diffusion,Columbia blood agar,3-4 days; microaerophilic; 37 C,study-defined,Supplementary Figure 1 zone-diameter thresholds,S,,unknown,B_categorical_public_exact_link_custom_threshold
ZENODO_10369064,S64,metronidazole,,,,disk diameter mm,Kirby-Bauer disk diffusion,Columbia blood agar,3-4 days; microaerophilic; 37 C,study-defined,Supplementary Figure 1 zone-diameter thresholds,I,,unknown,B_categorical_public_exact_link_custom_threshold
