comparison,dataset_id,isolate_id,lineage_recomputed,cv_group,cohort_binary,fold,oof_probability,PC1,PC2,PC3,PC4,PC5,PC6,PC7,PC8,PC9,PC10
HPGP_GLOBAL_vs_CHINA_NINGXIA_2022,CHINA_NINGXIA_2022,SHZY08,SNP_CLUSTER_01,NCG0008,1,4,0.3763011435183274,88.53885,25.998823,7.5344095,3.8165371,-0.18811303,-0.265891,-0.890057,-1.2804443,0.13049895,-0.24649341
HPGP_GLOBAL_vs_CHINA_NINGXIA_2022,CHINA_NINGXIA_2022,SHZY19,SNP_CLUSTER_01,NCG0019,1,3,0.26870537600548183,89.95428,14.671046,10.954471,0.72707194,-0.3100724,0.4875765,-2.8216279,0.43888974,1.6853242,0.012308406
HPGP_GLOBAL_vs_CHINA_NINGXIA_2022,CHINA_NINGXIA_2022,SHZY38,SNP_CLUSTER_01,NCG0037,1,0,0.1978286170961467,86.98666,10.748355,15.711294,6.9042554,0.07388252,-1.4556572,-1.6194845,-0.5042559,0.5039542,0.5217669
HPGP_GLOBAL_vs_CHINA_NINGXIA_2022,CHINA_NINGXIA_2022,SHZY55,SNP_CLUSTER_01,NCG0054,1,1,0.145886002597985,90.53551,5.157826,14.005861,-1.5829651,0.47146884,0.86679614,-3.238129,-1.3405468,1.7294303,0.6285977
HPGP_GLOBAL_vs_CHINA_NINGXIA_2022,HPGP_GLOBAL,FRA-007,SNP_CLUSTER_01,NCG0140,0,1,0.10141190994044402,85.78829,4.7280693,19.805363,15.549005,-1.2729601,-1.5342658,2.3613153,-0.41312656,-1.9278388,0.008520472
HPGP_GLOBAL_vs_CHINA_NINGXIA_2022,HPGP_GLOBAL,FRA-011,SNP_CLUSTER_01,NCG0144,0,3,0.08252238687198257,89.298874,-4.3701115,16.403687,5.254105,-0.74017435,1.2470765,0.6601159,-0.8663753,0.80148953,-0.42000377
HPGP_GLOBAL_vs_CHINA_NINGXIA_2022,HPGP_GLOBAL,FRA-012,SNP_CLUSTER_01,NCG0145,0,3,0.07876344883959072,87.91339,-4.1738076,15.27168,8.978384,-1.5027411,3.2247744,3.7171383,2.5389154,1.2597917,-3.4065175
HPGP_GLOBAL_vs_CHINA_NINGXIA_2022,HPGP_GLOBAL,FRA-013,SNP_CLUSTER_01,NCG0146,0,4,0.11192582979457132,89.29204,-2.9016337,19.836056,6.796848,-1.09033,4.3371925,-1.4805462,0.8859726,0.8827307,1.965217
HPGP_GLOBAL_vs_CHINA_NINGXIA_2022,HPGP_GLOBAL,FRA-014,SNP_CLUSTER_01,NCG0145,0,3,0.07875070447865777,87.91303,-4.173782,15.267352,8.976587,-1.5094254,3.244545,3.7262573,2.5450697,1.2407999,-3.4242496
HPGP_GLOBAL_vs_CHINA_NINGXIA_2022,HPGP_GLOBAL,FRA-015,SNP_CLUSTER_01,NCG0147,0,3,0.08793237427562534,89.55766,-2.7576206,19.326332,7.7009015,-1.1791272,4.167435,-1.233743,0.0668804,0.598708,1.5521848
HPGP_GLOBAL_vs_CHINA_NINGXIA_2022,HPGP_GLOBAL,FRA-016,SNP_CLUSTER_01,NCG0148,0,4,0.08725994688469207,89.28429,-2.5031927,16.539598,6.6717772,-0.8346679,1.350407,-0.059608728,-2.2717905,0.32135287,-0.65297526
HPGP_GLOBAL_vs_CHINA_NINGXIA_2022,HPGP_GLOBAL,FRA-021,SNP_CLUSTER_01,NCG0153,0,3,0.08105400402642937,90.09456,-5.850355,15.9235935,3.8124547,-1.0217698,1.6599097,-0.40660736,-0.49237907,1.4989357,-1.2104645
HPGP_GLOBAL_vs_CHINA_NINGXIA_2022,HPGP_GLOBAL,GER-004,SNP_CLUSTER_01,NCG0154,0,3,0.12582858906854363,88.848564,0.0025401104,21.264595,7.466748,-0.6681617,1.5482249,-3.2285585,-1.7905682,2.6056798,0.36375192
HPGP_GLOBAL_vs_CHINA_NINGXIA_2022,HPGP_GLOBAL,GER-005,SNP_CLUSTER_01,NCG0155,0,3,0.1274172610456866,85.89801,2.5103447,19.354671,12.073676,-1.1747407,0.6974428,1.7494649,-0.21368718,0.07286694,-0.6640376
HPGP_GLOBAL_vs_CHINA_NINGXIA_2022,HPGP_GLOBAL,GER-006,SNP_CLUSTER_01,NCG0156,0,1,0.10743360542479014,89.0754,-2.7720275,21.861778,2.6888382,0.3149752,0.77072304,-4.566564,-2.9098854,2.4411628,1.0150707
HPGP_GLOBAL_vs_CHINA_NINGXIA_2022,HPGP_GLOBAL,GER-010,SNP_CLUSTER_01,NCG0157,0,1,0.0988257398185449,87.17335,2.5752168,19.37411,12.2568445,-1.2824618,-0.18580312,1.0421085,0.23260736,0.3418853,0.432734
HPGP_GLOBAL_vs_CHINA_NINGXIA_2022,HPGP_GLOBAL,GER-012,SNP_CLUSTER_01,NCG0158,0,2,0.09704692789582192,87.115456,4.315136,19.575937,14.342922,-1.4328532,-0.54406136,1.7103385,0.4019007,-0.7958211,-0.867941
HPGP_GLOBAL_vs_CHINA_NINGXIA_2022,HPGP_GLOBAL,GER-013,SNP_CLUSTER_01,NCG0159,0,0,0.07354061885410856,87.16671,1.1257124,17.872734,11.446681,-1.6107816,-2.0250459,0.98713565,-1.7122623,-0.6606188,-0.62843084
HPGP_GLOBAL_vs_CHINA_NINGXIA_2022,HPGP_GLOBAL,GER-015,SNP_CLUSTER_01,NCG0160,0,1,0.13930706050666977,85.16867,5.6470723,19.71926,14.516647,-1.5277299,-1.2072322,1.3842028,0.76937896,-1.1485482,-0.35076016
HPGP_GLOBAL_vs_CHINA_NINGXIA_2022,HPGP_GLOBAL,GER-019,SNP_CLUSTER_01,NCG0162,0,1,0.08493978000841136,88.60362,-3.2378383,17.074675,5.1470294,-0.14549604,1.2905961,-1.0126626,-0.91900396,-1.1349592,0.7581922
HPGP_GLOBAL_vs_CHINA_NINGXIA_2022,HPGP_GLOBAL,GER-021,SNP_CLUSTER_01,NCG0163,0,4,0.1075590659975711,85.441444,2.9153907,17.485147,13.94013,-0.6439922,-1.3827084,2.9740703,1.4439659,-0.7683618,0.35895053
HPGP_GLOBAL_vs_CHINA_NINGXIA_2022,HPGP_GLOBAL,GRE-001,SNP_CLUSTER_01,NCG0168,0,1,0.08182333022462142,90.613235,-4.717853,20.631155,2.0076215,-0.30930215,2.7028348,-4.6208243,-2.184285,2.895434,1.0830106
HPGP_GLOBAL_vs_CHINA_NINGXIA_2022,HPGP_GLOBAL,GRE-004,SNP_CLUSTER_01,NCG0170,0,4,0.15844630606122587,90.18585,-5.5448823,21.543411,1.8441328,-0.4147109,3.8458729,-5.354157,-3.0644276,2.5442386,1.6707956
HPGP_GLOBAL_vs_CHINA_NINGXIA_2022,HPGP_GLOBAL,GRE-008,SNP_CLUSTER_01,NCG0171,0,4,0.15973067061509041,89.46683,-2.5928297,20.679129,3.512387,0.08227847,1.8938932,-3.8388956,-0.99645114,3.123575,2.5710742
HPGP_GLOBAL_vs_CHINA_NINGXIA_2022,HPGP_GLOBAL,GRE-012,SNP_CLUSTER_01,NCG0172,0,2,0.13983158613339186,89.99519,-3.8205962,20.33954,3.0833728,-0.32853797,2.6984277,-2.755047,-0.97865206,1.6408776,0.95397544
HPGP_GLOBAL_vs_CHINA_NINGXIA_2022,HPGP_GLOBAL,GRE-019,SNP_CLUSTER_01,NCG0173,0,2,0.13286926152968187,90.08169,-3.8219223,20.470873,3.108668,-0.29201698,1.9778901,-2.9069905,-1.4777894,1.6529204,2.053044
HPGP_GLOBAL_vs_CHINA_NINGXIA_2022,HPGP_GLOBAL,GRE-020,SNP_CLUSTER_01,NCG0174,0,1,0.08193884767618755,90.70187,-5.8585706,20.951683,0.6390351,-0.065997,2.323576,-5.169487,-3.1390789,3.5092297,1.0979444
HPGP_GLOBAL_vs_CHINA_NINGXIA_2022,HPGP_GLOBAL,GRE-044,SNP_CLUSTER_01,NCG0176,0,3,0.15145302407568703,88.4337,-1.5591967,18.659786,4.8823824,0.034084562,1.6718574,-3.2025502,-1.8893628,1.7677505,1.3865151
HPGP_GLOBAL_vs_CHINA_NINGXIA_2022,HPGP_GLOBAL,IND-005,SNP_CLUSTER_01,NCG0194,0,1,0.09042752640305234,90.27471,-2.4600742,15.757931,2.211221,0.4720455,2.1612487,-3.7433796,-2.4140925,1.6817003,-0.5663704
HPGP_GLOBAL_vs_CHINA_NINGXIA_2022,HPGP_GLOBAL,IND-006,SNP_CLUSTER_01,NCG0195,0,2,0.11869743822092649,92.86982,-3.0972211,13.242158,1.9662673,0.8338426,3.0104878,-5.424179,-1.620977,2.7296596,1.6852438
HPGP_GLOBAL_vs_CHINA_NINGXIA_2022,HPGP_GLOBAL,IND-007,SNP_CLUSTER_01,NCG0196,0,1,0.1137760122655265,85.391136,30.554253,8.111919,27.82357,-0.84150076,-10.073001,10.590035,0.5740232,-6.472872,-6.805954
HPGP_GLOBAL_vs_CHINA_NINGXIA_2022,HPGP_GLOBAL,IND-008,SNP_CLUSTER_01,NCG0197,0,3,0.08950472970207285,85.2891,24.216686,9.962752,23.06726,-0.69154716,-8.273758,8.759896,1.8611529,-4.8589883,-5.25975
HPGP_GLOBAL_vs_CHINA_NINGXIA_2022,HPGP_GLOBAL,IND-009,SNP_CLUSTER_01,NCG0198,0,3,0.09076748829569073,84.79791,28.450369,8.058305,26.867104,-0.6354557,-8.732834,9.3345585,1.296186,-6.4814343,-6.8688555
HPGP_GLOBAL_vs_CHINA_NINGXIA_2022,HPGP_GLOBAL,ISL-002,SNP_CLUSTER_01,NCG0199,0,4,0.046594470154420385,77.85742,24.95524,18.822468,39.501244,-3.4826152,-11.218864,13.464037,3.033003,-8.250892,-3.8872023
HPGP_GLOBAL_vs_CHINA_NINGXIA_2022,HPGP_GLOBAL,ISL-004,SNP_CLUSTER_01,NCG0200,0,4,0.043080733065666066,78.10589,24.752634,18.446915,39.47326,-3.5470877,-11.793619,13.450763,2.6220534,-7.830501,-3.5871568
HPGP_GLOBAL_vs_CHINA_NINGXIA_2022,HPGP_GLOBAL,ISL-005,SNP_CLUSTER_01,NCG0201,0,1,0.15489120533977238,78.40366,24.307596,18.998455,38.66997,-3.295036,-11.596868,13.350606,2.9861276,-7.775094,-4.062922
HPGP_GLOBAL_vs_CHINA_NINGXIA_2022,HPGP_GLOBAL,ISL-007,SNP_CLUSTER_01,NCG0202,0,4,0.05006147119587237,77.72489,25.193953,18.724758,39.68828,-3.5849946,-11.423075,13.342956,2.7057943,-7.1873565,-4.3975754
HPGP_GLOBAL_vs_CHINA_NINGXIA_2022,HPGP_GLOBAL,ISL-009,SNP_CLUSTER_01,NCG0203,0,1,0.1585851134536705,78.15479,25.365982,19.038694,39.431046,-3.7038374,-11.957806,13.857938,3.3672917,-8.469993,-3.59988
HPGP_GLOBAL_vs_CHINA_NINGXIA_2022,HPGP_GLOBAL,ISR-006,SNP_CLUSTER_01,NCG0206,0,0,0.1327466649682211,88.3199,-0.87608075,20.368578,6.8918915,-0.6265137,1.2538574,-3.435254,-2.0435684,1.392404,1.5670421
HPGP_GLOBAL_vs_CHINA_NINGXIA_2022,HPGP_GLOBAL,ITA-004,SNP_CLUSTER_01,NCG0209,0,1,0.08456794322743591,89.81785,-5.02105,20.689089,2.8540297,-0.29877868,3.4891794,-3.4893506,-2.9262679,2.9127383,2.2611053
HPGP_GLOBAL_vs_CHINA_NINGXIA_2022,HPGP_GLOBAL,ITA-007,SNP_CLUSTER_01,NCG0211,0,1,0.09777892568325088,88.94851,-5.1457415,19.41598,3.4357631,-0.3868022,3.489503,-2.4467027,-1.1710712,2.8311162,2.599424
HPGP_GLOBAL_vs_CHINA_NINGXIA_2022,HPGP_GLOBAL,ITA-008,SNP_CLUSTER_01,NCG0212,0,4,0.10768417569669797,88.642265,-0.6549023,18.682528,9.329587,-0.7384444,1.3712381,-1.2251823,0.45029667,1.6684852,1.1381725
HPGP_GLOBAL_vs_CHINA_NINGXIA_2022,HPGP_GLOBAL,ITA-009,SNP_CLUSTER_01,NCG0213,0,2,0.13576010097517846,90.09933,-5.8117213,16.991716,2.9604354,-0.43768233,2.976685,-2.4165792,0.31184104,2.8000865,0.30501884
HPGP_GLOBAL_vs_CHINA_NINGXIA_2022,HPGP_GLOBAL,ITA-012,SNP_CLUSTER_01,NCG0215,0,2,0.12601228409311108,89.367325,-3.2415626,17.410395,4.728454,-0.8383833,2.1881833,-0.8462977,-0.5416809,2.503164,0.9068884
HPGP_GLOBAL_vs_CHINA_NINGXIA_2022,HPGP_GLOBAL,ITA-013,SNP_CLUSTER_01,NCG0216,0,4,0.14705391313073665,90.20464,-6.3308997,19.921352,0.94387394,-0.40804166,3.355057,-4.4466834,-1.4891768,1.0657042,0.4400851
HPGP_GLOBAL_vs_CHINA_NINGXIA_2022,HPGP_GLOBAL,ITA-015,SNP_CLUSTER_01,NCG0217,0,4,0.1057347808691527,90.21924,-2.618663,18.538435,4.713925,-0.39688727,2.7254128,-2.2219903,-1.2322162,1.3535174,3.1003804
HPGP_GLOBAL_vs_CHINA_NINGXIA_2022,HPGP_GLOBAL,ITA-016,SNP_CLUSTER_01,NCG0218,0,3,0.12711360674322889,89.36526,-4.039114,18.060055,4.1234508,-0.8435199,4.291529,-2.3475008,-0.9342193,4.1327147,1.2664171
HPGP_GLOBAL_vs_CHINA_NINGXIA_2022,HPGP_GLOBAL,ITA-022,SNP_CLUSTER_01,NCG0219,0,1,0.09939408048601497,88.78651,1.772375,20.45087,9.03411,-0.84129596,1.49435,-2.0967028,-0.4717971,1.2559495,1.2751285
HPGP_GLOBAL_vs_CHINA_NINGXIA_2022,HPGP_GLOBAL,ITA-026,SNP_CLUSTER_01,NCG0220,0,4,0.18829903037989768,88.87215,-4.8060374,17.60193,4.642865,-1.1118158,3.8709574,-4.3019137,-1.8275452,4.568959,2.7837167
HPGP_GLOBAL_vs_CHINA_NINGXIA_2022,HPGP_GLOBAL,ITA-027,SNP_CLUSTER_01,NCG0221,0,4,0.1778542115807089,88.40999,-2.194228,20.921165,4.5735226,-0.07293318,2.5504105,-3.263431,-0.9133138,2.0409224,3.0992248
HPGP_GLOBAL_vs_CHINA_NINGXIA_2022,HPGP_GLOBAL,ITA-028,SNP_CLUSTER_01,NCG0222,0,0,0.11792934135951043,89.54383,-2.5707505,21.188433,6.486653,-0.73688984,1.1181085,-3.8769617,-1.7581666,3.020711,1.4444449
HPGP_GLOBAL_vs_CHINA_NINGXIA_2022,HPGP_GLOBAL,ITA-030,SNP_CLUSTER_01,NCG0223,0,0,0.09621077642945171,88.55324,-2.0728693,18.196337,7.4129415,-0.9167817,0.63338125,-1.1815623,-0.870395,0.9960085,0.033652347
HPGP_GLOBAL_vs_CHINA_NINGXIA_2022,HPGP_GLOBAL,KAZ-001,SNP_CLUSTER_01,NCG0238,0,0,0.11333174469932274,90.17625,-5.244645,19.238657,3.016879,-0.41440794,2.5598254,-2.863627,-1.3024275,2.6515393,1.4036714
HPGP_GLOBAL_vs_CHINA_NINGXIA_2022,HPGP_GLOBAL,KGZ-001,SNP_CLUSTER_01,NCG0239,0,4,0.19300345683757583,90.172424,0.5265025,19.055004,0.9560499,0.021004912,0.76333624,-5.1381025,-1.6656214,2.3387427,1.1215703
HPGP_GLOBAL_vs_CHINA_NINGXIA_2022,HPGP_GLOBAL,KGZ-004,SNP_CLUSTER_01,NCG0240,0,4,0.23010226373752574,86.325134,32.882687,7.3426476,14.469265,-1.5701958,-5.1034694,3.865503,1.4192656,-1.6728513,-0.4170345
HPGP_GLOBAL_vs_CHINA_NINGXIA_2022,HPGP_GLOBAL,KGZ-009,SNP_CLUSTER_01,NCG0241,0,2,0.20393696299972258,88.08239,6.265572,18.360676,6.283402,0.11538512,-0.9612184,-1.6633526,-2.0496135,2.5560253,0.34861404
HPGP_GLOBAL_vs_CHINA_NINGXIA_2022,HPGP_GLOBAL,KGZ-010,SNP_CLUSTER_01,NCG0242,0,3,0.21785159441748897,86.9545,27.061958,9.946686,14.234057,-1.4805335,-4.051335,2.6742861,0.07587613,-0.8469344,-1.0639931
HPGP_GLOBAL_vs_CHINA_NINGXIA_2022,HPGP_GLOBAL,LAT-002,SNP_CLUSTER_01,NCG0266,0,2,0.1758338473587971,88.251495,-1.0868869,21.466253,6.1664276,-1.3542105,0.3745952,-3.6392257,-2.3487322,1.204218,1.6753724
HPGP_GLOBAL_vs_CHINA_NINGXIA_2022,HPGP_GLOBAL,LAT-003,SNP_CLUSTER_01,NCG0267,0,0,0.15150619380870634,90.37506,-1.2370107,19.98569,2.2165496,0.11026934,0.9449262,-5.0720887,-2.0986173,1.9293643,0.7778502
HPGP_GLOBAL_vs_CHINA_NINGXIA_2022,HPGP_GLOBAL,LAT-009,SNP_CLUSTER_01,NCG0268,0,4,0.10173151175761236,87.1688,2.9086592,20.115253,12.953657,-1.5537827,-1.2950203,0.2447867,-0.25454554,1.4757328,0.78641176
HPGP_GLOBAL_vs_CHINA_NINGXIA_2022,HPGP_GLOBAL,LAT-014,SNP_CLUSTER_01,NCG0269,0,2,0.12124119964260457,85.36248,6.624467,20.457264,16.553308,-1.7966487,-2.4915898,1.5694232,-0.48469695,-1.5195467,0.21008983
HPGP_GLOBAL_vs_CHINA_NINGXIA_2022,HPGP_GLOBAL,LAT-015,SNP_CLUSTER_01,NCG0270,0,1,0.11827152899585239,83.9645,10.365194,20.049347,21.291653,-2.1403232,-4.2690854,5.578445,1.4101146,-3.4193401,0.7939433
HPGP_GLOBAL_vs_CHINA_NINGXIA_2022,HPGP_GLOBAL,LAT-017,SNP_CLUSTER_01,NCG0271,0,3,0.12921908912337923,86.97138,3.646045,19.994637,12.617165,-1.1843042,-1.5371901,-1.8051114,-0.7836438,0.97224253,0.70341474
HPGP_GLOBAL_vs_CHINA_NINGXIA_2022,HPGP_GLOBAL,LAT-018,SNP_CLUSTER_01,NCG0272,0,3,0.07503891189869036,85.71872,7.739852,20.642384,18.806416,-2.7655559,-2.7841914,4.6200714,1.507532,-1.2704289,0.7025269
HPGP_GLOBAL_vs_CHINA_NINGXIA_2022,HPGP_GLOBAL,LAT-019,SNP_CLUSTER_01,NCG0273,0,2,0.07366598207522425,84.52181,9.839751,19.785944,22.481077,-2.4848955,-3.8060973,5.0835767,0.84619147,-2.8933384,0.09325791
HPGP_GLOBAL_vs_CHINA_NINGXIA_2022,HPGP_GLOBAL,LAT-021,SNP_CLUSTER_01,NCG0274,0,2,0.07747835203131703,84.844955,9.560985,20.10175,20.616983,-2.2637162,-3.7700315,4.753545,0.13675657,-3.228219,0.014144729
HPGP_GLOBAL_vs_CHINA_NINGXIA_2022,HPGP_GLOBAL,LAT-023,SNP_CLUSTER_01,NCG0275,0,3,0.09928468491276152,87.06198,3.7422144,20.768059,13.500931,-0.749446,-1.7367604,0.41035315,0.772806,0.1140075,-0.8745418
HPGP_GLOBAL_vs_CHINA_NINGXIA_2022,HPGP_GLOBAL,LAT-024,SNP_CLUSTER_01,NCG0276,0,4,0.07737922941324508,83.39831,12.33287,18.906473,22.787416,-2.7363205,-4.8399496,5.7816105,0.9049705,-3.9080412,-0.4154428
HPGP_GLOBAL_vs_CHINA_NINGXIA_2022,HPGP_GLOBAL,LAT-026,SNP_CLUSTER_01,NCG0277,0,1,0.1443235565958023,86.419106,4.5175385,20.659168,11.43189,-0.7694308,-0.50787795,-0.8977004,-0.12648176,0.96753246,1.7185097
HPGP_GLOBAL_vs_CHINA_NINGXIA_2022,HPGP_GLOBAL,LAT-027,SNP_CLUSTER_01,NCG0278,0,2,0.1515605662371539,86.27455,11.024089,17.712856,14.638728,-1.2401646,-1.8284215,1.2179711,0.7103016,-0.543978,0.6541209
HPGP_GLOBAL_vs_CHINA_NINGXIA_2022,HPGP_GLOBAL,LAT-029,SNP_CLUSTER_01,NCG0279,0,1,0.1765087724240936,87.164276,11.820537,15.728866,11.09543,0.026770871,-1.4102865,-0.6392123,-0.101913705,0.48552024,0.16173077
HPGP_GLOBAL_vs_CHINA_NINGXIA_2022,HPGP_GLOBAL,LIT-001,SNP_CLUSTER_01,NCG0280,0,2,0.13145508633852554,89.17262,-0.9255622,21.266909,8.60447,-1.0697376,0.19365658,-3.166164,-1.5897636,3.4786665,-0.0010489693
HPGP_GLOBAL_vs_CHINA_NINGXIA_2022,HPGP_GLOBAL,LIT-003,SNP_CLUSTER_01,NCG0281,0,3,0.11419910029668714,86.23825,6.7032995,20.415169,14.982751,-1.5397553,-2.3514192,1.0004759,2.070417,0.056031384,-0.035901725
HPGP_GLOBAL_vs_CHINA_NINGXIA_2022,HPGP_GLOBAL,LIT-006,SNP_CLUSTER_01,NCG0282,0,2,0.14870422437661612,88.0674,1.3947827,20.474203,9.15932,-1.5719119,-0.45313916,-2.1346974,-0.5700019,1.848433,1.5188727
HPGP_GLOBAL_vs_CHINA_NINGXIA_2022,HPGP_GLOBAL,LIT-008,SNP_CLUSTER_01,NCG0283,0,3,0.12244953331446543,88.1937,1.3983375,20.556818,8.403416,-1.3650836,-1.6799487,-2.6034346,-0.12544706,1.4244789,1.1830565
HPGP_GLOBAL_vs_CHINA_NINGXIA_2022,HPGP_GLOBAL,LIT-010,SNP_CLUSTER_01,NCG0284,0,1,0.11458743214453433,86.07477,6.436462,20.02365,15.666494,-1.7629552,-2.477996,1.4450725,0.20105168,-1.0123124,1.0186934
HPGP_GLOBAL_vs_CHINA_NINGXIA_2022,HPGP_GLOBAL,LIT-013,SNP_CLUSTER_01,NCG0285,0,4,0.1289313230906035,86.75953,3.2368433,21.013414,11.771011,-1.6430115,-0.8214514,-0.4426979,-0.58469105,1.0794601,1.8756167
HPGP_GLOBAL_vs_CHINA_NINGXIA_2022,HPGP_GLOBAL,LIT-020,SNP_CLUSTER_01,NCG0286,0,0,0.0856851082385424,87.21233,3.6437857,20.410387,13.281608,-1.1919467,-2.1066616,-0.11565937,-0.17096747,0.8638895,0.16877754
HPGP_GLOBAL_vs_CHINA_NINGXIA_2022,HPGP_GLOBAL,LIT-021,SNP_CLUSTER_01,NCG0287,0,4,0.06835406754044225,83.96269,10.895718,20.331882,22.45317,-2.6229796,-4.9067793,5.4272876,0.47833216,-2.6316261,0.8518512
HPGP_GLOBAL_vs_CHINA_NINGXIA_2022,HPGP_GLOBAL,LIT-025,SNP_CLUSTER_01,NCG0288,0,3,0.10053674895969979,86.48406,6.7192316,19.925169,15.770919,-1.904361,-1.9341402,1.5395521,0.9167377,-0.17221607,0.36383355
HPGP_GLOBAL_vs_CHINA_NINGXIA_2022,HPGP_GLOBAL,LIT-028,SNP_CLUSTER_01,NCG0289,0,2,0.10789976421504323,86.16268,5.5805764,20.65665,16.547932,-1.7345443,-1.5033095,1.2638681,-0.24254927,-0.4629936,0.4904304
HPGP_GLOBAL_vs_CHINA_NINGXIA_2022,HPGP_GLOBAL,LIT-032,SNP_CLUSTER_01,NCG0290,0,4,0.09358814947574104,87.011765,3.7579007,20.407604,12.750072,-1.4173797,-0.9274752,1.9777898,0.28477478,0.82016814,-0.39031476
HPGP_GLOBAL_vs_CHINA_NINGXIA_2022,HPGP_GLOBAL,LIT-041,SNP_CLUSTER_01,NCG0291,0,0,0.07212577076754817,87.09518,7.700648,18.418406,14.995235,-1.5647451,-2.5428917,2.03867,0.6074628,-1.6088806,-1.049219
HPGP_GLOBAL_vs_CHINA_NINGXIA_2022,HPGP_GLOBAL,MAL-019,SNP_CLUSTER_01,NCG0298,0,3,0.0878908752207695,85.04368,30.805843,7.64927,26.884254,-0.8098519,-9.465329,10.164724,1.2677205,-6.000455,-7.140635
HPGP_GLOBAL_vs_CHINA_NINGXIA_2022,HPGP_GLOBAL,POL-004,SNP_CLUSTER_01,NCG0335,0,4,0.14582228161749652,89.211784,-1.7573819,20.59041,4.9059696,-0.4123705,0.82931274,-4.06524,-1.1561295,1.0370344,0.59800035
HPGP_GLOBAL_vs_CHINA_NINGXIA_2022,HPGP_GLOBAL,POL-005,SNP_CLUSTER_01,NCG0336,0,1,0.11028056152360034,88.257324,-1.7069091,21.604921,6.4555144,-1.1216834,0.71715987,-4.0394745,-2.1373124,2.33885,-0.2696642
HPGP_GLOBAL_vs_CHINA_NINGXIA_2022,HPGP_GLOBAL,POL-006,SNP_CLUSTER_01,NCG0337,0,2,0.13855579559121686,89.61195,-2.04884,21.396324,3.9905152,-0.50493675,-0.1308873,-2.841827,-2.4464018,2.5734305,1.0930729
HPGP_GLOBAL_vs_CHINA_NINGXIA_2022,HPGP_GLOBAL,POL-007,SNP_CLUSTER_01,NCG0338,0,1,0.10809923458801605,88.71581,-1.8516358,20.557734,5.4805765,-1.194127,1.0754284,-3.0412498,-1.9880037,3.7186267,1.9775765
HPGP_GLOBAL_vs_CHINA_NINGXIA_2022,HPGP_GLOBAL,POL-008,SNP_CLUSTER_01,NCG0339,0,4,0.13056617187748282,89.431595,-0.49176213,20.091476,6.1614914,-0.7618016,1.3242385,-3.2447171,-2.076556,2.1298234,-0.23765545
HPGP_GLOBAL_vs_CHINA_NINGXIA_2022,HPGP_GLOBAL,POL-009,SNP_CLUSTER_01,NCG0340,0,0,0.09849810005743548,88.126015,0.2586906,20.357286,9.32278,-0.58736205,0.33318916,-0.7992758,-0.14531219,1.46437,-0.9661785
HPGP_GLOBAL_vs_CHINA_NINGXIA_2022,HPGP_GLOBAL,POL-010,SNP_CLUSTER_01,NCG0341,0,4,0.1391582583036072,89.141045,-2.5715556,21.282997,5.556994,-0.62540054,1.8314508,-3.7905931,-2.2347052,1.9961756,2.6093955
HPGP_GLOBAL_vs_CHINA_NINGXIA_2022,HPGP_GLOBAL,POL-104,SNP_CLUSTER_01,NCG0342,0,1,0.11594241859248808,86.22981,4.724761,19.416807,15.003319,-1.5807676,-1.3298308,0.9962443,0.56005883,0.17425185,0.67361367
HPGP_GLOBAL_vs_CHINA_NINGXIA_2022,HPGP_GLOBAL,POL-105,SNP_CLUSTER_01,NCG0343,0,0,0.09705073674665132,87.13668,3.218982,20.68099,12.403962,-1.4837742,-0.22760561,0.18804775,0.12663911,1.8488462,-0.09402968
HPGP_GLOBAL_vs_CHINA_NINGXIA_2022,HPGP_GLOBAL,POL-106,SNP_CLUSTER_01,NCG0344,0,2,0.24468576933894584,89.20236,-1.8886577,22.614304,7.4205494,-1.0695567,2.3388667,-9.033591,-4.0948753,6.549219,7.6975884
HPGP_GLOBAL_vs_CHINA_NINGXIA_2022,HPGP_GLOBAL,POL-108,SNP_CLUSTER_01,NCG0344,0,2,0.24486331677581386,89.22399,-1.8620037,22.608644,7.4293246,-1.0956032,2.3511856,-9.086962,-4.0940146,6.533824,7.7306514
HPGP_GLOBAL_vs_CHINA_NINGXIA_2022,HPGP_GLOBAL,POL-110,SNP_CLUSTER_01,NCG0345,0,1,0.11382193203949001,89.11271,-2.2837574,21.324026,5.4369574,-0.6022183,0.9687621,-6.1386156,-3.7197056,3.9250448,3.2362554
HPGP_GLOBAL_vs_CHINA_NINGXIA_2022,HPGP_GLOBAL,RUS-001,SNP_CLUSTER_01,NCG0365,0,0,0.11199011496102813,87.56584,2.6446412,20.430635,10.565071,-1.1671613,1.4333398,-0.7418659,-0.91081864,1.3500286,1.5075521
HPGP_GLOBAL_vs_CHINA_NINGXIA_2022,HPGP_GLOBAL,RUS-003,SNP_CLUSTER_01,NCG0366,0,4,0.14803737749863982,87.13436,2.23212,22.004179,10.540543,-0.81868744,-0.115695104,-2.125955,-1.9650414,1.75311,0.43245316
HPGP_GLOBAL_vs_CHINA_NINGXIA_2022,HPGP_GLOBAL,RUS-004,SNP_CLUSTER_01,NCG0367,0,1,0.11827206350467276,87.12522,4.0540237,19.113401,11.661542,-1.1929984,-0.9318928,-0.06306596,-0.60147864,1.4425935,1.1006578
HPGP_GLOBAL_vs_CHINA_NINGXIA_2022,HPGP_GLOBAL,RUS-007,SNP_CLUSTER_01,NCG0368,0,0,0.0918429479762106,87.628815,5.4867215,20.250662,13.219355,-1.1435864,-0.6934082,-0.077128746,-0.42636272,0.31944507,0.80374914
HPGP_GLOBAL_vs_CHINA_NINGXIA_2022,HPGP_GLOBAL,RUS-011,SNP_CLUSTER_01,NCG0369,0,3,0.1582838684821782,87.717575,1.6882604,20.583,7.1045876,-0.3457587,0.3025888,-2.863473,-1.3021443,1.2239158,0.34213376
HPGP_GLOBAL_vs_CHINA_NINGXIA_2022,HPGP_GLOBAL,SPA-101,SNP_CLUSTER_01,NCG0377,0,0,0.1405054774326608,89.28597,-4.342243,21.56005,2.0203407,0.0370823,1.0982893,-3.8283863,-1.6498803,2.8396919,1.9111956
HPGP_GLOBAL_vs_CHINA_NINGXIA_2022,HPGP_GLOBAL,SPA-504,SNP_CLUSTER_01,NCG0397,0,3,0.12237793714178422,89.56289,-2.948997,20.778988,5.863879,-0.28300303,2.685482,-4.3760824,-1.3365284,3.3888412,1.8115788
HPGP_GLOBAL_vs_CHINA_NINGXIA_2022,HPGP_GLOBAL,SPA-806,SNP_CLUSTER_01,NCG0408,0,3,0.11253128628125664,88.059975,1.4219216,21.832596,10.516099,-0.72911716,-0.07119197,-2.262564,-1.089987,1.2638248,0.7019423
HPGP_GLOBAL_vs_CHINA_NINGXIA_2022,HPGP_GLOBAL,SWE-008,SNP_CLUSTER_01,NCG0410,0,4,0.06842637250991956,83.75961,10.428355,17.809547,21.56393,-2.0589662,-5.566359,7.318804,2.4717374,-1.6821058,-2.5526185
HPGP_GLOBAL_vs_CHINA_NINGXIA_2022,HPGP_GLOBAL,SWE-010,SNP_CLUSTER_01,NCG0411,0,4,0.08093550075594541,83.6557,9.449226,18.460585,20.276741,-1.9075513,-3.8192642,6.371506,1.707882,-2.8159828,0.392791
HPGP_GLOBAL_vs_CHINA_NINGXIA_2022,HPGP_GLOBAL,SWE-015,SNP_CLUSTER_01,NCG0412,0,4,0.07500583080079005,85.31431,6.2292128,17.473856,17.909163,-1.7877026,-3.2734342,3.5237207,-0.3012029,-2.9316282,-0.14959916
HPGP_GLOBAL_vs_CHINA_NINGXIA_2022,HPGP_GLOBAL,SWE-016,SNP_CLUSTER_01,NCG0413,0,2,0.10487501305103612,84.67697,6.137432,17.920479,16.532192,-1.665909,-2.7548952,4.719431,0.57219654,-1.7237357,-2.27228
HPGP_GLOBAL_vs_CHINA_NINGXIA_2022,HPGP_GLOBAL,SWE-026,SNP_CLUSTER_01,NCG0414,0,0,0.06879937113590001,85.451294,6.9493513,18.263966,15.231531,-1.831861,-3.295086,3.953684,-0.22732075,-1.6786089,-2.3330815
HPGP_GLOBAL_vs_CHINA_NINGXIA_2022,HPGP_GLOBAL,SWE-028,SNP_CLUSTER_01,NCG0415,0,3,0.11313494776683757,81.82288,12.058128,17.65075,23.975233,-2.867215,-5.0370417,7.198175,1.3296221,-4.5845,-0.46933505
HPGP_GLOBAL_vs_CHINA_NINGXIA_2022,HPGP_GLOBAL,SWE-031,SNP_CLUSTER_01,NCG0416,0,0,0.043192824743314796,84.5293,7.273155,17.643492,19.203026,-2.1982145,-3.9034529,7.0311904,1.0501275,-3.6866999,-2.2518063
HPGP_GLOBAL_vs_CHINA_NINGXIA_2022,HPGP_GLOBAL,SWT-002,SNP_CLUSTER_01,NCG0418,0,3,0.11738394616062817,89.70334,-2.2247517,21.291883,5.3977637,-0.23839502,1.3806522,-4.324447,-1.9169842,2.3964489,0.39033377
HPGP_GLOBAL_vs_CHINA_NINGXIA_2022,HPGP_GLOBAL,SWT-004,SNP_CLUSTER_01,NCG0419,0,0,0.11856988707377422,86.7963,2.9629166,20.003534,10.642659,-0.34069756,-0.6205883,-1.7655574,-0.76076984,-0.37518412,1.8782407
HPGP_GLOBAL_vs_CHINA_NINGXIA_2022,HPGP_GLOBAL,SWT-006,SNP_CLUSTER_01,NCG0421,0,2,0.1580238726105162,89.52648,-2.6100025,20.582165,4.398435,-0.058558255,1.7122631,-3.8888752,-2.740442,1.9095215,0.6974303
HPGP_GLOBAL_vs_CHINA_NINGXIA_2022,HPGP_GLOBAL,SWT-008,SNP_CLUSTER_01,NCG0422,0,2,0.1519122660704973,89.2057,-2.9774206,20.499334,4.972388,0.0040006107,0.81157845,-3.3662174,-1.9718843,2.755854,1.9347485
HPGP_GLOBAL_vs_CHINA_NINGXIA_2022,HPGP_GLOBAL,SWT-011,SNP_CLUSTER_01,NCG0424,0,3,0.09494571194896323,86.09274,1.188814,17.18793,12.117538,-1.5523628,-2.7300184,2.8164818,-0.08185947,-2.0710516,-0.9578026
HPGP_GLOBAL_vs_CHINA_NINGXIA_2022,HPGP_GLOBAL,SWT-014,SNP_CLUSTER_01,NCG0427,0,1,0.11141794954878703,89.70723,-4.6868205,21.345745,0.909055,-0.058279987,2.0846632,-6.056226,-2.947966,4.1697965,1.2768427
HPGP_GLOBAL_vs_CHINA_NINGXIA_2022,HPGP_GLOBAL,TUR-001,SNP_CLUSTER_01,NCG0430,0,0,0.11013071278877179,86.43176,2.8877366,21.793148,12.356282,-0.8709625,-0.6536368,-0.8523979,-0.90609777,1.4923948,0.19411673
HPGP_GLOBAL_vs_CHINA_NINGXIA_2022,HPGP_GLOBAL,TUR-002,SNP_CLUSTER_01,NCG0431,0,1,0.12337191538748982,88.259735,2.542728,21.388344,11.93894,-0.9602632,-2.3923745,-3.6014173,-2.7552235,5.6823473,9.611199
HPGP_GLOBAL_vs_CHINA_NINGXIA_2022,HPGP_GLOBAL,TUR-005,SNP_CLUSTER_01,NCG0431,0,1,0.1225874379856676,88.268005,2.5099192,21.459326,11.948107,-0.8640212,-2.3694754,-3.6046014,-2.791971,5.6326966,9.637401
HPGP_GLOBAL_vs_CHINA_NINGXIA_2022,HPGP_GLOBAL,TUR-008,SNP_CLUSTER_01,NCG0433,0,0,0.14407534916516418,88.56792,-2.2891984,21.54191,5.0879445,-0.2877343,2.0797272,-3.814891,-2.1272206,1.9291812,1.1005274
HPGP_GLOBAL_vs_CHINA_NINGXIA_2022,HPGP_GLOBAL,TUR-011,SNP_CLUSTER_01,NCG0435,0,0,0.11012963892451474,86.451645,4.5201406,21.256866,11.988898,-0.7704724,-1.4197807,-0.4901204,-1.3184123,0.58439165,-0.50825334
HPGP_GLOBAL_vs_CHINA_NINGXIA_2022,HPGP_GLOBAL,TUR-014,SNP_CLUSTER_01,NCG0436,0,2,0.15436164203643987,88.56294,-1.2215668,21.277649,6.098889,-0.63338906,0.90309566,-2.6794956,-2.323277,0.8839265,0.3747717
HPGP_GLOBAL_vs_CHINA_NINGXIA_2022,HPGP_GLOBAL,TUR-017,SNP_CLUSTER_01,NCG0437,0,3,0.12152930964736275,88.28408,0.22345334,21.937649,8.466362,-0.90068084,-0.19582486,-2.9033165,-1.7662238,2.4836874,1.7947756
HPGP_GLOBAL_vs_CHINA_NINGXIA_2022,HPGP_GLOBAL,TUR-023,SNP_CLUSTER_01,NCG0438,0,4,0.11894232956840305,86.24213,5.00967,22.517355,15.3090105,-1.4832509,-1.1524137,-0.45924637,-0.37211844,0.9214724,-0.5510645
HPGP_GLOBAL_vs_CHINA_NINGXIA_2022,HPGP_GLOBAL,USA-106,SNP_CLUSTER_01,NCG0454,0,4,0.1239065008017421,88.941284,-3.188407,19.206778,3.6584945,-0.74029845,0.27225327,-1.8110205,-2.9040582,0.6077132,-0.30908078
HPGP_GLOBAL_vs_CHINA_NINGXIA_2022,HPGP_GLOBAL,ZAF-001,SNP_CLUSTER_02,NCG0464,0,2,0.17734540321009754,89.640526,-3.8574908,-17.669752,13.467136,148.39034,-0.81283295,0.76462954,4.4991937,-1.2496291,-0.56071496
HPGP_GLOBAL_vs_CHINA_NINGXIA_2022,HPGP_GLOBAL,ZAF-006,SNP_CLUSTER_02,NCG0467,0,3,0.1887316323079704,89.874626,-3.9620824,-17.595959,12.689858,146.86961,-1.4518313,0.5405415,4.83853,-1.1069354,-1.0326508
HPGP_GLOBAL_vs_CHINA_NINGXIA_2022,CHINA_NINGXIA_2022,SHZY01,SNP_CLUSTER_03,NCG0001,1,4,0.8715505326731631,90.57585,68.60228,-16.231518,-3.7454276,-0.7633274,1.2433342,-1.1663789,-0.7946233,0.22578214,0.06852702
HPGP_GLOBAL_vs_CHINA_NINGXIA_2022,CHINA_NINGXIA_2022,SHZY02,SNP_CLUSTER_03,NCG0002,1,3,0.8727936745982424,90.53176,67.76978,-17.103426,-4.5538883,0.115108736,1.3498521,-0.5544779,-0.7321951,0.3504086,-0.032847278
HPGP_GLOBAL_vs_CHINA_NINGXIA_2022,CHINA_NINGXIA_2022,SHZY03,SNP_CLUSTER_03,NCG0003,1,1,0.8838825217180082,89.9864,68.517624,-16.851065,-4.3560038,-0.1040228,1.5556513,-0.74445397,-0.27415946,0.68023694,0.1526029
HPGP_GLOBAL_vs_CHINA_NINGXIA_2022,CHINA_NINGXIA_2022,SHZY04,SNP_CLUSTER_03,NCG0004,1,0,0.8951388116523493,90.872,70.72958,-17.460133,-5.0885477,-0.4639004,1.8927226,-1.5659444,-0.8254917,0.29022485,-0.22344592
HPGP_GLOBAL_vs_CHINA_NINGXIA_2022,CHINA_NINGXIA_2022,SHZY05,SNP_CLUSTER_03,NCG0005,1,3,0.8850643373916136,89.99634,67.621544,-16.10622,-3.9438505,-0.66272146,1.6200967,-1.0160792,-0.59646636,0.7417667,0.042285286
HPGP_GLOBAL_vs_CHINA_NINGXIA_2022,CHINA_NINGXIA_2022,SHZY06,SNP_CLUSTER_03,NCG0006,1,0,0.897114150175971,90.73515,70.6055,-17.696434,-5.3110485,-0.51723343,1.7963717,-1.5733784,-1.3252647,0.37592605,0.1609418
HPGP_GLOBAL_vs_CHINA_NINGXIA_2022,CHINA_NINGXIA_2022,SHZY07,SNP_CLUSTER_03,NCG0007,1,4,0.8790417499148498,90.284676,68.44799,-16.131784,-4.0770535,-0.49361682,1.2223089,-0.91280454,-0.785371,0.2764913,-0.083885826
HPGP_GLOBAL_vs_CHINA_NINGXIA_2022,CHINA_NINGXIA_2022,SHZY09,SNP_CLUSTER_03,NCG0009,1,2,0.8927914935377484,90.61368,70.78458,-17.98518,-5.369271,-0.43710825,1.9874659,-1.3672581,-0.8071556,0.3359918,-0.0593544
HPGP_GLOBAL_vs_CHINA_NINGXIA_2022,CHINA_NINGXIA_2022,SHZY10,SNP_CLUSTER_03,NCG0010,1,1,0.784451203854747,89.06207,58.21575,-9.591907,0.10906894,-0.6157635,1.1410884,-0.2814013,-0.909969,-0.12763058,-0.0065948814
HPGP_GLOBAL_vs_CHINA_NINGXIA_2022,CHINA_NINGXIA_2022,SHZY11,SNP_CLUSTER_03,NCG0011,1,4,0.8765339181246636,90.06114,67.631454,-16.70332,-3.9240592,0.18288839,1.5286937,-0.4563149,-0.67396027,0.072375335,0.42976362
HPGP_GLOBAL_vs_CHINA_NINGXIA_2022,CHINA_NINGXIA_2022,SHZY12,SNP_CLUSTER_03,NCG0012,1,4,0.8851460645417476,90.53742,68.759636,-17.445242,-4.8903723,-0.27047643,1.5946668,-0.9601487,-0.50798905,0.28747326,0.22792044
HPGP_GLOBAL_vs_CHINA_NINGXIA_2022,CHINA_NINGXIA_2022,SHZY13,SNP_CLUSTER_03,NCG0013,1,1,0.8836172974152499,89.92049,67.90987,-16.638763,-4.435576,-0.42223898,1.8143427,-1.146243,-0.6224175,0.56088823,0.065383784
HPGP_GLOBAL_vs_CHINA_NINGXIA_2022,CHINA_NINGXIA_2022,SHZY14,SNP_CLUSTER_03,NCG0014,1,2,0.8653896545191042,90.6968,68.422966,-16.402569,-3.9987705,-0.34772885,1.71736,-1.2607664,-1.0889533,0.5937229,-0.08500119
HPGP_GLOBAL_vs_CHINA_NINGXIA_2022,CHINA_NINGXIA_2022,SHZY15,SNP_CLUSTER_03,NCG0015,1,2,0.8707075426149261,90.67626,68.71636,-17.13948,-4.703592,-0.4208763,1.5740141,-1.0522178,-0.13599022,0.17557716,0.16632019
HPGP_GLOBAL_vs_CHINA_NINGXIA_2022,CHINA_NINGXIA_2022,SHZY16,SNP_CLUSTER_03,NCG0016,1,0,0.8673530523769709,90.1052,65.72549,-14.803538,-3.941319,-0.6858224,1.0792999,-1.8120803,-1.086207,-0.16055211,0.37584627
HPGP_GLOBAL_vs_CHINA_NINGXIA_2022,CHINA_NINGXIA_2022,SHZY17,SNP_CLUSTER_03,NCG0017,1,4,0.882338965443894,90.65673,69.602425,-17.08742,-4.611836,-0.41226023,1.455835,-0.79865074,-0.6379397,0.7467841,-0.22433645
HPGP_GLOBAL_vs_CHINA_NINGXIA_2022,CHINA_NINGXIA_2022,SHZY18,SNP_CLUSTER_03,NCG0018,1,4,0.8786135381546081,90.662964,68.62365,-17.075651,-4.312893,-0.12716539,1.5634747,-1.046956,-0.11811837,0.6198348,0.67328405
HPGP_GLOBAL_vs_CHINA_NINGXIA_2022,CHINA_NINGXIA_2022,SHZY20,SNP_CLUSTER_03,NCG0020,1,1,0.8582939183944067,91.39254,69.39922,-17.64575,-4.672601,-0.26674968,1.5815521,-1.0080197,-0.48600563,0.23144707,0.08341854
HPGP_GLOBAL_vs_CHINA_NINGXIA_2022,CHINA_NINGXIA_2022,SHZY21,SNP_CLUSTER_03,NCG0021,1,3,0.8433725397350867,90.08674,63.47176,-13.654404,-2.9266012,-0.67700964,1.2680366,-0.78040254,-0.7079183,0.5003159,-0.010309355
HPGP_GLOBAL_vs_CHINA_NINGXIA_2022,CHINA_NINGXIA_2022,SHZY22,SNP_CLUSTER_03,NCG0022,1,2,0.8163749910560025,90.01002,65.077286,-13.461052,-1.5809059,-0.76218975,0.70523113,-0.21522823,-0.26813063,-0.43208066,0.26215824
HPGP_GLOBAL_vs_CHINA_NINGXIA_2022,CHINA_NINGXIA_2022,SHZY23,SNP_CLUSTER_03,NCG0023,1,3,0.8851793563582269,90.65725,69.61412,-16.694426,-4.2400723,-0.83411443,1.6974891,-1.3514911,-1.0469995,1.007098,0.51135206
HPGP_GLOBAL_vs_CHINA_NINGXIA_2022,CHINA_NINGXIA_2022,SHZY24,SNP_CLUSTER_03,NCG0024,1,0,0.8568696572432841,91.0752,67.29539,-15.581036,-4.5216928,-0.48662415,1.7904638,-0.6424501,-1.1214261,0.10734732,0.21610063
HPGP_GLOBAL_vs_CHINA_NINGXIA_2022,CHINA_NINGXIA_2022,SHZY26,SNP_CLUSTER_03,NCG0025,1,1,0.8931521687389715,89.96442,69.5444,-17.519094,-4.7394,-0.2800405,1.6274724,-1.106511,-0.70428854,0.68030626,-0.050738286
HPGP_GLOBAL_vs_CHINA_NINGXIA_2022,CHINA_NINGXIA_2022,SHZY27,SNP_CLUSTER_03,NCG0026,1,2,0.8663728886011287,90.61411,67.38138,-16.729805,-4.5660887,-0.1358439,1.8938057,-1.0441692,-0.83393574,0.7333047,0.071272135
HPGP_GLOBAL_vs_CHINA_NINGXIA_2022,CHINA_NINGXIA_2022,SHZY28,SNP_CLUSTER_03,NCG0027,1,1,0.8848207705197241,90.513336,69.69779,-17.34513,-5.116975,-0.5169992,2.2812216,-1.1624719,-0.88606215,0.7640059,-0.16590156
HPGP_GLOBAL_vs_CHINA_NINGXIA_2022,CHINA_NINGXIA_2022,SHZY29,SNP_CLUSTER_03,NCG0028,1,3,0.8686442771119445,91.08185,68.61914,-17.398699,-4.6034265,-0.47105008,1.1126109,-1.094154,-0.9888761,0.7326576,0.36639318
HPGP_GLOBAL_vs_CHINA_NINGXIA_2022,CHINA_NINGXIA_2022,SHZY30,SNP_CLUSTER_03,NCG0029,1,0,0.8914185279463323,90.42598,69.780876,-17.888348,-5.221499,-0.548188,1.6218321,-1.0189072,-0.42959374,0.34340402,0.03942677
HPGP_GLOBAL_vs_CHINA_NINGXIA_2022,CHINA_NINGXIA_2022,SHZY31,SNP_CLUSTER_03,NCG0030,1,4,0.8708227800079121,91.02773,67.93682,-16.500177,-4.9937553,-0.16545802,1.6146779,-1.3042274,-0.6952563,0.38574517,0.43972346
HPGP_GLOBAL_vs_CHINA_NINGXIA_2022,CHINA_NINGXIA_2022,SHZY32,SNP_CLUSTER_03,NCG0031,1,0,0.88851281084935,90.11162,67.53389,-16.53256,-5.013838,-0.5133495,1.8085635,-1.4903569,-0.7824285,0.5688984,0.27121833
HPGP_GLOBAL_vs_CHINA_NINGXIA_2022,CHINA_NINGXIA_2022,SHZY33,SNP_CLUSTER_03,NCG0032,1,4,0.876917514601922,90.96783,69.85583,-17.406967,-5.0697045,-0.14283714,1.5299841,-0.5892103,-0.36046264,0.5532895,-0.16921303
HPGP_GLOBAL_vs_CHINA_NINGXIA_2022,CHINA_NINGXIA_2022,SHZY34,SNP_CLUSTER_03,NCG0033,1,0,0.8840462656398669,90.62462,68.00525,-17.59904,-5.1987495,-0.5726145,1.8800184,-1.2292454,-0.7735366,0.7604493,0.0299243
HPGP_GLOBAL_vs_CHINA_NINGXIA_2022,CHINA_NINGXIA_2022,SHZY35,SNP_CLUSTER_03,NCG0034,1,0,0.8819192142988612,90.68434,68.62862,-17.496658,-4.373446,-0.29233992,1.7473698,-1.3104249,-0.7731992,0.83041734,-0.1535138
HPGP_GLOBAL_vs_CHINA_NINGXIA_2022,CHINA_NINGXIA_2022,SHZY36,SNP_CLUSTER_03,NCG0035,1,2,0.8695715560321317,90.4767,67.76408,-17.076439,-4.0701237,-0.11852872,1.7327576,-1.2239214,-0.41944957,0.4254536,0.37855673
HPGP_GLOBAL_vs_CHINA_NINGXIA_2022,CHINA_NINGXIA_2022,SHZY37,SNP_CLUSTER_03,NCG0036,1,3,0.8749487968980691,90.79028,68.70616,-16.746138,-4.1309896,-0.55016,1.5803257,-1.2517288,-0.6089474,0.45177612,0.20240636
HPGP_GLOBAL_vs_CHINA_NINGXIA_2022,CHINA_NINGXIA_2022,SHZY40,SNP_CLUSTER_03,NCG0039,1,2,0.8870623128590402,90.34991,70.04376,-17.378466,-4.9528427,-0.6892067,2.151268,-0.8215021,-0.9261319,0.42001548,-0.31432748
HPGP_GLOBAL_vs_CHINA_NINGXIA_2022,CHINA_NINGXIA_2022,SHZY41,SNP_CLUSTER_03,NCG0040,1,1,0.7382200149116275,88.682945,55.487812,-6.9705086,2.7065651,-0.47547534,-0.4923288,0.24373446,0.026528526,-0.3611381,-0.13370574
HPGP_GLOBAL_vs_CHINA_NINGXIA_2022,CHINA_NINGXIA_2022,SHZY42,SNP_CLUSTER_03,NCG0041,1,2,0.8848795447960541,90.58078,69.871574,-17.241142,-5.0188394,-0.25049335,2.1844046,-1.2143161,-0.41434473,0.0514095,0.461484
HPGP_GLOBAL_vs_CHINA_NINGXIA_2022,CHINA_NINGXIA_2022,SHZY43,SNP_CLUSTER_03,NCG0042,1,0,0.8968698760365953,90.6175,70.86473,-17.96478,-5.2711926,-0.65842307,2.3016732,-0.9114363,-0.73764145,0.51792014,-0.2050481
HPGP_GLOBAL_vs_CHINA_NINGXIA_2022,CHINA_NINGXIA_2022,SHZY44,SNP_CLUSTER_03,NCG0043,1,3,0.9039577157590843,90.29355,71.14897,-17.45942,-4.9872813,-0.9245659,1.9722576,-1.2357128,-1.3445946,0.31499603,-0.11181885
HPGP_GLOBAL_vs_CHINA_NINGXIA_2022,CHINA_NINGXIA_2022,SHZY45,SNP_CLUSTER_03,NCG0044,1,2,0.8648685263042188,90.601944,67.15108,-15.748659,-3.820084,-0.57235,1.6643858,-1.6781187,-0.57526946,0.64653,0.6856565
HPGP_GLOBAL_vs_CHINA_NINGXIA_2022,CHINA_NINGXIA_2022,SHZY46,SNP_CLUSTER_03,NCG0045,1,2,0.8316198639138381,89.68835,64.57939,-13.736328,-1.6686325,-0.6792405,1.0390313,-0.34162277,-0.31262743,-0.119653046,0.22493155
HPGP_GLOBAL_vs_CHINA_NINGXIA_2022,CHINA_NINGXIA_2022,SHZY47,SNP_CLUSTER_03,NCG0046,1,3,0.8807558032824286,90.93933,69.687126,-17.449757,-4.9683185,-0.17081647,1.5662911,-1.1129268,-0.8600443,0.039358158,0.14942749
HPGP_GLOBAL_vs_CHINA_NINGXIA_2022,CHINA_NINGXIA_2022,SHZY48,SNP_CLUSTER_03,NCG0047,1,2,0.8432954770281978,89.75426,65.79473,-14.155086,-1.691063,-1.0382816,0.87679327,-0.775363,-0.6067643,0.014715619,0.012689805
HPGP_GLOBAL_vs_CHINA_NINGXIA_2022,CHINA_NINGXIA_2022,SHZY49,SNP_CLUSTER_03,NCG0048,1,3,0.8888351311547367,91.1018,70.19392,-18.05248,-5.5800443,-0.29664373,1.7508385,-1.3997142,-1.1328676,0.6411585,0.074384205
HPGP_GLOBAL_vs_CHINA_NINGXIA_2022,CHINA_NINGXIA_2022,SHZY50,SNP_CLUSTER_03,NCG0049,1,3,0.8896255639351103,90.6122,70.430405,-17.77594,-4.77112,-0.45417112,1.6187094,-0.926243,-0.86052656,0.12933557,0.25244847
HPGP_GLOBAL_vs_CHINA_NINGXIA_2022,CHINA_NINGXIA_2022,SHZY51,SNP_CLUSTER_03,NCG0050,1,1,0.8544441541403266,90.52767,67.8704,-15.457696,-2.885369,-0.7436956,1.7979871,-0.9515174,-0.68772846,0.008225902,-0.2585771
HPGP_GLOBAL_vs_CHINA_NINGXIA_2022,CHINA_NINGXIA_2022,SHZY52,SNP_CLUSTER_03,NCG0051,1,0,0.8834681139669663,90.4163,68.043724,-16.705223,-4.8721027,-0.4045507,1.7774547,-1.2149516,-0.9053378,0.69740903,0.5002151
HPGP_GLOBAL_vs_CHINA_NINGXIA_2022,CHINA_NINGXIA_2022,SHZY53,SNP_CLUSTER_03,NCG0052,1,1,0.8694296312500868,90.10833,67.54706,-16.251057,-3.8140807,-0.46203765,2.0407183,-0.783434,-0.91368675,0.448018,-0.16105959
HPGP_GLOBAL_vs_CHINA_NINGXIA_2022,CHINA_NINGXIA_2022,SHZY54,SNP_CLUSTER_03,NCG0053,1,4,0.8877266853822325,90.989815,70.39651,-17.685791,-5.222187,-0.46714795,1.96618,-1.2881647,-0.85734826,0.21944717,0.25226247
HPGP_GLOBAL_vs_CHINA_NINGXIA_2022,CHINA_NINGXIA_2022,SHZY57,SNP_CLUSTER_03,NCG0055,1,2,0.8805206811747681,90.450516,69.957,-17.40862,-4.5278754,-0.44496444,1.7224535,-0.9699481,-0.804101,0.2869766,0.029421661
HPGP_GLOBAL_vs_CHINA_NINGXIA_2022,CHINA_NINGXIA_2022,SHZY59,SNP_CLUSTER_03,NCG0056,1,4,0.8890234694554662,90.72582,69.914,-17.630922,-4.9309936,-0.5247894,1.6487141,-1.135513,-0.70387805,0.6142738,0.12075049
HPGP_GLOBAL_vs_CHINA_NINGXIA_2022,CHINA_NINGXIA_2022,SHZY60,SNP_CLUSTER_03,NCG0057,1,0,0.9001957878036113,90.42937,70.526825,-18.006964,-5.3177614,-0.31205577,2.0632575,-1.2684368,-0.9028455,0.55599177,0.108042866
HPGP_GLOBAL_vs_CHINA_NINGXIA_2022,HPGP_GLOBAL,ARG-008,SNP_CLUSTER_03,NCG0074,0,3,0.888304075565904,90.898796,70.98296,-17.424334,-4.4106646,-0.4860447,1.5159352,-1.5374454,-1.1253173,0.343377,0.21869932
HPGP_GLOBAL_vs_CHINA_NINGXIA_2022,HPGP_GLOBAL,ARG-009,SNP_CLUSTER_03,NCG0075,0,2,0.8581674313799496,90.29573,68.435036,-15.96046,-3.557339,-0.77139765,0.8897361,-0.85980475,-0.9287671,-0.68865895,-0.02860814
HPGP_GLOBAL_vs_CHINA_NINGXIA_2022,HPGP_GLOBAL,ARG-010,SNP_CLUSTER_03,NCG0076,0,3,0.9011151091200114,90.24659,69.83108,-17.27874,-4.580519,-0.67420816,1.6413938,-1.912751,-0.92209214,-0.048647203,0.15594976
HPGP_GLOBAL_vs_CHINA_NINGXIA_2022,HPGP_GLOBAL,CHN-001,SNP_CLUSTER_03,NCG0119,0,0,0.9007334280548374,90.92111,70.96419,-17.600657,-4.922027,-0.78975403,1.9365948,-1.9448752,-1.3937308,1.0551013,-0.6045569
HPGP_GLOBAL_vs_CHINA_NINGXIA_2022,HPGP_GLOBAL,CHN-002,SNP_CLUSTER_03,NCG0120,0,0,0.8812279284755836,89.90555,68.89324,-15.9390955,-3.76185,-0.36667094,1.5420238,-0.9112569,-1.1697398,0.13810988,0.5102424
HPGP_GLOBAL_vs_CHINA_NINGXIA_2022,HPGP_GLOBAL,CHN-004,SNP_CLUSTER_03,NCG0121,0,2,0.8782996118069236,90.44876,69.50956,-16.381216,-3.7995276,-0.57152945,1.8072513,-1.4418429,-0.8039458,0.39228263,0.15617487
HPGP_GLOBAL_vs_CHINA_NINGXIA_2022,HPGP_GLOBAL,CHN-005,SNP_CLUSTER_03,NCG0122,0,4,0.9098273540709181,90.20869,70.85074,-17.536505,-5.030116,-0.84112245,2.6513484,-1.281578,-1.5506108,0.6880538,-0.05054631
HPGP_GLOBAL_vs_CHINA_NINGXIA_2022,HPGP_GLOBAL,CHN-009,SNP_CLUSTER_03,NCG0123,0,2,0.9014528423732145,90.22388,70.631996,-17.172813,-5.2813973,-0.5353949,2.4768755,-1.2807671,-0.798582,0.4005966,-0.5438335
HPGP_GLOBAL_vs_CHINA_NINGXIA_2022,HPGP_GLOBAL,CHN-010,SNP_CLUSTER_03,NCG0124,0,4,0.8991323166406483,90.96468,70.146454,-17.180902,-5.437079,-1.1623579,2.6910987,-1.9117972,-1.3384569,0.84228003,0.19279051
HPGP_GLOBAL_vs_CHINA_NINGXIA_2022,HPGP_GLOBAL,JAP-002,SNP_CLUSTER_03,NCG0224,0,4,0.9118141658683682,90.79016,71.82794,-18.941576,-6.6909823,-0.5154503,2.036045,-1.2029742,-0.94188404,0.7968623,-0.26082048
HPGP_GLOBAL_vs_CHINA_NINGXIA_2022,HPGP_GLOBAL,JAP-009,SNP_CLUSTER_03,NCG0225,0,4,0.9017988628986867,90.54296,70.75851,-17.597454,-4.791222,-0.84247375,2.4565694,-1.610559,-1.5285579,0.38641453,-0.08245739
HPGP_GLOBAL_vs_CHINA_NINGXIA_2022,HPGP_GLOBAL,JAP-010,SNP_CLUSTER_03,NCG0226,0,0,0.8973753629561756,90.62139,69.92595,-17.473604,-5.3842726,-0.7132199,2.3226788,-1.502315,-0.8035957,0.31335622,0.16291927
HPGP_GLOBAL_vs_CHINA_NINGXIA_2022,HPGP_GLOBAL,JAP-012,SNP_CLUSTER_03,NCG0227,0,4,0.8918049517750152,90.65227,69.37936,-17.279243,-5.5250626,-0.22204271,1.5475045,-1.1958824,-0.7117251,0.34283882,-0.06567734
HPGP_GLOBAL_vs_CHINA_NINGXIA_2022,HPGP_GLOBAL,JAP-013,SNP_CLUSTER_03,NCG0228,0,1,0.8742657398248495,90.41104,69.4364,-16.538464,-4.213119,-0.8184937,1.9609009,-0.5728954,-0.3017359,-0.15429765,-0.054145455
HPGP_GLOBAL_vs_CHINA_NINGXIA_2022,HPGP_GLOBAL,JAP-015,SNP_CLUSTER_03,NCG0229,0,3,0.9001727903060518,90.89826,71.58403,-18.812675,-5.4328837,-0.38692456,1.8863298,-1.4493374,-0.5612046,0.30318576,-0.07782683
HPGP_GLOBAL_vs_CHINA_NINGXIA_2022,HPGP_GLOBAL,JAP-019,SNP_CLUSTER_03,NCG0230,0,4,0.9051383470388114,90.859825,72.20141,-18.34202,-6.0044255,-0.74487907,2.6423273,-1.0198649,-0.6533111,0.18908925,0.39998767
HPGP_GLOBAL_vs_CHINA_NINGXIA_2022,HPGP_GLOBAL,JAP-022,SNP_CLUSTER_03,NCG0231,0,1,0.8847394544260144,90.74526,70.74193,-18.575739,-5.078141,-0.32011616,1.4125737,-1.017558,-0.44592953,0.19943213,0.11953922
HPGP_GLOBAL_vs_CHINA_NINGXIA_2022,HPGP_GLOBAL,JAP-028,SNP_CLUSTER_03,NCG0232,0,0,0.9064118520436742,90.68996,71.72758,-18.450312,-6.2443447,-0.56858367,2.1652954,-1.1245203,-1.1310997,0.42631194,-0.9576383
HPGP_GLOBAL_vs_CHINA_NINGXIA_2022,HPGP_GLOBAL,KOR-002,SNP_CLUSTER_03,NCG0243,0,0,0.8577897053481123,90.31707,67.87521,-15.690411,-3.5061054,-1.1520671,1.3312331,-0.5502313,-0.7932159,-0.94354916,-0.39216587
HPGP_GLOBAL_vs_CHINA_NINGXIA_2022,HPGP_GLOBAL,KOR-007,SNP_CLUSTER_03,NCG0244,0,3,0.891986034372541,90.53864,69.789375,-17.003376,-4.243802,-0.6146851,2.0499172,-1.6365601,-1.2960949,0.40866506,0.39028892
HPGP_GLOBAL_vs_CHINA_NINGXIA_2022,HPGP_GLOBAL,KOR-008,SNP_CLUSTER_03,NCG0245,0,4,0.8680918102849164,90.2518,68.56558,-15.612511,-3.4393687,-1.0803571,0.7470151,-0.84325385,-1.2061821,-0.17685792,-0.38842386
HPGP_GLOBAL_vs_CHINA_NINGXIA_2022,HPGP_GLOBAL,KOR-010,SNP_CLUSTER_03,NCG0246,0,3,0.8950970373692382,90.34945,70.3397,-17.133167,-4.160524,-1.0203614,1.6915866,-1.5048274,-1.983746,0.3445384,0.6431939
HPGP_GLOBAL_vs_CHINA_NINGXIA_2022,HPGP_GLOBAL,KOR-013,SNP_CLUSTER_03,NCG0247,0,3,0.8414145925710257,90.33506,66.04794,-14.123905,-1.8223703,-0.50450027,1.7930229,-0.45947316,-0.043704376,-0.099615455,-0.6781871
HPGP_GLOBAL_vs_CHINA_NINGXIA_2022,HPGP_GLOBAL,KOR-014,SNP_CLUSTER_03,NCG0248,0,0,0.881663968625119,90.92445,69.960625,-17.140541,-4.1128497,-0.91852313,2.0531225,-1.1536671,-1.0150167,0.49007997,-0.13977216
HPGP_GLOBAL_vs_CHINA_NINGXIA_2022,HPGP_GLOBAL,KOR-019,SNP_CLUSTER_03,NCG0249,0,1,0.8718869947328517,89.49764,66.95611,-14.938682,-3.171723,-0.76511157,1.3343855,-0.7678697,-0.88819075,-0.04121067,-0.23511963
HPGP_GLOBAL_vs_CHINA_NINGXIA_2022,HPGP_GLOBAL,KOR-022,SNP_CLUSTER_03,NCG0250,0,1,0.8725009510438021,90.630646,70.216,-16.863905,-3.9705045,-0.7490225,1.6732638,-0.92262816,-0.9889208,0.03161473,-0.5190648
HPGP_GLOBAL_vs_CHINA_NINGXIA_2022,HPGP_GLOBAL,KOR-027,SNP_CLUSTER_03,NCG0251,0,4,0.8121613482301129,90.520676,64.53154,-14.081535,-1.9765987,-0.45404172,0.39119995,-0.31676745,-0.31471017,0.37193438,-0.1961112
HPGP_GLOBAL_vs_CHINA_NINGXIA_2022,HPGP_GLOBAL,KOR-028,SNP_CLUSTER_03,NCG0252,0,3,0.9037766129896818,90.15779,69.929634,-16.745007,-4.740456,-0.6938105,2.4790163,-1.5876245,-1.7059942,0.21890226,-0.44712323
HPGP_GLOBAL_vs_CHINA_NINGXIA_2022,HPGP_GLOBAL,KOR-036,SNP_CLUSTER_03,NCG0253,0,2,0.8482485739555518,89.40037,65.38891,-13.327564,-1.6542001,-1.3951033,0.86528337,-0.53105116,-1.0933977,0.3852015,-0.68067926
HPGP_GLOBAL_vs_CHINA_NINGXIA_2022,HPGP_GLOBAL,KOR-041,SNP_CLUSTER_03,NCG0254,0,2,0.8593690315685242,90.395256,69.41355,-16.30116,-3.482246,-1.0291724,0.84937155,-0.6309154,-1.3247136,0.25133824,-0.010221558
HPGP_GLOBAL_vs_CHINA_NINGXIA_2022,HPGP_GLOBAL,KOR-042,SNP_CLUSTER_03,NCG0255,0,0,0.841915160657701,89.63855,65.79483,-13.719321,-1.6802244,-0.45834145,1.1237553,-0.43430534,0.42099836,-0.49144205,-0.48474708
HPGP_GLOBAL_vs_CHINA_NINGXIA_2022,HPGP_GLOBAL,KOR-044,SNP_CLUSTER_03,NCG0256,0,2,0.8714540681035938,90.493,68.91489,-17.02278,-3.9683042,-1.0106881,1.85834,-0.9888525,-0.6078316,0.31798792,-0.7351271
HPGP_GLOBAL_vs_CHINA_NINGXIA_2022,HPGP_GLOBAL,KOR-046,SNP_CLUSTER_03,NCG0257,0,3,0.8959268169693106,90.401505,70.50076,-17.382032,-4.4253325,-0.21472746,2.1890087,-1.0847405,-1.304303,0.33760545,-0.3287306
HPGP_GLOBAL_vs_CHINA_NINGXIA_2022,HPGP_GLOBAL,KOR-047,SNP_CLUSTER_03,NCG0258,0,3,0.8731077720078522,90.5018,69.116425,-16.02469,-3.0293283,-0.71289957,1.16254,-1.2638705,-0.963231,0.06715853,-0.4350459
HPGP_GLOBAL_vs_CHINA_NINGXIA_2022,HPGP_GLOBAL,KOR-049,SNP_CLUSTER_03,NCG0259,0,4,0.9062541758147249,89.744415,69.6307,-17.181177,-4.6598263,-0.9741131,1.7612741,-0.99561965,-1.1533641,0.43686575,0.482738
HPGP_GLOBAL_vs_CHINA_NINGXIA_2022,HPGP_GLOBAL,KOR-050,SNP_CLUSTER_03,NCG0260,0,1,0.8838731967248993,90.09988,70.15308,-16.317562,-3.1265125,-0.89910585,0.63312286,-1.3813319,-1.139116,0.9969603,-0.59820455
HPGP_GLOBAL_vs_CHINA_NINGXIA_2022,HPGP_GLOBAL,KOR-101,SNP_CLUSTER_03,NCG0261,0,4,0.8815523822989241,90.63915,70.32045,-16.928028,-4.2779627,-0.7537183,1.3759376,-1.219327,-1.7085018,-0.059175603,0.49779266
HPGP_GLOBAL_vs_CHINA_NINGXIA_2022,HPGP_GLOBAL,KOR-105,SNP_CLUSTER_03,NCG0262,0,0,0.8300646065472861,89.78154,64.84955,-13.701575,-2.175097,-1.0238901,0.80095667,-0.28387865,0.28643388,-0.8174245,0.12867424
HPGP_GLOBAL_vs_CHINA_NINGXIA_2022,HPGP_GLOBAL,KOR-109,SNP_CLUSTER_03,NCG0263,0,1,0.8837983645486533,90.20623,69.415855,-16.55552,-3.8813357,-0.43725204,1.3315101,-1.607547,-1.2855184,0.8691243,-0.073006734
HPGP_GLOBAL_vs_CHINA_NINGXIA_2022,HPGP_GLOBAL,KOR-110,SNP_CLUSTER_03,NCG0264,0,4,0.9020265197082816,90.19844,70.08107,-17.336912,-4.8245993,-0.5585316,1.9260839,-1.3364303,-0.64709646,-0.07351549,0.18216354
HPGP_GLOBAL_vs_CHINA_NINGXIA_2022,HPGP_GLOBAL,KOR-116,SNP_CLUSTER_03,NCG0265,0,3,0.8708464545637514,90.32507,67.44759,-15.22071,-3.4174855,-0.5593639,1.9531535,-1.011105,-0.7265858,0.16704062,-0.11024072
HPGP_GLOBAL_vs_CHINA_NINGXIA_2022,HPGP_GLOBAL,MAL-003,SNP_CLUSTER_03,NCG0292,0,3,0.8882245990924359,91.268265,67.28547,-16.923677,-6.274203,-0.25333282,3.294877,-2.310259,-1.274721,1.16411,1.1416081
HPGP_GLOBAL_vs_CHINA_NINGXIA_2022,HPGP_GLOBAL,MAL-005,SNP_CLUSTER_03,NCG0293,0,1,0.8827755430273005,90.655174,69.30857,-17.402565,-5.385182,-0.29181015,2.04753,-1.0509632,-0.6040263,1.4475687,-0.57070804
HPGP_GLOBAL_vs_CHINA_NINGXIA_2022,HPGP_GLOBAL,MAL-006,SNP_CLUSTER_03,NCG0294,0,1,0.8885067101378422,90.55629,69.690765,-18.068743,-5.9115033,0.19926627,1.9051293,-1.1542569,-0.9174786,0.7388889,0.41347852
HPGP_GLOBAL_vs_CHINA_NINGXIA_2022,HPGP_GLOBAL,MAL-012,SNP_CLUSTER_03,NCG0296,0,4,0.9096578834632966,90.393036,69.46189,-17.549177,-5.5360875,-0.07263537,1.8973218,-1.8936149,-0.40071002,1.1000346,0.99753946
HPGP_GLOBAL_vs_CHINA_NINGXIA_2022,HPGP_GLOBAL,MAL-018,SNP_CLUSTER_03,NCG0297,0,0,0.8998687418132473,90.76103,70.69119,-18.213564,-5.756183,-0.25742733,1.9812003,-1.296488,-0.6772537,0.7593822,0.43596095
HPGP_GLOBAL_vs_CHINA_NINGXIA_2022,HPGP_GLOBAL,MAL-021,SNP_CLUSTER_03,NCG0299,0,1,0.8951919090464889,90.28266,70.25811,-17.489008,-5.333864,-0.3544475,1.6372552,-1.1741501,-0.60709465,1.0455248,0.22797973
HPGP_GLOBAL_vs_CHINA_NINGXIA_2022,HPGP_GLOBAL,MAL-023,SNP_CLUSTER_03,NCG0300,0,0,0.902719969658527,90.761894,70.16926,-17.898155,-5.9788966,-0.7741489,2.3039522,-1.7596128,-1.313384,0.532808,0.28624573
HPGP_GLOBAL_vs_CHINA_NINGXIA_2022,HPGP_GLOBAL,MEX-028,SNP_CLUSTER_03,NCG0312,0,1,0.7098392874029833,89.37377,58.51334,-11.506863,2.103592,-0.22506365,-7.2156544,4.1474104,5.451555,-2.5069804,-0.48571217
HPGP_GLOBAL_vs_CHINA_NINGXIA_2022,HPGP_GLOBAL,PER-138,SNP_CLUSTER_03,NCG0333,0,3,0.5611764801208077,89.49836,56.062817,-11.826353,0.6865088,0.06418338,-7.1184087,6.1930394,5.2011385,-2.435762,0.61874294
HPGP_GLOBAL_vs_CHINA_NINGXIA_2022,HPGP_GLOBAL,TWN-001,SNP_CLUSTER_03,NCG0439,0,3,0.8875960161902696,91.15855,68.527054,-17.73516,-5.939895,-0.14232144,2.8323586,-1.636259,-0.99570805,0.7283741,0.65583634
HPGP_GLOBAL_vs_CHINA_NINGXIA_2022,HPGP_GLOBAL,TWN-004,SNP_CLUSTER_03,NCG0440,0,2,0.8961113971336322,90.48554,66.967995,-16.89802,-5.8823175,-0.3040762,2.3208776,-2.4648504,-0.949503,0.92415875,0.8910551
HPGP_GLOBAL_vs_CHINA_NINGXIA_2022,HPGP_GLOBAL,TWN-005,SNP_CLUSTER_03,NCG0441,0,4,0.8984743997366305,90.65566,67.499565,-16.903532,-5.547032,0.34565917,3.013928,-1.796468,-1.1005242,1.2467228,0.4100511
HPGP_GLOBAL_vs_CHINA_NINGXIA_2022,HPGP_GLOBAL,TWN-006,SNP_CLUSTER_03,NCG0442,0,4,0.8229207323702447,91.773796,49.411842,-11.899913,-7.989057,0.93364036,4.1906147,-3.5197642,-1.6510594,3.8435311,1.0938077
HPGP_GLOBAL_vs_CHINA_NINGXIA_2022,HPGP_GLOBAL,TWN-007,SNP_CLUSTER_03,NCG0443,0,2,0.8746539404579695,91.43571,66.60037,-16.495064,-6.4395337,0.06670161,2.4512167,-2.4787457,-1.3135237,0.8405153,0.5703834
HPGP_GLOBAL_vs_CHINA_NINGXIA_2022,HPGP_GLOBAL,TWN-008,SNP_CLUSTER_03,NCG0444,0,1,0.8864411124081021,90.62373,68.96939,-17.54942,-5.251056,-0.4472441,2.483722,-1.6741756,-0.858395,1.1034251,1.0972998
HPGP_GLOBAL_vs_CHINA_NINGXIA_2022,HPGP_GLOBAL,TWN-009,SNP_CLUSTER_03,NCG0445,0,2,0.9046497611176185,90.491776,69.72473,-18.14582,-6.015874,-0.4986344,2.5414908,-1.8977456,-0.85337096,0.89910823,0.112146966
HPGP_GLOBAL_vs_CHINA_NINGXIA_2022,HPGP_GLOBAL,TWN-020,SNP_CLUSTER_03,NCG0446,0,3,0.8873100942221626,90.599464,68.306175,-16.784628,-5.449282,-0.39114937,2.0500448,-1.0969515,-0.61160064,0.85816234,0.28575698
HPGP_GLOBAL_vs_CHINA_NINGXIA_2022,HPGP_GLOBAL,TWN-022,SNP_CLUSTER_03,NCG0447,0,2,0.8874585309206844,90.43633,67.90129,-16.967005,-5.7265267,0.12597942,2.497677,-1.1951036,-1.3230982,0.9123936,-0.12901811
HPGP_GLOBAL_vs_CHINA_NINGXIA_2022,HPGP_GLOBAL,TWN-023,SNP_CLUSTER_03,NCG0448,0,0,0.8965063930652084,90.63127,69.68043,-17.60369,-5.7321568,-0.48741612,2.3004484,-1.3360996,-0.7858761,0.3204801,0.348673
HPGP_GLOBAL_vs_CHINA_NINGXIA_2022,CHINA_NINGXIA_2022,SHZY39,SNP_CLUSTER_04,NCG0038,1,1,0.16252414911549226,93.57753,2.6582582,2.745759,-8.969978,2.8604245,6.057985,-7.5511756,-3.0053134,3.9234433,1.3551415
HPGP_GLOBAL_vs_CHINA_NINGXIA_2022,HPGP_GLOBAL,ALG-001,SNP_CLUSTER_04,NCG0058,0,4,0.07142322196485154,94.38375,-17.972883,8.691018,-9.078984,1.2291262,3.218034,-3.0126326,-7.384321,3.7493832,1.5104063
HPGP_GLOBAL_vs_CHINA_NINGXIA_2022,HPGP_GLOBAL,ALG-002,SNP_CLUSTER_04,NCG0059,0,3,0.04799372840833944,94.90316,-19.894022,-0.09873826,-6.568788,0.7056906,3.844603,-2.2437856,-8.029381,2.8189082,3.5780308
HPGP_GLOBAL_vs_CHINA_NINGXIA_2022,HPGP_GLOBAL,ALG-003,SNP_CLUSTER_04,NCG0060,0,2,0.051407826318428634,96.77403,-22.1135,-0.67535233,-10.846176,1.5577502,6.360767,-3.6377802,-8.637309,5.0571237,1.3034794
HPGP_GLOBAL_vs_CHINA_NINGXIA_2022,HPGP_GLOBAL,ALG-004,SNP_CLUSTER_04,NCG0061,0,2,0.07440891842661367,94.210396,-17.51491,6.66057,-9.164458,1.7859368,4.0868425,-3.0728824,-6.8879666,1.3131666,2.4911754
HPGP_GLOBAL_vs_CHINA_NINGXIA_2022,HPGP_GLOBAL,ALG-005,SNP_CLUSTER_04,NCG0062,0,1,0.02944983900634781,94.82965,-17.227495,8.662272,-10.010826,1.1366872,3.5275846,-3.778191,-6.8351617,1.5411714,-0.80450964
HPGP_GLOBAL_vs_CHINA_NINGXIA_2022,HPGP_GLOBAL,ALG-007,SNP_CLUSTER_04,NCG0063,0,1,0.029382037995291405,94.95488,-17.068386,8.360552,-8.285918,1.3469013,3.152151,-4.801154,-7.4777455,1.8480308,1.9695138
HPGP_GLOBAL_vs_CHINA_NINGXIA_2022,HPGP_GLOBAL,ALG-008,SNP_CLUSTER_04,NCG0064,0,0,0.06289358941752808,94.466995,-18.243048,1.9928824,-6.8543673,0.20302747,3.8230815,-1.8952112,-7.9172373,2.226283,0.20082591
HPGP_GLOBAL_vs_CHINA_NINGXIA_2022,HPGP_GLOBAL,ALG-009,SNP_CLUSTER_04,NCG0065,0,4,0.08234580381730686,94.78928,-18.560493,7.313618,-11.07881,0.31189534,3.8116744,-4.3180814,-6.7072105,2.0471516,2.0518706
HPGP_GLOBAL_vs_CHINA_NINGXIA_2022,HPGP_GLOBAL,ALG-010,SNP_CLUSTER_04,NCG0066,0,2,0.09363940483733812,93.9933,-16.583595,7.327221,-8.925689,1.3105518,3.9281101,-4.144026,-6.431203,2.5229776,1.2419722
HPGP_GLOBAL_vs_CHINA_NINGXIA_2022,HPGP_GLOBAL,ARG-001,SNP_CLUSTER_04,NCG0067,0,2,0.08811987454101039,92.32668,-13.588483,9.729738,-5.7635126,0.30430916,3.9094627,-0.06954444,-0.84805655,2.153325,-0.119207546
HPGP_GLOBAL_vs_CHINA_NINGXIA_2022,HPGP_GLOBAL,ARG-002,SNP_CLUSTER_04,NCG0068,0,2,0.0564930484259581,93.583305,-10.471711,1.9953446,-6.8447485,0.6685993,0.63295364,1.622954,-2.945963,-0.04572049,0.31384304
HPGP_GLOBAL_vs_CHINA_NINGXIA_2022,HPGP_GLOBAL,ARG-003,SNP_CLUSTER_04,NCG0069,0,1,0.03845270607645818,93.35431,-15.523757,9.48906,-8.866518,1.0239171,4.0356784,-1.5309262,-4.014008,1.3498926,-0.81688946
HPGP_GLOBAL_vs_CHINA_NINGXIA_2022,HPGP_GLOBAL,ARG-004,SNP_CLUSTER_04,NCG0070,0,1,0.029158656763294738,94.04591,-15.660997,8.695044,-7.074978,0.06841454,4.1704392,0.5946123,-1.1835033,0.85398245,-1.0162905
HPGP_GLOBAL_vs_CHINA_NINGXIA_2022,HPGP_GLOBAL,ARG-005,SNP_CLUSTER_04,NCG0071,0,0,0.05701454406667928,93.685234,-16.047506,8.708793,-8.3316,0.030559713,3.8270273,0.9330344,-3.061809,-1.2818592,-1.274712
HPGP_GLOBAL_vs_CHINA_NINGXIA_2022,HPGP_GLOBAL,ARG-007,SNP_CLUSTER_04,NCG0073,0,1,0.026512308759176026,94.19815,-15.66265,6.0132117,-6.8745756,-0.88323456,3.4572577,3.645946,2.1897862,2.161956,-4.1851106
HPGP_GLOBAL_vs_CHINA_NINGXIA_2022,HPGP_GLOBAL,BRA-006,SNP_CLUSTER_04,NCG0078,0,3,0.0505253781259777,94.19907,-17.62381,5.9575405,-6.8622727,0.021337893,4.3697996,-0.67478216,-0.9641022,0.71231884,-3.2322001
HPGP_GLOBAL_vs_CHINA_NINGXIA_2022,HPGP_GLOBAL,BRA-009,SNP_CLUSTER_04,NCG0079,0,0,0.061344283249478625,94.41472,-18.321667,4.6515718,-7.3411264,0.19556122,2.271411,-1.5134635,-2.9604528,3.0690024,0.100086
HPGP_GLOBAL_vs_CHINA_NINGXIA_2022,HPGP_GLOBAL,BRA-017,SNP_CLUSTER_04,NCG0083,0,1,0.025964527562473565,94.82152,-14.160421,8.4771385,-8.308811,0.36680767,1.7612981,0.7776381,-1.9258455,-0.37032482,0.40437883
HPGP_GLOBAL_vs_CHINA_NINGXIA_2022,HPGP_GLOBAL,CHI-001,SNP_CLUSTER_04,NCG0089,0,4,0.09031172421765885,92.936295,-11.23166,11.903485,-11.479929,0.87918407,-5.5664062,-2.5252087,-3.3156729,-0.89051944,0.7059789
HPGP_GLOBAL_vs_CHINA_NINGXIA_2022,HPGP_GLOBAL,CHI-002,SNP_CLUSTER_04,NCG0090,0,2,0.0798324983246999,93.34617,-10.737916,12.673996,-13.747695,1.2244679,-13.743719,-3.580091,0.55629563,0.42661104,14.280341
HPGP_GLOBAL_vs_CHINA_NINGXIA_2022,HPGP_GLOBAL,CHI-008,SNP_CLUSTER_04,NCG0094,0,1,0.03690430200801272,93.97596,-12.117702,10.20617,-12.189443,0.21491791,-14.143738,-1.1019603,0.019662326,-2.5546625,1.7117451
HPGP_GLOBAL_vs_CHINA_NINGXIA_2022,HPGP_GLOBAL,CHI-103,SNP_CLUSTER_04,NCG0106,0,1,0.10792884897112295,93.46794,-8.267035,11.725855,-16.856365,0.4151364,-16.68996,-2.8488042,4.616088,-2.4936113,31.6064
HPGP_GLOBAL_vs_CHINA_NINGXIA_2022,HPGP_GLOBAL,CHI-106,SNP_CLUSTER_04,NCG0108,0,1,0.06483206493815243,93.288086,-10.832646,7.1569805,-15.421613,-0.2945574,-14.500883,4.7440195,9.012321,-3.504044,24.696205
HPGP_GLOBAL_vs_CHINA_NINGXIA_2022,HPGP_GLOBAL,CHI-107,SNP_CLUSTER_04,NCG0109,0,3,0.054306809720674296,93.97698,-10.45477,12.054382,-16.656612,0.6194263,-16.412998,-3.181663,3.442243,-2.391735,29.989513
HPGP_GLOBAL_vs_CHINA_NINGXIA_2022,HPGP_GLOBAL,COL-005,SNP_CLUSTER_04,NCG0126,0,1,0.04011171684152467,94.043594,-12.364714,5.902421,-8.667027,0.12091056,3.8104901,-1.422435,-6.5952063,3.0402012,0.61634505
HPGP_GLOBAL_vs_CHINA_NINGXIA_2022,HPGP_GLOBAL,FRA-002,SNP_CLUSTER_04,NCG0135,0,0,0.0818633203592046,91.215996,-9.435542,13.902873,0.42995182,0.2991008,2.6061141,-0.7101187,-0.9970377,2.6698334,-1.1899284
HPGP_GLOBAL_vs_CHINA_NINGXIA_2022,HPGP_GLOBAL,FRA-003,SNP_CLUSTER_04,NCG0136,0,1,0.056950240243218354,91.43525,-11.394369,14.601871,-3.2896469,0.15937833,2.3382235,-2.93334,-3.098039,1.7820512,-0.16468318
HPGP_GLOBAL_vs_CHINA_NINGXIA_2022,HPGP_GLOBAL,FRA-004,SNP_CLUSTER_04,NCG0137,0,4,0.0754611290113436,91.8932,-9.823345,13.763848,-1.0341902,-0.07472765,2.7205615,-0.31901887,-2.1681626,2.9635863,-0.35556918
HPGP_GLOBAL_vs_CHINA_NINGXIA_2022,HPGP_GLOBAL,FRA-005,SNP_CLUSTER_04,NCG0138,0,0,0.08444994928248147,93.365036,-14.482351,12.78495,-10.127666,0.50064373,1.1171573,-1.8158365,-1.260368,0.4541042,0.679587
HPGP_GLOBAL_vs_CHINA_NINGXIA_2022,HPGP_GLOBAL,FRA-006,SNP_CLUSTER_04,NCG0139,0,0,0.17957282673642572,90.642204,-6.6257157,21.354057,-1.7390325,0.16401418,2.7729132,-6.8916945,-2.66652,2.831615,3.309741
HPGP_GLOBAL_vs_CHINA_NINGXIA_2022,HPGP_GLOBAL,FRA-008,SNP_CLUSTER_04,NCG0141,0,1,0.07008575925945741,90.79288,-8.190907,18.431314,-0.10027601,-0.1811835,3.0105073,-3.9593217,-2.8106399,1.8687592,2.3283257
HPGP_GLOBAL_vs_CHINA_NINGXIA_2022,HPGP_GLOBAL,FRA-009,SNP_CLUSTER_04,NCG0142,0,0,0.09525584894360893,94.260345,-17.373253,7.0347834,-7.812599,1.3697187,3.6057632,-4.678712,-7.3468127,4.6371174,2.8879118
HPGP_GLOBAL_vs_CHINA_NINGXIA_2022,HPGP_GLOBAL,FRA-010,SNP_CLUSTER_04,NCG0143,0,1,0.027998986323212658,94.44525,-16.006332,10.570224,-8.89222,0.3195282,3.24613,-0.10943605,-1.2640623,0.23173839,-1.4914393
HPGP_GLOBAL_vs_CHINA_NINGXIA_2022,HPGP_GLOBAL,FRA-018,SNP_CLUSTER_04,NCG0150,0,4,0.1375406962962703,92.52735,-10.176115,16.056278,-2.3981247,0.42890152,5.32905,-5.8743014,-1.348609,4.1925244,0.227217
HPGP_GLOBAL_vs_CHINA_NINGXIA_2022,HPGP_GLOBAL,FRA-019,SNP_CLUSTER_04,NCG0151,0,4,0.08363068686728965,91.38165,-8.062175,16.677532,0.21470211,0.21793233,3.000233,-1.0196477,-2.024385,1.8053188,-0.55797315
HPGP_GLOBAL_vs_CHINA_NINGXIA_2022,HPGP_GLOBAL,GER-018,SNP_CLUSTER_04,NCG0161,0,2,0.09110661624182753,93.16819,-11.758524,14.128971,-5.8990693,0.40249652,3.4602013,-3.0783186,-4.104654,-0.14928208,-0.15747191
HPGP_GLOBAL_vs_CHINA_NINGXIA_2022,HPGP_GLOBAL,GRE-003,SNP_CLUSTER_04,NCG0169,0,1,0.0896578919035614,91.343445,-8.516099,21.08837,-2.9880805,-0.046185706,3.912465,-7.6248174,-3.346602,3.1709597,3.682247
HPGP_GLOBAL_vs_CHINA_NINGXIA_2022,HPGP_GLOBAL,GRE-041,SNP_CLUSTER_04,NCG0175,0,0,0.30368249275618353,91.04755,-6.4693265,22.922682,-1.0039053,0.64624417,5.7517743,-11.641469,-5.463159,8.878893,8.66346
HPGP_GLOBAL_vs_CHINA_NINGXIA_2022,HPGP_GLOBAL,GRE-046,SNP_CLUSTER_04,NCG0175,0,0,0.30436902748372363,91.03351,-6.4644313,22.921537,-0.9985755,0.6544386,5.7578273,-11.652467,-5.4608026,8.878454,8.672928
HPGP_GLOBAL_vs_CHINA_NINGXIA_2022,HPGP_GLOBAL,HON-024,SNP_CLUSTER_04,NCG0191,0,4,0.12668323676140536,93.168434,-12.117959,12.748537,-8.792241,-0.45711842,4.2958364,-4.039065,-1.3944687,0.29544583,-2.3078816
HPGP_GLOBAL_vs_CHINA_NINGXIA_2022,HPGP_GLOBAL,ISR-002,SNP_CLUSTER_04,NCG0204,0,4,0.1972056081132094,92.147606,-12.229651,21.289778,-6.770499,0.9786743,4.8262005,-8.077353,-3.819629,4.3268275,2.3930817
HPGP_GLOBAL_vs_CHINA_NINGXIA_2022,HPGP_GLOBAL,ISR-004,SNP_CLUSTER_04,NCG0205,0,4,0.19665246800159128,92.7627,-10.8721285,20.832272,-7.347003,1.429783,4.287577,-8.505472,-4.8600073,5.215336,0.9856461
HPGP_GLOBAL_vs_CHINA_NINGXIA_2022,HPGP_GLOBAL,ITA-002,SNP_CLUSTER_04,NCG0207,0,2,0.17543377353937997,90.538864,-6.998343,20.24352,-1.0925831,0.52258384,1.751393,-5.509929,-2.1255968,1.6066434,2.191959
HPGP_GLOBAL_vs_CHINA_NINGXIA_2022,HPGP_GLOBAL,ITA-003,SNP_CLUSTER_04,NCG0208,0,0,0.14286124226459948,91.232315,-9.962221,16.25725,-2.7552464,0.56110007,3.594425,-5.486799,-1.7973558,2.157981,2.5495596
HPGP_GLOBAL_vs_CHINA_NINGXIA_2022,HPGP_GLOBAL,ITA-006,SNP_CLUSTER_04,NCG0210,0,4,0.22635598228790588,89.46773,-6.8092585,20.014273,-1.1324252,0.07787042,3.0345328,-6.0894456,-2.7119856,2.7550256,3.4705608
HPGP_GLOBAL_vs_CHINA_NINGXIA_2022,HPGP_GLOBAL,ITA-011,SNP_CLUSTER_04,NCG0214,0,0,0.15785013552326124,92.029724,-11.299078,17.715265,-5.6948647,1.0239145,4.605703,-5.9250154,-3.8272681,3.4926324,2.5108457
HPGP_GLOBAL_vs_CHINA_NINGXIA_2022,HPGP_GLOBAL,JOR-004,SNP_CLUSTER_04,NCG0233,0,1,0.08310009333749707,92.14474,-10.661924,19.839123,-6.5814285,1.5609396,3.4898744,-8.282564,-5.204089,4.652198,2.821661
HPGP_GLOBAL_vs_CHINA_NINGXIA_2022,HPGP_GLOBAL,JOR-005,SNP_CLUSTER_04,NCG0234,0,2,0.21784986984032384,92.93298,-13.908102,15.473344,-7.514867,0.8242871,6.857154,-8.532162,-4.649399,5.978932,1.4204998
HPGP_GLOBAL_vs_CHINA_NINGXIA_2022,HPGP_GLOBAL,JOR-006,SNP_CLUSTER_04,NCG0235,0,4,0.21572069661865298,92.43296,-11.811332,18.522926,-7.0519476,0.99986696,5.846071,-8.114424,-2.5900419,5.3598986,5.22511
HPGP_GLOBAL_vs_CHINA_NINGXIA_2022,HPGP_GLOBAL,JOR-007,SNP_CLUSTER_04,NCG0236,0,4,0.17064626489308576,94.1498,-14.088165,14.82583,-8.408769,1.6976849,5.699059,-8.903711,-4.49831,6.305733,2.6263847
HPGP_GLOBAL_vs_CHINA_NINGXIA_2022,HPGP_GLOBAL,JOR-009,SNP_CLUSTER_04,NCG0237,0,2,0.2092298771364172,93.48225,-13.281341,19.873915,-8.97107,1.7823491,5.2482085,-9.385542,-4.3666654,4.85353,2.7761204
HPGP_GLOBAL_vs_CHINA_NINGXIA_2022,HPGP_GLOBAL,MAL-007,SNP_CLUSTER_04,NCG0295,0,0,0.33863730510769946,97.94766,-21.694164,5.7857833,-18.05119,5.125406,11.910423,-15.43408,-8.197267,10.6966505,3.5491507
HPGP_GLOBAL_vs_CHINA_NINGXIA_2022,HPGP_GLOBAL,MEX-007,SNP_CLUSTER_04,NCG0305,0,4,0.06769724019908717,93.219955,-11.761607,8.930561,-6.537961,-0.102016546,2.255702,0.48808596,-1.5826366,0.5053922,-1.4444959
HPGP_GLOBAL_vs_CHINA_NINGXIA_2022,HPGP_GLOBAL,MEX-008,SNP_CLUSTER_04,NCG0306,0,0,0.13915149593097284,91.851135,-0.9568666,5.5744505,-7.798407,0.33463514,0.61126107,0.053989384,-0.6093164,-0.6600835,-1.6871792
HPGP_GLOBAL_vs_CHINA_NINGXIA_2022,HPGP_GLOBAL,MEX-009,SNP_CLUSTER_04,NCG0307,0,4,0.058508653137257526,94.21522,-10.67009,7.6686206,-8.016946,0.15827154,1.1224902,-1.9399735,-3.5958922,-5.6587243,-1.2267867
HPGP_GLOBAL_vs_CHINA_NINGXIA_2022,HPGP_GLOBAL,PER-103,SNP_CLUSTER_04,NCG0326,0,0,0.0793474236875489,94.457344,-12.803322,5.5503016,-9.542657,-0.118128605,2.6816387,-0.22962485,-6.5098763,3.482366,0.4197275
HPGP_GLOBAL_vs_CHINA_NINGXIA_2022,HPGP_GLOBAL,POR-002,SNP_CLUSTER_04,NCG0346,0,4,0.04537228465780644,95.26399,-17.174171,5.337473,-9.880358,0.7162123,5.006918,2.870377,1.2779411,2.8933768,-3.9131114
HPGP_GLOBAL_vs_CHINA_NINGXIA_2022,HPGP_GLOBAL,POR-003,SNP_CLUSTER_04,NCG0347,0,3,0.06452872551141728,93.16468,-14.968936,11.44731,-8.970732,0.31993094,3.4366612,-0.33429402,-2.8241456,-0.40548784,0.13124391
HPGP_GLOBAL_vs_CHINA_NINGXIA_2022,HPGP_GLOBAL,POR-005,SNP_CLUSTER_04,NCG0349,0,3,0.029043812768010983,95.056015,-16.293236,6.4752326,-7.4762244,0.2924643,5.336173,5.1267614,2.111663,1.3562776,-4.654403
HPGP_GLOBAL_vs_CHINA_NINGXIA_2022,HPGP_GLOBAL,POR-010,SNP_CLUSTER_04,NCG0350,0,3,0.07631622742164512,93.92087,-15.153123,12.280106,-9.792972,1.1076008,5.200127,-2.900853,-3.1509569,0.6450238,-0.31464738
HPGP_GLOBAL_vs_CHINA_NINGXIA_2022,HPGP_GLOBAL,POR-018,SNP_CLUSTER_04,NCG0351,0,1,0.036996102409482014,94.06202,-15.6691,10.37528,-9.200638,0.5991484,4.8224444,-1.6924716,-1.8089124,0.59904927,2.2426887
HPGP_GLOBAL_vs_CHINA_NINGXIA_2022,HPGP_GLOBAL,POR-104,SNP_CLUSTER_04,NCG0352,0,0,0.04998062441347009,93.36189,-16.475174,7.0591173,-8.895613,-0.583814,3.7697093,4.2377934,2.376016,0.8027824,-3.1549704
HPGP_GLOBAL_vs_CHINA_NINGXIA_2022,HPGP_GLOBAL,POR-105,SNP_CLUSTER_04,NCG0353,0,3,0.06139669898560908,93.13625,-15.444376,12.255438,-9.26938,0.6442838,3.2465684,0.124054275,-0.78875107,0.20094523,2.2880862
HPGP_GLOBAL_vs_CHINA_NINGXIA_2022,HPGP_GLOBAL,POR-106,SNP_CLUSTER_04,NCG0354,0,2,0.07757403507028766,93.75634,-15.313087,11.570384,-9.345298,0.986097,5.088448,-0.90525335,-3.251942,0.52977824,-0.40668637
HPGP_GLOBAL_vs_CHINA_NINGXIA_2022,HPGP_GLOBAL,POR-107,SNP_CLUSTER_04,NCG0355,0,0,0.06766250862769074,92.69004,-15.970908,10.019343,-7.8705745,0.8084523,4.0233197,1.267974,-1.1235919,0.8513657,-1.9114225
HPGP_GLOBAL_vs_CHINA_NINGXIA_2022,HPGP_GLOBAL,POR-109,SNP_CLUSTER_04,NCG0356,0,0,0.06879818835914718,94.06196,-14.615602,11.935077,-7.733357,0.14217389,4.324609,-0.19561139,-0.66307235,0.8718167,-1.7684447
HPGP_GLOBAL_vs_CHINA_NINGXIA_2022,HPGP_GLOBAL,PRI-001,SNP_CLUSTER_04,NCG0360,0,1,0.003975930850609048,94.75142,-16.905972,9.583661,-11.667837,0.6323558,8.971013,-8.193599,-15.675876,-62.033817,0.31270316
HPGP_GLOBAL_vs_CHINA_NINGXIA_2022,HPGP_GLOBAL,PRI-002,SNP_CLUSTER_04,NCG0361,0,1,0.003371070145798052,94.27011,-15.452613,11.096886,-11.690793,0.35559958,10.092435,-9.207969,-17.007738,-72.31669,0.22183557
HPGP_GLOBAL_vs_CHINA_NINGXIA_2022,HPGP_GLOBAL,PRI-004,SNP_CLUSTER_04,NCG0362,0,3,0.026332899990790082,95.51243,-18.410492,4.135044,-11.218826,0.34259304,10.012099,-9.187914,-15.582803,-71.21747,0.0040867226
HPGP_GLOBAL_vs_CHINA_NINGXIA_2022,HPGP_GLOBAL,PRI-006,SNP_CLUSTER_04,NCG0364,0,4,0.006682810302978283,94.9414,-16.97817,8.517252,-11.788701,0.4991603,9.682844,-7.7625866,-17.453701,-73.815735,-0.59574956
HPGP_GLOBAL_vs_CHINA_NINGXIA_2022,HPGP_GLOBAL,SPA-003,SNP_CLUSTER_04,NCG0370,0,3,0.06263190342178777,93.64215,-15.477894,10.720681,-8.252132,0.35322812,3.43556,-1.2799737,-0.9651471,1.1477149,-0.123994425
HPGP_GLOBAL_vs_CHINA_NINGXIA_2022,HPGP_GLOBAL,SPA-005,SNP_CLUSTER_04,NCG0371,0,2,0.07882085790440507,93.187904,-15.51985,10.4848,-7.236028,0.7257678,4.4761047,-1.3331419,-3.000802,0.4981699,-0.4686759
HPGP_GLOBAL_vs_CHINA_NINGXIA_2022,HPGP_GLOBAL,SPA-006,SNP_CLUSTER_04,NCG0372,0,0,0.06846427231639017,94.367355,-15.795991,9.69713,-7.9270563,0.011912562,4.6137066,-1.6499479,-3.2899413,-0.7116856,-0.20916958
HPGP_GLOBAL_vs_CHINA_NINGXIA_2022,HPGP_GLOBAL,SPA-009,SNP_CLUSTER_04,NCG0373,0,0,0.08750569495438759,93.30076,-14.299746,13.97265,-8.035646,0.26336777,4.7067027,-1.7784469,-3.0334518,0.40626964,-0.29022813
HPGP_GLOBAL_vs_CHINA_NINGXIA_2022,HPGP_GLOBAL,SPA-012,SNP_CLUSTER_04,NCG0374,0,1,0.02975896837197899,94.19091,-16.049545,9.041841,-8.03079,0.5248231,3.055011,-0.65389985,-1.2537737,-0.24202718,-0.7325505
HPGP_GLOBAL_vs_CHINA_NINGXIA_2022,HPGP_GLOBAL,SPA-017,SNP_CLUSTER_04,NCG0376,0,0,0.053016045996114085,94.52412,-14.896639,7.9507866,-6.409336,-0.090220764,5.108268,2.023933,1.2950708,1.5036274,-2.3989143
HPGP_GLOBAL_vs_CHINA_NINGXIA_2022,HPGP_GLOBAL,SPA-105,SNP_CLUSTER_04,NCG0378,0,4,0.04499977782011579,94.71792,-17.557734,3.1408577,-5.117413,0.19211425,3.9382682,-1.801768,-7.2975674,0.9839794,-0.93784
HPGP_GLOBAL_vs_CHINA_NINGXIA_2022,HPGP_GLOBAL,SPA-108,SNP_CLUSTER_04,NCG0379,0,2,0.061331403911188145,92.59915,-14.355398,10.183246,-5.988859,-0.06508377,3.128904,1.1556873,-1.2489189,-1.598161,-0.99114746
HPGP_GLOBAL_vs_CHINA_NINGXIA_2022,HPGP_GLOBAL,SPA-111,SNP_CLUSTER_04,NCG0380,0,4,0.10354955777270147,92.35267,-13.923819,14.567776,-8.158993,0.6138362,3.936088,-1.8613391,-3.8586488,1.1469456,2.3973234
HPGP_GLOBAL_vs_CHINA_NINGXIA_2022,HPGP_GLOBAL,SPA-201,SNP_CLUSTER_04,NCG0381,0,0,0.0663504195541584,94.09004,-15.610987,9.312698,-7.3637805,0.63161343,5.0129843,0.07111725,0.50322556,1.0935333,-1.2122289
HPGP_GLOBAL_vs_CHINA_NINGXIA_2022,HPGP_GLOBAL,SPA-203,SNP_CLUSTER_04,NCG0383,0,0,0.08758534616795025,93.61787,-15.419051,12.90373,-9.294831,0.95813894,1.3450814,-3.062012,-2.8362038,2.2018855,3.9866626
HPGP_GLOBAL_vs_CHINA_NINGXIA_2022,HPGP_GLOBAL,SPA-205,SNP_CLUSTER_04,NCG0384,0,2,0.10509069713839772,93.124756,-13.801043,13.087039,-8.038554,0.87601453,4.889014,-2.3824089,-2.3099172,1.5935465,-0.28411686
HPGP_GLOBAL_vs_CHINA_NINGXIA_2022,HPGP_GLOBAL,SPA-210,SNP_CLUSTER_04,NCG0385,0,1,0.03226500482697846,94.52236,-14.756622,12.967946,-8.52992,0.58121943,3.2123818,-1.0771937,-0.662101,2.045751,-1.3179244
HPGP_GLOBAL_vs_CHINA_NINGXIA_2022,HPGP_GLOBAL,SPA-301,SNP_CLUSTER_04,NCG0386,0,3,0.03611580995274692,94.60305,-15.816571,7.398411,-6.4872756,-0.16546272,2.8330967,2.2243946,-1.3546716,2.499662,-3.0942936
HPGP_GLOBAL_vs_CHINA_NINGXIA_2022,HPGP_GLOBAL,SPA-303,SNP_CLUSTER_04,NCG0387,0,0,0.10343441690712397,91.11159,-13.970057,11.803578,-6.1005354,0.5415195,2.6588387,-1.8576082,-1.5555454,1.4382788,-0.99365
HPGP_GLOBAL_vs_CHINA_NINGXIA_2022,HPGP_GLOBAL,SPA-311,SNP_CLUSTER_04,NCG0388,0,2,0.07117099333338117,93.33429,-13.811937,12.260416,-6.9658785,-0.08286378,4.026317,-0.042860404,-0.381546,-0.02846644,-2.595444
HPGP_GLOBAL_vs_CHINA_NINGXIA_2022,HPGP_GLOBAL,SPA-315,SNP_CLUSTER_04,NCG0390,0,1,0.03914731564245338,92.91524,-12.865178,10.62852,-4.8947115,0.35028693,3.5140486,0.01427158,-0.7837141,1.554716,-2.1074913
HPGP_GLOBAL_vs_CHINA_NINGXIA_2022,HPGP_GLOBAL,SPA-321,SNP_CLUSTER_04,NCG0392,0,4,0.0566503185642387,94.18533,-14.82473,10.891495,-8.645545,-0.36421263,5.203827,1.30539,-0.847096,0.6079535,-1.9812752
HPGP_GLOBAL_vs_CHINA_NINGXIA_2022,HPGP_GLOBAL,SPA-401,SNP_CLUSTER_04,NCG0393,0,3,0.06767494004074202,92.914604,-15.068594,11.748664,-8.710467,0.45294753,3.1676083,-0.87399256,-3.6177564,-1.0816702,0.7293134
HPGP_GLOBAL_vs_CHINA_NINGXIA_2022,HPGP_GLOBAL,SPA-413,SNP_CLUSTER_04,NCG0395,0,2,0.06922030032672924,93.82354,-15.43905,10.095646,-8.338305,0.67249084,3.5593343,-1.8725367,-5.1634054,-0.39589065,1.2080834
HPGP_GLOBAL_vs_CHINA_NINGXIA_2022,HPGP_GLOBAL,SPA-502,SNP_CLUSTER_04,NCG0396,0,2,0.04869275160634818,94.215935,-15.814572,8.920445,-7.106282,0.38449985,3.048884,0.4884984,-2.7381828,0.82567006,-1.2392162
HPGP_GLOBAL_vs_CHINA_NINGXIA_2022,HPGP_GLOBAL,SPA-508,SNP_CLUSTER_04,NCG0398,0,2,0.07576822894277827,93.84804,-15.590079,10.473372,-7.8516417,0.38459572,3.863941,-1.4400122,-1.9049177,2.6907754,-0.57670414
HPGP_GLOBAL_vs_CHINA_NINGXIA_2022,HPGP_GLOBAL,SPA-607,SNP_CLUSTER_04,NCG0400,0,4,0.04457153677312993,94.68038,-15.631488,9.1282625,-8.162186,0.25158,5.0029445,3.2566419,2.0449245,2.7795932,-1.3796005
HPGP_GLOBAL_vs_CHINA_NINGXIA_2022,HPGP_GLOBAL,SPA-703,SNP_CLUSTER_04,NCG0402,0,0,0.09644165611203744,93.65332,-14.129378,14.092352,-9.467633,0.6550756,2.0070605,-3.537756,-3.699231,0.8989379,0.06120822
HPGP_GLOBAL_vs_CHINA_NINGXIA_2022,HPGP_GLOBAL,SPA-705,SNP_CLUSTER_04,NCG0403,0,1,0.03792670400900195,93.79835,-14.541715,12.910188,-8.40513,0.1074003,3.554081,-1.4128209,-1.5090417,2.0248964,-0.54648536
HPGP_GLOBAL_vs_CHINA_NINGXIA_2022,HPGP_GLOBAL,SPA-707,SNP_CLUSTER_04,NCG0404,0,3,0.07744453220019008,93.38466,-13.240006,14.330627,-7.847095,0.11300324,3.9914703,-2.583723,-3.249851,2.4005995,-1.3405294
HPGP_GLOBAL_vs_CHINA_NINGXIA_2022,HPGP_GLOBAL,SPA-803,SNP_CLUSTER_04,NCG0406,0,1,0.032694545268540924,93.79068,-15.13369,8.262704,-7.5256166,-0.28312072,4.2924547,1.767089,1.1550016,1.7075891,-2.6588485
HPGP_GLOBAL_vs_CHINA_NINGXIA_2022,HPGP_GLOBAL,SPA-805,SNP_CLUSTER_04,NCG0407,0,1,0.024302804975586272,94.64256,-15.179142,10.438684,-7.5099087,0.19947653,3.615544,0.3860279,-3.1124198,0.45158732,-1.5134925
HPGP_GLOBAL_vs_CHINA_NINGXIA_2022,HPGP_GLOBAL,SWE-006,SNP_CLUSTER_04,NCG0409,0,0,0.1300893900270262,92.07096,-9.1151,17.921682,-2.2313771,-0.02550746,4.396681,-4.821709,-2.361023,3.298052,2.6289964
HPGP_GLOBAL_vs_CHINA_NINGXIA_2022,HPGP_GLOBAL,SWT-001,SNP_CLUSTER_04,NCG0417,0,3,0.0614052244047468,94.65573,-16.199879,9.308669,-7.677789,-0.2977587,4.406027,-3.6956923,-1.7792504,1.0686707,-0.40732244
HPGP_GLOBAL_vs_CHINA_NINGXIA_2022,HPGP_GLOBAL,SWT-010,SNP_CLUSTER_04,NCG0423,0,0,0.29952305182352995,97.799164,-21.230618,6.222269,-17.214918,5.878106,10.438506,-14.387777,-7.9646096,10.6312895,3.6207583
HPGP_GLOBAL_vs_CHINA_NINGXIA_2022,HPGP_GLOBAL,SWT-012,SNP_CLUSTER_04,NCG0425,0,4,0.06653123181763719,94.06233,-15.986915,9.070812,-9.155235,0.52484465,3.0076065,-1.1600875,-1.6492811,-0.04191783,-0.5288352
HPGP_GLOBAL_vs_CHINA_NINGXIA_2022,HPGP_GLOBAL,SWT-013,SNP_CLUSTER_04,NCG0426,0,2,0.19047465588000423,91.60802,-8.943997,22.440357,-3.4098144,0.90940654,3.6811757,-6.951126,-3.651439,3.6877277,0.7690135
HPGP_GLOBAL_vs_CHINA_NINGXIA_2022,HPGP_GLOBAL,SWT-015,SNP_CLUSTER_04,NCG0428,0,1,0.03736627372363472,93.9584,-16.114475,11.663745,-9.610411,0.4126866,5.324728,-1.0904115,-0.99375594,2.0661778,-0.18209393
HPGP_GLOBAL_vs_CHINA_NINGXIA_2022,HPGP_GLOBAL,SWT-017,SNP_CLUSTER_04,NCG0429,0,4,0.16664283207879055,91.945885,-11.074951,14.76234,-4.538389,0.90492445,4.89651,-6.232078,-2.4386065,2.495818,1.2255456
HPGP_GLOBAL_vs_CHINA_NINGXIA_2022,HPGP_GLOBAL,TUR-003,SNP_CLUSTER_04,NCG0432,0,1,0.09277412440506408,90.33115,-6.4560685,21.209263,-0.3489981,0.13068421,1.7724048,-6.6103067,-3.2254143,2.3112159,1.2024161
HPGP_GLOBAL_vs_CHINA_NINGXIA_2022,HPGP_GLOBAL,TUR-010,SNP_CLUSTER_04,NCG0434,0,2,0.24773041869712853,90.063965,-6.0103974,21.70367,-1.1280787,-0.18785906,3.1858995,-7.274156,-4.839925,3.8595092,1.8758258
HPGP_GLOBAL_vs_CHINA_NINGXIA_2022,HPGP_GLOBAL,USA-207,SNP_CLUSTER_04,NCG0458,0,1,0.035052857935218555,94.68931,-12.5103035,9.100739,-8.343033,0.8422644,2.732796,-0.5311631,-0.045706034,0.86756146,0.13825385
HPGP_GLOBAL_vs_CHINA_NINGXIA_2022,HPGP_GLOBAL,USA-414,SNP_CLUSTER_04,NCG0463,0,0,0.07818204917140928,92.396065,-12.458242,13.307255,-5.6306205,-0.12173013,2.8324766,-0.90635824,-4.1056886,-0.07179899,-0.3393736
HPGP_GLOBAL_vs_CHINA_NINGXIA_2022,HPGP_GLOBAL,CHI-007,SNP_CLUSTER_05,NCG0093,0,3,0.042487603806531306,94.261314,-11.943316,11.844472,-21.737223,0.67332125,-50.39192,-8.366324,-3.926636,0.69142276,-10.081608
HPGP_GLOBAL_vs_CHINA_NINGXIA_2022,HPGP_GLOBAL,CHI-010,SNP_CLUSTER_05,NCG0095,0,3,0.06479922923139424,93.662056,-2.3570428,7.4179296,-13.174646,0.033145715,-28.873083,-4.15636,-1.0419983,-1.1256205,-3.9521904
HPGP_GLOBAL_vs_CHINA_NINGXIA_2022,HPGP_GLOBAL,CHI-014,SNP_CLUSTER_05,NCG0097,0,2,0.06923328060483966,93.14843,-10.970756,12.821939,-20.929049,1.1151723,-46.18518,-8.143661,-3.0543633,-0.22562926,-6.9195766
HPGP_GLOBAL_vs_CHINA_NINGXIA_2022,HPGP_GLOBAL,CHI-017,SNP_CLUSTER_05,NCG0098,0,3,0.04222805966512145,93.79377,-12.677641,11.776259,-21.420502,0.9894999,-48.252106,-6.973297,-3.2258132,0.2102686,-9.33226
HPGP_GLOBAL_vs_CHINA_NINGXIA_2022,HPGP_GLOBAL,CHI-101,SNP_CLUSTER_05,NCG0104,0,4,0.07194170003517109,92.970436,-3.7233996,9.449881,-18.803175,0.23329253,-46.662655,-7.747335,-3.6779304,0.002152454,-14.930073
HPGP_GLOBAL_vs_CHINA_NINGXIA_2022,HPGP_GLOBAL,CHI-102,SNP_CLUSTER_05,NCG0105,0,4,0.051121976885892415,93.52363,-7.279282,9.735458,-18.659397,0.7986064,-45.9958,-6.5121346,-2.5868347,1.4279922,-9.704666
HPGP_GLOBAL_vs_CHINA_NINGXIA_2022,HPGP_GLOBAL,CHI-104,SNP_CLUSTER_05,NCG0107,0,3,0.08631297288363449,93.7088,4.755449,5.57136,-18.115685,0.38801774,-45.97181,-6.250414,-1.0972283,-0.27267087,-13.4391165
HPGP_GLOBAL_vs_CHINA_NINGXIA_2022,HPGP_GLOBAL,CHI-113,SNP_CLUSTER_05,NCG0110,0,1,0.06501856742869337,93.949486,-4.8392015,9.738318,-21.603132,0.75656736,-52.386223,-8.606184,-3.7106035,-0.42083156,-11.208483
HPGP_GLOBAL_vs_CHINA_NINGXIA_2022,HPGP_GLOBAL,CHI-114,SNP_CLUSTER_05,NCG0111,0,4,0.029936989892514903,94.71333,-10.679927,9.314526,-19.740925,1.667115,-46.593243,-5.5344,-3.2437541,0.41126657,-9.173366
HPGP_GLOBAL_vs_CHINA_NINGXIA_2022,HPGP_GLOBAL,CHI-126,SNP_CLUSTER_05,NCG0117,0,0,0.03780453548129784,93.49533,-6.6441097,9.812998,-19.94084,0.29108787,-50.41384,-6.982344,-2.9788136,0.08531533,-14.576334
HPGP_GLOBAL_vs_CHINA_NINGXIA_2022,HPGP_GLOBAL,BRA-025,SNP_CLUSTER_06,NCG0088,0,0,0.022858553246735566,96.02409,-19.279573,-0.0122402245,-8.627834,-0.15536216,3.5612602,7.13521,3.5416865,0.26820612,0.258355
HPGP_GLOBAL_vs_CHINA_NINGXIA_2022,HPGP_GLOBAL,CHI-004,SNP_CLUSTER_06,NCG0091,0,4,0.008572470730311204,98.109024,-21.617546,-19.116882,-1.7188402,-2.0329344,-4.1137676,4.627595,20.494131,-0.7367955,26.591282
HPGP_GLOBAL_vs_CHINA_NINGXIA_2022,HPGP_GLOBAL,CHI-005,SNP_CLUSTER_06,NCG0092,0,4,0.004523662896003182,95.06134,-12.971657,-12.003318,-8.167968,-1.1879406,-7.643856,21.2101,17.413525,-5.5672755,27.47271
HPGP_GLOBAL_vs_CHINA_NINGXIA_2022,HPGP_GLOBAL,CHI-011,SNP_CLUSTER_06,NCG0096,0,1,0.015321758751611387,96.82227,-15.877612,-6.3757334,-9.565849,-0.5986642,-0.20202021,14.14504,18.563807,-4.682737,5.5149107
HPGP_GLOBAL_vs_CHINA_NINGXIA_2022,HPGP_GLOBAL,CHI-018,SNP_CLUSTER_06,NCG0099,0,1,0.031146970490960376,95.28611,-11.072669,-0.14866787,-10.678989,-0.4048102,-8.500337,13.640474,18.884272,-5.158537,25.99441
HPGP_GLOBAL_vs_CHINA_NINGXIA_2022,HPGP_GLOBAL,CHI-021,SNP_CLUSTER_06,NCG0100,0,3,0.005764828426126263,96.22414,-17.692574,-15.3934355,-4.9889283,-1.0417484,-6.449464,15.204722,7.3854384,-2.9753497,20.768147
HPGP_GLOBAL_vs_CHINA_NINGXIA_2022,HPGP_GLOBAL,CHI-022,SNP_CLUSTER_06,NCG0101,0,2,0.016258557114943437,97.041145,-19.70723,-21.19079,1.4526588,-2.1469662,-1.5414345,-0.86850184,16.488216,0.5916355,19.393246
HPGP_GLOBAL_vs_CHINA_NINGXIA_2022,HPGP_GLOBAL,CHI-023,SNP_CLUSTER_06,NCG0102,0,1,0.024663681320289125,95.04432,-10.359738,-6.0865455,-10.900295,-1.0008543,-6.677327,21.909855,21.759995,-5.5025105,27.782
HPGP_GLOBAL_vs_CHINA_NINGXIA_2022,HPGP_GLOBAL,CHI-024,SNP_CLUSTER_06,NCG0103,0,0,0.004002867551877672,95.281075,-14.451027,-3.4118361,-11.613216,-0.9868685,-6.186072,23.298004,25.24275,-6.1578,29.32761
HPGP_GLOBAL_vs_CHINA_NINGXIA_2022,HPGP_GLOBAL,CHI-119,SNP_CLUSTER_06,NCG0112,0,2,0.006412495705170611,94.80269,-6.1939187,-9.513979,-9.512897,-1.5084938,-7.070755,20.421432,26.174276,-5.5277195,24.79792
HPGP_GLOBAL_vs_CHINA_NINGXIA_2022,HPGP_GLOBAL,CHI-122,SNP_CLUSTER_06,NCG0113,0,2,0.002682219722889597,96.805916,-15.220211,-11.144574,-7.9543214,-1.1068426,-2.8987277,21.314726,19.737558,-4.8198347,11.215755
HPGP_GLOBAL_vs_CHINA_NINGXIA_2022,HPGP_GLOBAL,CHI-123,SNP_CLUSTER_06,NCG0114,0,0,0.0316838776548553,94.68721,-10.285338,1.4962537,-8.7495165,-0.4687487,-3.7058716,6.8574,5.2814636,0.5529655,2.3715293
HPGP_GLOBAL_vs_CHINA_NINGXIA_2022,HPGP_GLOBAL,CHI-124,SNP_CLUSTER_06,NCG0115,0,3,0.003539138485907796,96.77481,-14.53807,-22.904789,-2.2287621,-1.5502632,-4.975983,21.335094,7.326073,-2.5416367,17.700174
HPGP_GLOBAL_vs_CHINA_NINGXIA_2022,HPGP_GLOBAL,CHI-125,SNP_CLUSTER_06,NCG0116,0,4,0.0034564941953133545,95.96707,-13.204396,-2.940554,-12.158032,-1.956244,-5.772638,25.450584,26.984688,-5.516123,26.914846
HPGP_GLOBAL_vs_CHINA_NINGXIA_2022,HPGP_GLOBAL,CHI-127,SNP_CLUSTER_06,NCG0118,0,0,0.006285126785791403,95.166794,-11.071838,-5.959907,-9.254758,-1.2358865,-8.315336,18.032175,19.060688,-6.051218,27.481766
HPGP_GLOBAL_vs_CHINA_NINGXIA_2022,HPGP_GLOBAL,COL-008,SNP_CLUSTER_06,NCG0128,0,2,0.017680165276893527,94.91263,-15.220124,0.35047778,-5.8250012,-0.63169336,3.2569404,9.2045355,4.214421,2.1388958,3.3554893
HPGP_GLOBAL_vs_CHINA_NINGXIA_2022,HPGP_GLOBAL,CRI-001,SNP_CLUSTER_06,NCG0129,0,2,0.02708599415024759,95.63687,-19.676823,-1.8878562,-5.542565,-1.1791419,5.7399907,3.2635133,2.8343184,-0.19025898,-7.932282
HPGP_GLOBAL_vs_CHINA_NINGXIA_2022,HPGP_GLOBAL,CRI-002,SNP_CLUSTER_06,NCG0130,0,3,0.027281363470015703,95.81106,-18.441587,-3.613821,-4.4903164,-1.8738266,5.66201,3.1917932,6.226047,0.3215658,-6.97597
HPGP_GLOBAL_vs_CHINA_NINGXIA_2022,HPGP_GLOBAL,CRI-005,SNP_CLUSTER_06,NCG0132,0,3,0.03300671106703541,94.928154,-16.208046,2.6951365,-6.2728252,-1.4162538,5.242046,4.099692,6.7498593,0.45975578,-7.3637376
HPGP_GLOBAL_vs_CHINA_NINGXIA_2022,HPGP_GLOBAL,CRI-006,SNP_CLUSTER_06,NCG0133,0,2,0.040889074086503156,95.19031,-16.072433,4.100955,-6.3191442,-0.40997395,5.6346197,2.1270738,3.7125003,1.4426798,-3.054181
HPGP_GLOBAL_vs_CHINA_NINGXIA_2022,HPGP_GLOBAL,FRA-001,SNP_CLUSTER_06,NCG0134,0,0,0.04919133609413627,94.42532,-16.499647,6.345104,-8.212018,0.2145229,6.3734856,4.2723265,3.6672106,1.54521,-5.186789
HPGP_GLOBAL_vs_CHINA_NINGXIA_2022,HPGP_GLOBAL,FRA-017,SNP_CLUSTER_06,NCG0149,0,2,0.027078802932934878,94.868744,-18.982307,2.660332,-8.653137,-0.43858773,4.983769,6.1469536,0.052055348,1.0813329,-5.5916753
HPGP_GLOBAL_vs_CHINA_NINGXIA_2022,HPGP_GLOBAL,FRA-020,SNP_CLUSTER_06,NCG0152,0,2,0.04379720579643566,94.0175,-17.501898,5.104264,-8.895837,-0.2776013,5.2047267,4.3910146,2.527621,0.85774183,-2.712902
HPGP_GLOBAL_vs_CHINA_NINGXIA_2022,HPGP_GLOBAL,GTM-004,SNP_CLUSTER_06,NCG0177,0,1,0.02575887186274259,94.973206,-12.960202,-4.596887,-2.945953,-1.8200619,4.102555,5.6647186,10.229871,0.557119,-9.88566
HPGP_GLOBAL_vs_CHINA_NINGXIA_2022,HPGP_GLOBAL,HON-005,SNP_CLUSTER_06,NCG0181,0,1,0.02104496191875325,95.64218,-15.428596,-2.743693,-6.86571,-1.0366426,4.8714523,7.757517,14.440569,-0.47882706,-14.751733
HPGP_GLOBAL_vs_CHINA_NINGXIA_2022,HPGP_GLOBAL,HON-006,SNP_CLUSTER_06,NCG0182,0,4,0.006673874746424644,97.18274,-22.227793,-19.116932,-1.433822,-1.3443236,0.67304224,9.781573,4.392448,0.24363205,-10.142861
HPGP_GLOBAL_vs_CHINA_NINGXIA_2022,HPGP_GLOBAL,HON-009,SNP_CLUSTER_06,NCG0184,0,3,0.029344348262758533,95.956406,-14.265435,-3.5850334,-7.5491977,-1.7782711,7.2684755,7.6319833,22.183952,-2.8162177,-22.191011
HPGP_GLOBAL_vs_CHINA_NINGXIA_2022,HPGP_GLOBAL,HON-025,SNP_CLUSTER_06,NCG0192,0,3,0.03171656539756198,94.5378,-13.121939,2.338255,-5.0032,-0.13863954,4.1215816,6.3156705,7.833637,1.612515,-8.576709
HPGP_GLOBAL_vs_CHINA_NINGXIA_2022,HPGP_GLOBAL,HON-027,SNP_CLUSTER_06,NCG0193,0,0,0.03477929151911901,94.80581,-16.034979,2.2060456,-8.816226,-0.50894177,4.7842283,8.151044,11.558252,1.5689497,-7.31571
HPGP_GLOBAL_vs_CHINA_NINGXIA_2022,HPGP_GLOBAL,MEX-001,SNP_CLUSTER_06,NCG0301,0,4,0.01962399317602224,95.45366,-16.827732,0.90227264,-12.258574,-1.045059,10.133006,18.727776,24.267504,-1.5308566,-36.162624
HPGP_GLOBAL_vs_CHINA_NINGXIA_2022,HPGP_GLOBAL,MEX-002,SNP_CLUSTER_06,NCG0302,0,3,0.021818038143518202,95.45801,-13.720682,0.6482817,-8.86091,-0.45704126,5.9517646,11.423535,8.71578,-0.1552829,-13.403126
HPGP_GLOBAL_vs_CHINA_NINGXIA_2022,HPGP_GLOBAL,MEX-003,SNP_CLUSTER_06,NCG0303,0,2,0.00736402107442657,96.61101,-21.086105,-9.743221,-6.984791,-1.3715004,7.599614,17.19305,13.3228855,-1.3777456,-24.299675
HPGP_GLOBAL_vs_CHINA_NINGXIA_2022,HPGP_GLOBAL,MEX-004,SNP_CLUSTER_06,NCG0304,0,3,0.017927018991825448,95.50927,-14.682525,-1.2608285,-11.484112,-1.1165555,9.412945,18.173252,24.639164,-1.1800636,-33.041912
HPGP_GLOBAL_vs_CHINA_NINGXIA_2022,HPGP_GLOBAL,MEX-012,SNP_CLUSTER_06,NCG0308,0,3,0.038816258253713334,93.75363,-13.692162,4.636786,-5.803015,-0.39380416,4.129512,5.1492624,3.3617535,0.25742438,-7.292757
HPGP_GLOBAL_vs_CHINA_NINGXIA_2022,HPGP_GLOBAL,MEX-023,SNP_CLUSTER_06,NCG0309,0,4,0.028215185424088865,95.52974,-14.650075,0.8473213,-7.0335617,0.19128962,4.4027376,6.3240848,3.300824,2.1479213,-6.015119
HPGP_GLOBAL_vs_CHINA_NINGXIA_2022,HPGP_GLOBAL,MEX-024,SNP_CLUSTER_06,NCG0310,0,0,0.03057563877020308,94.516205,-11.943582,-0.4938098,-4.923828,-0.97498244,5.013626,8.635416,6.372815,-0.83940846,-8.1499605
HPGP_GLOBAL_vs_CHINA_NINGXIA_2022,HPGP_GLOBAL,MEX-027,SNP_CLUSTER_06,NCG0311,0,0,0.02747896559630781,96.11571,-14.877813,-3.7217884,-6.3370767,-0.8056347,3.850654,6.6658945,8.542104,-0.6062789,-6.0363727
HPGP_GLOBAL_vs_CHINA_NINGXIA_2022,HPGP_GLOBAL,MEX-032,SNP_CLUSTER_06,NCG0313,0,2,0.01726883168314612,96.49563,-16.19637,0.0124266045,-10.836135,-1.2499031,10.134668,17.461206,25.781069,-2.550976,-36.309288
HPGP_GLOBAL_vs_CHINA_NINGXIA_2022,HPGP_GLOBAL,MEX-035,SNP_CLUSTER_06,NCG0314,0,4,0.031074365723868746,94.75312,-10.314262,2.9184887,-9.517564,-0.104693815,4.3940043,11.230022,10.784317,-0.1442482,-12.223639
HPGP_GLOBAL_vs_CHINA_NINGXIA_2022,HPGP_GLOBAL,MEX-040,SNP_CLUSTER_06,NCG0315,0,3,0.043224410646262174,94.635925,-14.51467,0.6581151,-7.2060914,-0.10185418,3.8203502,3.6040711,4.7928424,2.6644456,-6.727015
HPGP_GLOBAL_vs_CHINA_NINGXIA_2022,HPGP_GLOBAL,MEX-041,SNP_CLUSTER_06,NCG0316,0,2,0.008653551106889623,96.93204,-19.988468,-6.9220705,-6.031777,-0.94560015,3.785318,10.420149,5.2022004,1.4491779,0.07084778
HPGP_GLOBAL_vs_CHINA_NINGXIA_2022,HPGP_GLOBAL,MEX-043,SNP_CLUSTER_06,NCG0317,0,2,0.02690882846956317,94.8388,-9.119003,-1.3021022,-5.8609495,-1.0433646,2.298868,8.515257,6.8352885,-0.24321471,-6.1927056
HPGP_GLOBAL_vs_CHINA_NINGXIA_2022,HPGP_GLOBAL,MEX-046,SNP_CLUSTER_06,NCG0318,0,3,0.013668247720206894,96.90049,-19.571447,-15.910854,-3.9096391,-1.5429833,3.6067266,10.2624445,-1.7350768,6.932277,-6.4852314
HPGP_GLOBAL_vs_CHINA_NINGXIA_2022,HPGP_GLOBAL,NGA-010,SNP_CLUSTER_06,NCG0319,0,4,0.041825681397040716,100.89091,-29.299154,-15.362071,-12.171941,2.3922765,9.051551,-8.874906,-9.461342,7.4333787,2.183969
HPGP_GLOBAL_vs_CHINA_NINGXIA_2022,HPGP_GLOBAL,PER-017,SNP_CLUSTER_06,NCG0322,0,4,0.010266944063717033,96.65125,-22.04541,-9.100224,-5.0499086,-1.2954032,4.994447,11.130362,0.06327635,5.3824844,-7.936382
HPGP_GLOBAL_vs_CHINA_NINGXIA_2022,HPGP_GLOBAL,PER-018,SNP_CLUSTER_06,NCG0323,0,0,0.018114667835324925,96.37656,-16.995739,-7.2786183,-5.28314,-0.5675889,1.2956274,8.156014,1.6593753,1.6008229,-4.418952
HPGP_GLOBAL_vs_CHINA_NINGXIA_2022,HPGP_GLOBAL,PER-101,SNP_CLUSTER_06,NCG0325,0,4,0.04911402892651766,93.9896,-2.6338692,0.6231986,-5.270339,-0.8253181,1.9944365,7.0082455,6.4177794,0.83399135,3.67622
HPGP_GLOBAL_vs_CHINA_NINGXIA_2022,HPGP_GLOBAL,PER-104,SNP_CLUSTER_06,NCG0327,0,0,0.04359635586863883,94.39925,-8.48946,-2.098381,-5.4732795,-0.4540292,2.9310536,7.0003424,4.121811,1.9045149,-4.6338463
HPGP_GLOBAL_vs_CHINA_NINGXIA_2022,HPGP_GLOBAL,PER-107,SNP_CLUSTER_06,NCG0328,0,2,0.025202471281651352,94.53241,-12.362429,1.2094753,-6.6353407,-0.65636474,3.5596144,9.667282,8.135214,1.3095806,-3.6120832
HPGP_GLOBAL_vs_CHINA_NINGXIA_2022,HPGP_GLOBAL,PER-117,SNP_CLUSTER_06,NCG0331,0,2,0.024052776533720784,95.19007,-13.94957,0.7153864,-8.732676,-0.3718722,5.3308487,9.626675,6.1363325,0.13090914,-6.2503376
HPGP_GLOBAL_vs_CHINA_NINGXIA_2022,HPGP_GLOBAL,PER-124,SNP_CLUSTER_06,NCG0332,0,3,0.03359248782262184,94.82926,-16.399656,-1.4141482,-5.0770316,-1.0439926,5.2162232,4.2858844,3.5738428,1.930223,-5.802209
HPGP_GLOBAL_vs_CHINA_NINGXIA_2022,HPGP_GLOBAL,PER-140,SNP_CLUSTER_06,NCG0334,0,0,0.016013919856476624,99.55563,-23.52358,-22.212822,-2.1171029,-0.9703167,2.8008673,1.3047311,-0.88958544,2.4712334,-0.27879977
HPGP_GLOBAL_vs_CHINA_NINGXIA_2022,HPGP_GLOBAL,POR-112,SNP_CLUSTER_06,NCG0357,0,2,0.04967989250236235,93.72429,-16.437798,6.8408403,-9.149473,-0.23138134,4.5891466,4.3557234,3.1635978,1.0361389,-3.7605581
HPGP_GLOBAL_vs_CHINA_NINGXIA_2022,HPGP_GLOBAL,POR-113,SNP_CLUSTER_06,NCG0358,0,3,0.021477960344816374,94.697296,-18.364775,0.6996724,-7.889647,-0.512776,3.149149,7.826385,5.3900313,-0.8965559,6.3735533
HPGP_GLOBAL_vs_CHINA_NINGXIA_2022,HPGP_GLOBAL,POR-114,SNP_CLUSTER_06,NCG0359,0,1,0.016559017335160454,95.66842,-18.26874,3.2229457,-9.095791,-0.5124383,4.085608,8.904637,9.346949,-2.3676972,1.699783
HPGP_GLOBAL_vs_CHINA_NINGXIA_2022,HPGP_GLOBAL,SPA-015,SNP_CLUSTER_06,NCG0375,0,1,0.02265309229231482,94.61595,-16.863668,5.326045,-8.576872,-0.22213623,6.1577287,7.272056,7.417649,0.58460873,-5.063838
HPGP_GLOBAL_vs_CHINA_NINGXIA_2022,HPGP_GLOBAL,SPA-312,SNP_CLUSTER_06,NCG0389,0,4,0.02479790467383181,94.60548,-16.823553,5.975559,-9.57031,-0.0073992712,5.4791036,9.948489,8.05099,-1.5574825,-8.293752
HPGP_GLOBAL_vs_CHINA_NINGXIA_2022,HPGP_GLOBAL,SPA-318,SNP_CLUSTER_06,NCG0391,0,1,0.012086147043250253,95.66249,-19.621723,-4.9786196,-5.246243,-1.7150611,4.0256143,11.800667,6.7250867,0.17618561,1.6755713
HPGP_GLOBAL_vs_CHINA_NINGXIA_2022,HPGP_GLOBAL,SPA-405,SNP_CLUSTER_06,NCG0394,0,2,0.02851995995343711,93.87042,-15.139004,1.2738041,-5.3787174,-0.359815,4.874663,7.777183,4.207477,0.36799514,-4.521071
HPGP_GLOBAL_vs_CHINA_NINGXIA_2022,HPGP_GLOBAL,SPA-509,SNP_CLUSTER_06,NCG0399,0,1,0.015659492918125257,95.429504,-17.914896,-1.0828731,-5.406904,-0.050800797,2.5816922,5.5970616,0.68015754,0.5675522,-0.40309307
HPGP_GLOBAL_vs_CHINA_NINGXIA_2022,HPGP_GLOBAL,SPA-801,SNP_CLUSTER_06,NCG0405,0,4,0.03595943922168075,94.291214,-16.754549,4.989339,-7.697831,-0.12700534,4.174241,4.83538,2.8968585,-0.13199864,-2.4106748
HPGP_GLOBAL_vs_CHINA_NINGXIA_2022,HPGP_GLOBAL,SWT-005,SNP_CLUSTER_06,NCG0420,0,3,0.043161691425418036,93.77711,-10.588021,2.9875214,-7.2440267,-0.650396,3.955197,6.3962255,4.0196266,0.11196284,-4.1636534
HPGP_GLOBAL_vs_CHINA_NINGXIA_2022,HPGP_GLOBAL,USA-002,SNP_CLUSTER_06,NCG0449,0,2,0.02799868970553165,95.42288,-16.011337,0.7461783,-8.119956,-1.2061576,4.5220165,7.5559425,9.106713,1.6866468,-9.665128
HPGP_GLOBAL_vs_CHINA_NINGXIA_2022,HPGP_GLOBAL,USA-204,SNP_CLUSTER_06,NCG0456,0,0,0.02548259578681762,95.849754,-15.6086445,-2.361424,-4.2548285,-1.2282957,4.7111225,6.859953,4.9876747,1.1118968,-5.565866
HPGP_GLOBAL_vs_CHINA_NINGXIA_2022,HPGP_GLOBAL,USA-302,SNP_CLUSTER_06,NCG0459,0,2,0.011574285893584528,95.933975,-21.339262,-5.954246,-5.8445716,-1.3161284,2.9229052,7.990767,7.6347537,-2.8726892,1.7915449
HPGP_GLOBAL_vs_CHINA_NINGXIA_2022,HPGP_GLOBAL,ARG-006,SNP_CLUSTER_07,NCG0072,0,3,0.023839698358381782,101.389244,-32.070004,-44.27801,11.698957,-3.8979375,-1.9210969,-21.824295,17.746187,-2.1362617,8.170509
HPGP_GLOBAL_vs_CHINA_NINGXIA_2022,HPGP_GLOBAL,BRA-010,SNP_CLUSTER_07,NCG0080,0,0,0.009820210831480327,102.92258,-40.296864,-54.689903,13.884914,-3.429608,-1.14474,-17.116795,2.432928,0.60647804,3.09856
HPGP_GLOBAL_vs_CHINA_NINGXIA_2022,HPGP_GLOBAL,BRA-013,SNP_CLUSTER_07,NCG0081,0,2,0.0066490283090277534,103.49779,-38.653923,-53.624725,12.990273,-4.3803353,-1.639334,-19.576427,5.292992,-0.43574014,3.2182012
HPGP_GLOBAL_vs_CHINA_NINGXIA_2022,HPGP_GLOBAL,BRA-020,SNP_CLUSTER_07,NCG0085,0,2,0.01629742097197474,103.99898,-41.740383,-59.83665,17.605669,-4.216956,-1.5444875,-30.96726,13.679706,-1.6884173,4.6839743
HPGP_GLOBAL_vs_CHINA_NINGXIA_2022,HPGP_GLOBAL,BRA-022,SNP_CLUSTER_07,NCG0086,0,0,0.0286637337201466,103.672325,-39.411613,-54.359997,14.779251,-5.111038,-1.4773453,-29.382097,14.190393,-1.276505,4.496987
HPGP_GLOBAL_vs_CHINA_NINGXIA_2022,HPGP_GLOBAL,BRA-023,SNP_CLUSTER_07,NCG0087,0,1,0.018441884979584856,101.25358,-30.783249,-43.05283,13.241193,-4.551106,1.3619963,-21.447386,13.258886,-0.9460641,4.0333753
HPGP_GLOBAL_vs_CHINA_NINGXIA_2022,HPGP_GLOBAL,GTM-010,SNP_CLUSTER_07,NCG0178,0,0,0.02144543998476919,100.88869,-31.623785,-47.310745,12.522084,-3.866389,-1.3869116,-17.374353,12.833188,-0.9702822,1.4223723
HPGP_GLOBAL_vs_CHINA_NINGXIA_2022,HPGP_GLOBAL,HON-003,SNP_CLUSTER_07,NCG0179,0,2,0.09393436636114037,100.17982,-30.666573,-38.38907,10.791735,-5.839912,-0.82241404,-28.541523,29.436106,-7.479432,-15.870947
HPGP_GLOBAL_vs_CHINA_NINGXIA_2022,HPGP_GLOBAL,HON-004,SNP_CLUSTER_07,NCG0180,0,3,0.03217468551571145,101.28888,-27.72468,-45.444313,13.737618,-4.844882,-0.48631972,-22.898558,15.563428,-1.5023127,1.9092048
HPGP_GLOBAL_vs_CHINA_NINGXIA_2022,HPGP_GLOBAL,HON-007,SNP_CLUSTER_07,NCG0183,0,3,0.04579696289178982,101.280365,-31.855633,-41.926514,12.827832,-5.793371,-1.6080747,-29.130707,28.361643,-6.9234576,-14.669443
HPGP_GLOBAL_vs_CHINA_NINGXIA_2022,HPGP_GLOBAL,HON-015,SNP_CLUSTER_07,NCG0185,0,0,0.030243441373696087,99.97567,-29.19737,-33.855263,8.719467,-4.025943,1.687154,-15.339746,16.194408,-1.4249537,-0.6552448
HPGP_GLOBAL_vs_CHINA_NINGXIA_2022,HPGP_GLOBAL,HON-017,SNP_CLUSTER_07,NCG0186,0,3,0.02065473932769152,102.53294,-34.84263,-47.51248,12.60915,-5.2292933,-0.79753524,-22.982729,15.702436,-0.008002156,-0.32379124
HPGP_GLOBAL_vs_CHINA_NINGXIA_2022,HPGP_GLOBAL,HON-018,SNP_CLUSTER_07,NCG0187,0,0,0.060977698565303974,101.536804,-31.50251,-41.234863,12.42487,-5.93142,-0.8606652,-30.121656,28.319027,-8.306677,-13.457859
HPGP_GLOBAL_vs_CHINA_NINGXIA_2022,HPGP_GLOBAL,HON-019,SNP_CLUSTER_07,NCG0188,0,4,0.016903281251201097,102.20559,-33.92547,-43.96658,13.131978,-4.7275043,-0.71266675,-21.947014,16.846668,-0.883799,0.9163118
HPGP_GLOBAL_vs_CHINA_NINGXIA_2022,HPGP_GLOBAL,HON-020,SNP_CLUSTER_07,NCG0189,0,1,0.026476726902879073,100.94014,-28.473713,-35.203777,10.140115,-4.458845,1.1679919,-22.193106,18.441368,-0.5119787,-1.8738797
HPGP_GLOBAL_vs_CHINA_NINGXIA_2022,HPGP_GLOBAL,HON-021,SNP_CLUSTER_07,NCG0190,0,2,0.03728610071769857,100.3356,-28.706959,-37.96274,8.333138,-3.7608583,2.9350162,-18.446032,16.717184,-0.4085555,0.3205813
HPGP_GLOBAL_vs_CHINA_NINGXIA_2022,HPGP_GLOBAL,PER-116,SNP_CLUSTER_07,NCG0330,0,4,0.024725620829202908,100.53524,-25.786734,-34.267223,8.060498,-2.9936676,-0.64488,-16.560875,13.662872,-1.119377,0.7225997
HPGP_GLOBAL_vs_CHINA_NINGXIA_2022,HPGP_GLOBAL,ZAF-002,SNP_CLUSTER_07,NCG0465,0,1,0.010974458012315133,101.526695,-34.032707,-48.00659,14.614014,5.5298133,-1.3058866,-20.771587,6.8311977,-0.6421823,4.3369064
HPGP_GLOBAL_vs_CHINA_NINGXIA_2022,HPGP_GLOBAL,ZAF-004,SNP_CLUSTER_07,NCG0466,0,0,0.015668751341012067,102.214905,-35.950714,-51.19869,15.7341385,-1.0623965,-0.66518044,-19.490223,5.6195617,0.55236626,3.03997
HPGP_GLOBAL_vs_CHINA_NINGXIA_2022,HPGP_GLOBAL,BRA-002,SNP_CLUSTER_08,NCG0077,0,1,0.0009639181969038196,103.284676,-39.604794,-52.683376,8.506795,-3.0656242,-1.0807506,1.7939945,-13.202211,2.5722446,0.70759046
HPGP_GLOBAL_vs_CHINA_NINGXIA_2022,HPGP_GLOBAL,BRA-014,SNP_CLUSTER_08,NCG0082,0,1,0.0022059233514044483,100.44262,-33.11343,-37.901905,4.9516644,-2.9298015,0.21230072,5.1293535,-7.9780865,2.2988117,0.5548963
HPGP_GLOBAL_vs_CHINA_NINGXIA_2022,HPGP_GLOBAL,BRA-018,SNP_CLUSTER_08,NCG0084,0,3,0.0024790261640629118,103.67053,-39.788235,-52.85601,9.454754,-3.404339,-0.7128774,-2.2088473,-10.658722,3.2807117,2.7144792
HPGP_GLOBAL_vs_CHINA_NINGXIA_2022,HPGP_GLOBAL,COL-003,SNP_CLUSTER_08,NCG0125,0,3,0.0020637938324985393,99.86064,-30.978779,-35.22203,2.7021744,-1.0397693,-1.6427563,13.873267,-8.424306,1.3336694,-1.5583704
HPGP_GLOBAL_vs_CHINA_NINGXIA_2022,HPGP_GLOBAL,COL-006,SNP_CLUSTER_08,NCG0127,0,1,0.0026391827517590672,98.97283,-26.06582,-27.177334,0.54377073,-1.1724489,0.36034498,12.837407,-7.4195237,2.4175875,-1.5101054
HPGP_GLOBAL_vs_CHINA_NINGXIA_2022,HPGP_GLOBAL,CRI-004,SNP_CLUSTER_08,NCG0131,0,2,0.0010816815300508367,100.23738,-31.788286,-36.117268,4.313366,-2.8618793,-0.17234443,8.55904,-13.405142,3.317548,-1.6910235
HPGP_GLOBAL_vs_CHINA_NINGXIA_2022,HPGP_GLOBAL,GMB-004,SNP_CLUSTER_08,NCG0164,0,2,6.472656172417129e-05,103.71775,-40.544926,-58.054825,7.1318326,-1.2913208,-4.5051603,18.45855,-18.913773,0.13780458,-0.72993416
HPGP_GLOBAL_vs_CHINA_NINGXIA_2022,HPGP_GLOBAL,GMB-007,SNP_CLUSTER_08,NCG0165,0,4,0.00011436245872100188,103.8155,-39.550007,-56.632904,6.936181,-0.65722495,-4.5688167,17.390991,-20.523462,1.1904547,-2.5412154
HPGP_GLOBAL_vs_CHINA_NINGXIA_2022,HPGP_GLOBAL,GMB-008,SNP_CLUSTER_08,NCG0166,0,0,0.00040721959506476873,103.33544,-39.982132,-55.96632,6.85692,-1.5461599,-3.881866,16.583273,-20.264338,1.5552651,-1.2745646
HPGP_GLOBAL_vs_CHINA_NINGXIA_2022,HPGP_GLOBAL,GMB-009,SNP_CLUSTER_08,NCG0167,0,2,0.00012376794414090204,104.73083,-40.59603,-55.867344,7.540234,-2.5636218,-2.4573793,11.462205,-19.919603,2.914145,0.62944436
HPGP_GLOBAL_vs_CHINA_NINGXIA_2022,HPGP_GLOBAL,NGA-019,SNP_CLUSTER_08,NCG0320,0,0,0.0005687736680757134,103.43518,-41.23715,-56.71164,8.279044,-2.489906,-2.4414155,12.52324,-24.123554,3.2455215,0.8924948
HPGP_GLOBAL_vs_CHINA_NINGXIA_2022,HPGP_GLOBAL,PER-013,SNP_CLUSTER_08,NCG0321,0,1,0.0010481684890559597,101.8609,-34.173897,-47.725143,7.765206,-2.3190498,-1.398328,7.151666,-16.386307,3.4763885,0.37426168
HPGP_GLOBAL_vs_CHINA_NINGXIA_2022,HPGP_GLOBAL,PER-020,SNP_CLUSTER_08,NCG0324,0,0,0.0025823863191984176,100.22712,-30.177717,-39.56136,4.8023643,-2.3771203,-1.6006536,9.936652,-13.501469,4.313097,1.649275
HPGP_GLOBAL_vs_CHINA_NINGXIA_2022,HPGP_GLOBAL,PER-112,SNP_CLUSTER_08,NCG0329,0,2,0.0014199273833690608,99.11413,-25.704975,-32.592842,2.2720113,-1.9843328,-0.87122124,11.541695,-11.097139,2.673051,2.6027036
HPGP_GLOBAL_vs_CHINA_NINGXIA_2022,HPGP_GLOBAL,POR-004,SNP_CLUSTER_08,NCG0348,0,0,0.0002584762595048053,104.08536,-40.280315,-58.64492,7.028986,-1.1679417,-4.470468,19.454786,-19.785593,0.5479339,-2.161586
HPGP_GLOBAL_vs_CHINA_NINGXIA_2022,HPGP_GLOBAL,PRI-005,SNP_CLUSTER_08,NCG0363,0,3,0.001263865327196038,103.376495,-38.939835,-52.023525,7.926775,-3.2849317,-1.9123882,5.6463366,-17.51208,-0.15947092,0.8903001
HPGP_GLOBAL_vs_CHINA_NINGXIA_2022,HPGP_GLOBAL,SPA-202,SNP_CLUSTER_08,NCG0382,0,3,0.001021798197143383,103.73443,-39.52802,-51.90858,9.05341,-2.6838348,-0.88848084,7.5006843,-19.403765,4.320964,-0.31249878
HPGP_GLOBAL_vs_CHINA_NINGXIA_2022,HPGP_GLOBAL,SPA-609,SNP_CLUSTER_08,NCG0401,0,0,0.004757947972678647,99.518486,-27.621725,-26.795612,-0.011780771,-1.8458793,0.35003498,8.858521,-8.887507,2.3713017,-1.212833
HPGP_GLOBAL_vs_CHINA_NINGXIA_2022,HPGP_GLOBAL,USA-003,SNP_CLUSTER_08,NCG0450,0,0,0.0021074437508026528,100.21498,-27.63788,-36.24375,4.649827,-2.1556072,-1.0230576,12.501493,-12.700799,1.2060169,-1.4350901
HPGP_GLOBAL_vs_CHINA_NINGXIA_2022,HPGP_GLOBAL,USA-102,SNP_CLUSTER_08,NCG0451,0,0,0.0012887859318976129,102.24984,-35.454586,-45.626774,9.593645,-3.2721133,-2.3441746,7.59611,-17.717842,2.4703631,0.7006967
HPGP_GLOBAL_vs_CHINA_NINGXIA_2022,HPGP_GLOBAL,USA-104,SNP_CLUSTER_08,NCG0452,0,1,0.0009645646878425272,102.79189,-38.00115,-49.174435,9.126766,-2.854687,-1.3976246,3.298629,-14.497291,3.7844563,1.127992
HPGP_GLOBAL_vs_CHINA_NINGXIA_2022,HPGP_GLOBAL,USA-105,SNP_CLUSTER_08,NCG0453,0,3,0.0013427770550218368,100.940765,-33.75398,-45.28857,9.686922,-2.860471,-3.9854903,11.024772,-15.137825,2.5369818,-0.7031241
HPGP_GLOBAL_vs_CHINA_NINGXIA_2022,HPGP_GLOBAL,USA-202,SNP_CLUSTER_08,NCG0455,0,3,0.001350585103593052,103.474304,-39.409332,-56.38312,10.57713,-2.6972983,-2.7837946,4.0474935,-15.646672,2.798068,2.167581
HPGP_GLOBAL_vs_CHINA_NINGXIA_2022,HPGP_GLOBAL,USA-206,SNP_CLUSTER_08,NCG0457,0,2,0.001728400592689418,99.85758,-28.948423,-34.867653,5.2696714,-2.180916,-0.44074538,6.548915,-9.47265,3.9223273,-1.6064527
HPGP_GLOBAL_vs_CHINA_NINGXIA_2022,HPGP_GLOBAL,USA-304,SNP_CLUSTER_08,NCG0460,0,2,0.00011223619524031098,104.24074,-41.234035,-57.162567,8.6343775,-2.3789563,-3.0567517,11.99018,-20.616226,2.1253607,0.45242622
HPGP_GLOBAL_vs_CHINA_NINGXIA_2022,HPGP_GLOBAL,USA-311,SNP_CLUSTER_08,NCG0461,0,3,0.0031205167837761076,100.61793,-31.464905,-41.17911,10.615571,-2.5413902,-1.9539808,3.2560232,-10.023466,2.589176,0.31569543
HPGP_GLOBAL_vs_CHINA_NINGXIA_2022,HPGP_GLOBAL,USA-406,SNP_CLUSTER_08,NCG0462,0,1,0.00045757265095448037,103.570694,-38.846985,-52.923462,9.002232,-2.3062422,-2.5370574,9.782348,-18.06872,3.6455219,-0.0028213344
HPGP_GLOBAL_vs_ZENODO_10369064,HPGP_GLOBAL,FRA-007,SNP_CLUSTER_01,NCG0140,0,3,0.04983364860701764,85.78829,4.7280693,19.805363,15.549005,-1.2729601,-1.5342658,2.3613153,-0.41312656,-1.9278388,0.008520472
HPGP_GLOBAL_vs_ZENODO_10369064,HPGP_GLOBAL,FRA-011,SNP_CLUSTER_01,NCG0144,0,1,0.044553555333765815,89.298874,-4.3701115,16.403687,5.254105,-0.74017435,1.2470765,0.6601159,-0.8663753,0.80148953,-0.42000377
HPGP_GLOBAL_vs_ZENODO_10369064,HPGP_GLOBAL,FRA-012,SNP_CLUSTER_01,NCG0145,0,0,0.04157981364888034,87.91339,-4.1738076,15.27168,8.978384,-1.5027411,3.2247744,3.7171383,2.5389154,1.2597917,-3.4065175
HPGP_GLOBAL_vs_ZENODO_10369064,HPGP_GLOBAL,FRA-013,SNP_CLUSTER_01,NCG0146,0,2,0.042012045606638175,89.29204,-2.9016337,19.836056,6.796848,-1.09033,4.3371925,-1.4805462,0.8859726,0.8827307,1.965217
HPGP_GLOBAL_vs_ZENODO_10369064,HPGP_GLOBAL,FRA-014,SNP_CLUSTER_01,NCG0145,0,0,0.04159269758588101,87.91303,-4.173782,15.267352,8.976587,-1.5094254,3.244545,3.7262573,2.5450697,1.2407999,-3.4242496
HPGP_GLOBAL_vs_ZENODO_10369064,HPGP_GLOBAL,FRA-015,SNP_CLUSTER_01,NCG0147,0,4,0.03276161553069626,89.55766,-2.7576206,19.326332,7.7009015,-1.1791272,4.167435,-1.233743,0.0668804,0.598708,1.5521848
HPGP_GLOBAL_vs_ZENODO_10369064,HPGP_GLOBAL,FRA-016,SNP_CLUSTER_01,NCG0148,0,3,0.03382580665240433,89.28429,-2.5031927,16.539598,6.6717772,-0.8346679,1.350407,-0.059608728,-2.2717905,0.32135287,-0.65297526
HPGP_GLOBAL_vs_ZENODO_10369064,HPGP_GLOBAL,FRA-021,SNP_CLUSTER_01,NCG0153,0,4,0.03190754525819342,90.09456,-5.850355,15.9235935,3.8124547,-1.0217698,1.6599097,-0.40660736,-0.49237907,1.4989357,-1.2104645
HPGP_GLOBAL_vs_ZENODO_10369064,HPGP_GLOBAL,GER-004,SNP_CLUSTER_01,NCG0154,0,1,0.05808440462655626,88.848564,0.0025401104,21.264595,7.466748,-0.6681617,1.5482249,-3.2285585,-1.7905682,2.6056798,0.36375192
HPGP_GLOBAL_vs_ZENODO_10369064,HPGP_GLOBAL,GER-005,SNP_CLUSTER_01,NCG0155,0,1,0.09165056060630497,85.89801,2.5103447,19.354671,12.073676,-1.1747407,0.6974428,1.7494649,-0.21368718,0.07286694,-0.6640376
HPGP_GLOBAL_vs_ZENODO_10369064,HPGP_GLOBAL,GER-006,SNP_CLUSTER_01,NCG0156,0,3,0.03507051879893636,89.0754,-2.7720275,21.861778,2.6888382,0.3149752,0.77072304,-4.566564,-2.9098854,2.4411628,1.0150707
HPGP_GLOBAL_vs_ZENODO_10369064,HPGP_GLOBAL,GER-010,SNP_CLUSTER_01,NCG0157,0,1,0.0723333959681642,87.17335,2.5752168,19.37411,12.2568445,-1.2824618,-0.18580312,1.0421085,0.23260736,0.3418853,0.432734
HPGP_GLOBAL_vs_ZENODO_10369064,HPGP_GLOBAL,GER-012,SNP_CLUSTER_01,NCG0158,0,2,0.0639433354768931,87.115456,4.315136,19.575937,14.342922,-1.4328532,-0.54406136,1.7103385,0.4019007,-0.7958211,-0.867941
HPGP_GLOBAL_vs_ZENODO_10369064,HPGP_GLOBAL,GER-013,SNP_CLUSTER_01,NCG0159,0,4,0.05920136104879648,87.16671,1.1257124,17.872734,11.446681,-1.6107816,-2.0250459,0.98713565,-1.7122623,-0.6606188,-0.62843084
HPGP_GLOBAL_vs_ZENODO_10369064,HPGP_GLOBAL,GER-015,SNP_CLUSTER_01,NCG0160,0,3,0.060810407169924585,85.16867,5.6470723,19.71926,14.516647,-1.5277299,-1.2072322,1.3842028,0.76937896,-1.1485482,-0.35076016
HPGP_GLOBAL_vs_ZENODO_10369064,HPGP_GLOBAL,GER-019,SNP_CLUSTER_01,NCG0162,0,0,0.04376759681700998,88.60362,-3.2378383,17.074675,5.1470294,-0.14549604,1.2905961,-1.0126626,-0.91900396,-1.1349592,0.7581922
HPGP_GLOBAL_vs_ZENODO_10369064,HPGP_GLOBAL,GER-021,SNP_CLUSTER_01,NCG0163,0,1,0.09582007664910877,85.441444,2.9153907,17.485147,13.94013,-0.6439922,-1.3827084,2.9740703,1.4439659,-0.7683618,0.35895053
HPGP_GLOBAL_vs_ZENODO_10369064,HPGP_GLOBAL,GRE-001,SNP_CLUSTER_01,NCG0168,0,1,0.038383179541063406,90.613235,-4.717853,20.631155,2.0076215,-0.30930215,2.7028348,-4.6208243,-2.184285,2.895434,1.0830106
HPGP_GLOBAL_vs_ZENODO_10369064,HPGP_GLOBAL,GRE-004,SNP_CLUSTER_01,NCG0170,0,0,0.03615793804631237,90.18585,-5.5448823,21.543411,1.8441328,-0.4147109,3.8458729,-5.354157,-3.0644276,2.5442386,1.6707956
HPGP_GLOBAL_vs_ZENODO_10369064,HPGP_GLOBAL,GRE-008,SNP_CLUSTER_01,NCG0171,0,3,0.03624429290144692,89.46683,-2.5928297,20.679129,3.512387,0.08227847,1.8938932,-3.8388956,-0.99645114,3.123575,2.5710742
HPGP_GLOBAL_vs_ZENODO_10369064,HPGP_GLOBAL,GRE-012,SNP_CLUSTER_01,NCG0172,0,3,0.029288891818425266,89.99519,-3.8205962,20.33954,3.0833728,-0.32853797,2.6984277,-2.755047,-0.97865206,1.6408776,0.95397544
HPGP_GLOBAL_vs_ZENODO_10369064,HPGP_GLOBAL,GRE-019,SNP_CLUSTER_01,NCG0173,0,1,0.03945521925825624,90.08169,-3.8219223,20.470873,3.108668,-0.29201698,1.9778901,-2.9069905,-1.4777894,1.6529204,2.053044
HPGP_GLOBAL_vs_ZENODO_10369064,HPGP_GLOBAL,GRE-020,SNP_CLUSTER_01,NCG0174,0,0,0.03298581663064415,90.70187,-5.8585706,20.951683,0.6390351,-0.065997,2.323576,-5.169487,-3.1390789,3.5092297,1.0979444
HPGP_GLOBAL_vs_ZENODO_10369064,HPGP_GLOBAL,GRE-044,SNP_CLUSTER_01,NCG0176,0,3,0.04287620419534982,88.4337,-1.5591967,18.659786,4.8823824,0.034084562,1.6718574,-3.2025502,-1.8893628,1.7677505,1.3865151
HPGP_GLOBAL_vs_ZENODO_10369064,HPGP_GLOBAL,IND-005,SNP_CLUSTER_01,NCG0194,0,0,0.04560959811924836,90.27471,-2.4600742,15.757931,2.211221,0.4720455,2.1612487,-3.7433796,-2.4140925,1.6817003,-0.5663704
HPGP_GLOBAL_vs_ZENODO_10369064,HPGP_GLOBAL,IND-006,SNP_CLUSTER_01,NCG0195,0,1,0.035870326594822415,92.86982,-3.0972211,13.242158,1.9662673,0.8338426,3.0104878,-5.424179,-1.620977,2.7296596,1.6852438
HPGP_GLOBAL_vs_ZENODO_10369064,HPGP_GLOBAL,IND-007,SNP_CLUSTER_01,NCG0196,0,1,0.23974774489528222,85.391136,30.554253,8.111919,27.82357,-0.84150076,-10.073001,10.590035,0.5740232,-6.472872,-6.805954
HPGP_GLOBAL_vs_ZENODO_10369064,HPGP_GLOBAL,IND-008,SNP_CLUSTER_01,NCG0197,0,2,0.16958701051925967,85.2891,24.216686,9.962752,23.06726,-0.69154716,-8.273758,8.759896,1.8611529,-4.8589883,-5.25975
HPGP_GLOBAL_vs_ZENODO_10369064,HPGP_GLOBAL,IND-009,SNP_CLUSTER_01,NCG0198,0,3,0.15511860071904904,84.79791,28.450369,8.058305,26.867104,-0.6354557,-8.732834,9.3345585,1.296186,-6.4814343,-6.8688555
HPGP_GLOBAL_vs_ZENODO_10369064,HPGP_GLOBAL,ISL-002,SNP_CLUSTER_01,NCG0199,0,3,0.14983126661929674,77.85742,24.95524,18.822468,39.501244,-3.4826152,-11.218864,13.464037,3.033003,-8.250892,-3.8872023
HPGP_GLOBAL_vs_ZENODO_10369064,HPGP_GLOBAL,ISL-004,SNP_CLUSTER_01,NCG0200,0,1,0.3335346446015463,78.10589,24.752634,18.446915,39.47326,-3.5470877,-11.793619,13.450763,2.6220534,-7.830501,-3.5871568
HPGP_GLOBAL_vs_ZENODO_10369064,HPGP_GLOBAL,ISL-005,SNP_CLUSTER_01,NCG0201,0,2,0.25096579508802214,78.40366,24.307596,18.998455,38.66997,-3.295036,-11.596868,13.350606,2.9861276,-7.775094,-4.062922
HPGP_GLOBAL_vs_ZENODO_10369064,HPGP_GLOBAL,ISL-007,SNP_CLUSTER_01,NCG0202,0,4,0.37122275358219275,77.72489,25.193953,18.724758,39.68828,-3.5849946,-11.423075,13.342956,2.7057943,-7.1873565,-4.3975754
HPGP_GLOBAL_vs_ZENODO_10369064,HPGP_GLOBAL,ISL-009,SNP_CLUSTER_01,NCG0203,0,3,0.142821110011256,78.15479,25.365982,19.038694,39.431046,-3.7038374,-11.957806,13.857938,3.3672917,-8.469993,-3.59988
HPGP_GLOBAL_vs_ZENODO_10369064,HPGP_GLOBAL,ISR-006,SNP_CLUSTER_01,NCG0206,0,2,0.058671160596608096,88.3199,-0.87608075,20.368578,6.8918915,-0.6265137,1.2538574,-3.435254,-2.0435684,1.392404,1.5670421
HPGP_GLOBAL_vs_ZENODO_10369064,HPGP_GLOBAL,ITA-004,SNP_CLUSTER_01,NCG0209,0,1,0.0427991375042129,89.81785,-5.02105,20.689089,2.8540297,-0.29877868,3.4891794,-3.4893506,-2.9262679,2.9127383,2.2611053
HPGP_GLOBAL_vs_ZENODO_10369064,HPGP_GLOBAL,ITA-007,SNP_CLUSTER_01,NCG0211,0,4,0.040147262783122604,88.94851,-5.1457415,19.41598,3.4357631,-0.3868022,3.489503,-2.4467027,-1.1710712,2.8311162,2.599424
HPGP_GLOBAL_vs_ZENODO_10369064,HPGP_GLOBAL,ITA-008,SNP_CLUSTER_01,NCG0212,0,1,0.05610485093766436,88.642265,-0.6549023,18.682528,9.329587,-0.7384444,1.3712381,-1.2251823,0.45029667,1.6684852,1.1381725
HPGP_GLOBAL_vs_ZENODO_10369064,HPGP_GLOBAL,ITA-009,SNP_CLUSTER_01,NCG0213,0,2,0.04056227814354997,90.09933,-5.8117213,16.991716,2.9604354,-0.43768233,2.976685,-2.4165792,0.31184104,2.8000865,0.30501884
HPGP_GLOBAL_vs_ZENODO_10369064,HPGP_GLOBAL,ITA-012,SNP_CLUSTER_01,NCG0215,0,2,0.047352057695799615,89.367325,-3.2415626,17.410395,4.728454,-0.8383833,2.1881833,-0.8462977,-0.5416809,2.503164,0.9068884
HPGP_GLOBAL_vs_ZENODO_10369064,HPGP_GLOBAL,ITA-013,SNP_CLUSTER_01,NCG0216,0,0,0.034926963773565356,90.20464,-6.3308997,19.921352,0.94387394,-0.40804166,3.355057,-4.4466834,-1.4891768,1.0657042,0.4400851
HPGP_GLOBAL_vs_ZENODO_10369064,HPGP_GLOBAL,ITA-015,SNP_CLUSTER_01,NCG0217,0,1,0.04178673886462968,90.21924,-2.618663,18.538435,4.713925,-0.39688727,2.7254128,-2.2219903,-1.2322162,1.3535174,3.1003804
HPGP_GLOBAL_vs_ZENODO_10369064,HPGP_GLOBAL,ITA-016,SNP_CLUSTER_01,NCG0218,0,4,0.04107095960304783,89.36526,-4.039114,18.060055,4.1234508,-0.8435199,4.291529,-2.3475008,-0.9342193,4.1327147,1.2664171
HPGP_GLOBAL_vs_ZENODO_10369064,HPGP_GLOBAL,ITA-022,SNP_CLUSTER_01,NCG0219,0,3,0.040623305871005114,88.78651,1.772375,20.45087,9.03411,-0.84129596,1.49435,-2.0967028,-0.4717971,1.2559495,1.2751285
HPGP_GLOBAL_vs_ZENODO_10369064,HPGP_GLOBAL,ITA-026,SNP_CLUSTER_01,NCG0220,0,1,0.062072691368268075,88.87215,-4.8060374,17.60193,4.642865,-1.1118158,3.8709574,-4.3019137,-1.8275452,4.568959,2.7837167
HPGP_GLOBAL_vs_ZENODO_10369064,HPGP_GLOBAL,ITA-027,SNP_CLUSTER_01,NCG0221,0,1,0.058599031756588996,88.40999,-2.194228,20.921165,4.5735226,-0.07293318,2.5504105,-3.263431,-0.9133138,2.0409224,3.0992248
HPGP_GLOBAL_vs_ZENODO_10369064,HPGP_GLOBAL,ITA-028,SNP_CLUSTER_01,NCG0222,0,3,0.03331736235530273,89.54383,-2.5707505,21.188433,6.486653,-0.73688984,1.1181085,-3.8769617,-1.7581666,3.020711,1.4444449
HPGP_GLOBAL_vs_ZENODO_10369064,HPGP_GLOBAL,ITA-030,SNP_CLUSTER_01,NCG0223,0,4,0.0449359191978609,88.55324,-2.0728693,18.196337,7.4129415,-0.9167817,0.63338125,-1.1815623,-0.870395,0.9960085,0.033652347
HPGP_GLOBAL_vs_ZENODO_10369064,HPGP_GLOBAL,KAZ-001,SNP_CLUSTER_01,NCG0238,0,3,0.029523328448189983,90.17625,-5.244645,19.238657,3.016879,-0.41440794,2.5598254,-2.863627,-1.3024275,2.6515393,1.4036714
HPGP_GLOBAL_vs_ZENODO_10369064,HPGP_GLOBAL,KGZ-001,SNP_CLUSTER_01,NCG0239,0,1,0.05662836592714806,90.172424,0.5265025,19.055004,0.9560499,0.021004912,0.76333624,-5.1381025,-1.6656214,2.3387427,1.1215703
HPGP_GLOBAL_vs_ZENODO_10369064,HPGP_GLOBAL,KGZ-004,SNP_CLUSTER_01,NCG0240,0,2,0.32288141686671423,86.325134,32.882687,7.3426476,14.469265,-1.5701958,-5.1034694,3.865503,1.4192656,-1.6728513,-0.4170345
HPGP_GLOBAL_vs_ZENODO_10369064,HPGP_GLOBAL,KGZ-009,SNP_CLUSTER_01,NCG0241,0,3,0.0661892292532816,88.08239,6.265572,18.360676,6.283402,0.11538512,-0.9612184,-1.6633526,-2.0496135,2.5560253,0.34861404
HPGP_GLOBAL_vs_ZENODO_10369064,HPGP_GLOBAL,KGZ-010,SNP_CLUSTER_01,NCG0242,0,3,0.19472574363090403,86.9545,27.061958,9.946686,14.234057,-1.4805335,-4.051335,2.6742861,0.07587613,-0.8469344,-1.0639931
HPGP_GLOBAL_vs_ZENODO_10369064,HPGP_GLOBAL,LAT-002,SNP_CLUSTER_01,NCG0266,0,0,0.047451528451277515,88.251495,-1.0868869,21.466253,6.1664276,-1.3542105,0.3745952,-3.6392257,-2.3487322,1.204218,1.6753724
HPGP_GLOBAL_vs_ZENODO_10369064,HPGP_GLOBAL,LAT-003,SNP_CLUSTER_01,NCG0267,0,2,0.04451713434103548,90.37506,-1.2370107,19.98569,2.2165496,0.11026934,0.9449262,-5.0720887,-2.0986173,1.9293643,0.7778502
HPGP_GLOBAL_vs_ZENODO_10369064,HPGP_GLOBAL,LAT-009,SNP_CLUSTER_01,NCG0268,0,4,0.05949646157449952,87.1688,2.9086592,20.115253,12.953657,-1.5537827,-1.2950203,0.2447867,-0.25454554,1.4757328,0.78641176
HPGP_GLOBAL_vs_ZENODO_10369064,HPGP_GLOBAL,LAT-014,SNP_CLUSTER_01,NCG0269,0,4,0.08791692370486277,85.36248,6.624467,20.457264,16.553308,-1.7966487,-2.4915898,1.5694232,-0.48469695,-1.5195467,0.21008983
HPGP_GLOBAL_vs_ZENODO_10369064,HPGP_GLOBAL,LAT-015,SNP_CLUSTER_01,NCG0270,0,0,0.07570884357154631,83.9645,10.365194,20.049347,21.291653,-2.1403232,-4.2690854,5.578445,1.4101146,-3.4193401,0.7939433
HPGP_GLOBAL_vs_ZENODO_10369064,HPGP_GLOBAL,LAT-017,SNP_CLUSTER_01,NCG0271,0,1,0.08528279522825401,86.97138,3.646045,19.994637,12.617165,-1.1843042,-1.5371901,-1.8051114,-0.7836438,0.97224253,0.70341474
HPGP_GLOBAL_vs_ZENODO_10369064,HPGP_GLOBAL,LAT-018,SNP_CLUSTER_01,NCG0272,0,0,0.05767786775022076,85.71872,7.739852,20.642384,18.806416,-2.7655559,-2.7841914,4.6200714,1.507532,-1.2704289,0.7025269
HPGP_GLOBAL_vs_ZENODO_10369064,HPGP_GLOBAL,LAT-019,SNP_CLUSTER_01,NCG0273,0,0,0.06971930810506831,84.52181,9.839751,19.785944,22.481077,-2.4848955,-3.8060973,5.0835767,0.84619147,-2.8933384,0.09325791
HPGP_GLOBAL_vs_ZENODO_10369064,HPGP_GLOBAL,LAT-021,SNP_CLUSTER_01,NCG0274,0,1,0.10588204992352974,84.844955,9.560985,20.10175,20.616983,-2.2637162,-3.7700315,4.753545,0.13675657,-3.228219,0.014144729
HPGP_GLOBAL_vs_ZENODO_10369064,HPGP_GLOBAL,LAT-023,SNP_CLUSTER_01,NCG0275,0,0,0.05087942303548058,87.06198,3.7422144,20.768059,13.500931,-0.749446,-1.7367604,0.41035315,0.772806,0.1140075,-0.8745418
HPGP_GLOBAL_vs_ZENODO_10369064,HPGP_GLOBAL,LAT-024,SNP_CLUSTER_01,NCG0276,0,2,0.12751366778757484,83.39831,12.33287,18.906473,22.787416,-2.7363205,-4.8399496,5.7816105,0.9049705,-3.9080412,-0.4154428
HPGP_GLOBAL_vs_ZENODO_10369064,HPGP_GLOBAL,LAT-026,SNP_CLUSTER_01,NCG0277,0,0,0.06696665678954936,86.419106,4.5175385,20.659168,11.43189,-0.7694308,-0.50787795,-0.8977004,-0.12648176,0.96753246,1.7185097
HPGP_GLOBAL_vs_ZENODO_10369064,HPGP_GLOBAL,LAT-027,SNP_CLUSTER_01,NCG0278,0,1,0.12343218013072971,86.27455,11.024089,17.712856,14.638728,-1.2401646,-1.8284215,1.2179711,0.7103016,-0.543978,0.6541209
HPGP_GLOBAL_vs_ZENODO_10369064,HPGP_GLOBAL,LAT-029,SNP_CLUSTER_01,NCG0279,0,4,0.11400289540866837,87.164276,11.820537,15.728866,11.09543,0.026770871,-1.4102865,-0.6392123,-0.101913705,0.48552024,0.16173077
HPGP_GLOBAL_vs_ZENODO_10369064,HPGP_GLOBAL,LIT-001,SNP_CLUSTER_01,NCG0280,0,2,0.04685084049296093,89.17262,-0.9255622,21.266909,8.60447,-1.0697376,0.19365658,-3.166164,-1.5897636,3.4786665,-0.0010489693
HPGP_GLOBAL_vs_ZENODO_10369064,HPGP_GLOBAL,LIT-003,SNP_CLUSTER_01,NCG0281,0,1,0.09266490110128181,86.23825,6.7032995,20.415169,14.982751,-1.5397553,-2.3514192,1.0004759,2.070417,0.056031384,-0.035901725
HPGP_GLOBAL_vs_ZENODO_10369064,HPGP_GLOBAL,LIT-006,SNP_CLUSTER_01,NCG0282,0,1,0.06652985628591102,88.0674,1.3947827,20.474203,9.15932,-1.5719119,-0.45313916,-2.1346974,-0.5700019,1.848433,1.5188727
HPGP_GLOBAL_vs_ZENODO_10369064,HPGP_GLOBAL,LIT-008,SNP_CLUSTER_01,NCG0283,0,3,0.04205784723311914,88.1937,1.3983375,20.556818,8.403416,-1.3650836,-1.6799487,-2.6034346,-0.12544706,1.4244789,1.1830565
HPGP_GLOBAL_vs_ZENODO_10369064,HPGP_GLOBAL,LIT-010,SNP_CLUSTER_01,NCG0284,0,0,0.06300514019584018,86.07477,6.436462,20.02365,15.666494,-1.7629552,-2.477996,1.4450725,0.20105168,-1.0123124,1.0186934
HPGP_GLOBAL_vs_ZENODO_10369064,HPGP_GLOBAL,LIT-013,SNP_CLUSTER_01,NCG0285,0,4,0.06669067392630919,86.75953,3.2368433,21.013414,11.771011,-1.6430115,-0.8214514,-0.4426979,-0.58469105,1.0794601,1.8756167
HPGP_GLOBAL_vs_ZENODO_10369064,HPGP_GLOBAL,LIT-020,SNP_CLUSTER_01,NCG0286,0,2,0.06570564777805178,87.21233,3.6437857,20.410387,13.281608,-1.1919467,-2.1066616,-0.11565937,-0.17096747,0.8638895,0.16877754
HPGP_GLOBAL_vs_ZENODO_10369064,HPGP_GLOBAL,LIT-021,SNP_CLUSTER_01,NCG0287,0,3,0.06904486938154018,83.96269,10.895718,20.331882,22.45317,-2.6229796,-4.9067793,5.4272876,0.47833216,-2.6316261,0.8518512
HPGP_GLOBAL_vs_ZENODO_10369064,HPGP_GLOBAL,LIT-025,SNP_CLUSTER_01,NCG0288,0,0,0.06104254750464479,86.48406,6.7192316,19.925169,15.770919,-1.904361,-1.9341402,1.5395521,0.9167377,-0.17221607,0.36383355
HPGP_GLOBAL_vs_ZENODO_10369064,HPGP_GLOBAL,LIT-028,SNP_CLUSTER_01,NCG0289,0,1,0.08763521403321688,86.16268,5.5805764,20.65665,16.547932,-1.7345443,-1.5033095,1.2638681,-0.24254927,-0.4629936,0.4904304
HPGP_GLOBAL_vs_ZENODO_10369064,HPGP_GLOBAL,LIT-032,SNP_CLUSTER_01,NCG0290,0,2,0.06583107816263539,87.011765,3.7579007,20.407604,12.750072,-1.4173797,-0.9274752,1.9777898,0.28477478,0.82016814,-0.39031476
HPGP_GLOBAL_vs_ZENODO_10369064,HPGP_GLOBAL,LIT-041,SNP_CLUSTER_01,NCG0291,0,0,0.0597908530082474,87.09518,7.700648,18.418406,14.995235,-1.5647451,-2.5428917,2.03867,0.6074628,-1.6088806,-1.049219
HPGP_GLOBAL_vs_ZENODO_10369064,HPGP_GLOBAL,MAL-019,SNP_CLUSTER_01,NCG0298,0,1,0.26803251630652936,85.04368,30.805843,7.64927,26.884254,-0.8098519,-9.465329,10.164724,1.2677205,-6.000455,-7.140635
HPGP_GLOBAL_vs_ZENODO_10369064,HPGP_GLOBAL,POL-004,SNP_CLUSTER_01,NCG0335,0,2,0.04798057230881354,89.211784,-1.7573819,20.59041,4.9059696,-0.4123705,0.82931274,-4.06524,-1.1561295,1.0370344,0.59800035
HPGP_GLOBAL_vs_ZENODO_10369064,HPGP_GLOBAL,POL-005,SNP_CLUSTER_01,NCG0336,0,0,0.04690444893950053,88.257324,-1.7069091,21.604921,6.4555144,-1.1216834,0.71715987,-4.0394745,-2.1373124,2.33885,-0.2696642
HPGP_GLOBAL_vs_ZENODO_10369064,HPGP_GLOBAL,POL-006,SNP_CLUSTER_01,NCG0337,0,2,0.042697855611619366,89.61195,-2.04884,21.396324,3.9905152,-0.50493675,-0.1308873,-2.841827,-2.4464018,2.5734305,1.0930729
HPGP_GLOBAL_vs_ZENODO_10369064,HPGP_GLOBAL,POL-007,SNP_CLUSTER_01,NCG0338,0,1,0.05890231607225353,88.71581,-1.8516358,20.557734,5.4805765,-1.194127,1.0754284,-3.0412498,-1.9880037,3.7186267,1.9775765
HPGP_GLOBAL_vs_ZENODO_10369064,HPGP_GLOBAL,POL-008,SNP_CLUSTER_01,NCG0339,0,1,0.0533319206112307,89.431595,-0.49176213,20.091476,6.1614914,-0.7618016,1.3242385,-3.2447171,-2.076556,2.1298234,-0.23765545
HPGP_GLOBAL_vs_ZENODO_10369064,HPGP_GLOBAL,POL-009,SNP_CLUSTER_01,NCG0340,0,2,0.05440560019232121,88.126015,0.2586906,20.357286,9.32278,-0.58736205,0.33318916,-0.7992758,-0.14531219,1.46437,-0.9661785
HPGP_GLOBAL_vs_ZENODO_10369064,HPGP_GLOBAL,POL-010,SNP_CLUSTER_01,NCG0341,0,4,0.03715244163834437,89.141045,-2.5715556,21.282997,5.556994,-0.62540054,1.8314508,-3.7905931,-2.2347052,1.9961756,2.6093955
HPGP_GLOBAL_vs_ZENODO_10369064,HPGP_GLOBAL,POL-104,SNP_CLUSTER_01,NCG0342,0,4,0.07653286370975447,86.22981,4.724761,19.416807,15.003319,-1.5807676,-1.3298308,0.9962443,0.56005883,0.17425185,0.67361367
HPGP_GLOBAL_vs_ZENODO_10369064,HPGP_GLOBAL,POL-105,SNP_CLUSTER_01,NCG0343,0,4,0.061272004859264956,87.13668,3.218982,20.68099,12.403962,-1.4837742,-0.22760561,0.18804775,0.12663911,1.8488462,-0.09402968
HPGP_GLOBAL_vs_ZENODO_10369064,HPGP_GLOBAL,POL-106,SNP_CLUSTER_01,NCG0344,0,3,0.04754543263030895,89.20236,-1.8886577,22.614304,7.4205494,-1.0695567,2.3388667,-9.033591,-4.0948753,6.549219,7.6975884
HPGP_GLOBAL_vs_ZENODO_10369064,HPGP_GLOBAL,POL-108,SNP_CLUSTER_01,NCG0344,0,3,0.0474955750621309,89.22399,-1.8620037,22.608644,7.4293246,-1.0956032,2.3511856,-9.086962,-4.0940146,6.533824,7.7306514
HPGP_GLOBAL_vs_ZENODO_10369064,HPGP_GLOBAL,POL-110,SNP_CLUSTER_01,NCG0345,0,0,0.04565782658499973,89.11271,-2.2837574,21.324026,5.4369574,-0.6022183,0.9687621,-6.1386156,-3.7197056,3.9250448,3.2362554
HPGP_GLOBAL_vs_ZENODO_10369064,HPGP_GLOBAL,RUS-001,SNP_CLUSTER_01,NCG0365,0,4,0.05796532615174085,87.56584,2.6446412,20.430635,10.565071,-1.1671613,1.4333398,-0.7418659,-0.91081864,1.3500286,1.5075521
HPGP_GLOBAL_vs_ZENODO_10369064,HPGP_GLOBAL,RUS-003,SNP_CLUSTER_01,NCG0366,0,0,0.05592071296587215,87.13436,2.23212,22.004179,10.540543,-0.81868744,-0.115695104,-2.125955,-1.9650414,1.75311,0.43245316
HPGP_GLOBAL_vs_ZENODO_10369064,HPGP_GLOBAL,RUS-004,SNP_CLUSTER_01,NCG0367,0,0,0.0602020211198464,87.12522,4.0540237,19.113401,11.661542,-1.1929984,-0.9318928,-0.06306596,-0.60147864,1.4425935,1.1006578
HPGP_GLOBAL_vs_ZENODO_10369064,HPGP_GLOBAL,RUS-007,SNP_CLUSTER_01,NCG0368,0,0,0.05531234651340103,87.628815,5.4867215,20.250662,13.219355,-1.1435864,-0.6934082,-0.077128746,-0.42636272,0.31944507,0.80374914
HPGP_GLOBAL_vs_ZENODO_10369064,HPGP_GLOBAL,RUS-011,SNP_CLUSTER_01,NCG0369,0,1,0.07546385902588937,87.717575,1.6882604,20.583,7.1045876,-0.3457587,0.3025888,-2.863473,-1.3021443,1.2239158,0.34213376
HPGP_GLOBAL_vs_ZENODO_10369064,HPGP_GLOBAL,SPA-101,SNP_CLUSTER_01,NCG0377,0,0,0.03822457537535305,89.28597,-4.342243,21.56005,2.0203407,0.0370823,1.0982893,-3.8283863,-1.6498803,2.8396919,1.9111956
HPGP_GLOBAL_vs_ZENODO_10369064,HPGP_GLOBAL,SPA-504,SNP_CLUSTER_01,NCG0397,0,3,0.034984286399513585,89.56289,-2.948997,20.778988,5.863879,-0.28300303,2.685482,-4.3760824,-1.3365284,3.3888412,1.8115788
HPGP_GLOBAL_vs_ZENODO_10369064,HPGP_GLOBAL,SPA-806,SNP_CLUSTER_01,NCG0408,0,4,0.046930878066416735,88.059975,1.4219216,21.832596,10.516099,-0.72911716,-0.07119197,-2.262564,-1.089987,1.2638248,0.7019423
HPGP_GLOBAL_vs_ZENODO_10369064,HPGP_GLOBAL,SWE-008,SNP_CLUSTER_01,NCG0410,0,1,0.13504235018671928,83.75961,10.428355,17.809547,21.56393,-2.0589662,-5.566359,7.318804,2.4717374,-1.6821058,-2.5526185
HPGP_GLOBAL_vs_ZENODO_10369064,HPGP_GLOBAL,SWE-010,SNP_CLUSTER_01,NCG0411,0,0,0.08100136869891544,83.6557,9.449226,18.460585,20.276741,-1.9075513,-3.8192642,6.371506,1.707882,-2.8159828,0.392791
HPGP_GLOBAL_vs_ZENODO_10369064,HPGP_GLOBAL,SWE-015,SNP_CLUSTER_01,NCG0412,0,1,0.10086639207470745,85.31431,6.2292128,17.473856,17.909163,-1.7877026,-3.2734342,3.5237207,-0.3012029,-2.9316282,-0.14959916
HPGP_GLOBAL_vs_ZENODO_10369064,HPGP_GLOBAL,SWE-016,SNP_CLUSTER_01,NCG0413,0,4,0.10539906341191431,84.67697,6.137432,17.920479,16.532192,-1.665909,-2.7548952,4.719431,0.57219654,-1.7237357,-2.27228
HPGP_GLOBAL_vs_ZENODO_10369064,HPGP_GLOBAL,SWE-026,SNP_CLUSTER_01,NCG0414,0,3,0.059941029262372554,85.451294,6.9493513,18.263966,15.231531,-1.831861,-3.295086,3.953684,-0.22732075,-1.6786089,-2.3330815
HPGP_GLOBAL_vs_ZENODO_10369064,HPGP_GLOBAL,SWE-028,SNP_CLUSTER_01,NCG0415,0,2,0.1639518231367263,81.82288,12.058128,17.65075,23.975233,-2.867215,-5.0370417,7.198175,1.3296221,-4.5845,-0.46933505
HPGP_GLOBAL_vs_ZENODO_10369064,HPGP_GLOBAL,SWE-031,SNP_CLUSTER_01,NCG0416,0,4,0.09883003787615725,84.5293,7.273155,17.643492,19.203026,-2.1982145,-3.9034529,7.0311904,1.0501275,-3.6866999,-2.2518063
HPGP_GLOBAL_vs_ZENODO_10369064,HPGP_GLOBAL,SWT-002,SNP_CLUSTER_01,NCG0418,0,2,0.04312333229158934,89.70334,-2.2247517,21.291883,5.3977637,-0.23839502,1.3806522,-4.324447,-1.9169842,2.3964489,0.39033377
HPGP_GLOBAL_vs_ZENODO_10369064,HPGP_GLOBAL,SWT-004,SNP_CLUSTER_01,NCG0419,0,0,0.06193617419991731,86.7963,2.9629166,20.003534,10.642659,-0.34069756,-0.6205883,-1.7655574,-0.76076984,-0.37518412,1.8782407
HPGP_GLOBAL_vs_ZENODO_10369064,HPGP_GLOBAL,SWT-006,SNP_CLUSTER_01,NCG0421,0,4,0.03586631910674327,89.52648,-2.6100025,20.582165,4.398435,-0.058558255,1.7122631,-3.8888752,-2.740442,1.9095215,0.6974303
HPGP_GLOBAL_vs_ZENODO_10369064,HPGP_GLOBAL,SWT-008,SNP_CLUSTER_01,NCG0422,0,1,0.049713383893459445,89.2057,-2.9774206,20.499334,4.972388,0.0040006107,0.81157845,-3.3662174,-1.9718843,2.755854,1.9347485
HPGP_GLOBAL_vs_ZENODO_10369064,HPGP_GLOBAL,SWT-011,SNP_CLUSTER_01,NCG0424,0,0,0.054296062405057355,86.09274,1.188814,17.18793,12.117538,-1.5523628,-2.7300184,2.8164818,-0.08185947,-2.0710516,-0.9578026
HPGP_GLOBAL_vs_ZENODO_10369064,HPGP_GLOBAL,SWT-014,SNP_CLUSTER_01,NCG0427,0,0,0.0412347462846329,89.70723,-4.6868205,21.345745,0.909055,-0.058279987,2.0846632,-6.056226,-2.947966,4.1697965,1.2768427
HPGP_GLOBAL_vs_ZENODO_10369064,HPGP_GLOBAL,TUR-001,SNP_CLUSTER_01,NCG0430,0,2,0.07714015699161403,86.43176,2.8877366,21.793148,12.356282,-0.8709625,-0.6536368,-0.8523979,-0.90609777,1.4923948,0.19411673
HPGP_GLOBAL_vs_ZENODO_10369064,HPGP_GLOBAL,TUR-002,SNP_CLUSTER_01,NCG0431,0,1,0.07136132807107437,88.259735,2.542728,21.388344,11.93894,-0.9602632,-2.3923745,-3.6014173,-2.7552235,5.6823473,9.611199
HPGP_GLOBAL_vs_ZENODO_10369064,HPGP_GLOBAL,TUR-005,SNP_CLUSTER_01,NCG0431,0,1,0.0708373580181549,88.268005,2.5099192,21.459326,11.948107,-0.8640212,-2.3694754,-3.6046014,-2.791971,5.6326966,9.637401
HPGP_GLOBAL_vs_ZENODO_10369064,HPGP_GLOBAL,TUR-008,SNP_CLUSTER_01,NCG0433,0,1,0.05654118147161406,88.56792,-2.2891984,21.54191,5.0879445,-0.2877343,2.0797272,-3.814891,-2.1272206,1.9291812,1.1005274
HPGP_GLOBAL_vs_ZENODO_10369064,HPGP_GLOBAL,TUR-011,SNP_CLUSTER_01,NCG0435,0,1,0.09020173591493273,86.451645,4.5201406,21.256866,11.988898,-0.7704724,-1.4197807,-0.4901204,-1.3184123,0.58439165,-0.50825334
HPGP_GLOBAL_vs_ZENODO_10369064,HPGP_GLOBAL,TUR-014,SNP_CLUSTER_01,NCG0436,0,0,0.044140301319607986,88.56294,-1.2215668,21.277649,6.098889,-0.63338906,0.90309566,-2.6794956,-2.323277,0.8839265,0.3747717
HPGP_GLOBAL_vs_ZENODO_10369064,HPGP_GLOBAL,TUR-017,SNP_CLUSTER_01,NCG0437,0,4,0.045549692354033285,88.28408,0.22345334,21.937649,8.466362,-0.90068084,-0.19582486,-2.9033165,-1.7662238,2.4836874,1.7947756
HPGP_GLOBAL_vs_ZENODO_10369064,HPGP_GLOBAL,TUR-023,SNP_CLUSTER_01,NCG0438,0,4,0.06911523352314804,86.24213,5.00967,22.517355,15.3090105,-1.4832509,-1.1524137,-0.45924637,-0.37211844,0.9214724,-0.5510645
HPGP_GLOBAL_vs_ZENODO_10369064,HPGP_GLOBAL,USA-106,SNP_CLUSTER_01,NCG0454,0,1,0.05047515133284844,88.941284,-3.188407,19.206778,3.6584945,-0.74029845,0.27225327,-1.8110205,-2.9040582,0.6077132,-0.30908078
HPGP_GLOBAL_vs_ZENODO_10369064,ZENODO_10369064,S45,SNP_CLUSTER_01,NCG0504,1,3,0.27001916618371846,85.5786,27.768862,7.702327,10.708409,-0.8119401,-1.9207721,1.0537692,0.42970496,-0.848044,-1.0736791
HPGP_GLOBAL_vs_ZENODO_10369064,ZENODO_10369064,S55,SNP_CLUSTER_01,NCG0510,1,0,0.44759403949099064,85.38308,38.064747,3.9898915,10.371001,-0.7889971,-2.7757552,1.9464338,-0.0017745509,-0.58813334,-0.95579195
HPGP_GLOBAL_vs_ZENODO_10369064,HPGP_GLOBAL,ZAF-001,SNP_CLUSTER_02,NCG0464,0,4,0.07895215791042452,89.640526,-3.8574908,-17.669752,13.467136,148.39034,-0.81283295,0.76462954,4.4991937,-1.2496291,-0.56071496
HPGP_GLOBAL_vs_ZENODO_10369064,HPGP_GLOBAL,ZAF-006,SNP_CLUSTER_02,NCG0467,0,1,0.05736102186988202,89.874626,-3.9620824,-17.595959,12.689858,146.86961,-1.4518313,0.5405415,4.83853,-1.1069354,-1.0326508
HPGP_GLOBAL_vs_ZENODO_10369064,HPGP_GLOBAL,ARG-008,SNP_CLUSTER_03,NCG0074,0,2,0.8833120760984637,90.898796,70.98296,-17.424334,-4.4106646,-0.4860447,1.5159352,-1.5374454,-1.1253173,0.343377,0.21869932
HPGP_GLOBAL_vs_ZENODO_10369064,HPGP_GLOBAL,ARG-009,SNP_CLUSTER_03,NCG0075,0,1,0.8681789030008695,90.29573,68.435036,-15.96046,-3.557339,-0.77139765,0.8897361,-0.85980475,-0.9287671,-0.68865895,-0.02860814
HPGP_GLOBAL_vs_ZENODO_10369064,HPGP_GLOBAL,ARG-010,SNP_CLUSTER_03,NCG0076,0,0,0.8909368270842254,90.24659,69.83108,-17.27874,-4.580519,-0.67420816,1.6413938,-1.912751,-0.92209214,-0.048647203,0.15594976
HPGP_GLOBAL_vs_ZENODO_10369064,HPGP_GLOBAL,CHN-001,SNP_CLUSTER_03,NCG0119,0,1,0.8891237950447728,90.92111,70.96419,-17.600657,-4.922027,-0.78975403,1.9365948,-1.9448752,-1.3937308,1.0551013,-0.6045569
HPGP_GLOBAL_vs_ZENODO_10369064,HPGP_GLOBAL,CHN-002,SNP_CLUSTER_03,NCG0120,0,0,0.8807260789610396,89.90555,68.89324,-15.9390955,-3.76185,-0.36667094,1.5420238,-0.9112569,-1.1697398,0.13810988,0.5102424
HPGP_GLOBAL_vs_ZENODO_10369064,HPGP_GLOBAL,CHN-004,SNP_CLUSTER_03,NCG0121,0,0,0.8796929083043451,90.44876,69.50956,-16.381216,-3.7995276,-0.57152945,1.8072513,-1.4418429,-0.8039458,0.39228263,0.15617487
HPGP_GLOBAL_vs_ZENODO_10369064,HPGP_GLOBAL,CHN-005,SNP_CLUSTER_03,NCG0122,0,1,0.9002487003636828,90.20869,70.85074,-17.536505,-5.030116,-0.84112245,2.6513484,-1.281578,-1.5506108,0.6880538,-0.05054631
HPGP_GLOBAL_vs_ZENODO_10369064,HPGP_GLOBAL,CHN-009,SNP_CLUSTER_03,NCG0123,0,2,0.8979518242977255,90.22388,70.631996,-17.172813,-5.2813973,-0.5353949,2.4768755,-1.2807671,-0.798582,0.4005966,-0.5438335
HPGP_GLOBAL_vs_ZENODO_10369064,HPGP_GLOBAL,CHN-010,SNP_CLUSTER_03,NCG0124,0,1,0.882920932496461,90.96468,70.146454,-17.180902,-5.437079,-1.1623579,2.6910987,-1.9117972,-1.3384569,0.84228003,0.19279051
HPGP_GLOBAL_vs_ZENODO_10369064,HPGP_GLOBAL,JAP-002,SNP_CLUSTER_03,NCG0224,0,3,0.9097719142033259,90.79016,71.82794,-18.941576,-6.6909823,-0.5154503,2.036045,-1.2029742,-0.94188404,0.7968623,-0.26082048
HPGP_GLOBAL_vs_ZENODO_10369064,HPGP_GLOBAL,JAP-009,SNP_CLUSTER_03,NCG0225,0,0,0.8948482171422891,90.54296,70.75851,-17.597454,-4.791222,-0.84247375,2.4565694,-1.610559,-1.5285579,0.38641453,-0.08245739
HPGP_GLOBAL_vs_ZENODO_10369064,HPGP_GLOBAL,JAP-010,SNP_CLUSTER_03,NCG0226,0,3,0.893731771664251,90.62139,69.92595,-17.473604,-5.3842726,-0.7132199,2.3226788,-1.502315,-0.8035957,0.31335622,0.16291927
HPGP_GLOBAL_vs_ZENODO_10369064,HPGP_GLOBAL,JAP-012,SNP_CLUSTER_03,NCG0227,0,4,0.8799380404097041,90.65227,69.37936,-17.279243,-5.5250626,-0.22204271,1.5475045,-1.1958824,-0.7117251,0.34283882,-0.06567734
HPGP_GLOBAL_vs_ZENODO_10369064,HPGP_GLOBAL,JAP-013,SNP_CLUSTER_03,NCG0228,0,2,0.8772425166490075,90.41104,69.4364,-16.538464,-4.213119,-0.8184937,1.9609009,-0.5728954,-0.3017359,-0.15429765,-0.054145455
HPGP_GLOBAL_vs_ZENODO_10369064,HPGP_GLOBAL,JAP-015,SNP_CLUSTER_03,NCG0229,0,4,0.8928629884577414,90.89826,71.58403,-18.812675,-5.4328837,-0.38692456,1.8863298,-1.4493374,-0.5612046,0.30318576,-0.07782683
HPGP_GLOBAL_vs_ZENODO_10369064,HPGP_GLOBAL,JAP-019,SNP_CLUSTER_03,NCG0230,0,0,0.8997709745944784,90.859825,72.20141,-18.34202,-6.0044255,-0.74487907,2.6423273,-1.0198649,-0.6533111,0.18908925,0.39998767
HPGP_GLOBAL_vs_ZENODO_10369064,HPGP_GLOBAL,JAP-022,SNP_CLUSTER_03,NCG0231,0,1,0.8878845999510202,90.74526,70.74193,-18.575739,-5.078141,-0.32011616,1.4125737,-1.017558,-0.44592953,0.19943213,0.11953922
HPGP_GLOBAL_vs_ZENODO_10369064,HPGP_GLOBAL,JAP-028,SNP_CLUSTER_03,NCG0232,0,0,0.9003903062627767,90.68996,71.72758,-18.450312,-6.2443447,-0.56858367,2.1652954,-1.1245203,-1.1310997,0.42631194,-0.9576383
HPGP_GLOBAL_vs_ZENODO_10369064,HPGP_GLOBAL,KOR-002,SNP_CLUSTER_03,NCG0243,0,3,0.8643115342511177,90.31707,67.87521,-15.690411,-3.5061054,-1.1520671,1.3312331,-0.5502313,-0.7932159,-0.94354916,-0.39216587
HPGP_GLOBAL_vs_ZENODO_10369064,HPGP_GLOBAL,KOR-007,SNP_CLUSTER_03,NCG0244,0,3,0.8914136602497884,90.53864,69.789375,-17.003376,-4.243802,-0.6146851,2.0499172,-1.6365601,-1.2960949,0.40866506,0.39028892
HPGP_GLOBAL_vs_ZENODO_10369064,HPGP_GLOBAL,KOR-008,SNP_CLUSTER_03,NCG0245,0,4,0.8679905430772319,90.2518,68.56558,-15.612511,-3.4393687,-1.0803571,0.7470151,-0.84325385,-1.2061821,-0.17685792,-0.38842386
HPGP_GLOBAL_vs_ZENODO_10369064,HPGP_GLOBAL,KOR-010,SNP_CLUSTER_03,NCG0246,0,3,0.8971228790620744,90.34945,70.3397,-17.133167,-4.160524,-1.0203614,1.6915866,-1.5048274,-1.983746,0.3445384,0.6431939
HPGP_GLOBAL_vs_ZENODO_10369064,HPGP_GLOBAL,KOR-013,SNP_CLUSTER_03,NCG0247,0,0,0.8386945384845662,90.33506,66.04794,-14.123905,-1.8223703,-0.50450027,1.7930229,-0.45947316,-0.043704376,-0.099615455,-0.6781871
HPGP_GLOBAL_vs_ZENODO_10369064,HPGP_GLOBAL,KOR-014,SNP_CLUSTER_03,NCG0248,0,2,0.8754218889077491,90.92445,69.960625,-17.140541,-4.1128497,-0.91852313,2.0531225,-1.1536671,-1.0150167,0.49007997,-0.13977216
HPGP_GLOBAL_vs_ZENODO_10369064,HPGP_GLOBAL,KOR-019,SNP_CLUSTER_03,NCG0249,0,4,0.8769921586781033,89.49764,66.95611,-14.938682,-3.171723,-0.76511157,1.3343855,-0.7678697,-0.88819075,-0.04121067,-0.23511963
HPGP_GLOBAL_vs_ZENODO_10369064,HPGP_GLOBAL,KOR-022,SNP_CLUSTER_03,NCG0250,0,3,0.8870737869709472,90.630646,70.216,-16.863905,-3.9705045,-0.7490225,1.6732638,-0.92262816,-0.9889208,0.03161473,-0.5190648
HPGP_GLOBAL_vs_ZENODO_10369064,HPGP_GLOBAL,KOR-027,SNP_CLUSTER_03,NCG0251,0,3,0.832094441320267,90.520676,64.53154,-14.081535,-1.9765987,-0.45404172,0.39119995,-0.31676745,-0.31471017,0.37193438,-0.1961112
HPGP_GLOBAL_vs_ZENODO_10369064,HPGP_GLOBAL,KOR-028,SNP_CLUSTER_03,NCG0252,0,4,0.8907890356101897,90.15779,69.929634,-16.745007,-4.740456,-0.6938105,2.4790163,-1.5876245,-1.7059942,0.21890226,-0.44712323
HPGP_GLOBAL_vs_ZENODO_10369064,HPGP_GLOBAL,KOR-036,SNP_CLUSTER_03,NCG0253,0,4,0.856362236564887,89.40037,65.38891,-13.327564,-1.6542001,-1.3951033,0.86528337,-0.53105116,-1.0933977,0.3852015,-0.68067926
HPGP_GLOBAL_vs_ZENODO_10369064,HPGP_GLOBAL,KOR-041,SNP_CLUSTER_03,NCG0254,0,3,0.8831986232692138,90.395256,69.41355,-16.30116,-3.482246,-1.0291724,0.84937155,-0.6309154,-1.3247136,0.25133824,-0.010221558
HPGP_GLOBAL_vs_ZENODO_10369064,HPGP_GLOBAL,KOR-042,SNP_CLUSTER_03,NCG0255,0,3,0.8491279831686077,89.63855,65.79483,-13.719321,-1.6802244,-0.45834145,1.1237553,-0.43430534,0.42099836,-0.49144205,-0.48474708
HPGP_GLOBAL_vs_ZENODO_10369064,HPGP_GLOBAL,KOR-044,SNP_CLUSTER_03,NCG0256,0,0,0.8771562869310423,90.493,68.91489,-17.02278,-3.9683042,-1.0106881,1.85834,-0.9888525,-0.6078316,0.31798792,-0.7351271
HPGP_GLOBAL_vs_ZENODO_10369064,HPGP_GLOBAL,KOR-046,SNP_CLUSTER_03,NCG0257,0,0,0.8910470841747731,90.401505,70.50076,-17.382032,-4.4253325,-0.21472746,2.1890087,-1.0847405,-1.304303,0.33760545,-0.3287306
HPGP_GLOBAL_vs_ZENODO_10369064,HPGP_GLOBAL,KOR-047,SNP_CLUSTER_03,NCG0258,0,4,0.8670001643178871,90.5018,69.116425,-16.02469,-3.0293283,-0.71289957,1.16254,-1.2638705,-0.963231,0.06715853,-0.4350459
HPGP_GLOBAL_vs_ZENODO_10369064,HPGP_GLOBAL,KOR-049,SNP_CLUSTER_03,NCG0259,0,1,0.8986262907757464,89.744415,69.6307,-17.181177,-4.6598263,-0.9741131,1.7612741,-0.99561965,-1.1533641,0.43686575,0.482738
HPGP_GLOBAL_vs_ZENODO_10369064,HPGP_GLOBAL,KOR-050,SNP_CLUSTER_03,NCG0260,0,1,0.8904431552775519,90.09988,70.15308,-16.317562,-3.1265125,-0.89910585,0.63312286,-1.3813319,-1.139116,0.9969603,-0.59820455
HPGP_GLOBAL_vs_ZENODO_10369064,HPGP_GLOBAL,KOR-101,SNP_CLUSTER_03,NCG0261,0,1,0.8811615548041252,90.63915,70.32045,-16.928028,-4.2779627,-0.7537183,1.3759376,-1.219327,-1.7085018,-0.059175603,0.49779266
HPGP_GLOBAL_vs_ZENODO_10369064,HPGP_GLOBAL,KOR-105,SNP_CLUSTER_03,NCG0262,0,4,0.8435863122470934,89.78154,64.84955,-13.701575,-2.175097,-1.0238901,0.80095667,-0.28387865,0.28643388,-0.8174245,0.12867424
HPGP_GLOBAL_vs_ZENODO_10369064,HPGP_GLOBAL,KOR-109,SNP_CLUSTER_03,NCG0263,0,2,0.8879612503464425,90.20623,69.415855,-16.55552,-3.8813357,-0.43725204,1.3315101,-1.607547,-1.2855184,0.8691243,-0.073006734
HPGP_GLOBAL_vs_ZENODO_10369064,HPGP_GLOBAL,KOR-110,SNP_CLUSTER_03,NCG0264,0,2,0.8935418124847662,90.19844,70.08107,-17.336912,-4.8245993,-0.5585316,1.9260839,-1.3364303,-0.64709646,-0.07351549,0.18216354
HPGP_GLOBAL_vs_ZENODO_10369064,HPGP_GLOBAL,KOR-116,SNP_CLUSTER_03,NCG0265,0,3,0.8681764921766011,90.32507,67.44759,-15.22071,-3.4174855,-0.5593639,1.9531535,-1.011105,-0.7265858,0.16704062,-0.11024072
HPGP_GLOBAL_vs_ZENODO_10369064,HPGP_GLOBAL,MAL-003,SNP_CLUSTER_03,NCG0292,0,3,0.8770884833794417,91.268265,67.28547,-16.923677,-6.274203,-0.25333282,3.294877,-2.310259,-1.274721,1.16411,1.1416081
HPGP_GLOBAL_vs_ZENODO_10369064,HPGP_GLOBAL,MAL-005,SNP_CLUSTER_03,NCG0293,0,2,0.8848159358242772,90.655174,69.30857,-17.402565,-5.385182,-0.29181015,2.04753,-1.0509632,-0.6040263,1.4475687,-0.57070804
HPGP_GLOBAL_vs_ZENODO_10369064,HPGP_GLOBAL,MAL-006,SNP_CLUSTER_03,NCG0294,0,3,0.8974877650048954,90.55629,69.690765,-18.068743,-5.9115033,0.19926627,1.9051293,-1.1542569,-0.9174786,0.7388889,0.41347852
HPGP_GLOBAL_vs_ZENODO_10369064,HPGP_GLOBAL,MAL-012,SNP_CLUSTER_03,NCG0296,0,0,0.8907394472904303,90.393036,69.46189,-17.549177,-5.5360875,-0.07263537,1.8973218,-1.8936149,-0.40071002,1.1000346,0.99753946
HPGP_GLOBAL_vs_ZENODO_10369064,HPGP_GLOBAL,MAL-018,SNP_CLUSTER_03,NCG0297,0,1,0.890207968509458,90.76103,70.69119,-18.213564,-5.756183,-0.25742733,1.9812003,-1.296488,-0.6772537,0.7593822,0.43596095
HPGP_GLOBAL_vs_ZENODO_10369064,HPGP_GLOBAL,MAL-021,SNP_CLUSTER_03,NCG0299,0,2,0.8964557510511864,90.28266,70.25811,-17.489008,-5.333864,-0.3544475,1.6372552,-1.1741501,-0.60709465,1.0455248,0.22797973
HPGP_GLOBAL_vs_ZENODO_10369064,HPGP_GLOBAL,MAL-023,SNP_CLUSTER_03,NCG0300,0,0,0.892029951210102,90.761894,70.16926,-17.898155,-5.9788966,-0.7741489,2.3039522,-1.7596128,-1.313384,0.532808,0.28624573
HPGP_GLOBAL_vs_ZENODO_10369064,HPGP_GLOBAL,MEX-028,SNP_CLUSTER_03,NCG0312,0,4,0.7523638203504925,89.37377,58.51334,-11.506863,2.103592,-0.22506365,-7.2156544,4.1474104,5.451555,-2.5069804,-0.48571217
HPGP_GLOBAL_vs_ZENODO_10369064,HPGP_GLOBAL,PER-138,SNP_CLUSTER_03,NCG0333,0,4,0.7221348761028655,89.49836,56.062817,-11.826353,0.6865088,0.06418338,-7.1184087,6.1930394,5.2011385,-2.435762,0.61874294
HPGP_GLOBAL_vs_ZENODO_10369064,HPGP_GLOBAL,TWN-001,SNP_CLUSTER_03,NCG0439,0,4,0.8673639088316935,91.15855,68.527054,-17.73516,-5.939895,-0.14232144,2.8323586,-1.636259,-0.99570805,0.7283741,0.65583634
HPGP_GLOBAL_vs_ZENODO_10369064,HPGP_GLOBAL,TWN-004,SNP_CLUSTER_03,NCG0440,0,2,0.8801435655418588,90.48554,66.967995,-16.89802,-5.8823175,-0.3040762,2.3208776,-2.4648504,-0.949503,0.92415875,0.8910551
HPGP_GLOBAL_vs_ZENODO_10369064,HPGP_GLOBAL,TWN-005,SNP_CLUSTER_03,NCG0441,0,3,0.8844776163905951,90.65566,67.499565,-16.903532,-5.547032,0.34565917,3.013928,-1.796468,-1.1005242,1.2467228,0.4100511
HPGP_GLOBAL_vs_ZENODO_10369064,HPGP_GLOBAL,TWN-006,SNP_CLUSTER_03,NCG0442,0,3,0.710557361664775,91.773796,49.411842,-11.899913,-7.989057,0.93364036,4.1906147,-3.5197642,-1.6510594,3.8435311,1.0938077
HPGP_GLOBAL_vs_ZENODO_10369064,HPGP_GLOBAL,TWN-007,SNP_CLUSTER_03,NCG0443,0,4,0.8437407218004908,91.43571,66.60037,-16.495064,-6.4395337,0.06670161,2.4512167,-2.4787457,-1.3135237,0.8405153,0.5703834
HPGP_GLOBAL_vs_ZENODO_10369064,HPGP_GLOBAL,TWN-008,SNP_CLUSTER_03,NCG0444,0,2,0.8864301198120725,90.62373,68.96939,-17.54942,-5.251056,-0.4472441,2.483722,-1.6741756,-0.858395,1.1034251,1.0972998
HPGP_GLOBAL_vs_ZENODO_10369064,HPGP_GLOBAL,TWN-009,SNP_CLUSTER_03,NCG0445,0,1,0.8946751867020958,90.491776,69.72473,-18.14582,-6.015874,-0.4986344,2.5414908,-1.8977456,-0.85337096,0.89910823,0.112146966
HPGP_GLOBAL_vs_ZENODO_10369064,HPGP_GLOBAL,TWN-020,SNP_CLUSTER_03,NCG0446,0,2,0.8765131278258848,90.599464,68.306175,-16.784628,-5.449282,-0.39114937,2.0500448,-1.0969515,-0.61160064,0.85816234,0.28575698
HPGP_GLOBAL_vs_ZENODO_10369064,HPGP_GLOBAL,TWN-022,SNP_CLUSTER_03,NCG0447,0,4,0.8778045231881205,90.43633,67.90129,-16.967005,-5.7265267,0.12597942,2.497677,-1.1951036,-1.3230982,0.9123936,-0.12901811
HPGP_GLOBAL_vs_ZENODO_10369064,HPGP_GLOBAL,TWN-023,SNP_CLUSTER_03,NCG0448,0,3,0.8930605575769723,90.63127,69.68043,-17.60369,-5.7321568,-0.48741612,2.3004484,-1.3360996,-0.7858761,0.3204801,0.348673
HPGP_GLOBAL_vs_ZENODO_10369064,ZENODO_10369064,S01,SNP_CLUSTER_03,NCG0468,1,0,0.8896325081530885,90.30983,69.661934,-17.57199,-4.946491,-0.38332778,1.8953757,-1.3344555,-0.8498598,0.17895424,0.21665785
HPGP_GLOBAL_vs_ZENODO_10369064,ZENODO_10369064,S03,SNP_CLUSTER_03,NCG0469,1,1,0.885405099141904,90.66389,70.0161,-17.70579,-5.2861466,0.047263186,1.8667681,-1.0245041,-0.9012053,0.8157054,0.052418128
HPGP_GLOBAL_vs_ZENODO_10369064,ZENODO_10369064,S04,SNP_CLUSTER_03,ZENODO_10369064|S04,1,3,0.8662933264431822,90.01751,66.616554,-14.844985,-3.2190957,-0.25967515,1.2420951,-0.9575889,-0.8886937,0.49858868,-0.5232823
HPGP_GLOBAL_vs_ZENODO_10369064,ZENODO_10369064,S05,SNP_CLUSTER_03,NCG0471,1,4,0.8682674145025928,91.124,70.04362,-17.181875,-4.7334476,-0.5040019,1.8596494,-1.3862426,-0.63687783,0.47934702,0.01601021
HPGP_GLOBAL_vs_ZENODO_10369064,ZENODO_10369064,S06,SNP_CLUSTER_03,ZENODO_10369064|S06,1,4,0.87897697014436,90.43477,69.601685,-16.752125,-4.1601233,-0.3957809,1.799325,-0.87406546,-0.93575114,0.45217764,-0.31529096
HPGP_GLOBAL_vs_ZENODO_10369064,ZENODO_10369064,S07,SNP_CLUSTER_03,NCG0473,1,3,0.8887957886850008,90.7954,70.193855,-17.473795,-5.01324,-0.45162934,1.185468,-1.2813027,-0.95484203,0.044466443,0.21384747
HPGP_GLOBAL_vs_ZENODO_10369064,ZENODO_10369064,S08,SNP_CLUSTER_03,NCG0474,1,3,0.8903308953668582,90.65951,69.99888,-17.035812,-4.960156,-0.68180585,1.73688,-1.4760664,-0.8892469,0.31221303,0.033610433
HPGP_GLOBAL_vs_ZENODO_10369064,ZENODO_10369064,S09,SNP_CLUSTER_03,ZENODO_10369064|S09,1,4,0.6311849721633379,90.55302,51.036186,-7.165375,-2.2794085,-0.41970664,1.1716341,-1.601992,-1.2126442,0.45438167,0.8324042
HPGP_GLOBAL_vs_ZENODO_10369064,ZENODO_10369064,S10,SNP_CLUSTER_03,NCG0476,1,0,0.8871790662523374,90.53757,70.28712,-16.969978,-4.712511,-0.7389736,1.7773025,-1.4309292,-1.0483713,0.62106603,0.19910568
HPGP_GLOBAL_vs_ZENODO_10369064,ZENODO_10369064,S11,SNP_CLUSTER_03,NCG0477,1,3,0.8830209365970899,91.12264,69.73632,-17.181362,-4.641171,-0.32089785,1.4840794,-1.0270541,-0.5250122,0.5968073,0.642468
HPGP_GLOBAL_vs_ZENODO_10369064,ZENODO_10369064,S12,SNP_CLUSTER_03,NCG0478,1,2,0.8892528870777702,90.767914,70.64432,-17.99875,-4.447864,-0.2091958,2.180807,-1.605018,-1.1309925,0.5964761,0.057301097
HPGP_GLOBAL_vs_ZENODO_10369064,ZENODO_10369064,S13,SNP_CLUSTER_03,NCG0479,1,1,0.892584292311139,90.56776,70.35324,-18.190489,-5.1587367,-0.16817403,1.883777,-1.4880637,-1.1122811,0.6535203,-0.28565007
HPGP_GLOBAL_vs_ZENODO_10369064,ZENODO_10369064,S14,SNP_CLUSTER_03,NCG0480,1,0,0.8833925584563151,90.86005,70.111275,-17.815746,-5.203057,-0.2305863,2.1417217,-0.6613081,-0.73072684,0.94607145,0.50771356
HPGP_GLOBAL_vs_ZENODO_10369064,ZENODO_10369064,S15,SNP_CLUSTER_03,NCG0481,1,2,0.8840103738086832,90.55501,69.92204,-17.39916,-3.938589,-0.8903025,1.8260088,-0.91362274,-0.81253666,0.678475,0.1838332
HPGP_GLOBAL_vs_ZENODO_10369064,ZENODO_10369064,S16,SNP_CLUSTER_03,NCG0482,1,1,0.8870243394290419,90.76314,70.68762,-17.844774,-5.1802588,-0.30006564,1.4884709,-1.3191895,-0.77140105,0.6047989,0.18280983
HPGP_GLOBAL_vs_ZENODO_10369064,ZENODO_10369064,S17,SNP_CLUSTER_03,NCG0483,1,2,0.8791000112166765,91.03369,70.54986,-17.605764,-5.0016227,-0.4209222,1.9065462,-1.1994959,-0.58507687,0.3625679,0.7143625
HPGP_GLOBAL_vs_ZENODO_10369064,ZENODO_10369064,S18,SNP_CLUSTER_03,NCG0484,1,0,0.8782446060063782,90.842964,69.826004,-17.301264,-4.6465225,-0.3308831,1.9994519,-0.7714907,-0.5803549,0.54353267,0.2133983
HPGP_GLOBAL_vs_ZENODO_10369064,ZENODO_10369064,S19,SNP_CLUSTER_03,NCG0485,1,3,0.8892367977110116,90.8463,70.03858,-17.648672,-4.7533035,-0.21717338,1.8075849,-1.2059662,-1.0108045,0.18107425,0.429603
HPGP_GLOBAL_vs_ZENODO_10369064,ZENODO_10369064,S20,SNP_CLUSTER_03,NCG0486,1,1,0.8738286875353636,90.37842,68.555565,-16.06471,-3.8713005,-0.8343072,2.1299083,-1.1065894,-1.0156133,0.22685866,0.15562019
HPGP_GLOBAL_vs_ZENODO_10369064,ZENODO_10369064,S23,SNP_CLUSTER_03,NCG0487,1,3,0.9012854507200455,90.516685,70.318375,-18.305025,-5.6751413,-0.0973386,1.6161472,-1.3403087,-0.6825115,0.69851387,0.32551283
HPGP_GLOBAL_vs_ZENODO_10369064,ZENODO_10369064,S24,SNP_CLUSTER_03,NCG0488,1,2,0.8697403419754769,90.93546,69.09031,-16.910734,-4.7683263,-0.37657097,1.5625515,-1.5131692,-0.5370348,0.21362554,0.07852098
HPGP_GLOBAL_vs_ZENODO_10369064,ZENODO_10369064,S25,SNP_CLUSTER_03,ZENODO_10369064|S25,1,1,0.8698714697156548,90.79724,68.66465,-16.667028,-5.080093,-0.39427707,2.3585882,-1.1708143,-1.0855489,0.2690631,0.06957447
HPGP_GLOBAL_vs_ZENODO_10369064,ZENODO_10369064,S26,SNP_CLUSTER_03,NCG0490,1,0,0.8658649222662379,90.44369,68.137314,-16.21887,-3.4244905,-0.70419383,1.4162004,-0.66304487,-0.5631475,0.528014,-0.44131717
HPGP_GLOBAL_vs_ZENODO_10369064,ZENODO_10369064,S28,SNP_CLUSTER_03,NCG0491,1,4,0.878036186212789,90.550064,68.61918,-17.462183,-5.0512214,-0.43300617,1.7437732,-0.95566124,-1.0393023,0.79535943,0.28034762
HPGP_GLOBAL_vs_ZENODO_10369064,ZENODO_10369064,S29,SNP_CLUSTER_03,ZENODO_10369064|S29,1,1,0.87415517630626,90.407166,68.62711,-16.2952,-4.1282554,-0.768513,1.2706145,-1.2163643,-0.33975327,0.43140084,0.00839114
HPGP_GLOBAL_vs_ZENODO_10369064,ZENODO_10369064,S30,SNP_CLUSTER_03,NCG0493,1,0,0.8834794354728178,90.8189,69.9153,-17.923038,-5.058538,-0.31173772,1.356611,-1.5451032,-0.5736378,0.4712519,-0.16516362
HPGP_GLOBAL_vs_ZENODO_10369064,ZENODO_10369064,S31,SNP_CLUSTER_03,NCG0494,1,3,0.8856964719903604,91.34611,70.037796,-17.711126,-5.3499756,-0.2413968,1.7466367,-1.6500463,-1.0469308,0.5021427,0.15440547
HPGP_GLOBAL_vs_ZENODO_10369064,ZENODO_10369064,S32,SNP_CLUSTER_03,NCG0495,1,0,0.8952419688377976,90.68573,71.38717,-17.551044,-5.445207,-0.6760896,1.9954244,-1.6846054,-0.8956913,0.3627869,0.06266071
HPGP_GLOBAL_vs_ZENODO_10369064,ZENODO_10369064,S34,SNP_CLUSTER_03,NCG0496,1,4,0.8773017154014153,91.02606,70.064156,-17.866753,-5.4543633,-0.12885664,1.8697236,-1.3162684,-0.56990695,0.60369885,0.06900595
HPGP_GLOBAL_vs_ZENODO_10369064,ZENODO_10369064,S35,SNP_CLUSTER_03,NCG0497,1,2,0.8831170158950508,90.592575,69.80462,-17.494474,-5.1976113,-0.108206496,1.7743119,-0.60687494,-0.46636212,0.43628067,0.0006925848
HPGP_GLOBAL_vs_ZENODO_10369064,ZENODO_10369064,S36,SNP_CLUSTER_03,NCG0498,1,1,0.8815714935547242,90.60406,69.65834,-17.620024,-4.758219,-0.12638243,1.3477297,-0.942612,-0.65107846,0.53016275,0.22659573
HPGP_GLOBAL_vs_ZENODO_10369064,ZENODO_10369064,S37,SNP_CLUSTER_03,NCG0499,1,1,0.8808716645962567,90.84608,70.21843,-17.44739,-4.826015,-0.47629383,1.7587379,-1.2592311,-1.0552974,0.52897495,0.18462825
HPGP_GLOBAL_vs_ZENODO_10369064,ZENODO_10369064,S39,SNP_CLUSTER_03,NCG0500,1,4,0.840360243156205,90.68349,65.98289,-14.856045,-4.1769524,-0.50062764,1.7564905,-1.0368543,-0.8864538,0.7351182,-0.27786252
HPGP_GLOBAL_vs_ZENODO_10369064,ZENODO_10369064,S41,SNP_CLUSTER_03,NCG0501,1,1,0.8812701702997664,90.645195,69.92732,-17.187658,-4.6548223,-0.27845424,1.7618943,-1.0584978,-0.55959624,0.64941186,0.28067514
HPGP_GLOBAL_vs_ZENODO_10369064,ZENODO_10369064,S42,SNP_CLUSTER_03,NCG0502,1,2,0.8231543674841674,88.91189,61.836956,-11.399169,-0.012830904,-0.50756556,0.33381718,0.11229241,-0.0146896,-0.5238599,-0.39317578
HPGP_GLOBAL_vs_ZENODO_10369064,ZENODO_10369064,S43,SNP_CLUSTER_03,NCG0503,1,0,0.8938469019911522,90.729706,71.078575,-17.769787,-5.616104,-0.7650991,1.9688399,-1.5278322,-1.1381358,0.38290936,0.1582867
HPGP_GLOBAL_vs_ZENODO_10369064,ZENODO_10369064,S46,SNP_CLUSTER_03,ZENODO_10369064|S46,1,3,0.8925501211961433,90.64926,70.088196,-17.603804,-4.691682,-0.4707265,1.9490572,-1.3066834,-1.3017559,0.14117892,0.6566648
HPGP_GLOBAL_vs_ZENODO_10369064,ZENODO_10369064,S48,SNP_CLUSTER_03,NCG0506,1,2,0.8893321984562678,90.117516,69.274925,-17.092411,-4.580289,-0.15170541,1.7832606,-1.0256753,-0.3489269,0.34826794,0.22856995
HPGP_GLOBAL_vs_ZENODO_10369064,ZENODO_10369064,S49,SNP_CLUSTER_03,NCG0507,1,2,0.8396483146060103,89.44743,63.965813,-12.726541,-0.7223051,-1.2736307,0.9488165,-0.39842066,-0.7745076,0.07647165,0.019527074
HPGP_GLOBAL_vs_ZENODO_10369064,ZENODO_10369064,S50,SNP_CLUSTER_03,NCG0508,1,1,0.8961025444879255,90.46263,71.011154,-17.88339,-5.283196,-0.44723308,1.8622837,-1.8591648,-0.9480822,0.11753617,0.27794173
HPGP_GLOBAL_vs_ZENODO_10369064,ZENODO_10369064,S52,SNP_CLUSTER_03,NCG0509,1,4,0.8658669623445034,90.492714,68.43462,-16.012012,-3.6251624,-0.7864584,1.9246949,-0.86417377,-0.43879202,0.2772958,-0.30522117
HPGP_GLOBAL_vs_ZENODO_10369064,ZENODO_10369064,S56,SNP_CLUSTER_03,NCG0511,1,4,0.8758625896116325,91.24528,70.852425,-18.135757,-5.2461085,-0.4317169,2.3529642,-1.0684537,-0.65916264,0.7665889,0.22215788
HPGP_GLOBAL_vs_ZENODO_10369064,ZENODO_10369064,S57,SNP_CLUSTER_03,NCG0512,1,2,0.8939465490505959,90.61597,70.824554,-18.122263,-5.3170238,-0.451345,1.982785,-1.2325639,-0.4797994,0.58521247,-0.02442675
HPGP_GLOBAL_vs_ZENODO_10369064,ZENODO_10369064,S64,SNP_CLUSTER_03,ZENODO_10369064|S64,1,4,0.8843623455532766,90.369576,69.78261,-16.806322,-4.60309,-0.27386013,1.7492725,-1.2533582,-0.4731493,0.076079324,-0.009344907
HPGP_GLOBAL_vs_ZENODO_10369064,HPGP_GLOBAL,ALG-001,SNP_CLUSTER_04,NCG0058,0,0,0.018985509472020552,94.38375,-17.972883,8.691018,-9.078984,1.2291262,3.218034,-3.0126326,-7.384321,3.7493832,1.5104063
HPGP_GLOBAL_vs_ZENODO_10369064,HPGP_GLOBAL,ALG-002,SNP_CLUSTER_04,NCG0059,0,3,0.01922709097374,94.90316,-19.894022,-0.09873826,-6.568788,0.7056906,3.844603,-2.2437856,-8.029381,2.8189082,3.5780308
HPGP_GLOBAL_vs_ZENODO_10369064,HPGP_GLOBAL,ALG-003,SNP_CLUSTER_04,NCG0060,0,0,0.017897112299112002,96.77403,-22.1135,-0.67535233,-10.846176,1.5577502,6.360767,-3.6377802,-8.637309,5.0571237,1.3034794
HPGP_GLOBAL_vs_ZENODO_10369064,HPGP_GLOBAL,ALG-004,SNP_CLUSTER_04,NCG0061,0,1,0.019491946801132174,94.210396,-17.51491,6.66057,-9.164458,1.7859368,4.0868425,-3.0728824,-6.8879666,1.3131666,2.4911754
HPGP_GLOBAL_vs_ZENODO_10369064,HPGP_GLOBAL,ALG-005,SNP_CLUSTER_04,NCG0062,0,1,0.01684091903969762,94.82965,-17.227495,8.662272,-10.010826,1.1366872,3.5275846,-3.778191,-6.8351617,1.5411714,-0.80450964
HPGP_GLOBAL_vs_ZENODO_10369064,HPGP_GLOBAL,ALG-007,SNP_CLUSTER_04,NCG0063,0,4,0.011868661753923683,94.95488,-17.068386,8.360552,-8.285918,1.3469013,3.152151,-4.801154,-7.4777455,1.8480308,1.9695138
HPGP_GLOBAL_vs_ZENODO_10369064,HPGP_GLOBAL,ALG-008,SNP_CLUSTER_04,NCG0064,0,0,0.022316393885075007,94.466995,-18.243048,1.9928824,-6.8543673,0.20302747,3.8230815,-1.8952112,-7.9172373,2.226283,0.20082591
HPGP_GLOBAL_vs_ZENODO_10369064,HPGP_GLOBAL,ALG-009,SNP_CLUSTER_04,NCG0065,0,2,0.01821334744776313,94.78928,-18.560493,7.313618,-11.07881,0.31189534,3.8116744,-4.3180814,-6.7072105,2.0471516,2.0518706
HPGP_GLOBAL_vs_ZENODO_10369064,HPGP_GLOBAL,ALG-010,SNP_CLUSTER_04,NCG0066,0,0,0.023740423882309396,93.9933,-16.583595,7.327221,-8.925689,1.3105518,3.9281101,-4.144026,-6.431203,2.5229776,1.2419722
HPGP_GLOBAL_vs_ZENODO_10369064,HPGP_GLOBAL,ARG-001,SNP_CLUSTER_04,NCG0067,0,2,0.02630802803822898,92.32668,-13.588483,9.729738,-5.7635126,0.30430916,3.9094627,-0.06954444,-0.84805655,2.153325,-0.119207546
HPGP_GLOBAL_vs_ZENODO_10369064,HPGP_GLOBAL,ARG-002,SNP_CLUSTER_04,NCG0068,0,2,0.028152715486900036,93.583305,-10.471711,1.9953446,-6.8447485,0.6685993,0.63295364,1.622954,-2.945963,-0.04572049,0.31384304
HPGP_GLOBAL_vs_ZENODO_10369064,HPGP_GLOBAL,ARG-003,SNP_CLUSTER_04,NCG0069,0,3,0.018033267762671234,93.35431,-15.523757,9.48906,-8.866518,1.0239171,4.0356784,-1.5309262,-4.014008,1.3498926,-0.81688946
HPGP_GLOBAL_vs_ZENODO_10369064,HPGP_GLOBAL,ARG-004,SNP_CLUSTER_04,NCG0070,0,3,0.01519289616233136,94.04591,-15.660997,8.695044,-7.074978,0.06841454,4.1704392,0.5946123,-1.1835033,0.85398245,-1.0162905
HPGP_GLOBAL_vs_ZENODO_10369064,HPGP_GLOBAL,ARG-005,SNP_CLUSTER_04,NCG0071,0,0,0.018906244597097423,93.685234,-16.047506,8.708793,-8.3316,0.030559713,3.8270273,0.9330344,-3.061809,-1.2818592,-1.274712
HPGP_GLOBAL_vs_ZENODO_10369064,HPGP_GLOBAL,ARG-007,SNP_CLUSTER_04,NCG0073,0,0,0.017191158117094266,94.19815,-15.66265,6.0132117,-6.8745756,-0.88323456,3.4572577,3.645946,2.1897862,2.161956,-4.1851106
HPGP_GLOBAL_vs_ZENODO_10369064,HPGP_GLOBAL,BRA-006,SNP_CLUSTER_04,NCG0078,0,1,0.016937759693071132,94.19907,-17.62381,5.9575405,-6.8622727,0.021337893,4.3697996,-0.67478216,-0.9641022,0.71231884,-3.2322001
HPGP_GLOBAL_vs_ZENODO_10369064,HPGP_GLOBAL,BRA-009,SNP_CLUSTER_04,NCG0079,0,3,0.01722366779032466,94.41472,-18.321667,4.6515718,-7.3411264,0.19556122,2.271411,-1.5134635,-2.9604528,3.0690024,0.100086
HPGP_GLOBAL_vs_ZENODO_10369064,HPGP_GLOBAL,BRA-017,SNP_CLUSTER_04,NCG0083,0,0,0.016568816709360463,94.82152,-14.160421,8.4771385,-8.308811,0.36680767,1.7612981,0.7776381,-1.9258455,-0.37032482,0.40437883
HPGP_GLOBAL_vs_ZENODO_10369064,HPGP_GLOBAL,CHI-001,SNP_CLUSTER_04,NCG0089,0,2,0.023168098560054574,92.936295,-11.23166,11.903485,-11.479929,0.87918407,-5.5664062,-2.5252087,-3.3156729,-0.89051944,0.7059789
HPGP_GLOBAL_vs_ZENODO_10369064,HPGP_GLOBAL,CHI-002,SNP_CLUSTER_04,NCG0090,0,0,0.01738063848114779,93.34617,-10.737916,12.673996,-13.747695,1.2244679,-13.743719,-3.580091,0.55629563,0.42661104,14.280341
HPGP_GLOBAL_vs_ZENODO_10369064,HPGP_GLOBAL,CHI-008,SNP_CLUSTER_04,NCG0094,0,3,0.012111777922638334,93.97596,-12.117702,10.20617,-12.189443,0.21491791,-14.143738,-1.1019603,0.019662326,-2.5546625,1.7117451
HPGP_GLOBAL_vs_ZENODO_10369064,HPGP_GLOBAL,CHI-103,SNP_CLUSTER_04,NCG0106,0,2,0.020617094882924666,93.46794,-8.267035,11.725855,-16.856365,0.4151364,-16.68996,-2.8488042,4.616088,-2.4936113,31.6064
HPGP_GLOBAL_vs_ZENODO_10369064,HPGP_GLOBAL,CHI-106,SNP_CLUSTER_04,NCG0108,0,1,0.014204206441010987,93.288086,-10.832646,7.1569805,-15.421613,-0.2945574,-14.500883,4.7440195,9.012321,-3.504044,24.696205
HPGP_GLOBAL_vs_ZENODO_10369064,HPGP_GLOBAL,CHI-107,SNP_CLUSTER_04,NCG0109,0,2,0.01669641133451753,93.97698,-10.45477,12.054382,-16.656612,0.6194263,-16.412998,-3.181663,3.442243,-2.391735,29.989513
HPGP_GLOBAL_vs_ZENODO_10369064,HPGP_GLOBAL,COL-005,SNP_CLUSTER_04,NCG0126,0,2,0.027093597681480425,94.043594,-12.364714,5.902421,-8.667027,0.12091056,3.8104901,-1.422435,-6.5952063,3.0402012,0.61634505
HPGP_GLOBAL_vs_ZENODO_10369064,HPGP_GLOBAL,FRA-002,SNP_CLUSTER_04,NCG0135,0,2,0.030301749906252617,91.215996,-9.435542,13.902873,0.42995182,0.2991008,2.6061141,-0.7101187,-0.9970377,2.6698334,-1.1899284
HPGP_GLOBAL_vs_ZENODO_10369064,HPGP_GLOBAL,FRA-003,SNP_CLUSTER_04,NCG0136,0,2,0.029581284666228648,91.43525,-11.394369,14.601871,-3.2896469,0.15937833,2.3382235,-2.93334,-3.098039,1.7820512,-0.16468318
HPGP_GLOBAL_vs_ZENODO_10369064,HPGP_GLOBAL,FRA-004,SNP_CLUSTER_04,NCG0137,0,4,0.021621090419516382,91.8932,-9.823345,13.763848,-1.0341902,-0.07472765,2.7205615,-0.31901887,-2.1681626,2.9635863,-0.35556918
HPGP_GLOBAL_vs_ZENODO_10369064,HPGP_GLOBAL,FRA-005,SNP_CLUSTER_04,NCG0138,0,1,0.01808395981379175,93.365036,-14.482351,12.78495,-10.127666,0.50064373,1.1171573,-1.8158365,-1.260368,0.4541042,0.679587
HPGP_GLOBAL_vs_ZENODO_10369064,HPGP_GLOBAL,FRA-006,SNP_CLUSTER_04,NCG0139,0,4,0.02876000507638963,90.642204,-6.6257157,21.354057,-1.7390325,0.16401418,2.7729132,-6.8916945,-2.66652,2.831615,3.309741
HPGP_GLOBAL_vs_ZENODO_10369064,HPGP_GLOBAL,FRA-008,SNP_CLUSTER_04,NCG0141,0,4,0.02570540912512428,90.79288,-8.190907,18.431314,-0.10027601,-0.1811835,3.0105073,-3.9593217,-2.8106399,1.8687592,2.3283257
HPGP_GLOBAL_vs_ZENODO_10369064,HPGP_GLOBAL,FRA-009,SNP_CLUSTER_04,NCG0142,0,1,0.021961469498020282,94.260345,-17.373253,7.0347834,-7.812599,1.3697187,3.6057632,-4.678712,-7.3468127,4.6371174,2.8879118
HPGP_GLOBAL_vs_ZENODO_10369064,HPGP_GLOBAL,FRA-010,SNP_CLUSTER_04,NCG0143,0,0,0.01608979476769281,94.44525,-16.006332,10.570224,-8.89222,0.3195282,3.24613,-0.10943605,-1.2640623,0.23173839,-1.4914393
HPGP_GLOBAL_vs_ZENODO_10369064,HPGP_GLOBAL,FRA-018,SNP_CLUSTER_04,NCG0150,0,3,0.023650701742730987,92.52735,-10.176115,16.056278,-2.3981247,0.42890152,5.32905,-5.8743014,-1.348609,4.1925244,0.227217
HPGP_GLOBAL_vs_ZENODO_10369064,HPGP_GLOBAL,FRA-019,SNP_CLUSTER_04,NCG0151,0,2,0.027737865053438726,91.38165,-8.062175,16.677532,0.21470211,0.21793233,3.000233,-1.0196477,-2.024385,1.8053188,-0.55797315
HPGP_GLOBAL_vs_ZENODO_10369064,HPGP_GLOBAL,GER-018,SNP_CLUSTER_04,NCG0161,0,4,0.01632657941198839,93.16819,-11.758524,14.128971,-5.8990693,0.40249652,3.4602013,-3.0783186,-4.104654,-0.14928208,-0.15747191
HPGP_GLOBAL_vs_ZENODO_10369064,HPGP_GLOBAL,GRE-003,SNP_CLUSTER_04,NCG0169,0,2,0.03286396949769385,91.343445,-8.516099,21.08837,-2.9880805,-0.046185706,3.912465,-7.6248174,-3.346602,3.1709597,3.682247
HPGP_GLOBAL_vs_ZENODO_10369064,HPGP_GLOBAL,GRE-041,SNP_CLUSTER_04,NCG0175,0,2,0.0485590526351745,91.04755,-6.4693265,22.922682,-1.0039053,0.64624417,5.7517743,-11.641469,-5.463159,8.878893,8.66346
HPGP_GLOBAL_vs_ZENODO_10369064,HPGP_GLOBAL,GRE-046,SNP_CLUSTER_04,NCG0175,0,2,0.04873341804039883,91.03351,-6.4644313,22.921537,-0.9985755,0.6544386,5.7578273,-11.652467,-5.4608026,8.878454,8.672928
HPGP_GLOBAL_vs_ZENODO_10369064,HPGP_GLOBAL,HON-024,SNP_CLUSTER_04,NCG0191,0,3,0.018576298407016884,93.168434,-12.117959,12.748537,-8.792241,-0.45711842,4.2958364,-4.039065,-1.3944687,0.29544583,-2.3078816
HPGP_GLOBAL_vs_ZENODO_10369064,HPGP_GLOBAL,ISR-002,SNP_CLUSTER_04,NCG0204,0,4,0.018568485239070745,92.147606,-12.229651,21.289778,-6.770499,0.9786743,4.8262005,-8.077353,-3.819629,4.3268275,2.3930817
HPGP_GLOBAL_vs_ZENODO_10369064,HPGP_GLOBAL,ISR-004,SNP_CLUSTER_04,NCG0205,0,2,0.02651105365257095,92.7627,-10.8721285,20.832272,-7.347003,1.429783,4.287577,-8.505472,-4.8600073,5.215336,0.9856461
HPGP_GLOBAL_vs_ZENODO_10369064,HPGP_GLOBAL,ITA-002,SNP_CLUSTER_04,NCG0207,0,3,0.025212680038273275,90.538864,-6.998343,20.24352,-1.0925831,0.52258384,1.751393,-5.509929,-2.1255968,1.6066434,2.191959
HPGP_GLOBAL_vs_ZENODO_10369064,HPGP_GLOBAL,ITA-003,SNP_CLUSTER_04,NCG0208,0,3,0.024937575094867256,91.232315,-9.962221,16.25725,-2.7552464,0.56110007,3.594425,-5.486799,-1.7973558,2.157981,2.5495596
HPGP_GLOBAL_vs_ZENODO_10369064,HPGP_GLOBAL,ITA-006,SNP_CLUSTER_04,NCG0210,0,1,0.04898276157415487,89.46773,-6.8092585,20.014273,-1.1324252,0.07787042,3.0345328,-6.0894456,-2.7119856,2.7550256,3.4705608
HPGP_GLOBAL_vs_ZENODO_10369064,HPGP_GLOBAL,ITA-011,SNP_CLUSTER_04,NCG0214,0,1,0.02864792488096334,92.029724,-11.299078,17.715265,-5.6948647,1.0239145,4.605703,-5.9250154,-3.8272681,3.4926324,2.5108457
HPGP_GLOBAL_vs_ZENODO_10369064,HPGP_GLOBAL,JOR-004,SNP_CLUSTER_04,NCG0233,0,2,0.03037998883184772,92.14474,-10.661924,19.839123,-6.5814285,1.5609396,3.4898744,-8.282564,-5.204089,4.652198,2.821661
HPGP_GLOBAL_vs_ZENODO_10369064,HPGP_GLOBAL,JOR-005,SNP_CLUSTER_04,NCG0234,0,3,0.024460767549689788,92.93298,-13.908102,15.473344,-7.514867,0.8242871,6.857154,-8.532162,-4.649399,5.978932,1.4204998
HPGP_GLOBAL_vs_ZENODO_10369064,HPGP_GLOBAL,JOR-006,SNP_CLUSTER_04,NCG0235,0,2,0.029969669525890464,92.43296,-11.811332,18.522926,-7.0519476,0.99986696,5.846071,-8.114424,-2.5900419,5.3598986,5.22511
HPGP_GLOBAL_vs_ZENODO_10369064,HPGP_GLOBAL,JOR-007,SNP_CLUSTER_04,NCG0236,0,4,0.01555928892842201,94.1498,-14.088165,14.82583,-8.408769,1.6976849,5.699059,-8.903711,-4.49831,6.305733,2.6263847
HPGP_GLOBAL_vs_ZENODO_10369064,HPGP_GLOBAL,JOR-009,SNP_CLUSTER_04,NCG0237,0,4,0.014988029868701172,93.48225,-13.281341,19.873915,-8.97107,1.7823491,5.2482085,-9.385542,-4.3666654,4.85353,2.7761204
HPGP_GLOBAL_vs_ZENODO_10369064,HPGP_GLOBAL,MAL-007,SNP_CLUSTER_04,NCG0295,0,0,0.025064687446286697,97.94766,-21.694164,5.7857833,-18.05119,5.125406,11.910423,-15.43408,-8.197267,10.6966505,3.5491507
HPGP_GLOBAL_vs_ZENODO_10369064,HPGP_GLOBAL,MEX-007,SNP_CLUSTER_04,NCG0305,0,0,0.023696885264796574,93.219955,-11.761607,8.930561,-6.537961,-0.102016546,2.255702,0.48808596,-1.5826366,0.5053922,-1.4444959
HPGP_GLOBAL_vs_ZENODO_10369064,HPGP_GLOBAL,MEX-008,SNP_CLUSTER_04,NCG0306,0,0,0.055954107165100096,91.851135,-0.9568666,5.5744505,-7.798407,0.33463514,0.61126107,0.053989384,-0.6093164,-0.6600835,-1.6871792
HPGP_GLOBAL_vs_ZENODO_10369064,HPGP_GLOBAL,MEX-009,SNP_CLUSTER_04,NCG0307,0,4,0.01706715893833145,94.21522,-10.67009,7.6686206,-8.016946,0.15827154,1.1224902,-1.9399735,-3.5958922,-5.6587243,-1.2267867
HPGP_GLOBAL_vs_ZENODO_10369064,HPGP_GLOBAL,PER-103,SNP_CLUSTER_04,NCG0326,0,1,0.0237603001235385,94.457344,-12.803322,5.5503016,-9.542657,-0.118128605,2.6816387,-0.22962485,-6.5098763,3.482366,0.4197275
HPGP_GLOBAL_vs_ZENODO_10369064,HPGP_GLOBAL,POR-002,SNP_CLUSTER_04,NCG0346,0,1,0.013764355876488037,95.26399,-17.174171,5.337473,-9.880358,0.7162123,5.006918,2.870377,1.2779411,2.8933768,-3.9131114
HPGP_GLOBAL_vs_ZENODO_10369064,HPGP_GLOBAL,POR-003,SNP_CLUSTER_04,NCG0347,0,4,0.016422246999404016,93.16468,-14.968936,11.44731,-8.970732,0.31993094,3.4366612,-0.33429402,-2.8241456,-0.40548784,0.13124391
HPGP_GLOBAL_vs_ZENODO_10369064,HPGP_GLOBAL,POR-005,SNP_CLUSTER_04,NCG0349,0,4,0.011175595317556472,95.056015,-16.293236,6.4752326,-7.4762244,0.2924643,5.336173,5.1267614,2.111663,1.3562776,-4.654403
HPGP_GLOBAL_vs_ZENODO_10369064,HPGP_GLOBAL,POR-010,SNP_CLUSTER_04,NCG0350,0,2,0.01831140074508225,93.92087,-15.153123,12.280106,-9.792972,1.1076008,5.200127,-2.900853,-3.1509569,0.6450238,-0.31464738
HPGP_GLOBAL_vs_ZENODO_10369064,HPGP_GLOBAL,POR-018,SNP_CLUSTER_04,NCG0351,0,0,0.0196600918660002,94.06202,-15.6691,10.37528,-9.200638,0.5991484,4.8224444,-1.6924716,-1.8089124,0.59904927,2.2426887
HPGP_GLOBAL_vs_ZENODO_10369064,HPGP_GLOBAL,POR-104,SNP_CLUSTER_04,NCG0352,0,2,0.01769419977890791,93.36189,-16.475174,7.0591173,-8.895613,-0.583814,3.7697093,4.2377934,2.376016,0.8027824,-3.1549704
HPGP_GLOBAL_vs_ZENODO_10369064,HPGP_GLOBAL,POR-105,SNP_CLUSTER_04,NCG0353,0,0,0.018987998706890392,93.13625,-15.444376,12.255438,-9.26938,0.6442838,3.2465684,0.124054275,-0.78875107,0.20094523,2.2880862
HPGP_GLOBAL_vs_ZENODO_10369064,HPGP_GLOBAL,POR-106,SNP_CLUSTER_04,NCG0354,0,4,0.014454799296945276,93.75634,-15.313087,11.570384,-9.345298,0.986097,5.088448,-0.90525335,-3.251942,0.52977824,-0.40668637
HPGP_GLOBAL_vs_ZENODO_10369064,HPGP_GLOBAL,POR-107,SNP_CLUSTER_04,NCG0355,0,2,0.020539068463766526,92.69004,-15.970908,10.019343,-7.8705745,0.8084523,4.0233197,1.267974,-1.1235919,0.8513657,-1.9114225
HPGP_GLOBAL_vs_ZENODO_10369064,HPGP_GLOBAL,POR-109,SNP_CLUSTER_04,NCG0356,0,3,0.014242723324605768,94.06196,-14.615602,11.935077,-7.733357,0.14217389,4.324609,-0.19561139,-0.66307235,0.8718167,-1.7684447
HPGP_GLOBAL_vs_ZENODO_10369064,HPGP_GLOBAL,PRI-001,SNP_CLUSTER_04,NCG0360,0,3,0.00043357483904674044,94.75142,-16.905972,9.583661,-11.667837,0.6323558,8.971013,-8.193599,-15.675876,-62.033817,0.31270316
HPGP_GLOBAL_vs_ZENODO_10369064,HPGP_GLOBAL,PRI-002,SNP_CLUSTER_04,NCG0361,0,3,0.00026683992258581406,94.27011,-15.452613,11.096886,-11.690793,0.35559958,10.092435,-9.207969,-17.007738,-72.31669,0.22183557
HPGP_GLOBAL_vs_ZENODO_10369064,HPGP_GLOBAL,PRI-004,SNP_CLUSTER_04,NCG0362,0,1,0.0025766112799756125,95.51243,-18.410492,4.135044,-11.218826,0.34259304,10.012099,-9.187914,-15.582803,-71.21747,0.0040867226
HPGP_GLOBAL_vs_ZENODO_10369064,HPGP_GLOBAL,PRI-006,SNP_CLUSTER_04,NCG0364,0,3,0.0002214726956563699,94.9414,-16.97817,8.517252,-11.788701,0.4991603,9.682844,-7.7625866,-17.453701,-73.815735,-0.59574956
HPGP_GLOBAL_vs_ZENODO_10369064,HPGP_GLOBAL,SPA-003,SNP_CLUSTER_04,NCG0370,0,2,0.018280338537046734,93.64215,-15.477894,10.720681,-8.252132,0.35322812,3.43556,-1.2799737,-0.9651471,1.1477149,-0.123994425
HPGP_GLOBAL_vs_ZENODO_10369064,HPGP_GLOBAL,SPA-005,SNP_CLUSTER_04,NCG0371,0,4,0.01660786345090005,93.187904,-15.51985,10.4848,-7.236028,0.7257678,4.4761047,-1.3331419,-3.000802,0.4981699,-0.4686759
HPGP_GLOBAL_vs_ZENODO_10369064,HPGP_GLOBAL,SPA-006,SNP_CLUSTER_04,NCG0372,0,1,0.015647381522543764,94.367355,-15.795991,9.69713,-7.9270563,0.011912562,4.6137066,-1.6499479,-3.2899413,-0.7116856,-0.20916958
HPGP_GLOBAL_vs_ZENODO_10369064,HPGP_GLOBAL,SPA-009,SNP_CLUSTER_04,NCG0373,0,1,0.01825265512117493,93.30076,-14.299746,13.97265,-8.035646,0.26336777,4.7067027,-1.7784469,-3.0334518,0.40626964,-0.29022813
HPGP_GLOBAL_vs_ZENODO_10369064,HPGP_GLOBAL,SPA-012,SNP_CLUSTER_04,NCG0374,0,2,0.015710172215140678,94.19091,-16.049545,9.041841,-8.03079,0.5248231,3.055011,-0.65389985,-1.2537737,-0.24202718,-0.7325505
HPGP_GLOBAL_vs_ZENODO_10369064,HPGP_GLOBAL,SPA-017,SNP_CLUSTER_04,NCG0376,0,1,0.015125905451114901,94.52412,-14.896639,7.9507866,-6.409336,-0.090220764,5.108268,2.023933,1.2950708,1.5036274,-2.3989143
HPGP_GLOBAL_vs_ZENODO_10369064,HPGP_GLOBAL,SPA-105,SNP_CLUSTER_04,NCG0378,0,4,0.013352804941944567,94.71792,-17.557734,3.1408577,-5.117413,0.19211425,3.9382682,-1.801768,-7.2975674,0.9839794,-0.93784
HPGP_GLOBAL_vs_ZENODO_10369064,HPGP_GLOBAL,SPA-108,SNP_CLUSTER_04,NCG0379,0,0,0.021101720068767503,92.59915,-14.355398,10.183246,-5.988859,-0.06508377,3.128904,1.1556873,-1.2489189,-1.598161,-0.99114746
HPGP_GLOBAL_vs_ZENODO_10369064,HPGP_GLOBAL,SPA-111,SNP_CLUSTER_04,NCG0380,0,2,0.023190999031207065,92.35267,-13.923819,14.567776,-8.158993,0.6138362,3.936088,-1.8613391,-3.8586488,1.1469456,2.3973234
HPGP_GLOBAL_vs_ZENODO_10369064,HPGP_GLOBAL,SPA-201,SNP_CLUSTER_04,NCG0381,0,0,0.01836750571501625,94.09004,-15.610987,9.312698,-7.3637805,0.63161343,5.0129843,0.07111725,0.50322556,1.0935333,-1.2122289
HPGP_GLOBAL_vs_ZENODO_10369064,HPGP_GLOBAL,SPA-203,SNP_CLUSTER_04,NCG0383,0,4,0.014886491484586721,93.61787,-15.419051,12.90373,-9.294831,0.95813894,1.3450814,-3.062012,-2.8362038,2.2018855,3.9866626
HPGP_GLOBAL_vs_ZENODO_10369064,HPGP_GLOBAL,SPA-205,SNP_CLUSTER_04,NCG0384,0,1,0.021115331704543917,93.124756,-13.801043,13.087039,-8.038554,0.87601453,4.889014,-2.3824089,-2.3099172,1.5935465,-0.28411686
HPGP_GLOBAL_vs_ZENODO_10369064,HPGP_GLOBAL,SPA-210,SNP_CLUSTER_04,NCG0385,0,4,0.011777746650443108,94.52236,-14.756622,12.967946,-8.52992,0.58121943,3.2123818,-1.0771937,-0.662101,2.045751,-1.3179244
HPGP_GLOBAL_vs_ZENODO_10369064,HPGP_GLOBAL,SPA-301,SNP_CLUSTER_04,NCG0386,0,2,0.014783448684505646,94.60305,-15.816571,7.398411,-6.4872756,-0.16546272,2.8330967,2.2243946,-1.3546716,2.499662,-3.0942936
HPGP_GLOBAL_vs_ZENODO_10369064,HPGP_GLOBAL,SPA-303,SNP_CLUSTER_04,NCG0387,0,1,0.030929409047520357,91.11159,-13.970057,11.803578,-6.1005354,0.5415195,2.6588387,-1.8576082,-1.5555454,1.4382788,-0.99365
HPGP_GLOBAL_vs_ZENODO_10369064,HPGP_GLOBAL,SPA-311,SNP_CLUSTER_04,NCG0388,0,1,0.017760462502420558,93.33429,-13.811937,12.260416,-6.9658785,-0.08286378,4.026317,-0.042860404,-0.381546,-0.02846644,-2.595444
HPGP_GLOBAL_vs_ZENODO_10369064,HPGP_GLOBAL,SPA-315,SNP_CLUSTER_04,NCG0390,0,0,0.02246978338861624,92.91524,-12.865178,10.62852,-4.8947115,0.35028693,3.5140486,0.01427158,-0.7837141,1.554716,-2.1074913
HPGP_GLOBAL_vs_ZENODO_10369064,HPGP_GLOBAL,SPA-321,SNP_CLUSTER_04,NCG0392,0,3,0.014367385942607638,94.18533,-14.82473,10.891495,-8.645545,-0.36421263,5.203827,1.30539,-0.847096,0.6079535,-1.9812752
HPGP_GLOBAL_vs_ZENODO_10369064,HPGP_GLOBAL,SPA-401,SNP_CLUSTER_04,NCG0393,0,2,0.019761237635742317,92.914604,-15.068594,11.748664,-8.710467,0.45294753,3.1676083,-0.87399256,-3.6177564,-1.0816702,0.7293134
HPGP_GLOBAL_vs_ZENODO_10369064,HPGP_GLOBAL,SPA-413,SNP_CLUSTER_04,NCG0395,0,4,0.014429435512987875,93.82354,-15.43905,10.095646,-8.338305,0.67249084,3.5593343,-1.8725367,-5.1634054,-0.39589065,1.2080834
HPGP_GLOBAL_vs_ZENODO_10369064,HPGP_GLOBAL,SPA-502,SNP_CLUSTER_04,NCG0396,0,2,0.015607911426643709,94.215935,-15.814572,8.920445,-7.106282,0.38449985,3.048884,0.4884984,-2.7381828,0.82567006,-1.2392162
HPGP_GLOBAL_vs_ZENODO_10369064,HPGP_GLOBAL,SPA-508,SNP_CLUSTER_04,NCG0398,0,4,0.015017236156876182,93.84804,-15.590079,10.473372,-7.8516417,0.38459572,3.863941,-1.4400122,-1.9049177,2.6907754,-0.57670414
HPGP_GLOBAL_vs_ZENODO_10369064,HPGP_GLOBAL,SPA-607,SNP_CLUSTER_04,NCG0400,0,0,0.01537023578539305,94.68038,-15.631488,9.1282625,-8.162186,0.25158,5.0029445,3.2566419,2.0449245,2.7795932,-1.3796005
HPGP_GLOBAL_vs_ZENODO_10369064,HPGP_GLOBAL,SPA-703,SNP_CLUSTER_04,NCG0402,0,1,0.0182137734262774,93.65332,-14.129378,14.092352,-9.467633,0.6550756,2.0070605,-3.537756,-3.699231,0.8989379,0.06120822
HPGP_GLOBAL_vs_ZENODO_10369064,HPGP_GLOBAL,SPA-705,SNP_CLUSTER_04,NCG0403,0,3,0.01569785079189009,93.79835,-14.541715,12.910188,-8.40513,0.1074003,3.554081,-1.4128209,-1.5090417,2.0248964,-0.54648536
HPGP_GLOBAL_vs_ZENODO_10369064,HPGP_GLOBAL,SPA-707,SNP_CLUSTER_04,NCG0404,0,3,0.017628741155744518,93.38466,-13.240006,14.330627,-7.847095,0.11300324,3.9914703,-2.583723,-3.249851,2.4005995,-1.3405294
HPGP_GLOBAL_vs_ZENODO_10369064,HPGP_GLOBAL,SPA-803,SNP_CLUSTER_04,NCG0406,0,4,0.01621438208980627,93.79068,-15.13369,8.262704,-7.5256166,-0.28312072,4.2924547,1.767089,1.1550016,1.7075891,-2.6588485
HPGP_GLOBAL_vs_ZENODO_10369064,HPGP_GLOBAL,SPA-805,SNP_CLUSTER_04,NCG0407,0,1,0.014038870936714236,94.64256,-15.179142,10.438684,-7.5099087,0.19947653,3.615544,0.3860279,-3.1124198,0.45158732,-1.5134925
HPGP_GLOBAL_vs_ZENODO_10369064,HPGP_GLOBAL,SWE-006,SNP_CLUSTER_04,NCG0409,0,2,0.02790010946322185,92.07096,-9.1151,17.921682,-2.2313771,-0.02550746,4.396681,-4.821709,-2.361023,3.298052,2.6289964
HPGP_GLOBAL_vs_ZENODO_10369064,HPGP_GLOBAL,SWT-001,SNP_CLUSTER_04,NCG0417,0,1,0.016288716928737956,94.65573,-16.199879,9.308669,-7.677789,-0.2977587,4.406027,-3.6956923,-1.7792504,1.0686707,-0.40732244
HPGP_GLOBAL_vs_ZENODO_10369064,HPGP_GLOBAL,SWT-010,SNP_CLUSTER_04,NCG0423,0,3,0.021422960913184148,97.799164,-21.230618,6.222269,-17.214918,5.878106,10.438506,-14.387777,-7.9646096,10.6312895,3.6207583
HPGP_GLOBAL_vs_ZENODO_10369064,HPGP_GLOBAL,SWT-012,SNP_CLUSTER_04,NCG0425,0,4,0.014738282310227379,94.06233,-15.986915,9.070812,-9.155235,0.52484465,3.0076065,-1.1600875,-1.6492811,-0.04191783,-0.5288352
HPGP_GLOBAL_vs_ZENODO_10369064,HPGP_GLOBAL,SWT-013,SNP_CLUSTER_04,NCG0426,0,2,0.028458706022079137,91.60802,-8.943997,22.440357,-3.4098144,0.90940654,3.6811757,-6.951126,-3.651439,3.6877277,0.7690135
HPGP_GLOBAL_vs_ZENODO_10369064,HPGP_GLOBAL,SWT-015,SNP_CLUSTER_04,NCG0428,0,3,0.015398106340582451,93.9584,-16.114475,11.663745,-9.610411,0.4126866,5.324728,-1.0904115,-0.99375594,2.0661778,-0.18209393
HPGP_GLOBAL_vs_ZENODO_10369064,HPGP_GLOBAL,SWT-017,SNP_CLUSTER_04,NCG0429,0,4,0.025061040331361664,91.945885,-11.074951,14.76234,-4.538389,0.90492445,4.89651,-6.232078,-2.4386065,2.495818,1.2255456
HPGP_GLOBAL_vs_ZENODO_10369064,HPGP_GLOBAL,TUR-003,SNP_CLUSTER_04,NCG0432,0,0,0.035032510235521126,90.33115,-6.4560685,21.209263,-0.3489981,0.13068421,1.7724048,-6.6103067,-3.2254143,2.3112159,1.2024161
HPGP_GLOBAL_vs_ZENODO_10369064,HPGP_GLOBAL,TUR-010,SNP_CLUSTER_04,NCG0434,0,2,0.04610091645738253,90.063965,-6.0103974,21.70367,-1.1280787,-0.18785906,3.1858995,-7.274156,-4.839925,3.8595092,1.8758258
HPGP_GLOBAL_vs_ZENODO_10369064,HPGP_GLOBAL,USA-207,SNP_CLUSTER_04,NCG0458,0,3,0.016341734777987286,94.68931,-12.5103035,9.100739,-8.343033,0.8422644,2.732796,-0.5311631,-0.045706034,0.86756146,0.13825385
HPGP_GLOBAL_vs_ZENODO_10369064,HPGP_GLOBAL,USA-414,SNP_CLUSTER_04,NCG0463,0,2,0.02266271801889344,92.396065,-12.458242,13.307255,-5.6306205,-0.12173013,2.8324766,-0.90635824,-4.1056886,-0.07179899,-0.3393736
HPGP_GLOBAL_vs_ZENODO_10369064,HPGP_GLOBAL,CHI-007,SNP_CLUSTER_05,NCG0093,0,0,0.007293745066466493,94.261314,-11.943316,11.844472,-21.737223,0.67332125,-50.39192,-8.366324,-3.926636,0.69142276,-10.081608
HPGP_GLOBAL_vs_ZENODO_10369064,HPGP_GLOBAL,CHI-010,SNP_CLUSTER_05,NCG0095,0,4,0.03407905463249788,93.662056,-2.3570428,7.4179296,-13.174646,0.033145715,-28.873083,-4.15636,-1.0419983,-1.1256205,-3.9521904
HPGP_GLOBAL_vs_ZENODO_10369064,HPGP_GLOBAL,CHI-014,SNP_CLUSTER_05,NCG0097,0,3,0.011256776150026793,93.14843,-10.970756,12.821939,-20.929049,1.1151723,-46.18518,-8.143661,-3.0543633,-0.22562926,-6.9195766
HPGP_GLOBAL_vs_ZENODO_10369064,HPGP_GLOBAL,CHI-017,SNP_CLUSTER_05,NCG0098,0,3,0.009541436530077881,93.79377,-12.677641,11.776259,-21.420502,0.9894999,-48.252106,-6.973297,-3.2258132,0.2102686,-9.33226
HPGP_GLOBAL_vs_ZENODO_10369064,HPGP_GLOBAL,CHI-101,SNP_CLUSTER_05,NCG0104,0,1,0.03250793099664841,92.970436,-3.7233996,9.449881,-18.803175,0.23329253,-46.662655,-7.747335,-3.6779304,0.002152454,-14.930073
HPGP_GLOBAL_vs_ZENODO_10369064,HPGP_GLOBAL,CHI-102,SNP_CLUSTER_05,NCG0105,0,0,0.011308278605796694,93.52363,-7.279282,9.735458,-18.659397,0.7986064,-45.9958,-6.5121346,-2.5868347,1.4279922,-9.704666
HPGP_GLOBAL_vs_ZENODO_10369064,HPGP_GLOBAL,CHI-104,SNP_CLUSTER_05,NCG0107,0,3,0.029566112062733768,93.7088,4.755449,5.57136,-18.115685,0.38801774,-45.97181,-6.250414,-1.0972283,-0.27267087,-13.4391165
HPGP_GLOBAL_vs_ZENODO_10369064,HPGP_GLOBAL,CHI-113,SNP_CLUSTER_05,NCG0110,0,1,0.024135171386889708,93.949486,-4.8392015,9.738318,-21.603132,0.75656736,-52.386223,-8.606184,-3.7106035,-0.42083156,-11.208483
HPGP_GLOBAL_vs_ZENODO_10369064,HPGP_GLOBAL,CHI-114,SNP_CLUSTER_05,NCG0111,0,1,0.014860641925215084,94.71333,-10.679927,9.314526,-19.740925,1.667115,-46.593243,-5.5344,-3.2437541,0.41126657,-9.173366
HPGP_GLOBAL_vs_ZENODO_10369064,HPGP_GLOBAL,CHI-126,SNP_CLUSTER_05,NCG0117,0,2,0.020371442523894043,93.49533,-6.6441097,9.812998,-19.94084,0.29108787,-50.41384,-6.982344,-2.9788136,0.08531533,-14.576334
HPGP_GLOBAL_vs_ZENODO_10369064,HPGP_GLOBAL,BRA-025,SNP_CLUSTER_06,NCG0088,0,1,0.009789552249036593,96.02409,-19.279573,-0.0122402245,-8.627834,-0.15536216,3.5612602,7.13521,3.5416865,0.26820612,0.258355
HPGP_GLOBAL_vs_ZENODO_10369064,HPGP_GLOBAL,CHI-004,SNP_CLUSTER_06,NCG0091,0,4,0.013872108094577661,98.109024,-21.617546,-19.116882,-1.7188402,-2.0329344,-4.1137676,4.627595,20.494131,-0.7367955,26.591282
HPGP_GLOBAL_vs_ZENODO_10369064,HPGP_GLOBAL,CHI-005,SNP_CLUSTER_06,NCG0092,0,1,0.009241954177295272,95.06134,-12.971657,-12.003318,-8.167968,-1.1879406,-7.643856,21.2101,17.413525,-5.5672755,27.47271
HPGP_GLOBAL_vs_ZENODO_10369064,HPGP_GLOBAL,CHI-011,SNP_CLUSTER_06,NCG0096,0,0,0.009716098317532236,96.82227,-15.877612,-6.3757334,-9.565849,-0.5986642,-0.20202021,14.14504,18.563807,-4.682737,5.5149107
HPGP_GLOBAL_vs_ZENODO_10369064,HPGP_GLOBAL,CHI-018,SNP_CLUSTER_06,NCG0099,0,2,0.009172533539650508,95.28611,-11.072669,-0.14866787,-10.678989,-0.4048102,-8.500337,13.640474,18.884272,-5.158537,25.99441
HPGP_GLOBAL_vs_ZENODO_10369064,HPGP_GLOBAL,CHI-021,SNP_CLUSTER_06,NCG0100,0,3,0.01575191871926077,96.22414,-17.692574,-15.3934355,-4.9889283,-1.0417484,-6.449464,15.204722,7.3854384,-2.9753497,20.768147
HPGP_GLOBAL_vs_ZENODO_10369064,HPGP_GLOBAL,CHI-022,SNP_CLUSTER_06,NCG0101,0,3,0.022084567266427147,97.041145,-19.70723,-21.19079,1.4526588,-2.1469662,-1.5414345,-0.86850184,16.488216,0.5916355,19.393246
HPGP_GLOBAL_vs_ZENODO_10369064,HPGP_GLOBAL,CHI-023,SNP_CLUSTER_06,NCG0102,0,0,0.010648920150215768,95.04432,-10.359738,-6.0865455,-10.900295,-1.0008543,-6.677327,21.909855,21.759995,-5.5025105,27.782
HPGP_GLOBAL_vs_ZENODO_10369064,HPGP_GLOBAL,CHI-024,SNP_CLUSTER_06,NCG0103,0,0,0.007061299497186424,95.281075,-14.451027,-3.4118361,-11.613216,-0.9868685,-6.186072,23.298004,25.24275,-6.1578,29.32761
HPGP_GLOBAL_vs_ZENODO_10369064,HPGP_GLOBAL,CHI-119,SNP_CLUSTER_06,NCG0112,0,3,0.020946206005310185,94.80269,-6.1939187,-9.513979,-9.512897,-1.5084938,-7.070755,20.421432,26.174276,-5.5277195,24.79792
HPGP_GLOBAL_vs_ZENODO_10369064,HPGP_GLOBAL,CHI-122,SNP_CLUSTER_06,NCG0113,0,2,0.006810643066898675,96.805916,-15.220211,-11.144574,-7.9543214,-1.1068426,-2.8987277,21.314726,19.737558,-4.8198347,11.215755
HPGP_GLOBAL_vs_ZENODO_10369064,HPGP_GLOBAL,CHI-123,SNP_CLUSTER_06,NCG0114,0,1,0.017267517724005414,94.68721,-10.285338,1.4962537,-8.7495165,-0.4687487,-3.7058716,6.8574,5.2814636,0.5529655,2.3715293
HPGP_GLOBAL_vs_ZENODO_10369064,HPGP_GLOBAL,CHI-124,SNP_CLUSTER_06,NCG0115,0,4,0.016695492536985723,96.77481,-14.53807,-22.904789,-2.2287621,-1.5502632,-4.975983,21.335094,7.326073,-2.5416367,17.700174
HPGP_GLOBAL_vs_ZENODO_10369064,HPGP_GLOBAL,CHI-125,SNP_CLUSTER_06,NCG0116,0,0,0.006264792448068831,95.96707,-13.204396,-2.940554,-12.158032,-1.956244,-5.772638,25.450584,26.984688,-5.516123,26.914846
HPGP_GLOBAL_vs_ZENODO_10369064,HPGP_GLOBAL,CHI-127,SNP_CLUSTER_06,NCG0118,0,3,0.013903526206418488,95.166794,-11.071838,-5.959907,-9.254758,-1.2358865,-8.315336,18.032175,19.060688,-6.051218,27.481766
HPGP_GLOBAL_vs_ZENODO_10369064,HPGP_GLOBAL,COL-008,SNP_CLUSTER_06,NCG0128,0,2,0.014197637888065405,94.91263,-15.220124,0.35047778,-5.8250012,-0.63169336,3.2569404,9.2045355,4.214421,2.1388958,3.3554893
HPGP_GLOBAL_vs_ZENODO_10369064,HPGP_GLOBAL,CRI-001,SNP_CLUSTER_06,NCG0129,0,1,0.01309746881191396,95.63687,-19.676823,-1.8878562,-5.542565,-1.1791419,5.7399907,3.2635133,2.8343184,-0.19025898,-7.932282
HPGP_GLOBAL_vs_ZENODO_10369064,HPGP_GLOBAL,CRI-002,SNP_CLUSTER_06,NCG0130,0,1,0.013902269305067437,95.81106,-18.441587,-3.613821,-4.4903164,-1.8738266,5.66201,3.1917932,6.226047,0.3215658,-6.97597
HPGP_GLOBAL_vs_ZENODO_10369064,HPGP_GLOBAL,CRI-005,SNP_CLUSTER_06,NCG0132,0,4,0.014764162554807296,94.928154,-16.208046,2.6951365,-6.2728252,-1.4162538,5.242046,4.099692,6.7498593,0.45975578,-7.3637376
HPGP_GLOBAL_vs_ZENODO_10369064,HPGP_GLOBAL,CRI-006,SNP_CLUSTER_06,NCG0133,0,2,0.014458691063917605,95.19031,-16.072433,4.100955,-6.3191442,-0.40997395,5.6346197,2.1270738,3.7125003,1.4426798,-3.054181
HPGP_GLOBAL_vs_ZENODO_10369064,HPGP_GLOBAL,FRA-001,SNP_CLUSTER_06,NCG0134,0,0,0.01672716762266121,94.42532,-16.499647,6.345104,-8.212018,0.2145229,6.3734856,4.2723265,3.6672106,1.54521,-5.186789
HPGP_GLOBAL_vs_ZENODO_10369064,HPGP_GLOBAL,FRA-017,SNP_CLUSTER_06,NCG0149,0,0,0.01476741073244737,94.868744,-18.982307,2.660332,-8.653137,-0.43858773,4.983769,6.1469536,0.052055348,1.0813329,-5.5916753
HPGP_GLOBAL_vs_ZENODO_10369064,HPGP_GLOBAL,FRA-020,SNP_CLUSTER_06,NCG0152,0,0,0.01746557207585075,94.0175,-17.501898,5.104264,-8.895837,-0.2776013,5.2047267,4.3910146,2.527621,0.85774183,-2.712902
HPGP_GLOBAL_vs_ZENODO_10369064,HPGP_GLOBAL,GTM-004,SNP_CLUSTER_06,NCG0177,0,1,0.019386773523290234,94.973206,-12.960202,-4.596887,-2.945953,-1.8200619,4.102555,5.6647186,10.229871,0.557119,-9.88566
HPGP_GLOBAL_vs_ZENODO_10369064,HPGP_GLOBAL,HON-005,SNP_CLUSTER_06,NCG0181,0,3,0.013619906305258982,95.64218,-15.428596,-2.743693,-6.86571,-1.0366426,4.8714523,7.757517,14.440569,-0.47882706,-14.751733
HPGP_GLOBAL_vs_ZENODO_10369064,HPGP_GLOBAL,HON-006,SNP_CLUSTER_06,NCG0182,0,4,0.012856262008574943,97.18274,-22.227793,-19.116932,-1.433822,-1.3443236,0.67304224,9.781573,4.392448,0.24363205,-10.142861
HPGP_GLOBAL_vs_ZENODO_10369064,HPGP_GLOBAL,HON-009,SNP_CLUSTER_06,NCG0184,0,0,0.016295429177032254,95.956406,-14.265435,-3.5850334,-7.5491977,-1.7782711,7.2684755,7.6319833,22.183952,-2.8162177,-22.191011
HPGP_GLOBAL_vs_ZENODO_10369064,HPGP_GLOBAL,HON-025,SNP_CLUSTER_06,NCG0192,0,3,0.01766910044053484,94.5378,-13.121939,2.338255,-5.0032,-0.13863954,4.1215816,6.3156705,7.833637,1.612515,-8.576709
HPGP_GLOBAL_vs_ZENODO_10369064,HPGP_GLOBAL,HON-027,SNP_CLUSTER_06,NCG0193,0,4,0.016254026338185915,94.80581,-16.034979,2.2060456,-8.816226,-0.50894177,4.7842283,8.151044,11.558252,1.5689497,-7.31571
HPGP_GLOBAL_vs_ZENODO_10369064,HPGP_GLOBAL,MEX-001,SNP_CLUSTER_06,NCG0301,0,4,0.01406943651957006,95.45366,-16.827732,0.90227264,-12.258574,-1.045059,10.133006,18.727776,24.267504,-1.5308566,-36.162624
HPGP_GLOBAL_vs_ZENODO_10369064,HPGP_GLOBAL,MEX-002,SNP_CLUSTER_06,NCG0302,0,2,0.012404540702122505,95.45801,-13.720682,0.6482817,-8.86091,-0.45704126,5.9517646,11.423535,8.71578,-0.1552829,-13.403126
HPGP_GLOBAL_vs_ZENODO_10369064,HPGP_GLOBAL,MEX-003,SNP_CLUSTER_06,NCG0303,0,2,0.007931582760161081,96.61101,-21.086105,-9.743221,-6.984791,-1.3715004,7.599614,17.19305,13.3228855,-1.3777456,-24.299675
HPGP_GLOBAL_vs_ZENODO_10369064,HPGP_GLOBAL,MEX-004,SNP_CLUSTER_06,NCG0304,0,2,0.00968236734908819,95.50927,-14.682525,-1.2608285,-11.484112,-1.1165555,9.412945,18.173252,24.639164,-1.1800636,-33.041912
HPGP_GLOBAL_vs_ZENODO_10369064,HPGP_GLOBAL,MEX-012,SNP_CLUSTER_06,NCG0308,0,0,0.01975571556482517,93.75363,-13.692162,4.636786,-5.803015,-0.39380416,4.129512,5.1492624,3.3617535,0.25742438,-7.292757
HPGP_GLOBAL_vs_ZENODO_10369064,HPGP_GLOBAL,MEX-023,SNP_CLUSTER_06,NCG0309,0,4,0.013858809944699608,95.52974,-14.650075,0.8473213,-7.0335617,0.19128962,4.4027376,6.3240848,3.300824,2.1479213,-6.015119
HPGP_GLOBAL_vs_ZENODO_10369064,HPGP_GLOBAL,MEX-024,SNP_CLUSTER_06,NCG0310,0,1,0.017547430121110055,94.516205,-11.943582,-0.4938098,-4.923828,-0.97498244,5.013626,8.635416,6.372815,-0.83940846,-8.1499605
HPGP_GLOBAL_vs_ZENODO_10369064,HPGP_GLOBAL,MEX-027,SNP_CLUSTER_06,NCG0311,0,4,0.014798898760207088,96.11571,-14.877813,-3.7217884,-6.3370767,-0.8056347,3.850654,6.6658945,8.542104,-0.6062789,-6.0363727
HPGP_GLOBAL_vs_ZENODO_10369064,HPGP_GLOBAL,MEX-032,SNP_CLUSTER_06,NCG0313,0,3,0.007365899427166516,96.49563,-16.19637,0.0124266045,-10.836135,-1.2499031,10.134668,17.461206,25.781069,-2.550976,-36.309288
HPGP_GLOBAL_vs_ZENODO_10369064,HPGP_GLOBAL,MEX-035,SNP_CLUSTER_06,NCG0314,0,1,0.014888934157815273,94.75312,-10.314262,2.9184887,-9.517564,-0.104693815,4.3940043,11.230022,10.784317,-0.1442482,-12.223639
HPGP_GLOBAL_vs_ZENODO_10369064,HPGP_GLOBAL,MEX-040,SNP_CLUSTER_06,NCG0315,0,0,0.02091789728779816,94.635925,-14.51467,0.6581151,-7.2060914,-0.10185418,3.8203502,3.6040711,4.7928424,2.6644456,-6.727015
HPGP_GLOBAL_vs_ZENODO_10369064,HPGP_GLOBAL,MEX-041,SNP_CLUSTER_06,NCG0316,0,0,0.011140291155380231,96.93204,-19.988468,-6.9220705,-6.031777,-0.94560015,3.785318,10.420149,5.2022004,1.4491779,0.07084778
HPGP_GLOBAL_vs_ZENODO_10369064,HPGP_GLOBAL,MEX-043,SNP_CLUSTER_06,NCG0317,0,3,0.021643054503012807,94.8388,-9.119003,-1.3021022,-5.8609495,-1.0433646,2.298868,8.515257,6.8352885,-0.24321471,-6.1927056
HPGP_GLOBAL_vs_ZENODO_10369064,HPGP_GLOBAL,MEX-046,SNP_CLUSTER_06,NCG0318,0,4,0.014669825132709143,96.90049,-19.571447,-15.910854,-3.9096391,-1.5429833,3.6067266,10.2624445,-1.7350768,6.932277,-6.4852314
HPGP_GLOBAL_vs_ZENODO_10369064,HPGP_GLOBAL,NGA-010,SNP_CLUSTER_06,NCG0319,0,0,0.01558149190675679,100.89091,-29.299154,-15.362071,-12.171941,2.3922765,9.051551,-8.874906,-9.461342,7.4333787,2.183969
HPGP_GLOBAL_vs_ZENODO_10369064,HPGP_GLOBAL,PER-017,SNP_CLUSTER_06,NCG0322,0,2,0.011343614961596853,96.65125,-22.04541,-9.100224,-5.0499086,-1.2954032,4.994447,11.130362,0.06327635,5.3824844,-7.936382
HPGP_GLOBAL_vs_ZENODO_10369064,HPGP_GLOBAL,PER-018,SNP_CLUSTER_06,NCG0323,0,4,0.012858125930085418,96.37656,-16.995739,-7.2786183,-5.28314,-0.5675889,1.2956274,8.156014,1.6593753,1.6008229,-4.418952
HPGP_GLOBAL_vs_ZENODO_10369064,HPGP_GLOBAL,PER-101,SNP_CLUSTER_06,NCG0325,0,2,0.03128354290676215,93.9896,-2.6338692,0.6231986,-5.270339,-0.8253181,1.9944365,7.0082455,6.4177794,0.83399135,3.67622
HPGP_GLOBAL_vs_ZENODO_10369064,HPGP_GLOBAL,PER-104,SNP_CLUSTER_06,NCG0327,0,2,0.026033638849194626,94.39925,-8.48946,-2.098381,-5.4732795,-0.4540292,2.9310536,7.0003424,4.121811,1.9045149,-4.6338463
HPGP_GLOBAL_vs_ZENODO_10369064,HPGP_GLOBAL,PER-107,SNP_CLUSTER_06,NCG0328,0,2,0.016300342412310553,94.53241,-12.362429,1.2094753,-6.6353407,-0.65636474,3.5596144,9.667282,8.135214,1.3095806,-3.6120832
HPGP_GLOBAL_vs_ZENODO_10369064,HPGP_GLOBAL,PER-117,SNP_CLUSTER_06,NCG0331,0,1,0.013717305859516579,95.19007,-13.94957,0.7153864,-8.732676,-0.3718722,5.3308487,9.626675,6.1363325,0.13090914,-6.2503376
HPGP_GLOBAL_vs_ZENODO_10369064,HPGP_GLOBAL,PER-124,SNP_CLUSTER_06,NCG0332,0,4,0.017245046383009468,94.82926,-16.399656,-1.4141482,-5.0770316,-1.0439926,5.2162232,4.2858844,3.5738428,1.930223,-5.802209
HPGP_GLOBAL_vs_ZENODO_10369064,HPGP_GLOBAL,PER-140,SNP_CLUSTER_06,NCG0334,0,3,0.016572175072021543,99.55563,-23.52358,-22.212822,-2.1171029,-0.9703167,2.8008673,1.3047311,-0.88958544,2.4712334,-0.27879977
HPGP_GLOBAL_vs_ZENODO_10369064,HPGP_GLOBAL,POR-112,SNP_CLUSTER_06,NCG0357,0,3,0.015556978902975891,93.72429,-16.437798,6.8408403,-9.149473,-0.23138134,4.5891466,4.3557234,3.1635978,1.0361389,-3.7605581
HPGP_GLOBAL_vs_ZENODO_10369064,HPGP_GLOBAL,POR-113,SNP_CLUSTER_06,NCG0358,0,1,0.011646287639066222,94.697296,-18.364775,0.6996724,-7.889647,-0.512776,3.149149,7.826385,5.3900313,-0.8965559,6.3735533
HPGP_GLOBAL_vs_ZENODO_10369064,HPGP_GLOBAL,POR-114,SNP_CLUSTER_06,NCG0359,0,4,0.009867680605346643,95.66842,-18.26874,3.2229457,-9.095791,-0.5124383,4.085608,8.904637,9.346949,-2.3676972,1.699783
HPGP_GLOBAL_vs_ZENODO_10369064,HPGP_GLOBAL,SPA-015,SNP_CLUSTER_06,NCG0375,0,4,0.013364962034986817,94.61595,-16.863668,5.326045,-8.576872,-0.22213623,6.1577287,7.272056,7.417649,0.58460873,-5.063838
HPGP_GLOBAL_vs_ZENODO_10369064,HPGP_GLOBAL,SPA-312,SNP_CLUSTER_06,NCG0389,0,4,0.012065584463279216,94.60548,-16.823553,5.975559,-9.57031,-0.0073992712,5.4791036,9.948489,8.05099,-1.5574825,-8.293752
HPGP_GLOBAL_vs_ZENODO_10369064,HPGP_GLOBAL,SPA-318,SNP_CLUSTER_06,NCG0391,0,3,0.01326774446155379,95.66249,-19.621723,-4.9786196,-5.246243,-1.7150611,4.0256143,11.800667,6.7250867,0.17618561,1.6755713
HPGP_GLOBAL_vs_ZENODO_10369064,HPGP_GLOBAL,SPA-405,SNP_CLUSTER_06,NCG0394,0,3,0.017762475584303338,93.87042,-15.139004,1.2738041,-5.3787174,-0.359815,4.874663,7.777183,4.207477,0.36799514,-4.521071
HPGP_GLOBAL_vs_ZENODO_10369064,HPGP_GLOBAL,SPA-509,SNP_CLUSTER_06,NCG0399,0,4,0.012068163215880785,95.429504,-17.914896,-1.0828731,-5.406904,-0.050800797,2.5816922,5.5970616,0.68015754,0.5675522,-0.40309307
HPGP_GLOBAL_vs_ZENODO_10369064,HPGP_GLOBAL,SPA-801,SNP_CLUSTER_06,NCG0405,0,0,0.016049995219802046,94.291214,-16.754549,4.989339,-7.697831,-0.12700534,4.174241,4.83538,2.8968585,-0.13199864,-2.4106748
HPGP_GLOBAL_vs_ZENODO_10369064,HPGP_GLOBAL,SWT-005,SNP_CLUSTER_06,NCG0420,0,4,0.023003357520641893,93.77711,-10.588021,2.9875214,-7.2440267,-0.650396,3.955197,6.3962255,4.0196266,0.11196284,-4.1636534
HPGP_GLOBAL_vs_ZENODO_10369064,HPGP_GLOBAL,USA-002,SNP_CLUSTER_06,NCG0449,0,3,0.014663811458729248,95.42288,-16.011337,0.7461783,-8.119956,-1.2061576,4.5220165,7.5559425,9.106713,1.6866468,-9.665128
HPGP_GLOBAL_vs_ZENODO_10369064,HPGP_GLOBAL,USA-204,SNP_CLUSTER_06,NCG0456,0,2,0.013261768176149135,95.849754,-15.6086445,-2.361424,-4.2548285,-1.2282957,4.7111225,6.859953,4.9876747,1.1118968,-5.565866
HPGP_GLOBAL_vs_ZENODO_10369064,HPGP_GLOBAL,USA-302,SNP_CLUSTER_06,NCG0459,0,2,0.009682843632816828,95.933975,-21.339262,-5.954246,-5.8445716,-1.3161284,2.9229052,7.990767,7.6347537,-2.8726892,1.7915449
HPGP_GLOBAL_vs_ZENODO_10369064,HPGP_GLOBAL,ARG-006,SNP_CLUSTER_07,NCG0072,0,3,0.014446658831148488,101.389244,-32.070004,-44.27801,11.698957,-3.8979375,-1.9210969,-21.824295,17.746187,-2.1362617,8.170509
HPGP_GLOBAL_vs_ZENODO_10369064,HPGP_GLOBAL,BRA-010,SNP_CLUSTER_07,NCG0080,0,3,0.013669182470190345,102.92258,-40.296864,-54.689903,13.884914,-3.429608,-1.14474,-17.116795,2.432928,0.60647804,3.09856
HPGP_GLOBAL_vs_ZENODO_10369064,HPGP_GLOBAL,BRA-013,SNP_CLUSTER_07,NCG0081,0,2,0.01178787740297399,103.49779,-38.653923,-53.624725,12.990273,-4.3803353,-1.639334,-19.576427,5.292992,-0.43574014,3.2182012
HPGP_GLOBAL_vs_ZENODO_10369064,HPGP_GLOBAL,BRA-020,SNP_CLUSTER_07,NCG0085,0,4,0.013905712472522798,103.99898,-41.740383,-59.83665,17.605669,-4.216956,-1.5444875,-30.96726,13.679706,-1.6884173,4.6839743
HPGP_GLOBAL_vs_ZENODO_10369064,HPGP_GLOBAL,BRA-022,SNP_CLUSTER_07,NCG0086,0,4,0.013567503469455683,103.672325,-39.411613,-54.359997,14.779251,-5.111038,-1.4773453,-29.382097,14.190393,-1.276505,4.496987
HPGP_GLOBAL_vs_ZENODO_10369064,HPGP_GLOBAL,BRA-023,SNP_CLUSTER_07,NCG0087,0,0,0.023946815204090078,101.25358,-30.783249,-43.05283,13.241193,-4.551106,1.3619963,-21.447386,13.258886,-0.9460641,4.0333753
HPGP_GLOBAL_vs_ZENODO_10369064,HPGP_GLOBAL,GTM-010,SNP_CLUSTER_07,NCG0178,0,2,0.019490902226303952,100.88869,-31.623785,-47.310745,12.522084,-3.866389,-1.3869116,-17.374353,12.833188,-0.9702822,1.4223723
HPGP_GLOBAL_vs_ZENODO_10369064,HPGP_GLOBAL,HON-003,SNP_CLUSTER_07,NCG0179,0,4,0.02838318103874676,100.17982,-30.666573,-38.38907,10.791735,-5.839912,-0.82241404,-28.541523,29.436106,-7.479432,-15.870947
HPGP_GLOBAL_vs_ZENODO_10369064,HPGP_GLOBAL,HON-004,SNP_CLUSTER_07,NCG0180,0,1,0.023895728191507964,101.28888,-27.72468,-45.444313,13.737618,-4.844882,-0.48631972,-22.898558,15.563428,-1.5023127,1.9092048
HPGP_GLOBAL_vs_ZENODO_10369064,HPGP_GLOBAL,HON-007,SNP_CLUSTER_07,NCG0183,0,2,0.015907862285839403,101.280365,-31.855633,-41.926514,12.827832,-5.793371,-1.6080747,-29.130707,28.361643,-6.9234576,-14.669443
HPGP_GLOBAL_vs_ZENODO_10369064,HPGP_GLOBAL,HON-015,SNP_CLUSTER_07,NCG0185,0,0,0.019250140476718677,99.97567,-29.19737,-33.855263,8.719467,-4.025943,1.687154,-15.339746,16.194408,-1.4249537,-0.6552448
HPGP_GLOBAL_vs_ZENODO_10369064,HPGP_GLOBAL,HON-017,SNP_CLUSTER_07,NCG0186,0,2,0.014666442918465274,102.53294,-34.84263,-47.51248,12.60915,-5.2292933,-0.79753524,-22.982729,15.702436,-0.008002156,-0.32379124
HPGP_GLOBAL_vs_ZENODO_10369064,HPGP_GLOBAL,HON-018,SNP_CLUSTER_07,NCG0187,0,1,0.015355019602139468,101.536804,-31.50251,-41.234863,12.42487,-5.93142,-0.8606652,-30.121656,28.319027,-8.306677,-13.457859
HPGP_GLOBAL_vs_ZENODO_10369064,HPGP_GLOBAL,HON-019,SNP_CLUSTER_07,NCG0188,0,0,0.016978063351192715,102.20559,-33.92547,-43.96658,13.131978,-4.7275043,-0.71266675,-21.947014,16.846668,-0.883799,0.9163118
HPGP_GLOBAL_vs_ZENODO_10369064,HPGP_GLOBAL,HON-020,SNP_CLUSTER_07,NCG0189,0,3,0.014331125863950692,100.94014,-28.473713,-35.203777,10.140115,-4.458845,1.1679919,-22.193106,18.441368,-0.5119787,-1.8738797
HPGP_GLOBAL_vs_ZENODO_10369064,HPGP_GLOBAL,HON-021,SNP_CLUSTER_07,NCG0190,0,0,0.025600314813328934,100.3356,-28.706959,-37.96274,8.333138,-3.7608583,2.9350162,-18.446032,16.717184,-0.4085555,0.3205813
HPGP_GLOBAL_vs_ZENODO_10369064,HPGP_GLOBAL,PER-116,SNP_CLUSTER_07,NCG0330,0,4,0.017579166343556732,100.53524,-25.786734,-34.267223,8.060498,-2.9936676,-0.64488,-16.560875,13.662872,-1.119377,0.7225997
HPGP_GLOBAL_vs_ZENODO_10369064,HPGP_GLOBAL,ZAF-002,SNP_CLUSTER_07,NCG0465,0,2,0.016580211061942064,101.526695,-34.032707,-48.00659,14.614014,5.5298133,-1.3058866,-20.771587,6.8311977,-0.6421823,4.3369064
HPGP_GLOBAL_vs_ZENODO_10369064,HPGP_GLOBAL,ZAF-004,SNP_CLUSTER_07,NCG0466,0,0,0.019105166647897482,102.214905,-35.950714,-51.19869,15.7341385,-1.0623965,-0.66518044,-19.490223,5.6195617,0.55236626,3.03997
HPGP_GLOBAL_vs_ZENODO_10369064,HPGP_GLOBAL,BRA-002,SNP_CLUSTER_08,NCG0077,0,3,0.013215012609633665,103.284676,-39.604794,-52.683376,8.506795,-3.0656242,-1.0807506,1.7939945,-13.202211,2.5722446,0.70759046
HPGP_GLOBAL_vs_ZENODO_10369064,HPGP_GLOBAL,BRA-014,SNP_CLUSTER_08,NCG0082,0,3,0.01462217934633228,100.44262,-33.11343,-37.901905,4.9516644,-2.9298015,0.21230072,5.1293535,-7.9780865,2.2988117,0.5548963
HPGP_GLOBAL_vs_ZENODO_10369064,HPGP_GLOBAL,BRA-018,SNP_CLUSTER_08,NCG0084,0,3,0.013513993067352806,103.67053,-39.788235,-52.85601,9.454754,-3.404339,-0.7128774,-2.2088473,-10.658722,3.2807117,2.7144792
HPGP_GLOBAL_vs_ZENODO_10369064,HPGP_GLOBAL,COL-003,SNP_CLUSTER_08,NCG0125,0,1,0.008297128888110664,99.86064,-30.978779,-35.22203,2.7021744,-1.0397693,-1.6427563,13.873267,-8.424306,1.3336694,-1.5583704
HPGP_GLOBAL_vs_ZENODO_10369064,HPGP_GLOBAL,COL-006,SNP_CLUSTER_08,NCG0127,0,0,0.010525238214025057,98.97283,-26.06582,-27.177334,0.54377073,-1.1724489,0.36034498,12.837407,-7.4195237,2.4175875,-1.5101054
HPGP_GLOBAL_vs_ZENODO_10369064,HPGP_GLOBAL,CRI-004,SNP_CLUSTER_08,NCG0131,0,3,0.015814012416047695,100.23738,-31.788286,-36.117268,4.313366,-2.8618793,-0.17234443,8.55904,-13.405142,3.317548,-1.6910235
HPGP_GLOBAL_vs_ZENODO_10369064,HPGP_GLOBAL,GMB-004,SNP_CLUSTER_08,NCG0164,0,1,0.0050779694112827204,103.71775,-40.544926,-58.054825,7.1318326,-1.2913208,-4.5051603,18.45855,-18.913773,0.13780458,-0.72993416
HPGP_GLOBAL_vs_ZENODO_10369064,HPGP_GLOBAL,GMB-007,SNP_CLUSTER_08,NCG0165,0,4,0.0029217221840391852,103.8155,-39.550007,-56.632904,6.936181,-0.65722495,-4.5688167,17.390991,-20.523462,1.1904547,-2.5412154
HPGP_GLOBAL_vs_ZENODO_10369064,HPGP_GLOBAL,GMB-008,SNP_CLUSTER_08,NCG0166,0,0,0.005870287234277259,103.33544,-39.982132,-55.96632,6.85692,-1.5461599,-3.881866,16.583273,-20.264338,1.5552651,-1.2745646
HPGP_GLOBAL_vs_ZENODO_10369064,HPGP_GLOBAL,GMB-009,SNP_CLUSTER_08,NCG0167,0,2,0.004260386834666307,104.73083,-40.59603,-55.867344,7.540234,-2.5636218,-2.4573793,11.462205,-19.919603,2.914145,0.62944436
HPGP_GLOBAL_vs_ZENODO_10369064,HPGP_GLOBAL,NGA-019,SNP_CLUSTER_08,NCG0320,0,4,0.0033052896100132694,103.43518,-41.23715,-56.71164,8.279044,-2.489906,-2.4414155,12.52324,-24.123554,3.2455215,0.8924948
HPGP_GLOBAL_vs_ZENODO_10369064,HPGP_GLOBAL,PER-013,SNP_CLUSTER_08,NCG0321,0,4,0.005892945388700143,101.8609,-34.173897,-47.725143,7.765206,-2.3190498,-1.398328,7.151666,-16.386307,3.4763885,0.37426168
HPGP_GLOBAL_vs_ZENODO_10369064,HPGP_GLOBAL,PER-020,SNP_CLUSTER_08,NCG0324,0,3,0.020525593055198035,100.22712,-30.177717,-39.56136,4.8023643,-2.3771203,-1.6006536,9.936652,-13.501469,4.313097,1.649275
HPGP_GLOBAL_vs_ZENODO_10369064,HPGP_GLOBAL,PER-112,SNP_CLUSTER_08,NCG0329,0,0,0.01311931470966229,99.11413,-25.704975,-32.592842,2.2720113,-1.9843328,-0.87122124,11.541695,-11.097139,2.673051,2.6027036
HPGP_GLOBAL_vs_ZENODO_10369064,HPGP_GLOBAL,POR-004,SNP_CLUSTER_08,NCG0348,0,3,0.010224457740834634,104.08536,-40.280315,-58.64492,7.028986,-1.1679417,-4.470468,19.454786,-19.785593,0.5479339,-2.161586
HPGP_GLOBAL_vs_ZENODO_10369064,HPGP_GLOBAL,PRI-005,SNP_CLUSTER_08,NCG0363,0,3,0.011033931173499423,103.376495,-38.939835,-52.023525,7.926775,-3.2849317,-1.9123882,5.6463366,-17.51208,-0.15947092,0.8903001
HPGP_GLOBAL_vs_ZENODO_10369064,HPGP_GLOBAL,SPA-202,SNP_CLUSTER_08,NCG0382,0,3,0.012912115391055443,103.73443,-39.52802,-51.90858,9.05341,-2.6838348,-0.88848084,7.5006843,-19.403765,4.320964,-0.31249878
HPGP_GLOBAL_vs_ZENODO_10369064,HPGP_GLOBAL,SPA-609,SNP_CLUSTER_08,NCG0401,0,0,0.010369367478542793,99.518486,-27.621725,-26.795612,-0.011780771,-1.8458793,0.35003498,8.858521,-8.887507,2.3713017,-1.212833
HPGP_GLOBAL_vs_ZENODO_10369064,HPGP_GLOBAL,USA-003,SNP_CLUSTER_08,NCG0450,0,0,0.010508301112656854,100.21498,-27.63788,-36.24375,4.649827,-2.1556072,-1.0230576,12.501493,-12.700799,1.2060169,-1.4350901
HPGP_GLOBAL_vs_ZENODO_10369064,HPGP_GLOBAL,USA-102,SNP_CLUSTER_08,NCG0451,0,4,0.004072895490883736,102.24984,-35.454586,-45.626774,9.593645,-3.2721133,-2.3441746,7.59611,-17.717842,2.4703631,0.7006967
HPGP_GLOBAL_vs_ZENODO_10369064,HPGP_GLOBAL,USA-104,SNP_CLUSTER_08,NCG0452,0,0,0.008833690267773664,102.79189,-38.00115,-49.174435,9.126766,-2.854687,-1.3976246,3.298629,-14.497291,3.7844563,1.127992
HPGP_GLOBAL_vs_ZENODO_10369064,HPGP_GLOBAL,USA-105,SNP_CLUSTER_08,NCG0453,0,4,0.005619700427572568,100.940765,-33.75398,-45.28857,9.686922,-2.860471,-3.9854903,11.024772,-15.137825,2.5369818,-0.7031241
HPGP_GLOBAL_vs_ZENODO_10369064,HPGP_GLOBAL,USA-202,SNP_CLUSTER_08,NCG0455,0,2,0.007215665457324115,103.474304,-39.409332,-56.38312,10.57713,-2.6972983,-2.7837946,4.0474935,-15.646672,2.798068,2.167581
HPGP_GLOBAL_vs_ZENODO_10369064,HPGP_GLOBAL,USA-206,SNP_CLUSTER_08,NCG0457,0,2,0.010960920755081953,99.85758,-28.948423,-34.867653,5.2696714,-2.180916,-0.44074538,6.548915,-9.47265,3.9223273,-1.6064527
HPGP_GLOBAL_vs_ZENODO_10369064,HPGP_GLOBAL,USA-304,SNP_CLUSTER_08,NCG0460,0,2,0.004535369603728169,104.24074,-41.234035,-57.162567,8.6343775,-2.3789563,-3.0567517,11.99018,-20.616226,2.1253607,0.45242622
HPGP_GLOBAL_vs_ZENODO_10369064,HPGP_GLOBAL,USA-311,SNP_CLUSTER_08,NCG0461,0,2,0.01018193839224611,100.61793,-31.464905,-41.17911,10.615571,-2.5413902,-1.9539808,3.2560232,-10.023466,2.589176,0.31569543
HPGP_GLOBAL_vs_ZENODO_10369064,HPGP_GLOBAL,USA-406,SNP_CLUSTER_08,NCG0462,0,4,0.003434025334174648,103.570694,-38.846985,-52.923462,9.002232,-2.3062422,-2.5370574,9.782348,-18.06872,3.6455219,-0.0028213344
