dataset_id,isolate_id,blast_task,hit_rank,subject_sequence,query_start,query_end,subject_start,subject_end,identity,coverage,marker_spanning,nearest_marker_distance_bp
CHINA_NINGXIA_2022,SHZY01,blastn,1,JAHXKJ010000002.1,55,82,63555,63582,0.85714,0.009433962264150943,False,2061
CHINA_NINGXIA_2022,SHZY01,blastn,2,JAHXKJ010000002.1,72,93,144427,144406,0.9090900000000001,0.007412398921832884,False,2050
CHINA_NINGXIA_2022,SHZY01,blastn,3,JAHXKJ010000002.1,57,89,158936,158904,0.82857,0.01179245283018868,False,2054
CHINA_NINGXIA_2022,SHZY01,blastn,4,JAHXKJ010000002.1,1514,1532,22039,22057,0.9473699999999999,0.006401617250673854,False,611
CHINA_NINGXIA_2022,SHZY01,blastn,5,JAHXKJ010000002.1,66,99,129158,129123,0.81081,0.012466307277628033,False,2044
CHINA_NINGXIA_2022,SHZY01,blastn,6,JAHXKJ010000002.1,64,89,50461,50486,0.84615,0.00876010781671159,False,2054
CHINA_NINGXIA_2022,SHZY01,blastn,7,JAHXKJ010000002.1,63,83,157586,157606,0.90476,0.007075471698113208,False,2060
CHINA_NINGXIA_2022,SHZY01,blastn,8,JAHXKJ010000001.1,84,103,85757,85738,0.95,0.006738544474393531,False,2040
CHINA_NINGXIA_2022,SHZY01,blastn,9,JAHXKJ010000008.1,70,101,39237,39270,0.82857,0.01179245283018868,False,2042
CHINA_NINGXIA_2022,SHZY01,blastn,10,JAHXKJ010000008.1,2180,2196,62097,62113,1.0,0.0057277628032345014,False,36
CHINA_NINGXIA_2022,SHZY01,blastn,11,JAHXKJ010000003.1,603,624,5896,5917,0.9090900000000001,0.007412398921832884,False,1519
CHINA_NINGXIA_2022,SHZY01,blastn,12,JAHXKJ010000003.1,1736,1764,16436,16408,0.82759,0.00977088948787062,False,379
CHINA_NINGXIA_2022,SHZY01,blastn,13,JAHXKJ010000003.1,543,558,97370,97355,1.0,0.005390835579514825,False,1585
CHINA_NINGXIA_2022,SHZY01,blastn,14,JAHXKJ010000003.1,1006,1021,111722,111707,1.0,0.005390835579514825,False,1122
CHINA_NINGXIA_2022,SHZY01,blastn,15,JAHXKJ010000014.1,2222,2238,16915,16899,1.0,0.0057277628032345014,False,78
CHINA_NINGXIA_2022,SHZY01,blastn,16,JAHXKJ010000009.1,2226,2244,4247,4265,0.9473699999999999,0.006401617250673854,False,82
CHINA_NINGXIA_2022,SHZY02,blastn,1,JAHXKK010000002.1,2634,2652,141748,141766,1.0,0.006401617250673854,False,490
CHINA_NINGXIA_2022,SHZY02,blastn,2,JAHXKK010000002.1,85,103,180929,180947,0.9473699999999999,0.006401617250673854,False,2040
CHINA_NINGXIA_2022,SHZY02,blastn,3,JAHXKK010000002.1,1059,1082,242869,242846,0.875,0.008086253369272238,False,1061
CHINA_NINGXIA_2022,SHZY02,blastn,4,JAHXKK010000002.1,64,84,193067,193047,0.90476,0.007075471698113208,False,2059
CHINA_NINGXIA_2022,SHZY02,blastn,5,JAHXKK010000021.1,55,82,33727,33754,0.85714,0.009433962264150943,False,2061
CHINA_NINGXIA_2022,SHZY02,blastn,6,JAHXKK010000009.1,74,90,16294,16310,1.0,0.0057277628032345014,False,2053
CHINA_NINGXIA_2022,SHZY02,blastn,7,JAHXKK010000009.1,87,105,29098,29116,0.9473699999999999,0.006401617250673854,False,2038
CHINA_NINGXIA_2022,SHZY02,blastn,8,JAHXKK010000006.1,87,103,71176,71192,1.0,0.0057277628032345014,False,2040
CHINA_NINGXIA_2022,SHZY02,blastn,9,JAHXKK010000006.1,592,610,51462,51444,0.9473699999999999,0.006401617250673854,False,1533
CHINA_NINGXIA_2022,SHZY02,blastn,10,JAHXKK010000003.1,2180,2196,68762,68778,1.0,0.0057277628032345014,False,36
CHINA_NINGXIA_2022,SHZY02,blastn,11,JAHXKK010000003.1,80,101,38935,38959,0.88,0.008423180592991913,False,2042
CHINA_NINGXIA_2022,SHZY02,blastn,12,JAHXKK010000014.1,72,93,57948,57927,0.9090900000000001,0.007412398921832884,False,2050
CHINA_NINGXIA_2022,SHZY02,blastn,13,JAHXKK010000014.1,66,99,44184,44149,0.81081,0.012466307277628033,False,2044
CHINA_NINGXIA_2022,SHZY02,blastn,14,JAHXKK010000004.1,1736,1764,16284,16256,0.82759,0.00977088948787062,False,379
CHINA_NINGXIA_2022,SHZY02,blastn,15,JAHXKK010000004.1,543,558,97972,97957,1.0,0.005390835579514825,False,1585
CHINA_NINGXIA_2022,SHZY02,blastn,16,JAHXKK010000004.1,1006,1021,112304,112289,1.0,0.005390835579514825,False,1122
CHINA_NINGXIA_2022,SHZY02,blastn,17,JAHXKK010000019.1,1514,1532,35899,35917,0.9473699999999999,0.006401617250673854,False,611
CHINA_NINGXIA_2022,SHZY02,blastn,18,JAHXKK010000017.1,516,534,41460,41442,0.9473699999999999,0.006401617250673854,False,1609
CHINA_NINGXIA_2022,SHZY02,blastn,19,JAHXKK010000016.1,61,84,55221,55244,0.875,0.008086253369272238,False,2059
CHINA_NINGXIA_2022,SHZY02,blastn,20,JAHXKK010000012.1,177,195,10163,10181,0.9473699999999999,0.006401617250673854,False,1948
CHINA_NINGXIA_2022,SHZY02,blastn,21,JAHXKK010000012.1,2226,2244,17662,17680,0.9473699999999999,0.006401617250673854,False,82
CHINA_NINGXIA_2022,SHZY02,blastn,22,JAHXKK010000011.1,544,562,4931,4913,0.9473699999999999,0.006401617250673854,False,1581
CHINA_NINGXIA_2022,SHZY02,blastn,23,JAHXKK010000015.1,50,70,5285,5265,0.90476,0.007075471698113208,False,2073
CHINA_NINGXIA_2022,SHZY03,megablast,1,JAHXKL010000026.1,1,2968,4742,1769,0.9892400000000001,1.0023584905660377,True,0
CHINA_NINGXIA_2022,SHZY03,blastn,1,JAHXKL010000026.1,1,2968,4742,1769,0.9892400000000001,1.0023584905660377,True,0
CHINA_NINGXIA_2022,SHZY03,blastn,2,JAHXKL010000004.1,603,624,125695,125674,0.9090900000000001,0.007412398921832884,False,1519
CHINA_NINGXIA_2022,SHZY03,blastn,3,JAHXKL010000004.1,1736,1764,115072,115100,0.82759,0.00977088948787062,False,379
CHINA_NINGXIA_2022,SHZY03,blastn,4,JAHXKL010000004.1,1006,1021,18438,18453,1.0,0.005390835579514825,False,1122
CHINA_NINGXIA_2022,SHZY03,blastn,5,JAHXKL010000004.1,543,558,32960,32975,1.0,0.005390835579514825,False,1585
CHINA_NINGXIA_2022,SHZY03,blastn,6,JAHXKL010000023.1,2222,2238,16908,16892,1.0,0.0057277628032345014,False,78
CHINA_NINGXIA_2022,SHZY03,blastn,7,JAHXKL010000020.1,74,90,38126,38110,1.0,0.0057277628032345014,False,2053
CHINA_NINGXIA_2022,SHZY03,blastn,8,JAHXKL010000002.1,72,93,15345,15366,0.9090900000000001,0.007412398921832884,False,2050
CHINA_NINGXIA_2022,SHZY03,blastn,9,JAHXKL010000002.1,66,99,31052,31087,0.8055599999999999,0.012129380053908356,False,2044
CHINA_NINGXIA_2022,SHZY03,blastn,10,JAHXKL010000002.1,68,86,5107,5125,0.9473699999999999,0.006401617250673854,False,2057
CHINA_NINGXIA_2022,SHZY03,blastn,11,JAHXKL010000002.1,63,83,2224,2204,0.90476,0.007075471698113208,False,2060
CHINA_NINGXIA_2022,SHZY03,blastn,12,JAHXKL010000002.1,62,82,97143,97123,0.90476,0.007075471698113208,False,2061
CHINA_NINGXIA_2022,SHZY03,blastn,13,JAHXKL010000017.1,1953,1969,6551,6535,1.0,0.0057277628032345014,False,174
CHINA_NINGXIA_2022,SHZY03,blastn,14,JAHXKL010000008.1,85,103,20654,20672,0.9473699999999999,0.006401617250673854,False,2040
CHINA_NINGXIA_2022,SHZY03,blastn,15,JAHXKL010000008.1,64,84,31198,31178,0.90476,0.007075471698113208,False,2059
CHINA_NINGXIA_2022,SHZY03,blastn,16,JAHXKL010000021.1,728,746,19599,19581,0.9473699999999999,0.006401617250673854,False,1397
CHINA_NINGXIA_2022,SHZY03,blastn,17,JAHXKL010000015.1,2226,2244,4334,4352,0.9473699999999999,0.006401617250673854,False,82
CHINA_NINGXIA_2022,SHZY03,blastn,18,JAHXKL010000012.1,69,99,16457,16428,0.83871,0.010444743935309973,False,2044
CHINA_NINGXIA_2022,SHZY03,blastn,19,JAHXKL010000012.1,516,534,67194,67176,0.9473699999999999,0.006401617250673854,False,1609
CHINA_NINGXIA_2022,SHZY03,blastn,20,JAHXKL010000001.1,87,105,155993,155975,0.9473699999999999,0.006401617250673854,False,2038
CHINA_NINGXIA_2022,SHZY03,blastn,21,JAHXKL010000010.1,1345,1360,25892,25877,1.0,0.005390835579514825,False,783
CHINA_NINGXIA_2022,SHZY04,blastn,1,JAHXKM010000008.1,55,82,62805,62832,0.85714,0.009433962264150943,False,2061
CHINA_NINGXIA_2022,SHZY04,blastn,2,JAHXKM010000002.1,64,105,1974,1935,0.78571,0.014150943396226415,False,2038
CHINA_NINGXIA_2022,SHZY04,blastn,3,JAHXKM010000002.1,51,78,37640,37613,0.85714,0.009433962264150943,False,2065
CHINA_NINGXIA_2022,SHZY04,blastn,4,JAHXKM010000002.1,85,103,90034,90016,0.9473699999999999,0.006401617250673854,False,2040
CHINA_NINGXIA_2022,SHZY04,blastn,5,JAHXKM010000002.1,75,90,159470,159485,1.0,0.005390835579514825,False,2053
CHINA_NINGXIA_2022,SHZY04,blastn,6,JAHXKM010000005.1,57,89,874,906,0.82857,0.01179245283018868,False,2054
CHINA_NINGXIA_2022,SHZY04,blastn,7,JAHXKM010000005.1,72,93,15350,15371,0.9090900000000001,0.007412398921832884,False,2050
CHINA_NINGXIA_2022,SHZY04,blastn,8,JAHXKM010000005.1,68,86,5074,5092,0.9473699999999999,0.006401617250673854,False,2057
CHINA_NINGXIA_2022,SHZY04,blastn,9,JAHXKM010000005.1,66,99,30981,31016,0.81081,0.012466307277628033,False,2044
CHINA_NINGXIA_2022,SHZY04,blastn,10,JAHXKM010000005.1,63,83,2224,2204,0.90476,0.007075471698113208,False,2060
CHINA_NINGXIA_2022,SHZY04,blastn,11,JAHXKM010000014.1,63,104,37286,37326,0.7907,0.014487870619946091,False,2039
CHINA_NINGXIA_2022,SHZY04,blastn,12,JAHXKM010000013.1,2222,2238,16851,16835,1.0,0.0057277628032345014,False,78
CHINA_NINGXIA_2022,SHZY04,blastn,13,JAHXKM010000001.1,2180,2196,170828,170844,1.0,0.0057277628032345014,False,36
CHINA_NINGXIA_2022,SHZY04,blastn,14,JAHXKM010000001.1,80,101,140998,141022,0.88,0.008423180592991913,False,2042
CHINA_NINGXIA_2022,SHZY04,blastn,15,JAHXKM010000001.1,1736,1764,217333,217305,0.82759,0.00977088948787062,False,379
CHINA_NINGXIA_2022,SHZY04,blastn,16,JAHXKM010000001.1,543,558,299477,299462,1.0,0.005390835579514825,False,1585
CHINA_NINGXIA_2022,SHZY04,blastn,17,JAHXKM010000007.1,2226,2244,62070,62052,0.9473699999999999,0.006401617250673854,False,82
CHINA_NINGXIA_2022,SHZY04,blastn,18,JAHXKM010000023.1,61,84,1006,983,0.875,0.008086253369272238,False,2059
CHINA_NINGXIA_2022,SHZY04,blastn,19,JAHXKM010000006.1,71,91,6054,6034,0.90476,0.007075471698113208,False,2052
CHINA_NINGXIA_2022,SHZY04,blastn,20,JAHXKM010000012.1,1345,1360,33815,33830,1.0,0.005390835579514825,False,783
CHINA_NINGXIA_2022,SHZY05,blastn,1,JAHXKN010000003.1,2634,2653,115261,115280,1.0,0.006738544474393531,False,490
CHINA_NINGXIA_2022,SHZY05,blastn,2,JAHXKN010000003.1,85,103,158462,158480,0.9473699999999999,0.006401617250673854,False,2040
CHINA_NINGXIA_2022,SHZY05,blastn,3,JAHXKN010000003.1,1059,1082,253981,253958,0.875,0.008086253369272238,False,1061
CHINA_NINGXIA_2022,SHZY05,blastn,4,JAHXKN010000007.1,55,82,96074,96047,0.85714,0.009433962264150943,False,2061
CHINA_NINGXIA_2022,SHZY05,blastn,5,JAHXKN010000007.1,57,89,898,930,0.82857,0.01179245283018868,False,2054
CHINA_NINGXIA_2022,SHZY05,blastn,6,JAHXKN010000007.1,63,83,2248,2228,0.90476,0.007075471698113208,False,2060
CHINA_NINGXIA_2022,SHZY05,blastn,7,JAHXKN010000018.1,293,312,16131,16150,0.95,0.006738544474393531,False,1831
CHINA_NINGXIA_2022,SHZY05,blastn,8,JAHXKN010000006.1,2222,2238,11960,11976,1.0,0.0057277628032345014,False,78
CHINA_NINGXIA_2022,SHZY05,blastn,9,JAHXKN010000004.1,2180,2196,168900,168916,1.0,0.0057277628032345014,False,36
CHINA_NINGXIA_2022,SHZY05,blastn,10,JAHXKN010000004.1,603,624,204949,204970,0.9090900000000001,0.007412398921832884,False,1519
CHINA_NINGXIA_2022,SHZY05,blastn,11,JAHXKN010000004.1,80,101,145806,145830,0.88,0.008423180592991913,False,2042
CHINA_NINGXIA_2022,SHZY05,blastn,12,JAHXKN010000004.1,1736,1764,215063,215035,0.82759,0.00977088948787062,False,379
CHINA_NINGXIA_2022,SHZY05,blastn,13,JAHXKN010000004.1,447,467,159048,159068,0.90476,0.007075471698113208,False,1676
CHINA_NINGXIA_2022,SHZY05,blastn,14,JAHXKN010000004.1,543,558,297861,297846,1.0,0.005390835579514825,False,1585
CHINA_NINGXIA_2022,SHZY05,blastn,15,JAHXKN010000013.1,63,104,12096,12056,0.7907,0.014487870619946091,False,2039
CHINA_NINGXIA_2022,SHZY05,blastn,16,JAHXKN010000021.1,61,84,6232,6255,0.875,0.008086253369272238,False,2059
CHINA_NINGXIA_2022,SHZY05,blastn,17,JAHXKN010000010.1,2226,2244,64468,64450,0.9473699999999999,0.006401617250673854,False,82
CHINA_NINGXIA_2022,SHZY06,blastn,1,JAHXKO010000003.1,55,82,63406,63433,0.85714,0.009433962264150943,False,2061
CHINA_NINGXIA_2022,SHZY06,blastn,2,JAHXKO010000015.1,293,312,18382,18401,0.95,0.006738544474393531,False,1831
CHINA_NINGXIA_2022,SHZY06,blastn,3,JAHXKO010000011.1,2222,2238,16929,16913,1.0,0.0057277628032345014,False,78
CHINA_NINGXIA_2022,SHZY06,blastn,4,JAHXKO010000001.1,603,624,124192,124171,0.9090900000000001,0.007412398921832884,False,1519
CHINA_NINGXIA_2022,SHZY06,blastn,5,JAHXKO010000001.1,1736,1764,113747,113775,0.82759,0.00977088948787062,False,379
CHINA_NINGXIA_2022,SHZY06,blastn,6,JAHXKO010000001.1,80,101,183021,182997,0.88,0.008423180592991913,False,2042
CHINA_NINGXIA_2022,SHZY06,blastn,7,JAHXKO010000001.1,1006,1021,18425,18440,1.0,0.005390835579514825,False,1122
CHINA_NINGXIA_2022,SHZY06,blastn,8,JAHXKO010000001.1,543,558,33216,33231,1.0,0.005390835579514825,False,1585
CHINA_NINGXIA_2022,SHZY06,blastn,9,JAHXKO010000009.1,516,534,13082,13100,0.9473699999999999,0.006401617250673854,False,1609
CHINA_NINGXIA_2022,SHZY06,blastn,10,JAHXKO010000007.1,2226,2244,4321,4339,0.9473699999999999,0.006401617250673854,False,82
CHINA_NINGXIA_2022,SHZY06,blastn,11,JAHXKO010000004.1,66,99,18739,18704,0.81081,0.012466307277628033,False,2044
CHINA_NINGXIA_2022,SHZY06,blastn,12,JAHXKO010000004.1,63,83,47348,47368,0.90476,0.007075471698113208,False,2060
CHINA_NINGXIA_2022,SHZY06,blastn,13,JAHXKO010000002.1,85,103,227076,227094,0.9473699999999999,0.006401617250673854,False,2040
CHINA_NINGXIA_2022,SHZY06,blastn,14,JAHXKO010000018.1,61,84,1004,981,0.875,0.008086253369272238,False,2059
CHINA_NINGXIA_2022,SHZY07,blastn,1,JAHXKP010000007.1,55,82,20021,19994,0.85714,0.009433962264150943,False,2061
CHINA_NINGXIA_2022,SHZY07,blastn,2,JAHXKP010000004.1,277,296,28370,28389,0.95,0.006738544474393531,False,1847
CHINA_NINGXIA_2022,SHZY07,blastn,3,JAHXKP010000004.1,122,143,34727,34705,0.9130400000000001,0.00774932614555256,False,2000
CHINA_NINGXIA_2022,SHZY07,blastn,4,JAHXKP010000008.1,63,104,39775,39815,0.7907,0.014487870619946091,False,2039
CHINA_NINGXIA_2022,SHZY07,blastn,5,JAHXKP010000006.1,57,89,880,912,0.82857,0.01179245283018868,False,2054
CHINA_NINGXIA_2022,SHZY07,blastn,6,JAHXKP010000006.1,72,93,15389,15410,0.9090900000000001,0.007412398921832884,False,2050
CHINA_NINGXIA_2022,SHZY07,blastn,7,JAHXKP010000006.1,66,99,31236,31271,0.81081,0.012466307277628033,False,2044
CHINA_NINGXIA_2022,SHZY07,blastn,8,JAHXKP010000006.1,63,83,2230,2210,0.90476,0.007075471698113208,False,2060
CHINA_NINGXIA_2022,SHZY07,blastn,9,JAHXKP010000005.1,2222,2238,2648,2664,1.0,0.0057277628032345014,False,78
CHINA_NINGXIA_2022,SHZY07,blastn,10,JAHXKP010000005.1,80,95,29284,29299,1.0,0.005390835579514825,False,2048
CHINA_NINGXIA_2022,SHZY07,blastn,11,JAHXKP010000001.1,2180,2196,108934,108950,1.0,0.0057277628032345014,False,36
CHINA_NINGXIA_2022,SHZY07,blastn,12,JAHXKP010000001.1,603,624,144861,144882,0.9090900000000001,0.007412398921832884,False,1519
CHINA_NINGXIA_2022,SHZY07,blastn,13,JAHXKP010000001.1,80,101,79148,79172,0.88,0.008423180592991913,False,2042
CHINA_NINGXIA_2022,SHZY07,blastn,14,JAHXKP010000001.1,1736,1764,155360,155332,0.82759,0.00977088948787062,False,379
CHINA_NINGXIA_2022,SHZY07,blastn,15,JAHXKP010000001.1,543,558,235674,235659,1.0,0.005390835579514825,False,1585
CHINA_NINGXIA_2022,SHZY07,blastn,16,JAHXKP010000025.1,61,84,453,430,0.875,0.008086253369272238,False,2059
CHINA_NINGXIA_2022,SHZY07,blastn,17,JAHXKP010000002.1,87,105,31232,31214,0.9473699999999999,0.006401617250673854,False,2038
CHINA_NINGXIA_2022,SHZY07,blastn,18,JAHXKP010000002.1,85,103,87651,87669,0.9473699999999999,0.006401617250673854,False,2040
CHINA_NINGXIA_2022,SHZY07,blastn,19,JAHXKP010000002.1,64,84,97669,97649,0.90476,0.007075471698113208,False,2059
CHINA_NINGXIA_2022,SHZY07,blastn,20,JAHXKP010000012.1,516,534,45194,45176,0.9473699999999999,0.006401617250673854,False,1609
CHINA_NINGXIA_2022,SHZY07,blastn,21,JAHXKP010000036.1,1634,1649,4193,4208,1.0,0.005390835579514825,False,494
CHINA_NINGXIA_2022,SHZY07,blastn,22,JAHXKP010000028.1,1006,1021,71,56,1.0,0.005390835579514825,False,1122
CHINA_NINGXIA_2022,SHZY07,blastn,23,JAHXKP010000022.1,1006,1021,13425,13410,1.0,0.005390835579514825,False,1122
CHINA_NINGXIA_2022,SHZY08,blastn,1,JAHXKQ010000002.1,2634,2652,91217,91199,1.0,0.006401617250673854,False,490
CHINA_NINGXIA_2022,SHZY08,blastn,2,JAHXKQ010000002.1,87,105,106277,106295,0.9473699999999999,0.006401617250673854,False,2038
CHINA_NINGXIA_2022,SHZY08,blastn,3,JAHXKQ010000008.1,55,82,34017,34044,0.85714,0.009433962264150943,False,2061
CHINA_NINGXIA_2022,SHZY08,blastn,4,JAHXKQ010000044.1,57,89,5724,5692,0.82857,0.01179245283018868,False,2054
CHINA_NINGXIA_2022,SHZY08,blastn,5,JAHXKQ010000022.1,72,93,9158,9179,0.9090900000000001,0.007412398921832884,False,2050
CHINA_NINGXIA_2022,SHZY08,blastn,6,JAHXKQ010000001.1,2222,2238,168028,168044,1.0,0.0057277628032345014,False,78
CHINA_NINGXIA_2022,SHZY08,blastn,7,JAHXKQ010000001.1,177,195,196069,196087,0.9473699999999999,0.006401617250673854,False,1948
CHINA_NINGXIA_2022,SHZY08,blastn,8,JAHXKQ010000001.1,122,143,96028,96006,0.9130400000000001,0.00774932614555256,False,2000
CHINA_NINGXIA_2022,SHZY08,blastn,9,JAHXKQ010000007.1,2226,2244,4150,4168,0.9473699999999999,0.006401617250673854,False,82
CHINA_NINGXIA_2022,SHZY08,blastn,10,JAHXKQ010000004.1,1736,1764,96860,96888,0.82759,0.00977088948787062,False,379
CHINA_NINGXIA_2022,SHZY08,blastn,11,JAHXKQ010000037.1,2802,2841,6713,6753,0.78049,0.013814016172506738,False,658
CHINA_NINGXIA_2022,SHZY08,blastn,12,JAHXKQ010000023.1,66,99,20699,20664,0.81081,0.012466307277628033,False,2044
CHINA_NINGXIA_2022,SHZY08,blastn,13,JAHXKQ010000014.1,80,101,32225,32249,0.88,0.008423180592991913,False,2042
CHINA_NINGXIA_2022,SHZY08,blastn,14,JAHXKQ010000012.1,85,103,22432,22414,0.9473699999999999,0.006401617250673854,False,2040
CHINA_NINGXIA_2022,SHZY08,blastn,15,JAHXKQ010000011.1,71,89,3652,3670,0.9473699999999999,0.006401617250673854,False,2054
CHINA_NINGXIA_2022,SHZY08,blastn,16,JAHXKQ010000057.1,1956,1971,1198,1213,1.0,0.005390835579514825,False,172
CHINA_NINGXIA_2022,SHZY08,blastn,17,JAHXKQ010000047.1,64,84,5558,5538,0.90476,0.007075471698113208,False,2059
CHINA_NINGXIA_2022,SHZY08,blastn,18,JAHXKQ010000034.1,926,941,3754,3739,1.0,0.005390835579514825,False,1202
CHINA_NINGXIA_2022,SHZY08,blastn,19,JAHXKQ010000003.1,1006,1021,18548,18563,1.0,0.005390835579514825,False,1122
CHINA_NINGXIA_2022,SHZY08,blastn,20,JAHXKQ010000027.1,75,90,2516,2531,1.0,0.005390835579514825,False,2053
CHINA_NINGXIA_2022,SHZY08,blastn,21,JAHXKQ010000015.1,75,90,5131,5146,1.0,0.005390835579514825,False,2053
CHINA_NINGXIA_2022,SHZY09,blastn,1,JAHXKR010000002.1,55,82,95141,95114,0.85714,0.009433962264150943,False,2061
CHINA_NINGXIA_2022,SHZY09,blastn,2,JAHXKR010000002.1,57,89,880,912,0.82857,0.01179245283018868,False,2054
CHINA_NINGXIA_2022,SHZY09,blastn,3,JAHXKR010000002.1,72,93,15306,15327,0.9090900000000001,0.007412398921832884,False,2050
CHINA_NINGXIA_2022,SHZY09,blastn,4,JAHXKR010000002.1,66,99,30516,30551,0.81081,0.012466307277628033,False,2044
CHINA_NINGXIA_2022,SHZY09,blastn,5,JAHXKR010000012.1,2222,2238,16908,16892,1.0,0.0057277628032345014,False,78
CHINA_NINGXIA_2022,SHZY09,blastn,6,JAHXKR010000010.1,63,104,35972,36012,0.7907,0.014487870619946091,False,2039
CHINA_NINGXIA_2022,SHZY09,blastn,7,JAHXKR010000001.1,603,624,32128,32107,0.9090900000000001,0.007412398921832884,False,1519
CHINA_NINGXIA_2022,SHZY09,blastn,8,JAHXKR010000001.1,80,101,97861,97837,0.88,0.008423180592991913,False,2042
CHINA_NINGXIA_2022,SHZY09,blastn,9,JAHXKR010000001.1,87,105,470157,470139,0.9473699999999999,0.006401617250673854,False,2038
CHINA_NINGXIA_2022,SHZY09,blastn,10,JAHXKR010000001.1,85,103,527691,527709,0.9473699999999999,0.006401617250673854,False,2040
CHINA_NINGXIA_2022,SHZY09,blastn,11,JAHXKR010000001.1,80,95,303058,303073,1.0,0.005390835579514825,False,2048
CHINA_NINGXIA_2022,SHZY09,blastn,12,JAHXKR010000007.1,2226,2244,60176,60158,0.9473699999999999,0.006401617250673854,False,82
CHINA_NINGXIA_2022,SHZY09,blastn,13,JAHXKR010000007.1,249,264,38287,38302,1.0,0.005390835579514825,False,1879
CHINA_NINGXIA_2022,SHZY09,blastn,14,JAHXKR010000018.1,61,84,10560,10583,0.875,0.008086253369272238,False,2059
CHINA_NINGXIA_2022,SHZY09,blastn,15,JAHXKR010000006.1,543,558,60988,60973,1.0,0.005390835579514825,False,1585
CHINA_NINGXIA_2022,SHZY09,blastn,16,JAHXKR010000006.1,1006,1021,75568,75553,1.0,0.005390835579514825,False,1122
CHINA_NINGXIA_2022,SHZY09,blastn,17,JAHXKR010000006.1,75,99,77298,77276,0.88,0.008423180592991913,False,2044
CHINA_NINGXIA_2022,SHZY09,blastn,18,JAHXKR010000004.1,122,143,35784,35762,0.9130400000000001,0.00774932614555256,False,2000
CHINA_NINGXIA_2022,SHZY10,blastn,1,JAHXKS010000022.1,61,101,12207,12245,0.80488,0.013814016172506738,False,2042
CHINA_NINGXIA_2022,SHZY10,blastn,2,JAHXKS010000003.1,55,82,67683,67710,0.85714,0.009433962264150943,False,2061
CHINA_NINGXIA_2022,SHZY10,blastn,3,JAHXKS010000003.1,57,89,162300,162268,0.82857,0.01179245283018868,False,2054
CHINA_NINGXIA_2022,SHZY10,blastn,4,JAHXKS010000003.1,66,99,132171,132136,0.81081,0.012466307277628033,False,2044
CHINA_NINGXIA_2022,SHZY10,blastn,5,JAHXKS010000003.1,63,83,160950,160970,0.90476,0.007075471698113208,False,2060
CHINA_NINGXIA_2022,SHZY10,blastn,6,JAHXKS010000007.1,63,104,70059,70019,0.7907,0.014487870619946091,False,2039
CHINA_NINGXIA_2022,SHZY10,blastn,7,JAHXKS010000002.1,65,101,172973,172935,0.8,0.013477088948787063,False,2042
CHINA_NINGXIA_2022,SHZY10,blastn,8,JAHXKS010000002.1,1736,1764,96021,96049,0.82759,0.00977088948787062,False,379
CHINA_NINGXIA_2022,SHZY10,blastn,9,JAHXKS010000014.1,2222,2238,16934,16918,1.0,0.0057277628032345014,False,78
CHINA_NINGXIA_2022,SHZY10,blastn,10,JAHXKS010000010.1,2226,2244,4218,4236,0.9473699999999999,0.006401617250673854,False,82
CHINA_NINGXIA_2022,SHZY10,blastn,11,JAHXKS010000001.1,85,103,141739,141757,0.9473699999999999,0.006401617250673854,False,2040
CHINA_NINGXIA_2022,SHZY10,blastn,12,JAHXKS010000001.1,75,90,74103,74088,1.0,0.005390835579514825,False,2053
CHINA_NINGXIA_2022,SHZY11,blastn,1,JAHXKT010000014.1,55,82,2806,2779,0.85714,0.009433962264150943,False,2061
CHINA_NINGXIA_2022,SHZY11,blastn,2,JAHXKT010000007.1,57,89,900,932,0.82857,0.01179245283018868,False,2054
CHINA_NINGXIA_2022,SHZY11,blastn,3,JAHXKT010000007.1,72,93,15359,15380,0.9090900000000001,0.007412398921832884,False,2050
CHINA_NINGXIA_2022,SHZY11,blastn,4,JAHXKT010000002.1,2222,2238,148325,148341,1.0,0.0057277628032345014,False,78
CHINA_NINGXIA_2022,SHZY11,blastn,5,JAHXKT010000006.1,2226,2244,4323,4341,0.9473699999999999,0.006401617250673854,False,82
CHINA_NINGXIA_2022,SHZY11,blastn,6,JAHXKT010000005.1,70,104,16439,16404,0.8055599999999999,0.012129380053908356,False,2039
CHINA_NINGXIA_2022,SHZY11,blastn,7,JAHXKT010000016.1,61,84,12698,12721,0.875,0.008086253369272238,False,2059
CHINA_NINGXIA_2022,SHZY11,blastn,8,JAHXKT010000001.1,85,103,90889,90871,0.9473699999999999,0.006401617250673854,False,2040
CHINA_NINGXIA_2022,SHZY11,blastn,9,JAHXKT010000001.1,87,105,144887,144905,0.9473699999999999,0.006401617250673854,False,2038
CHINA_NINGXIA_2022,SHZY11,blastn,10,JAHXKT010000001.1,80,101,462999,463023,0.88,0.008423180592991913,False,2042
CHINA_NINGXIA_2022,SHZY11,blastn,11,JAHXKT010000001.1,1736,1764,537623,537595,0.82759,0.00977088948787062,False,379
CHINA_NINGXIA_2022,SHZY11,blastn,12,JAHXKT010000001.1,1187,1202,60798,60813,1.0,0.005390835579514825,False,941
CHINA_NINGXIA_2022,SHZY11,blastn,13,JAHXKT010000001.1,64,84,80853,80873,0.90476,0.007075471698113208,False,2059
CHINA_NINGXIA_2022,SHZY11,blastn,14,JAHXKT010000001.1,19,83,570746,570689,0.7230800000000001,0.021900269541778976,False,2060
CHINA_NINGXIA_2022,SHZY11,blastn,15,JAHXKT010000001.1,543,558,619764,619749,1.0,0.005390835579514825,False,1585
CHINA_NINGXIA_2022,SHZY11,blastn,16,JAHXKT010000009.1,50,70,63096,63116,0.90476,0.007075471698113208,False,2073
CHINA_NINGXIA_2022,SHZY11,blastn,17,JAHXKT010000003.1,1345,1360,80960,80975,1.0,0.005390835579514825,False,783
CHINA_NINGXIA_2022,SHZY12,blastn,1,JAHXKU010000004.1,72,93,143082,143061,0.9090900000000001,0.007412398921832884,False,2050
CHINA_NINGXIA_2022,SHZY12,blastn,2,JAHXKU010000004.1,66,99,127571,127536,0.81081,0.012466307277628033,False,2044
CHINA_NINGXIA_2022,SHZY12,blastn,3,JAHXKU010000004.1,63,83,156235,156255,0.90476,0.007075471698113208,False,2060
CHINA_NINGXIA_2022,SHZY12,blastn,4,JAHXKU010000013.1,2222,2238,12877,12861,1.0,0.0057277628032345014,False,78
CHINA_NINGXIA_2022,SHZY12,blastn,5,JAHXKU010000012.1,63,104,37146,37186,0.7907,0.014487870619946091,False,2039
CHINA_NINGXIA_2022,SHZY12,blastn,6,JAHXKU010000001.1,603,624,96507,96486,0.9090900000000001,0.007412398921832884,False,1519
CHINA_NINGXIA_2022,SHZY12,blastn,7,JAHXKU010000001.1,80,101,162271,162247,0.88,0.008423180592991913,False,2042
CHINA_NINGXIA_2022,SHZY12,blastn,8,JAHXKU010000020.1,61,84,1009,986,0.875,0.008086253369272238,False,2059
CHINA_NINGXIA_2022,SHZY12,blastn,9,JAHXKU010000002.1,85,103,32615,32597,0.9473699999999999,0.006401617250673854,False,2040
CHINA_NINGXIA_2022,SHZY12,blastn,10,JAHXKU010000002.1,87,105,89146,89164,0.9473699999999999,0.006401617250673854,False,2038
CHINA_NINGXIA_2022,SHZY12,blastn,11,JAHXKU010000002.1,1187,1202,4298,4313,1.0,0.005390835579514825,False,941
CHINA_NINGXIA_2022,SHZY12,blastn,12,JAHXKU010000005.1,122,143,38853,38875,0.9130400000000001,0.00774932614555256,False,2000
CHINA_NINGXIA_2022,SHZY12,blastn,13,JAHXKU010000029.1,1956,1971,765,780,1.0,0.005390835579514825,False,172
CHINA_NINGXIA_2022,SHZY12,blastn,14,JAHXKU010000011.1,50,70,44846,44866,0.90476,0.007075471698113208,False,2073
CHINA_NINGXIA_2022,SHZY13,blastn,1,JAHXKV010000008.1,55,82,41321,41294,0.85714,0.009433962264150943,False,2061
CHINA_NINGXIA_2022,SHZY13,blastn,2,JAHXKV010000007.1,57,89,873,905,0.82857,0.01179245283018868,False,2054
CHINA_NINGXIA_2022,SHZY13,blastn,3,JAHXKV010000007.1,72,93,15318,15339,0.9090900000000001,0.007412398921832884,False,2050
CHINA_NINGXIA_2022,SHZY13,blastn,4,JAHXKV010000007.1,66,99,30132,30167,0.81081,0.012466307277628033,False,2044
CHINA_NINGXIA_2022,SHZY13,blastn,5,JAHXKV010000007.1,63,83,2223,2203,0.90476,0.007075471698113208,False,2060
CHINA_NINGXIA_2022,SHZY13,blastn,6,JAHXKV010000004.1,2222,2238,7572,7556,1.0,0.0057277628032345014,False,78
CHINA_NINGXIA_2022,SHZY13,blastn,7,JAHXKV010000023.1,50,66,872,856,1.0,0.0057277628032345014,False,2077
CHINA_NINGXIA_2022,SHZY13,blastn,8,JAHXKV010000023.1,1371,1386,6322,6337,1.0,0.005390835579514825,False,757
CHINA_NINGXIA_2022,SHZY13,blastn,9,JAHXKV010000019.1,63,104,36878,36918,0.7907,0.014487870619946091,False,2039
CHINA_NINGXIA_2022,SHZY13,blastn,10,JAHXKV010000001.1,2180,2196,59181,59197,1.0,0.0057277628032345014,False,36
CHINA_NINGXIA_2022,SHZY13,blastn,11,JAHXKV010000001.1,80,101,29371,29395,0.88,0.008423180592991913,False,2042
CHINA_NINGXIA_2022,SHZY13,blastn,12,JAHXKV010000001.1,1736,1764,105801,105773,0.82759,0.00977088948787062,False,379
CHINA_NINGXIA_2022,SHZY13,blastn,13,JAHXKV010000001.1,543,558,187978,187963,1.0,0.005390835579514825,False,1585
CHINA_NINGXIA_2022,SHZY13,blastn,14,JAHXKV010000001.1,1006,1021,202831,202816,1.0,0.005390835579514825,False,1122
CHINA_NINGXIA_2022,SHZY13,blastn,15,JAHXKV010000006.1,87,105,8915,8897,0.9473699999999999,0.006401617250673854,False,2038
CHINA_NINGXIA_2022,SHZY13,blastn,16,JAHXKV010000006.1,20,38,47163,47145,0.9473699999999999,0.006401617250673854,False,2105
CHINA_NINGXIA_2022,SHZY13,blastn,17,JAHXKV010000006.1,85,103,64792,64810,0.9473699999999999,0.006401617250673854,False,2040
CHINA_NINGXIA_2022,SHZY13,blastn,18,JAHXKV010000006.1,1187,1202,91555,91540,1.0,0.005390835579514825,False,941
CHINA_NINGXIA_2022,SHZY13,blastn,19,JAHXKV010000025.1,61,84,1008,985,0.875,0.008086253369272238,False,2059
CHINA_NINGXIA_2022,SHZY13,blastn,20,JAHXKV010000020.1,728,746,21421,21403,0.9473699999999999,0.006401617250673854,False,1397
CHINA_NINGXIA_2022,SHZY13,blastn,21,JAHXKV010000014.1,2226,2244,18467,18449,0.9473699999999999,0.006401617250673854,False,82
CHINA_NINGXIA_2022,SHZY13,blastn,22,JAHXKV010000028.1,1956,1971,875,890,1.0,0.005390835579514825,False,172
CHINA_NINGXIA_2022,SHZY13,blastn,23,JAHXKV010000016.1,50,70,50997,51017,0.90476,0.007075471698113208,False,2073
CHINA_NINGXIA_2022,SHZY14,blastn,1,JAHXKW010000003.1,55,82,62649,62676,0.85714,0.009433962264150943,False,2061
CHINA_NINGXIA_2022,SHZY14,blastn,2,JAHXKW010000003.1,57,89,156623,156591,0.82857,0.01179245283018868,False,2054
CHINA_NINGXIA_2022,SHZY14,blastn,3,JAHXKW010000003.1,1514,1532,21727,21745,0.9473699999999999,0.006401617250673854,False,611
CHINA_NINGXIA_2022,SHZY14,blastn,4,JAHXKW010000003.1,66,99,126622,126587,0.81081,0.012466307277628033,False,2044
CHINA_NINGXIA_2022,SHZY14,blastn,5,JAHXKW010000003.1,68,86,152405,152387,0.9473699999999999,0.006401617250673854,False,2057
CHINA_NINGXIA_2022,SHZY14,blastn,6,JAHXKW010000003.1,63,83,155273,155293,0.90476,0.007075471698113208,False,2060
CHINA_NINGXIA_2022,SHZY14,blastn,7,JAHXKW010000024.1,66,90,103,127,0.88,0.008423180592991913,False,2053
CHINA_NINGXIA_2022,SHZY14,blastn,8,JAHXKW010000008.1,1953,1969,2186,2170,1.0,0.0057277628032345014,False,174
CHINA_NINGXIA_2022,SHZY14,blastn,9,JAHXKW010000011.1,63,104,11412,11372,0.7907,0.014487870619946091,False,2039
CHINA_NINGXIA_2022,SHZY14,blastn,10,JAHXKW010000001.1,2180,2196,192807,192823,1.0,0.0057277628032345014,False,36
CHINA_NINGXIA_2022,SHZY14,blastn,11,JAHXKW010000001.1,80,101,169927,169951,0.88,0.008423180592991913,False,2042
CHINA_NINGXIA_2022,SHZY14,blastn,12,JAHXKW010000001.1,1736,1764,239517,239489,0.82759,0.00977088948787062,False,379
CHINA_NINGXIA_2022,SHZY14,blastn,13,JAHXKW010000001.1,543,558,321491,321476,1.0,0.005390835579514825,False,1585
CHINA_NINGXIA_2022,SHZY14,blastn,14,JAHXKW010000007.1,2226,2244,64589,64571,0.9473699999999999,0.006401617250673854,False,82
CHINA_NINGXIA_2022,SHZY14,blastn,15,JAHXKW010000002.1,85,103,212756,212774,0.9473699999999999,0.006401617250673854,False,2040
CHINA_NINGXIA_2022,SHZY14,blastn,16,JAHXKW010000002.1,64,84,222887,222867,0.90476,0.007075471698113208,False,2059
CHINA_NINGXIA_2022,SHZY14,blastn,17,JAHXKW010000022.1,1956,1971,2171,2186,1.0,0.005390835579514825,False,172
CHINA_NINGXIA_2022,SHZY14,blastn,18,JAHXKW010000014.1,75,90,2663,2678,1.0,0.005390835579514825,False,2053
CHINA_NINGXIA_2022,SHZY15,blastn,1,JAHXKX010000013.1,55,82,25285,25312,0.85714,0.009433962264150943,False,2061
CHINA_NINGXIA_2022,SHZY15,blastn,2,JAHXKX010000001.1,64,105,1975,1936,0.78571,0.014150943396226415,False,2038
CHINA_NINGXIA_2022,SHZY15,blastn,3,JAHXKX010000001.1,84,103,90237,90218,0.95,0.006738544474393531,False,2040
CHINA_NINGXIA_2022,SHZY15,blastn,4,JAHXKX010000001.1,2180,2196,496885,496901,1.0,0.0057277628032345014,False,36
CHINA_NINGXIA_2022,SHZY15,blastn,5,JAHXKX010000001.1,603,624,530894,530915,0.9090900000000001,0.007412398921832884,False,1519
CHINA_NINGXIA_2022,SHZY15,blastn,6,JAHXKX010000001.1,80,101,473933,473957,0.88,0.008423180592991913,False,2042
CHINA_NINGXIA_2022,SHZY15,blastn,7,JAHXKX010000001.1,1736,1764,541638,541610,0.82759,0.00977088948787062,False,379
CHINA_NINGXIA_2022,SHZY15,blastn,8,JAHXKX010000001.1,543,558,623796,623781,1.0,0.005390835579514825,False,1585
CHINA_NINGXIA_2022,SHZY15,blastn,9,JAHXKX010000008.1,74,90,37814,37798,1.0,0.0057277628032345014,False,2053
CHINA_NINGXIA_2022,SHZY15,blastn,10,JAHXKX010000007.1,57,89,880,912,0.82857,0.01179245283018868,False,2054
CHINA_NINGXIA_2022,SHZY15,blastn,11,JAHXKX010000007.1,66,99,30751,30786,0.81081,0.012466307277628033,False,2044
CHINA_NINGXIA_2022,SHZY15,blastn,12,JAHXKX010000007.1,63,83,2230,2210,0.90476,0.007075471698113208,False,2060
CHINA_NINGXIA_2022,SHZY15,blastn,13,JAHXKX010000031.1,2180,2196,8279,8295,1.0,0.0057277628032345014,False,36
CHINA_NINGXIA_2022,SHZY15,blastn,14,JAHXKX010000003.1,2222,2238,2520,2536,1.0,0.0057277628032345014,False,78
CHINA_NINGXIA_2022,SHZY15,blastn,15,JAHXKX010000025.1,61,84,12474,12497,0.875,0.008086253369272238,False,2059
CHINA_NINGXIA_2022,SHZY15,blastn,16,JAHXKX010000002.1,592,610,92842,92860,0.9473699999999999,0.006401617250673854,False,1533
CHINA_NINGXIA_2022,SHZY15,blastn,17,JAHXKX010000010.1,2226,2244,37630,37612,0.9473699999999999,0.006401617250673854,False,82
CHINA_NINGXIA_2022,SHZY15,blastn,18,JAHXKX010000038.1,64,84,2296,2316,0.90476,0.007075471698113208,False,2059
CHINA_NINGXIA_2022,SHZY15,blastn,19,JAHXKX010000032.1,50,70,3422,3442,0.90476,0.007075471698113208,False,2073
CHINA_NINGXIA_2022,SHZY16,blastn,1,JAHXKY010000010.1,2275,2302,18338,18365,0.85714,0.009433962264150943,False,131
CHINA_NINGXIA_2022,SHZY16,blastn,2,JAHXKY010000001.1,64,105,1995,1956,0.78571,0.014150943396226415,False,2038
CHINA_NINGXIA_2022,SHZY16,blastn,3,JAHXKY010000001.1,1187,1202,61172,61187,1.0,0.005390835579514825,False,941
CHINA_NINGXIA_2022,SHZY16,blastn,4,JAHXKY010000007.1,72,93,4311,4332,0.9090900000000001,0.007412398921832884,False,2050
CHINA_NINGXIA_2022,SHZY16,blastn,5,JAHXKY010000007.1,66,99,19538,19573,0.81081,0.012466307277628033,False,2044
CHINA_NINGXIA_2022,SHZY16,blastn,6,JAHXKY010000003.1,2180,2196,17055,17039,1.0,0.0057277628032345014,False,36
CHINA_NINGXIA_2022,SHZY16,blastn,7,JAHXKY010000003.1,80,101,46830,46806,0.88,0.008423180592991913,False,2042
CHINA_NINGXIA_2022,SHZY16,blastn,8,JAHXKY010000029.1,57,89,936,968,0.82857,0.01179245283018868,False,2054
CHINA_NINGXIA_2022,SHZY16,blastn,9,JAHXKY010000029.1,63,83,2289,2269,0.90476,0.007075471698113208,False,2060
CHINA_NINGXIA_2022,SHZY16,blastn,10,JAHXKY010000022.1,2222,2238,17184,17168,1.0,0.0057277628032345014,False,78
CHINA_NINGXIA_2022,SHZY16,blastn,11,JAHXKY010000014.1,63,104,37134,37174,0.7907,0.014487870619946091,False,2039
CHINA_NINGXIA_2022,SHZY16,blastn,12,JAHXKY010000004.1,1736,1764,29668,29640,0.82759,0.00977088948787062,False,379
CHINA_NINGXIA_2022,SHZY16,blastn,13,JAHXKY010000002.1,85,103,9644,9626,0.9473699999999999,0.006401617250673854,False,2040
CHINA_NINGXIA_2022,SHZY16,blastn,14,JAHXKY010000002.1,75,90,77294,77309,1.0,0.005390835579514825,False,2053
CHINA_NINGXIA_2022,SHZY16,blastn,15,JAHXKY010000017.1,2226,2244,42791,42773,0.9473699999999999,0.006401617250673854,False,82
CHINA_NINGXIA_2022,SHZY16,blastn,16,JAHXKY010000015.1,61,84,1006,983,0.875,0.008086253369272238,False,2059
CHINA_NINGXIA_2022,SHZY17,megablast,1,JAHXKZ010000022.1,1,2968,3433,459,0.9879000000000001,1.0026954177897573,True,0
CHINA_NINGXIA_2022,SHZY17,blastn,1,JAHXKZ010000022.1,1,2968,3433,459,0.9879000000000001,1.0026954177897573,True,0
CHINA_NINGXIA_2022,SHZY17,blastn,2,JAHXKZ010000014.1,53,70,15382,15399,1.0,0.006064690026954178,False,2073
CHINA_NINGXIA_2022,SHZY17,blastn,3,JAHXKZ010000011.1,55,82,603,576,0.85714,0.009433962264150943,False,2061
CHINA_NINGXIA_2022,SHZY17,blastn,4,JAHXKZ010000009.1,72,93,77557,77536,0.9090900000000001,0.007412398921832884,False,2050
CHINA_NINGXIA_2022,SHZY17,blastn,5,JAHXKZ010000009.1,57,89,92110,92078,0.82857,0.01179245283018868,False,2054
CHINA_NINGXIA_2022,SHZY17,blastn,6,JAHXKZ010000008.1,63,104,35889,35929,0.7907,0.014487870619946091,False,2039
CHINA_NINGXIA_2022,SHZY17,blastn,7,JAHXKZ010000003.1,2222,2238,16961,16945,1.0,0.0057277628032345014,False,78
CHINA_NINGXIA_2022,SHZY17,blastn,8,JAHXKZ010000001.1,603,624,127189,127168,0.9090900000000001,0.007412398921832884,False,1519
CHINA_NINGXIA_2022,SHZY17,blastn,9,JAHXKZ010000001.1,2180,2196,161285,161269,1.0,0.0057277628032345014,False,36
CHINA_NINGXIA_2022,SHZY17,blastn,10,JAHXKZ010000001.1,1006,1021,18748,18763,1.0,0.005390835579514825,False,1122
CHINA_NINGXIA_2022,SHZY17,blastn,11,JAHXKZ010000001.1,543,558,33554,33569,1.0,0.005390835579514825,False,1585
CHINA_NINGXIA_2022,SHZY17,blastn,12,JAHXKZ010000001.1,2104,2119,156510,156495,1.0,0.005390835579514825,False,24
CHINA_NINGXIA_2022,SHZY17,blastn,13,JAHXKZ010000020.1,61,84,10254,10277,0.875,0.008086253369272238,False,2059
CHINA_NINGXIA_2022,SHZY17,blastn,14,JAHXKZ010000002.1,85,103,96094,96112,0.9473699999999999,0.006401617250673854,False,2040
CHINA_NINGXIA_2022,SHZY17,blastn,15,JAHXKZ010000002.1,75,90,27666,27651,1.0,0.005390835579514825,False,2053
CHINA_NINGXIA_2022,SHZY17,blastn,16,JAHXKZ010000002.1,64,84,108422,108402,0.90476,0.007075471698113208,False,2059
CHINA_NINGXIA_2022,SHZY17,blastn,17,JAHXKZ010000012.1,2226,2244,60044,60026,0.9473699999999999,0.006401617250673854,False,82
CHINA_NINGXIA_2022,SHZY17,blastn,18,JAHXKZ010000010.1,1371,1386,61877,61862,1.0,0.005390835579514825,False,757
CHINA_NINGXIA_2022,SHZY18,blastn,1,JAHXLA010000012.1,63,104,6634,6594,0.81395,0.014487870619946091,False,2039
CHINA_NINGXIA_2022,SHZY18,blastn,2,JAHXLA010000006.1,64,105,73229,73268,0.78571,0.014150943396226415,False,2038
CHINA_NINGXIA_2022,SHZY18,blastn,3,JAHXLA010000054.1,2222,2238,2660,2676,1.0,0.0057277628032345014,False,78
CHINA_NINGXIA_2022,SHZY18,blastn,4,JAHXLA010000037.1,603,624,5904,5925,0.9090900000000001,0.007412398921832884,False,1519
CHINA_NINGXIA_2022,SHZY18,blastn,5,JAHXLA010000003.1,2180,2196,26970,26954,1.0,0.0057277628032345014,False,36
CHINA_NINGXIA_2022,SHZY18,blastn,6,JAHXLA010000003.1,80,101,56775,56751,0.88,0.008423180592991913,False,2042
CHINA_NINGXIA_2022,SHZY18,blastn,7,JAHXLA010000029.1,2226,2244,4337,4355,0.9473699999999999,0.006401617250673854,False,82
CHINA_NINGXIA_2022,SHZY18,blastn,8,JAHXLA010000027.1,1514,1532,591,573,0.9473699999999999,0.006401617250673854,False,611
CHINA_NINGXIA_2022,SHZY18,blastn,9,JAHXLA010000023.1,728,746,9757,9775,0.9473699999999999,0.006401617250673854,False,1397
CHINA_NINGXIA_2022,SHZY18,blastn,10,JAHXLA010000023.1,80,103,16939,16916,0.875,0.008086253369272238,False,2040
CHINA_NINGXIA_2022,SHZY18,blastn,11,JAHXLA010000002.1,1736,1764,113774,113802,0.82759,0.00977088948787062,False,379
CHINA_NINGXIA_2022,SHZY18,blastn,12,JAHXLA010000002.1,1006,1021,18589,18604,1.0,0.005390835579514825,False,1122
CHINA_NINGXIA_2022,SHZY18,blastn,13,JAHXLA010000002.1,543,558,32993,33008,1.0,0.005390835579514825,False,1585
CHINA_NINGXIA_2022,SHZY18,blastn,14,JAHXLA010000014.1,85,103,21042,21060,0.9473699999999999,0.006401617250673854,False,2040
CHINA_NINGXIA_2022,SHZY18,blastn,15,JAHXLA010000014.1,64,84,31141,31121,0.90476,0.007075471698113208,False,2059
CHINA_NINGXIA_2022,SHZY18,blastn,16,JAHXLA010000013.1,66,99,29838,29873,0.81081,0.012466307277628033,False,2044
CHINA_NINGXIA_2022,SHZY18,blastn,17,JAHXLA010000013.1,63,83,2230,2210,0.90476,0.007075471698113208,False,2060
CHINA_NINGXIA_2022,SHZY19,blastn,1,JAHXLB010000006.1,64,105,1995,1956,0.78571,0.014150943396226415,False,2038
CHINA_NINGXIA_2022,SHZY19,blastn,2,JAHXLB010000005.1,55,82,5123,5150,0.85714,0.009433962264150943,False,2061
CHINA_NINGXIA_2022,SHZY19,blastn,3,JAHXLB010000005.1,66,99,71082,71047,0.81081,0.012466307277628033,False,2044
CHINA_NINGXIA_2022,SHZY19,blastn,4,JAHXLB010000002.1,2275,2302,10400,10373,0.85714,0.009433962264150943,False,131
CHINA_NINGXIA_2022,SHZY19,blastn,5,JAHXLB010000002.1,2222,2238,142629,142645,1.0,0.0057277628032345014,False,78
CHINA_NINGXIA_2022,SHZY19,blastn,6,JAHXLB010000002.1,122,143,70510,70488,0.9130400000000001,0.00774932614555256,False,2000
CHINA_NINGXIA_2022,SHZY19,blastn,7,JAHXLB010000001.1,2636,2653,231993,231976,1.0,0.006064690026954178,False,492
CHINA_NINGXIA_2022,SHZY19,blastn,8,JAHXLB010000001.1,80,106,61718,61689,0.83333,0.010107816711590296,False,2037
CHINA_NINGXIA_2022,SHZY19,blastn,9,JAHXLB010000001.1,658,678,246731,246751,0.90476,0.007075471698113208,False,1465
CHINA_NINGXIA_2022,SHZY19,blastn,10,JAHXLB010000012.1,66,90,24176,24200,0.88,0.008423180592991913,False,2053
CHINA_NINGXIA_2022,SHZY19,blastn,11,JAHXLB010000003.1,84,105,30571,30550,0.9090900000000001,0.007412398921832884,False,2038
CHINA_NINGXIA_2022,SHZY19,blastn,12,JAHXLB010000003.1,1003,1021,18587,18605,0.9473699999999999,0.006401617250673854,False,1122
CHINA_NINGXIA_2022,SHZY19,blastn,13,JAHXLB010000003.1,1736,1764,115765,115793,0.82759,0.00977088948787062,False,379
CHINA_NINGXIA_2022,SHZY19,blastn,14,JAHXLB010000003.1,543,558,33201,33216,1.0,0.005390835579514825,False,1585
CHINA_NINGXIA_2022,SHZY19,blastn,15,JAHXLB010000026.1,57,89,5554,5522,0.82857,0.01179245283018868,False,2054
CHINA_NINGXIA_2022,SHZY19,blastn,16,JAHXLB010000026.1,68,86,1368,1350,0.9473699999999999,0.006401617250673854,False,2057
CHINA_NINGXIA_2022,SHZY19,blastn,17,JAHXLB010000026.1,63,83,4204,4224,0.90476,0.007075471698113208,False,2060
CHINA_NINGXIA_2022,SHZY19,blastn,18,JAHXLB010000008.1,80,101,54448,54424,0.88,0.008423180592991913,False,2042
CHINA_NINGXIA_2022,SHZY19,blastn,19,JAHXLB010000010.1,2226,2244,4254,4272,0.9473699999999999,0.006401617250673854,False,82
CHINA_NINGXIA_2022,SHZY19,blastn,20,JAHXLB010000010.1,86,101,41043,41028,1.0,0.005390835579514825,False,2042
CHINA_NINGXIA_2022,SHZY19,blastn,21,JAHXLB010000017.1,65,103,20513,20551,0.8,0.013477088948787063,False,2040
CHINA_NINGXIA_2022,SHZY19,blastn,22,JAHXLB010000015.1,50,70,37014,37034,0.90476,0.007075471698113208,False,2073
CHINA_NINGXIA_2022,SHZY20,blastn,1,JAHXLC010000026.1,55,82,7515,7488,0.85714,0.009433962264150943,False,2061
CHINA_NINGXIA_2022,SHZY20,blastn,2,JAHXLC010000030.1,84,103,3453,3434,0.95,0.006738544474393531,False,2040
CHINA_NINGXIA_2022,SHZY20,blastn,3,JAHXLC010000022.1,72,93,10363,10384,0.9090900000000001,0.007412398921832884,False,2050
CHINA_NINGXIA_2022,SHZY20,blastn,4,JAHXLC010000022.1,66,99,26164,26199,0.81081,0.012466307277628033,False,2044
CHINA_NINGXIA_2022,SHZY20,blastn,5,JAHXLC010000017.1,603,624,32805,32784,0.9090900000000001,0.007412398921832884,False,1519
CHINA_NINGXIA_2022,SHZY20,blastn,6,JAHXLC010000017.1,1736,1764,22344,22372,0.82759,0.00977088948787062,False,379
CHINA_NINGXIA_2022,SHZY20,blastn,7,JAHXLC010000014.1,2222,2238,16905,16889,1.0,0.0057277628032345014,False,78
CHINA_NINGXIA_2022,SHZY20,blastn,8,JAHXLC010000054.1,1514,1532,12185,12203,0.9473699999999999,0.006401617250673854,False,611
CHINA_NINGXIA_2022,SHZY20,blastn,9,JAHXLC010000035.1,2226,2244,2791,2773,0.9473699999999999,0.006401617250673854,False,82
CHINA_NINGXIA_2022,SHZY20,blastn,10,JAHXLC010000020.1,80,101,21881,21857,0.88,0.008423180592991913,False,2042
CHINA_NINGXIA_2022,SHZY20,blastn,11,JAHXLC010000002.1,87,105,8696,8714,0.9473699999999999,0.006401617250673854,False,2038
CHINA_NINGXIA_2022,SHZY20,blastn,12,JAHXLC010000076.1,1956,1971,3640,3625,1.0,0.005390835579514825,False,172
CHINA_NINGXIA_2022,SHZY20,blastn,13,JAHXLC010000048.1,543,558,12738,12753,1.0,0.005390835579514825,False,1585
CHINA_NINGXIA_2022,SHZY20,blastn,14,JAHXLC010000004.1,926,941,22926,22911,1.0,0.005390835579514825,False,1202
CHINA_NINGXIA_2022,SHZY21,blastn,1,JAHXLD010000032.1,57,89,7228,7196,0.82857,0.01179245283018868,False,2054
CHINA_NINGXIA_2022,SHZY21,blastn,2,JAHXLD010000032.1,68,86,2944,2926,0.9473699999999999,0.006401617250673854,False,2057
CHINA_NINGXIA_2022,SHZY21,blastn,3,JAHXLD010000032.1,63,83,5878,5898,0.90476,0.007075471698113208,False,2060
CHINA_NINGXIA_2022,SHZY21,blastn,4,JAHXLD010000002.1,2180,2196,28341,28325,1.0,0.0057277628032345014,False,36
CHINA_NINGXIA_2022,SHZY21,blastn,5,JAHXLD010000002.1,65,101,57947,57909,0.8,0.013477088948787063,False,2042
CHINA_NINGXIA_2022,SHZY21,blastn,6,JAHXLD010000010.1,63,104,71054,71014,0.7907,0.014487870619946091,False,2039
CHINA_NINGXIA_2022,SHZY21,blastn,7,JAHXLD010000001.1,603,624,126990,126969,0.9090900000000001,0.007412398921832884,False,1519
CHINA_NINGXIA_2022,SHZY21,blastn,8,JAHXLD010000001.1,1736,1764,115881,115909,0.82759,0.00977088948787062,False,379
CHINA_NINGXIA_2022,SHZY21,blastn,9,JAHXLD010000001.1,1006,1021,18528,18543,1.0,0.005390835579514825,False,1122
CHINA_NINGXIA_2022,SHZY21,blastn,10,JAHXLD010000001.1,543,558,33029,33044,1.0,0.005390835579514825,False,1585
CHINA_NINGXIA_2022,SHZY21,blastn,11,JAHXLD010000009.1,87,105,39530,39512,0.9473699999999999,0.006401617250673854,False,2038
CHINA_NINGXIA_2022,SHZY21,blastn,12,JAHXLD010000028.1,61,84,12482,12505,0.875,0.008086253369272238,False,2059
CHINA_NINGXIA_2022,SHZY21,blastn,13,JAHXLD010000019.1,2226,2244,28360,28342,0.9473699999999999,0.006401617250673854,False,82
CHINA_NINGXIA_2022,SHZY21,blastn,14,JAHXLD010000018.1,516,534,22107,22089,0.9473699999999999,0.006401617250673854,False,1609
CHINA_NINGXIA_2022,SHZY21,blastn,15,JAHXLD010000015.1,66,99,24606,24641,0.81081,0.012466307277628033,False,2044
CHINA_NINGXIA_2022,SHZY21,blastn,16,JAHXLD010000007.1,64,84,78797,78817,0.90476,0.007075471698113208,False,2059
CHINA_NINGXIA_2022,SHZY22,blastn,1,JAHXLE010000004.1,55,82,41593,41566,0.85714,0.009433962264150943,False,2061
CHINA_NINGXIA_2022,SHZY22,blastn,2,JAHXLE010000004.1,1514,1532,84586,84568,0.9473699999999999,0.006401617250673854,False,611
CHINA_NINGXIA_2022,SHZY22,blastn,3,JAHXLE010000008.1,64,83,80538,80519,0.95,0.006738544474393531,False,2060
CHINA_NINGXIA_2022,SHZY22,blastn,4,JAHXLE010000020.1,293,312,16452,16471,0.95,0.006738544474393531,False,1831
CHINA_NINGXIA_2022,SHZY22,blastn,5,JAHXLE010000018.1,2222,2238,16965,16949,1.0,0.0057277628032345014,False,78
CHINA_NINGXIA_2022,SHZY22,blastn,6,JAHXLE010000013.1,72,93,48434,48413,0.9090900000000001,0.007412398921832884,False,2050
CHINA_NINGXIA_2022,SHZY22,blastn,7,JAHXLE010000013.1,57,89,62926,62894,0.82857,0.01179245283018868,False,2054
CHINA_NINGXIA_2022,SHZY22,blastn,8,JAHXLE010000013.1,63,83,61576,61596,0.90476,0.007075471698113208,False,2060
CHINA_NINGXIA_2022,SHZY22,blastn,9,JAHXLE010000001.1,2180,2196,199443,199459,1.0,0.0057277628032345014,False,36
CHINA_NINGXIA_2022,SHZY22,blastn,10,JAHXLE010000001.1,80,101,169687,169711,0.88,0.008423180592991913,False,2042
CHINA_NINGXIA_2022,SHZY22,blastn,11,JAHXLE010000001.1,1736,1764,245851,245823,0.82759,0.00977088948787062,False,379
CHINA_NINGXIA_2022,SHZY22,blastn,12,JAHXLE010000001.1,447,467,182926,182946,0.90476,0.007075471698113208,False,1676
CHINA_NINGXIA_2022,SHZY22,blastn,13,JAHXLE010000005.1,85,103,32850,32868,0.9473699999999999,0.006401617250673854,False,2040
CHINA_NINGXIA_2022,SHZY22,blastn,14,JAHXLE010000024.1,61,84,1009,986,0.875,0.008086253369272238,False,2059
CHINA_NINGXIA_2022,SHZY22,blastn,15,JAHXLE010000002.1,87,105,23333,23351,0.9473699999999999,0.006401617250673854,False,2038
CHINA_NINGXIA_2022,SHZY22,blastn,16,JAHXLE010000014.1,516,534,43929,43911,0.9473699999999999,0.006401617250673854,False,1609
CHINA_NINGXIA_2022,SHZY22,blastn,17,JAHXLE010000012.1,2226,2244,63215,63197,0.9473699999999999,0.006401617250673854,False,82
CHINA_NINGXIA_2022,SHZY22,blastn,18,JAHXLE010000009.1,65,103,49189,49151,0.8,0.013477088948787063,False,2040
CHINA_NINGXIA_2022,SHZY22,blastn,19,JAHXLE010000007.1,543,558,72772,72757,1.0,0.005390835579514825,False,1585
CHINA_NINGXIA_2022,SHZY22,blastn,20,JAHXLE010000007.1,1006,1021,87480,87465,1.0,0.005390835579514825,False,1122
CHINA_NINGXIA_2022,SHZY22,blastn,21,JAHXLE010000015.1,122,143,10067,10045,0.9130400000000001,0.00774932614555256,False,2000
CHINA_NINGXIA_2022,SHZY23,blastn,1,JAHXLF010000012.1,293,312,16410,16429,0.95,0.006738544474393531,False,1831
CHINA_NINGXIA_2022,SHZY23,blastn,2,JAHXLF010000001.1,84,103,87934,87915,0.95,0.006738544474393531,False,2040
CHINA_NINGXIA_2022,SHZY23,blastn,3,JAHXLF010000001.1,87,105,141108,141126,0.9473699999999999,0.006401617250673854,False,2038
CHINA_NINGXIA_2022,SHZY23,blastn,4,JAHXLF010000001.1,80,101,463208,463232,0.88,0.008423180592991913,False,2042
CHINA_NINGXIA_2022,SHZY23,blastn,5,JAHXLF010000001.1,1736,1764,537663,537635,0.82759,0.00977088948787062,False,379
CHINA_NINGXIA_2022,SHZY23,blastn,6,JAHXLF010000001.1,543,558,620259,620244,1.0,0.005390835579514825,False,1585
CHINA_NINGXIA_2022,SHZY23,blastn,7,JAHXLF010000001.1,1006,1021,634647,634632,1.0,0.005390835579514825,False,1122
CHINA_NINGXIA_2022,SHZY23,blastn,8,JAHXLF010000005.1,63,104,35861,35901,0.7907,0.014487870619946091,False,2039
CHINA_NINGXIA_2022,SHZY23,blastn,9,JAHXLF010000003.1,1057,1073,63406,63422,1.0,0.0057277628032345014,False,1070
CHINA_NINGXIA_2022,SHZY23,blastn,10,JAHXLF010000003.1,72,93,150018,149997,0.9090900000000001,0.007412398921832884,False,2050
CHINA_NINGXIA_2022,SHZY23,blastn,11,JAHXLF010000003.1,1514,1532,25635,25653,0.9473699999999999,0.006401617250673854,False,611
CHINA_NINGXIA_2022,SHZY23,blastn,12,JAHXLF010000003.1,66,99,134781,134746,0.81081,0.012466307277628033,False,2044
CHINA_NINGXIA_2022,SHZY23,blastn,13,JAHXLF010000003.1,1634,1649,2104,2089,1.0,0.005390835579514825,False,494
CHINA_NINGXIA_2022,SHZY23,blastn,14,JAHXLF010000003.1,64,89,54008,54033,0.84615,0.00876010781671159,False,2054
CHINA_NINGXIA_2022,SHZY23,blastn,15,JAHXLF010000007.1,2226,2244,4320,4338,0.9473699999999999,0.006401617250673854,False,82
CHINA_NINGXIA_2022,SHZY23,blastn,16,JAHXLF010000015.1,61,84,12528,12551,0.875,0.008086253369272238,False,2059
CHINA_NINGXIA_2022,SHZY23,blastn,17,JAHXLF010000010.1,516,534,13038,13056,0.9473699999999999,0.006401617250673854,False,1609
CHINA_NINGXIA_2022,SHZY23,blastn,18,JAHXLF010000021.1,1956,1971,2969,2954,1.0,0.005390835579514825,False,172
CHINA_NINGXIA_2022,SHZY23,blastn,19,JAHXLF010000018.1,63,83,2225,2205,0.90476,0.007075471698113208,False,2060
CHINA_NINGXIA_2022,SHZY24,blastn,1,JAHXLG010000018.1,2275,2302,10024,9997,0.85714,0.009433962264150943,False,131
CHINA_NINGXIA_2022,SHZY24,blastn,2,JAHXLG010000011.1,55,82,20599,20572,0.85714,0.009433962264150943,False,2061
CHINA_NINGXIA_2022,SHZY24,blastn,3,JAHXLG010000016.1,2222,2238,16683,16667,1.0,0.0057277628032345014,False,78
CHINA_NINGXIA_2022,SHZY24,blastn,4,JAHXLG010000015.1,72,93,3190,3211,0.9090900000000001,0.007412398921832884,False,2050
CHINA_NINGXIA_2022,SHZY24,blastn,5,JAHXLG010000015.1,66,99,18384,18419,0.81081,0.012466307277628033,False,2044
CHINA_NINGXIA_2022,SHZY24,blastn,6,JAHXLG010000001.1,603,624,33975,33954,0.9090900000000001,0.007412398921832884,False,1519
CHINA_NINGXIA_2022,SHZY24,blastn,7,JAHXLG010000001.1,2180,2196,70267,70251,1.0,0.0057277628032345014,False,36
CHINA_NINGXIA_2022,SHZY24,blastn,8,JAHXLG010000001.1,1736,1764,23506,23534,0.82759,0.00977088948787062,False,379
CHINA_NINGXIA_2022,SHZY24,blastn,9,JAHXLG010000001.1,80,101,93388,93364,0.88,0.008423180592991913,False,2042
CHINA_NINGXIA_2022,SHZY24,blastn,10,JAHXLG010000009.1,177,195,198,216,0.9473699999999999,0.006401617250673854,False,1948
CHINA_NINGXIA_2022,SHZY24,blastn,11,JAHXLG010000009.1,2226,2244,7600,7618,0.9473699999999999,0.006401617250673854,False,82
CHINA_NINGXIA_2022,SHZY24,blastn,12,JAHXLG010000026.1,61,84,10516,10539,0.875,0.008086253369272238,False,2059
CHINA_NINGXIA_2022,SHZY24,blastn,13,JAHXLG010000002.1,1059,1082,31541,31564,0.875,0.008086253369272238,False,1061
CHINA_NINGXIA_2022,SHZY24,blastn,14,JAHXLG010000002.1,85,103,135439,135421,0.9473699999999999,0.006401617250673854,False,2040
CHINA_NINGXIA_2022,SHZY24,blastn,15,JAHXLG010000002.1,64,84,78966,78986,0.90476,0.007075471698113208,False,2059
CHINA_NINGXIA_2022,SHZY24,blastn,16,JAHXLG010000010.1,516,534,12569,12587,0.9473699999999999,0.006401617250673854,False,1609
CHINA_NINGXIA_2022,SHZY24,blastn,17,JAHXLG010000007.1,1006,1021,18523,18538,1.0,0.005390835579514825,False,1122
CHINA_NINGXIA_2022,SHZY24,blastn,18,JAHXLG010000007.1,543,558,32837,32852,1.0,0.005390835579514825,False,1585
CHINA_NINGXIA_2022,SHZY24,blastn,19,JAHXLG010000037.1,1956,1971,2259,2274,1.0,0.005390835579514825,False,172
CHINA_NINGXIA_2022,SHZY24,blastn,20,JAHXLG010000022.1,926,941,14151,14136,1.0,0.005390835579514825,False,1202
CHINA_NINGXIA_2022,SHZY25,megablast,1,JAHXLH010000024.1,1,2968,928,3902,0.98925,1.0026954177897573,True,0
CHINA_NINGXIA_2022,SHZY25,blastn,1,JAHXLH010000024.1,1,2968,928,3902,0.98925,1.0026954177897573,True,0
CHINA_NINGXIA_2022,SHZY25,blastn,2,JAHXLH010000003.1,2275,2302,10158,10131,0.85714,0.009433962264150943,False,131
CHINA_NINGXIA_2022,SHZY25,blastn,3,JAHXLH010000003.1,1057,1073,58909,58925,1.0,0.0057277628032345014,False,1070
CHINA_NINGXIA_2022,SHZY25,blastn,4,JAHXLH010000003.1,62,82,64643,64663,0.90476,0.007075471698113208,False,2061
CHINA_NINGXIA_2022,SHZY25,blastn,5,JAHXLH010000004.1,72,93,37856,37835,0.9090900000000001,0.007412398921832884,False,2050
CHINA_NINGXIA_2022,SHZY25,blastn,6,JAHXLH010000004.1,66,99,23029,22994,0.81081,0.012466307277628033,False,2044
CHINA_NINGXIA_2022,SHZY25,blastn,7,JAHXLH010000021.1,57,89,10394,10362,0.82857,0.01179245283018868,False,2054
CHINA_NINGXIA_2022,SHZY25,blastn,8,JAHXLH010000021.1,63,83,9044,9064,0.90476,0.007075471698113208,False,2060
CHINA_NINGXIA_2022,SHZY25,blastn,9,JAHXLH010000018.1,2222,2238,17003,16987,1.0,0.0057277628032345014,False,78
CHINA_NINGXIA_2022,SHZY25,blastn,10,JAHXLH010000014.1,50,66,872,856,1.0,0.0057277628032345014,False,2077
CHINA_NINGXIA_2022,SHZY25,blastn,11,JAHXLH010000012.1,74,90,36998,36982,1.0,0.0057277628032345014,False,2053
CHINA_NINGXIA_2022,SHZY25,blastn,12,JAHXLH010000008.1,2226,2244,4322,4340,0.9473699999999999,0.006401617250673854,False,82
CHINA_NINGXIA_2022,SHZY25,blastn,13,JAHXLH010000022.1,61,84,10247,10270,0.875,0.008086253369272238,False,2059
CHINA_NINGXIA_2022,SHZY25,blastn,14,JAHXLH010000020.1,177,195,2328,2310,0.9473699999999999,0.006401617250673854,False,1948
CHINA_NINGXIA_2022,SHZY25,blastn,15,JAHXLH010000002.1,85,103,226704,226722,0.9473699999999999,0.006401617250673854,False,2040
CHINA_NINGXIA_2022,SHZY25,blastn,16,JAHXLH010000002.1,1187,1202,253400,253385,1.0,0.005390835579514825,False,941
CHINA_NINGXIA_2022,SHZY25,blastn,17,JAHXLH010000016.1,728,746,9840,9858,0.9473699999999999,0.006401617250673854,False,1397
CHINA_NINGXIA_2022,SHZY25,blastn,18,JAHXLH010000016.1,80,103,17010,16987,0.875,0.008086253369272238,False,2040
CHINA_NINGXIA_2022,SHZY25,blastn,19,JAHXLH010000010.1,516,534,42828,42810,0.9473699999999999,0.006401617250673854,False,1609
CHINA_NINGXIA_2022,SHZY25,blastn,20,JAHXLH010000001.1,80,101,185811,185835,0.88,0.008423180592991913,False,2042
CHINA_NINGXIA_2022,SHZY25,blastn,21,JAHXLH010000001.1,543,558,337941,337926,1.0,0.005390835579514825,False,1585
CHINA_NINGXIA_2022,SHZY25,blastn,22,JAHXLH010000001.1,75,99,354315,354293,0.88,0.008423180592991913,False,2044
CHINA_NINGXIA_2022,SHZY26,blastn,1,JAHXLI010000009.1,63,104,35971,36011,0.7907,0.014487870619946091,False,2039
CHINA_NINGXIA_2022,SHZY26,blastn,2,JAHXLI010000009.1,1953,1969,54710,54694,1.0,0.0057277628032345014,False,174
CHINA_NINGXIA_2022,SHZY26,blastn,3,JAHXLI010000003.1,57,89,879,911,0.82857,0.01179245283018868,False,2054
CHINA_NINGXIA_2022,SHZY26,blastn,4,JAHXLI010000003.1,72,93,15383,15404,0.9090900000000001,0.007412398921832884,False,2050
CHINA_NINGXIA_2022,SHZY26,blastn,5,JAHXLI010000003.1,66,99,30366,30401,0.81081,0.012466307277628033,False,2044
CHINA_NINGXIA_2022,SHZY26,blastn,6,JAHXLI010000003.1,63,83,2229,2209,0.90476,0.007075471698113208,False,2060
CHINA_NINGXIA_2022,SHZY26,blastn,7,JAHXLI010000002.1,65,101,88943,88905,0.8,0.013477088948787063,False,2042
CHINA_NINGXIA_2022,SHZY26,blastn,8,JAHXLI010000002.1,1736,1764,14498,14526,0.82759,0.00977088948787062,False,379
CHINA_NINGXIA_2022,SHZY26,blastn,9,JAHXLI010000002.1,85,103,463242,463260,0.9473699999999999,0.006401617250673854,False,2040
CHINA_NINGXIA_2022,SHZY26,blastn,10,JAHXLI010000017.1,61,101,1008,970,0.78049,0.013814016172506738,False,2042
CHINA_NINGXIA_2022,SHZY26,blastn,11,JAHXLI010000013.1,2222,2238,16899,16883,1.0,0.0057277628032345014,False,78
CHINA_NINGXIA_2022,SHZY26,blastn,12,JAHXLI010000001.1,1006,1021,18511,18526,1.0,0.005390835579514825,False,1122
CHINA_NINGXIA_2022,SHZY27,megablast,1,JAHXLJ010000010.1,1,2968,31824,34797,0.98958,1.0023584905660377,True,0
CHINA_NINGXIA_2022,SHZY27,blastn,1,JAHXLJ010000010.1,1,2968,31824,34797,0.98958,1.0023584905660377,True,0
CHINA_NINGXIA_2022,SHZY27,blastn,2,JAHXLJ010000010.1,516,534,76382,76364,0.9473699999999999,0.006401617250673854,False,1609
CHINA_NINGXIA_2022,SHZY27,blastn,3,JAHXLJ010000022.1,55,82,8095,8068,0.85714,0.009433962264150943,False,2061
CHINA_NINGXIA_2022,SHZY27,blastn,4,JAHXLJ010000004.1,277,296,74238,74219,0.95,0.006738544474393531,False,1847
CHINA_NINGXIA_2022,SHZY27,blastn,5,JAHXLJ010000003.1,2222,2238,17041,17025,1.0,0.0057277628032345014,False,78
CHINA_NINGXIA_2022,SHZY27,blastn,6,JAHXLJ010000011.1,57,89,902,934,0.82857,0.01179245283018868,False,2054
CHINA_NINGXIA_2022,SHZY27,blastn,7,JAHXLJ010000011.1,72,93,15115,15136,0.9090900000000001,0.007412398921832884,False,2050
CHINA_NINGXIA_2022,SHZY27,blastn,8,JAHXLJ010000011.1,66,99,30824,30859,0.81081,0.012466307277628033,False,2044
CHINA_NINGXIA_2022,SHZY27,blastn,9,JAHXLJ010000011.1,63,83,2252,2232,0.90476,0.007075471698113208,False,2060
CHINA_NINGXIA_2022,SHZY27,blastn,10,JAHXLJ010000001.1,2180,2196,198406,198422,1.0,0.0057277628032345014,False,36
CHINA_NINGXIA_2022,SHZY27,blastn,11,JAHXLJ010000006.1,1059,1082,498,521,0.875,0.008086253369272238,False,1061
CHINA_NINGXIA_2022,SHZY27,blastn,12,JAHXLJ010000006.1,85,103,56707,56689,0.9473699999999999,0.006401617250673854,False,2040
CHINA_NINGXIA_2022,SHZY27,blastn,13,JAHXLJ010000006.1,87,105,113724,113742,0.9473699999999999,0.006401617250673854,False,2038
CHINA_NINGXIA_2022,SHZY27,blastn,14,JAHXLJ010000002.1,1736,1764,16044,16016,0.82759,0.00977088948787062,False,379
CHINA_NINGXIA_2022,SHZY27,blastn,15,JAHXLJ010000017.1,2226,2244,5289,5271,0.9473699999999999,0.006401617250673854,False,82
CHINA_NINGXIA_2022,SHZY27,blastn,16,JAHXLJ010000025.1,1371,1386,6321,6336,1.0,0.005390835579514825,False,757
CHINA_NINGXIA_2022,SHZY28,blastn,1,JAHXLK010000016.1,293,312,13488,13469,0.95,0.006738544474393531,False,1831
CHINA_NINGXIA_2022,SHZY28,blastn,2,JAHXLK010000005.1,63,104,71448,71408,0.7907,0.014487870619946091,False,2039
CHINA_NINGXIA_2022,SHZY28,blastn,3,JAHXLK010000003.1,72,93,39306,39285,0.9090900000000001,0.007412398921832884,False,2050
CHINA_NINGXIA_2022,SHZY28,blastn,4,JAHXLK010000003.1,57,89,54400,54368,0.82857,0.01179245283018868,False,2054
CHINA_NINGXIA_2022,SHZY28,blastn,5,JAHXLK010000003.1,66,99,23506,23471,0.81081,0.012466307277628033,False,2044
CHINA_NINGXIA_2022,SHZY28,blastn,6,JAHXLK010000015.1,72,93,4395,4416,0.9090900000000001,0.007412398921832884,False,2050
CHINA_NINGXIA_2022,SHZY28,blastn,7,JAHXLK010000015.1,66,99,20195,20230,0.81081,0.012466307277628033,False,2044
CHINA_NINGXIA_2022,SHZY28,blastn,8,JAHXLK010000001.1,2180,2196,373062,373078,1.0,0.0057277628032345014,False,36
CHINA_NINGXIA_2022,SHZY28,blastn,9,JAHXLK010000001.1,603,624,409130,409151,0.9090900000000001,0.007412398921832884,False,1519
CHINA_NINGXIA_2022,SHZY28,blastn,10,JAHXLK010000001.1,80,101,350193,350217,0.88,0.008423180592991913,False,2042
CHINA_NINGXIA_2022,SHZY28,blastn,11,JAHXLK010000001.1,1736,1764,419719,419691,0.82759,0.00977088948787062,False,379
CHINA_NINGXIA_2022,SHZY28,blastn,12,JAHXLK010000001.1,2104,2119,377837,377852,1.0,0.005390835579514825,False,24
CHINA_NINGXIA_2022,SHZY28,blastn,13,JAHXLK010000001.1,543,558,500092,500077,1.0,0.005390835579514825,False,1585
CHINA_NINGXIA_2022,SHZY28,blastn,14,JAHXLK010000004.1,85,103,21295,21313,0.9473699999999999,0.006401617250673854,False,2040
CHINA_NINGXIA_2022,SHZY28,blastn,15,JAHXLK010000004.1,64,84,31310,31290,0.90476,0.007075471698113208,False,2059
CHINA_NINGXIA_2022,SHZY28,blastn,16,JAHXLK010000002.1,61,84,1005,982,0.875,0.008086253369272238,False,2059
CHINA_NINGXIA_2022,SHZY29,blastn,1,JAHXLL010000003.1,55,82,116446,116473,0.85714,0.009433962264150943,False,2061
CHINA_NINGXIA_2022,SHZY29,blastn,2,JAHXLL010000003.1,72,93,195573,195552,0.9090900000000001,0.007412398921832884,False,2050
CHINA_NINGXIA_2022,SHZY29,blastn,3,JAHXLL010000003.1,57,89,210454,210422,0.82857,0.01179245283018868,False,2054
CHINA_NINGXIA_2022,SHZY29,blastn,4,JAHXLL010000003.1,66,99,180012,179977,0.81081,0.012466307277628033,False,2044
CHINA_NINGXIA_2022,SHZY29,blastn,5,JAHXLL010000003.1,68,86,206227,206209,0.9473699999999999,0.006401617250673854,False,2057
CHINA_NINGXIA_2022,SHZY29,blastn,6,JAHXLL010000003.1,63,83,209104,209124,0.90476,0.007075471698113208,False,2060
CHINA_NINGXIA_2022,SHZY29,blastn,7,JAHXLL010000006.1,2222,2238,150997,151013,1.0,0.0057277628032345014,False,78
CHINA_NINGXIA_2022,SHZY29,blastn,8,JAHXLL010000010.1,63,104,35948,35988,0.7907,0.014487870619946091,False,2039
CHINA_NINGXIA_2022,SHZY29,blastn,9,JAHXLL010000001.1,2180,2196,162134,162118,1.0,0.0057277628032345014,False,36
CHINA_NINGXIA_2022,SHZY29,blastn,10,JAHXLL010000001.1,1736,1764,115083,115111,0.82759,0.00977088948787062,False,379
CHINA_NINGXIA_2022,SHZY29,blastn,11,JAHXLL010000001.1,80,101,184811,184787,0.88,0.008423180592991913,False,2042
CHINA_NINGXIA_2022,SHZY29,blastn,12,JAHXLL010000001.1,543,558,32758,32773,1.0,0.005390835579514825,False,1585
CHINA_NINGXIA_2022,SHZY29,blastn,13,JAHXLL010000007.1,2226,2244,60292,60274,0.9473699999999999,0.006401617250673854,False,82
CHINA_NINGXIA_2022,SHZY29,blastn,14,JAHXLL010000002.1,85,103,91002,90984,0.9473699999999999,0.006401617250673854,False,2040
CHINA_NINGXIA_2022,SHZY29,blastn,15,JAHXLL010000002.1,64,84,78544,78564,0.90476,0.007075471698113208,False,2059
CHINA_NINGXIA_2022,SHZY29,blastn,16,JAHXLL010000002.1,75,90,157351,157366,1.0,0.005390835579514825,False,2053
CHINA_NINGXIA_2022,SHZY29,blastn,17,JAHXLL010000015.1,61,84,1006,983,0.875,0.008086253369272238,False,2059
CHINA_NINGXIA_2022,SHZY29,blastn,18,JAHXLL010000011.1,1371,1386,30818,30803,1.0,0.005390835579514825,False,757
CHINA_NINGXIA_2022,SHZY30,blastn,1,JAHXLM010000008.1,2634,2653,54812,54831,1.0,0.006738544474393531,False,490
CHINA_NINGXIA_2022,SHZY30,blastn,2,JAHXLM010000003.1,55,82,96530,96503,0.85714,0.009433962264150943,False,2061
CHINA_NINGXIA_2022,SHZY30,blastn,3,JAHXLM010000003.1,57,89,874,906,0.82857,0.01179245283018868,False,2054
CHINA_NINGXIA_2022,SHZY30,blastn,4,JAHXLM010000003.1,72,93,15700,15721,0.9090900000000001,0.007412398921832884,False,2050
CHINA_NINGXIA_2022,SHZY30,blastn,5,JAHXLM010000003.1,66,99,31562,31597,0.81081,0.012466307277628033,False,2044
CHINA_NINGXIA_2022,SHZY30,blastn,6,JAHXLM010000003.1,63,83,2224,2204,0.90476,0.007075471698113208,False,2060
CHINA_NINGXIA_2022,SHZY30,blastn,7,JAHXLM010000007.1,84,103,11029,11048,0.95,0.006738544474393531,False,2040
CHINA_NINGXIA_2022,SHZY30,blastn,8,JAHXLM010000007.1,64,84,23201,23181,0.90476,0.007075471698113208,False,2059
CHINA_NINGXIA_2022,SHZY30,blastn,9,JAHXLM010000006.1,63,104,70112,70072,0.7907,0.014487870619946091,False,2039
CHINA_NINGXIA_2022,SHZY30,blastn,10,JAHXLM010000002.1,2222,2238,162721,162737,1.0,0.0057277628032345014,False,78
CHINA_NINGXIA_2022,SHZY30,blastn,11,JAHXLM010000002.1,61,84,1006,983,0.875,0.008086253369272238,False,2059
CHINA_NINGXIA_2022,SHZY30,blastn,12,JAHXLM010000001.1,2180,2196,160838,160822,1.0,0.0057277628032345014,False,36
CHINA_NINGXIA_2022,SHZY30,blastn,13,JAHXLM010000001.1,1736,1764,113705,113733,0.82759,0.00977088948787062,False,379
CHINA_NINGXIA_2022,SHZY30,blastn,14,JAHXLM010000001.1,80,101,190628,190604,0.88,0.008423180592991913,False,2042
CHINA_NINGXIA_2022,SHZY30,blastn,15,JAHXLM010000001.1,543,558,32740,32755,1.0,0.005390835579514825,False,1585
CHINA_NINGXIA_2022,SHZY30,blastn,16,JAHXLM010000010.1,2226,2244,63119,63101,0.9473699999999999,0.006401617250673854,False,82
CHINA_NINGXIA_2022,SHZY31,blastn,1,JAHXLN010000007.1,72,93,15449,15470,0.9090900000000001,0.007412398921832884,False,2050
CHINA_NINGXIA_2022,SHZY31,blastn,2,JAHXLN010000007.1,66,99,30828,30863,0.81081,0.012466307277628033,False,2044
CHINA_NINGXIA_2022,SHZY31,blastn,3,JAHXLN010000007.1,63,83,2356,2336,0.90476,0.007075471698113208,False,2060
CHINA_NINGXIA_2022,SHZY31,blastn,4,JAHXLN010000004.1,2222,2238,105158,105174,1.0,0.0057277628032345014,False,78
CHINA_NINGXIA_2022,SHZY31,blastn,5,JAHXLN010000001.1,603,624,125318,125297,0.9090900000000001,0.007412398921832884,False,1519
CHINA_NINGXIA_2022,SHZY31,blastn,6,JAHXLN010000001.1,2180,2196,159421,159405,1.0,0.0057277628032345014,False,36
CHINA_NINGXIA_2022,SHZY31,blastn,7,JAHXLN010000001.1,1736,1764,114762,114790,0.82759,0.00977088948787062,False,379
CHINA_NINGXIA_2022,SHZY31,blastn,8,JAHXLN010000001.1,80,101,182099,182075,0.88,0.008423180592991913,False,2042
CHINA_NINGXIA_2022,SHZY31,blastn,9,JAHXLN010000001.1,543,558,32834,32849,1.0,0.005390835579514825,False,1585
CHINA_NINGXIA_2022,SHZY31,blastn,10,JAHXLN010000005.1,70,104,37146,37181,0.8055599999999999,0.012129380053908356,False,2039
CHINA_NINGXIA_2022,SHZY31,blastn,11,JAHXLN010000002.1,1059,1082,31336,31359,0.875,0.008086253369272238,False,1061
CHINA_NINGXIA_2022,SHZY31,blastn,12,JAHXLN010000018.1,61,84,1008,985,0.875,0.008086253369272238,False,2059
CHINA_NINGXIA_2022,SHZY31,blastn,13,JAHXLN010000010.1,2226,2244,62528,62510,0.9473699999999999,0.006401617250673854,False,82
CHINA_NINGXIA_2022,SHZY31,blastn,14,JAHXLN010000014.1,2805,2841,6610,6647,0.78947,0.012803234501347708,False,661
CHINA_NINGXIA_2022,SHZY31,blastn,15,JAHXLN010000012.1,62,82,33883,33903,0.90476,0.007075471698113208,False,2061
CHINA_NINGXIA_2022,SHZY32,blastn,1,JAHXLO010000009.1,55,87,65652,65686,0.82857,0.01179245283018868,False,2056
CHINA_NINGXIA_2022,SHZY32,blastn,2,JAHXLO010000009.1,66,99,131175,131140,0.81081,0.012466307277628033,False,2044
CHINA_NINGXIA_2022,SHZY32,blastn,3,JAHXLO010000005.1,84,103,80495,80476,0.95,0.006738544474393531,False,2040
CHINA_NINGXIA_2022,SHZY32,blastn,4,JAHXLO010000005.1,87,105,134894,134912,0.9473699999999999,0.006401617250673854,False,2038
CHINA_NINGXIA_2022,SHZY32,blastn,5,JAHXLO010000031.1,57,89,880,912,0.82857,0.01179245283018868,False,2054
CHINA_NINGXIA_2022,SHZY32,blastn,6,JAHXLO010000031.1,63,83,2230,2210,0.90476,0.007075471698113208,False,2060
CHINA_NINGXIA_2022,SHZY32,blastn,7,JAHXLO010000003.1,2180,2196,51055,51071,1.0,0.0057277628032345014,False,36
CHINA_NINGXIA_2022,SHZY32,blastn,8,JAHXLO010000003.1,80,101,21239,21263,0.88,0.008423180592991913,False,2042
CHINA_NINGXIA_2022,SHZY32,blastn,9,JAHXLO010000003.1,1736,1764,95754,95726,0.82759,0.00977088948787062,False,379
CHINA_NINGXIA_2022,SHZY32,blastn,10,JAHXLO010000027.1,2222,2238,2632,2648,1.0,0.0057277628032345014,False,78
CHINA_NINGXIA_2022,SHZY32,blastn,11,JAHXLO010000026.1,72,93,4427,4448,0.9090900000000001,0.007412398921832884,False,2050
CHINA_NINGXIA_2022,SHZY32,blastn,12,JAHXLO010000014.1,63,104,11148,11108,0.7907,0.014487870619946091,False,2039
CHINA_NINGXIA_2022,SHZY32,blastn,13,JAHXLO010000030.1,61,84,10401,10424,0.875,0.008086253369272238,False,2059
CHINA_NINGXIA_2022,SHZY32,blastn,14,JAHXLO010000012.1,516,534,46383,46365,0.9473699999999999,0.006401617250673854,False,1609
CHINA_NINGXIA_2022,SHZY32,blastn,15,JAHXLO010000004.1,543,558,47067,47052,1.0,0.005390835579514825,False,1585
CHINA_NINGXIA_2022,SHZY32,blastn,16,JAHXLO010000004.1,1006,1021,61380,61365,1.0,0.005390835579514825,False,1122
CHINA_NINGXIA_2022,SHZY32,blastn,17,JAHXLO010000020.1,1371,1386,30816,30801,1.0,0.005390835579514825,False,757
CHINA_NINGXIA_2022,SHZY33,blastn,1,JAHXLP010000006.1,55,82,63450,63477,0.85714,0.009433962264150943,False,2061
CHINA_NINGXIA_2022,SHZY33,blastn,2,JAHXLP010000006.1,72,93,141523,141502,0.9090900000000001,0.007412398921832884,False,2050
CHINA_NINGXIA_2022,SHZY33,blastn,3,JAHXLP010000006.1,57,89,156394,156362,0.82857,0.01179245283018868,False,2054
CHINA_NINGXIA_2022,SHZY33,blastn,4,JAHXLP010000006.1,1514,1532,21896,21914,0.9473699999999999,0.006401617250673854,False,611
CHINA_NINGXIA_2022,SHZY33,blastn,5,JAHXLP010000006.1,2946,2964,119322,119340,0.9473699999999999,0.006401617250673854,False,802
CHINA_NINGXIA_2022,SHZY33,blastn,6,JAHXLP010000006.1,66,99,127183,127148,0.81081,0.012466307277628033,False,2044
CHINA_NINGXIA_2022,SHZY33,blastn,7,JAHXLP010000006.1,63,83,155044,155064,0.90476,0.007075471698113208,False,2060
CHINA_NINGXIA_2022,SHZY33,blastn,8,JAHXLP010000002.1,64,105,238478,238517,0.78571,0.014150943396226415,False,2038
CHINA_NINGXIA_2022,SHZY33,blastn,9,JAHXLP010000002.1,87,105,89930,89912,0.9473699999999999,0.006401617250673854,False,2038
CHINA_NINGXIA_2022,SHZY33,blastn,10,JAHXLP010000002.1,85,103,147064,147082,0.9473699999999999,0.006401617250673854,False,2040
CHINA_NINGXIA_2022,SHZY33,blastn,11,JAHXLP010000002.1,64,84,159303,159283,0.90476,0.007075471698113208,False,2059
CHINA_NINGXIA_2022,SHZY33,blastn,12,JAHXLP010000002.1,1187,1202,179387,179372,1.0,0.005390835579514825,False,941
CHINA_NINGXIA_2022,SHZY33,blastn,13,JAHXLP010000005.1,2222,2238,105293,105309,1.0,0.0057277628032345014,False,78
CHINA_NINGXIA_2022,SHZY33,blastn,14,JAHXLP010000003.1,2180,2196,68641,68657,1.0,0.0057277628032345014,False,36
CHINA_NINGXIA_2022,SHZY33,blastn,15,JAHXLP010000003.1,603,624,104717,104738,0.9090900000000001,0.007412398921832884,False,1519
CHINA_NINGXIA_2022,SHZY33,blastn,16,JAHXLP010000003.1,80,101,38850,38874,0.88,0.008423180592991913,False,2042
CHINA_NINGXIA_2022,SHZY33,blastn,17,JAHXLP010000003.1,1736,1764,115506,115478,0.82759,0.00977088948787062,False,379
CHINA_NINGXIA_2022,SHZY33,blastn,18,JAHXLP010000003.1,19,83,147476,147419,0.7230800000000001,0.021900269541778976,False,2060
CHINA_NINGXIA_2022,SHZY33,blastn,19,JAHXLP010000016.1,63,104,37214,37254,0.7907,0.014487870619946091,False,2039
CHINA_NINGXIA_2022,SHZY33,blastn,20,JAHXLP010000023.1,61,84,11814,11837,0.875,0.008086253369272238,False,2059
CHINA_NINGXIA_2022,SHZY33,blastn,21,JAHXLP010000013.1,516,534,45943,45925,0.9473699999999999,0.006401617250673854,False,1609
CHINA_NINGXIA_2022,SHZY33,blastn,22,JAHXLP010000012.1,2226,2244,63073,63055,0.9473699999999999,0.006401617250673854,False,82
CHINA_NINGXIA_2022,SHZY33,blastn,23,JAHXLP010000007.1,80,95,76449,76464,1.0,0.005390835579514825,False,2048
CHINA_NINGXIA_2022,SHZY34,blastn,1,JAHXLQ010000007.1,55,82,95450,95423,0.85714,0.009433962264150943,False,2061
CHINA_NINGXIA_2022,SHZY34,blastn,2,JAHXLQ010000007.1,72,93,15320,15341,0.9090900000000001,0.007412398921832884,False,2050
CHINA_NINGXIA_2022,SHZY34,blastn,3,JAHXLQ010000007.1,68,86,5052,5070,0.9473699999999999,0.006401617250673854,False,2057
CHINA_NINGXIA_2022,SHZY34,blastn,4,JAHXLQ010000007.1,66,99,30108,30143,0.81081,0.012466307277628033,False,2044
CHINA_NINGXIA_2022,SHZY34,blastn,5,JAHXLQ010000007.1,63,83,2223,2203,0.90476,0.007075471698113208,False,2060
CHINA_NINGXIA_2022,SHZY34,blastn,6,JAHXLQ010000007.1,62,77,149823,149808,1.0,0.005390835579514825,False,2066
CHINA_NINGXIA_2022,SHZY34,blastn,7,JAHXLQ010000005.1,2222,2238,16899,16883,1.0,0.0057277628032345014,False,78
CHINA_NINGXIA_2022,SHZY34,blastn,8,JAHXLQ010000012.1,74,90,36874,36858,1.0,0.0057277628032345014,False,2053
CHINA_NINGXIA_2022,SHZY34,blastn,9,JAHXLQ010000001.1,603,624,125555,125534,0.9090900000000001,0.007412398921832884,False,1519
CHINA_NINGXIA_2022,SHZY34,blastn,10,JAHXLQ010000001.1,2180,2196,161475,161459,1.0,0.0057277628032345014,False,36
CHINA_NINGXIA_2022,SHZY34,blastn,11,JAHXLQ010000001.1,1736,1764,114933,114961,0.82759,0.00977088948787062,False,379
CHINA_NINGXIA_2022,SHZY34,blastn,12,JAHXLQ010000001.1,80,101,191293,191269,0.88,0.008423180592991913,False,2042
CHINA_NINGXIA_2022,SHZY34,blastn,13,JAHXLQ010000001.1,543,558,32791,32806,1.0,0.005390835579514825,False,1585
CHINA_NINGXIA_2022,SHZY34,blastn,14,JAHXLQ010000002.1,85,103,227380,227398,0.9473699999999999,0.006401617250673854,False,2040
CHINA_NINGXIA_2022,SHZY34,blastn,15,JAHXLQ010000002.1,1187,1202,254087,254072,1.0,0.005390835579514825,False,941
CHINA_NINGXIA_2022,SHZY34,blastn,16,JAHXLQ010000014.1,61,84,1008,985,0.875,0.008086253369272238,False,2059
CHINA_NINGXIA_2022,SHZY34,blastn,17,JAHXLQ010000008.1,50,70,58676,58656,0.90476,0.007075471698113208,False,2073
CHINA_NINGXIA_2022,SHZY34,blastn,18,JAHXLQ010000008.1,1371,1386,115540,115525,1.0,0.005390835579514825,False,757
CHINA_NINGXIA_2022,SHZY35,blastn,1,JAHXLR010000013.1,55,87,20159,20125,0.82857,0.01179245283018868,False,2056
CHINA_NINGXIA_2022,SHZY35,blastn,2,JAHXLR010000008.1,57,89,874,906,0.82857,0.01179245283018868,False,2054
CHINA_NINGXIA_2022,SHZY35,blastn,3,JAHXLR010000008.1,72,93,15341,15362,0.9090900000000001,0.007412398921832884,False,2050
CHINA_NINGXIA_2022,SHZY35,blastn,4,JAHXLR010000008.1,68,86,5069,5087,0.9473699999999999,0.006401617250673854,False,2057
CHINA_NINGXIA_2022,SHZY35,blastn,5,JAHXLR010000008.1,66,99,30152,30187,0.81081,0.012466307277628033,False,2044
CHINA_NINGXIA_2022,SHZY35,blastn,6,JAHXLR010000008.1,63,83,2224,2204,0.90476,0.007075471698113208,False,2060
CHINA_NINGXIA_2022,SHZY35,blastn,7,JAHXLR010000003.1,2222,2238,163164,163180,1.0,0.0057277628032345014,False,78
CHINA_NINGXIA_2022,SHZY35,blastn,8,JAHXLR010000003.1,61,84,1005,982,0.875,0.008086253369272238,False,2059
CHINA_NINGXIA_2022,SHZY35,blastn,9,JAHXLR010000015.1,63,104,37108,37148,0.7907,0.014487870619946091,False,2039
CHINA_NINGXIA_2022,SHZY35,blastn,10,JAHXLR010000001.1,603,624,126757,126736,0.9090900000000001,0.007412398921832884,False,1519
CHINA_NINGXIA_2022,SHZY35,blastn,11,JAHXLR010000001.1,80,101,183729,183705,0.88,0.008423180592991913,False,2042
CHINA_NINGXIA_2022,SHZY35,blastn,12,JAHXLR010000001.1,1006,1021,18520,18535,1.0,0.005390835579514825,False,1122
CHINA_NINGXIA_2022,SHZY35,blastn,13,JAHXLR010000001.1,2104,2119,156116,156101,1.0,0.005390835579514825,False,24
CHINA_NINGXIA_2022,SHZY35,blastn,14,JAHXLR010000002.1,85,103,183368,183386,0.9473699999999999,0.006401617250673854,False,2040
CHINA_NINGXIA_2022,SHZY35,blastn,15,JAHXLR010000018.1,728,746,21425,21407,0.9473699999999999,0.006401617250673854,False,1397
CHINA_NINGXIA_2022,SHZY35,blastn,16,JAHXLR010000010.1,2226,2244,63652,63634,0.9473699999999999,0.006401617250673854,False,82
CHINA_NINGXIA_2022,SHZY35,blastn,17,JAHXLR010000006.1,80,95,4679,4664,1.0,0.005390835579514825,False,2048
CHINA_NINGXIA_2022,SHZY36,blastn,1,JAHXLS010000006.1,603,624,44107,44086,0.9090900000000001,0.007412398921832884,False,1519
CHINA_NINGXIA_2022,SHZY36,blastn,2,JAHXLS010000006.1,2180,2196,80082,80066,1.0,0.0057277628032345014,False,36
CHINA_NINGXIA_2022,SHZY36,blastn,3,JAHXLS010000006.1,1736,1764,33630,33658,0.82759,0.00977088948787062,False,379
CHINA_NINGXIA_2022,SHZY36,blastn,4,JAHXLS010000006.1,80,101,109905,109881,0.88,0.008423180592991913,False,2042
CHINA_NINGXIA_2022,SHZY36,blastn,5,JAHXLS010000006.1,447,467,96664,96644,0.90476,0.007075471698113208,False,1676
CHINA_NINGXIA_2022,SHZY36,blastn,6,JAHXLS010000004.1,1057,1073,74461,74477,1.0,0.0057277628032345014,False,1070
CHINA_NINGXIA_2022,SHZY36,blastn,7,JAHXLS010000004.1,72,93,163466,163445,0.9090900000000001,0.007412398921832884,False,2050
CHINA_NINGXIA_2022,SHZY36,blastn,8,JAHXLS010000004.1,57,89,177963,177931,0.82857,0.01179245283018868,False,2054
CHINA_NINGXIA_2022,SHZY36,blastn,9,JAHXLS010000004.1,61,84,1009,986,0.875,0.008086253369272238,False,2059
CHINA_NINGXIA_2022,SHZY36,blastn,10,JAHXLS010000004.1,66,99,147904,147869,0.81081,0.012466307277628033,False,2044
CHINA_NINGXIA_2022,SHZY36,blastn,11,JAHXLS010000004.1,63,83,176613,176633,0.90476,0.007075471698113208,False,2060
CHINA_NINGXIA_2022,SHZY36,blastn,12,JAHXLS010000020.1,2222,2238,2619,2635,1.0,0.0057277628032345014,False,78
CHINA_NINGXIA_2022,SHZY36,blastn,13,JAHXLS010000015.1,63,104,9565,9525,0.7907,0.014487870619946091,False,2039
CHINA_NINGXIA_2022,SHZY36,blastn,14,JAHXLS010000003.1,87,105,133771,133753,0.9473699999999999,0.006401617250673854,False,2038
CHINA_NINGXIA_2022,SHZY36,blastn,15,JAHXLS010000003.1,85,103,221068,221086,0.9473699999999999,0.006401617250673854,False,2040
CHINA_NINGXIA_2022,SHZY36,blastn,16,JAHXLS010000003.1,75,90,121566,121551,1.0,0.005390835579514825,False,2053
CHINA_NINGXIA_2022,SHZY36,blastn,17,JAHXLS010000003.1,64,84,231317,231297,0.90476,0.007075471698113208,False,2059
CHINA_NINGXIA_2022,SHZY36,blastn,18,JAHXLS010000012.1,2226,2244,52483,52465,0.9473699999999999,0.006401617250673854,False,82
CHINA_NINGXIA_2022,SHZY36,blastn,19,JAHXLS010000017.1,543,558,2826,2811,1.0,0.005390835579514825,False,1585
CHINA_NINGXIA_2022,SHZY36,blastn,20,JAHXLS010000017.1,75,99,19290,19268,0.88,0.008423180592991913,False,2044
CHINA_NINGXIA_2022,SHZY37,blastn,1,JAHXLT010000004.1,55,82,85420,85393,0.85714,0.009433962264150943,False,2061
CHINA_NINGXIA_2022,SHZY37,blastn,2,JAHXLT010000004.1,72,93,4312,4333,0.9090900000000001,0.007412398921832884,False,2050
CHINA_NINGXIA_2022,SHZY37,blastn,3,JAHXLT010000004.1,66,99,19773,19808,0.81081,0.012466307277628033,False,2044
CHINA_NINGXIA_2022,SHZY37,blastn,4,JAHXLT010000004.1,66,85,82646,82666,0.95238,0.007075471698113208,False,2058
CHINA_NINGXIA_2022,SHZY37,blastn,5,JAHXLT010000002.1,84,103,87577,87596,0.95,0.006738544474393531,False,2040
CHINA_NINGXIA_2022,SHZY37,blastn,6,JAHXLT010000002.1,1059,1082,141096,141073,0.875,0.008086253369272238,False,1061
CHINA_NINGXIA_2022,SHZY37,blastn,7,JAHXLT010000002.1,75,90,19429,19414,1.0,0.005390835579514825,False,2053
CHINA_NINGXIA_2022,SHZY37,blastn,8,JAHXLT010000001.1,66,90,366222,366198,0.88,0.008423180592991913,False,2053
CHINA_NINGXIA_2022,SHZY37,blastn,9,JAHXLT010000001.1,603,624,126462,126441,0.9090900000000001,0.007412398921832884,False,1519
CHINA_NINGXIA_2022,SHZY37,blastn,10,JAHXLT010000001.1,2180,2196,162438,162422,1.0,0.0057277628032345014,False,36
CHINA_NINGXIA_2022,SHZY37,blastn,11,JAHXLT010000001.1,80,101,185426,185402,0.88,0.008423180592991913,False,2042
CHINA_NINGXIA_2022,SHZY37,blastn,12,JAHXLT010000001.1,543,558,33175,33190,1.0,0.005390835579514825,False,1585
CHINA_NINGXIA_2022,SHZY37,blastn,13,JAHXLT010000003.1,2222,2238,17073,17057,1.0,0.0057277628032345014,False,78
CHINA_NINGXIA_2022,SHZY37,blastn,14,JAHXLT010000003.1,592,610,71018,71000,0.9473699999999999,0.006401617250673854,False,1533
CHINA_NINGXIA_2022,SHZY37,blastn,15,JAHXLT010000019.1,57,89,899,931,0.82857,0.01179245283018868,False,2054
CHINA_NINGXIA_2022,SHZY37,blastn,16,JAHXLT010000019.1,63,83,2249,2229,0.90476,0.007075471698113208,False,2060
CHINA_NINGXIA_2022,SHZY37,blastn,17,JAHXLT010000009.1,516,534,13049,13067,0.9473699999999999,0.006401617250673854,False,1609
CHINA_NINGXIA_2022,SHZY37,blastn,18,JAHXLT010000008.1,2226,2244,4335,4353,0.9473699999999999,0.006401617250673854,False,82
CHINA_NINGXIA_2022,SHZY37,blastn,19,JAHXLT010000017.1,61,84,1007,984,0.875,0.008086253369272238,False,2059
CHINA_NINGXIA_2022,SHZY38,megablast,1,JAHXLU010000034.1,2789,2968,10339,10158,0.98901,0.06132075471698113,False,645
CHINA_NINGXIA_2022,SHZY38,megablast,2,JAHXLU010000011.1,2789,2968,60098,59917,0.9835200000000001,0.06132075471698113,False,645
CHINA_NINGXIA_2022,SHZY38,blastn,1,JAHXLU010000034.1,2789,2968,10339,10158,0.98901,0.06132075471698113,False,645
CHINA_NINGXIA_2022,SHZY38,blastn,2,JAHXLU010000011.1,2789,2968,60098,59917,0.9835200000000001,0.06132075471698113,False,645
CHINA_NINGXIA_2022,SHZY38,blastn,3,JAHXLU010000011.1,66,90,32667,32691,0.88,0.008423180592991913,False,2053
CHINA_NINGXIA_2022,SHZY38,blastn,4,JAHXLU010000001.1,2634,2653,158437,158418,1.0,0.006738544474393531,False,490
CHINA_NINGXIA_2022,SHZY38,blastn,5,JAHXLU010000001.1,87,105,173491,173509,0.9473699999999999,0.006401617250673854,False,2038
CHINA_NINGXIA_2022,SHZY38,blastn,6,JAHXLU010000037.1,54,83,4667,4639,0.86667,0.010107816711590296,False,2060
CHINA_NINGXIA_2022,SHZY38,blastn,7,JAHXLU010000037.1,57,89,3309,3341,0.82857,0.01179245283018868,False,2054
CHINA_NINGXIA_2022,SHZY38,blastn,8,JAHXLU010000012.1,55,82,19492,19465,0.85714,0.009433962264150943,False,2061
CHINA_NINGXIA_2022,SHZY38,blastn,9,JAHXLU010000002.1,63,95,3667,3632,0.81081,0.012466307277628033,False,2048
CHINA_NINGXIA_2022,SHZY38,blastn,10,JAHXLU010000002.1,2222,2238,63360,63344,1.0,0.0057277628032345014,False,78
CHINA_NINGXIA_2022,SHZY38,blastn,11,JAHXLU010000002.1,122,143,135522,135544,0.9130400000000001,0.00774932614555256,False,2000
CHINA_NINGXIA_2022,SHZY38,blastn,12,JAHXLU010000005.1,80,101,77039,77015,0.88,0.008423180592991913,False,2042
CHINA_NINGXIA_2022,SHZY38,blastn,13,JAHXLU010000026.1,2226,2244,16506,16488,0.9473699999999999,0.006401617250673854,False,82
CHINA_NINGXIA_2022,SHZY38,blastn,14,JAHXLU010000023.1,85,103,5671,5653,0.9473699999999999,0.006401617250673854,False,2040
CHINA_NINGXIA_2022,SHZY38,blastn,15,JAHXLU010000006.1,1006,1021,8761,8776,1.0,0.005390835579514825,False,1122
CHINA_NINGXIA_2022,SHZY39,blastn,1,JAHXLV010000025.1,81,103,10187,10209,0.9130400000000001,0.00774932614555256,False,2040
CHINA_NINGXIA_2022,SHZY39,blastn,2,JAHXLV010000019.1,53,70,15255,15272,1.0,0.006064690026954178,False,2073
CHINA_NINGXIA_2022,SHZY39,blastn,3,JAHXLV010000005.1,84,105,143131,143152,0.9090900000000001,0.007412398921832884,False,2038
CHINA_NINGXIA_2022,SHZY39,blastn,4,JAHXLV010000005.1,49,75,110400,110427,0.85714,0.009433962264150943,False,2068
CHINA_NINGXIA_2022,SHZY39,blastn,5,JAHXLV010000005.1,1006,1021,155276,155261,1.0,0.005390835579514825,False,1122
CHINA_NINGXIA_2022,SHZY39,blastn,6,JAHXLV010000005.1,75,99,157006,156984,0.88,0.008423180592991913,False,2044
CHINA_NINGXIA_2022,SHZY39,blastn,7,JAHXLV010000016.1,73,101,24392,24365,0.8620699999999999,0.00977088948787062,False,2042
CHINA_NINGXIA_2022,SHZY39,blastn,8,JAHXLV010000011.1,380,396,30953,30969,1.0,0.0057277628032345014,False,1747
CHINA_NINGXIA_2022,SHZY39,blastn,9,JAHXLV010000001.1,2222,2238,30557,30541,1.0,0.0057277628032345014,False,78
CHINA_NINGXIA_2022,SHZY39,blastn,10,JAHXLV010000001.1,592,610,83198,83180,0.9473699999999999,0.006401617250673854,False,1533
CHINA_NINGXIA_2022,SHZY39,blastn,11,JAHXLV010000001.1,122,143,101781,101803,0.9130400000000001,0.00774932614555256,False,2000
CHINA_NINGXIA_2022,SHZY39,blastn,12,JAHXLV010000008.1,85,103,23066,23084,0.9473699999999999,0.006401617250673854,False,2040
CHINA_NINGXIA_2022,SHZY39,blastn,13,JAHXLV010000006.1,66,99,19738,19773,0.81081,0.012466307277628033,False,2044
CHINA_NINGXIA_2022,SHZY39,blastn,14,JAHXLV010000006.1,65,87,84818,84794,0.88,0.008423180592991913,False,2056
CHINA_NINGXIA_2022,SHZY39,blastn,15,JAHXLV010000015.1,87,105,8283,8265,0.9473699999999999,0.006401617250673854,False,2038
CHINA_NINGXIA_2022,SHZY39,blastn,16,JAHXLV010000014.1,80,101,5234,5258,0.88,0.008423180592991913,False,2042
CHINA_NINGXIA_2022,SHZY39,blastn,17,JAHXLV010000013.1,2226,2244,60575,60557,0.9473699999999999,0.006401617250673854,False,82
CHINA_NINGXIA_2022,SHZY40,megablast,1,JAHXLW010000023.1,1,2968,3355,381,0.9872299999999999,1.0026954177897573,True,0
CHINA_NINGXIA_2022,SHZY40,blastn,1,JAHXLW010000023.1,1,2968,3355,381,0.9872299999999999,1.0026954177897573,True,0
CHINA_NINGXIA_2022,SHZY40,blastn,2,JAHXLW010000003.1,64,105,1685,1646,0.78571,0.014150943396226415,False,2038
CHINA_NINGXIA_2022,SHZY40,blastn,3,JAHXLW010000003.1,85,103,88521,88503,0.9473699999999999,0.006401617250673854,False,2040
CHINA_NINGXIA_2022,SHZY40,blastn,4,JAHXLW010000003.1,87,105,146483,146501,0.9473699999999999,0.006401617250673854,False,2038
CHINA_NINGXIA_2022,SHZY40,blastn,5,JAHXLW010000003.1,64,84,78532,78552,0.90476,0.007075471698113208,False,2059
CHINA_NINGXIA_2022,SHZY40,blastn,6,JAHXLW010000014.1,55,82,66088,66115,0.85714,0.009433962264150943,False,2061
CHINA_NINGXIA_2022,SHZY40,blastn,7,JAHXLW010000005.1,277,296,15890,15871,0.95,0.006738544474393531,False,1847
CHINA_NINGXIA_2022,SHZY40,blastn,8,JAHXLW010000007.1,63,104,38192,38232,0.7907,0.014487870619946091,False,2039
CHINA_NINGXIA_2022,SHZY40,blastn,9,JAHXLW010000004.1,2222,2238,16727,16711,1.0,0.0057277628032345014,False,78
CHINA_NINGXIA_2022,SHZY40,blastn,10,JAHXLW010000012.1,57,89,880,912,0.82857,0.01179245283018868,False,2054
CHINA_NINGXIA_2022,SHZY40,blastn,11,JAHXLW010000012.1,72,93,15329,15350,0.9090900000000001,0.007412398921832884,False,2050
CHINA_NINGXIA_2022,SHZY40,blastn,12,JAHXLW010000012.1,66,99,30857,30892,0.81081,0.012466307277628033,False,2044
CHINA_NINGXIA_2022,SHZY40,blastn,13,JAHXLW010000012.1,63,83,2230,2210,0.90476,0.007075471698113208,False,2060
CHINA_NINGXIA_2022,SHZY40,blastn,14,JAHXLW010000021.1,61,84,11991,12014,0.875,0.008086253369272238,False,2059
CHINA_NINGXIA_2022,SHZY40,blastn,15,JAHXLW010000019.1,2226,2244,13247,13229,0.9473699999999999,0.006401617250673854,False,82
CHINA_NINGXIA_2022,SHZY40,blastn,16,JAHXLW010000011.1,516,534,47707,47689,0.9473699999999999,0.006401617250673854,False,1609
CHINA_NINGXIA_2022,SHZY40,blastn,17,JAHXLW010000001.1,80,101,143786,143810,0.88,0.008423180592991913,False,2042
CHINA_NINGXIA_2022,SHZY40,blastn,18,JAHXLW010000001.1,447,467,157024,157044,0.90476,0.007075471698113208,False,1676
CHINA_NINGXIA_2022,SHZY40,blastn,19,JAHXLW010000002.1,543,558,65415,65400,1.0,0.005390835579514825,False,1585
CHINA_NINGXIA_2022,SHZY40,blastn,20,JAHXLW010000002.1,75,99,81789,81767,0.88,0.008423180592991913,False,2044
CHINA_NINGXIA_2022,SHZY40,blastn,21,JAHXLW010000013.1,71,91,6056,6036,0.90476,0.007075471698113208,False,2052
CHINA_NINGXIA_2022,SHZY41,blastn,1,JAHXLX010000009.1,55,82,64749,64776,0.85714,0.009433962264150943,False,2061
CHINA_NINGXIA_2022,SHZY41,blastn,2,JAHXLX010000007.1,72,93,5661,5682,0.9090900000000001,0.007412398921832884,False,2050
CHINA_NINGXIA_2022,SHZY41,blastn,3,JAHXLX010000007.1,66,99,21216,21251,0.81081,0.012466307277628033,False,2044
CHINA_NINGXIA_2022,SHZY41,blastn,4,JAHXLX010000032.1,57,89,880,912,0.82857,0.01179245283018868,False,2054
CHINA_NINGXIA_2022,SHZY41,blastn,5,JAHXLX010000032.1,63,83,2230,2210,0.90476,0.007075471698113208,False,2060
CHINA_NINGXIA_2022,SHZY41,blastn,6,JAHXLX010000026.1,2222,2238,2653,2669,1.0,0.0057277628032345014,False,78
CHINA_NINGXIA_2022,SHZY41,blastn,7,JAHXLX010000002.1,2222,2238,150000,150016,1.0,0.0057277628032345014,False,78
CHINA_NINGXIA_2022,SHZY41,blastn,8,JAHXLX010000015.1,63,104,36059,36099,0.7907,0.014487870619946091,False,2039
CHINA_NINGXIA_2022,SHZY41,blastn,9,JAHXLX010000001.1,2180,2196,87275,87291,1.0,0.0057277628032345014,False,36
CHINA_NINGXIA_2022,SHZY41,blastn,10,JAHXLX010000001.1,603,624,123523,123544,0.9090900000000001,0.007412398921832884,False,1519
CHINA_NINGXIA_2022,SHZY41,blastn,11,JAHXLX010000001.1,84,105,219725,219746,0.9090900000000001,0.007412398921832884,False,2038
CHINA_NINGXIA_2022,SHZY41,blastn,12,JAHXLX010000001.1,80,101,57485,57509,0.88,0.008423180592991913,False,2042
CHINA_NINGXIA_2022,SHZY41,blastn,13,JAHXLX010000001.1,1736,1764,134624,134596,0.82759,0.00977088948787062,False,379
CHINA_NINGXIA_2022,SHZY41,blastn,14,JAHXLX010000001.1,1006,1021,231413,231398,1.0,0.005390835579514825,False,1122
CHINA_NINGXIA_2022,SHZY41,blastn,15,JAHXLX010000004.1,87,105,13297,13315,0.9473699999999999,0.006401617250673854,False,2038
CHINA_NINGXIA_2022,SHZY41,blastn,16,JAHXLX010000003.1,85,103,77412,77430,0.9473699999999999,0.006401617250673854,False,2040
CHINA_NINGXIA_2022,SHZY41,blastn,17,JAHXLX010000027.1,177,195,8892,8910,0.9473699999999999,0.006401617250673854,False,1948
CHINA_NINGXIA_2022,SHZY41,blastn,18,JAHXLX010000014.1,516,534,46278,46260,0.9473699999999999,0.006401617250673854,False,1609
CHINA_NINGXIA_2022,SHZY41,blastn,19,JAHXLX010000010.1,2226,2244,4328,4346,0.9473699999999999,0.006401617250673854,False,82
CHINA_NINGXIA_2022,SHZY41,blastn,20,JAHXLX010000018.1,1371,1386,20144,20129,1.0,0.005390835579514825,False,757
CHINA_NINGXIA_2022,SHZY41,blastn,21,JAHXLX010000016.1,50,70,36296,36316,0.90476,0.007075471698113208,False,2073
CHINA_NINGXIA_2022,SHZY42,blastn,1,JAHXLY010000009.1,55,87,65024,65058,0.82857,0.01179245283018868,False,2056
CHINA_NINGXIA_2022,SHZY42,blastn,2,JAHXLY010000009.1,1057,1073,59111,59127,1.0,0.0057277628032345014,False,1070
CHINA_NINGXIA_2022,SHZY42,blastn,3,JAHXLY010000005.1,72,93,78371,78350,0.9090900000000001,0.007412398921832884,False,2050
CHINA_NINGXIA_2022,SHZY42,blastn,4,JAHXLY010000005.1,57,89,92923,92891,0.82857,0.01179245283018868,False,2054
CHINA_NINGXIA_2022,SHZY42,blastn,5,JAHXLY010000005.1,66,99,62561,62526,0.81081,0.012466307277628033,False,2044
CHINA_NINGXIA_2022,SHZY42,blastn,6,JAHXLY010000005.1,68,86,88654,88636,0.9473699999999999,0.006401617250673854,False,2057
CHINA_NINGXIA_2022,SHZY42,blastn,7,JAHXLY010000005.1,63,83,91573,91593,0.90476,0.007075471698113208,False,2060
CHINA_NINGXIA_2022,SHZY42,blastn,8,JAHXLY010000013.1,2222,2238,16907,16891,1.0,0.0057277628032345014,False,78
CHINA_NINGXIA_2022,SHZY42,blastn,9,JAHXLY010000001.1,2180,2196,173308,173324,1.0,0.0057277628032345014,False,36
CHINA_NINGXIA_2022,SHZY42,blastn,10,JAHXLY010000001.1,603,624,209312,209333,0.9090900000000001,0.007412398921832884,False,1519
CHINA_NINGXIA_2022,SHZY42,blastn,11,JAHXLY010000001.1,80,101,143513,143537,0.88,0.008423180592991913,False,2042
CHINA_NINGXIA_2022,SHZY42,blastn,12,JAHXLY010000001.1,543,558,300381,300366,1.0,0.005390835579514825,False,1585
CHINA_NINGXIA_2022,SHZY42,blastn,13,JAHXLY010000001.1,1006,1021,314693,314678,1.0,0.005390835579514825,False,1122
CHINA_NINGXIA_2022,SHZY42,blastn,14,JAHXLY010000008.1,2226,2244,65288,65270,0.9473699999999999,0.006401617250673854,False,82
CHINA_NINGXIA_2022,SHZY42,blastn,15,JAHXLY010000022.1,61,84,9223,9246,0.875,0.008086253369272238,False,2059
CHINA_NINGXIA_2022,SHZY42,blastn,16,JAHXLY010000002.1,1059,1082,31295,31318,0.875,0.008086253369272238,False,1061
CHINA_NINGXIA_2022,SHZY42,blastn,17,JAHXLY010000002.1,85,103,89958,89940,0.9473699999999999,0.006401617250673854,False,2040
CHINA_NINGXIA_2022,SHZY42,blastn,18,JAHXLY010000002.1,87,105,146456,146474,0.9473699999999999,0.006401617250673854,False,2038
CHINA_NINGXIA_2022,SHZY42,blastn,19,JAHXLY010000002.1,1187,1202,60994,61009,1.0,0.005390835579514825,False,941
CHINA_NINGXIA_2022,SHZY42,blastn,20,JAHXLY010000002.1,75,90,158292,158307,1.0,0.005390835579514825,False,2053
CHINA_NINGXIA_2022,SHZY42,blastn,21,JAHXLY010000007.1,1345,1360,33711,33726,1.0,0.005390835579514825,False,783
CHINA_NINGXIA_2022,SHZY43,blastn,1,JAHXLZ010000012.1,55,82,34456,34483,0.85714,0.009433962264150943,False,2061
CHINA_NINGXIA_2022,SHZY43,blastn,2,JAHXLZ010000007.1,57,89,74694,74662,0.82857,0.01179245283018868,False,2054
CHINA_NINGXIA_2022,SHZY43,blastn,3,JAHXLZ010000007.1,66,99,44770,44735,0.81081,0.012466307277628033,False,2044
CHINA_NINGXIA_2022,SHZY43,blastn,4,JAHXLZ010000007.1,63,83,73344,73364,0.90476,0.007075471698113208,False,2060
CHINA_NINGXIA_2022,SHZY43,blastn,5,JAHXLZ010000004.1,63,104,72074,72034,0.7907,0.014487870619946091,False,2039
CHINA_NINGXIA_2022,SHZY43,blastn,6,JAHXLZ010000003.1,2222,2238,147733,147749,1.0,0.0057277628032345014,False,78
CHINA_NINGXIA_2022,SHZY43,blastn,7,JAHXLZ010000002.1,2180,2196,161874,161858,1.0,0.0057277628032345014,False,36
CHINA_NINGXIA_2022,SHZY43,blastn,8,JAHXLZ010000002.1,80,101,184716,184692,0.88,0.008423180592991913,False,2042
CHINA_NINGXIA_2022,SHZY43,blastn,9,JAHXLZ010000002.1,543,558,33184,33199,1.0,0.005390835579514825,False,1585
CHINA_NINGXIA_2022,SHZY43,blastn,10,JAHXLZ010000002.1,2104,2119,157099,157084,1.0,0.005390835579514825,False,24
CHINA_NINGXIA_2022,SHZY43,blastn,11,JAHXLZ010000018.1,61,101,11638,11676,0.78049,0.013814016172506738,False,2042
CHINA_NINGXIA_2022,SHZY43,blastn,12,JAHXLZ010000009.1,2226,2244,64229,64211,0.9473699999999999,0.006401617250673854,False,82
CHINA_NINGXIA_2022,SHZY43,blastn,13,JAHXLZ010000010.1,85,103,1219,1201,0.9473699999999999,0.006401617250673854,False,2040
CHINA_NINGXIA_2022,SHZY43,blastn,14,JAHXLZ010000008.1,1371,1386,63199,63184,1.0,0.005390835579514825,False,757
CHINA_NINGXIA_2022,SHZY43,blastn,15,JAHXLZ010000006.1,64,84,78030,78050,0.90476,0.007075471698113208,False,2059
CHINA_NINGXIA_2022,SHZY44,blastn,1,JAHXMA010000006.1,55,82,713,686,0.85714,0.009433962264150943,False,2061
CHINA_NINGXIA_2022,SHZY44,blastn,2,JAHXMA010000006.1,61,84,77787,77810,0.875,0.008086253369272238,False,2059
CHINA_NINGXIA_2022,SHZY44,blastn,3,JAHXMA010000003.1,2222,2238,16916,16900,1.0,0.0057277628032345014,False,78
CHINA_NINGXIA_2022,SHZY44,blastn,4,JAHXMA010000018.1,72,93,4001,3980,0.9090900000000001,0.007412398921832884,False,2050
CHINA_NINGXIA_2022,SHZY44,blastn,5,JAHXMA010000018.1,57,89,18514,18482,0.82857,0.01179245283018868,False,2054
CHINA_NINGXIA_2022,SHZY44,blastn,6,JAHXMA010000018.1,63,83,17164,17184,0.90476,0.007075471698113208,False,2060
CHINA_NINGXIA_2022,SHZY44,blastn,7,JAHXMA010000015.1,63,104,14545,14505,0.7907,0.014487870619946091,False,2039
CHINA_NINGXIA_2022,SHZY44,blastn,8,JAHXMA010000001.1,603,624,226556,226577,0.9090900000000001,0.007412398921832884,False,1519
CHINA_NINGXIA_2022,SHZY44,blastn,9,JAHXMA010000001.1,80,101,169415,169439,0.88,0.008423180592991913,False,2042
CHINA_NINGXIA_2022,SHZY44,blastn,10,JAHXMA010000001.1,1736,1764,237092,237064,0.82759,0.00977088948787062,False,379
CHINA_NINGXIA_2022,SHZY44,blastn,11,JAHXMA010000001.1,543,558,319229,319214,1.0,0.005390835579514825,False,1585
CHINA_NINGXIA_2022,SHZY44,blastn,12,JAHXMA010000001.1,1006,1021,333966,333951,1.0,0.005390835579514825,False,1122
CHINA_NINGXIA_2022,SHZY44,blastn,13,JAHXMA010000008.1,2226,2244,4385,4403,0.9473699999999999,0.006401617250673854,False,82
CHINA_NINGXIA_2022,SHZY44,blastn,14,JAHXMA010000007.1,66,99,11569,11604,0.81081,0.012466307277628033,False,2044
CHINA_NINGXIA_2022,SHZY44,blastn,15,JAHXMA010000002.1,85,103,204913,204931,0.9473699999999999,0.006401617250673854,False,2040
CHINA_NINGXIA_2022,SHZY44,blastn,16,JAHXMA010000002.1,1059,1082,259185,259162,0.875,0.008086253369272238,False,1061
CHINA_NINGXIA_2022,SHZY45,blastn,1,JAHXMB010000001.1,64,105,1996,1957,0.78571,0.014150943396226415,False,2038
CHINA_NINGXIA_2022,SHZY45,blastn,2,JAHXMB010000001.1,85,103,91045,91027,0.9473699999999999,0.006401617250673854,False,2040
CHINA_NINGXIA_2022,SHZY45,blastn,3,JAHXMB010000001.1,1187,1202,60821,60836,1.0,0.005390835579514825,False,941
CHINA_NINGXIA_2022,SHZY45,blastn,4,JAHXMB010000001.1,64,84,80907,80927,0.90476,0.007075471698113208,False,2059
CHINA_NINGXIA_2022,SHZY45,blastn,5,JAHXMB010000005.1,72,93,166027,166006,0.9090900000000001,0.007412398921832884,False,2050
CHINA_NINGXIA_2022,SHZY45,blastn,6,JAHXMB010000005.1,66,99,151973,151938,0.81081,0.012466307277628033,False,2044
CHINA_NINGXIA_2022,SHZY45,blastn,7,JAHXMB010000005.1,68,86,176298,176280,0.9473699999999999,0.006401617250673854,False,2057
CHINA_NINGXIA_2022,SHZY45,blastn,8,JAHXMB010000005.1,62,82,86220,86240,0.90476,0.007075471698113208,False,2061
CHINA_NINGXIA_2022,SHZY45,blastn,9,JAHXMB010000005.1,63,83,179190,179210,0.90476,0.007075471698113208,False,2060
CHINA_NINGXIA_2022,SHZY45,blastn,10,JAHXMB010000004.1,2180,2196,45193,45209,1.0,0.0057277628032345014,False,36
CHINA_NINGXIA_2022,SHZY45,blastn,11,JAHXMB010000004.1,603,624,81202,81223,0.9090900000000001,0.007412398921832884,False,1519
CHINA_NINGXIA_2022,SHZY45,blastn,12,JAHXMB010000004.1,80,101,15379,15403,0.88,0.008423180592991913,False,2042
CHINA_NINGXIA_2022,SHZY45,blastn,13,JAHXMB010000004.1,1736,1764,92238,92210,0.82759,0.00977088948787062,False,379
CHINA_NINGXIA_2022,SHZY45,blastn,14,JAHXMB010000004.1,447,467,28649,28669,0.90476,0.007075471698113208,False,1676
CHINA_NINGXIA_2022,SHZY45,blastn,15,JAHXMB010000004.1,543,558,174628,174613,1.0,0.005390835579514825,False,1585
CHINA_NINGXIA_2022,SHZY45,blastn,16,JAHXMB010000019.1,2222,2238,16997,16981,1.0,0.0057277628032345014,False,78
CHINA_NINGXIA_2022,SHZY45,blastn,17,JAHXMB010000015.1,63,104,16513,16473,0.7907,0.014487870619946091,False,2039
CHINA_NINGXIA_2022,SHZY45,blastn,18,JAHXMB010000009.1,2226,2244,69468,69450,0.9473699999999999,0.006401617250673854,False,82
CHINA_NINGXIA_2022,SHZY45,blastn,19,JAHXMB010000007.1,61,84,53193,53216,0.875,0.008086253369272238,False,2059
CHINA_NINGXIA_2022,SHZY45,blastn,20,JAHXMB010000002.1,87,105,43013,43031,0.9473699999999999,0.006401617250673854,False,2038
CHINA_NINGXIA_2022,SHZY45,blastn,21,JAHXMB010000002.1,75,90,53876,53891,1.0,0.005390835579514825,False,2053
CHINA_NINGXIA_2022,SHZY45,blastn,22,JAHXMB010000010.1,1371,1386,62161,62146,1.0,0.005390835579514825,False,757
CHINA_NINGXIA_2022,SHZY46,blastn,1,JAHXMC010000008.1,55,82,58651,58678,0.85714,0.009433962264150943,False,2061
CHINA_NINGXIA_2022,SHZY46,blastn,2,JAHXMC010000011.1,63,105,37446,37487,0.79545,0.014824797843665768,False,2038
CHINA_NINGXIA_2022,SHZY46,blastn,3,JAHXMC010000005.1,2222,2238,87860,87844,1.0,0.0057277628032345014,False,78
CHINA_NINGXIA_2022,SHZY46,blastn,4,JAHXMC010000005.1,86,101,43069,43054,1.0,0.005390835579514825,False,2042
CHINA_NINGXIA_2022,SHZY46,blastn,5,JAHXMC010000004.1,66,99,103414,103379,0.8055599999999999,0.012129380053908356,False,2044
CHINA_NINGXIA_2022,SHZY46,blastn,6,JAHXMC010000004.1,72,93,119128,119107,0.9090900000000001,0.007412398921832884,False,2050
CHINA_NINGXIA_2022,SHZY46,blastn,7,JAHXMC010000004.1,57,89,133633,133601,0.82857,0.01179245283018868,False,2054
CHINA_NINGXIA_2022,SHZY46,blastn,8,JAHXMC010000004.1,80,95,63429,63444,1.0,0.005390835579514825,False,2048
CHINA_NINGXIA_2022,SHZY46,blastn,9,JAHXMC010000004.1,63,83,132283,132303,0.90476,0.007075471698113208,False,2060
CHINA_NINGXIA_2022,SHZY46,blastn,10,JAHXMC010000002.1,85,103,85679,85661,0.9473699999999999,0.006401617250673854,False,2040
CHINA_NINGXIA_2022,SHZY46,blastn,11,JAHXMC010000002.1,71,89,238309,238291,0.9473699999999999,0.006401617250673854,False,2054
CHINA_NINGXIA_2022,SHZY46,blastn,12,JAHXMC010000001.1,80,101,189888,189864,0.88,0.008423180592991913,False,2042
CHINA_NINGXIA_2022,SHZY46,blastn,13,JAHXMC010000001.1,543,558,33391,33406,1.0,0.005390835579514825,False,1585
CHINA_NINGXIA_2022,SHZY46,blastn,14,JAHXMC010000014.1,75,90,2551,2566,1.0,0.005390835579514825,False,2053
CHINA_NINGXIA_2022,SHZY46,blastn,15,JAHXMC010000013.1,50,70,5523,5503,0.90476,0.007075471698113208,False,2073
CHINA_NINGXIA_2022,SHZY47,blastn,1,JAHXMD010000004.1,2222,2238,106500,106516,1.0,0.0057277628032345014,False,78
CHINA_NINGXIA_2022,SHZY47,blastn,2,JAHXMD010000021.1,57,89,5671,5639,0.82857,0.01179245283018868,False,2054
CHINA_NINGXIA_2022,SHZY47,blastn,3,JAHXMD010000021.1,68,86,1391,1373,0.9473699999999999,0.006401617250673854,False,2057
CHINA_NINGXIA_2022,SHZY47,blastn,4,JAHXMD010000021.1,63,83,4321,4341,0.90476,0.007075471698113208,False,2060
CHINA_NINGXIA_2022,SHZY47,blastn,5,JAHXMD010000020.1,72,93,4331,4352,0.9090900000000001,0.007412398921832884,False,2050
CHINA_NINGXIA_2022,SHZY47,blastn,6,JAHXMD010000002.1,603,624,123755,123734,0.9090900000000001,0.007412398921832884,False,1519
CHINA_NINGXIA_2022,SHZY47,blastn,7,JAHXMD010000002.1,2180,2196,157846,157830,1.0,0.0057277628032345014,False,36
CHINA_NINGXIA_2022,SHZY47,blastn,8,JAHXMD010000002.1,1736,1764,113153,113181,0.82759,0.00977088948787062,False,379
CHINA_NINGXIA_2022,SHZY47,blastn,9,JAHXMD010000002.1,80,101,187648,187624,0.88,0.008423180592991913,False,2042
CHINA_NINGXIA_2022,SHZY47,blastn,10,JAHXMD010000002.1,1006,1021,18544,18559,1.0,0.005390835579514825,False,1122
CHINA_NINGXIA_2022,SHZY47,blastn,11,JAHXMD010000002.1,543,558,32887,32902,1.0,0.005390835579514825,False,1585
CHINA_NINGXIA_2022,SHZY47,blastn,12,JAHXMD010000019.1,61,101,9765,9803,0.78049,0.013814016172506738,False,2042
CHINA_NINGXIA_2022,SHZY47,blastn,13,JAHXMD010000009.1,2226,2244,16347,16365,0.9473699999999999,0.006401617250673854,False,82
CHINA_NINGXIA_2022,SHZY47,blastn,14,JAHXMD010000005.1,66,99,11242,11277,0.81081,0.012466307277628033,False,2044
CHINA_NINGXIA_2022,SHZY47,blastn,15,JAHXMD010000005.1,59,82,76621,76598,0.875,0.008086253369272238,False,2061
CHINA_NINGXIA_2022,SHZY47,blastn,16,JAHXMD010000015.1,516,534,13022,13040,0.9473699999999999,0.006401617250673854,False,1609
CHINA_NINGXIA_2022,SHZY47,blastn,17,JAHXMD010000001.1,85,103,91532,91514,0.9473699999999999,0.006401617250673854,False,2040
CHINA_NINGXIA_2022,SHZY47,blastn,18,JAHXMD010000001.1,1187,1202,61219,61234,1.0,0.005390835579514825,False,941
CHINA_NINGXIA_2022,SHZY47,blastn,19,JAHXMD010000001.1,64,84,81341,81361,0.90476,0.007075471698113208,False,2059
CHINA_NINGXIA_2022,SHZY47,blastn,20,JAHXMD010000007.1,50,70,52727,52707,0.90476,0.007075471698113208,False,2073
CHINA_NINGXIA_2022,SHZY48,megablast,1,JAHXME010000003.1,1,2968,111278,108304,0.98992,1.0026954177897573,True,0
CHINA_NINGXIA_2022,SHZY48,blastn,1,JAHXME010000003.1,1,2968,111278,108304,0.98992,1.0026954177897573,True,0
CHINA_NINGXIA_2022,SHZY48,blastn,2,JAHXME010000008.1,55,82,65496,65523,0.85714,0.009433962264150943,False,2061
CHINA_NINGXIA_2022,SHZY48,blastn,3,JAHXME010000001.1,64,105,1995,1956,0.78571,0.014150943396226415,False,2038
CHINA_NINGXIA_2022,SHZY48,blastn,4,JAHXME010000001.1,603,624,537201,537222,0.9090900000000001,0.007412398921832884,False,1519
CHINA_NINGXIA_2022,SHZY48,blastn,5,JAHXME010000001.1,85,103,88948,88930,0.9473699999999999,0.006401617250673854,False,2040
CHINA_NINGXIA_2022,SHZY48,blastn,6,JAHXME010000001.1,80,101,471407,471431,0.88,0.008423180592991913,False,2042
CHINA_NINGXIA_2022,SHZY48,blastn,7,JAHXME010000001.1,64,84,79015,79035,0.90476,0.007075471698113208,False,2059
CHINA_NINGXIA_2022,SHZY48,blastn,8,JAHXME010000001.1,75,90,157236,157251,1.0,0.005390835579514825,False,2053
CHINA_NINGXIA_2022,SHZY48,blastn,9,JAHXME010000007.1,72,93,78038,78017,0.9090900000000001,0.007412398921832884,False,2050
CHINA_NINGXIA_2022,SHZY48,blastn,10,JAHXME010000007.1,66,99,63161,63126,0.81081,0.012466307277628033,False,2044
CHINA_NINGXIA_2022,SHZY48,blastn,11,JAHXME010000007.1,2222,2237,69603,69618,1.0,0.005390835579514825,False,78
CHINA_NINGXIA_2022,SHZY48,blastn,12,JAHXME010000022.1,57,89,874,906,0.82857,0.01179245283018868,False,2054
CHINA_NINGXIA_2022,SHZY48,blastn,13,JAHXME010000022.1,63,83,2224,2204,0.90476,0.007075471698113208,False,2060
CHINA_NINGXIA_2022,SHZY48,blastn,14,JAHXME010000002.1,2222,2238,16930,16914,1.0,0.0057277628032345014,False,78
CHINA_NINGXIA_2022,SHZY48,blastn,15,JAHXME010000002.1,122,143,89140,89162,0.9130400000000001,0.00774932614555256,False,2000
CHINA_NINGXIA_2022,SHZY48,blastn,16,JAHXME010000009.1,2226,2244,4321,4339,0.9473699999999999,0.006401617250673854,False,82
CHINA_NINGXIA_2022,SHZY48,blastn,17,JAHXME010000020.1,177,195,8903,8921,0.9473699999999999,0.006401617250673854,False,1948
CHINA_NINGXIA_2022,SHZY48,blastn,18,JAHXME010000017.1,1736,1764,3231,3259,0.82759,0.00977088948787062,False,379
CHINA_NINGXIA_2022,SHZY48,blastn,19,JAHXME010000010.1,516,534,45067,45049,0.9473699999999999,0.006401617250673854,False,1609
CHINA_NINGXIA_2022,SHZY48,blastn,20,JAHXME010000005.1,543,558,47062,47047,1.0,0.005390835579514825,False,1585
CHINA_NINGXIA_2022,SHZY48,blastn,21,JAHXME010000015.1,50,70,5479,5459,0.90476,0.007075471698113208,False,2073
CHINA_NINGXIA_2022,SHZY48,blastn,22,JAHXME010000011.1,75,90,47310,47295,1.0,0.005390835579514825,False,2053
CHINA_NINGXIA_2022,SHZY49,blastn,1,JAHXMF010000016.1,55,82,32430,32457,0.85714,0.009433962264150943,False,2061
CHINA_NINGXIA_2022,SHZY49,blastn,2,JAHXMF010000009.1,72,93,77261,77240,0.9090900000000001,0.007412398921832884,False,2050
CHINA_NINGXIA_2022,SHZY49,blastn,3,JAHXMF010000009.1,66,99,61680,61645,0.81081,0.012466307277628033,False,2044
CHINA_NINGXIA_2022,SHZY49,blastn,4,JAHXMF010000006.1,63,104,16617,16577,0.7907,0.014487870619946091,False,2039
CHINA_NINGXIA_2022,SHZY49,blastn,5,JAHXMF010000030.1,57,89,873,905,0.82857,0.01179245283018868,False,2054
CHINA_NINGXIA_2022,SHZY49,blastn,6,JAHXMF010000030.1,68,86,5142,5160,0.9473699999999999,0.006401617250673854,False,2057
CHINA_NINGXIA_2022,SHZY49,blastn,7,JAHXMF010000030.1,63,83,2223,2203,0.90476,0.007075471698113208,False,2060
CHINA_NINGXIA_2022,SHZY49,blastn,8,JAHXMF010000024.1,2222,2238,16173,16157,1.0,0.0057277628032345014,False,78
CHINA_NINGXIA_2022,SHZY49,blastn,9,JAHXMF010000001.1,2180,2196,53274,53290,1.0,0.0057277628032345014,False,36
CHINA_NINGXIA_2022,SHZY49,blastn,10,JAHXMF010000001.1,603,624,89266,89287,0.9090900000000001,0.007412398921832884,False,1519
CHINA_NINGXIA_2022,SHZY49,blastn,11,JAHXMF010000001.1,80,101,23433,23457,0.88,0.008423180592991913,False,2042
CHINA_NINGXIA_2022,SHZY49,blastn,12,JAHXMF010000001.1,1736,1764,99821,99793,0.82759,0.00977088948787062,False,379
CHINA_NINGXIA_2022,SHZY49,blastn,13,JAHXMF010000001.1,543,558,180393,180378,1.0,0.005390835579514825,False,1585
CHINA_NINGXIA_2022,SHZY49,blastn,14,JAHXMF010000026.1,61,84,12030,12053,0.875,0.008086253369272238,False,2059
CHINA_NINGXIA_2022,SHZY49,blastn,15,JAHXMF010000018.1,85,103,20991,21009,0.9473699999999999,0.006401617250673854,False,2040
CHINA_NINGXIA_2022,SHZY49,blastn,16,JAHXMF010000017.1,592,610,11929,11947,0.9473699999999999,0.006401617250673854,False,1533
CHINA_NINGXIA_2022,SHZY49,blastn,17,JAHXMF010000012.1,516,534,46563,46545,0.9473699999999999,0.006401617250673854,False,1609
CHINA_NINGXIA_2022,SHZY49,blastn,18,JAHXMF010000011.1,2226,2244,16305,16323,0.9473699999999999,0.006401617250673854,False,82
CHINA_NINGXIA_2022,SHZY49,blastn,19,JAHXMF010000002.1,44,74,80003,80033,0.80645,0.010444743935309973,False,2069
CHINA_NINGXIA_2022,SHZY49,blastn,20,JAHXMF010000013.1,1345,1360,27793,27778,1.0,0.005390835579514825,False,783
CHINA_NINGXIA_2022,SHZY49,blastn,21,JAHXMF010000010.1,1187,1202,61247,61262,1.0,0.005390835579514825,False,941
CHINA_NINGXIA_2022,SHZY50,blastn,1,JAHXMG010000003.1,55,82,76878,76905,0.85714,0.009433962264150943,False,2061
CHINA_NINGXIA_2022,SHZY50,blastn,2,JAHXMG010000003.1,72,93,157173,157152,0.9090900000000001,0.007412398921832884,False,2050
CHINA_NINGXIA_2022,SHZY50,blastn,3,JAHXMG010000003.1,66,99,141725,141690,0.81081,0.012466307277628033,False,2044
CHINA_NINGXIA_2022,SHZY50,blastn,4,JAHXMG010000004.1,2180,2196,47965,47949,1.0,0.0057277628032345014,False,36
CHINA_NINGXIA_2022,SHZY50,blastn,5,JAHXMG010000004.1,1736,1764,3344,3372,0.82759,0.00977088948787062,False,379
CHINA_NINGXIA_2022,SHZY50,blastn,6,JAHXMG010000004.1,80,101,77788,77764,0.88,0.008423180592991913,False,2042
CHINA_NINGXIA_2022,SHZY50,blastn,7,JAHXMG010000002.1,2222,2238,16927,16911,1.0,0.0057277628032345014,False,78
CHINA_NINGXIA_2022,SHZY50,blastn,8,JAHXMG010000002.1,61,84,176835,176858,0.875,0.008086253369272238,False,2059
CHINA_NINGXIA_2022,SHZY50,blastn,9,JAHXMG010000016.1,57,89,10247,10215,0.82857,0.01179245283018868,False,2054
CHINA_NINGXIA_2022,SHZY50,blastn,10,JAHXMG010000016.1,63,83,8897,8917,0.90476,0.007075471698113208,False,2060
CHINA_NINGXIA_2022,SHZY50,blastn,11,JAHXMG010000009.1,516,534,13147,13165,0.9473699999999999,0.006401617250673854,False,1609
CHINA_NINGXIA_2022,SHZY50,blastn,12,JAHXMG010000011.1,2226,2244,4324,4342,0.9473699999999999,0.006401617250673854,False,82
CHINA_NINGXIA_2022,SHZY50,blastn,13,JAHXMG010000001.1,85,103,91286,91268,0.9473699999999999,0.006401617250673854,False,2040
CHINA_NINGXIA_2022,SHZY50,blastn,14,JAHXMG010000001.1,1187,1202,61065,61080,1.0,0.005390835579514825,False,941
CHINA_NINGXIA_2022,SHZY50,blastn,15,JAHXMG010000001.1,64,84,81189,81209,0.90476,0.007075471698113208,False,2059
CHINA_NINGXIA_2022,SHZY50,blastn,16,JAHXMG010000008.1,50,70,64086,64106,0.90476,0.007075471698113208,False,2073
CHINA_NINGXIA_2022,SHZY50,blastn,17,JAHXMG010000006.1,1006,1021,18565,18580,1.0,0.005390835579514825,False,1122
CHINA_NINGXIA_2022,SHZY50,blastn,18,JAHXMG010000006.1,543,558,33386,33401,1.0,0.005390835579514825,False,1585
CHINA_NINGXIA_2022,SHZY50,blastn,19,JAHXMG010000005.1,1345,1360,27641,27626,1.0,0.005390835579514825,False,783
CHINA_NINGXIA_2022,SHZY51,blastn,1,JAHXMH010000013.1,63,105,11265,11224,0.79545,0.014824797843665768,False,2038
CHINA_NINGXIA_2022,SHZY51,blastn,2,JAHXMH010000007.1,84,103,43081,43062,0.95,0.006738544474393531,False,2040
CHINA_NINGXIA_2022,SHZY51,blastn,3,JAHXMH010000007.1,72,93,60430,60409,0.9090900000000001,0.007412398921832884,False,2050
CHINA_NINGXIA_2022,SHZY51,blastn,4,JAHXMH010000007.1,57,89,74866,74834,0.82857,0.01179245283018868,False,2054
CHINA_NINGXIA_2022,SHZY51,blastn,5,JAHXMH010000007.1,66,99,44622,44587,0.81081,0.012466307277628033,False,2044
CHINA_NINGXIA_2022,SHZY51,blastn,6,JAHXMH010000007.1,63,83,73516,73536,0.90476,0.007075471698113208,False,2060
CHINA_NINGXIA_2022,SHZY51,blastn,7,JAHXMH010000017.1,293,312,13570,13551,0.95,0.006738544474393531,False,1831
CHINA_NINGXIA_2022,SHZY51,blastn,8,JAHXMH010000003.1,603,624,5582,5603,0.9090900000000001,0.007412398921832884,False,1519
CHINA_NINGXIA_2022,SHZY51,blastn,9,JAHXMH010000003.1,1736,1764,16139,16111,0.82759,0.00977088948787062,False,379
CHINA_NINGXIA_2022,SHZY51,blastn,10,JAHXMH010000003.1,543,558,96704,96689,1.0,0.005390835579514825,False,1585
CHINA_NINGXIA_2022,SHZY51,blastn,11,JAHXMH010000020.1,61,101,1008,970,0.78049,0.013814016172506738,False,2042
CHINA_NINGXIA_2022,SHZY51,blastn,12,JAHXMH010000002.1,2180,2196,171629,171645,1.0,0.0057277628032345014,False,36
CHINA_NINGXIA_2022,SHZY51,blastn,13,JAHXMH010000002.1,80,101,148765,148789,0.88,0.008423180592991913,False,2042
CHINA_NINGXIA_2022,SHZY51,blastn,14,JAHXMH010000016.1,2226,2244,28373,28355,0.9473699999999999,0.006401617250673854,False,82
CHINA_NINGXIA_2022,SHZY51,blastn,15,JAHXMH010000001.1,87,105,203877,203859,0.9473699999999999,0.006401617250673854,False,2038
CHINA_NINGXIA_2022,SHZY51,blastn,16,JAHXMH010000001.1,85,103,258941,258959,0.9473699999999999,0.006401617250673854,False,2040
CHINA_NINGXIA_2022,SHZY51,blastn,17,JAHXMH010000001.1,80,95,113814,113799,1.0,0.005390835579514825,False,2048
CHINA_NINGXIA_2022,SHZY52,blastn,1,JAHXMI010000016.1,55,82,716,689,0.85714,0.009433962264150943,False,2061
CHINA_NINGXIA_2022,SHZY52,blastn,2,JAHXMI010000016.1,1514,1532,42357,42339,0.9473699999999999,0.006401617250673854,False,611
CHINA_NINGXIA_2022,SHZY52,blastn,3,JAHXMI010000020.1,293,312,13309,13290,0.95,0.006738544474393531,False,1831
CHINA_NINGXIA_2022,SHZY52,blastn,4,JAHXMI010000002.1,80,102,38918,38943,0.8846200000000001,0.00876010781671159,False,2041
CHINA_NINGXIA_2022,SHZY52,blastn,5,JAHXMI010000002.1,2180,2196,68718,68734,1.0,0.0057277628032345014,False,36
CHINA_NINGXIA_2022,SHZY52,blastn,6,JAHXMI010000002.1,1736,1764,115485,115457,0.82759,0.00977088948787062,False,379
CHINA_NINGXIA_2022,SHZY52,blastn,7,JAHXMI010000002.1,543,558,196433,196418,1.0,0.005390835579514825,False,1585
CHINA_NINGXIA_2022,SHZY52,blastn,8,JAHXMI010000009.1,72,93,15370,15391,0.9090900000000001,0.007412398921832884,False,2050
CHINA_NINGXIA_2022,SHZY52,blastn,9,JAHXMI010000009.1,68,86,5098,5116,0.9473699999999999,0.006401617250673854,False,2057
CHINA_NINGXIA_2022,SHZY52,blastn,10,JAHXMI010000009.1,66,99,30752,30787,0.81081,0.012466307277628033,False,2044
CHINA_NINGXIA_2022,SHZY52,blastn,11,JAHXMI010000009.1,63,83,2230,2210,0.90476,0.007075471698113208,False,2060
CHINA_NINGXIA_2022,SHZY52,blastn,12,JAHXMI010000015.1,63,104,37117,37157,0.7907,0.014487870619946091,False,2039
CHINA_NINGXIA_2022,SHZY52,blastn,13,JAHXMI010000003.1,87,105,39521,39503,0.9473699999999999,0.006401617250673854,False,2038
CHINA_NINGXIA_2022,SHZY52,blastn,14,JAHXMI010000003.1,85,103,96102,96120,0.9473699999999999,0.006401617250673854,False,2040
CHINA_NINGXIA_2022,SHZY52,blastn,15,JAHXMI010000003.1,1187,1202,123056,123041,1.0,0.005390835579514825,False,941
CHINA_NINGXIA_2022,SHZY52,blastn,16,JAHXMI010000024.1,61,84,1005,982,0.875,0.008086253369272238,False,2059
CHINA_NINGXIA_2022,SHZY52,blastn,17,JAHXMI010000018.1,2226,2244,4333,4351,0.9473699999999999,0.006401617250673854,False,82
CHINA_NINGXIA_2022,SHZY53,blastn,1,JAHXMJ010000001.1,2634,2653,185072,185091,1.0,0.006738544474393531,False,490
CHINA_NINGXIA_2022,SHZY53,blastn,2,JAHXMJ010000001.1,87,105,170129,170111,0.9473699999999999,0.006401617250673854,False,2038
CHINA_NINGXIA_2022,SHZY53,blastn,3,JAHXMJ010000001.1,85,103,225416,225434,0.9473699999999999,0.006401617250673854,False,2040
CHINA_NINGXIA_2022,SHZY53,blastn,4,JAHXMJ010000001.1,64,84,235527,235507,0.90476,0.007075471698113208,False,2059
CHINA_NINGXIA_2022,SHZY53,blastn,5,JAHXMJ010000020.1,293,312,13326,13307,0.95,0.006738544474393531,False,1831
CHINA_NINGXIA_2022,SHZY53,blastn,6,JAHXMJ010000006.1,2222,2238,21758,21774,1.0,0.0057277628032345014,False,78
CHINA_NINGXIA_2022,SHZY53,blastn,7,JAHXMJ010000028.1,57,89,879,911,0.82857,0.01179245283018868,False,2054
CHINA_NINGXIA_2022,SHZY53,blastn,8,JAHXMJ010000028.1,68,86,5073,5091,0.9473699999999999,0.006401617250673854,False,2057
CHINA_NINGXIA_2022,SHZY53,blastn,9,JAHXMJ010000028.1,63,83,2229,2209,0.90476,0.007075471698113208,False,2060
CHINA_NINGXIA_2022,SHZY53,blastn,10,JAHXMJ010000023.1,603,624,5862,5883,0.9090900000000001,0.007412398921832884,False,1519
CHINA_NINGXIA_2022,SHZY53,blastn,11,JAHXMJ010000023.1,1736,1764,16421,16393,0.82759,0.00977088948787062,False,379
CHINA_NINGXIA_2022,SHZY53,blastn,12,JAHXMJ010000002.1,2180,2196,168184,168200,1.0,0.0057277628032345014,False,36
CHINA_NINGXIA_2022,SHZY53,blastn,13,JAHXMJ010000002.1,80,101,145319,145343,0.88,0.008423180592991913,False,2042
CHINA_NINGXIA_2022,SHZY53,blastn,14,JAHXMJ010000019.1,63,104,11270,11230,0.7907,0.014487870619946091,False,2039
CHINA_NINGXIA_2022,SHZY53,blastn,15,JAHXMJ010000003.1,61,84,1008,985,0.875,0.008086253369272238,False,2059
CHINA_NINGXIA_2022,SHZY53,blastn,16,JAHXMJ010000016.1,59,82,20994,20971,0.875,0.008086253369272238,False,2061
CHINA_NINGXIA_2022,SHZY53,blastn,17,JAHXMJ010000015.1,66,99,18608,18643,0.81081,0.012466307277628033,False,2044
CHINA_NINGXIA_2022,SHZY53,blastn,18,JAHXMJ010000014.1,2226,2244,4371,4389,0.9473699999999999,0.006401617250673854,False,82
CHINA_NINGXIA_2022,SHZY53,blastn,19,JAHXMJ010000009.1,543,558,37138,37123,1.0,0.005390835579514825,False,1585
CHINA_NINGXIA_2022,SHZY54,blastn,1,JAHXMK010000004.1,84,103,88009,88028,0.95,0.006738544474393531,False,2040
CHINA_NINGXIA_2022,SHZY54,blastn,2,JAHXMK010000004.1,64,84,100299,100279,0.90476,0.007075471698113208,False,2059
CHINA_NINGXIA_2022,SHZY54,blastn,3,JAHXMK010000008.1,57,89,880,912,0.82857,0.01179245283018868,False,2054
CHINA_NINGXIA_2022,SHZY54,blastn,4,JAHXMK010000008.1,46,83,2244,2210,0.8157899999999999,0.012803234501347708,False,2060
CHINA_NINGXIA_2022,SHZY54,blastn,5,JAHXMK010000008.1,72,93,15391,15412,0.9090900000000001,0.007412398921832884,False,2050
CHINA_NINGXIA_2022,SHZY54,blastn,6,JAHXMK010000008.1,66,99,30623,30658,0.81081,0.012466307277628033,False,2044
CHINA_NINGXIA_2022,SHZY54,blastn,7,JAHXMK010000002.1,63,104,165335,165295,0.7907,0.014487870619946091,False,2039
CHINA_NINGXIA_2022,SHZY54,blastn,8,JAHXMK010000002.1,80,95,94289,94274,1.0,0.005390835579514825,False,2048
CHINA_NINGXIA_2022,SHZY54,blastn,9,JAHXMK010000001.1,2180,2196,201540,201556,1.0,0.0057277628032345014,False,36
CHINA_NINGXIA_2022,SHZY54,blastn,10,JAHXMK010000001.1,80,101,171729,171753,0.88,0.008423180592991913,False,2042
CHINA_NINGXIA_2022,SHZY54,blastn,11,JAHXMK010000001.1,1006,1021,341130,341115,1.0,0.005390835579514825,False,1122
CHINA_NINGXIA_2022,SHZY54,blastn,12,JAHXMK010000007.1,592,610,71689,71671,0.9473699999999999,0.006401617250673854,False,1533
CHINA_NINGXIA_2022,SHZY54,blastn,13,JAHXMK010000017.1,59,82,34104,34127,0.875,0.008086253369272238,False,2061
CHINA_NINGXIA_2022,SHZY54,blastn,14,JAHXMK010000011.1,2226,2244,62486,62468,0.9473699999999999,0.006401617250673854,False,82
CHINA_NINGXIA_2022,SHZY54,blastn,15,JAHXMK010000010.1,71,91,6055,6035,0.90476,0.007075471698113208,False,2052
CHINA_NINGXIA_2022,SHZY55,blastn,1,JAHXML010000001.1,2636,2653,153120,153103,1.0,0.006064690026954178,False,492
CHINA_NINGXIA_2022,SHZY55,blastn,2,JAHXML010000001.1,87,105,168183,168201,0.9473699999999999,0.006401617250673854,False,2038
CHINA_NINGXIA_2022,SHZY55,blastn,3,JAHXML010000001.1,85,103,279346,279328,0.9473699999999999,0.006401617250673854,False,2040
CHINA_NINGXIA_2022,SHZY55,blastn,4,JAHXML010000001.1,658,678,167972,167992,0.90476,0.007075471698113208,False,1465
CHINA_NINGXIA_2022,SHZY55,blastn,5,JAHXML010000013.1,66,90,28020,27996,0.88,0.008423180592991913,False,2053
CHINA_NINGXIA_2022,SHZY55,blastn,6,JAHXML010000004.1,72,93,109871,109850,0.9090900000000001,0.007412398921832884,False,2050
CHINA_NINGXIA_2022,SHZY55,blastn,7,JAHXML010000004.1,80,98,92506,92488,0.9473699999999999,0.006401617250673854,False,2045
CHINA_NINGXIA_2022,SHZY55,blastn,8,JAHXML010000004.1,66,99,94042,94007,0.81081,0.012466307277628033,False,2044
CHINA_NINGXIA_2022,SHZY55,blastn,9,JAHXML010000026.1,57,89,10359,10327,0.82857,0.01179245283018868,False,2054
CHINA_NINGXIA_2022,SHZY55,blastn,10,JAHXML010000026.1,68,86,6173,6155,0.9473699999999999,0.006401617250673854,False,2057
CHINA_NINGXIA_2022,SHZY55,blastn,11,JAHXML010000002.1,2222,2238,157084,157100,1.0,0.0057277628032345014,False,78
CHINA_NINGXIA_2022,SHZY55,blastn,12,JAHXML010000002.1,122,143,84979,84957,0.9130400000000001,0.00774932614555256,False,2000
CHINA_NINGXIA_2022,SHZY55,blastn,13,JAHXML010000010.1,2226,2244,4166,4184,0.9473699999999999,0.006401617250673854,False,82
CHINA_NINGXIA_2022,SHZY55,blastn,14,JAHXML010000006.1,2104,2119,20695,20680,1.0,0.005390835579514825,False,24
CHINA_NINGXIA_2022,SHZY55,blastn,15,JAHXML010000005.1,75,99,16882,16904,0.88,0.008423180592991913,False,2044
CHINA_NINGXIA_2022,SHZY55,blastn,16,JAHXML010000005.1,1006,1021,18624,18639,1.0,0.005390835579514825,False,1122
CHINA_NINGXIA_2022,SHZY55,blastn,17,JAHXML010000019.1,65,103,20645,20683,0.8,0.013477088948787063,False,2040
CHINA_NINGXIA_2022,SHZY56,megablast,1,JAIBCO010000014.1,1,142,142,1,0.9929600000000001,0.04784366576819407,False,2001
CHINA_NINGXIA_2022,SHZY56,blastn,1,JAIBCO010000014.1,1,142,142,1,0.9929600000000001,0.04784366576819407,False,2001
CHINA_NINGXIA_2022,SHZY56,blastn,2,JAIBCO010000006.1,55,82,11152,11125,0.85714,0.009433962264150943,False,2061
CHINA_NINGXIA_2022,SHZY56,blastn,3,JAIBCO010000088.1,57,89,2289,2321,0.82857,0.01179245283018868,False,2054
CHINA_NINGXIA_2022,SHZY56,blastn,4,JAIBCO010000034.1,72,93,5565,5586,0.9090900000000001,0.007412398921832884,False,2050
CHINA_NINGXIA_2022,SHZY56,blastn,5,JAIBCO010000026.1,2222,2238,17406,17390,1.0,0.0057277628032345014,False,78
CHINA_NINGXIA_2022,SHZY56,blastn,6,JAIBCO010000070.1,2226,2244,6160,6142,0.9473699999999999,0.006401617250673854,False,82
CHINA_NINGXIA_2022,SHZY56,blastn,7,JAIBCO010000059.1,61,84,1008,985,0.875,0.008086253369272238,False,2059
CHINA_NINGXIA_2022,SHZY56,blastn,8,JAIBCO010000027.1,80,101,7292,7268,0.88,0.008423180592991913,False,2042
CHINA_NINGXIA_2022,SHZY56,blastn,9,JAIBCO010000024.1,66,99,14952,14987,0.81081,0.012466307277628033,False,2044
CHINA_NINGXIA_2022,SHZY56,blastn,10,JAIBCO010000017.1,85,103,21818,21800,0.9473699999999999,0.006401617250673854,False,2040
CHINA_NINGXIA_2022,SHZY56,blastn,11,JAIBCO010000017.1,64,84,11813,11833,0.90476,0.007075471698113208,False,2059
CHINA_NINGXIA_2022,SHZY56,blastn,12,JAIBCO010000011.1,75,99,11619,11641,0.88,0.008423180592991913,False,2044
CHINA_NINGXIA_2022,SHZY56,blastn,13,JAIBCO010000011.1,1006,1021,13361,13376,1.0,0.005390835579514825,False,1122
CHINA_NINGXIA_2022,SHZY57,megablast,1,JAHXMM010000027.1,1,2968,4393,1419,0.9889100000000001,1.0026954177897573,True,0
CHINA_NINGXIA_2022,SHZY57,blastn,1,JAHXMM010000027.1,1,2968,4393,1419,0.9889100000000001,1.0026954177897573,True,0
CHINA_NINGXIA_2022,SHZY57,blastn,2,JAHXMM010000013.1,55,82,2783,2756,0.85714,0.009433962264150943,False,2061
CHINA_NINGXIA_2022,SHZY57,blastn,3,JAHXMM010000013.1,1514,1532,44348,44330,0.9473699999999999,0.006401617250673854,False,611
CHINA_NINGXIA_2022,SHZY57,blastn,4,JAHXMM010000007.1,2222,2238,2520,2536,1.0,0.0057277628032345014,False,78
CHINA_NINGXIA_2022,SHZY57,blastn,5,JAHXMM010000002.1,603,624,5294,5315,0.9090900000000001,0.007412398921832884,False,1519
CHINA_NINGXIA_2022,SHZY57,blastn,6,JAHXMM010000002.1,1736,1764,15870,15842,0.82759,0.00977088948787062,False,379
CHINA_NINGXIA_2022,SHZY57,blastn,7,JAHXMM010000002.1,543,558,98015,98000,1.0,0.005390835579514825,False,1585
CHINA_NINGXIA_2022,SHZY57,blastn,8,JAHXMM010000015.1,72,93,61569,61548,0.9090900000000001,0.007412398921832884,False,2050
CHINA_NINGXIA_2022,SHZY57,blastn,9,JAHXMM010000015.1,57,89,76036,76004,0.82857,0.01179245283018868,False,2054
CHINA_NINGXIA_2022,SHZY57,blastn,10,JAHXMM010000015.1,66,99,45771,45736,0.81081,0.012466307277628033,False,2044
CHINA_NINGXIA_2022,SHZY57,blastn,11,JAHXMM010000015.1,68,86,71860,71842,0.9473699999999999,0.006401617250673854,False,2057
CHINA_NINGXIA_2022,SHZY57,blastn,12,JAHXMM010000015.1,63,83,74686,74706,0.90476,0.007075471698113208,False,2060
CHINA_NINGXIA_2022,SHZY57,blastn,13,JAHXMM010000003.1,85,103,111093,111111,0.9473699999999999,0.006401617250673854,False,2040
CHINA_NINGXIA_2022,SHZY57,blastn,14,JAHXMM010000003.1,64,84,121780,121760,0.90476,0.007075471698113208,False,2059
CHINA_NINGXIA_2022,SHZY57,blastn,15,JAHXMM010000025.1,61,84,1006,983,0.875,0.008086253369272238,False,2059
CHINA_NINGXIA_2022,SHZY57,blastn,16,JAHXMM010000016.1,2226,2244,4336,4354,0.9473699999999999,0.006401617250673854,False,82
CHINA_NINGXIA_2022,SHZY57,blastn,17,JAHXMM010000014.1,69,99,63701,63730,0.83871,0.010444743935309973,False,2044
CHINA_NINGXIA_2022,SHZY57,blastn,18,JAHXMM010000001.1,80,101,70469,70493,0.88,0.008423180592991913,False,2042
CHINA_NINGXIA_2022,SHZY58,blastn,1,JAIBCP010000014.1,55,82,4044,4017,0.85714,0.009433962264150943,False,2061
CHINA_NINGXIA_2022,SHZY58,blastn,2,JAIBCP010000014.1,1057,1073,9960,9944,1.0,0.0057277628032345014,False,1070
CHINA_NINGXIA_2022,SHZY58,blastn,3,JAIBCP010000083.1,63,104,1624,1664,0.7907,0.014487870619946091,False,2039
CHINA_NINGXIA_2022,SHZY58,blastn,4,JAIBCP010000079.1,57,89,875,907,0.82857,0.01179245283018868,False,2054
CHINA_NINGXIA_2022,SHZY58,blastn,5,JAIBCP010000079.1,63,83,2225,2205,0.90476,0.007075471698113208,False,2060
CHINA_NINGXIA_2022,SHZY58,blastn,6,JAIBCP010000072.1,57,89,8226,8194,0.82857,0.01179245283018868,False,2054
CHINA_NINGXIA_2022,SHZY58,blastn,7,JAIBCP010000072.1,68,86,4026,4008,0.9473699999999999,0.006401617250673854,False,2057
CHINA_NINGXIA_2022,SHZY58,blastn,8,JAIBCP010000072.1,63,83,6876,6896,0.90476,0.007075471698113208,False,2060
CHINA_NINGXIA_2022,SHZY58,blastn,9,JAIBCP010000018.1,72,93,4716,4737,0.9090900000000001,0.007412398921832884,False,2050
CHINA_NINGXIA_2022,SHZY58,blastn,10,JAIBCP010000018.1,66,99,19962,19997,0.81081,0.012466307277628033,False,2044
CHINA_NINGXIA_2022,SHZY58,blastn,11,JAIBCP010000105.1,2222,2238,2740,2756,1.0,0.0057277628032345014,False,78
CHINA_NINGXIA_2022,SHZY58,blastn,12,JAIBCP010000001.1,603,624,15012,14991,0.9090900000000001,0.007412398921832884,False,1519
CHINA_NINGXIA_2022,SHZY58,blastn,13,JAIBCP010000001.1,2180,2196,49000,48984,1.0,0.0057277628032345014,False,36
CHINA_NINGXIA_2022,SHZY58,blastn,14,JAIBCP010000001.1,1736,1764,4536,4564,0.82759,0.00977088948787062,False,379
CHINA_NINGXIA_2022,SHZY58,blastn,15,JAIBCP010000087.1,61,84,1008,985,0.875,0.008086253369272238,False,2059
CHINA_NINGXIA_2022,SHZY58,blastn,16,JAIBCP010000007.1,87,105,25744,25762,0.9473699999999999,0.006401617250673854,False,2038
CHINA_NINGXIA_2022,SHZY58,blastn,17,JAIBCP010000060.1,85,103,5099,5117,0.9473699999999999,0.006401617250673854,False,2040
CHINA_NINGXIA_2022,SHZY58,blastn,18,JAIBCP010000059.1,85,103,5102,5120,0.9473699999999999,0.006401617250673854,False,2040
CHINA_NINGXIA_2022,SHZY58,blastn,19,JAIBCP010000046.1,516,534,12758,12740,0.9473699999999999,0.006401617250673854,False,1609
CHINA_NINGXIA_2022,SHZY58,blastn,20,JAIBCP010000004.1,2226,2244,4324,4342,0.9473699999999999,0.006401617250673854,False,82
CHINA_NINGXIA_2022,SHZY58,blastn,21,JAIBCP010000020.1,80,101,13011,12987,0.88,0.008423180592991913,False,2042
CHINA_NINGXIA_2022,SHZY58,blastn,22,JAIBCP010000093.1,50,70,5482,5462,0.90476,0.007075471698113208,False,2073
CHINA_NINGXIA_2022,SHZY58,blastn,23,JAIBCP010000009.1,1187,1202,21851,21836,1.0,0.005390835579514825,False,941
CHINA_NINGXIA_2022,SHZY58,blastn,24,JAIBCP010000030.1,75,90,4781,4796,1.0,0.005390835579514825,False,2053
CHINA_NINGXIA_2022,SHZY59,blastn,1,JAHXMN010000014.1,55,82,34109,34136,0.85714,0.009433962264150943,False,2061
CHINA_NINGXIA_2022,SHZY59,blastn,2,JAHXMN010000006.1,603,624,126131,126110,0.9090900000000001,0.007412398921832884,False,1519
CHINA_NINGXIA_2022,SHZY59,blastn,3,JAHXMN010000006.1,1736,1764,115565,115593,0.82759,0.00977088948787062,False,379
CHINA_NINGXIA_2022,SHZY59,blastn,4,JAHXMN010000006.1,1006,1021,18508,18523,1.0,0.005390835579514825,False,1122
CHINA_NINGXIA_2022,SHZY59,blastn,5,JAHXMN010000006.1,543,558,33317,33332,1.0,0.005390835579514825,False,1585
CHINA_NINGXIA_2022,SHZY59,blastn,6,JAHXMN010000001.1,72,93,54179,54158,0.9090900000000001,0.007412398921832884,False,2050
CHINA_NINGXIA_2022,SHZY59,blastn,7,JAHXMN010000001.1,57,89,68677,68645,0.82857,0.01179245283018868,False,2054
CHINA_NINGXIA_2022,SHZY59,blastn,8,JAHXMN010000001.1,2222,2238,168126,168110,1.0,0.0057277628032345014,False,78
CHINA_NINGXIA_2022,SHZY59,blastn,9,JAHXMN010000001.1,66,99,38395,38360,0.81081,0.012466307277628033,False,2044
CHINA_NINGXIA_2022,SHZY59,blastn,10,JAHXMN010000001.1,68,86,64429,64411,0.9473699999999999,0.006401617250673854,False,2057
CHINA_NINGXIA_2022,SHZY59,blastn,11,JAHXMN010000001.1,2226,2244,86840,86858,0.9473699999999999,0.006401617250673854,False,82
CHINA_NINGXIA_2022,SHZY59,blastn,12,JAHXMN010000001.1,592,610,222164,222146,0.9473699999999999,0.006401617250673854,False,1533
CHINA_NINGXIA_2022,SHZY59,blastn,13,JAHXMN010000005.1,87,105,141706,141688,0.9473699999999999,0.006401617250673854,False,2038
CHINA_NINGXIA_2022,SHZY59,blastn,14,JAHXMN010000010.1,85,103,22480,22498,0.9473699999999999,0.006401617250673854,False,2040
CHINA_NINGXIA_2022,SHZY59,blastn,15,JAHXMN010000009.1,1371,1386,6066,6081,1.0,0.005390835579514825,False,757
CHINA_NINGXIA_2022,SHZY60,blastn,1,JAHXMO010000002.1,64,105,269162,269201,0.78571,0.014150943396226415,False,2038
CHINA_NINGXIA_2022,SHZY60,blastn,2,JAHXMO010000002.1,85,103,184810,184828,0.9473699999999999,0.006401617250673854,False,2040
CHINA_NINGXIA_2022,SHZY60,blastn,3,JAHXMO010000016.1,55,82,33813,33840,0.85714,0.009433962264150943,False,2061
CHINA_NINGXIA_2022,SHZY60,blastn,4,JAHXMO010000009.1,72,93,60813,60792,0.9090900000000001,0.007412398921832884,False,2050
CHINA_NINGXIA_2022,SHZY60,blastn,5,JAHXMO010000009.1,57,89,75531,75499,0.82857,0.01179245283018868,False,2054
CHINA_NINGXIA_2022,SHZY60,blastn,6,JAHXMO010000009.1,66,99,45204,45169,0.81081,0.012466307277628033,False,2044
CHINA_NINGXIA_2022,SHZY60,blastn,7,JAHXMO010000009.1,68,86,71283,71265,0.9473699999999999,0.006401617250673854,False,2057
CHINA_NINGXIA_2022,SHZY60,blastn,8,JAHXMO010000008.1,2222,2238,2139,2155,1.0,0.0057277628032345014,False,78
CHINA_NINGXIA_2022,SHZY60,blastn,9,JAHXMO010000001.1,603,624,124685,124664,0.9090900000000001,0.007412398921832884,False,1519
CHINA_NINGXIA_2022,SHZY60,blastn,10,JAHXMO010000001.1,2180,2196,158674,158658,1.0,0.0057277628032345014,False,36
CHINA_NINGXIA_2022,SHZY60,blastn,11,JAHXMO010000001.1,80,101,188474,188450,0.88,0.008423180592991913,False,2042
CHINA_NINGXIA_2022,SHZY60,blastn,12,JAHXMO010000001.1,543,558,33166,33181,1.0,0.005390835579514825,False,1585
CHINA_NINGXIA_2022,SHZY60,blastn,13,JAHXMO010000022.1,61,84,1008,985,0.875,0.008086253369272238,False,2059
CHINA_NINGXIA_2022,SHZY60,blastn,14,JAHXMO010000010.1,2226,2244,64651,64633,0.9473699999999999,0.006401617250673854,False,82
CHINA_NINGXIA_2022,SHZY60,blastn,15,JAHXMO010000012.1,75,90,5152,5167,1.0,0.005390835579514825,False,2053
CHINA_NINGXIA_2022,SHZY60,blastn,16,JAHXMO010000011.1,50,70,5288,5268,0.90476,0.007075471698113208,False,2073
