dataset_id,isolate_id,antibiotic,callable,callable_binary,final_qc_status,contigs,assembly_size_bp,n50_bp,log10_n50_bp,longest_contig_bp,completeness_percent,contamination_percent
CHINA_NINGXIA_2022,SHZY01,clarithromycin,no,0,PASS,21,1551021,115353,5.062028893755278,413133,99.98,0.09
CHINA_NINGXIA_2022,SHZY01,levofloxacin,yes,1,PASS,21,1551021,115353,5.062028893755278,413133,99.98,0.09
CHINA_NINGXIA_2022,SHZY02,clarithromycin,no,0,PASS,26,1566333,70570,4.848620117434134,274193,99.94,0.05
CHINA_NINGXIA_2022,SHZY02,levofloxacin,yes,1,PASS,26,1566333,70570,4.848620117434134,274193,99.94,0.05
CHINA_NINGXIA_2022,SHZY03,clarithromycin,yes,1,PASS,26,1590162,110135,5.041925356132008,193265,99.99,0.01
CHINA_NINGXIA_2022,SHZY03,levofloxacin,yes,1,PASS,26,1590162,110135,5.041925356132008,193265,99.99,0.01
CHINA_NINGXIA_2022,SHZY04,clarithromycin,no,0,PASS,27,1529607,69535,4.8422034589891885,332543,99.95,0.27
CHINA_NINGXIA_2022,SHZY04,levofloxacin,yes,1,PASS,27,1529607,69535,4.8422034589891885,332543,99.95,0.27
CHINA_NINGXIA_2022,SHZY05,clarithromycin,no,0,PASS,22,1569993,138260,5.140696552546414,330555,99.98,0.0
CHINA_NINGXIA_2022,SHZY05,levofloxacin,yes,1,PASS,22,1569993,138260,5.140696552546414,330555,99.98,0.0
CHINA_NINGXIA_2022,SHZY06,clarithromycin,no,0,PASS,21,1541844,110147,5.041972673060201,328836,100.0,0.0
CHINA_NINGXIA_2022,SHZY06,levofloxacin,yes,1,PASS,21,1541844,110147,5.041972673060201,328836,100.0,0.0
CHINA_NINGXIA_2022,SHZY07,clarithromycin,no,0,PASS,41,1639833,83159,4.919909258231664,236745,98.84,0.64
CHINA_NINGXIA_2022,SHZY07,levofloxacin,yes,1,PASS,41,1639833,83159,4.919909258231664,236745,98.84,0.64
CHINA_NINGXIA_2022,SHZY08,clarithromycin,no,0,PASS,63,1782925,48857,4.688926796173115,199520,99.98,2.51
CHINA_NINGXIA_2022,SHZY08,levofloxacin,yes,1,PASS,63,1782925,48857,4.688926796173115,199520,99.98,2.51
CHINA_NINGXIA_2022,SHZY09,clarithromycin,no,0,PASS,27,1672271,104855,5.020589144583294,615399,100.0,1.25
CHINA_NINGXIA_2022,SHZY09,levofloxacin,yes,1,PASS,27,1672271,104855,5.020589144583294,615399,100.0,1.25
CHINA_NINGXIA_2022,SHZY10,clarithromycin,no,0,PASS,24,1588355,105934,5.025035371273884,229445,99.99,0.0
CHINA_NINGXIA_2022,SHZY10,levofloxacin,yes,1,PASS,24,1588355,105934,5.025035371273884,229445,99.99,0.0
CHINA_NINGXIA_2022,SHZY11,clarithromycin,no,0,PASS,18,1601976,165371,5.218459352591252,653009,99.99,0.01
CHINA_NINGXIA_2022,SHZY11,levofloxacin,yes,1,PASS,18,1601976,165371,5.218459352591252,653009,99.99,0.01
CHINA_NINGXIA_2022,SHZY12,clarithromycin,no,0,PASS,30,1585371,158457,5.199911429352911,277443,99.99,0.09
CHINA_NINGXIA_2022,SHZY12,levofloxacin,yes,1,PASS,30,1585371,158457,5.199911429352911,277443,99.99,0.09
CHINA_NINGXIA_2022,SHZY13,clarithromycin,no,0,PASS,29,1617686,146825,5.166800009514994,221361,100.0,0.01
CHINA_NINGXIA_2022,SHZY13,levofloxacin,yes,1,PASS,29,1617686,146825,5.166800009514994,221361,100.0,0.01
CHINA_NINGXIA_2022,SHZY14,clarithromycin,no,0,PASS,25,1593710,157496,5.19726952828443,354807,99.98,0.1
CHINA_NINGXIA_2022,SHZY14,levofloxacin,yes,1,PASS,25,1593710,157496,5.19726952828443,354807,99.98,0.1
CHINA_NINGXIA_2022,SHZY15,clarithromycin,no,0,PASS,40,1616448,57516,4.759788675039412,641228,99.97,0.71
CHINA_NINGXIA_2022,SHZY15,levofloxacin,yes,1,PASS,40,1616448,57516,4.759788675039412,641228,99.97,0.71
CHINA_NINGXIA_2022,SHZY16,clarithromycin,no,0,PASS,30,1568539,69230,4.840294331611436,239249,99.99,0.0
CHINA_NINGXIA_2022,SHZY16,levofloxacin,yes,1,PASS,30,1568539,69230,4.840294331611436,239249,99.99,0.0
CHINA_NINGXIA_2022,SHZY17,clarithromycin,yes,1,PASS,22,1584839,107342,5.030769682816788,363182,99.99,0.3
CHINA_NINGXIA_2022,SHZY17,levofloxacin,yes,1,PASS,22,1584839,107342,5.030769682816788,363182,99.99,0.3
CHINA_NINGXIA_2022,SHZY18,clarithromycin,no,0,PASS,56,1593512,45509,4.658097292565206,168501,99.75,0.01
CHINA_NINGXIA_2022,SHZY18,levofloxacin,yes,1,PASS,56,1593512,45509,4.658097292565206,168501,99.75,0.01
CHINA_NINGXIA_2022,SHZY19,clarithromycin,no,0,PASS,32,1671996,93349,4.970109669935788,255604,99.98,0.14
CHINA_NINGXIA_2022,SHZY19,levofloxacin,yes,1,PASS,32,1671996,93349,4.970109669935788,255604,99.98,0.14
CHINA_NINGXIA_2022,SHZY20,clarithromycin,no,0,PASS,77,1506130,26024,4.4153740502737975,95793,90.98,0.01
CHINA_NINGXIA_2022,SHZY20,levofloxacin,yes,1,PASS,77,1506130,26024,4.4153740502737975,95793,90.98,0.01
CHINA_NINGXIA_2022,SHZY21,clarithromycin,no,0,PASS,35,1554315,81133,4.90919753488772,193853,99.97,0.0
CHINA_NINGXIA_2022,SHZY21,levofloxacin,yes,1,PASS,35,1554315,81133,4.90919753488772,193853,99.97,0.0
CHINA_NINGXIA_2022,SHZY22,clarithromycin,no,0,PASS,28,1659604,105999,5.02530176812769,291820,99.99,0.26
CHINA_NINGXIA_2022,SHZY22,levofloxacin,yes,1,PASS,28,1659604,105999,5.02530176812769,291820,99.99,0.26
CHINA_NINGXIA_2022,SHZY23,clarithromycin,no,0,PASS,21,1626267,164524,5.216229259777144,653100,99.98,0.06
CHINA_NINGXIA_2022,SHZY23,levofloxacin,yes,1,PASS,21,1626267,164524,5.216229259777144,653100,99.98,0.06
CHINA_NINGXIA_2022,SHZY24,clarithromycin,no,0,PASS,37,1670809,72572,4.860769091897789,333023,99.95,0.03
CHINA_NINGXIA_2022,SHZY24,levofloxacin,yes,1,PASS,37,1670809,72572,4.860769091897789,333023,99.95,0.03
CHINA_NINGXIA_2022,SHZY25,clarithromycin,no,0,FAIL,24,1695247,106470,5.027227254067255,371085,99.95,10.09
CHINA_NINGXIA_2022,SHZY25,levofloxacin,no,0,FAIL,24,1695247,106470,5.027227254067255,371085,99.95,10.09
CHINA_NINGXIA_2022,SHZY26,clarithromycin,no,0,PASS,19,1587636,107682,5.032143113195815,549291,100.0,0.0
CHINA_NINGXIA_2022,SHZY26,levofloxacin,yes,1,PASS,19,1587636,107682,5.032143113195815,549291,100.0,0.0
CHINA_NINGXIA_2022,SHZY27,clarithromycin,yes,1,PASS,28,1585070,59689,4.775894302997557,229195,99.99,0.01
CHINA_NINGXIA_2022,SHZY27,levofloxacin,yes,1,PASS,28,1585070,59689,4.775894302997557,229195,99.99,0.01
CHINA_NINGXIA_2022,SHZY28,clarithromycin,no,0,PASS,21,1623431,107470,5.031287248876998,533227,99.98,3.81
CHINA_NINGXIA_2022,SHZY28,levofloxacin,yes,1,PASS,21,1623431,107470,5.031287248876998,533227,99.98,3.81
CHINA_NINGXIA_2022,SHZY29,clarithromycin,no,0,PASS,16,1549400,211325,5.324950877647689,332973,100.0,0.04
CHINA_NINGXIA_2022,SHZY29,levofloxacin,yes,1,PASS,16,1549400,211325,5.324950877647689,332973,100.0,0.04
CHINA_NINGXIA_2022,SHZY30,clarithromycin,no,0,PASS,16,1566046,174274,5.241232599394613,489905,100.0,0.2
CHINA_NINGXIA_2022,SHZY30,levofloxacin,yes,1,PASS,16,1566046,174274,5.241232599394613,489905,100.0,0.2
CHINA_NINGXIA_2022,SHZY31,clarithromycin,no,0,PASS,20,1589338,168670,5.2270378449302255,419998,99.99,0.0
CHINA_NINGXIA_2022,SHZY31,levofloxacin,yes,1,PASS,20,1589338,168670,5.2270378449302255,419998,99.99,0.0
CHINA_NINGXIA_2022,SHZY32,clarithromycin,no,0,PASS,33,1531190,66226,4.821028524782829,168341,99.97,0.19
CHINA_NINGXIA_2022,SHZY32,levofloxacin,yes,1,PASS,33,1531190,66226,4.821028524782829,168341,99.97,0.19
CHINA_NINGXIA_2022,SHZY33,clarithromycin,no,0,PASS,25,1591142,122206,5.087092529171038,240470,99.99,0.2
CHINA_NINGXIA_2022,SHZY33,levofloxacin,yes,1,PASS,25,1591142,122206,5.087092529171038,240470,99.99,0.2
CHINA_NINGXIA_2022,SHZY34,clarithromycin,no,0,PASS,15,1592319,158277,5.199417810005709,378052,99.99,0.0
CHINA_NINGXIA_2022,SHZY34,levofloxacin,yes,1,PASS,15,1592319,158277,5.199417810005709,378052,99.99,0.0
CHINA_NINGXIA_2022,SHZY35,clarithromycin,no,0,PASS,21,1626393,88750,4.948168361727132,275837,99.99,0.0
CHINA_NINGXIA_2022,SHZY35,levofloxacin,yes,1,PASS,21,1626393,88750,4.948168361727132,275837,99.99,0.0
CHINA_NINGXIA_2022,SHZY36,clarithromycin,no,0,PASS,25,1572034,104201,5.017871886836807,311817,99.99,0.01
CHINA_NINGXIA_2022,SHZY36,levofloxacin,yes,1,PASS,25,1572034,104201,5.017871886836807,311817,99.99,0.01
CHINA_NINGXIA_2022,SHZY37,clarithromycin,no,0,PASS,20,1528158,165933,5.2199327651243905,466565,99.99,0.0
CHINA_NINGXIA_2022,SHZY37,levofloxacin,yes,1,PASS,20,1528158,165933,5.2199327651243905,466565,99.99,0.0
CHINA_NINGXIA_2022,SHZY38,clarithromycin,no,0,PASS,43,1697563,65226,4.814420746126459,201594,99.99,0.24
CHINA_NINGXIA_2022,SHZY38,levofloxacin,yes,1,PASS,43,1697563,65226,4.814420746126459,201594,99.99,0.24
CHINA_NINGXIA_2022,SHZY39,clarithromycin,no,0,PASS,31,1588684,83920,4.923865475185502,160145,99.98,0.01
CHINA_NINGXIA_2022,SHZY39,levofloxacin,yes,1,PASS,31,1588684,83920,4.923865475185502,160145,99.98,0.01
CHINA_NINGXIA_2022,SHZY40,clarithromycin,yes,1,PASS,23,1580448,98468,4.9932951169812725,308322,99.98,0.0
CHINA_NINGXIA_2022,SHZY40,levofloxacin,yes,1,PASS,23,1580448,98468,4.9932951169812725,308322,99.98,0.0
CHINA_NINGXIA_2022,SHZY41,clarithromycin,no,0,PASS,36,1614687,87781,4.943400524014174,249973,99.96,0.74
CHINA_NINGXIA_2022,SHZY41,levofloxacin,yes,1,PASS,36,1614687,87781,4.943400524014174,249973,99.96,0.74
CHINA_NINGXIA_2022,SHZY42,clarithromycin,no,0,PASS,27,1573102,93797,4.972188948141525,333220,99.98,0.01
CHINA_NINGXIA_2022,SHZY42,levofloxacin,yes,1,PASS,27,1573102,93797,4.972188948141525,333220,99.98,0.01
CHINA_NINGXIA_2022,SHZY43,clarithromycin,no,0,PASS,19,1579207,109147,5.038011803248539,318143,99.98,0.01
CHINA_NINGXIA_2022,SHZY43,levofloxacin,yes,1,PASS,19,1579207,109147,5.038011803248539,318143,99.98,0.01
CHINA_NINGXIA_2022,SHZY44,clarithromycin,no,0,PASS,20,1541999,181875,5.259773006329983,352473,99.97,0.01
CHINA_NINGXIA_2022,SHZY44,levofloxacin,yes,1,PASS,20,1541999,181875,5.259773006329983,352473,99.97,0.01
CHINA_NINGXIA_2022,SHZY45,clarithromycin,no,0,PASS,20,1639179,105784,5.024419984928034,213348,100.0,3.45
CHINA_NINGXIA_2022,SHZY45,levofloxacin,yes,1,PASS,20,1639179,105784,5.024419984928034,213348,100.0,3.45
CHINA_NINGXIA_2022,SHZY46,clarithromycin,no,0,PASS,17,1613577,161898,5.209241483748254,360199,99.99,0.11
CHINA_NINGXIA_2022,SHZY46,levofloxacin,yes,1,PASS,17,1613577,161898,5.209241483748254,360199,99.99,0.11
CHINA_NINGXIA_2022,SHZY47,clarithromycin,no,0,PASS,22,1580613,123422,5.091392579689178,358766,99.98,0.0
CHINA_NINGXIA_2022,SHZY47,levofloxacin,yes,1,PASS,22,1580613,123422,5.091392579689178,358766,99.98,0.0
CHINA_NINGXIA_2022,SHZY48,clarithromycin,yes,1,PASS,22,1638097,111929,5.048942623688823,560012,99.99,0.14
CHINA_NINGXIA_2022,SHZY48,levofloxacin,yes,1,PASS,22,1638097,111929,5.048942623688823,560012,99.99,0.14
CHINA_NINGXIA_2022,SHZY49,clarithromycin,no,0,PASS,31,1550265,79350,4.899546931090867,213316,99.95,0.0
CHINA_NINGXIA_2022,SHZY49,levofloxacin,yes,1,PASS,31,1550265,79350,4.899546931090867,213316,99.95,0.0
CHINA_NINGXIA_2022,SHZY50,clarithromycin,no,0,PASS,16,1552437,115003,5.060709169627106,430132,100.0,0.1
CHINA_NINGXIA_2022,SHZY50,levofloxacin,yes,1,PASS,16,1552437,115003,5.060709169627106,430132,100.0,0.1
CHINA_NINGXIA_2022,SHZY51,clarithromycin,no,0,PASS,21,1572998,119798,5.078449567667532,347155,99.98,0.0
CHINA_NINGXIA_2022,SHZY51,levofloxacin,yes,1,PASS,21,1572998,119798,5.078449567667532,347155,99.98,0.0
CHINA_NINGXIA_2022,SHZY52,clarithromycin,no,0,PASS,26,1543625,75612,4.878590725662751,240948,99.99,0.0
CHINA_NINGXIA_2022,SHZY52,levofloxacin,yes,1,PASS,26,1543625,75612,4.878590725662751,240948,99.99,0.0
CHINA_NINGXIA_2022,SHZY53,clarithromycin,no,0,PASS,28,1521966,70171,4.846157665660743,314703,99.93,0.0
CHINA_NINGXIA_2022,SHZY53,levofloxacin,yes,1,PASS,28,1521966,70171,4.846157665660743,314703,99.93,0.0
CHINA_NINGXIA_2022,SHZY54,clarithromycin,no,0,PASS,29,1611499,102687,5.011515466132567,359622,99.99,0.07
CHINA_NINGXIA_2022,SHZY54,levofloxacin,yes,1,PASS,29,1611499,102687,5.011515466132567,359622,99.99,0.07
CHINA_NINGXIA_2022,SHZY55,clarithromycin,no,0,PASS,28,1565253,94829,4.976941170818951,302415,99.98,0.09
CHINA_NINGXIA_2022,SHZY55,levofloxacin,yes,1,PASS,28,1565253,94829,4.976941170818951,302415,99.98,0.09
CHINA_NINGXIA_2022,SHZY56,clarithromycin,no,0,FAIL,94,1603341,20543,4.312663866150631,67568,91.49,10.11
CHINA_NINGXIA_2022,SHZY56,levofloxacin,no,0,FAIL,94,1603341,20543,4.312663866150631,67568,91.49,10.11
CHINA_NINGXIA_2022,SHZY57,clarithromycin,yes,1,PASS,27,1606565,80104,4.903654203157319,204316,99.99,0.0
CHINA_NINGXIA_2022,SHZY57,levofloxacin,yes,1,PASS,27,1606565,80104,4.903654203157319,204316,99.99,0.0
CHINA_NINGXIA_2022,SHZY58,clarithromycin,no,0,FAIL,110,1587876,18596,4.269419537511049,56303,86.22,14.21
CHINA_NINGXIA_2022,SHZY58,levofloxacin,no,0,FAIL,110,1587876,18596,4.269419537511049,56303,86.22,14.21
CHINA_NINGXIA_2022,SHZY59,clarithromycin,no,0,PASS,25,1575531,144053,5.15852230718345,234013,99.98,0.01
CHINA_NINGXIA_2022,SHZY59,levofloxacin,yes,1,PASS,25,1575531,144053,5.15852230718345,234013,99.98,0.01
CHINA_NINGXIA_2022,SHZY60,clarithromycin,no,0,PASS,22,1582057,110467,5.043232559845933,377491,99.99,0.53
CHINA_NINGXIA_2022,SHZY60,levofloxacin,yes,1,PASS,22,1582057,110467,5.043232559845933,377491,99.99,0.53
HPGP_GLOBAL,ALG-001,clarithromycin,yes,1,PASS,1,1631355,1631355,6.2125484783700475,1631355,99.99,0.16
HPGP_GLOBAL,ALG-001,levofloxacin,yes,1,PASS,1,1631355,1631355,6.2125484783700475,1631355,99.99,0.16
HPGP_GLOBAL,ALG-002,clarithromycin,yes,1,PASS,1,1636597,1636597,6.213941750747789,1636597,99.99,0.08
HPGP_GLOBAL,ALG-002,levofloxacin,yes,1,PASS,1,1636597,1636597,6.213941750747789,1636597,99.99,0.08
HPGP_GLOBAL,ALG-003,clarithromycin,yes,1,PASS,1,1653596,1653596,6.218429413074947,1653596,100.0,0.05
HPGP_GLOBAL,ALG-003,levofloxacin,yes,1,PASS,1,1653596,1653596,6.218429413074947,1653596,100.0,0.05
HPGP_GLOBAL,ALG-004,clarithromycin,yes,1,PASS,1,1636089,1636089,6.213806924737241,1636089,99.99,0.17
HPGP_GLOBAL,ALG-004,levofloxacin,yes,1,PASS,1,1636089,1636089,6.213806924737241,1636089,99.99,0.17
HPGP_GLOBAL,ALG-005,clarithromycin,yes,1,PASS,1,1563520,1563520,6.194103440957324,1563520,99.99,0.01
HPGP_GLOBAL,ALG-005,levofloxacin,yes,1,PASS,1,1563520,1563520,6.194103440957324,1563520,99.99,0.01
HPGP_GLOBAL,ALG-007,clarithromycin,yes,1,PASS,1,1612412,1612412,6.2074760216283655,1612412,99.99,0.0
HPGP_GLOBAL,ALG-007,levofloxacin,yes,1,PASS,1,1612412,1612412,6.2074760216283655,1612412,99.99,0.0
HPGP_GLOBAL,ALG-008,clarithromycin,yes,1,PASS,1,1641827,1641827,6.215327393402408,1641827,100.0,0.2
HPGP_GLOBAL,ALG-008,levofloxacin,yes,1,PASS,1,1641827,1641827,6.215327393402408,1641827,100.0,0.2
HPGP_GLOBAL,ALG-009,clarithromycin,yes,1,PASS,1,1584247,1584247,6.199822893398868,1584247,99.99,0.03
HPGP_GLOBAL,ALG-009,levofloxacin,yes,1,PASS,1,1584247,1584247,6.199822893398868,1584247,99.99,0.03
HPGP_GLOBAL,ALG-010,clarithromycin,yes,1,PASS,1,1629562,1629562,6.212070888732209,1629562,99.99,0.08
HPGP_GLOBAL,ALG-010,levofloxacin,yes,1,PASS,1,1629562,1629562,6.212070888732209,1629562,99.99,0.08
HPGP_GLOBAL,ARG-001,clarithromycin,yes,1,PASS,1,1624657,1624657,6.210761686095919,1624657,99.99,0.18
HPGP_GLOBAL,ARG-001,levofloxacin,yes,1,PASS,1,1624657,1624657,6.210761686095919,1624657,99.99,0.18
HPGP_GLOBAL,ARG-002,clarithromycin,yes,1,PASS,1,1639097,1639097,6.214604655411999,1639097,100.0,0.28
HPGP_GLOBAL,ARG-002,levofloxacin,yes,1,PASS,1,1639097,1639097,6.214604655411999,1639097,100.0,0.28
HPGP_GLOBAL,ARG-003,clarithromycin,yes,1,PASS,1,1614729,1614729,6.20809964513132,1614729,99.97,0.0
HPGP_GLOBAL,ARG-003,levofloxacin,yes,1,PASS,1,1614729,1614729,6.20809964513132,1614729,99.97,0.0
HPGP_GLOBAL,ARG-004,clarithromycin,yes,1,PASS,1,1564050,1564050,6.194250632596591,1564050,99.99,0.16
HPGP_GLOBAL,ARG-004,levofloxacin,yes,1,PASS,1,1564050,1564050,6.194250632596591,1564050,99.99,0.16
HPGP_GLOBAL,ARG-005,clarithromycin,yes,1,PASS,1,1621840,1621840,6.210008007369242,1621840,99.99,0.38
HPGP_GLOBAL,ARG-005,levofloxacin,yes,1,PASS,1,1621840,1621840,6.210008007369242,1621840,99.99,0.38
HPGP_GLOBAL,ARG-006,clarithromycin,yes,1,PASS,1,1616607,1616607,6.208604454986342,1616607,99.98,0.02
HPGP_GLOBAL,ARG-006,levofloxacin,yes,1,PASS,1,1616607,1616607,6.208604454986342,1616607,99.98,0.02
HPGP_GLOBAL,ARG-007,clarithromycin,yes,1,PASS,1,1696855,1696855,6.22964473248245,1696855,99.98,0.44
HPGP_GLOBAL,ARG-007,levofloxacin,yes,1,PASS,1,1696855,1696855,6.22964473248245,1696855,99.98,0.44
HPGP_GLOBAL,ARG-008,clarithromycin,yes,1,PASS,1,1610666,1610666,6.207005491135726,1610666,99.99,0.0
HPGP_GLOBAL,ARG-008,levofloxacin,yes,1,PASS,1,1610666,1610666,6.207005491135726,1610666,99.99,0.0
HPGP_GLOBAL,ARG-009,clarithromycin,yes,1,PASS,1,1600015,1600015,6.2041240541476075,1600015,99.98,0.0
HPGP_GLOBAL,ARG-009,levofloxacin,yes,1,PASS,1,1600015,1600015,6.2041240541476075,1600015,99.98,0.0
HPGP_GLOBAL,ARG-010,clarithromycin,yes,1,PASS,1,1612084,1612084,6.207387667609284,1612084,99.99,0.08
HPGP_GLOBAL,ARG-010,levofloxacin,yes,1,PASS,1,1612084,1612084,6.207387667609284,1612084,99.99,0.08
HPGP_GLOBAL,BRA-002,clarithromycin,yes,1,PASS,1,1649978,1649978,6.21747815358221,1649978,100.0,0.01
HPGP_GLOBAL,BRA-002,levofloxacin,yes,1,PASS,1,1649978,1649978,6.21747815358221,1649978,100.0,0.01
HPGP_GLOBAL,BRA-006,clarithromycin,yes,1,PASS,1,1674090,1674090,6.223778802195292,1674090,99.99,0.8
HPGP_GLOBAL,BRA-006,levofloxacin,yes,1,PASS,1,1674090,1674090,6.223778802195292,1674090,99.99,0.8
HPGP_GLOBAL,BRA-009,clarithromycin,yes,1,PASS,1,1570607,1570607,6.1960675287170925,1570607,99.99,0.17
HPGP_GLOBAL,BRA-009,levofloxacin,yes,1,PASS,1,1570607,1570607,6.1960675287170925,1570607,99.99,0.17
HPGP_GLOBAL,BRA-010,clarithromycin,yes,1,PASS,1,1676807,1676807,6.224483078313549,1676807,100.0,0.09
HPGP_GLOBAL,BRA-010,levofloxacin,yes,1,PASS,1,1676807,1676807,6.224483078313549,1676807,100.0,0.09
HPGP_GLOBAL,BRA-013,clarithromycin,yes,1,PASS,1,1686871,1686871,6.227081872079184,1686871,99.99,0.01
HPGP_GLOBAL,BRA-013,levofloxacin,yes,1,PASS,1,1686871,1686871,6.227081872079184,1686871,99.99,0.01
HPGP_GLOBAL,BRA-014,clarithromycin,yes,1,PASS,1,1691857,1691857,6.228363652594591,1691857,99.99,0.0
HPGP_GLOBAL,BRA-014,levofloxacin,yes,1,PASS,1,1691857,1691857,6.228363652594591,1691857,99.99,0.0
HPGP_GLOBAL,BRA-017,clarithromycin,yes,1,PASS,1,1611056,1611056,6.207110636675142,1611056,99.99,0.16
HPGP_GLOBAL,BRA-017,levofloxacin,yes,1,PASS,1,1611056,1611056,6.207110636675142,1611056,99.99,0.16
HPGP_GLOBAL,BRA-018,clarithromycin,yes,1,PASS,1,1660087,1660087,6.220130848660445,1660087,99.99,0.02
HPGP_GLOBAL,BRA-018,levofloxacin,yes,1,PASS,1,1660087,1660087,6.220130848660445,1660087,99.99,0.02
HPGP_GLOBAL,BRA-020,clarithromycin,yes,1,PASS,1,1622043,1622043,6.21006236307809,1622043,100.0,0.05
HPGP_GLOBAL,BRA-020,levofloxacin,yes,1,PASS,1,1622043,1622043,6.21006236307809,1622043,100.0,0.05
HPGP_GLOBAL,BRA-022,clarithromycin,yes,1,PASS,1,1633843,1633843,6.213210321774396,1633843,99.99,0.0
HPGP_GLOBAL,BRA-022,levofloxacin,yes,1,PASS,1,1633843,1633843,6.213210321774396,1633843,99.99,0.0
HPGP_GLOBAL,BRA-023,clarithromycin,yes,1,PASS,1,1636227,1636227,6.213843554841753,1636227,100.0,0.08
HPGP_GLOBAL,BRA-023,levofloxacin,yes,1,PASS,1,1636227,1636227,6.213843554841753,1636227,100.0,0.08
HPGP_GLOBAL,BRA-025,clarithromycin,yes,1,PASS,1,1658306,1658306,6.219664672082483,1658306,100.0,0.16
HPGP_GLOBAL,BRA-025,levofloxacin,yes,1,PASS,1,1658306,1658306,6.219664672082483,1658306,100.0,0.16
HPGP_GLOBAL,CHI-001,clarithromycin,yes,1,PASS,1,1641691,1641691,6.215291417324571,1641691,99.99,0.19
HPGP_GLOBAL,CHI-001,levofloxacin,yes,1,PASS,1,1641691,1641691,6.215291417324571,1641691,99.99,0.19
HPGP_GLOBAL,CHI-002,clarithromycin,yes,1,PASS,1,1619936,1619936,6.209497856890847,1619936,99.99,0.06
HPGP_GLOBAL,CHI-002,levofloxacin,yes,1,PASS,1,1619936,1619936,6.209497856890847,1619936,99.99,0.06
HPGP_GLOBAL,CHI-004,clarithromycin,yes,1,PASS,1,1648441,1648441,6.217073407752769,1648441,99.99,0.18
HPGP_GLOBAL,CHI-004,levofloxacin,yes,1,PASS,1,1648441,1648441,6.217073407752769,1648441,99.99,0.18
HPGP_GLOBAL,CHI-005,clarithromycin,yes,1,PASS,1,1663842,1663842,6.221112082900572,1663842,99.99,1.0
HPGP_GLOBAL,CHI-005,levofloxacin,yes,1,PASS,1,1663842,1663842,6.221112082900572,1663842,99.99,1.0
HPGP_GLOBAL,CHI-007,clarithromycin,yes,1,PASS,1,1605929,1605929,6.205726340699929,1605929,99.99,0.24
HPGP_GLOBAL,CHI-007,levofloxacin,yes,1,PASS,1,1605929,1605929,6.205726340699929,1605929,99.99,0.24
HPGP_GLOBAL,CHI-008,clarithromycin,yes,1,PASS,1,1609626,1609626,6.206724978513342,1609626,99.99,0.0
HPGP_GLOBAL,CHI-008,levofloxacin,yes,1,PASS,1,1609626,1609626,6.206724978513342,1609626,99.99,0.0
HPGP_GLOBAL,CHI-010,clarithromycin,yes,1,PASS,1,1639546,1639546,6.214723605980019,1639546,99.99,1.85
HPGP_GLOBAL,CHI-010,levofloxacin,yes,1,PASS,1,1639546,1639546,6.214723605980019,1639546,99.99,1.85
HPGP_GLOBAL,CHI-011,clarithromycin,yes,1,PASS,1,1710266,1710266,6.2330636620576785,1710266,100.0,0.08
HPGP_GLOBAL,CHI-011,levofloxacin,yes,1,PASS,1,1710266,1710266,6.2330636620576785,1710266,100.0,0.08
HPGP_GLOBAL,CHI-014,clarithromycin,yes,1,PASS,1,1663539,1663539,6.221032986921855,1663539,99.98,0.46
HPGP_GLOBAL,CHI-014,levofloxacin,yes,1,PASS,1,1663539,1663539,6.221032986921855,1663539,99.98,0.46
HPGP_GLOBAL,CHI-017,clarithromycin,yes,1,PASS,1,1646264,1646264,6.2164994812709145,1646264,99.99,0.18
HPGP_GLOBAL,CHI-017,levofloxacin,yes,1,PASS,1,1646264,1646264,6.2164994812709145,1646264,99.99,0.18
HPGP_GLOBAL,CHI-018,clarithromycin,yes,1,PASS,1,1672193,1672193,6.223286401092082,1672193,99.98,0.02
HPGP_GLOBAL,CHI-018,levofloxacin,yes,1,PASS,1,1672193,1672193,6.223286401092082,1672193,99.98,0.02
HPGP_GLOBAL,CHI-021,clarithromycin,yes,1,PASS,1,1703098,1703098,6.2312396389400995,1703098,99.99,0.01
HPGP_GLOBAL,CHI-021,levofloxacin,yes,1,PASS,1,1703098,1703098,6.2312396389400995,1703098,99.99,0.01
HPGP_GLOBAL,CHI-022,clarithromycin,yes,1,PASS,1,1666738,1666738,6.221867337022414,1666738,100.0,0.05
HPGP_GLOBAL,CHI-022,levofloxacin,yes,1,PASS,1,1666738,1666738,6.221867337022414,1666738,100.0,0.05
HPGP_GLOBAL,CHI-023,clarithromycin,yes,1,PASS,1,1694593,1694593,6.22906540809727,1694593,99.99,0.18
HPGP_GLOBAL,CHI-023,levofloxacin,yes,1,PASS,1,1694593,1694593,6.22906540809727,1694593,99.99,0.18
HPGP_GLOBAL,CHI-024,clarithromycin,yes,1,PASS,1,1642516,1642516,6.215509608781509,1642516,100.0,0.43
HPGP_GLOBAL,CHI-024,levofloxacin,yes,1,PASS,1,1642516,1642516,6.215509608781509,1642516,100.0,0.43
HPGP_GLOBAL,CHI-101,clarithromycin,yes,1,PASS,1,1663635,1663635,6.221058048592975,1663635,99.99,0.18
HPGP_GLOBAL,CHI-101,levofloxacin,yes,1,PASS,1,1663635,1663635,6.221058048592975,1663635,99.99,0.18
HPGP_GLOBAL,CHI-102,clarithromycin,yes,1,PASS,1,1626475,1626475,6.211247392274811,1626475,99.99,0.03
HPGP_GLOBAL,CHI-102,levofloxacin,yes,1,PASS,1,1626475,1626475,6.211247392274811,1626475,99.99,0.03
HPGP_GLOBAL,CHI-103,clarithromycin,yes,1,PASS,1,1675387,1675387,6.224115141254304,1675387,100.0,0.23
HPGP_GLOBAL,CHI-103,levofloxacin,yes,1,PASS,1,1675387,1675387,6.224115141254304,1675387,100.0,0.23
HPGP_GLOBAL,CHI-104,clarithromycin,yes,1,PASS,1,1627884,1627884,6.21162345463501,1627884,99.98,0.17
HPGP_GLOBAL,CHI-104,levofloxacin,yes,1,PASS,1,1627884,1627884,6.21162345463501,1627884,99.98,0.17
HPGP_GLOBAL,CHI-106,clarithromycin,yes,1,PASS,1,1609314,1609314,6.206640789383517,1609314,99.99,0.05
HPGP_GLOBAL,CHI-106,levofloxacin,yes,1,PASS,1,1609314,1609314,6.206640789383517,1609314,99.99,0.05
HPGP_GLOBAL,CHI-107,clarithromycin,yes,1,PASS,1,1679381,1679381,6.2251492354034355,1679381,100.0,0.08
HPGP_GLOBAL,CHI-107,levofloxacin,yes,1,PASS,1,1679381,1679381,6.2251492354034355,1679381,100.0,0.08
HPGP_GLOBAL,CHI-113,clarithromycin,yes,1,PASS,1,1612588,1612588,6.207523423692794,1612588,99.98,0.21
HPGP_GLOBAL,CHI-113,levofloxacin,yes,1,PASS,1,1612588,1612588,6.207523423692794,1612588,99.98,0.21
HPGP_GLOBAL,CHI-114,clarithromycin,yes,1,PASS,1,1680447,1680447,6.225424819709087,1680447,100.0,0.29
HPGP_GLOBAL,CHI-114,levofloxacin,yes,1,PASS,1,1680447,1680447,6.225424819709087,1680447,100.0,0.29
HPGP_GLOBAL,CHI-119,clarithromycin,yes,1,PASS,1,1687539,1687539,6.227253818415107,1687539,100.0,0.0
HPGP_GLOBAL,CHI-119,levofloxacin,yes,1,PASS,1,1687539,1687539,6.227253818415107,1687539,100.0,0.0
HPGP_GLOBAL,CHI-122,clarithromycin,yes,1,PASS,1,1723149,1723149,6.23632283234066,1723149,99.99,0.01
HPGP_GLOBAL,CHI-122,levofloxacin,yes,1,PASS,1,1723149,1723149,6.23632283234066,1723149,99.99,0.01
HPGP_GLOBAL,CHI-123,clarithromycin,yes,1,PASS,1,1658612,1658612,6.219744803163106,1658612,100.0,0.22
HPGP_GLOBAL,CHI-123,levofloxacin,yes,1,PASS,1,1658612,1658612,6.219744803163106,1658612,100.0,0.22
HPGP_GLOBAL,CHI-124,clarithromycin,yes,1,PASS,1,1678636,1678636,6.224956532749265,1678636,99.99,0.01
HPGP_GLOBAL,CHI-124,levofloxacin,yes,1,PASS,1,1678636,1678636,6.224956532749265,1678636,99.99,0.01
HPGP_GLOBAL,CHI-125,clarithromycin,yes,1,PASS,1,1701069,1701069,6.2307219301390155,1701069,99.99,0.01
HPGP_GLOBAL,CHI-125,levofloxacin,yes,1,PASS,1,1701069,1701069,6.2307219301390155,1701069,99.99,0.01
HPGP_GLOBAL,CHI-126,clarithromycin,yes,1,PASS,1,1665175,1665175,6.22145988201083,1665175,99.98,1.17
HPGP_GLOBAL,CHI-126,levofloxacin,yes,1,PASS,1,1665175,1665175,6.22145988201083,1665175,99.98,1.17
HPGP_GLOBAL,CHI-127,clarithromycin,yes,1,PASS,1,1709795,1709795,6.232944042727924,1709795,99.99,0.06
HPGP_GLOBAL,CHI-127,levofloxacin,yes,1,PASS,1,1709795,1709795,6.232944042727924,1709795,99.99,0.06
HPGP_GLOBAL,CHN-001,clarithromycin,yes,1,PASS,1,1597930,1597930,6.203557750397498,1597930,100.0,0.0
HPGP_GLOBAL,CHN-001,levofloxacin,yes,1,PASS,1,1597930,1597930,6.203557750397498,1597930,100.0,0.0
HPGP_GLOBAL,CHN-002,clarithromycin,yes,1,PASS,1,1583850,1583850,6.1997140489346885,1583850,99.99,0.38
HPGP_GLOBAL,CHN-002,levofloxacin,yes,1,PASS,1,1583850,1583850,6.1997140489346885,1583850,99.99,0.38
HPGP_GLOBAL,CHN-004,clarithromycin,yes,1,PASS,1,1584715,1584715,6.199951168726252,1584715,99.99,0.29
HPGP_GLOBAL,CHN-004,levofloxacin,yes,1,PASS,1,1584715,1584715,6.199951168726252,1584715,99.99,0.29
HPGP_GLOBAL,CHN-005,clarithromycin,yes,1,PASS,1,1637091,1637091,6.214072820950991,1637091,99.99,0.04
HPGP_GLOBAL,CHN-005,levofloxacin,yes,1,PASS,1,1637091,1637091,6.214072820950991,1637091,99.99,0.04
HPGP_GLOBAL,CHN-009,clarithromycin,yes,1,PASS,1,1577879,1577879,6.198073696181925,1577879,99.99,0.0
HPGP_GLOBAL,CHN-009,levofloxacin,yes,1,PASS,1,1577879,1577879,6.198073696181925,1577879,99.99,0.0
HPGP_GLOBAL,CHN-010,clarithromycin,yes,1,PASS,1,1650269,1650269,6.217554741603992,1650269,99.99,0.64
HPGP_GLOBAL,CHN-010,levofloxacin,yes,1,PASS,1,1650269,1650269,6.217554741603992,1650269,99.99,0.64
HPGP_GLOBAL,COL-003,clarithromycin,yes,1,PASS,1,1695443,1695443,6.2292831935823525,1695443,99.99,0.29
HPGP_GLOBAL,COL-003,levofloxacin,yes,1,PASS,1,1695443,1695443,6.2292831935823525,1695443,99.99,0.29
HPGP_GLOBAL,COL-005,clarithromycin,yes,1,PASS,1,1662179,1662179,6.220677791124548,1662179,100.0,0.27
HPGP_GLOBAL,COL-005,levofloxacin,yes,1,PASS,1,1662179,1662179,6.220677791124548,1662179,100.0,0.27
HPGP_GLOBAL,COL-006,clarithromycin,yes,1,PASS,1,1664661,1664661,6.2213258049178615,1664661,99.99,0.03
HPGP_GLOBAL,COL-006,levofloxacin,yes,1,PASS,1,1664661,1664661,6.2213258049178615,1664661,99.99,0.03
HPGP_GLOBAL,COL-008,clarithromycin,yes,1,PASS,1,1665362,1665362,6.221508650763858,1665362,100.0,0.02
HPGP_GLOBAL,COL-008,levofloxacin,yes,1,PASS,1,1665362,1665362,6.221508650763858,1665362,100.0,0.02
HPGP_GLOBAL,CRI-001,clarithromycin,yes,1,PASS,1,1659188,1659188,6.219895598041694,1659188,100.0,0.02
HPGP_GLOBAL,CRI-001,levofloxacin,yes,1,PASS,1,1659188,1659188,6.219895598041694,1659188,100.0,0.02
HPGP_GLOBAL,CRI-002,clarithromycin,yes,1,PASS,1,1701407,1701407,6.230808215265121,1701407,99.99,0.13
HPGP_GLOBAL,CRI-002,levofloxacin,yes,1,PASS,1,1701407,1701407,6.230808215265121,1701407,99.99,0.13
HPGP_GLOBAL,CRI-004,clarithromycin,yes,1,PASS,1,1648254,1648254,6.217024138367398,1648254,100.0,0.0
HPGP_GLOBAL,CRI-004,levofloxacin,yes,1,PASS,1,1648254,1648254,6.217024138367398,1648254,100.0,0.0
HPGP_GLOBAL,CRI-005,clarithromycin,yes,1,PASS,1,1736392,1736392,6.23964777626603,1736392,99.99,0.14
HPGP_GLOBAL,CRI-005,levofloxacin,yes,1,PASS,1,1736392,1736392,6.23964777626603,1736392,99.99,0.14
HPGP_GLOBAL,CRI-006,clarithromycin,yes,1,PASS,1,1676547,1676547,6.224415732864473,1676547,99.99,0.08
HPGP_GLOBAL,CRI-006,levofloxacin,yes,1,PASS,1,1676547,1676547,6.224415732864473,1676547,99.99,0.08
HPGP_GLOBAL,FRA-001,clarithromycin,yes,1,PASS,1,1744811,1744811,6.241748390548774,1744811,99.99,0.72
HPGP_GLOBAL,FRA-001,levofloxacin,yes,1,PASS,1,1744811,1744811,6.241748390548774,1744811,99.99,0.72
HPGP_GLOBAL,FRA-002,clarithromycin,yes,1,PASS,1,1650725,1650725,6.21767472866547,1650725,100.0,0.0
HPGP_GLOBAL,FRA-002,levofloxacin,yes,1,PASS,1,1650725,1650725,6.21767472866547,1650725,100.0,0.0
HPGP_GLOBAL,FRA-003,clarithromycin,yes,1,PASS,1,1601763,1601763,6.2045982574370235,1601763,100.0,0.22
HPGP_GLOBAL,FRA-003,levofloxacin,yes,1,PASS,1,1601763,1601763,6.2045982574370235,1601763,100.0,0.22
HPGP_GLOBAL,FRA-004,clarithromycin,yes,1,PASS,1,1605735,1605735,6.205673873736018,1605735,99.98,0.63
HPGP_GLOBAL,FRA-004,levofloxacin,yes,1,PASS,1,1605735,1605735,6.205673873736018,1605735,99.98,0.63
HPGP_GLOBAL,FRA-005,clarithromycin,yes,1,PASS,1,1613824,1613824,6.207856169793349,1613824,99.99,0.47
HPGP_GLOBAL,FRA-005,levofloxacin,yes,1,PASS,1,1613824,1613824,6.207856169793349,1613824,99.99,0.47
HPGP_GLOBAL,FRA-006,clarithromycin,yes,1,PASS,1,1575650,1575650,6.197459753794603,1575650,99.98,0.05
HPGP_GLOBAL,FRA-006,levofloxacin,yes,1,PASS,1,1575650,1575650,6.197459753794603,1575650,99.98,0.05
HPGP_GLOBAL,FRA-007,clarithromycin,yes,1,PASS,1,1722160,1722160,6.23607349780817,1722160,100.0,0.27
HPGP_GLOBAL,FRA-007,levofloxacin,yes,1,PASS,1,1722160,1722160,6.23607349780817,1722160,100.0,0.27
HPGP_GLOBAL,FRA-008,clarithromycin,yes,1,PASS,1,1576068,1576068,6.197574951343686,1576068,99.99,0.06
HPGP_GLOBAL,FRA-008,levofloxacin,yes,1,PASS,1,1576068,1576068,6.197574951343686,1576068,99.99,0.06
HPGP_GLOBAL,FRA-009,clarithromycin,yes,1,PASS,1,1624113,1624113,6.210616242620165,1624113,100.0,0.19
HPGP_GLOBAL,FRA-009,levofloxacin,yes,1,PASS,1,1624113,1624113,6.210616242620165,1624113,100.0,0.19
HPGP_GLOBAL,FRA-010,clarithromycin,yes,1,PASS,1,1574338,1574338,6.197097978198502,1574338,99.98,0.0
HPGP_GLOBAL,FRA-010,levofloxacin,yes,1,PASS,1,1574338,1574338,6.197097978198502,1574338,99.98,0.0
HPGP_GLOBAL,FRA-011,clarithromycin,yes,1,PASS,1,1633195,1633195,6.213038041667483,1633195,99.99,0.05
HPGP_GLOBAL,FRA-011,levofloxacin,yes,1,PASS,1,1633195,1633195,6.213038041667483,1633195,99.99,0.05
HPGP_GLOBAL,FRA-012,clarithromycin,yes,1,PASS,1,1642672,1642672,6.215550854481437,1642672,99.99,0.11
HPGP_GLOBAL,FRA-012,levofloxacin,yes,1,PASS,1,1642672,1642672,6.215550854481437,1642672,99.99,0.11
HPGP_GLOBAL,FRA-013,clarithromycin,yes,1,PASS,1,1610323,1610323,6.206912995937602,1610323,100.0,0.0
HPGP_GLOBAL,FRA-013,levofloxacin,yes,1,PASS,1,1610323,1610323,6.206912995937602,1610323,100.0,0.0
HPGP_GLOBAL,FRA-014,clarithromycin,yes,1,PASS,1,1655118,1655118,6.218828961810848,1655118,99.99,0.12
HPGP_GLOBAL,FRA-014,levofloxacin,yes,1,PASS,1,1655118,1655118,6.218828961810848,1655118,99.99,0.12
HPGP_GLOBAL,FRA-015,clarithromycin,yes,1,PASS,1,1673169,1673169,6.223539809498326,1673169,100.0,1.35
HPGP_GLOBAL,FRA-015,levofloxacin,yes,1,PASS,1,1673169,1673169,6.223539809498326,1673169,100.0,1.35
HPGP_GLOBAL,FRA-016,clarithromycin,yes,1,PASS,1,1635235,1635235,6.213580174041822,1635235,100.0,0.07
HPGP_GLOBAL,FRA-016,levofloxacin,yes,1,PASS,1,1635235,1635235,6.213580174041822,1635235,100.0,0.07
HPGP_GLOBAL,FRA-017,clarithromycin,yes,1,PASS,1,1650093,1650093,6.217508421940338,1650093,99.99,0.0
HPGP_GLOBAL,FRA-017,levofloxacin,yes,1,PASS,1,1650093,1650093,6.217508421940338,1650093,99.99,0.0
HPGP_GLOBAL,FRA-018,clarithromycin,yes,1,PASS,1,1658715,1658715,6.219771772064061,1658715,99.99,0.23
HPGP_GLOBAL,FRA-018,levofloxacin,yes,1,PASS,1,1658715,1658715,6.219771772064061,1658715,99.99,0.23
HPGP_GLOBAL,FRA-019,clarithromycin,yes,1,PASS,1,1644820,1644820,6.216118378101192,1644820,100.0,0.03
HPGP_GLOBAL,FRA-019,levofloxacin,yes,1,PASS,1,1644820,1644820,6.216118378101192,1644820,100.0,0.03
HPGP_GLOBAL,FRA-020,clarithromycin,yes,1,PASS,1,1624748,1624748,6.210786011040248,1624748,99.98,0.15
HPGP_GLOBAL,FRA-020,levofloxacin,yes,1,PASS,1,1624748,1624748,6.210786011040248,1624748,99.98,0.15
HPGP_GLOBAL,FRA-021,clarithromycin,yes,1,PASS,1,1611565,1611565,6.20724782680276,1611565,99.99,0.45
HPGP_GLOBAL,FRA-021,levofloxacin,yes,1,PASS,1,1611565,1611565,6.20724782680276,1611565,99.99,0.45
HPGP_GLOBAL,GER-004,clarithromycin,yes,1,PASS,1,1634559,1634559,6.213400601216164,1634559,99.99,0.03
HPGP_GLOBAL,GER-004,levofloxacin,yes,1,PASS,1,1634559,1634559,6.213400601216164,1634559,99.99,0.03
HPGP_GLOBAL,GER-005,clarithromycin,yes,1,PASS,1,1615104,1615104,6.208200492717833,1615104,100.0,0.04
HPGP_GLOBAL,GER-005,levofloxacin,yes,1,PASS,1,1615104,1615104,6.208200492717833,1615104,100.0,0.04
HPGP_GLOBAL,GER-006,clarithromycin,yes,1,PASS,1,1543005,1543005,6.188367333366383,1543005,99.99,0.0
HPGP_GLOBAL,GER-006,levofloxacin,yes,1,PASS,1,1543005,1543005,6.188367333366383,1543005,99.99,0.0
HPGP_GLOBAL,GER-010,clarithromycin,yes,1,PASS,1,1621357,1621357,6.209878650912444,1621357,99.99,0.0
HPGP_GLOBAL,GER-010,levofloxacin,yes,1,PASS,1,1621357,1621357,6.209878650912444,1621357,99.99,0.0
HPGP_GLOBAL,GER-012,clarithromycin,yes,1,PASS,1,1689774,1689774,6.227828623479813,1689774,99.98,0.28
HPGP_GLOBAL,GER-012,levofloxacin,yes,1,PASS,1,1689774,1689774,6.227828623479813,1689774,99.98,0.28
HPGP_GLOBAL,GER-013,clarithromycin,yes,1,PASS,1,1613794,1613794,6.207848096449813,1613794,99.99,0.0
HPGP_GLOBAL,GER-013,levofloxacin,yes,1,PASS,1,1613794,1613794,6.207848096449813,1613794,99.99,0.0
HPGP_GLOBAL,GER-015,clarithromycin,yes,1,PASS,1,1699243,1699243,6.2302554895299265,1699243,99.99,0.22
HPGP_GLOBAL,GER-015,levofloxacin,yes,1,PASS,1,1699243,1699243,6.2302554895299265,1699243,99.99,0.22
HPGP_GLOBAL,GER-018,clarithromycin,yes,1,PASS,1,1611610,1611610,6.207259953511168,1611610,99.98,0.06
HPGP_GLOBAL,GER-018,levofloxacin,yes,1,PASS,1,1611610,1611610,6.207259953511168,1611610,99.98,0.06
HPGP_GLOBAL,GER-019,clarithromycin,yes,1,PASS,1,1600009,1600009,6.204122425555515,1600009,99.99,0.31
HPGP_GLOBAL,GER-019,levofloxacin,yes,1,PASS,1,1600009,1600009,6.204122425555515,1600009,99.99,0.31
HPGP_GLOBAL,GER-021,clarithromycin,yes,1,PASS,1,1641301,1641301,6.215188234101013,1641301,99.98,0.09
HPGP_GLOBAL,GER-021,levofloxacin,yes,1,PASS,1,1641301,1641301,6.215188234101013,1641301,99.98,0.09
HPGP_GLOBAL,GMB-004,clarithromycin,yes,1,PASS,1,1637745,1637745,6.214246282214358,1637745,100.0,0.01
HPGP_GLOBAL,GMB-004,levofloxacin,yes,1,PASS,1,1637745,1637745,6.214246282214358,1637745,100.0,0.01
HPGP_GLOBAL,GMB-007,clarithromycin,yes,1,PASS,1,1681498,1681498,6.225696355094318,1681498,100.0,0.02
HPGP_GLOBAL,GMB-007,levofloxacin,yes,1,PASS,1,1681498,1681498,6.225696355094318,1681498,100.0,0.02
HPGP_GLOBAL,GMB-008,clarithromycin,yes,1,PASS,1,1686815,1686815,6.227067454323063,1686815,99.99,0.01
HPGP_GLOBAL,GMB-008,levofloxacin,yes,1,PASS,1,1686815,1686815,6.227067454323063,1686815,99.99,0.01
HPGP_GLOBAL,GMB-009,clarithromycin,yes,1,PASS,1,1606286,1606286,6.205822874170247,1606286,100.0,0.01
HPGP_GLOBAL,GMB-009,levofloxacin,yes,1,PASS,1,1606286,1606286,6.205822874170247,1606286,100.0,0.01
HPGP_GLOBAL,GRE-001,clarithromycin,yes,1,PASS,1,1655996,1655996,6.219059283427106,1655996,99.99,0.02
HPGP_GLOBAL,GRE-001,levofloxacin,yes,1,PASS,1,1655996,1655996,6.219059283427106,1655996,99.99,0.02
HPGP_GLOBAL,GRE-003,clarithromycin,yes,1,PASS,1,1628560,1628560,6.2118037636309476,1628560,99.99,0.17
HPGP_GLOBAL,GRE-003,levofloxacin,yes,1,PASS,1,1628560,1628560,6.2118037636309476,1628560,99.99,0.17
HPGP_GLOBAL,GRE-004,clarithromycin,yes,1,PASS,1,1589805,1589805,6.201343858523287,1589805,99.98,1.61
HPGP_GLOBAL,GRE-004,levofloxacin,yes,1,PASS,1,1589805,1589805,6.201343858523287,1589805,99.98,1.61
HPGP_GLOBAL,GRE-008,clarithromycin,yes,1,PASS,1,1672291,1672291,6.223311852467684,1672291,100.0,0.08
HPGP_GLOBAL,GRE-008,levofloxacin,yes,1,PASS,1,1672291,1672291,6.223311852467684,1672291,100.0,0.08
HPGP_GLOBAL,GRE-012,clarithromycin,yes,1,PASS,1,1588490,1588490,6.200984485163488,1588490,100.0,0.0
HPGP_GLOBAL,GRE-012,levofloxacin,yes,1,PASS,1,1588490,1588490,6.200984485163488,1588490,100.0,0.0
HPGP_GLOBAL,GRE-019,clarithromycin,yes,1,PASS,1,1673893,1673893,6.223727693206367,1673893,99.98,0.08
HPGP_GLOBAL,GRE-019,levofloxacin,yes,1,PASS,1,1673893,1673893,6.223727693206367,1673893,99.98,0.08
HPGP_GLOBAL,GRE-020,clarithromycin,yes,1,PASS,1,1592179,1592179,6.201991891506064,1592179,99.99,0.03
HPGP_GLOBAL,GRE-020,levofloxacin,yes,1,PASS,1,1592179,1592179,6.201991891506064,1592179,99.99,0.03
HPGP_GLOBAL,GRE-041,clarithromycin,yes,1,PASS,1,1626901,1626901,6.211361126101057,1626901,99.96,0.46
HPGP_GLOBAL,GRE-041,levofloxacin,yes,1,PASS,1,1626901,1626901,6.211361126101057,1626901,99.96,0.46
HPGP_GLOBAL,GRE-044,clarithromycin,yes,1,PASS,1,1688552,1688552,6.227514439543726,1688552,99.97,0.3
HPGP_GLOBAL,GRE-044,levofloxacin,yes,1,PASS,1,1688552,1688552,6.227514439543726,1688552,99.97,0.3
HPGP_GLOBAL,GRE-046,clarithromycin,yes,1,PASS,1,1626936,1626936,6.211370469105557,1626936,99.95,0.92
HPGP_GLOBAL,GRE-046,levofloxacin,yes,1,PASS,1,1626936,1626936,6.211370469105557,1626936,99.95,0.92
HPGP_GLOBAL,GTM-004,clarithromycin,yes,1,PASS,1,1717839,1717839,6.2349824582798075,1717839,99.99,0.12
HPGP_GLOBAL,GTM-004,levofloxacin,yes,1,PASS,1,1717839,1717839,6.2349824582798075,1717839,99.99,0.12
HPGP_GLOBAL,GTM-010,clarithromycin,yes,1,PASS,1,1657923,1657923,6.2195643564605465,1657923,99.99,0.02
HPGP_GLOBAL,GTM-010,levofloxacin,yes,1,PASS,1,1657923,1657923,6.2195643564605465,1657923,99.99,0.02
HPGP_GLOBAL,HON-003,clarithromycin,yes,1,PASS,1,1685063,1685063,6.226616142620346,1685063,100.0,0.01
HPGP_GLOBAL,HON-003,levofloxacin,yes,1,PASS,1,1685063,1685063,6.226616142620346,1685063,100.0,0.01
HPGP_GLOBAL,HON-004,clarithromycin,yes,1,PASS,1,1630226,1630226,6.21224781529306,1630226,100.0,0.0
HPGP_GLOBAL,HON-004,levofloxacin,yes,1,PASS,1,1630226,1630226,6.21224781529306,1630226,100.0,0.0
HPGP_GLOBAL,HON-005,clarithromycin,yes,1,PASS,1,1668680,1668680,6.222373060730304,1668680,99.99,0.1
HPGP_GLOBAL,HON-005,levofloxacin,yes,1,PASS,1,1668680,1668680,6.222373060730304,1668680,99.99,0.1
HPGP_GLOBAL,HON-006,clarithromycin,yes,1,PASS,1,1661292,1661292,6.22044597371763,1661292,99.99,0.08
HPGP_GLOBAL,HON-006,levofloxacin,yes,1,PASS,1,1661292,1661292,6.22044597371763,1661292,99.99,0.08
HPGP_GLOBAL,HON-007,clarithromycin,yes,1,PASS,1,1685659,1685659,6.226769723671475,1685659,100.0,0.02
HPGP_GLOBAL,HON-007,levofloxacin,yes,1,PASS,1,1685659,1685659,6.226769723671475,1685659,100.0,0.02
HPGP_GLOBAL,HON-009,clarithromycin,yes,1,PASS,1,1626855,1626855,6.211348846418026,1626855,99.94,0.08
HPGP_GLOBAL,HON-009,levofloxacin,yes,1,PASS,1,1626855,1626855,6.211348846418026,1626855,99.94,0.08
HPGP_GLOBAL,HON-015,clarithromycin,yes,1,PASS,1,1612896,1612896,6.207606364858109,1612896,100.0,0.01
HPGP_GLOBAL,HON-015,levofloxacin,yes,1,PASS,1,1612896,1612896,6.207606364858109,1612896,100.0,0.01
HPGP_GLOBAL,HON-017,clarithromycin,yes,1,PASS,1,1640975,1640975,6.215101964694317,1640975,99.99,0.0
HPGP_GLOBAL,HON-017,levofloxacin,yes,1,PASS,1,1640975,1640975,6.215101964694317,1640975,99.99,0.0
HPGP_GLOBAL,HON-018,clarithromycin,yes,1,PASS,1,1644126,1644126,6.215935097272067,1644126,100.0,0.01
HPGP_GLOBAL,HON-018,levofloxacin,yes,1,PASS,1,1644126,1644126,6.215935097272067,1644126,100.0,0.01
HPGP_GLOBAL,HON-019,clarithromycin,yes,1,PASS,1,1652372,1652372,6.21810782710065,1652372,99.99,0.0
HPGP_GLOBAL,HON-019,levofloxacin,yes,1,PASS,1,1652372,1652372,6.21810782710065,1652372,99.99,0.0
HPGP_GLOBAL,HON-020,clarithromycin,yes,1,PASS,1,1632447,1632447,6.212839090111774,1632447,100.0,0.03
HPGP_GLOBAL,HON-020,levofloxacin,yes,1,PASS,1,1632447,1632447,6.212839090111774,1632447,100.0,0.03
HPGP_GLOBAL,HON-021,clarithromycin,yes,1,PASS,1,1687777,1687777,6.227315064287709,1687777,100.0,0.18
HPGP_GLOBAL,HON-021,levofloxacin,yes,1,PASS,1,1687777,1687777,6.227315064287709,1687777,100.0,0.18
HPGP_GLOBAL,HON-024,clarithromycin,yes,1,PASS,1,1586336,1586336,6.200395180138548,1586336,99.99,0.03
HPGP_GLOBAL,HON-024,levofloxacin,yes,1,PASS,1,1586336,1586336,6.200395180138548,1586336,99.99,0.03
HPGP_GLOBAL,HON-025,clarithromycin,yes,1,PASS,1,1678645,1678645,6.224958861211098,1678645,100.0,0.16
HPGP_GLOBAL,HON-025,levofloxacin,yes,1,PASS,1,1678645,1678645,6.224958861211098,1678645,100.0,0.16
HPGP_GLOBAL,HON-027,clarithromycin,yes,1,PASS,1,1595943,1595943,6.20301737622052,1595943,99.98,0.0
HPGP_GLOBAL,HON-027,levofloxacin,yes,1,PASS,1,1595943,1595943,6.20301737622052,1595943,99.98,0.0
HPGP_GLOBAL,IND-005,clarithromycin,yes,1,PASS,1,1594733,1594733,6.202687981228177,1594733,99.98,0.0
HPGP_GLOBAL,IND-005,levofloxacin,yes,1,PASS,1,1594733,1594733,6.202687981228177,1594733,99.98,0.0
HPGP_GLOBAL,IND-006,clarithromycin,yes,1,PASS,1,1670468,1670468,6.22283816057485,1670468,99.96,0.27
HPGP_GLOBAL,IND-006,levofloxacin,yes,1,PASS,1,1670468,1670468,6.22283816057485,1670468,99.96,0.27
HPGP_GLOBAL,IND-007,clarithromycin,yes,1,PASS,1,1634213,1634213,6.213308660945445,1634213,100.0,0.02
HPGP_GLOBAL,IND-007,levofloxacin,yes,1,PASS,1,1634213,1634213,6.213308660945445,1634213,100.0,0.02
HPGP_GLOBAL,IND-008,clarithromycin,yes,1,PASS,1,1629937,1629937,6.21217081846462,1629937,99.98,0.25
HPGP_GLOBAL,IND-008,levofloxacin,yes,1,PASS,1,1629937,1629937,6.21217081846462,1629937,99.98,0.25
HPGP_GLOBAL,IND-009,clarithromycin,yes,1,PASS,1,1626935,1626935,6.2113702021653605,1626935,99.99,0.0
HPGP_GLOBAL,IND-009,levofloxacin,yes,1,PASS,1,1626935,1626935,6.2113702021653605,1626935,99.99,0.0
HPGP_GLOBAL,ISL-002,clarithromycin,yes,1,PASS,1,1603320,1603320,6.205020210042629,1603320,99.99,0.01
HPGP_GLOBAL,ISL-002,levofloxacin,yes,1,PASS,1,1603320,1603320,6.205020210042629,1603320,99.99,0.01
HPGP_GLOBAL,ISL-004,clarithromycin,yes,1,PASS,1,1589350,1589350,6.2012195462512425,1589350,99.98,0.24
HPGP_GLOBAL,ISL-004,levofloxacin,yes,1,PASS,1,1589350,1589350,6.2012195462512425,1589350,99.98,0.24
HPGP_GLOBAL,ISL-005,clarithromycin,yes,1,PASS,1,1622439,1622439,6.210168377298966,1622439,99.98,0.47
HPGP_GLOBAL,ISL-005,levofloxacin,yes,1,PASS,1,1622439,1622439,6.210168377298966,1622439,99.98,0.47
HPGP_GLOBAL,ISL-007,clarithromycin,yes,1,PASS,1,1582374,1582374,6.199309138415582,1582374,99.99,0.08
HPGP_GLOBAL,ISL-007,levofloxacin,yes,1,PASS,1,1582374,1582374,6.199309138415582,1582374,99.99,0.08
HPGP_GLOBAL,ISL-009,clarithromycin,yes,1,PASS,1,1568124,1568124,6.195380401707154,1568124,99.99,0.13
HPGP_GLOBAL,ISL-009,levofloxacin,yes,1,PASS,1,1568124,1568124,6.195380401707154,1568124,99.99,0.13
HPGP_GLOBAL,ISR-002,clarithromycin,yes,1,PASS,1,1639305,1639305,6.2146597635118335,1639305,99.99,0.35
HPGP_GLOBAL,ISR-002,levofloxacin,yes,1,PASS,1,1639305,1639305,6.2146597635118335,1639305,99.99,0.35
HPGP_GLOBAL,ISR-004,clarithromycin,yes,1,PASS,1,1642907,1642907,6.215612980032776,1642907,99.99,0.12
HPGP_GLOBAL,ISR-004,levofloxacin,yes,1,PASS,1,1642907,1642907,6.215612980032776,1642907,99.99,0.12
HPGP_GLOBAL,ISR-006,clarithromycin,yes,1,PASS,1,1625394,1625394,6.210958652259619,1625394,100.0,0.36
HPGP_GLOBAL,ISR-006,levofloxacin,yes,1,PASS,1,1625394,1625394,6.210958652259619,1625394,100.0,0.36
HPGP_GLOBAL,ITA-002,clarithromycin,yes,1,PASS,1,1622199,1622199,6.210104129345359,1622199,99.99,0.14
HPGP_GLOBAL,ITA-002,levofloxacin,yes,1,PASS,1,1622199,1622199,6.210104129345359,1622199,99.99,0.14
HPGP_GLOBAL,ITA-003,clarithromycin,yes,1,PASS,1,1614725,1614725,6.208098569297493,1614725,99.99,0.08
HPGP_GLOBAL,ITA-003,levofloxacin,yes,1,PASS,1,1614725,1614725,6.208098569297493,1614725,99.99,0.08
HPGP_GLOBAL,ITA-004,clarithromycin,yes,1,PASS,1,1633683,1633683,6.213167789829946,1633683,99.99,0.19
HPGP_GLOBAL,ITA-004,levofloxacin,yes,1,PASS,1,1633683,1633683,6.213167789829946,1633683,99.99,0.19
HPGP_GLOBAL,ITA-006,clarithromycin,yes,1,PASS,1,1592030,1592030,6.201951247265783,1592030,99.99,0.07
HPGP_GLOBAL,ITA-006,levofloxacin,yes,1,PASS,1,1592030,1592030,6.201951247265783,1592030,99.99,0.07
HPGP_GLOBAL,ITA-007,clarithromycin,yes,1,PASS,1,1612055,1612055,6.207379854956061,1612055,99.98,0.08
HPGP_GLOBAL,ITA-007,levofloxacin,yes,1,PASS,1,1612055,1612055,6.207379854956061,1612055,99.98,0.08
HPGP_GLOBAL,ITA-008,clarithromycin,yes,1,PASS,1,1607997,1607997,6.206285234160777,1607997,99.99,0.06
HPGP_GLOBAL,ITA-008,levofloxacin,yes,1,PASS,1,1607997,1607997,6.206285234160777,1607997,99.99,0.06
HPGP_GLOBAL,ITA-009,clarithromycin,yes,1,PASS,1,1689382,1689382,6.227727862557458,1689382,100.0,0.0
HPGP_GLOBAL,ITA-009,levofloxacin,yes,1,PASS,1,1689382,1689382,6.227727862557458,1689382,100.0,0.0
HPGP_GLOBAL,ITA-011,clarithromycin,yes,1,PASS,1,1569490,1569490,6.195758552939116,1569490,99.99,0.37
HPGP_GLOBAL,ITA-011,levofloxacin,yes,1,PASS,1,1569490,1569490,6.195758552939116,1569490,99.99,0.37
HPGP_GLOBAL,ITA-012,clarithromycin,yes,1,PASS,1,1629571,1629571,6.212073287315106,1629571,99.99,0.13
HPGP_GLOBAL,ITA-012,levofloxacin,yes,1,PASS,1,1629571,1629571,6.212073287315106,1629571,99.99,0.13
HPGP_GLOBAL,ITA-013,clarithromycin,yes,1,PASS,1,1617418,1617418,6.208822271999017,1617418,99.99,0.2
HPGP_GLOBAL,ITA-013,levofloxacin,yes,1,PASS,1,1617418,1617418,6.208822271999017,1617418,99.99,0.2
HPGP_GLOBAL,ITA-015,clarithromycin,yes,1,PASS,1,1673871,1673871,6.223721985230176,1673871,99.99,0.04
HPGP_GLOBAL,ITA-015,levofloxacin,yes,1,PASS,1,1673871,1673871,6.223721985230176,1673871,99.99,0.04
HPGP_GLOBAL,ITA-016,clarithromycin,yes,1,PASS,1,1643630,1643630,6.21580405952799,1643630,99.99,0.2
HPGP_GLOBAL,ITA-016,levofloxacin,yes,1,PASS,1,1643630,1643630,6.21580405952799,1643630,99.99,0.2
HPGP_GLOBAL,ITA-022,clarithromycin,yes,1,PASS,1,1644985,1644985,6.216161942135884,1644985,99.99,0.01
HPGP_GLOBAL,ITA-022,levofloxacin,yes,1,PASS,1,1644985,1644985,6.216161942135884,1644985,99.99,0.01
HPGP_GLOBAL,ITA-026,clarithromycin,yes,1,PASS,1,1664760,1664760,6.221351632323721,1664760,99.99,1.0
HPGP_GLOBAL,ITA-026,levofloxacin,yes,1,PASS,1,1664760,1664760,6.221351632323721,1664760,99.99,1.0
HPGP_GLOBAL,ITA-027,clarithromycin,yes,1,PASS,1,1657711,1657711,6.219508819311217,1657711,99.99,0.07
HPGP_GLOBAL,ITA-027,levofloxacin,yes,1,PASS,1,1657711,1657711,6.219508819311217,1657711,99.99,0.07
HPGP_GLOBAL,ITA-028,clarithromycin,yes,1,PASS,1,1620196,1620196,6.2095675556349335,1620196,99.99,0.0
HPGP_GLOBAL,ITA-028,levofloxacin,yes,1,PASS,1,1620196,1620196,6.2095675556349335,1620196,99.99,0.0
HPGP_GLOBAL,ITA-030,clarithromycin,yes,1,PASS,1,1624989,1624989,6.210850425465373,1624989,99.98,0.02
HPGP_GLOBAL,ITA-030,levofloxacin,yes,1,PASS,1,1624989,1624989,6.210850425465373,1624989,99.98,0.02
HPGP_GLOBAL,JAP-002,clarithromycin,yes,1,PASS,1,1562309,1562309,6.193766934613632,1562309,99.98,0.0
HPGP_GLOBAL,JAP-002,levofloxacin,yes,1,PASS,1,1562309,1562309,6.193766934613632,1562309,99.98,0.0
HPGP_GLOBAL,JAP-009,clarithromycin,yes,1,PASS,1,1621311,1621311,6.209866329240185,1621311,99.99,0.24
HPGP_GLOBAL,JAP-009,levofloxacin,yes,1,PASS,1,1621311,1621311,6.209866329240185,1621311,99.99,0.24
HPGP_GLOBAL,JAP-010,clarithromycin,yes,1,PASS,1,1574397,1574397,6.1971142535436385,1574397,99.99,0.02
HPGP_GLOBAL,JAP-010,levofloxacin,yes,1,PASS,1,1574397,1574397,6.1971142535436385,1574397,99.99,0.02
HPGP_GLOBAL,JAP-012,clarithromycin,yes,1,PASS,1,1578055,1578055,6.19812213561627,1578055,99.99,0.01
HPGP_GLOBAL,JAP-012,levofloxacin,yes,1,PASS,1,1578055,1578055,6.19812213561627,1578055,99.99,0.01
HPGP_GLOBAL,JAP-013,clarithromycin,yes,1,PASS,1,1602993,1602993,6.20493162586755,1602993,99.98,0.31
HPGP_GLOBAL,JAP-013,levofloxacin,yes,1,PASS,1,1602993,1602993,6.20493162586755,1602993,99.98,0.31
HPGP_GLOBAL,JAP-015,clarithromycin,yes,1,PASS,1,1584499,1584499,6.199891969436941,1584499,100.0,0.0
HPGP_GLOBAL,JAP-015,levofloxacin,yes,1,PASS,1,1584499,1584499,6.199891969436941,1584499,100.0,0.0
HPGP_GLOBAL,JAP-019,clarithromycin,yes,1,PASS,1,1576864,1576864,6.197794238289894,1576864,99.99,0.01
HPGP_GLOBAL,JAP-019,levofloxacin,yes,1,PASS,1,1576864,1576864,6.197794238289894,1576864,99.99,0.01
HPGP_GLOBAL,JAP-022,clarithromycin,yes,1,PASS,1,1572869,1572869,6.196692552918088,1572869,99.99,0.0
HPGP_GLOBAL,JAP-022,levofloxacin,yes,1,PASS,1,1572869,1572869,6.196692552918088,1572869,99.99,0.0
HPGP_GLOBAL,JAP-028,clarithromycin,yes,1,PASS,1,1606474,1606474,6.205873701099548,1606474,99.99,0.11
HPGP_GLOBAL,JAP-028,levofloxacin,yes,1,PASS,1,1606474,1606474,6.205873701099548,1606474,99.99,0.11
HPGP_GLOBAL,JOR-004,clarithromycin,yes,1,PASS,1,1681362,1681362,6.225661227821954,1681362,99.99,0.14
HPGP_GLOBAL,JOR-004,levofloxacin,yes,1,PASS,1,1681362,1681362,6.225661227821954,1681362,99.99,0.14
HPGP_GLOBAL,JOR-005,clarithromycin,yes,1,PASS,1,1724222,1724222,6.236593182119742,1724222,99.99,0.7
HPGP_GLOBAL,JOR-005,levofloxacin,yes,1,PASS,1,1724222,1724222,6.236593182119742,1724222,99.99,0.7
HPGP_GLOBAL,JOR-006,clarithromycin,yes,1,PASS,1,1725642,1725642,6.236950702415689,1725642,99.99,0.11
HPGP_GLOBAL,JOR-006,levofloxacin,yes,1,PASS,1,1725642,1725642,6.236950702415689,1725642,99.99,0.11
HPGP_GLOBAL,JOR-007,clarithromycin,yes,1,PASS,1,1670567,1670567,6.222863898200298,1670567,99.99,0.05
HPGP_GLOBAL,JOR-007,levofloxacin,yes,1,PASS,1,1670567,1670567,6.222863898200298,1670567,99.99,0.05
HPGP_GLOBAL,JOR-009,clarithromycin,yes,1,PASS,1,1632805,1632805,6.212934321613137,1632805,100.0,0.06
HPGP_GLOBAL,JOR-009,levofloxacin,yes,1,PASS,1,1632805,1632805,6.212934321613137,1632805,100.0,0.06
HPGP_GLOBAL,KAZ-001,clarithromycin,yes,1,PASS,1,1660958,1660958,6.22035865075431,1660958,99.98,0.24
HPGP_GLOBAL,KAZ-001,levofloxacin,yes,1,PASS,1,1660958,1660958,6.22035865075431,1660958,99.98,0.24
HPGP_GLOBAL,KGZ-001,clarithromycin,yes,1,PASS,1,1668232,1668232,6.222256447568756,1668232,99.99,0.05
HPGP_GLOBAL,KGZ-001,levofloxacin,yes,1,PASS,1,1668232,1668232,6.222256447568756,1668232,99.99,0.05
HPGP_GLOBAL,KGZ-004,clarithromycin,yes,1,PASS,1,1676629,1676629,6.224436973710478,1676629,100.0,0.06
HPGP_GLOBAL,KGZ-004,levofloxacin,yes,1,PASS,1,1676629,1676629,6.224436973710478,1676629,100.0,0.06
HPGP_GLOBAL,KGZ-009,clarithromycin,yes,1,PASS,1,1638002,1638002,6.214314427698168,1638002,99.99,0.05
HPGP_GLOBAL,KGZ-009,levofloxacin,yes,1,PASS,1,1638002,1638002,6.214314427698168,1638002,99.99,0.05
HPGP_GLOBAL,KGZ-010,clarithromycin,yes,1,PASS,1,1697762,1697762,6.229876808798842,1697762,100.0,0.0
HPGP_GLOBAL,KGZ-010,levofloxacin,yes,1,PASS,1,1697762,1697762,6.229876808798842,1697762,100.0,0.0
HPGP_GLOBAL,KOR-002,clarithromycin,yes,1,PASS,1,1597612,1597612,6.203471313952162,1597612,99.99,0.14
HPGP_GLOBAL,KOR-002,levofloxacin,yes,1,PASS,1,1597612,1597612,6.203471313952162,1597612,99.99,0.14
HPGP_GLOBAL,KOR-007,clarithromycin,yes,1,PASS,1,1573924,1573924,6.1969837577705045,1573924,99.99,0.03
HPGP_GLOBAL,KOR-007,levofloxacin,yes,1,PASS,1,1573924,1573924,6.1969837577705045,1573924,99.99,0.03
HPGP_GLOBAL,KOR-008,clarithromycin,yes,1,PASS,1,1573168,1573168,6.196775103791126,1573168,99.99,0.0
HPGP_GLOBAL,KOR-008,levofloxacin,yes,1,PASS,1,1573168,1573168,6.196775103791126,1573168,99.99,0.0
HPGP_GLOBAL,KOR-010,clarithromycin,yes,1,PASS,1,1582866,1582866,6.199444150539033,1582866,99.84,0.05
HPGP_GLOBAL,KOR-010,levofloxacin,yes,1,PASS,1,1582866,1582866,6.199444150539033,1582866,99.84,0.05
HPGP_GLOBAL,KOR-013,clarithromycin,yes,1,PASS,1,1620816,1620816,6.209733715206119,1620816,99.99,0.3
HPGP_GLOBAL,KOR-013,levofloxacin,yes,1,PASS,1,1620816,1620816,6.209733715206119,1620816,99.99,0.3
HPGP_GLOBAL,KOR-014,clarithromycin,yes,1,PASS,1,1558002,1558002,6.192568010838732,1558002,100.0,0.0
HPGP_GLOBAL,KOR-014,levofloxacin,yes,1,PASS,1,1558002,1558002,6.192568010838732,1558002,100.0,0.0
HPGP_GLOBAL,KOR-019,clarithromycin,yes,1,PASS,1,1622433,1622433,6.210166771215957,1622433,100.0,0.01
HPGP_GLOBAL,KOR-019,levofloxacin,yes,1,PASS,1,1622433,1622433,6.210166771215957,1622433,100.0,0.01
HPGP_GLOBAL,KOR-022,clarithromycin,yes,1,PASS,1,1566880,1566880,6.1950357371620095,1566880,99.99,0.0
HPGP_GLOBAL,KOR-022,levofloxacin,yes,1,PASS,1,1566880,1566880,6.1950357371620095,1566880,99.99,0.0
HPGP_GLOBAL,KOR-027,clarithromycin,yes,1,PASS,1,1623106,1623106,6.210346883173022,1623106,99.99,0.0
HPGP_GLOBAL,KOR-027,levofloxacin,yes,1,PASS,1,1623106,1623106,6.210346883173022,1623106,99.99,0.0
HPGP_GLOBAL,KOR-028,clarithromycin,yes,1,PASS,1,1571838,1571838,6.1964077838589136,1571838,99.99,0.03
HPGP_GLOBAL,KOR-028,levofloxacin,yes,1,PASS,1,1571838,1571838,6.1964077838589136,1571838,99.99,0.03
HPGP_GLOBAL,KOR-036,clarithromycin,yes,1,PASS,1,1620264,1620264,6.209585782692064,1620264,99.97,0.64
HPGP_GLOBAL,KOR-036,levofloxacin,yes,1,PASS,1,1620264,1620264,6.209585782692064,1620264,99.97,0.64
HPGP_GLOBAL,KOR-041,clarithromycin,yes,1,PASS,1,1605825,1605825,6.205698214868291,1605825,99.97,0.0
HPGP_GLOBAL,KOR-041,levofloxacin,yes,1,PASS,1,1605825,1605825,6.205698214868291,1605825,99.97,0.0
HPGP_GLOBAL,KOR-042,clarithromycin,yes,1,PASS,1,1593735,1593735,6.202416110281319,1593735,99.96,0.0
HPGP_GLOBAL,KOR-042,levofloxacin,yes,1,PASS,1,1593735,1593735,6.202416110281319,1593735,99.96,0.0
HPGP_GLOBAL,KOR-044,clarithromycin,yes,1,PASS,1,1608074,1608074,6.206306030141409,1608074,99.99,0.06
HPGP_GLOBAL,KOR-044,levofloxacin,yes,1,PASS,1,1608074,1608074,6.206306030141409,1608074,99.99,0.06
HPGP_GLOBAL,KOR-046,clarithromycin,yes,1,PASS,1,1611772,1611772,6.20730360685795,1611772,99.99,0.05
HPGP_GLOBAL,KOR-046,levofloxacin,yes,1,PASS,1,1611772,1611772,6.20730360685795,1611772,99.99,0.05
HPGP_GLOBAL,KOR-047,clarithromycin,yes,1,PASS,1,1567034,1567034,6.195078419475734,1567034,99.99,0.0
HPGP_GLOBAL,KOR-047,levofloxacin,yes,1,PASS,1,1567034,1567034,6.195078419475734,1567034,99.99,0.0
HPGP_GLOBAL,KOR-049,clarithromycin,yes,1,PASS,1,1615428,1615428,6.208287606179399,1615428,99.98,0.16
HPGP_GLOBAL,KOR-049,levofloxacin,yes,1,PASS,1,1615428,1615428,6.208287606179399,1615428,99.98,0.16
HPGP_GLOBAL,KOR-050,clarithromycin,yes,1,PASS,1,1611527,1611527,6.20723758620751,1611527,99.99,0.0
HPGP_GLOBAL,KOR-050,levofloxacin,yes,1,PASS,1,1611527,1611527,6.20723758620751,1611527,99.99,0.0
HPGP_GLOBAL,KOR-101,clarithromycin,yes,1,PASS,1,1628820,1628820,6.211873093316482,1628820,99.99,0.01
HPGP_GLOBAL,KOR-101,levofloxacin,yes,1,PASS,1,1628820,1628820,6.211873093316482,1628820,99.99,0.01
HPGP_GLOBAL,KOR-105,clarithromycin,yes,1,PASS,1,1593957,1593957,6.202476601304378,1593957,99.99,0.02
HPGP_GLOBAL,KOR-105,levofloxacin,yes,1,PASS,1,1593957,1593957,6.202476601304378,1593957,99.99,0.02
HPGP_GLOBAL,KOR-109,clarithromycin,yes,1,PASS,1,1610271,1610271,6.206898971622174,1610271,99.99,0.08
HPGP_GLOBAL,KOR-109,levofloxacin,yes,1,PASS,1,1610271,1610271,6.206898971622174,1610271,99.99,0.08
HPGP_GLOBAL,KOR-110,clarithromycin,yes,1,PASS,1,1623221,1623221,6.210377652633671,1623221,99.99,0.03
HPGP_GLOBAL,KOR-110,levofloxacin,yes,1,PASS,1,1623221,1623221,6.210377652633671,1623221,99.99,0.03
HPGP_GLOBAL,KOR-116,clarithromycin,yes,1,PASS,1,1659610,1659610,6.2200060430114394,1659610,99.99,0.29
HPGP_GLOBAL,KOR-116,levofloxacin,yes,1,PASS,1,1659610,1659610,6.2200060430114394,1659610,99.99,0.29
HPGP_GLOBAL,LAT-002,clarithromycin,yes,1,PASS,1,1609167,1609167,6.206601117694367,1609167,99.99,0.09
HPGP_GLOBAL,LAT-002,levofloxacin,yes,1,PASS,1,1609167,1609167,6.206601117694367,1609167,99.99,0.09
HPGP_GLOBAL,LAT-003,clarithromycin,yes,1,PASS,1,1685446,1685446,6.2267148427201136,1685446,99.99,0.08
HPGP_GLOBAL,LAT-003,levofloxacin,yes,1,PASS,1,1685446,1685446,6.2267148427201136,1685446,99.99,0.08
HPGP_GLOBAL,LAT-009,clarithromycin,yes,1,PASS,1,1650243,1650243,6.217547899237396,1650243,99.99,0.01
HPGP_GLOBAL,LAT-009,levofloxacin,yes,1,PASS,1,1650243,1650243,6.217547899237396,1650243,99.99,0.01
HPGP_GLOBAL,LAT-014,clarithromycin,yes,1,PASS,1,1648207,1648207,6.21701175427388,1648207,100.0,0.2
HPGP_GLOBAL,LAT-014,levofloxacin,yes,1,PASS,1,1648207,1648207,6.21701175427388,1648207,100.0,0.2
HPGP_GLOBAL,LAT-015,clarithromycin,yes,1,PASS,1,1639778,1639778,6.214785055425069,1639778,99.99,0.31
HPGP_GLOBAL,LAT-015,levofloxacin,yes,1,PASS,1,1639778,1639778,6.214785055425069,1639778,99.99,0.31
HPGP_GLOBAL,LAT-017,clarithromycin,yes,1,PASS,1,1682262,1682262,6.225893634918014,1682262,99.99,0.03
HPGP_GLOBAL,LAT-017,levofloxacin,yes,1,PASS,1,1682262,1682262,6.225893634918014,1682262,99.99,0.03
HPGP_GLOBAL,LAT-018,clarithromycin,yes,1,PASS,1,1642365,1642365,6.215469681327933,1642365,99.99,0.05
HPGP_GLOBAL,LAT-018,levofloxacin,yes,1,PASS,1,1642365,1642365,6.215469681327933,1642365,99.99,0.05
HPGP_GLOBAL,LAT-019,clarithromycin,yes,1,PASS,1,1647783,1647783,6.2169000179753215,1647783,99.99,0.09
HPGP_GLOBAL,LAT-019,levofloxacin,yes,1,PASS,1,1647783,1647783,6.2169000179753215,1647783,99.99,0.09
HPGP_GLOBAL,LAT-021,clarithromycin,yes,1,PASS,1,1668928,1668928,6.222437600982909,1668928,99.97,0.05
HPGP_GLOBAL,LAT-021,levofloxacin,yes,1,PASS,1,1668928,1668928,6.222437600982909,1668928,99.97,0.05
HPGP_GLOBAL,LAT-023,clarithromycin,yes,1,PASS,1,1645794,1645794,6.216375474702451,1645794,99.99,0.94
HPGP_GLOBAL,LAT-023,levofloxacin,yes,1,PASS,1,1645794,1645794,6.216375474702451,1645794,99.99,0.94
HPGP_GLOBAL,LAT-024,clarithromycin,yes,1,PASS,1,1638412,1638412,6.214423120151875,1638412,99.98,0.14
HPGP_GLOBAL,LAT-024,levofloxacin,yes,1,PASS,1,1638412,1638412,6.214423120151875,1638412,99.98,0.14
HPGP_GLOBAL,LAT-026,clarithromycin,yes,1,PASS,1,1661550,1661550,6.220513414767525,1661550,100.0,0.0
HPGP_GLOBAL,LAT-026,levofloxacin,yes,1,PASS,1,1661550,1661550,6.220513414767525,1661550,100.0,0.0
HPGP_GLOBAL,LAT-027,clarithromycin,yes,1,PASS,1,1604477,1604477,6.20533349591287,1604477,99.99,0.0
HPGP_GLOBAL,LAT-027,levofloxacin,yes,1,PASS,1,1604477,1604477,6.20533349591287,1604477,99.99,0.0
HPGP_GLOBAL,LAT-029,clarithromycin,yes,1,PASS,1,1660539,1660539,6.220249080046354,1660539,99.99,0.0
HPGP_GLOBAL,LAT-029,levofloxacin,yes,1,PASS,1,1660539,1660539,6.220249080046354,1660539,99.99,0.0
HPGP_GLOBAL,LIT-001,clarithromycin,yes,1,PASS,1,1677648,1677648,6.224700843444954,1677648,99.94,0.68
HPGP_GLOBAL,LIT-001,levofloxacin,yes,1,PASS,1,1677648,1677648,6.224700843444954,1677648,99.94,0.68
HPGP_GLOBAL,LIT-003,clarithromycin,yes,1,PASS,1,1650816,1650816,6.2176986694845375,1650816,99.99,0.21
HPGP_GLOBAL,LIT-003,levofloxacin,yes,1,PASS,1,1650816,1650816,6.2176986694845375,1650816,99.99,0.21
HPGP_GLOBAL,LIT-006,clarithromycin,yes,1,PASS,1,1631670,1631670,6.2126323286391845,1631670,99.99,0.08
HPGP_GLOBAL,LIT-006,levofloxacin,yes,1,PASS,1,1631670,1631670,6.2126323286391845,1631670,99.99,0.08
HPGP_GLOBAL,LIT-008,clarithromycin,yes,1,PASS,1,1552010,1552010,6.190894515202342,1552010,99.93,0.0
HPGP_GLOBAL,LIT-008,levofloxacin,yes,1,PASS,1,1552010,1552010,6.190894515202342,1552010,99.93,0.0
HPGP_GLOBAL,LIT-010,clarithromycin,yes,1,PASS,1,1674537,1674537,6.22389474800506,1674537,99.99,0.28
HPGP_GLOBAL,LIT-010,levofloxacin,yes,1,PASS,1,1674537,1674537,6.22389474800506,1674537,99.99,0.28
HPGP_GLOBAL,LIT-013,clarithromycin,yes,1,PASS,1,1654125,1654125,6.218568325506126,1654125,99.99,0.13
HPGP_GLOBAL,LIT-013,levofloxacin,yes,1,PASS,1,1654125,1654125,6.218568325506126,1654125,99.99,0.13
HPGP_GLOBAL,LIT-020,clarithromycin,yes,1,PASS,1,1607678,1607678,6.206199068773926,1607678,100.0,0.04
HPGP_GLOBAL,LIT-020,levofloxacin,yes,1,PASS,1,1607678,1607678,6.206199068773926,1607678,100.0,0.04
HPGP_GLOBAL,LIT-021,clarithromycin,yes,1,PASS,1,1684671,1684671,6.226515099963759,1684671,100.0,0.15
HPGP_GLOBAL,LIT-021,levofloxacin,yes,1,PASS,1,1684671,1684671,6.226515099963759,1684671,100.0,0.15
HPGP_GLOBAL,LIT-025,clarithromycin,yes,1,PASS,1,1667509,1667509,6.222068186600454,1667509,99.99,1.26
HPGP_GLOBAL,LIT-025,levofloxacin,yes,1,PASS,1,1667509,1667509,6.222068186600454,1667509,99.99,1.26
HPGP_GLOBAL,LIT-028,clarithromycin,yes,1,PASS,1,1672940,1672940,6.223480365268319,1672940,99.99,0.29
HPGP_GLOBAL,LIT-028,levofloxacin,yes,1,PASS,1,1672940,1672940,6.223480365268319,1672940,99.99,0.29
HPGP_GLOBAL,LIT-032,clarithromycin,yes,1,PASS,1,1616573,1616573,6.208595320937273,1616573,99.99,0.02
HPGP_GLOBAL,LIT-032,levofloxacin,yes,1,PASS,1,1616573,1616573,6.208595320937273,1616573,99.99,0.02
HPGP_GLOBAL,LIT-041,clarithromycin,yes,1,PASS,1,1657925,1657925,6.219564880362103,1657925,99.96,0.0
HPGP_GLOBAL,LIT-041,levofloxacin,yes,1,PASS,1,1657925,1657925,6.219564880362103,1657925,99.96,0.0
HPGP_GLOBAL,MAL-003,clarithromycin,yes,1,PASS,1,1605592,1605592,6.205635195575274,1605592,99.98,0.37
HPGP_GLOBAL,MAL-003,levofloxacin,yes,1,PASS,1,1605592,1605592,6.205635195575274,1605592,99.98,0.37
HPGP_GLOBAL,MAL-005,clarithromycin,yes,1,PASS,1,1586094,1586094,6.200328922244867,1586094,99.99,0.0
HPGP_GLOBAL,MAL-005,levofloxacin,yes,1,PASS,1,1586094,1586094,6.200328922244867,1586094,99.99,0.0
HPGP_GLOBAL,MAL-006,clarithromycin,yes,1,PASS,1,1664417,1664417,6.22126214293471,1664417,100.0,0.07
HPGP_GLOBAL,MAL-006,levofloxacin,yes,1,PASS,1,1664417,1664417,6.22126214293471,1664417,100.0,0.07
HPGP_GLOBAL,MAL-007,clarithromycin,yes,1,PASS,1,1699103,1699103,6.2302197066946885,1699103,99.99,0.24
HPGP_GLOBAL,MAL-007,levofloxacin,yes,1,PASS,1,1699103,1699103,6.2302197066946885,1699103,99.99,0.24
HPGP_GLOBAL,MAL-012,clarithromycin,yes,1,PASS,1,1591039,1591039,6.201680825326785,1591039,99.99,0.44
HPGP_GLOBAL,MAL-012,levofloxacin,yes,1,PASS,1,1591039,1591039,6.201680825326785,1591039,99.99,0.44
HPGP_GLOBAL,MAL-018,clarithromycin,yes,1,PASS,1,1622971,1622971,6.210310759719949,1622971,99.98,0.0
HPGP_GLOBAL,MAL-018,levofloxacin,yes,1,PASS,1,1622971,1622971,6.210310759719949,1622971,99.98,0.0
HPGP_GLOBAL,MAL-019,clarithromycin,yes,1,PASS,1,1615796,1615796,6.208386528674422,1615796,99.97,0.3
HPGP_GLOBAL,MAL-019,levofloxacin,yes,1,PASS,1,1615796,1615796,6.208386528674422,1615796,99.97,0.3
HPGP_GLOBAL,MAL-021,clarithromycin,yes,1,PASS,1,1658488,1658488,6.219712333526507,1658488,99.99,0.0
HPGP_GLOBAL,MAL-021,levofloxacin,yes,1,PASS,1,1658488,1658488,6.219712333526507,1658488,99.99,0.0
HPGP_GLOBAL,MAL-023,clarithromycin,yes,1,PASS,1,1582641,1582641,6.199382412398133,1582641,100.0,0.42
HPGP_GLOBAL,MAL-023,levofloxacin,yes,1,PASS,1,1582641,1582641,6.199382412398133,1582641,100.0,0.42
HPGP_GLOBAL,MEX-001,clarithromycin,yes,1,PASS,1,1706154,1706154,6.2320182286672114,1706154,99.98,0.06
HPGP_GLOBAL,MEX-001,levofloxacin,yes,1,PASS,1,1706154,1706154,6.2320182286672114,1706154,99.98,0.06
HPGP_GLOBAL,MEX-002,clarithromycin,yes,1,PASS,1,1676517,1676517,6.224407961563681,1676517,99.97,0.22
HPGP_GLOBAL,MEX-002,levofloxacin,yes,1,PASS,1,1676517,1676517,6.224407961563681,1676517,99.97,0.22
HPGP_GLOBAL,MEX-003,clarithromycin,yes,1,PASS,1,1667742,1667742,6.222128866060229,1667742,99.99,0.03
HPGP_GLOBAL,MEX-003,levofloxacin,yes,1,PASS,1,1667742,1667742,6.222128866060229,1667742,99.99,0.03
HPGP_GLOBAL,MEX-004,clarithromycin,yes,1,PASS,1,1621730,1621730,6.209978550694635,1621730,100.0,1.2
HPGP_GLOBAL,MEX-004,levofloxacin,yes,1,PASS,1,1621730,1621730,6.209978550694635,1621730,100.0,1.2
HPGP_GLOBAL,MEX-007,clarithromycin,yes,1,PASS,1,1575038,1575038,6.197291036215288,1575038,99.98,0.87
HPGP_GLOBAL,MEX-007,levofloxacin,yes,1,PASS,1,1575038,1575038,6.197291036215288,1575038,99.98,0.87
HPGP_GLOBAL,MEX-008,clarithromycin,yes,1,PASS,1,1642782,1642782,6.215579935633099,1642782,99.99,0.27
HPGP_GLOBAL,MEX-008,levofloxacin,yes,1,PASS,1,1642782,1642782,6.215579935633099,1642782,99.99,0.27
HPGP_GLOBAL,MEX-009,clarithromycin,yes,1,PASS,1,1569832,1569832,6.195853177646871,1569832,99.99,0.17
HPGP_GLOBAL,MEX-009,levofloxacin,yes,1,PASS,1,1569832,1569832,6.195853177646871,1569832,99.99,0.17
HPGP_GLOBAL,MEX-012,clarithromycin,yes,1,PASS,1,1653021,1653021,6.218278370889165,1653021,99.99,0.0
HPGP_GLOBAL,MEX-012,levofloxacin,yes,1,PASS,1,1653021,1653021,6.218278370889165,1653021,99.99,0.0
HPGP_GLOBAL,MEX-023,clarithromycin,yes,1,PASS,1,1595213,1595213,6.202818680213606,1595213,99.98,0.03
HPGP_GLOBAL,MEX-023,levofloxacin,yes,1,PASS,1,1595213,1595213,6.202818680213606,1595213,99.98,0.03
HPGP_GLOBAL,MEX-024,clarithromycin,yes,1,PASS,1,1657324,1657324,6.219407419497786,1657324,100.0,0.24
HPGP_GLOBAL,MEX-024,levofloxacin,yes,1,PASS,1,1657324,1657324,6.219407419497786,1657324,100.0,0.24
HPGP_GLOBAL,MEX-027,clarithromycin,yes,1,PASS,1,1664528,1664528,6.221291105075873,1664528,99.99,0.1
HPGP_GLOBAL,MEX-027,levofloxacin,yes,1,PASS,1,1664528,1664528,6.221291105075873,1664528,99.99,0.1
HPGP_GLOBAL,MEX-028,clarithromycin,yes,1,PASS,1,1562280,1562280,6.193758873047791,1562280,99.91,0.0
HPGP_GLOBAL,MEX-028,levofloxacin,yes,1,PASS,1,1562280,1562280,6.193758873047791,1562280,99.91,0.0
HPGP_GLOBAL,MEX-032,clarithromycin,yes,1,PASS,1,1631020,1631020,6.212459286507096,1631020,99.99,0.06
HPGP_GLOBAL,MEX-032,levofloxacin,yes,1,PASS,1,1631020,1631020,6.212459286507096,1631020,99.99,0.06
HPGP_GLOBAL,MEX-035,clarithromycin,yes,1,PASS,1,1632040,1632040,6.212730798759993,1632040,99.99,0.01
HPGP_GLOBAL,MEX-035,levofloxacin,yes,1,PASS,1,1632040,1632040,6.212730798759993,1632040,99.99,0.01
HPGP_GLOBAL,MEX-040,clarithromycin,yes,1,PASS,1,1661496,1661496,6.220499300065516,1661496,99.99,0.5
HPGP_GLOBAL,MEX-040,levofloxacin,yes,1,PASS,1,1661496,1661496,6.220499300065516,1661496,99.99,0.5
HPGP_GLOBAL,MEX-041,clarithromycin,yes,1,PASS,1,1653195,1653195,6.218324083111187,1653195,99.99,0.0
HPGP_GLOBAL,MEX-041,levofloxacin,yes,1,PASS,1,1653195,1653195,6.218324083111187,1653195,99.99,0.0
HPGP_GLOBAL,MEX-043,clarithromycin,yes,1,PASS,1,1656016,1656016,6.2190645285105415,1656016,99.99,0.03
HPGP_GLOBAL,MEX-043,levofloxacin,yes,1,PASS,1,1656016,1656016,6.2190645285105415,1656016,99.99,0.03
HPGP_GLOBAL,MEX-046,clarithromycin,yes,1,PASS,1,1694691,1694691,6.229090523053254,1694691,100.0,0.03
HPGP_GLOBAL,MEX-046,levofloxacin,yes,1,PASS,1,1694691,1694691,6.229090523053254,1694691,100.0,0.03
HPGP_GLOBAL,NGA-010,clarithromycin,yes,1,PASS,1,1638223,1638223,6.214373018961373,1638223,99.99,0.01
HPGP_GLOBAL,NGA-010,levofloxacin,yes,1,PASS,1,1638223,1638223,6.214373018961373,1638223,99.99,0.01
HPGP_GLOBAL,NGA-019,clarithromycin,yes,1,PASS,1,1650902,1650902,6.217721293661074,1650902,100.0,0.02
HPGP_GLOBAL,NGA-019,levofloxacin,yes,1,PASS,1,1650902,1650902,6.217721293661074,1650902,100.0,0.02
HPGP_GLOBAL,PER-013,clarithromycin,yes,1,PASS,1,1690356,1690356,6.227978179497461,1690356,100.0,0.01
HPGP_GLOBAL,PER-013,levofloxacin,yes,1,PASS,1,1690356,1690356,6.227978179497461,1690356,100.0,0.01
HPGP_GLOBAL,PER-017,clarithromycin,yes,1,PASS,1,1757475,1757475,6.244889155917028,1757475,99.99,0.34
HPGP_GLOBAL,PER-017,levofloxacin,yes,1,PASS,1,1757475,1757475,6.244889155917028,1757475,99.99,0.34
HPGP_GLOBAL,PER-018,clarithromycin,yes,1,PASS,1,1662753,1662753,6.220827740076942,1662753,99.97,0.14
HPGP_GLOBAL,PER-018,levofloxacin,yes,1,PASS,1,1662753,1662753,6.220827740076942,1662753,99.97,0.14
HPGP_GLOBAL,PER-020,clarithromycin,yes,1,PASS,1,1687602,1687602,6.227270031398424,1687602,100.0,0.25
HPGP_GLOBAL,PER-020,levofloxacin,yes,1,PASS,1,1687602,1687602,6.227270031398424,1687602,100.0,0.25
HPGP_GLOBAL,PER-101,clarithromycin,yes,1,PASS,1,1647544,1647544,6.216837021871228,1647544,99.99,0.03
HPGP_GLOBAL,PER-101,levofloxacin,yes,1,PASS,1,1647544,1647544,6.216837021871228,1647544,99.99,0.03
HPGP_GLOBAL,PER-103,clarithromycin,yes,1,PASS,1,1661938,1661938,6.220614818028041,1661938,100.0,0.04
HPGP_GLOBAL,PER-103,levofloxacin,yes,1,PASS,1,1661938,1661938,6.220614818028041,1661938,100.0,0.04
HPGP_GLOBAL,PER-104,clarithromycin,yes,1,PASS,1,1686285,1686285,6.2269309768529,1686285,100.0,0.63
HPGP_GLOBAL,PER-104,levofloxacin,yes,1,PASS,1,1686285,1686285,6.2269309768529,1686285,100.0,0.63
HPGP_GLOBAL,PER-107,clarithromycin,yes,1,PASS,1,1688447,1688447,6.227487432771966,1688447,99.99,0.09
HPGP_GLOBAL,PER-107,levofloxacin,yes,1,PASS,1,1688447,1688447,6.227487432771966,1688447,99.99,0.09
HPGP_GLOBAL,PER-112,clarithromycin,yes,1,PASS,1,1651932,1651932,6.217992166088123,1651932,100.0,0.24
HPGP_GLOBAL,PER-112,levofloxacin,yes,1,PASS,1,1651932,1651932,6.217992166088123,1651932,100.0,0.24
HPGP_GLOBAL,PER-116,clarithromycin,yes,1,PASS,1,1692634,1692634,6.228563060315496,1692634,100.0,0.02
HPGP_GLOBAL,PER-116,levofloxacin,yes,1,PASS,1,1692634,1692634,6.228563060315496,1692634,100.0,0.02
HPGP_GLOBAL,PER-117,clarithromycin,yes,1,PASS,1,1689598,1689598,6.227783386773772,1689598,100.0,0.0
HPGP_GLOBAL,PER-117,levofloxacin,yes,1,PASS,1,1689598,1689598,6.227783386773772,1689598,100.0,0.0
HPGP_GLOBAL,PER-124,clarithromycin,yes,1,PASS,1,1650052,1650052,6.217497630854639,1650052,99.98,0.02
HPGP_GLOBAL,PER-124,levofloxacin,yes,1,PASS,1,1650052,1650052,6.217497630854639,1650052,99.98,0.02
HPGP_GLOBAL,PER-138,clarithromycin,yes,1,PASS,1,1683001,1683001,6.226084374023568,1683001,100.0,0.01
HPGP_GLOBAL,PER-138,levofloxacin,yes,1,PASS,1,1683001,1683001,6.226084374023568,1683001,100.0,0.01
HPGP_GLOBAL,PER-140,clarithromycin,yes,1,PASS,1,1655604,1655604,6.21895646700139,1655604,99.99,0.46
HPGP_GLOBAL,PER-140,levofloxacin,yes,1,PASS,1,1655604,1655604,6.21895646700139,1655604,99.99,0.46
HPGP_GLOBAL,POL-004,clarithromycin,yes,1,PASS,1,1591337,1591337,6.2017621606284505,1591337,99.99,0.01
HPGP_GLOBAL,POL-004,levofloxacin,yes,1,PASS,1,1591337,1591337,6.2017621606284505,1591337,99.99,0.01
HPGP_GLOBAL,POL-005,clarithromycin,yes,1,PASS,1,1645618,1645618,6.216329029086474,1645618,99.99,0.01
HPGP_GLOBAL,POL-005,levofloxacin,yes,1,PASS,1,1645618,1645618,6.216329029086474,1645618,99.99,0.01
HPGP_GLOBAL,POL-006,clarithromycin,yes,1,PASS,1,1556705,1556705,6.192206320332636,1556705,99.99,0.1
HPGP_GLOBAL,POL-006,levofloxacin,yes,1,PASS,1,1556705,1556705,6.192206320332636,1556705,99.99,0.1
HPGP_GLOBAL,POL-007,clarithromycin,yes,1,PASS,1,1685207,1685207,6.226653254427668,1685207,99.98,0.3
HPGP_GLOBAL,POL-007,levofloxacin,yes,1,PASS,1,1685207,1685207,6.226653254427668,1685207,99.98,0.3
HPGP_GLOBAL,POL-008,clarithromycin,yes,1,PASS,1,1579734,1579734,6.198583965398963,1579734,99.99,0.33
HPGP_GLOBAL,POL-008,levofloxacin,yes,1,PASS,1,1579734,1579734,6.198583965398963,1579734,99.99,0.33
HPGP_GLOBAL,POL-009,clarithromycin,yes,1,PASS,1,1672002,1672002,6.223236792593694,1672002,100.0,0.17
HPGP_GLOBAL,POL-009,levofloxacin,yes,1,PASS,1,1672002,1672002,6.223236792593694,1672002,100.0,0.17
HPGP_GLOBAL,POL-010,clarithromycin,yes,1,PASS,1,1629212,1629212,6.211977600232147,1629212,100.0,0.25
HPGP_GLOBAL,POL-010,levofloxacin,yes,1,PASS,1,1629212,1629212,6.211977600232147,1629212,100.0,0.25
HPGP_GLOBAL,POL-104,clarithromycin,yes,1,PASS,1,1669729,1669729,6.222645990096663,1669729,100.0,0.24
HPGP_GLOBAL,POL-104,levofloxacin,yes,1,PASS,1,1669729,1669729,6.222645990096663,1669729,100.0,0.24
HPGP_GLOBAL,POL-105,clarithromycin,yes,1,PASS,1,1552166,1552166,6.190938166038657,1552166,99.97,0.29
HPGP_GLOBAL,POL-105,levofloxacin,yes,1,PASS,1,1552166,1552166,6.190938166038657,1552166,99.97,0.29
HPGP_GLOBAL,POL-106,clarithromycin,yes,1,PASS,1,1560843,1560843,6.1933592210234965,1560843,99.99,0.02
HPGP_GLOBAL,POL-106,levofloxacin,yes,1,PASS,1,1560843,1560843,6.1933592210234965,1560843,99.99,0.02
HPGP_GLOBAL,POL-108,clarithromycin,yes,1,PASS,1,1560828,1560828,6.193355047350339,1560828,99.98,0.02
HPGP_GLOBAL,POL-108,levofloxacin,yes,1,PASS,1,1560828,1560828,6.193355047350339,1560828,99.98,0.02
HPGP_GLOBAL,POL-110,clarithromycin,yes,1,PASS,1,1590582,1590582,6.201556063402222,1590582,99.99,0.27
HPGP_GLOBAL,POL-110,levofloxacin,yes,1,PASS,1,1590582,1590582,6.201556063402222,1590582,99.99,0.27
HPGP_GLOBAL,POR-002,clarithromycin,yes,1,PASS,1,1625342,1625342,6.210944757982716,1625342,99.98,0.1
HPGP_GLOBAL,POR-002,levofloxacin,yes,1,PASS,1,1625342,1625342,6.210944757982716,1625342,99.98,0.1
HPGP_GLOBAL,POR-003,clarithromycin,yes,1,PASS,1,1607602,1607602,6.206178537821331,1607602,99.99,0.19
HPGP_GLOBAL,POR-003,levofloxacin,yes,1,PASS,1,1607602,1607602,6.206178537821331,1607602,99.99,0.19
HPGP_GLOBAL,POR-004,clarithromycin,yes,1,PASS,1,1650708,1650708,6.217670256058458,1650708,100.0,0.0
HPGP_GLOBAL,POR-004,levofloxacin,yes,1,PASS,1,1650708,1650708,6.217670256058458,1650708,100.0,0.0
HPGP_GLOBAL,POR-005,clarithromycin,yes,1,PASS,1,1688313,1688313,6.227452964547629,1688313,99.98,0.09
HPGP_GLOBAL,POR-005,levofloxacin,yes,1,PASS,1,1688313,1688313,6.227452964547629,1688313,99.98,0.09
HPGP_GLOBAL,POR-010,clarithromycin,yes,1,PASS,1,1607134,1607134,6.206052088981385,1607134,99.99,0.01
HPGP_GLOBAL,POR-010,levofloxacin,yes,1,PASS,1,1607134,1607134,6.206052088981385,1607134,99.99,0.01
HPGP_GLOBAL,POR-018,clarithromycin,yes,1,PASS,1,1607128,1607128,6.206050467603356,1607128,99.99,0.1
HPGP_GLOBAL,POR-018,levofloxacin,yes,1,PASS,1,1607128,1607128,6.206050467603356,1607128,99.99,0.1
HPGP_GLOBAL,POR-104,clarithromycin,yes,1,PASS,1,1646702,1646702,6.216615012973456,1646702,99.99,0.01
HPGP_GLOBAL,POR-104,levofloxacin,yes,1,PASS,1,1646702,1646702,6.216615012973456,1646702,99.99,0.01
HPGP_GLOBAL,POR-105,clarithromycin,yes,1,PASS,1,1623888,1623888,6.210556072528725,1623888,99.99,0.31
HPGP_GLOBAL,POR-105,levofloxacin,yes,1,PASS,1,1623888,1623888,6.210556072528725,1623888,99.99,0.31
HPGP_GLOBAL,POR-106,clarithromycin,yes,1,PASS,1,1667966,1667966,6.222187193686085,1667966,99.99,0.17
HPGP_GLOBAL,POR-106,levofloxacin,yes,1,PASS,1,1667966,1667966,6.222187193686085,1667966,99.99,0.17
HPGP_GLOBAL,POR-107,clarithromycin,yes,1,PASS,1,1593322,1593322,6.20230355275754,1593322,99.99,0.02
HPGP_GLOBAL,POR-107,levofloxacin,yes,1,PASS,1,1593322,1593322,6.20230355275754,1593322,99.99,0.02
HPGP_GLOBAL,POR-109,clarithromycin,yes,1,PASS,1,1604158,1604158,6.2052471414723165,1604158,100.0,0.26
HPGP_GLOBAL,POR-109,levofloxacin,yes,1,PASS,1,1604158,1604158,6.2052471414723165,1604158,100.0,0.26
HPGP_GLOBAL,POR-112,clarithromycin,yes,1,PASS,1,1660836,1660836,6.220326749964065,1660836,99.98,0.01
HPGP_GLOBAL,POR-112,levofloxacin,yes,1,PASS,1,1660836,1660836,6.220326749964065,1660836,99.98,0.01
HPGP_GLOBAL,POR-113,clarithromycin,yes,1,PASS,1,1667121,1667121,6.221967122158679,1667121,100.0,0.04
HPGP_GLOBAL,POR-113,levofloxacin,yes,1,PASS,1,1667121,1667121,6.221967122158679,1667121,100.0,0.04
HPGP_GLOBAL,POR-114,clarithromycin,yes,1,PASS,1,1634980,1634980,6.213512444493086,1634980,99.99,0.0
HPGP_GLOBAL,POR-114,levofloxacin,yes,1,PASS,1,1634980,1634980,6.213512444493086,1634980,99.99,0.0
HPGP_GLOBAL,PRI-001,clarithromycin,yes,1,PASS,1,1577958,1577958,6.198095439550849,1577958,99.97,0.0
HPGP_GLOBAL,PRI-001,levofloxacin,yes,1,PASS,1,1577958,1577958,6.198095439550849,1577958,99.97,0.0
HPGP_GLOBAL,PRI-002,clarithromycin,yes,1,PASS,1,1626441,1626441,6.211238313643586,1626441,99.99,0.03
HPGP_GLOBAL,PRI-002,levofloxacin,yes,1,PASS,1,1626441,1626441,6.211238313643586,1626441,99.99,0.03
HPGP_GLOBAL,PRI-004,clarithromycin,yes,1,PASS,1,1589140,1589140,6.201162159352852,1589140,99.99,0.0
HPGP_GLOBAL,PRI-004,levofloxacin,yes,1,PASS,1,1589140,1589140,6.201162159352852,1589140,99.99,0.0
HPGP_GLOBAL,PRI-005,clarithromycin,yes,1,PASS,1,1629748,1629748,6.212120456753491,1629748,100.0,0.01
HPGP_GLOBAL,PRI-005,levofloxacin,yes,1,PASS,1,1629748,1629748,6.212120456753491,1629748,100.0,0.01
HPGP_GLOBAL,PRI-006,clarithromycin,yes,1,PASS,1,1625718,1625718,6.211045214280616,1625718,99.99,0.0
HPGP_GLOBAL,PRI-006,levofloxacin,yes,1,PASS,1,1625718,1625718,6.211045214280616,1625718,99.99,0.0
HPGP_GLOBAL,RUS-001,clarithromycin,yes,1,PASS,1,1639931,1639931,6.214825575517419,1639931,99.99,0.03
HPGP_GLOBAL,RUS-001,levofloxacin,yes,1,PASS,1,1639931,1639931,6.214825575517419,1639931,99.99,0.03
HPGP_GLOBAL,RUS-003,clarithromycin,yes,1,PASS,1,1649624,1649624,6.217384966435891,1649624,99.99,0.0
HPGP_GLOBAL,RUS-003,levofloxacin,yes,1,PASS,1,1649624,1649624,6.217384966435891,1649624,99.99,0.0
HPGP_GLOBAL,RUS-004,clarithromycin,yes,1,PASS,1,1687731,1687731,6.227303227523484,1687731,100.0,0.31
HPGP_GLOBAL,RUS-004,levofloxacin,yes,1,PASS,1,1687731,1687731,6.227303227523484,1687731,100.0,0.31
HPGP_GLOBAL,RUS-007,clarithromycin,yes,1,PASS,1,1647615,1647615,6.216855737149138,1647615,100.0,0.02
HPGP_GLOBAL,RUS-007,levofloxacin,yes,1,PASS,1,1647615,1647615,6.216855737149138,1647615,100.0,0.02
HPGP_GLOBAL,RUS-011,clarithromycin,yes,1,PASS,1,1657348,1657348,6.219413708546938,1657348,99.99,0.27
HPGP_GLOBAL,RUS-011,levofloxacin,yes,1,PASS,1,1657348,1657348,6.219413708546938,1657348,99.99,0.27
HPGP_GLOBAL,SPA-003,clarithromycin,yes,1,PASS,1,1585832,1585832,6.200257177094118,1585832,99.99,0.19
HPGP_GLOBAL,SPA-003,levofloxacin,yes,1,PASS,1,1585832,1585832,6.200257177094118,1585832,99.99,0.19
HPGP_GLOBAL,SPA-005,clarithromycin,yes,1,PASS,1,1589083,1589083,6.201146581600459,1589083,99.99,0.17
HPGP_GLOBAL,SPA-005,levofloxacin,yes,1,PASS,1,1589083,1589083,6.201146581600459,1589083,99.99,0.17
HPGP_GLOBAL,SPA-006,clarithromycin,yes,1,PASS,1,1618074,1618074,6.208998379486862,1618074,99.99,0.02
HPGP_GLOBAL,SPA-006,levofloxacin,yes,1,PASS,1,1618074,1618074,6.208998379486862,1618074,99.99,0.02
HPGP_GLOBAL,SPA-009,clarithromycin,yes,1,PASS,1,1617114,1617114,6.208740636990992,1617114,99.99,0.26
HPGP_GLOBAL,SPA-009,levofloxacin,yes,1,PASS,1,1617114,1617114,6.208740636990992,1617114,99.99,0.26
HPGP_GLOBAL,SPA-012,clarithromycin,yes,1,PASS,1,1594396,1594396,6.202596196141436,1594396,99.99,0.06
HPGP_GLOBAL,SPA-012,levofloxacin,yes,1,PASS,1,1594396,1594396,6.202596196141436,1594396,99.99,0.06
HPGP_GLOBAL,SPA-015,clarithromycin,yes,1,PASS,1,1646794,1646794,6.2166392760011595,1646794,99.99,0.07
HPGP_GLOBAL,SPA-015,levofloxacin,yes,1,PASS,1,1646794,1646794,6.2166392760011595,1646794,99.99,0.07
HPGP_GLOBAL,SPA-017,clarithromycin,yes,1,PASS,1,1677543,1677543,6.224673661135145,1677543,99.99,0.01
HPGP_GLOBAL,SPA-017,levofloxacin,yes,1,PASS,1,1677543,1677543,6.224673661135145,1677543,99.99,0.01
HPGP_GLOBAL,SPA-101,clarithromycin,yes,1,PASS,1,1680860,1680860,6.2255315422559585,1680860,99.99,0.18
HPGP_GLOBAL,SPA-101,levofloxacin,yes,1,PASS,1,1680860,1680860,6.2255315422559585,1680860,99.99,0.18
HPGP_GLOBAL,SPA-105,clarithromycin,yes,1,PASS,1,1578300,1578300,6.198189556516821,1578300,99.99,0.32
HPGP_GLOBAL,SPA-105,levofloxacin,yes,1,PASS,1,1578300,1578300,6.198189556516821,1578300,99.99,0.32
HPGP_GLOBAL,SPA-108,clarithromycin,yes,1,PASS,1,1615293,1615293,6.208251311027269,1615293,99.99,0.09
HPGP_GLOBAL,SPA-108,levofloxacin,yes,1,PASS,1,1615293,1615293,6.208251311027269,1615293,99.99,0.09
HPGP_GLOBAL,SPA-111,clarithromycin,yes,1,PASS,1,1570816,1570816,6.1961253162527745,1570816,99.99,0.03
HPGP_GLOBAL,SPA-111,levofloxacin,yes,1,PASS,1,1570816,1570816,6.1961253162527745,1570816,99.99,0.03
HPGP_GLOBAL,SPA-201,clarithromycin,yes,1,PASS,1,1676894,1676894,6.224505610805226,1676894,99.99,0.05
HPGP_GLOBAL,SPA-201,levofloxacin,yes,1,PASS,1,1676894,1676894,6.224505610805226,1676894,99.99,0.05
HPGP_GLOBAL,SPA-202,clarithromycin,yes,1,PASS,1,1688307,1688307,6.227451421130311,1688307,99.99,0.01
HPGP_GLOBAL,SPA-202,levofloxacin,yes,1,PASS,1,1688307,1688307,6.227451421130311,1688307,99.99,0.01
HPGP_GLOBAL,SPA-203,clarithromycin,yes,1,PASS,1,1617854,1617854,6.208939327007223,1617854,99.99,0.03
HPGP_GLOBAL,SPA-203,levofloxacin,yes,1,PASS,1,1617854,1617854,6.208939327007223,1617854,99.99,0.03
HPGP_GLOBAL,SPA-205,clarithromycin,yes,1,PASS,1,1576095,1576095,6.197582391283189,1576095,99.99,0.1
HPGP_GLOBAL,SPA-205,levofloxacin,yes,1,PASS,1,1576095,1576095,6.197582391283189,1576095,99.99,0.1
HPGP_GLOBAL,SPA-210,clarithromycin,yes,1,PASS,1,1587919,1587919,6.200828345225691,1587919,99.99,0.01
HPGP_GLOBAL,SPA-210,levofloxacin,yes,1,PASS,1,1587919,1587919,6.200828345225691,1587919,99.99,0.01
HPGP_GLOBAL,SPA-301,clarithromycin,yes,1,PASS,1,1659411,1659411,6.21995396464134,1659411,99.99,0.1
HPGP_GLOBAL,SPA-301,levofloxacin,yes,1,PASS,1,1659411,1659411,6.21995396464134,1659411,99.99,0.1
HPGP_GLOBAL,SPA-303,clarithromycin,yes,1,PASS,1,1620854,1620854,6.209743897112553,1620854,99.99,0.04
HPGP_GLOBAL,SPA-303,levofloxacin,yes,1,PASS,1,1620854,1620854,6.209743897112553,1620854,99.99,0.04
HPGP_GLOBAL,SPA-311,clarithromycin,yes,1,PASS,1,1619032,1619032,6.2092554326237135,1619032,100.0,0.04
HPGP_GLOBAL,SPA-311,levofloxacin,yes,1,PASS,1,1619032,1619032,6.2092554326237135,1619032,100.0,0.04
HPGP_GLOBAL,SPA-312,clarithromycin,yes,1,PASS,1,1660119,1660119,6.220139220082833,1660119,100.0,0.03
HPGP_GLOBAL,SPA-312,levofloxacin,yes,1,PASS,1,1660119,1660119,6.220139220082833,1660119,100.0,0.03
HPGP_GLOBAL,SPA-315,clarithromycin,yes,1,PASS,1,1639320,1639320,6.214663737383336,1639320,99.99,0.13
HPGP_GLOBAL,SPA-315,levofloxacin,yes,1,PASS,1,1639320,1639320,6.214663737383336,1639320,99.99,0.13
HPGP_GLOBAL,SPA-318,clarithromycin,yes,1,PASS,1,1678202,1678202,6.224844234326644,1678202,100.0,0.05
HPGP_GLOBAL,SPA-318,levofloxacin,yes,1,PASS,1,1678202,1678202,6.224844234326644,1678202,100.0,0.05
HPGP_GLOBAL,SPA-321,clarithromycin,yes,1,PASS,1,1679943,1679943,6.225294546484538,1679943,100.0,0.27
HPGP_GLOBAL,SPA-321,levofloxacin,yes,1,PASS,1,1679943,1679943,6.225294546484538,1679943,100.0,0.27
HPGP_GLOBAL,SPA-401,clarithromycin,yes,1,PASS,1,1606438,1606438,6.205863968743761,1606438,99.99,0.0
HPGP_GLOBAL,SPA-401,levofloxacin,yes,1,PASS,1,1606438,1606438,6.205863968743761,1606438,99.99,0.0
HPGP_GLOBAL,SPA-405,clarithromycin,yes,1,PASS,1,1699624,1699624,6.230352855033371,1699624,100.0,0.25
HPGP_GLOBAL,SPA-405,levofloxacin,yes,1,PASS,1,1699624,1699624,6.230352855033371,1699624,100.0,0.25
HPGP_GLOBAL,SPA-413,clarithromycin,yes,1,PASS,1,1674489,1674489,6.223882298931728,1674489,99.99,0.37
HPGP_GLOBAL,SPA-413,levofloxacin,yes,1,PASS,1,1674489,1674489,6.223882298931728,1674489,99.99,0.37
HPGP_GLOBAL,SPA-502,clarithromycin,yes,1,PASS,1,1576526,1576526,6.19770113750918,1576526,99.99,0.13
HPGP_GLOBAL,SPA-502,levofloxacin,yes,1,PASS,1,1576526,1576526,6.19770113750918,1576526,99.99,0.13
HPGP_GLOBAL,SPA-504,clarithromycin,yes,1,PASS,1,1640813,1640813,6.215059088246401,1640813,99.99,0.01
HPGP_GLOBAL,SPA-504,levofloxacin,yes,1,PASS,1,1640813,1640813,6.215059088246401,1640813,99.99,0.01
HPGP_GLOBAL,SPA-508,clarithromycin,yes,1,PASS,1,1628029,1628029,6.2116621366881954,1628029,99.99,0.39
HPGP_GLOBAL,SPA-508,levofloxacin,yes,1,PASS,1,1628029,1628029,6.2116621366881954,1628029,99.99,0.39
HPGP_GLOBAL,SPA-509,clarithromycin,yes,1,PASS,1,1663455,1663455,6.2210110567732055,1663455,99.98,0.17
HPGP_GLOBAL,SPA-509,levofloxacin,yes,1,PASS,1,1663455,1663455,6.2210110567732055,1663455,99.98,0.17
HPGP_GLOBAL,SPA-607,clarithromycin,yes,1,PASS,1,1678132,1678132,6.224826118958068,1678132,99.89,0.34
HPGP_GLOBAL,SPA-607,levofloxacin,yes,1,PASS,1,1678132,1678132,6.224826118958068,1678132,99.89,0.34
HPGP_GLOBAL,SPA-609,clarithromycin,yes,1,PASS,1,1643170,1643170,6.215682497240671,1643170,99.99,0.03
HPGP_GLOBAL,SPA-609,levofloxacin,yes,1,PASS,1,1643170,1643170,6.215682497240671,1643170,99.99,0.03
HPGP_GLOBAL,SPA-703,clarithromycin,yes,1,PASS,1,1581418,1581418,6.199046677711884,1581418,99.98,0.28
HPGP_GLOBAL,SPA-703,levofloxacin,yes,1,PASS,1,1581418,1581418,6.199046677711884,1581418,99.98,0.28
HPGP_GLOBAL,SPA-705,clarithromycin,yes,1,PASS,1,1587290,1587290,6.200656280185129,1587290,99.99,0.04
HPGP_GLOBAL,SPA-705,levofloxacin,yes,1,PASS,1,1587290,1587290,6.200656280185129,1587290,99.99,0.04
HPGP_GLOBAL,SPA-707,clarithromycin,yes,1,PASS,1,1706700,1706700,6.232157188487434,1706700,100.0,0.36
HPGP_GLOBAL,SPA-707,levofloxacin,yes,1,PASS,1,1706700,1706700,6.232157188487434,1706700,100.0,0.36
HPGP_GLOBAL,SPA-801,clarithromycin,yes,1,PASS,1,1677924,1677924,6.224772285975334,1677924,99.99,0.05
HPGP_GLOBAL,SPA-801,levofloxacin,yes,1,PASS,1,1677924,1677924,6.224772285975334,1677924,99.99,0.05
HPGP_GLOBAL,SPA-803,clarithromycin,yes,1,PASS,1,1625750,1625750,6.211053762679936,1625750,99.98,0.03
HPGP_GLOBAL,SPA-803,levofloxacin,yes,1,PASS,1,1625750,1625750,6.211053762679936,1625750,99.98,0.03
HPGP_GLOBAL,SPA-805,clarithromycin,yes,1,PASS,1,1586055,1586055,6.200318243373985,1586055,99.98,0.12
HPGP_GLOBAL,SPA-805,levofloxacin,yes,1,PASS,1,1586055,1586055,6.200318243373985,1586055,99.98,0.12
HPGP_GLOBAL,SPA-806,clarithromycin,yes,1,PASS,1,1642348,1642348,6.215465185954248,1642348,99.99,0.02
HPGP_GLOBAL,SPA-806,levofloxacin,yes,1,PASS,1,1642348,1642348,6.215465185954248,1642348,99.99,0.02
HPGP_GLOBAL,SWE-006,clarithromycin,yes,1,PASS,1,1642130,1642130,6.2154075352729565,1642130,99.99,0.06
HPGP_GLOBAL,SWE-006,levofloxacin,yes,1,PASS,1,1642130,1642130,6.2154075352729565,1642130,99.99,0.06
HPGP_GLOBAL,SWE-008,clarithromycin,yes,1,PASS,1,1678454,1678454,6.224909443397603,1678454,99.99,0.04
HPGP_GLOBAL,SWE-008,levofloxacin,yes,1,PASS,1,1678454,1678454,6.224909443397603,1678454,99.99,0.04
HPGP_GLOBAL,SWE-010,clarithromycin,yes,1,PASS,1,1681953,1681953,6.225813855834166,1681953,99.99,0.2
HPGP_GLOBAL,SWE-010,levofloxacin,yes,1,PASS,1,1681953,1681953,6.225813855834166,1681953,99.99,0.2
HPGP_GLOBAL,SWE-015,clarithromycin,yes,1,PASS,1,1634654,1634654,6.213425841526779,1634654,99.99,0.04
HPGP_GLOBAL,SWE-015,levofloxacin,yes,1,PASS,1,1634654,1634654,6.213425841526779,1634654,99.99,0.04
HPGP_GLOBAL,SWE-016,clarithromycin,yes,1,PASS,1,1617426,1617426,6.208824420081493,1617426,99.94,0.17
HPGP_GLOBAL,SWE-016,levofloxacin,yes,1,PASS,1,1617426,1617426,6.208824420081493,1617426,99.94,0.17
HPGP_GLOBAL,SWE-026,clarithromycin,yes,1,PASS,1,1654901,1654901,6.218772018389854,1654901,99.99,0.42
HPGP_GLOBAL,SWE-026,levofloxacin,yes,1,PASS,1,1654901,1654901,6.218772018389854,1654901,99.99,0.42
HPGP_GLOBAL,SWE-028,clarithromycin,yes,1,PASS,1,1649875,1649875,6.217451041870476,1649875,99.98,0.07
HPGP_GLOBAL,SWE-028,levofloxacin,yes,1,PASS,1,1649875,1649875,6.217451041870476,1649875,99.98,0.07
HPGP_GLOBAL,SWE-031,clarithromycin,yes,1,PASS,1,1643191,1643191,6.215688047564643,1643191,99.99,0.23
HPGP_GLOBAL,SWE-031,levofloxacin,yes,1,PASS,1,1643191,1643191,6.215688047564643,1643191,99.99,0.23
HPGP_GLOBAL,SWT-001,clarithromycin,yes,1,PASS,1,1667389,1667389,6.222036932068621,1667389,99.99,0.09
HPGP_GLOBAL,SWT-001,levofloxacin,yes,1,PASS,1,1667389,1667389,6.222036932068621,1667389,99.99,0.09
HPGP_GLOBAL,SWT-002,clarithromycin,yes,1,PASS,1,1593038,1593038,6.20222613549572,1593038,100.0,0.05
HPGP_GLOBAL,SWT-002,levofloxacin,yes,1,PASS,1,1593038,1593038,6.20222613549572,1593038,100.0,0.05
HPGP_GLOBAL,SWT-004,clarithromycin,yes,1,PASS,1,1679177,1679177,6.225096477002707,1679177,99.99,0.0
HPGP_GLOBAL,SWT-004,levofloxacin,yes,1,PASS,1,1679177,1679177,6.225096477002707,1679177,99.99,0.0
HPGP_GLOBAL,SWT-005,clarithromycin,yes,1,PASS,1,1678855,1678855,6.225013188443455,1678855,99.99,0.0
HPGP_GLOBAL,SWT-005,levofloxacin,yes,1,PASS,1,1678855,1678855,6.225013188443455,1678855,99.99,0.0
HPGP_GLOBAL,SWT-006,clarithromycin,yes,1,PASS,1,1611621,1611621,6.207262917766166,1611621,99.98,0.01
HPGP_GLOBAL,SWT-006,levofloxacin,yes,1,PASS,1,1611621,1611621,6.207262917766166,1611621,99.98,0.01
HPGP_GLOBAL,SWT-008,clarithromycin,yes,1,PASS,1,1638450,1638450,6.214433192709287,1638450,99.99,0.01
HPGP_GLOBAL,SWT-008,levofloxacin,yes,1,PASS,1,1638450,1638450,6.214433192709287,1638450,99.99,0.01
HPGP_GLOBAL,SWT-010,clarithromycin,yes,1,PASS,1,1650513,1650513,6.21761894933039,1650513,100.0,0.0
HPGP_GLOBAL,SWT-010,levofloxacin,yes,1,PASS,1,1650513,1650513,6.21761894933039,1650513,100.0,0.0
HPGP_GLOBAL,SWT-011,clarithromycin,yes,1,PASS,1,1648229,1648229,6.217017551127574,1648229,99.99,0.92
HPGP_GLOBAL,SWT-011,levofloxacin,yes,1,PASS,1,1648229,1648229,6.217017551127574,1648229,99.99,0.92
HPGP_GLOBAL,SWT-012,clarithromycin,yes,1,PASS,1,1605427,1605427,6.205590562647486,1605427,99.98,0.08
HPGP_GLOBAL,SWT-012,levofloxacin,yes,1,PASS,1,1605427,1605427,6.205590562647486,1605427,99.98,0.08
HPGP_GLOBAL,SWT-013,clarithromycin,yes,1,PASS,1,1567886,1567886,6.195314482219084,1567886,99.99,0.16
HPGP_GLOBAL,SWT-013,levofloxacin,yes,1,PASS,1,1567886,1567886,6.195314482219084,1567886,99.99,0.16
HPGP_GLOBAL,SWT-014,clarithromycin,yes,1,PASS,1,1636257,1636257,6.213851517499146,1636257,99.97,0.0
HPGP_GLOBAL,SWT-014,levofloxacin,yes,1,PASS,1,1636257,1636257,6.213851517499146,1636257,99.97,0.0
HPGP_GLOBAL,SWT-015,clarithromycin,yes,1,PASS,1,1612015,1612015,6.207369078652024,1612015,99.98,0.35
HPGP_GLOBAL,SWT-015,levofloxacin,yes,1,PASS,1,1612015,1612015,6.207369078652024,1612015,99.98,0.35
HPGP_GLOBAL,SWT-017,clarithromycin,yes,1,PASS,1,1600599,1600599,6.204282541225553,1600599,99.99,0.0
HPGP_GLOBAL,SWT-017,levofloxacin,yes,1,PASS,1,1600599,1600599,6.204282541225553,1600599,99.99,0.0
HPGP_GLOBAL,TUR-001,clarithromycin,yes,1,PASS,1,1657499,1657499,6.219453275058945,1657499,99.99,0.01
HPGP_GLOBAL,TUR-001,levofloxacin,yes,1,PASS,1,1657499,1657499,6.219453275058945,1657499,99.99,0.01
HPGP_GLOBAL,TUR-002,clarithromycin,yes,1,PASS,1,1583197,1583197,6.199534958254504,1583197,99.97,0.0
HPGP_GLOBAL,TUR-002,levofloxacin,yes,1,PASS,1,1583197,1583197,6.199534958254504,1583197,99.97,0.0
HPGP_GLOBAL,TUR-003,clarithromycin,yes,1,PASS,1,1565271,1565271,6.194589539080978,1565271,99.99,0.0
HPGP_GLOBAL,TUR-003,levofloxacin,yes,1,PASS,1,1565271,1565271,6.194589539080978,1565271,99.99,0.0
HPGP_GLOBAL,TUR-005,clarithromycin,yes,1,PASS,1,1584135,1584135,6.199792189410528,1584135,99.98,0.0
HPGP_GLOBAL,TUR-005,levofloxacin,yes,1,PASS,1,1584135,1584135,6.199792189410528,1584135,99.98,0.0
HPGP_GLOBAL,TUR-008,clarithromycin,yes,1,PASS,1,1671771,1671771,6.223176787308958,1671771,99.99,0.09
HPGP_GLOBAL,TUR-008,levofloxacin,yes,1,PASS,1,1671771,1671771,6.223176787308958,1671771,99.99,0.09
HPGP_GLOBAL,TUR-010,clarithromycin,yes,1,PASS,1,1617936,1617936,6.20896133841558,1617936,99.98,0.01
HPGP_GLOBAL,TUR-010,levofloxacin,yes,1,PASS,1,1617936,1617936,6.20896133841558,1617936,99.98,0.01
HPGP_GLOBAL,TUR-011,clarithromycin,yes,1,PASS,1,1646871,1646871,6.216659582058463,1646871,99.98,0.14
HPGP_GLOBAL,TUR-011,levofloxacin,yes,1,PASS,1,1646871,1646871,6.216659582058463,1646871,99.98,0.14
HPGP_GLOBAL,TUR-014,clarithromycin,yes,1,PASS,1,1634228,1634228,6.213312647198969,1634228,100.0,0.0
HPGP_GLOBAL,TUR-014,levofloxacin,yes,1,PASS,1,1634228,1634228,6.213312647198969,1634228,100.0,0.0
HPGP_GLOBAL,TUR-017,clarithromycin,yes,1,PASS,1,1665676,1665676,6.221590528225311,1665676,100.0,0.05
HPGP_GLOBAL,TUR-017,levofloxacin,yes,1,PASS,1,1665676,1665676,6.221590528225311,1665676,100.0,0.05
HPGP_GLOBAL,TUR-023,clarithromycin,yes,1,PASS,1,1664066,1664066,6.221170547235579,1664066,100.0,0.01
HPGP_GLOBAL,TUR-023,levofloxacin,yes,1,PASS,1,1664066,1664066,6.221170547235579,1664066,100.0,0.01
HPGP_GLOBAL,TWN-001,clarithromycin,yes,1,PASS,1,1615426,1615426,6.208287068495576,1615426,100.0,0.04
HPGP_GLOBAL,TWN-001,levofloxacin,yes,1,PASS,1,1615426,1615426,6.208287068495576,1615426,100.0,0.04
HPGP_GLOBAL,TWN-004,clarithromycin,yes,1,PASS,1,1579874,1579874,6.198622451962807,1579874,100.0,0.0
HPGP_GLOBAL,TWN-004,levofloxacin,yes,1,PASS,1,1579874,1579874,6.198622451962807,1579874,100.0,0.0
HPGP_GLOBAL,TWN-005,clarithromycin,yes,1,PASS,1,1596199,1596199,6.203087034392121,1596199,99.99,0.0
HPGP_GLOBAL,TWN-005,levofloxacin,yes,1,PASS,1,1596199,1596199,6.203087034392121,1596199,99.99,0.0
HPGP_GLOBAL,TWN-006,clarithromycin,yes,1,PASS,1,1601009,1601009,6.204393773293035,1601009,100.0,0.01
HPGP_GLOBAL,TWN-006,levofloxacin,yes,1,PASS,1,1601009,1601009,6.204393773293035,1601009,100.0,0.01
HPGP_GLOBAL,TWN-007,clarithromycin,yes,1,PASS,1,1628677,1628677,6.211834963359063,1628677,100.0,0.0
HPGP_GLOBAL,TWN-007,levofloxacin,yes,1,PASS,1,1628677,1628677,6.211834963359063,1628677,100.0,0.0
HPGP_GLOBAL,TWN-008,clarithromycin,yes,1,PASS,1,1585459,1585459,6.20015501564473,1585459,100.0,0.0
HPGP_GLOBAL,TWN-008,levofloxacin,yes,1,PASS,1,1585459,1585459,6.20015501564473,1585459,100.0,0.0
HPGP_GLOBAL,TWN-009,clarithromycin,yes,1,PASS,1,1577218,1577218,6.1978917248151255,1577218,99.99,0.02
HPGP_GLOBAL,TWN-009,levofloxacin,yes,1,PASS,1,1577218,1577218,6.1978917248151255,1577218,99.99,0.02
HPGP_GLOBAL,TWN-020,clarithromycin,yes,1,PASS,1,1634172,1634172,6.2132977649991235,1634172,100.0,0.0
HPGP_GLOBAL,TWN-020,levofloxacin,yes,1,PASS,1,1634172,1634172,6.2132977649991235,1634172,100.0,0.0
HPGP_GLOBAL,TWN-022,clarithromycin,yes,1,PASS,1,1558101,1558101,6.192595606302504,1558101,99.98,0.01
HPGP_GLOBAL,TWN-022,levofloxacin,yes,1,PASS,1,1558101,1558101,6.192595606302504,1558101,99.98,0.01
HPGP_GLOBAL,TWN-023,clarithromycin,yes,1,PASS,1,1560258,1560258,6.193196418041543,1560258,99.99,0.0
HPGP_GLOBAL,TWN-023,levofloxacin,yes,1,PASS,1,1560258,1560258,6.193196418041543,1560258,99.99,0.0
HPGP_GLOBAL,USA-002,clarithromycin,yes,1,PASS,1,1678929,1678929,6.22503233070613,1678929,99.99,0.24
HPGP_GLOBAL,USA-002,levofloxacin,yes,1,PASS,1,1678929,1678929,6.22503233070613,1678929,99.99,0.24
HPGP_GLOBAL,USA-003,clarithromycin,yes,1,PASS,1,1658442,1658442,6.219700287721399,1658442,100.0,0.05
HPGP_GLOBAL,USA-003,levofloxacin,yes,1,PASS,1,1658442,1658442,6.219700287721399,1658442,100.0,0.05
HPGP_GLOBAL,USA-102,clarithromycin,yes,1,PASS,1,1706986,1706986,6.232229959223885,1706986,99.99,0.04
HPGP_GLOBAL,USA-102,levofloxacin,yes,1,PASS,1,1706986,1706986,6.232229959223885,1706986,99.99,0.04
HPGP_GLOBAL,USA-104,clarithromycin,yes,1,PASS,1,1633887,1633887,6.213222017328928,1633887,100.0,0.02
HPGP_GLOBAL,USA-104,levofloxacin,yes,1,PASS,1,1633887,1633887,6.213222017328928,1633887,100.0,0.02
HPGP_GLOBAL,USA-105,clarithromycin,yes,1,PASS,1,1668895,1668895,6.222429013518623,1668895,99.99,0.02
HPGP_GLOBAL,USA-105,levofloxacin,yes,1,PASS,1,1668895,1668895,6.222429013518623,1668895,99.99,0.02
HPGP_GLOBAL,USA-106,clarithromycin,yes,1,PASS,1,1653583,1653583,6.218425998788472,1653583,99.99,0.25
HPGP_GLOBAL,USA-106,levofloxacin,yes,1,PASS,1,1653583,1653583,6.218425998788472,1653583,99.99,0.25
HPGP_GLOBAL,USA-202,clarithromycin,yes,1,PASS,1,1640108,1640108,6.2148724469865515,1640108,100.0,0.01
HPGP_GLOBAL,USA-202,levofloxacin,yes,1,PASS,1,1640108,1640108,6.2148724469865515,1640108,100.0,0.01
HPGP_GLOBAL,USA-204,clarithromycin,yes,1,PASS,1,1742736,1742736,6.241231602585037,1742736,100.0,0.15
HPGP_GLOBAL,USA-204,levofloxacin,yes,1,PASS,1,1742736,1742736,6.241231602585037,1742736,100.0,0.15
HPGP_GLOBAL,USA-206,clarithromycin,yes,1,PASS,1,1712228,1712228,6.2335615947739,1712228,99.99,0.13
HPGP_GLOBAL,USA-206,levofloxacin,yes,1,PASS,1,1712228,1712228,6.2335615947739,1712228,99.99,0.13
HPGP_GLOBAL,USA-207,clarithromycin,yes,1,PASS,1,1565497,1565497,6.194652239704647,1565497,99.99,0.12
HPGP_GLOBAL,USA-207,levofloxacin,yes,1,PASS,1,1565497,1565497,6.194652239704647,1565497,99.99,0.12
HPGP_GLOBAL,USA-302,clarithromycin,yes,1,PASS,1,1660399,1660399,6.220212463146248,1660399,100.0,0.04
HPGP_GLOBAL,USA-302,levofloxacin,yes,1,PASS,1,1660399,1660399,6.220212463146248,1660399,100.0,0.04
HPGP_GLOBAL,USA-304,clarithromycin,yes,1,PASS,1,1631362,1631362,6.2125503418852555,1631362,100.0,0.0
HPGP_GLOBAL,USA-304,levofloxacin,yes,1,PASS,1,1631362,1631362,6.2125503418852555,1631362,100.0,0.0
HPGP_GLOBAL,USA-311,clarithromycin,yes,1,PASS,1,1680096,1680096,6.225334097844375,1680096,100.0,0.0
HPGP_GLOBAL,USA-311,levofloxacin,yes,1,PASS,1,1680096,1680096,6.225334097844375,1680096,100.0,0.0
HPGP_GLOBAL,USA-406,clarithromycin,yes,1,PASS,1,1637717,1637717,6.2142388571576825,1637717,99.99,0.01
HPGP_GLOBAL,USA-406,levofloxacin,yes,1,PASS,1,1637717,1637717,6.2142388571576825,1637717,99.99,0.01
HPGP_GLOBAL,USA-414,clarithromycin,yes,1,PASS,1,1605620,1605620,6.205642769192646,1605620,99.99,0.03
HPGP_GLOBAL,USA-414,levofloxacin,yes,1,PASS,1,1605620,1605620,6.205642769192646,1605620,99.99,0.03
HPGP_GLOBAL,ZAF-001,clarithromycin,yes,1,PASS,1,1714499,1714499,6.234137236144105,1714499,99.98,0.09
HPGP_GLOBAL,ZAF-001,levofloxacin,yes,1,PASS,1,1714499,1714499,6.234137236144105,1714499,99.98,0.09
HPGP_GLOBAL,ZAF-002,clarithromycin,yes,1,PASS,1,1725063,1725063,6.236804960309435,1725063,99.99,0.33
HPGP_GLOBAL,ZAF-002,levofloxacin,yes,1,PASS,1,1725063,1725063,6.236804960309435,1725063,99.99,0.33
HPGP_GLOBAL,ZAF-004,clarithromycin,yes,1,PASS,1,1666673,1666673,6.221850399932252,1666673,100.0,0.01
HPGP_GLOBAL,ZAF-004,levofloxacin,yes,1,PASS,1,1666673,1666673,6.221850399932252,1666673,100.0,0.01
HPGP_GLOBAL,ZAF-006,clarithromycin,yes,1,PASS,1,1641225,1641225,6.21516812374659,1641225,99.97,0.0
HPGP_GLOBAL,ZAF-006,levofloxacin,yes,1,PASS,1,1641225,1641225,6.21516812374659,1641225,99.97,0.0
ZENODO_10369064,S01,clarithromycin,yes,1,PASS,65,1587473,55016,4.740489011333966,170632,100.0,0.42
ZENODO_10369064,S01,levofloxacin,yes,1,PASS,65,1587473,55016,4.740489011333966,170632,100.0,0.42
ZENODO_10369064,S03,clarithromycin,yes,1,PASS,152,1578522,19523,4.290546554280307,60027,99.99,0.01
ZENODO_10369064,S03,levofloxacin,yes,1,PASS,152,1578522,19523,4.290546554280307,60027,99.99,0.01
ZENODO_10369064,S04,clarithromycin,yes,1,PASS,88,1566831,36633,4.563872485961719,120422,99.95,0.05
ZENODO_10369064,S04,levofloxacin,no,0,PASS,88,1566831,36633,4.563872485961719,120422,99.95,0.05
ZENODO_10369064,S05,clarithromycin,yes,1,PASS,84,1570440,38817,4.589021967585277,185127,99.98,0.0
ZENODO_10369064,S05,levofloxacin,yes,1,PASS,84,1570440,38817,4.589021967585277,185127,99.98,0.0
ZENODO_10369064,S06,clarithromycin,yes,1,PASS,62,1571825,48060,4.681783766467881,110336,100.0,0.25
ZENODO_10369064,S06,levofloxacin,yes,1,PASS,62,1571825,48060,4.681783766467881,110336,100.0,0.25
ZENODO_10369064,S07,clarithromycin,yes,1,PASS,150,1549440,19036,4.27957569612672,81986,99.98,0.19
ZENODO_10369064,S07,levofloxacin,yes,1,PASS,150,1549440,19036,4.27957569612672,81986,99.98,0.19
ZENODO_10369064,S08,clarithromycin,yes,1,PASS,54,1551244,63727,4.804323474197544,201663,99.99,0.01
ZENODO_10369064,S08,levofloxacin,yes,1,PASS,54,1551244,63727,4.804323474197544,201663,99.99,0.01
ZENODO_10369064,S09,clarithromycin,yes,1,PASS,78,1553908,52127,4.7170627312393805,112667,100.0,0.07
ZENODO_10369064,S09,levofloxacin,no,0,PASS,78,1553908,52127,4.7170627312393805,112667,100.0,0.07
ZENODO_10369064,S10,clarithromycin,yes,1,PASS,162,1568033,18874,4.275863950712521,55897,99.53,0.04
ZENODO_10369064,S10,levofloxacin,yes,1,PASS,162,1568033,18874,4.275863950712521,55897,99.53,0.04
ZENODO_10369064,S11,clarithromycin,yes,1,PASS,83,1542163,37676,4.576064788225377,134421,99.99,0.0
ZENODO_10369064,S11,levofloxacin,yes,1,PASS,83,1542163,37676,4.576064788225377,134421,99.99,0.0
ZENODO_10369064,S12,clarithromycin,yes,1,PASS,58,1616845,59736,4.7762361383202,213153,99.99,0.01
ZENODO_10369064,S12,levofloxacin,yes,1,PASS,58,1616845,59736,4.7762361383202,213153,99.99,0.01
ZENODO_10369064,S13,clarithromycin,yes,1,PASS,93,1576699,31325,4.495891079666188,117175,99.98,0.0
ZENODO_10369064,S13,levofloxacin,yes,1,PASS,93,1576699,31325,4.495891079666188,117175,99.98,0.0
ZENODO_10369064,S14,clarithromycin,yes,1,PASS,73,1609784,42532,4.6287158052050055,162726,99.98,0.02
ZENODO_10369064,S14,levofloxacin,yes,1,PASS,73,1609784,42532,4.6287158052050055,162726,99.98,0.02
ZENODO_10369064,S15,clarithromycin,yes,1,PASS,103,1539002,27028,4.431813910252937,92811,99.99,0.0
ZENODO_10369064,S15,levofloxacin,yes,1,PASS,103,1539002,27028,4.431813910252937,92811,99.99,0.0
ZENODO_10369064,S16,clarithromycin,yes,1,PASS,57,1611335,74624,4.872878524406882,288696,100.0,0.01
ZENODO_10369064,S16,levofloxacin,yes,1,PASS,57,1611335,74624,4.872878524406882,288696,100.0,0.01
ZENODO_10369064,S17,clarithromycin,yes,1,PASS,88,1547945,35980,4.556061159009532,79818,99.98,0.04
ZENODO_10369064,S17,levofloxacin,yes,1,PASS,88,1547945,35980,4.556061159009532,79818,99.98,0.04
ZENODO_10369064,S18,clarithromycin,yes,1,PASS,101,1561586,45995,4.662710623193903,137841,99.99,0.0
ZENODO_10369064,S18,levofloxacin,yes,1,PASS,101,1561586,45995,4.662710623193903,137841,99.99,0.0
ZENODO_10369064,S19,clarithromycin,yes,1,PASS,198,1591410,18091,4.257462573630329,59989,98.82,0.18
ZENODO_10369064,S19,levofloxacin,yes,1,PASS,198,1591410,18091,4.257462573630329,59989,98.82,0.18
ZENODO_10369064,S20,clarithromycin,yes,1,PASS,49,1542703,66709,4.82418443041818,259950,99.99,0.0
ZENODO_10369064,S20,levofloxacin,yes,1,PASS,49,1542703,66709,4.82418443041818,259950,99.99,0.0
ZENODO_10369064,S21,clarithromycin,no,0,FAIL,411,1656806,16813,4.225645212975453,65244,94.87,1.51
ZENODO_10369064,S21,levofloxacin,no,0,FAIL,411,1656806,16813,4.225645212975453,65244,94.87,1.51
ZENODO_10369064,S23,clarithromycin,yes,1,PASS,69,1603351,48383,4.684692793398578,115708,100.0,0.07
ZENODO_10369064,S23,levofloxacin,yes,1,PASS,69,1603351,48383,4.684692793398578,115708,100.0,0.07
ZENODO_10369064,S24,clarithromycin,yes,1,PASS,71,1548572,36730,4.565020928345294,111778,99.98,0.01
ZENODO_10369064,S24,levofloxacin,yes,1,PASS,71,1548572,36730,4.565020928345294,111778,99.98,0.01
ZENODO_10369064,S25,clarithromycin,yes,1,PASS,63,1576749,54774,4.738574457461473,122666,99.97,0.18
ZENODO_10369064,S25,levofloxacin,yes,1,PASS,63,1576749,54774,4.738574457461473,122666,99.97,0.18
ZENODO_10369064,S26,clarithromycin,yes,1,PASS,113,1600590,30342,4.482044204016188,80086,99.99,0.06
ZENODO_10369064,S26,levofloxacin,yes,1,PASS,113,1600590,30342,4.482044204016188,80086,99.99,0.06
ZENODO_10369064,S27,clarithromycin,no,0,FAIL,1026,1382268,1955,3.2911467617318855,9634,75.52,3.58
ZENODO_10369064,S27,levofloxacin,no,0,FAIL,1026,1382268,1955,3.2911467617318855,9634,75.52,3.58
ZENODO_10369064,S28,clarithromycin,yes,1,PASS,46,1563224,104114,5.0175091321420195,361586,100.0,0.01
ZENODO_10369064,S28,levofloxacin,yes,1,PASS,46,1563224,104114,5.0175091321420195,361586,100.0,0.01
ZENODO_10369064,S29,clarithromycin,yes,1,PASS,42,1531182,68279,4.834287151902828,240673,100.0,0.01
ZENODO_10369064,S29,levofloxacin,yes,1,PASS,42,1531182,68279,4.834287151902828,240673,100.0,0.01
ZENODO_10369064,S30,clarithromycin,yes,1,PASS,215,1540640,13553,4.132035438327499,46880,99.26,0.06
ZENODO_10369064,S30,levofloxacin,yes,1,PASS,215,1540640,13553,4.132035438327499,46880,99.26,0.06
ZENODO_10369064,S31,clarithromycin,yes,1,PASS,69,1538493,38763,4.588417381201925,155137,99.99,0.12
ZENODO_10369064,S31,levofloxacin,yes,1,PASS,69,1538493,38763,4.588417381201925,155137,99.99,0.12
ZENODO_10369064,S32,clarithromycin,yes,1,PASS,71,1583649,46609,4.668469785208046,112236,99.99,0.0
ZENODO_10369064,S32,levofloxacin,yes,1,PASS,71,1583649,46609,4.668469785208046,112236,99.99,0.0
ZENODO_10369064,S33,clarithromycin,no,0,FAIL,1204,1344219,1523,3.1826999033360424,9842,70.02,3.24
ZENODO_10369064,S33,levofloxacin,no,0,FAIL,1204,1344219,1523,3.1826999033360424,9842,70.02,3.24
ZENODO_10369064,S34,clarithromycin,yes,1,PASS,85,1585765,54219,4.734151503312949,129582,99.99,0.65
ZENODO_10369064,S34,levofloxacin,yes,1,PASS,85,1585765,54219,4.734151503312949,129582,99.99,0.65
ZENODO_10369064,S35,clarithromycin,yes,1,PASS,122,1603771,26530,4.423737249982329,73110,99.99,0.36
ZENODO_10369064,S35,levofloxacin,yes,1,PASS,122,1603771,26530,4.423737249982329,73110,99.99,0.36
ZENODO_10369064,S36,clarithromycin,yes,1,PASS,119,1610426,24618,4.391252767350556,70225,99.97,0.04
ZENODO_10369064,S36,levofloxacin,yes,1,PASS,119,1610426,24618,4.391252767350556,70225,99.97,0.04
ZENODO_10369064,S37,clarithromycin,yes,1,PASS,52,1606233,61579,4.789432631985039,270032,99.99,0.01
ZENODO_10369064,S37,levofloxacin,yes,1,PASS,52,1606233,61579,4.789432631985039,270032,99.99,0.01
ZENODO_10369064,S39,clarithromycin,yes,1,PASS,172,1630851,27423,4.438114963661999,110471,99.93,1.78
ZENODO_10369064,S39,levofloxacin,yes,1,PASS,172,1630851,27423,4.438114963661999,110471,99.93,1.78
ZENODO_10369064,S41,clarithromycin,yes,1,PASS,60,1640535,60096,4.7788455662499985,159810,99.99,0.01
ZENODO_10369064,S41,levofloxacin,yes,1,PASS,60,1640535,60096,4.7788455662499985,159810,99.99,0.01
ZENODO_10369064,S42,clarithromycin,yes,1,PASS,69,1595315,46593,4.668320674421181,152177,100.0,0.0
ZENODO_10369064,S42,levofloxacin,yes,1,PASS,69,1595315,46593,4.668320674421181,152177,100.0,0.0
ZENODO_10369064,S43,clarithromycin,yes,1,PASS,53,1554009,59231,4.772549064918772,234001,99.98,0.0
ZENODO_10369064,S43,levofloxacin,yes,1,PASS,53,1554009,59231,4.772549064918772,234001,99.98,0.0
ZENODO_10369064,S45,clarithromycin,yes,1,PASS,117,1628842,41638,4.619489860852332,123582,99.99,0.19
ZENODO_10369064,S45,levofloxacin,yes,1,PASS,117,1628842,41638,4.619489860852332,123582,99.99,0.19
ZENODO_10369064,S46,clarithromycin,yes,1,PASS,86,1623089,40208,4.604312471248501,204561,99.99,0.06
ZENODO_10369064,S46,levofloxacin,no,0,PASS,86,1623089,40208,4.604312471248501,204561,99.99,0.06
ZENODO_10369064,S47,clarithromycin,no,0,FAIL,358,1648206,9709,3.9871745010875417,42273,96.53,4.58
ZENODO_10369064,S47,levofloxacin,no,0,FAIL,358,1648206,9709,3.9871745010875417,42273,96.53,4.58
ZENODO_10369064,S48,clarithromycin,yes,1,PASS,42,1629699,68282,4.834306233242975,215581,99.99,0.04
ZENODO_10369064,S48,levofloxacin,yes,1,PASS,42,1629699,68282,4.834306233242975,215581,99.99,0.04
ZENODO_10369064,S49,clarithromycin,yes,1,PASS,42,1596706,71434,4.853904969448208,380807,100.0,0.01
ZENODO_10369064,S49,levofloxacin,yes,1,PASS,42,1596706,71434,4.853904969448208,380807,100.0,0.01
ZENODO_10369064,S50,clarithromycin,yes,1,PASS,101,1614446,26072,4.416174347457088,77348,99.98,0.03
ZENODO_10369064,S50,levofloxacin,yes,1,PASS,101,1614446,26072,4.416174347457088,77348,99.98,0.03
ZENODO_10369064,S52,clarithromycin,yes,1,PASS,93,1596767,31832,4.502863926138332,116723,99.96,0.0
ZENODO_10369064,S52,levofloxacin,yes,1,PASS,93,1596767,31832,4.502863926138332,116723,99.96,0.0
ZENODO_10369064,S54,clarithromycin,no,0,FAIL,268,5705440,85122,4.930041819118732,248003,100.0,4.35
ZENODO_10369064,S54,levofloxacin,no,0,FAIL,268,5705440,85122,4.930041819118732,248003,100.0,4.35
ZENODO_10369064,S55,clarithromycin,yes,1,PASS,137,1606620,21410,4.330616667294438,87445,99.97,0.06
ZENODO_10369064,S55,levofloxacin,yes,1,PASS,137,1606620,21410,4.330616667294438,87445,99.97,0.06
ZENODO_10369064,S56,clarithromycin,yes,1,PASS,63,1603198,56647,4.753176914765256,138932,99.99,0.02
ZENODO_10369064,S56,levofloxacin,yes,1,PASS,63,1603198,56647,4.753176914765256,138932,99.99,0.02
ZENODO_10369064,S57,clarithromycin,yes,1,PASS,92,1575252,36659,4.564180613915743,115388,99.99,0.09
ZENODO_10369064,S57,levofloxacin,yes,1,PASS,92,1575252,36659,4.564180613915743,115388,99.99,0.09
ZENODO_10369064,S58,clarithromycin,no,0,FAIL,435,7305068,65539,4.816499810592357,238112,100.0,66.43
ZENODO_10369064,S58,levofloxacin,no,0,FAIL,435,7305068,65539,4.816499810592357,238112,100.0,66.43
ZENODO_10369064,S64,clarithromycin,yes,1,PASS,42,1558583,77665,4.890225346582284,151948,99.99,0.0
ZENODO_10369064,S64,levofloxacin,no,0,PASS,42,1558583,77665,4.890225346582284,151948,99.99,0.0
