dataset_id,strain,biosample,assembly_accession,genbank_accession,refseq_accession,wgs_accession,assembly_level,coverage,contig_n50,total_length,ftp_genbank,ftp_refseq
HPGP_GLOBAL,,SAMN19960120,GCA_035156865.2,GCA_035156865.2,,,Complete Genome,942,1642907,1642907,ftp://ftp.ncbi.nlm.nih.gov/genomes/all/GCA/035/156/865/GCA_035156865.2_HpGP-ISR-004,
HPGP_GLOBAL,,SAMN19960121,GCA_035156745.2,GCA_035156745.2,,,Complete Genome,996,1630843,1630843,ftp://ftp.ncbi.nlm.nih.gov/genomes/all/GCA/035/156/745/GCA_035156745.2_HpGP-ISR-005,
HPGP_GLOBAL,,SAMN19960122,GCA_035156625.2,GCA_035156625.2,,,Complete Genome,1491,1625394,1625394,ftp://ftp.ncbi.nlm.nih.gov/genomes/all/GCA/035/156/625/GCA_035156625.2_HpGP-ISR-006,
HPGP_GLOBAL,,SAMN19960127,GCA_035155765.2,GCA_035155765.2,,,Complete Genome,343,1571531,1571531,ftp://ftp.ncbi.nlm.nih.gov/genomes/all/GCA/035/155/765/GCA_035155765.2_HpGP-JAP-101,
HPGP_GLOBAL,,SAMN11317501,GCA_041903795.1,GCA_041903795.1,,,Complete Genome,1262,1590675,1590675,ftp://ftp.ncbi.nlm.nih.gov/genomes/all/GCA/041/903/795/GCA_041903795.1_HpGP-MAL-017,
HPGP_GLOBAL,HpGP-ISR-005,SAMN19960121,GCA_035156745.1,GCA_035156745.1,,,Complete Genome,996,1630843,1630843,ftp://ftp.ncbi.nlm.nih.gov/genomes/all/GCA/035/156/745/GCA_035156745.1_ASM3515674v1,
HPGP_GLOBAL,HpGP-ISR-006,SAMN19960122,GCA_035156625.1,GCA_035156625.1,,,Complete Genome,1491,1625394,1625394,ftp://ftp.ncbi.nlm.nih.gov/genomes/all/GCA/035/156/625/GCA_035156625.1_ASM3515662v1,
HPGP_GLOBAL,HpGP-JAP-101,SAMN19960127,GCA_035155765.1,GCA_035155765.1,,,Complete Genome,343,1571531,1571531,ftp://ftp.ncbi.nlm.nih.gov/genomes/all/GCA/035/155/765/GCA_035155765.1_ASM3515576v1,
HPGP_GLOBAL,HpGP-ISR-004,SAMN19960120,GCA_035156865.1,GCA_035156865.1,,,Complete Genome,942,1642907,1642907,ftp://ftp.ncbi.nlm.nih.gov/genomes/all/GCA/035/156/865/GCA_035156865.1_ASM3515686v1,
HPGP_GLOBAL,HpGP-FRA-001,SAMN12231008,GCA_035186245.1,GCA_035186245.1,,,Complete Genome,562,1744811,1744811,ftp://ftp.ncbi.nlm.nih.gov/genomes/all/GCA/035/186/245/GCA_035186245.1_ASM3518624v1,
HPGP_GLOBAL,HpGP-FRA-002,SAMN12231181,GCA_035185585.1,GCA_035185585.1,,,Complete Genome,563,1650725,1650725,ftp://ftp.ncbi.nlm.nih.gov/genomes/all/GCA/035/185/585/GCA_035185585.1_ASM3518558v1,
HPGP_GLOBAL,HpGP-FRA-005,SAMN12231246,GCA_035185565.1,GCA_035185565.1,,,Complete Genome,1475,1613824,1613824,ftp://ftp.ncbi.nlm.nih.gov/genomes/all/GCA/035/185/565/GCA_035185565.1_ASM3518556v1,
HPGP_GLOBAL,HpGP-FRA-006,SAMN12231270,GCA_035185545.1,GCA_035185545.1,,,Complete Genome,887,1575650,1575650,ftp://ftp.ncbi.nlm.nih.gov/genomes/all/GCA/035/185/545/GCA_035185545.1_ASM3518554v1,
HPGP_GLOBAL,HpGP-FRA-007,SAMN12231316,GCA_035185525.1,GCA_035185525.1,,,Complete Genome,1173,1722160,1722160,ftp://ftp.ncbi.nlm.nih.gov/genomes/all/GCA/035/185/525/GCA_035185525.1_ASM3518552v1,
HPGP_GLOBAL,HpGP-FRA-008,SAMN12231392,GCA_035185505.1,GCA_035185505.1,,,Complete Genome,835,1576068,1576068,ftp://ftp.ncbi.nlm.nih.gov/genomes/all/GCA/035/185/505/GCA_035185505.1_ASM3518550v1,
HPGP_GLOBAL,HpGP-FRA-009,SAMN12231431,GCA_035185485.1,GCA_035185485.1,,,Complete Genome,918,1624113,1624113,ftp://ftp.ncbi.nlm.nih.gov/genomes/all/GCA/035/185/485/GCA_035185485.1_ASM3518548v1,
HPGP_GLOBAL,HpGP-FRA-010,SAMN12231477,GCA_035185465.1,GCA_035185465.1,,,Complete Genome,540,1574338,1574338,ftp://ftp.ncbi.nlm.nih.gov/genomes/all/GCA/035/185/465/GCA_035185465.1_ASM3518546v1,
HPGP_GLOBAL,HpGP-FRA-011,SAMN12231560,GCA_035185445.1,GCA_035185445.1,,,Complete Genome,1066,1633195,1633195,ftp://ftp.ncbi.nlm.nih.gov/genomes/all/GCA/035/185/445/GCA_035185445.1_ASM3518544v1,
HPGP_GLOBAL,HpGP-FRA-012,SAMN12231564,GCA_035185425.1,GCA_035185425.1,,,Complete Genome,1336,1642672,1642672,ftp://ftp.ncbi.nlm.nih.gov/genomes/all/GCA/035/185/425/GCA_035185425.1_ASM3518542v1,
HPGP_GLOBAL,HpGP-FRA-013,SAMN12231599,GCA_035185405.1,GCA_035185405.1,,,Complete Genome,1815,1610323,1610323,ftp://ftp.ncbi.nlm.nih.gov/genomes/all/GCA/035/185/405/GCA_035185405.1_ASM3518540v1,
HPGP_GLOBAL,HpGP-FRA-014,SAMN12231660,GCA_035185385.1,GCA_035185385.1,,,Complete Genome,837,1655118,1655118,ftp://ftp.ncbi.nlm.nih.gov/genomes/all/GCA/035/185/385/GCA_035185385.1_ASM3518538v1,
HPGP_GLOBAL,HpGP-FRA-016,SAMN12231838,GCA_035185365.1,GCA_035185365.1,,,Complete Genome,621,1635235,1635235,ftp://ftp.ncbi.nlm.nih.gov/genomes/all/GCA/035/185/365/GCA_035185365.1_ASM3518536v1,
HPGP_GLOBAL,HpGP-FRA-017,SAMN12231934,GCA_035185345.1,GCA_035185345.1,,,Complete Genome,839,1650093,1650093,ftp://ftp.ncbi.nlm.nih.gov/genomes/all/GCA/035/185/345/GCA_035185345.1_ASM3518534v1,
HPGP_GLOBAL,HpGP-FRA-019,SAMN12231979,GCA_035184985.1,GCA_035184985.1,,,Complete Genome,1133,1644820,1644820,ftp://ftp.ncbi.nlm.nih.gov/genomes/all/GCA/035/184/985/GCA_035184985.1_ASM3518498v1,
HPGP_GLOBAL,HpGP-FRA-020,SAMN12232030,GCA_035184965.1,GCA_035184965.1,,,Complete Genome,1228,1624748,1624748,ftp://ftp.ncbi.nlm.nih.gov/genomes/all/GCA/035/184/965/GCA_035184965.1_ASM3518496v1,
HPGP_GLOBAL,HpGP-GRE-001,SAMN11302841,GCA_035184945.1,GCA_035184945.1,,,Complete Genome,882,1655996,1655996,ftp://ftp.ncbi.nlm.nih.gov/genomes/all/GCA/035/184/945/GCA_035184945.1_ASM3518494v1,
HPGP_GLOBAL,HpGP-GRE-002,SAMN11302842,GCA_035184925.1,GCA_035184925.1,,,Complete Genome,781,1647274,1647274,ftp://ftp.ncbi.nlm.nih.gov/genomes/all/GCA/035/184/925/GCA_035184925.1_ASM3518492v1,
HPGP_GLOBAL,HpGP-GRE-003,SAMN11302843,GCA_035184905.1,GCA_035184905.1,,,Complete Genome,751,1628560,1628560,ftp://ftp.ncbi.nlm.nih.gov/genomes/all/GCA/035/184/905/GCA_035184905.1_ASM3518490v1,
HPGP_GLOBAL,HpGP-GRE-004,SAMN11302996,GCA_035184885.1,GCA_035184885.1,,,Complete Genome,3932,1589805,1589805,ftp://ftp.ncbi.nlm.nih.gov/genomes/all/GCA/035/184/885/GCA_035184885.1_ASM3518488v1,
HPGP_GLOBAL,HpGP-GRE-005,SAMN11303174,GCA_035184865.1,GCA_035184865.1,,,Complete Genome,436,1652452,1652452,ftp://ftp.ncbi.nlm.nih.gov/genomes/all/GCA/035/184/865/GCA_035184865.1_ASM3518486v1,
HPGP_GLOBAL,HpGP-GRE-006,SAMN11302844,GCA_035184845.1,GCA_035184845.1,,,Complete Genome,2781,1631832,1631832,ftp://ftp.ncbi.nlm.nih.gov/genomes/all/GCA/035/184/845/GCA_035184845.1_ASM3518484v1,
HPGP_GLOBAL,HpGP-GRE-011,SAMN11303317,GCA_035184825.1,GCA_035184825.1,,,Complete Genome,2540,1683019,1683019,ftp://ftp.ncbi.nlm.nih.gov/genomes/all/GCA/035/184/825/GCA_035184825.1_ASM3518482v1,
HPGP_GLOBAL,HpGP-GRE-012,SAMN11303038,GCA_035184805.1,GCA_035184805.1,,,Complete Genome,2252,1588490,1588490,ftp://ftp.ncbi.nlm.nih.gov/genomes/all/GCA/035/184/805/GCA_035184805.1_ASM3518480v1,
HPGP_GLOBAL,HpGP-GRE-019,SAMN11302846,GCA_035184785.1,GCA_035184785.1,,,Complete Genome,518,1673893,1673893,ftp://ftp.ncbi.nlm.nih.gov/genomes/all/GCA/035/184/785/GCA_035184785.1_ASM3518478v1,
HPGP_GLOBAL,HpGP-GRE-020,SAMN11303125,GCA_035184725.1,GCA_035184725.1,,,Complete Genome,694,1592179,1592179,ftp://ftp.ncbi.nlm.nih.gov/genomes/all/GCA/035/184/725/GCA_035184725.1_ASM3518472v1,
HPGP_GLOBAL,HpGP-GRE-036,SAMN11303266,GCA_035184705.1,GCA_035184705.1,,,Complete Genome,1728,1592255,1592255,ftp://ftp.ncbi.nlm.nih.gov/genomes/all/GCA/035/184/705/GCA_035184705.1_ASM3518470v1,
HPGP_GLOBAL,HpGP-HON-001,SAMN11306326,GCA_035184685.1,GCA_035184685.1,,,Complete Genome,150,1633579,1633579,ftp://ftp.ncbi.nlm.nih.gov/genomes/all/GCA/035/184/685/GCA_035184685.1_ASM3518468v1,
HPGP_GLOBAL,HpGP-HON-002,SAMN11308115,GCA_035184665.1,GCA_035184665.1,,,Complete Genome,150,1625340,1625340,ftp://ftp.ncbi.nlm.nih.gov/genomes/all/GCA/035/184/665/GCA_035184665.1_ASM3518466v1,
HPGP_GLOBAL,HpGP-HON-003,SAMN11305542,GCA_035184645.1,GCA_035184645.1,,,Complete Genome,1569,1685063,1685063,ftp://ftp.ncbi.nlm.nih.gov/genomes/all/GCA/035/184/645/GCA_035184645.1_ASM3518464v1,
HPGP_GLOBAL,HpGP-HON-004,SAMN11305543,GCA_035184625.1,GCA_035184625.1,,,Complete Genome,755,1630226,1630226,ftp://ftp.ncbi.nlm.nih.gov/genomes/all/GCA/035/184/625/GCA_035184625.1_ASM3518462v1,
HPGP_GLOBAL,HpGP-HON-005,SAMN11307875,GCA_035184605.1,GCA_035184605.1,,,Complete Genome,744,1668680,1668680,ftp://ftp.ncbi.nlm.nih.gov/genomes/all/GCA/035/184/605/GCA_035184605.1_ASM3518460v1,
HPGP_GLOBAL,HpGP-HON-006,SAMN11305544,GCA_035184585.1,GCA_035184585.1,,,Complete Genome,2465,1661292,1661292,ftp://ftp.ncbi.nlm.nih.gov/genomes/all/GCA/035/184/585/GCA_035184585.1_ASM3518458v1,
HPGP_GLOBAL,HpGP-HON-007,SAMN11305545,GCA_035184565.1,GCA_035184565.1,,,Complete Genome,906,1685659,1685659,ftp://ftp.ncbi.nlm.nih.gov/genomes/all/GCA/035/184/565/GCA_035184565.1_ASM3518456v1,
HPGP_GLOBAL,HpGP-HON-009,SAMN11305546,GCA_035184545.1,GCA_035184545.1,,,Complete Genome,3039,1626855,1626855,ftp://ftp.ncbi.nlm.nih.gov/genomes/all/GCA/035/184/545/GCA_035184545.1_ASM3518454v1,
HPGP_GLOBAL,HpGP-HON-010,SAMN11308191,GCA_035184525.1,GCA_035184525.1,,,Complete Genome,722,1665705,1665705,ftp://ftp.ncbi.nlm.nih.gov/genomes/all/GCA/035/184/525/GCA_035184525.1_ASM3518452v1,
HPGP_GLOBAL,HpGP-HON-011,SAMN11305547,GCA_035184505.1,GCA_035184505.1,,,Complete Genome,3328,1610847,1610847,ftp://ftp.ncbi.nlm.nih.gov/genomes/all/GCA/035/184/505/GCA_035184505.1_ASM3518450v1,
HPGP_GLOBAL,HpGP-HON-012,SAMN11308306,GCA_035184485.1,GCA_035184485.1,,,Complete Genome,820,1607767,1607767,ftp://ftp.ncbi.nlm.nih.gov/genomes/all/GCA/035/184/485/GCA_035184485.1_ASM3518448v1,
HPGP_GLOBAL,HpGP-HON-013,SAMN11305548,GCA_035184465.1,GCA_035184465.1,,,Complete Genome,1155,1652401,1652401,ftp://ftp.ncbi.nlm.nih.gov/genomes/all/GCA/035/184/465/GCA_035184465.1_ASM3518446v1,
HPGP_GLOBAL,HpGP-HON-014,SAMN12276370,GCA_035184445.1,GCA_035184445.1,,,Complete Genome,850,1696080,1696080,ftp://ftp.ncbi.nlm.nih.gov/genomes/all/GCA/035/184/445/GCA_035184445.1_ASM3518444v1,
HPGP_GLOBAL,HpGP-HON-015,SAMN11305549,GCA_035184425.1,GCA_035184425.1,,,Complete Genome,2169,1612896,1612896,ftp://ftp.ncbi.nlm.nih.gov/genomes/all/GCA/035/184/425/GCA_035184425.1_ASM3518442v1,
HPGP_GLOBAL,HpGP-HON-016,SAMN11308017,GCA_035184405.1,GCA_035184405.1,,,Complete Genome,762,1628975,1628975,ftp://ftp.ncbi.nlm.nih.gov/genomes/all/GCA/035/184/405/GCA_035184405.1_ASM3518440v1,
HPGP_GLOBAL,HpGP-HON-017,SAMN11305550,GCA_035184385.1,GCA_035184385.1,,,Complete Genome,1249,1640975,1640975,ftp://ftp.ncbi.nlm.nih.gov/genomes/all/GCA/035/184/385/GCA_035184385.1_ASM3518438v1,
HPGP_GLOBAL,HpGP-HON-018,SAMN11305551,GCA_035184365.1,GCA_035184365.1,,,Complete Genome,1000,1644126,1644126,ftp://ftp.ncbi.nlm.nih.gov/genomes/all/GCA/035/184/365/GCA_035184365.1_ASM3518436v1,
HPGP_GLOBAL,HpGP-HON-019,SAMN11305552,GCA_035184345.1,GCA_035184345.1,,,Complete Genome,880,1652372,1652372,ftp://ftp.ncbi.nlm.nih.gov/genomes/all/GCA/035/184/345/GCA_035184345.1_ASM3518434v1,
HPGP_GLOBAL,HpGP-HON-020,SAMN11305553,GCA_035184325.1,GCA_035184325.1,,,Complete Genome,1949,1632447,1632447,ftp://ftp.ncbi.nlm.nih.gov/genomes/all/GCA/035/184/325/GCA_035184325.1_ASM3518432v1,
HPGP_GLOBAL,HpGP-HON-021,SAMN11305554,GCA_035184305.1,GCA_035184305.1,,,Complete Genome,150,1687777,1687777,ftp://ftp.ncbi.nlm.nih.gov/genomes/all/GCA/035/184/305/GCA_035184305.1_ASM3518430v1,
HPGP_GLOBAL,HpGP-HON-023,SAMN11307949,GCA_035184285.1,GCA_035184285.1,,,Complete Genome,813,1616582,1616582,ftp://ftp.ncbi.nlm.nih.gov/genomes/all/GCA/035/184/285/GCA_035184285.1_ASM3518428v1,
HPGP_GLOBAL,HpGP-HON-024,SAMN11305555,GCA_035184265.1,GCA_035184265.1,,,Complete Genome,889,1586336,1586336,ftp://ftp.ncbi.nlm.nih.gov/genomes/all/GCA/035/184/265/GCA_035184265.1_ASM3518426v1,
HPGP_GLOBAL,HpGP-HON-025,SAMN11308269,GCA_035184245.1,GCA_035184245.1,,,Complete Genome,1015,1678645,1678645,ftp://ftp.ncbi.nlm.nih.gov/genomes/all/GCA/035/184/245/GCA_035184245.1_ASM3518424v1,
HPGP_GLOBAL,HpGP-HON-026,SAMN11305556,GCA_035184205.1,GCA_035184205.1,,,Complete Genome,150,1621856,1621856,ftp://ftp.ncbi.nlm.nih.gov/genomes/all/GCA/035/184/205/GCA_035184205.1_ASM3518420v1,
HPGP_GLOBAL,HpGP-HON-027,SAMN11305674,GCA_035184185.1,GCA_035184185.1,,,Complete Genome,150,1595943,1595943,ftp://ftp.ncbi.nlm.nih.gov/genomes/all/GCA/035/184/185/GCA_035184185.1_ASM3518418v1,
HPGP_GLOBAL,HpGP-HON-028,SAMN12276371,GCA_035184165.1,GCA_035184165.1,,,Complete Genome,150,1727168,1727168,ftp://ftp.ncbi.nlm.nih.gov/genomes/all/GCA/035/184/165/GCA_035184165.1_ASM3518416v1,
HPGP_GLOBAL,HpGP-ITA-001,SAMN12232207,GCA_035184145.1,GCA_035184145.1,,,Complete Genome,846,1591443,1591443,ftp://ftp.ncbi.nlm.nih.gov/genomes/all/GCA/035/184/145/GCA_035184145.1_ASM3518414v1,
HPGP_GLOBAL,HpGP-ITA-002,SAMN12232220,GCA_035184125.1,GCA_035184125.1,,,Complete Genome,1098,1622199,1622199,ftp://ftp.ncbi.nlm.nih.gov/genomes/all/GCA/035/184/125/GCA_035184125.1_ASM3518412v1,
HPGP_GLOBAL,HpGP-ITA-003,SAMN12232221,GCA_035184105.1,GCA_035184105.1,,,Complete Genome,814,1614725,1614725,ftp://ftp.ncbi.nlm.nih.gov/genomes/all/GCA/035/184/105/GCA_035184105.1_ASM3518410v1,
HPGP_GLOBAL,HpGP-ITA-004,SAMN12232222,GCA_035184085.1,GCA_035184085.1,,,Complete Genome,870,1633683,1633683,ftp://ftp.ncbi.nlm.nih.gov/genomes/all/GCA/035/184/085/GCA_035184085.1_ASM3518408v1,
HPGP_GLOBAL,HpGP-ITA-005,SAMN12232223,GCA_035184065.1,GCA_035184065.1,,,Complete Genome,1344,1616208,1616208,ftp://ftp.ncbi.nlm.nih.gov/genomes/all/GCA/035/184/065/GCA_035184065.1_ASM3518406v1,
HPGP_GLOBAL,HpGP-ITA-006,SAMN12232270,GCA_035184045.1,GCA_035184045.1,,,Complete Genome,1611,1592030,1592030,ftp://ftp.ncbi.nlm.nih.gov/genomes/all/GCA/035/184/045/GCA_035184045.1_ASM3518404v1,
HPGP_GLOBAL,HpGP-ITA-007,SAMN12232277,GCA_035184025.1,GCA_035184025.1,,,Complete Genome,1190,1612055,1612055,ftp://ftp.ncbi.nlm.nih.gov/genomes/all/GCA/035/184/025/GCA_035184025.1_ASM3518402v1,
HPGP_GLOBAL,HpGP-ITA-008,SAMN12232279,GCA_035184005.1,GCA_035184005.1,,,Complete Genome,725,1607997,1607997,ftp://ftp.ncbi.nlm.nih.gov/genomes/all/GCA/035/184/005/GCA_035184005.1_ASM3518400v1,
HPGP_GLOBAL,HpGP-ITA-009,SAMN12232280,GCA_035183985.1,GCA_035183985.1,,,Complete Genome,666,1689382,1689382,ftp://ftp.ncbi.nlm.nih.gov/genomes/all/GCA/035/183/985/GCA_035183985.1_ASM3518398v1,
HPGP_GLOBAL,HpGP-ITA-010,SAMN12232281,GCA_035183965.1,GCA_035183965.1,,,Complete Genome,1345,1617268,1617268,ftp://ftp.ncbi.nlm.nih.gov/genomes/all/GCA/035/183/965/GCA_035183965.1_ASM3518396v1,
HPGP_GLOBAL,HpGP-ITA-011,SAMN12232282,GCA_035183945.1,GCA_035183945.1,,,Complete Genome,1112,1569490,1569490,ftp://ftp.ncbi.nlm.nih.gov/genomes/all/GCA/035/183/945/GCA_035183945.1_ASM3518394v1,
HPGP_GLOBAL,HpGP-ITA-012,SAMN12232283,GCA_035183925.1,GCA_035183925.1,,,Complete Genome,1499,1629571,1629571,ftp://ftp.ncbi.nlm.nih.gov/genomes/all/GCA/035/183/925/GCA_035183925.1_ASM3518392v1,
HPGP_GLOBAL,HpGP-FRA-015,SAMN12231782,GCA_035183905.1,GCA_035183905.1,,,Complete Genome,1058,1673169,1673169,ftp://ftp.ncbi.nlm.nih.gov/genomes/all/GCA/035/183/905/GCA_035183905.1_ASM3518390v1,
HPGP_GLOBAL,HpGP-GTM-004,SAMN19999412,GCA_035183885.1,GCA_035183885.1,,,Chromosome,3741,940822,1717839,ftp://ftp.ncbi.nlm.nih.gov/genomes/all/GCA/035/183/885/GCA_035183885.1_ASM3518388v1,
HPGP_GLOBAL,HpGP-GRE-008,SAMN11302845,GCA_035183865.1,GCA_035183865.1,,,Chromosome,4948,1437557,1672291,ftp://ftp.ncbi.nlm.nih.gov/genomes/all/GCA/035/183/865/GCA_035183865.1_ASM3518386v1,
HPGP_GLOBAL,HpGP-FRA-004,SAMN12231245,GCA_035183845.1,GCA_035183845.1,,,Chromosome,770,1088653,1605735,ftp://ftp.ncbi.nlm.nih.gov/genomes/all/GCA/035/183/845/GCA_035183845.1_ASM3518384v1,
HPGP_GLOBAL,HpGP-ITA-013,SAMN12232284,GCA_035183825.1,GCA_035183825.1,,,Complete Genome,1049,1617418,1617418,ftp://ftp.ncbi.nlm.nih.gov/genomes/all/GCA/035/183/825/GCA_035183825.1_ASM3518382v1,
HPGP_GLOBAL,HpGP-ITA-014,SAMN12232291,GCA_035183805.1,GCA_035183805.1,,,Complete Genome,1173,1683999,1683999,ftp://ftp.ncbi.nlm.nih.gov/genomes/all/GCA/035/183/805/GCA_035183805.1_ASM3518380v1,
HPGP_GLOBAL,HpGP-ITA-015,SAMN12232296,GCA_035183785.1,GCA_035183785.1,,,Complete Genome,1197,1673871,1673871,ftp://ftp.ncbi.nlm.nih.gov/genomes/all/GCA/035/183/785/GCA_035183785.1_ASM3518378v1,
HPGP_GLOBAL,HpGP-ITA-016,SAMN12232303,GCA_035183765.1,GCA_035183765.1,,,Complete Genome,1195,1643630,1643630,ftp://ftp.ncbi.nlm.nih.gov/genomes/all/GCA/035/183/765/GCA_035183765.1_ASM3518376v1,
HPGP_GLOBAL,HpGP-ITA-017,SAMN12232302,GCA_035183745.1,GCA_035183745.1,,,Complete Genome,1128,1648455,1648455,ftp://ftp.ncbi.nlm.nih.gov/genomes/all/GCA/035/183/745/GCA_035183745.1_ASM3518374v1,
HPGP_GLOBAL,HpGP-ITA-018,SAMN12232346,GCA_035183725.1,GCA_035183725.1,,,Complete Genome,1572,1689782,1689782,ftp://ftp.ncbi.nlm.nih.gov/genomes/all/GCA/035/183/725/GCA_035183725.1_ASM3518372v1,
HPGP_GLOBAL,HpGP-ITA-019,SAMN12232347,GCA_035183705.1,GCA_035183705.1,,,Complete Genome,1313,1684588,1684588,ftp://ftp.ncbi.nlm.nih.gov/genomes/all/GCA/035/183/705/GCA_035183705.1_ASM3518370v1,
HPGP_GLOBAL,HpGP-ITA-020,SAMN12232348,GCA_035183685.1,GCA_035183685.1,,,Complete Genome,1108,1641286,1641286,ftp://ftp.ncbi.nlm.nih.gov/genomes/all/GCA/035/183/685/GCA_035183685.1_ASM3518368v1,
HPGP_GLOBAL,HpGP-ITA-022,SAMN12232349,GCA_035183665.1,GCA_035183665.1,,,Complete Genome,1277,1644985,1644985,ftp://ftp.ncbi.nlm.nih.gov/genomes/all/GCA/035/183/665/GCA_035183665.1_ASM3518366v1,
HPGP_GLOBAL,HpGP-ITA-023,SAMN12232351,GCA_035183645.1,GCA_035183645.1,,,Complete Genome,1500,1672996,1672996,ftp://ftp.ncbi.nlm.nih.gov/genomes/all/GCA/035/183/645/GCA_035183645.1_ASM3518364v1,
HPGP_GLOBAL,HpGP-ITA-024,SAMN12232352,GCA_035183625.1,GCA_035183625.1,,,Complete Genome,1019,1644570,1644570,ftp://ftp.ncbi.nlm.nih.gov/genomes/all/GCA/035/183/625/GCA_035183625.1_ASM3518362v1,
HPGP_GLOBAL,HpGP-ITA-026,SAMN12232354,GCA_035183605.1,GCA_035183605.1,,,Complete Genome,1696,1664760,1664760,ftp://ftp.ncbi.nlm.nih.gov/genomes/all/GCA/035/183/605/GCA_035183605.1_ASM3518360v1,
HPGP_GLOBAL,HpGP-ITA-025,SAMN12232353,GCA_035183585.1,GCA_035183585.1,,,Complete Genome,1063,1585545,1585545,ftp://ftp.ncbi.nlm.nih.gov/genomes/all/GCA/035/183/585/GCA_035183585.1_ASM3518358v1,
HPGP_GLOBAL,HpGP-ITA-027,SAMN12232359,GCA_035183565.1,GCA_035183565.1,,,Complete Genome,2681,1657711,1657711,ftp://ftp.ncbi.nlm.nih.gov/genomes/all/GCA/035/183/565/GCA_035183565.1_ASM3518356v1,
HPGP_GLOBAL,HpGP-ITA-028,SAMN12232360,GCA_035183545.1,GCA_035183545.1,,,Complete Genome,2374,1620196,1620196,ftp://ftp.ncbi.nlm.nih.gov/genomes/all/GCA/035/183/545/GCA_035183545.1_ASM3518354v1,
HPGP_GLOBAL,HpGP-ITA-029,SAMN12232361,GCA_035183525.1,GCA_035183525.1,,,Complete Genome,1393,1619028,1619028,ftp://ftp.ncbi.nlm.nih.gov/genomes/all/GCA/035/183/525/GCA_035183525.1_ASM3518352v1,
HPGP_GLOBAL,HpGP-ITA-030,SAMN12275542,GCA_035183505.1,GCA_035183505.1,,,Complete Genome,1970,1624989,1624989,ftp://ftp.ncbi.nlm.nih.gov/genomes/all/GCA/035/183/505/GCA_035183505.1_ASM3518350v1,
HPGP_GLOBAL,HpGP-JAP-002,SAMN11308805,GCA_035183485.1,GCA_035183485.1,,,Complete Genome,1105,1562309,1562309,ftp://ftp.ncbi.nlm.nih.gov/genomes/all/GCA/035/183/485/GCA_035183485.1_ASM3518348v1,
HPGP_GLOBAL,HpGP-JAP-009,SAMN11308806,GCA_035183465.1,GCA_035183465.1,,,Complete Genome,1001,1621311,1621311,ftp://ftp.ncbi.nlm.nih.gov/genomes/all/GCA/035/183/465/GCA_035183465.1_ASM3518346v1,
HPGP_GLOBAL,HpGP-JAP-010,SAMN11308807,GCA_035183445.1,GCA_035183445.1,,,Complete Genome,1692,1574397,1574397,ftp://ftp.ncbi.nlm.nih.gov/genomes/all/GCA/035/183/445/GCA_035183445.1_ASM3518344v1,
HPGP_GLOBAL,HpGP-JAP-012,SAMN11308808,GCA_035183425.1,GCA_035183425.1,,,Complete Genome,840,1578055,1578055,ftp://ftp.ncbi.nlm.nih.gov/genomes/all/GCA/035/183/425/GCA_035183425.1_ASM3518342v1,
HPGP_GLOBAL,HpGP-JAP-013,SAMN11309248,GCA_035183405.1,GCA_035183405.1,,,Complete Genome,1236,1602993,1602993,ftp://ftp.ncbi.nlm.nih.gov/genomes/all/GCA/035/183/405/GCA_035183405.1_ASM3518340v1,
HPGP_GLOBAL,HpGP-JAP-015,SAMN11308809,GCA_035183385.1,GCA_035183385.1,,,Complete Genome,1059,1584499,1584499,ftp://ftp.ncbi.nlm.nih.gov/genomes/all/GCA/035/183/385/GCA_035183385.1_ASM3518338v1,
HPGP_GLOBAL,HpGP-JAP-016,SAMN11309075,GCA_035183365.1,GCA_035183365.1,,,Complete Genome,1167,1611534,1611534,ftp://ftp.ncbi.nlm.nih.gov/genomes/all/GCA/035/183/365/GCA_035183365.1_ASM3518336v1,
HPGP_GLOBAL,HpGP-JAP-017,SAMN11308810,GCA_035183345.1,GCA_035183345.1,,,Complete Genome,1792,1646976,1646976,ftp://ftp.ncbi.nlm.nih.gov/genomes/all/GCA/035/183/345/GCA_035183345.1_ASM3518334v1,
HPGP_GLOBAL,HpGP-JAP-019,SAMN11308928,GCA_035183325.1,GCA_035183325.1,,,Complete Genome,1111,1576864,1576864,ftp://ftp.ncbi.nlm.nih.gov/genomes/all/GCA/035/183/325/GCA_035183325.1_ASM3518332v1,
HPGP_GLOBAL,HpGP-JAP-021,SAMN11308811,GCA_035183305.1,GCA_035183305.1,,,Complete Genome,812,1555891,1555891,ftp://ftp.ncbi.nlm.nih.gov/genomes/all/GCA/035/183/305/GCA_035183305.1_ASM3518330v1,
HPGP_GLOBAL,HpGP-JAP-022,SAMN11309113,GCA_035183285.1,GCA_035183285.1,,,Complete Genome,1065,1572869,1572869,ftp://ftp.ncbi.nlm.nih.gov/genomes/all/GCA/035/183/285/GCA_035183285.1_ASM3518328v1,
HPGP_GLOBAL,HpGP-JAP-026,SAMN11309199,GCA_035183265.1,GCA_035183265.1,,,Complete Genome,1037,1573045,1573045,ftp://ftp.ncbi.nlm.nih.gov/genomes/all/GCA/035/183/265/GCA_035183265.1_ASM3518326v1,
HPGP_GLOBAL,HpGP-JAP-028,SAMN11308812,GCA_035183245.1,GCA_035183245.1,,,Complete Genome,800,1606474,1606474,ftp://ftp.ncbi.nlm.nih.gov/genomes/all/GCA/035/183/245/GCA_035183245.1_ASM3518324v1,
HPGP_GLOBAL,HpGP-JAP-029,SAMN11309023,GCA_035183225.1,GCA_035183225.1,,,Complete Genome,1099,1579445,1579445,ftp://ftp.ncbi.nlm.nih.gov/genomes/all/GCA/035/183/225/GCA_035183225.1_ASM3518322v1,
HPGP_GLOBAL,HpGP-KOR-001,SAMN11309774,GCA_035183205.1,GCA_035183205.1,,,Complete Genome,172,1639173,1639173,ftp://ftp.ncbi.nlm.nih.gov/genomes/all/GCA/035/183/205/GCA_035183205.1_ASM3518320v1,
HPGP_GLOBAL,HpGP-KOR-002,SAMN11309775,GCA_035183185.1,GCA_035183185.1,,,Complete Genome,321,1597612,1597612,ftp://ftp.ncbi.nlm.nih.gov/genomes/all/GCA/035/183/185/GCA_035183185.1_ASM3518318v1,
HPGP_GLOBAL,HpGP-KOR-004,SAMN11309838,GCA_035183165.1,GCA_035183165.1,,,Complete Genome,284,1578635,1578635,ftp://ftp.ncbi.nlm.nih.gov/genomes/all/GCA/035/183/165/GCA_035183165.1_ASM3518316v1,
HPGP_GLOBAL,HpGP-KOR-005,SAMN11309841,GCA_035183145.1,GCA_035183145.1,,,Complete Genome,366,1635019,1635019,ftp://ftp.ncbi.nlm.nih.gov/genomes/all/GCA/035/183/145/GCA_035183145.1_ASM3518314v1,
HPGP_GLOBAL,HpGP-KOR-006,SAMN11309811,GCA_035183125.1,GCA_035183125.1,,,Complete Genome,717,1591078,1591078,ftp://ftp.ncbi.nlm.nih.gov/genomes/all/GCA/035/183/125/GCA_035183125.1_ASM3518312v1,
HPGP_GLOBAL,HpGP-KOR-007,SAMN11309840,GCA_035183105.1,GCA_035183105.1,,,Complete Genome,811,1573924,1573924,ftp://ftp.ncbi.nlm.nih.gov/genomes/all/GCA/035/183/105/GCA_035183105.1_ASM3518310v1,
HPGP_GLOBAL,HpGP-KOR-008,SAMN11309837,GCA_035183085.1,GCA_035183085.1,,,Complete Genome,668,1573168,1573168,ftp://ftp.ncbi.nlm.nih.gov/genomes/all/GCA/035/183/085/GCA_035183085.1_ASM3518308v1,
HPGP_GLOBAL,HpGP-KOR-009,SAMN11309887,GCA_035183065.1,GCA_035183065.1,,,Complete Genome,1230,1595446,1595446,ftp://ftp.ncbi.nlm.nih.gov/genomes/all/GCA/035/183/065/GCA_035183065.1_ASM3518306v1,
HPGP_GLOBAL,HpGP-KOR-010,SAMN11309895,GCA_035183045.1,GCA_035183045.1,,,Complete Genome,601,1582866,1582866,ftp://ftp.ncbi.nlm.nih.gov/genomes/all/GCA/035/183/045/GCA_035183045.1_ASM3518304v1,
HPGP_GLOBAL,HpGP-KOR-012,SAMN11309776,GCA_035183025.1,GCA_035183025.1,,,Complete Genome,893,1625995,1625995,ftp://ftp.ncbi.nlm.nih.gov/genomes/all/GCA/035/183/025/GCA_035183025.1_ASM3518302v1,
HPGP_GLOBAL,HpGP-KOR-032,SAMN11309777,GCA_035183005.1,GCA_035183005.1,,,Complete Genome,608,1641244,1641244,ftp://ftp.ncbi.nlm.nih.gov/genomes/all/GCA/035/183/005/GCA_035183005.1_ASM3518300v1,
HPGP_GLOBAL,HpGP-KOR-033,SAMN11309813,GCA_035182985.1,GCA_035182985.1,,,Complete Genome,563,1613357,1613357,ftp://ftp.ncbi.nlm.nih.gov/genomes/all/GCA/035/182/985/GCA_035182985.1_ASM3518298v1,
HPGP_GLOBAL,HpGP-KOR-034,SAMN11309789,GCA_035182965.1,GCA_035182965.1,,,Complete Genome,801,1602931,1602931,ftp://ftp.ncbi.nlm.nih.gov/genomes/all/GCA/035/182/965/GCA_035182965.1_ASM3518296v1,
HPGP_GLOBAL,HpGP-KOR-035,SAMN11309778,GCA_035182945.1,GCA_035182945.1,,,Complete Genome,441,1581821,1581821,ftp://ftp.ncbi.nlm.nih.gov/genomes/all/GCA/035/182/945/GCA_035182945.1_ASM3518294v1,
HPGP_GLOBAL,HpGP-KOR-036,SAMN11309779,GCA_035182925.1,GCA_035182925.1,,,Complete Genome,924,1620264,1620264,ftp://ftp.ncbi.nlm.nih.gov/genomes/all/GCA/035/182/925/GCA_035182925.1_ASM3518292v1,
HPGP_GLOBAL,HpGP-KOR-037,SAMN11309812,GCA_035182905.1,GCA_035182905.1,,,Complete Genome,1362,1637274,1637274,ftp://ftp.ncbi.nlm.nih.gov/genomes/all/GCA/035/182/905/GCA_035182905.1_ASM3518290v1,
HPGP_GLOBAL,HpGP-KOR-041,SAMN11309780,GCA_035182885.1,GCA_035182885.1,,,Complete Genome,722,1605825,1605825,ftp://ftp.ncbi.nlm.nih.gov/genomes/all/GCA/035/182/885/GCA_035182885.1_ASM3518288v1,
HPGP_GLOBAL,HpGP-KOR-042,SAMN11309781,GCA_035182865.1,GCA_035182865.1,,,Complete Genome,805,1593735,1593735,ftp://ftp.ncbi.nlm.nih.gov/genomes/all/GCA/035/182/865/GCA_035182865.1_ASM3518286v1,
HPGP_GLOBAL,HpGP-KOR-043,SAMN11309782,GCA_035182845.1,GCA_035182845.1,,,Complete Genome,768,1617008,1617008,ftp://ftp.ncbi.nlm.nih.gov/genomes/all/GCA/035/182/845/GCA_035182845.1_ASM3518284v1,
HPGP_GLOBAL,HpGP-DOM-005,SAMN19960036,GCA_035182825.1,GCA_035182825.1,,,Complete Genome,969,1719409,1719409,ftp://ftp.ncbi.nlm.nih.gov/genomes/all/GCA/035/182/825/GCA_035182825.1_ASM3518282v1,
HPGP_GLOBAL,HpGP-DOM-006,SAMN19960037,GCA_035182805.1,GCA_035182805.1,,,Complete Genome,738,1633435,1633435,ftp://ftp.ncbi.nlm.nih.gov/genomes/all/GCA/035/182/805/GCA_035182805.1_ASM3518280v1,
HPGP_GLOBAL,HpGP-DOM-007,SAMN19960038,GCA_035182785.1,GCA_035182785.1,,,Complete Genome,1006,1641790,1641790,ftp://ftp.ncbi.nlm.nih.gov/genomes/all/GCA/035/182/785/GCA_035182785.1_ASM3518278v1,
HPGP_GLOBAL,HpGP-DOM-008,SAMN19960039,GCA_035182765.1,GCA_035182765.1,,,Complete Genome,980,1596574,1596574,ftp://ftp.ncbi.nlm.nih.gov/genomes/all/GCA/035/182/765/GCA_035182765.1_ASM3518276v1,
HPGP_GLOBAL,HpGP-DOM-009,SAMN19960040,GCA_035182745.1,GCA_035182745.1,,,Complete Genome,982,1590648,1590648,ftp://ftp.ncbi.nlm.nih.gov/genomes/all/GCA/035/182/745/GCA_035182745.1_ASM3518274v1,
HPGP_GLOBAL,HpGP-DOM-010,SAMN19960041,GCA_035182725.1,GCA_035182725.1,,,Complete Genome,838,1648636,1648636,ftp://ftp.ncbi.nlm.nih.gov/genomes/all/GCA/035/182/725/GCA_035182725.1_ASM3518272v1,
HPGP_GLOBAL,HpGP-DOM-011,SAMN19960042,GCA_035182705.1,GCA_035182705.1,,,Complete Genome,1068,1632101,1632101,ftp://ftp.ncbi.nlm.nih.gov/genomes/all/GCA/035/182/705/GCA_035182705.1_ASM3518270v1,
HPGP_GLOBAL,HpGP-FRA-003,SAMN19960043,GCA_035182685.1,GCA_035182685.1,,,Complete Genome,764,1601763,1601763,ftp://ftp.ncbi.nlm.nih.gov/genomes/all/GCA/035/182/685/GCA_035182685.1_ASM3518268v1,
HPGP_GLOBAL,HpGP-FRA-018,SAMN19960044,GCA_035182665.1,GCA_035182665.1,,,Complete Genome,747,1658715,1658715,ftp://ftp.ncbi.nlm.nih.gov/genomes/all/GCA/035/182/665/GCA_035182665.1_ASM3518266v1,
HPGP_GLOBAL,HpGP-FRA-021,SAMN19960045,GCA_035182645.1,GCA_035182645.1,,,Complete Genome,583,1611565,1611565,ftp://ftp.ncbi.nlm.nih.gov/genomes/all/GCA/035/182/645/GCA_035182645.1_ASM3518264v1,
HPGP_GLOBAL,HpGP-GER-001,SAMN19960046,GCA_035182625.1,GCA_035182625.1,,,Complete Genome,184,1684934,1684934,ftp://ftp.ncbi.nlm.nih.gov/genomes/all/GCA/035/182/625/GCA_035182625.1_ASM3518262v1,
HPGP_GLOBAL,HpGP-GER-002,SAMN19960047,GCA_035182605.1,GCA_035182605.1,,,Complete Genome,1069,1634897,1634897,ftp://ftp.ncbi.nlm.nih.gov/genomes/all/GCA/035/182/605/GCA_035182605.1_ASM3518260v1,
HPGP_GLOBAL,HpGP-GER-003,SAMN19960048,GCA_035182585.1,GCA_035182585.1,,,Complete Genome,1278,1606468,1606468,ftp://ftp.ncbi.nlm.nih.gov/genomes/all/GCA/035/182/585/GCA_035182585.1_ASM3518258v1,
HPGP_GLOBAL,HpGP-GER-004,SAMN19960049,GCA_035182565.1,GCA_035182565.1,,,Complete Genome,624,1634559,1634559,ftp://ftp.ncbi.nlm.nih.gov/genomes/all/GCA/035/182/565/GCA_035182565.1_ASM3518256v1,
HPGP_GLOBAL,HpGP-GER-005,SAMN19960050,GCA_035182545.1,GCA_035182545.1,,,Complete Genome,867,1615104,1615104,ftp://ftp.ncbi.nlm.nih.gov/genomes/all/GCA/035/182/545/GCA_035182545.1_ASM3518254v1,
HPGP_GLOBAL,HpGP-GER-006,SAMN19960051,GCA_035182525.1,GCA_035182525.1,,,Complete Genome,1400,1543005,1543005,ftp://ftp.ncbi.nlm.nih.gov/genomes/all/GCA/035/182/525/GCA_035182525.1_ASM3518252v1,
HPGP_GLOBAL,HpGP-GER-007,SAMN19960052,GCA_035182505.1,GCA_035182505.1,,,Complete Genome,1308,1601967,1601967,ftp://ftp.ncbi.nlm.nih.gov/genomes/all/GCA/035/182/505/GCA_035182505.1_ASM3518250v1,
HPGP_GLOBAL,HpGP-GER-009,SAMN19960053,GCA_035182485.1,GCA_035182485.1,,,Complete Genome,1066,1624897,1624897,ftp://ftp.ncbi.nlm.nih.gov/genomes/all/GCA/035/182/485/GCA_035182485.1_ASM3518248v1,
HPGP_GLOBAL,HpGP-GER-010,SAMN19960054,GCA_035182465.1,GCA_035182465.1,,,Complete Genome,1593,1621357,1621357,ftp://ftp.ncbi.nlm.nih.gov/genomes/all/GCA/035/182/465/GCA_035182465.1_ASM3518246v1,
HPGP_GLOBAL,HpGP-GER-012,SAMN19960055,GCA_035182445.1,GCA_035182445.1,,,Complete Genome,1151,1689774,1689774,ftp://ftp.ncbi.nlm.nih.gov/genomes/all/GCA/035/182/445/GCA_035182445.1_ASM3518244v1,
HPGP_GLOBAL,HpGP-GER-013,SAMN19960056,GCA_035182425.1,GCA_035182425.1,,,Complete Genome,1017,1613794,1613794,ftp://ftp.ncbi.nlm.nih.gov/genomes/all/GCA/035/182/425/GCA_035182425.1_ASM3518242v1,
HPGP_GLOBAL,HpGP-GER-015,SAMN19960057,GCA_035182405.1,GCA_035182405.1,,,Complete Genome,1506,1699243,1699243,ftp://ftp.ncbi.nlm.nih.gov/genomes/all/GCA/035/182/405/GCA_035182405.1_ASM3518240v1,
HPGP_GLOBAL,HpGP-GER-016,SAMN19960058,GCA_035182385.1,GCA_035182385.1,,,Complete Genome,1163,1676460,1676460,ftp://ftp.ncbi.nlm.nih.gov/genomes/all/GCA/035/182/385/GCA_035182385.1_ASM3518238v1,
HPGP_GLOBAL,HpGP-GER-018,SAMN19960059,GCA_035182365.1,GCA_035182365.1,,,Complete Genome,457,1611610,1611610,ftp://ftp.ncbi.nlm.nih.gov/genomes/all/GCA/035/182/365/GCA_035182365.1_ASM3518236v1,
HPGP_GLOBAL,HpGP-GER-019,SAMN19960060,GCA_035182345.1,GCA_035182345.1,,,Complete Genome,508,1600009,1600009,ftp://ftp.ncbi.nlm.nih.gov/genomes/all/GCA/035/182/345/GCA_035182345.1_ASM3518234v1,
HPGP_GLOBAL,HpGP-GER-020,SAMN19960061,GCA_035182325.1,GCA_035182325.1,,,Complete Genome,568,1626243,1626243,ftp://ftp.ncbi.nlm.nih.gov/genomes/all/GCA/035/182/325/GCA_035182325.1_ASM3518232v1,
HPGP_GLOBAL,HpGP-GER-021,SAMN19960062,GCA_035182305.1,GCA_035182305.1,,,Complete Genome,786,1641301,1641301,ftp://ftp.ncbi.nlm.nih.gov/genomes/all/GCA/035/182/305/GCA_035182305.1_ASM3518230v1,
HPGP_GLOBAL,HpGP-GHA-003,SAMN19960063,GCA_035182285.1,GCA_035182285.1,,,Complete Genome,179,1568286,1568286,ftp://ftp.ncbi.nlm.nih.gov/genomes/all/GCA/035/182/285/GCA_035182285.1_ASM3518228v1,
HPGP_GLOBAL,HpGP-GHA-009,SAMN19960064,GCA_035182265.1,GCA_035182265.1,,,Complete Genome,188,1664307,1664307,ftp://ftp.ncbi.nlm.nih.gov/genomes/all/GCA/035/182/265/GCA_035182265.1_ASM3518226v1,
HPGP_GLOBAL,HpGP-GMB-003,SAMN19960065,GCA_035182245.1,GCA_035182245.1,,,Complete Genome,951,1620274,1620274,ftp://ftp.ncbi.nlm.nih.gov/genomes/all/GCA/035/182/245/GCA_035182245.1_ASM3518224v1,
HPGP_GLOBAL,HpGP-GMB-004,SAMN19960066,GCA_035182225.1,GCA_035182225.1,,,Complete Genome,759,1637745,1637745,ftp://ftp.ncbi.nlm.nih.gov/genomes/all/GCA/035/182/225/GCA_035182225.1_ASM3518222v1,
HPGP_GLOBAL,HpGP-GMB-007,SAMN19960067,GCA_035182205.1,GCA_035182205.1,,,Complete Genome,601,1681498,1681498,ftp://ftp.ncbi.nlm.nih.gov/genomes/all/GCA/035/182/205/GCA_035182205.1_ASM3518220v1,
HPGP_GLOBAL,HpGP-GMB-008,SAMN19960068,GCA_035182185.1,GCA_035182185.1,,,Complete Genome,767,1686815,1686815,ftp://ftp.ncbi.nlm.nih.gov/genomes/all/GCA/035/182/185/GCA_035182185.1_ASM3518218v1,
HPGP_GLOBAL,HpGP-GMB-009,SAMN19960069,GCA_035182165.1,GCA_035182165.1,,,Complete Genome,867,1606286,1606286,ftp://ftp.ncbi.nlm.nih.gov/genomes/all/GCA/035/182/165/GCA_035182165.1_ASM3518216v1,
HPGP_GLOBAL,HpGP-GRE-018,SAMN19960070,GCA_035182145.1,GCA_035182145.1,,,Complete Genome,3950,1699843,1699843,ftp://ftp.ncbi.nlm.nih.gov/genomes/all/GCA/035/182/145/GCA_035182145.1_ASM3518214v1,
HPGP_GLOBAL,HpGP-GRE-022,SAMN19960071,GCA_035182125.1,GCA_035182125.1,,,Complete Genome,449,1687215,1687215,ftp://ftp.ncbi.nlm.nih.gov/genomes/all/GCA/035/182/125/GCA_035182125.1_ASM3518212v1,
HPGP_GLOBAL,HpGP-GRE-039,SAMN19960072,GCA_035182105.1,GCA_035182105.1,,,Complete Genome,4697,1581556,1581556,ftp://ftp.ncbi.nlm.nih.gov/genomes/all/GCA/035/182/105/GCA_035182105.1_ASM3518210v1,
HPGP_GLOBAL,HpGP-GRE-040,SAMN19960073,GCA_035182085.1,GCA_035182085.1,,,Complete Genome,250,1633723,1633723,ftp://ftp.ncbi.nlm.nih.gov/genomes/all/GCA/035/182/085/GCA_035182085.1_ASM3518208v1,
HPGP_GLOBAL,HpGP-GRE-041,SAMN19960074,GCA_035182065.1,GCA_035182065.1,,,Complete Genome,239,1626901,1626901,ftp://ftp.ncbi.nlm.nih.gov/genomes/all/GCA/035/182/065/GCA_035182065.1_ASM3518206v1,
HPGP_GLOBAL,HpGP-GRE-042,SAMN19960075,GCA_035182045.1,GCA_035182045.1,,,Complete Genome,386,1632306,1632306,ftp://ftp.ncbi.nlm.nih.gov/genomes/all/GCA/035/182/045/GCA_035182045.1_ASM3518204v1,
HPGP_GLOBAL,HpGP-GRE-043,SAMN19960076,GCA_035182025.1,GCA_035182025.1,,,Complete Genome,370,1645187,1645187,ftp://ftp.ncbi.nlm.nih.gov/genomes/all/GCA/035/182/025/GCA_035182025.1_ASM3518202v1,
HPGP_GLOBAL,HpGP-GRE-044,SAMN19960077,GCA_035182005.1,GCA_035182005.1,,,Complete Genome,355,1688552,1688552,ftp://ftp.ncbi.nlm.nih.gov/genomes/all/GCA/035/182/005/GCA_035182005.1_ASM3518200v1,
HPGP_GLOBAL,HpGP-GRE-046,SAMN19960078,GCA_035181985.1,GCA_035181985.1,,,Complete Genome,258,1626936,1626936,ftp://ftp.ncbi.nlm.nih.gov/genomes/all/GCA/035/181/985/GCA_035181985.1_ASM3518198v1,
HPGP_GLOBAL,HpGP-GTM-007,SAMN19960079,GCA_035181965.1,GCA_035181965.1,,,Complete Genome,2996,1616709,1616709,ftp://ftp.ncbi.nlm.nih.gov/genomes/all/GCA/035/181/965/GCA_035181965.1_ASM3518196v1,
HPGP_GLOBAL,HpGP-GTM-010,SAMN19960080,GCA_035181945.1,GCA_035181945.1,,,Complete Genome,2137,1657923,1657923,ftp://ftp.ncbi.nlm.nih.gov/genomes/all/GCA/035/181/945/GCA_035181945.1_ASM3518194v1,
HPGP_GLOBAL,HpGP-IDN-001,SAMN19960081,GCA_035181925.1,GCA_035181925.1,,,Complete Genome,993,1690436,1690436,ftp://ftp.ncbi.nlm.nih.gov/genomes/all/GCA/035/181/925/GCA_035181925.1_ASM3518192v1,
HPGP_GLOBAL,HpGP-IDN-002,SAMN19960082,GCA_035181905.1,GCA_035181905.1,,,Complete Genome,1035,1543558,1543558,ftp://ftp.ncbi.nlm.nih.gov/genomes/all/GCA/035/181/905/GCA_035181905.1_ASM3518190v1,
HPGP_GLOBAL,HpGP-IDN-003,SAMN19960083,GCA_035181885.1,GCA_035181885.1,,,Complete Genome,1209,1595235,1595235,ftp://ftp.ncbi.nlm.nih.gov/genomes/all/GCA/035/181/885/GCA_035181885.1_ASM3518188v1,
HPGP_GLOBAL,HpGP-IDN-004,SAMN19960084,GCA_035181865.1,GCA_035181865.1,,,Complete Genome,1610,1595772,1595772,ftp://ftp.ncbi.nlm.nih.gov/genomes/all/GCA/035/181/865/GCA_035181865.1_ASM3518186v1,
HPGP_GLOBAL,HpGP-IDN-005,SAMN19960085,GCA_035181845.1,GCA_035181845.1,,,Complete Genome,1352,1609427,1609427,ftp://ftp.ncbi.nlm.nih.gov/genomes/all/GCA/035/181/845/GCA_035181845.1_ASM3518184v1,
HPGP_GLOBAL,HpGP-IDN-006,SAMN19960086,GCA_035181825.1,GCA_035181825.1,,,Complete Genome,1278,1585238,1585238,ftp://ftp.ncbi.nlm.nih.gov/genomes/all/GCA/035/181/825/GCA_035181825.1_ASM3518182v1,
HPGP_GLOBAL,HpGP-IDN-007,SAMN19960087,GCA_035181805.1,GCA_035181805.1,,,Complete Genome,1365,1572735,1572735,ftp://ftp.ncbi.nlm.nih.gov/genomes/all/GCA/035/181/805/GCA_035181805.1_ASM3518180v1,
HPGP_GLOBAL,HpGP-IDN-008,SAMN19960088,GCA_035181785.1,GCA_035181785.1,,,Complete Genome,1356,1566738,1566738,ftp://ftp.ncbi.nlm.nih.gov/genomes/all/GCA/035/181/785/GCA_035181785.1_ASM3518178v1,
HPGP_GLOBAL,HpGP-IDN-009,SAMN19960089,GCA_035181765.1,GCA_035181765.1,,,Complete Genome,1172,1639347,1639347,ftp://ftp.ncbi.nlm.nih.gov/genomes/all/GCA/035/181/765/GCA_035181765.1_ASM3518176v1,
HPGP_GLOBAL,HpGP-IDN-010,SAMN19960090,GCA_035181745.1,GCA_035181745.1,,,Complete Genome,987,1632885,1632885,ftp://ftp.ncbi.nlm.nih.gov/genomes/all/GCA/035/181/745/GCA_035181745.1_ASM3518174v1,
HPGP_GLOBAL,HpGP-IDN-011,SAMN19960091,GCA_035181725.1,GCA_035181725.1,,,Complete Genome,781,1555685,1555685,ftp://ftp.ncbi.nlm.nih.gov/genomes/all/GCA/035/181/725/GCA_035181725.1_ASM3518172v1,
HPGP_GLOBAL,HpGP-IND-001,SAMN19960092,GCA_035181705.1,GCA_035181705.1,,,Complete Genome,1232,1615201,1615201,ftp://ftp.ncbi.nlm.nih.gov/genomes/all/GCA/035/181/705/GCA_035181705.1_ASM3518170v1,
HPGP_GLOBAL,HpGP-IND-002,SAMN19960093,GCA_035181685.1,GCA_035181685.1,,,Complete Genome,969,1651221,1651221,ftp://ftp.ncbi.nlm.nih.gov/genomes/all/GCA/035/181/685/GCA_035181685.1_ASM3518168v1,
HPGP_GLOBAL,HpGP-IND-003,SAMN19960094,GCA_035181665.1,GCA_035181665.1,,,Complete Genome,796,1682350,1682350,ftp://ftp.ncbi.nlm.nih.gov/genomes/all/GCA/035/181/665/GCA_035181665.1_ASM3518166v1,
HPGP_GLOBAL,HpGP-IND-004,SAMN19960095,GCA_035181645.1,GCA_035181645.1,,,Complete Genome,266,1620444,1620444,ftp://ftp.ncbi.nlm.nih.gov/genomes/all/GCA/035/181/645/GCA_035181645.1_ASM3518164v1,
HPGP_GLOBAL,HpGP-IND-005,SAMN19960096,GCA_035181625.1,GCA_035181625.1,,,Complete Genome,293,1594733,1594733,ftp://ftp.ncbi.nlm.nih.gov/genomes/all/GCA/035/181/625/GCA_035181625.1_ASM3518162v1,
HPGP_GLOBAL,HpGP-IND-006,SAMN19960097,GCA_035181605.1,GCA_035181605.1,,,Complete Genome,207,1670468,1670468,ftp://ftp.ncbi.nlm.nih.gov/genomes/all/GCA/035/181/605/GCA_035181605.1_ASM3518160v1,
HPGP_GLOBAL,HpGP-IND-007,SAMN19960098,GCA_035181585.1,GCA_035181585.1,,,Complete Genome,886,1634213,1634213,ftp://ftp.ncbi.nlm.nih.gov/genomes/all/GCA/035/181/585/GCA_035181585.1_ASM3518158v1,
HPGP_GLOBAL,HpGP-IND-008,SAMN19960099,GCA_035181565.1,GCA_035181565.1,,,Complete Genome,266,1629937,1629937,ftp://ftp.ncbi.nlm.nih.gov/genomes/all/GCA/035/181/565/GCA_035181565.1_ASM3518156v1,
HPGP_GLOBAL,HpGP-IND-009,SAMN19960100,GCA_035181545.1,GCA_035181545.1,,,Complete Genome,250,1626935,1626935,ftp://ftp.ncbi.nlm.nih.gov/genomes/all/GCA/035/181/545/GCA_035181545.1_ASM3518154v1,
HPGP_GLOBAL,HpGP-IND-010,SAMN19960101,GCA_035181525.1,GCA_035181525.1,,,Complete Genome,240,1604992,1604992,ftp://ftp.ncbi.nlm.nih.gov/genomes/all/GCA/035/181/525/GCA_035181525.1_ASM3518152v1,
HPGP_GLOBAL,HpGP-IRN-001,SAMN19960102,GCA_035181505.1,GCA_035181505.1,,,Complete Genome,1077,1697603,1697603,ftp://ftp.ncbi.nlm.nih.gov/genomes/all/GCA/035/181/505/GCA_035181505.1_ASM3518150v1,
HPGP_GLOBAL,HpGP-IRN-002,SAMN19960103,GCA_035181485.1,GCA_035181485.1,,,Complete Genome,770,1565284,1565284,ftp://ftp.ncbi.nlm.nih.gov/genomes/all/GCA/035/181/485/GCA_035181485.1_ASM3518148v1,
HPGP_GLOBAL,HpGP-IRN-003,SAMN19960104,GCA_035181465.1,GCA_035181465.1,,,Complete Genome,1210,1621731,1621731,ftp://ftp.ncbi.nlm.nih.gov/genomes/all/GCA/035/181/465/GCA_035181465.1_ASM3518146v1,
HPGP_GLOBAL,HpGP-IRN-009,SAMN19960105,GCA_035181345.1,GCA_035181345.1,,,Complete Genome,1025,1609279,1609279,ftp://ftp.ncbi.nlm.nih.gov/genomes/all/GCA/035/181/345/GCA_035181345.1_ASM3518134v1,
HPGP_GLOBAL,HpGP-ISL-001,SAMN19960106,GCA_035179925.1,GCA_035179925.1,,,Complete Genome,2702,1644915,1644915,ftp://ftp.ncbi.nlm.nih.gov/genomes/all/GCA/035/179/925/GCA_035179925.1_ASM3517992v1,
HPGP_GLOBAL,HpGP-ISL-002,SAMN19960107,GCA_035177945.1,GCA_035177945.1,,,Complete Genome,2318,1603320,1603320,ftp://ftp.ncbi.nlm.nih.gov/genomes/all/GCA/035/177/945/GCA_035177945.1_ASM3517794v1,
HPGP_GLOBAL,HpGP-ISL-003,SAMN19960108,GCA_035176205.1,GCA_035176205.1,,,Complete Genome,2181,1610420,1610420,ftp://ftp.ncbi.nlm.nih.gov/genomes/all/GCA/035/176/205/GCA_035176205.1_ASM3517620v1,
HPGP_GLOBAL,HpGP-ISL-004,SAMN19960109,GCA_035174605.1,GCA_035174605.1,,,Complete Genome,3382,1589350,1589350,ftp://ftp.ncbi.nlm.nih.gov/genomes/all/GCA/035/174/605/GCA_035174605.1_ASM3517460v1,
HPGP_GLOBAL,HpGP-ISL-005,SAMN19960110,GCA_035172865.1,GCA_035172865.1,,,Complete Genome,2270,1622439,1622439,ftp://ftp.ncbi.nlm.nih.gov/genomes/all/GCA/035/172/865/GCA_035172865.1_ASM3517286v1,
HPGP_GLOBAL,HpGP-ISL-006,SAMN19960111,GCA_035171045.1,GCA_035171045.1,,,Complete Genome,963,1676412,1676412,ftp://ftp.ncbi.nlm.nih.gov/genomes/all/GCA/035/171/045/GCA_035171045.1_ASM3517104v1,
HPGP_GLOBAL,HpGP-ISL-007,SAMN19960112,GCA_035169165.1,GCA_035169165.1,,,Complete Genome,2058,1582374,1582374,ftp://ftp.ncbi.nlm.nih.gov/genomes/all/GCA/035/169/165/GCA_035169165.1_ASM3516916v1,
HPGP_GLOBAL,HpGP-ISL-008,SAMN19960113,GCA_035167225.1,GCA_035167225.1,,,Complete Genome,2586,1577658,1577658,ftp://ftp.ncbi.nlm.nih.gov/genomes/all/GCA/035/167/225/GCA_035167225.1_ASM3516722v1,
HPGP_GLOBAL,HpGP-ISL-009,SAMN19960114,GCA_035165265.1,GCA_035165265.1,,,Complete Genome,3530,1568124,1568124,ftp://ftp.ncbi.nlm.nih.gov/genomes/all/GCA/035/165/265/GCA_035165265.1_ASM3516526v1,
HPGP_GLOBAL,HpGP-ISL-010,SAMN19960115,GCA_035163525.1,GCA_035163525.1,,,Complete Genome,1392,1561874,1561874,ftp://ftp.ncbi.nlm.nih.gov/genomes/all/GCA/035/163/525/GCA_035163525.1_ASM3516352v1,
HPGP_GLOBAL,HpGP-ISL-011,SAMN19960116,GCA_035161645.1,GCA_035161645.1,,,Complete Genome,973,1617769,1617769,ftp://ftp.ncbi.nlm.nih.gov/genomes/all/GCA/035/161/645/GCA_035161645.1_ASM3516164v1,
HPGP_GLOBAL,HpGP-ISR-001,SAMN19960117,GCA_035159445.1,GCA_035159445.1,,,Complete Genome,1190,1643060,1643060,ftp://ftp.ncbi.nlm.nih.gov/genomes/all/GCA/035/159/445/GCA_035159445.1_ASM3515944v1,
HPGP_GLOBAL,HpGP-ISR-002,SAMN19960118,GCA_035157605.1,GCA_035157605.1,,,Complete Genome,1501,1639305,1639305,ftp://ftp.ncbi.nlm.nih.gov/genomes/all/GCA/035/157/605/GCA_035157605.1_ASM3515760v1,
HPGP_GLOBAL,HpGP-JAP-103,SAMN19960129,GCA_035155365.1,GCA_035155365.1,,,Complete Genome,386,1543209,1543209,ftp://ftp.ncbi.nlm.nih.gov/genomes/all/GCA/035/155/365/GCA_035155365.1_ASM3515536v1,
HPGP_GLOBAL,HpGP-KOR-044,SAMN11309842,GCA_035154245.1,GCA_035154245.1,,,Complete Genome,402,1608074,1608074,ftp://ftp.ncbi.nlm.nih.gov/genomes/all/GCA/035/154/245/GCA_035154245.1_ASM3515424v1,
HPGP_GLOBAL,HpGP-KOR-045,SAMN11309783,GCA_035153145.1,GCA_035153145.1,,,Complete Genome,443,1609731,1609731,ftp://ftp.ncbi.nlm.nih.gov/genomes/all/GCA/035/153/145/GCA_035153145.1_ASM3515314v1,
HPGP_GLOBAL,HpGP-KOR-046,SAMN11309839,GCA_035152275.1,GCA_035152275.1,,,Complete Genome,783,1611772,1611772,ftp://ftp.ncbi.nlm.nih.gov/genomes/all/GCA/035/152/275/GCA_035152275.1_ASM3515227v1,
HPGP_GLOBAL,HpGP-KOR-047,SAMN11309836,GCA_035151455.1,GCA_035151455.1,,,Complete Genome,1119,1567034,1567034,ftp://ftp.ncbi.nlm.nih.gov/genomes/all/GCA/035/151/455/GCA_035151455.1_ASM3515145v1,
HPGP_GLOBAL,HpGP-KOR-048,SAMN11309784,GCA_035150655.1,GCA_035150655.1,,,Complete Genome,684,1574538,1574538,ftp://ftp.ncbi.nlm.nih.gov/genomes/all/GCA/035/150/655/GCA_035150655.1_ASM3515065v1,
HPGP_GLOBAL,HpGP-KOR-049,SAMN11309810,GCA_035149765.1,GCA_035149765.1,,,Complete Genome,536,1615428,1615428,ftp://ftp.ncbi.nlm.nih.gov/genomes/all/GCA/035/149/765/GCA_035149765.1_ASM3514976v1,
HPGP_GLOBAL,HpGP-KOR-050,SAMN11309853,GCA_035148425.1,GCA_035148425.1,,,Complete Genome,868,1611527,1611527,ftp://ftp.ncbi.nlm.nih.gov/genomes/all/GCA/035/148/425/GCA_035148425.1_ASM3514842v1,
HPGP_GLOBAL,HpGP-KOR-101,SAMN11309785,GCA_035147585.1,GCA_035147585.1,,,Complete Genome,690,1628820,1628820,ftp://ftp.ncbi.nlm.nih.gov/genomes/all/GCA/035/147/585/GCA_035147585.1_ASM3514758v1,
HPGP_GLOBAL,HpGP-KOR-105,SAMN11309786,GCA_035146795.1,GCA_035146795.1,,,Complete Genome,785,1593957,1593957,ftp://ftp.ncbi.nlm.nih.gov/genomes/all/GCA/035/146/795/GCA_035146795.1_ASM3514679v1,
HPGP_GLOBAL,HpGP-KOR-109,SAMN11309808,GCA_035145775.1,GCA_035145775.1,,,Complete Genome,1175,1610271,1610271,ftp://ftp.ncbi.nlm.nih.gov/genomes/all/GCA/035/145/775/GCA_035145775.1_ASM3514577v1,
HPGP_GLOBAL,HpGP-KOR-110,SAMN11309787,GCA_035144775.1,GCA_035144775.1,,,Complete Genome,539,1623221,1623221,ftp://ftp.ncbi.nlm.nih.gov/genomes/all/GCA/035/144/775/GCA_035144775.1_ASM3514477v1,
HPGP_GLOBAL,HpGP-LAT-002,SAMN11316868,GCA_035143715.1,GCA_035143715.1,,,Complete Genome,739,1609167,1609167,ftp://ftp.ncbi.nlm.nih.gov/genomes/all/GCA/035/143/715/GCA_035143715.1_ASM3514371v1,
HPGP_GLOBAL,HpGP-LAT-004,SAMN11316683,GCA_035142855.1,GCA_035142855.1,,,Complete Genome,150,1673764,1673764,ftp://ftp.ncbi.nlm.nih.gov/genomes/all/GCA/035/142/855/GCA_035142855.1_ASM3514285v1,
HPGP_GLOBAL,HpGP-LAT-005,SAMN11316684,GCA_035141975.1,GCA_035141975.1,,,Complete Genome,153,1680090,1680090,ftp://ftp.ncbi.nlm.nih.gov/genomes/all/GCA/035/141/975/GCA_035141975.1_ASM3514197v1,
HPGP_GLOBAL,HpGP-LAT-007,SAMN11316854,GCA_035141125.1,GCA_035141125.1,,,Complete Genome,2891,1672884,1672884,ftp://ftp.ncbi.nlm.nih.gov/genomes/all/GCA/035/141/125/GCA_035141125.1_ASM3514112v1,
HPGP_GLOBAL,HpGP-LAT-008,SAMN11316686,GCA_035140225.1,GCA_035140225.1,,,Complete Genome,754,1608981,1608981,ftp://ftp.ncbi.nlm.nih.gov/genomes/all/GCA/035/140/225/GCA_035140225.1_ASM3514022v1,
HPGP_GLOBAL,HpGP-LAT-009,SAMN11316687,GCA_035139465.1,GCA_035139465.1,,,Complete Genome,779,1650243,1650243,ftp://ftp.ncbi.nlm.nih.gov/genomes/all/GCA/035/139/465/GCA_035139465.1_ASM3513946v1,
HPGP_GLOBAL,HpGP-LAT-010,SAMN11316688,GCA_035138545.1,GCA_035138545.1,,,Complete Genome,176,1605087,1605087,ftp://ftp.ncbi.nlm.nih.gov/genomes/all/GCA/035/138/545/GCA_035138545.1_ASM3513854v1,
HPGP_GLOBAL,HpGP-LAT-012,SAMN11316689,GCA_035137385.1,GCA_035137385.1,,,Complete Genome,989,1642396,1642396,ftp://ftp.ncbi.nlm.nih.gov/genomes/all/GCA/035/137/385/GCA_035137385.1_ASM3513738v1,
HPGP_GLOBAL,HpGP-LAT-014,SAMN11317210,GCA_035136325.1,GCA_035136325.1,,,Complete Genome,2181,1648207,1648207,ftp://ftp.ncbi.nlm.nih.gov/genomes/all/GCA/035/136/325/GCA_035136325.1_ASM3513632v1,
HPGP_GLOBAL,HpGP-LAT-015,SAMN11316691,GCA_035135185.1,GCA_035135185.1,,,Complete Genome,1225,1639778,1639778,ftp://ftp.ncbi.nlm.nih.gov/genomes/all/GCA/035/135/185/GCA_035135185.1_ASM3513518v1,
HPGP_GLOBAL,HpGP-LAT-017,SAMN11316692,GCA_035133835.1,GCA_035133835.1,,,Complete Genome,150,1682262,1682262,ftp://ftp.ncbi.nlm.nih.gov/genomes/all/GCA/035/133/835/GCA_035133835.1_ASM3513383v1,
HPGP_GLOBAL,HpGP-LAT-019,SAMN11316694,GCA_035133235.1,GCA_035133235.1,,,Complete Genome,150,1647783,1647783,ftp://ftp.ncbi.nlm.nih.gov/genomes/all/GCA/035/133/235/GCA_035133235.1_ASM3513323v1,
HPGP_GLOBAL,HpGP-LAT-020,SAMN11316727,GCA_035132715.1,GCA_035132715.1,,,Complete Genome,276,1704348,1704348,ftp://ftp.ncbi.nlm.nih.gov/genomes/all/GCA/035/132/715/GCA_035132715.1_ASM3513271v1,
HPGP_GLOBAL,HpGP-LAT-021,SAMN11316866,GCA_035131815.1,GCA_035131815.1,,,Complete Genome,2218,1668928,1668928,ftp://ftp.ncbi.nlm.nih.gov/genomes/all/GCA/035/131/815/GCA_035131815.1_ASM3513181v1,
HPGP_GLOBAL,HpGP-LAT-022,SAMN11316852,GCA_035131015.1,GCA_035131015.1,,,Complete Genome,2091,1722162,1722162,ftp://ftp.ncbi.nlm.nih.gov/genomes/all/GCA/035/131/015/GCA_035131015.1_ASM3513101v1,
HPGP_GLOBAL,HpGP-LAT-023,SAMN11316867,GCA_035130095.1,GCA_035130095.1,,,Complete Genome,2249,1645794,1645794,ftp://ftp.ncbi.nlm.nih.gov/genomes/all/GCA/035/130/095/GCA_035130095.1_ASM3513009v1,
HPGP_GLOBAL,HpGP-LAT-024,SAMN11316824,GCA_035128965.1,GCA_035128965.1,,,Complete Genome,1507,1638412,1638412,ftp://ftp.ncbi.nlm.nih.gov/genomes/all/GCA/035/128/965/GCA_035128965.1_ASM3512896v1,
HPGP_GLOBAL,HpGP-LAT-025,SAMN11316695,GCA_035127895.1,GCA_035127895.1,,,Complete Genome,2043,1652134,1652134,ftp://ftp.ncbi.nlm.nih.gov/genomes/all/GCA/035/127/895/GCA_035127895.1_ASM3512789v1,
HPGP_GLOBAL,HpGP-LAT-026,SAMN11316696,GCA_035126575.1,GCA_035126575.1,,,Complete Genome,1830,1661550,1661550,ftp://ftp.ncbi.nlm.nih.gov/genomes/all/GCA/035/126/575/GCA_035126575.1_ASM3512657v1,
HPGP_GLOBAL,HpGP-LAT-027,SAMN11316697,GCA_035125245.1,GCA_035125245.1,,,Complete Genome,1316,1604477,1604477,ftp://ftp.ncbi.nlm.nih.gov/genomes/all/GCA/035/125/245/GCA_035125245.1_ASM3512524v1,
HPGP_GLOBAL,HpGP-LAT-028,SAMN11316698,GCA_035124155.1,GCA_035124155.1,,,Complete Genome,1626,1699060,1699060,ftp://ftp.ncbi.nlm.nih.gov/genomes/all/GCA/035/124/155/GCA_035124155.1_ASM3512415v1,
HPGP_GLOBAL,HpGP-LAT-029,SAMN11316851,GCA_035123255.1,GCA_035123255.1,,,Complete Genome,1680,1660539,1660539,ftp://ftp.ncbi.nlm.nih.gov/genomes/all/GCA/035/123/255/GCA_035123255.1_ASM3512325v1,
HPGP_GLOBAL,HpGP-LAT-030,SAMN11316699,GCA_035122595.1,GCA_035122595.1,,,Complete Genome,1698,1598205,1598205,ftp://ftp.ncbi.nlm.nih.gov/genomes/all/GCA/035/122/595/GCA_035122595.1_ASM3512259v1,
HPGP_GLOBAL,HpGP-LIT-001,SAMN11317312,GCA_035121615.1,GCA_035121615.1,,,Complete Genome,957,1677648,1677648,ftp://ftp.ncbi.nlm.nih.gov/genomes/all/GCA/035/121/615/GCA_035121615.1_ASM3512161v1,
HPGP_GLOBAL,HpGP-LIT-002,SAMN11317313,GCA_035120315.1,GCA_035120315.1,,,Complete Genome,956,1603772,1603772,ftp://ftp.ncbi.nlm.nih.gov/genomes/all/GCA/035/120/315/GCA_035120315.1_ASM3512031v1,
HPGP_GLOBAL,HpGP-LIT-003,SAMN11317482,GCA_035119535.1,GCA_035119535.1,,,Complete Genome,528,1650816,1650816,ftp://ftp.ncbi.nlm.nih.gov/genomes/all/GCA/035/119/535/GCA_035119535.1_ASM3511953v1,
HPGP_GLOBAL,HpGP-LIT-004,SAMN11317342,GCA_035118735.1,GCA_035118735.1,,,Complete Genome,739,1674442,1674442,ftp://ftp.ncbi.nlm.nih.gov/genomes/all/GCA/035/118/735/GCA_035118735.1_ASM3511873v1,
HPGP_GLOBAL,HpGP-LIT-006,SAMN11317314,GCA_035117915.1,GCA_035117915.1,,,Complete Genome,989,1631670,1631670,ftp://ftp.ncbi.nlm.nih.gov/genomes/all/GCA/035/117/915/GCA_035117915.1_ASM3511791v1,
HPGP_GLOBAL,HpGP-LIT-007,SAMN11317315,GCA_035117895.1,GCA_035117895.1,,,Complete Genome,691,1694113,1694113,ftp://ftp.ncbi.nlm.nih.gov/genomes/all/GCA/035/117/895/GCA_035117895.1_ASM3511789v1,
HPGP_GLOBAL,HpGP-LIT-008,SAMN11317316,GCA_035117875.1,GCA_035117875.1,,,Complete Genome,548,1552010,1552010,ftp://ftp.ncbi.nlm.nih.gov/genomes/all/GCA/035/117/875/GCA_035117875.1_ASM3511787v1,
HPGP_GLOBAL,HpGP-LIT-010,SAMN11317341,GCA_035117855.1,GCA_035117855.1,,,Complete Genome,1250,1674537,1674537,ftp://ftp.ncbi.nlm.nih.gov/genomes/all/GCA/035/117/855/GCA_035117855.1_ASM3511785v1,
HPGP_GLOBAL,HpGP-LIT-012,SAMN11317317,GCA_035117835.1,GCA_035117835.1,,,Complete Genome,418,1614136,1614136,ftp://ftp.ncbi.nlm.nih.gov/genomes/all/GCA/035/117/835/GCA_035117835.1_ASM3511783v1,
HPGP_GLOBAL,HpGP-LIT-013,SAMN11317318,GCA_035117815.1,GCA_035117815.1,,,Complete Genome,555,1654125,1654125,ftp://ftp.ncbi.nlm.nih.gov/genomes/all/GCA/035/117/815/GCA_035117815.1_ASM3511781v1,
HPGP_GLOBAL,HpGP-LIT-020,SAMN11317332,GCA_035117795.1,GCA_035117795.1,,,Complete Genome,943,1607678,1607678,ftp://ftp.ncbi.nlm.nih.gov/genomes/all/GCA/035/117/795/GCA_035117795.1_ASM3511779v1,
HPGP_GLOBAL,HpGP-LIT-023,SAMN11317319,GCA_035117655.1,GCA_035117655.1,,,Complete Genome,474,1644498,1644498,ftp://ftp.ncbi.nlm.nih.gov/genomes/all/GCA/035/117/655/GCA_035117655.1_ASM3511765v1,
HPGP_GLOBAL,HpGP-LIT-024,SAMN11317481,GCA_035117635.1,GCA_035117635.1,,,Complete Genome,460,1719962,1719962,ftp://ftp.ncbi.nlm.nih.gov/genomes/all/GCA/035/117/635/GCA_035117635.1_ASM3511763v1,
HPGP_GLOBAL,HpGP-LIT-025,SAMN11317320,GCA_035117615.1,GCA_035117615.1,,,Complete Genome,530,1667509,1667509,ftp://ftp.ncbi.nlm.nih.gov/genomes/all/GCA/035/117/615/GCA_035117615.1_ASM3511761v1,
HPGP_GLOBAL,HpGP-LIT-029,SAMN11317321,GCA_035117595.1,GCA_035117595.1,,,Complete Genome,753,1631464,1631464,ftp://ftp.ncbi.nlm.nih.gov/genomes/all/GCA/035/117/595/GCA_035117595.1_ASM3511759v1,
HPGP_GLOBAL,HpGP-LIT-030,SAMN11317333,GCA_035117215.1,GCA_035117215.1,,,Complete Genome,751,1652702,1652702,ftp://ftp.ncbi.nlm.nih.gov/genomes/all/GCA/035/117/215/GCA_035117215.1_ASM3511721v1,
HPGP_GLOBAL,HpGP-LIT-035,SAMN11317322,GCA_035117195.1,GCA_035117195.1,,,Complete Genome,563,1633016,1633016,ftp://ftp.ncbi.nlm.nih.gov/genomes/all/GCA/035/117/195/GCA_035117195.1_ASM3511719v1,
HPGP_GLOBAL,HpGP-MAL-002,SAMN11317514,GCA_035117175.1,GCA_035117175.1,,,Complete Genome,672,1682359,1682359,ftp://ftp.ncbi.nlm.nih.gov/genomes/all/GCA/035/117/175/GCA_035117175.1_ASM3511717v1,
HPGP_GLOBAL,HpGP-MAL-003,SAMN11317543,GCA_035117155.1,GCA_035117155.1,,,Complete Genome,581,1605592,1605592,ftp://ftp.ncbi.nlm.nih.gov/genomes/all/GCA/035/117/155/GCA_035117155.1_ASM3511715v1,
HPGP_GLOBAL,HpGP-MEX-027,SAMN11318495,GCA_035097795.1,GCA_035097795.1,,,Complete Genome,1270,1664528,1664528,ftp://ftp.ncbi.nlm.nih.gov/genomes/all/GCA/035/097/795/GCA_035097795.1_ASM3509779v1,
HPGP_GLOBAL,HpGP-MEX-041,SAMN11317610,GCA_035093675.1,GCA_035093675.1,,,Complete Genome,181,1653195,1653195,ftp://ftp.ncbi.nlm.nih.gov/genomes/all/GCA/035/093/675/GCA_035093675.1_ASM3509367v1,
HPGP_GLOBAL,HpGP-MAL-004,SAMN11317494,GCA_035117115.1,GCA_035117115.1,,,Complete Genome,974,1649360,1649360,ftp://ftp.ncbi.nlm.nih.gov/genomes/all/GCA/035/117/115/GCA_035117115.1_ASM3511711v1,
HPGP_GLOBAL,HpGP-MAL-005,SAMN11317495,GCA_035117085.1,GCA_035117085.1,,,Complete Genome,1347,1586094,1586094,ftp://ftp.ncbi.nlm.nih.gov/genomes/all/GCA/035/117/085/GCA_035117085.1_ASM3511708v1,
HPGP_GLOBAL,HpGP-MAL-006,SAMN11317496,GCA_035117065.1,GCA_035117065.1,,,Complete Genome,386,1664417,1664417,ftp://ftp.ncbi.nlm.nih.gov/genomes/all/GCA/035/117/065/GCA_035117065.1_ASM3511706v1,
HPGP_GLOBAL,HpGP-MAL-007,SAMN11317497,GCA_035117045.1,GCA_035117045.1,,,Complete Genome,680,1699103,1699103,ftp://ftp.ncbi.nlm.nih.gov/genomes/all/GCA/035/117/045/GCA_035117045.1_ASM3511704v1,
HPGP_GLOBAL,HpGP-MAL-008,SAMN11317498,GCA_035116805.1,GCA_035116805.1,,,Complete Genome,620,1558732,1558732,ftp://ftp.ncbi.nlm.nih.gov/genomes/all/GCA/035/116/805/GCA_035116805.1_ASM3511680v1,
HPGP_GLOBAL,HpGP-MAL-010,SAMN11317544,GCA_035116365.1,GCA_035116365.1,,,Complete Genome,522,1617509,1617509,ftp://ftp.ncbi.nlm.nih.gov/genomes/all/GCA/035/116/365/GCA_035116365.1_ASM3511636v1,
HPGP_GLOBAL,HpGP-MAL-012,SAMN11317499,GCA_035115545.1,GCA_035115545.1,,,Complete Genome,820,1591039,1591039,ftp://ftp.ncbi.nlm.nih.gov/genomes/all/GCA/035/115/545/GCA_035115545.1_ASM3511554v1,
HPGP_GLOBAL,HpGP-MAL-015,SAMN11317541,GCA_035114725.1,GCA_035114725.1,,,Complete Genome,869,1612622,1612622,ftp://ftp.ncbi.nlm.nih.gov/genomes/all/GCA/035/114/725/GCA_035114725.1_ASM3511472v1,
HPGP_GLOBAL,HpGP-MAL-016,SAMN11317500,GCA_035113525.1,GCA_035113525.1,,,Complete Genome,1416,1671907,1671907,ftp://ftp.ncbi.nlm.nih.gov/genomes/all/GCA/035/113/525/GCA_035113525.1_ASM3511352v1,
HPGP_GLOBAL,HpGP-MAL-018,SAMN11317502,GCA_035112185.1,GCA_035112185.1,,,Complete Genome,1178,1622971,1622971,ftp://ftp.ncbi.nlm.nih.gov/genomes/all/GCA/035/112/185/GCA_035112185.1_ASM3511218v1,
HPGP_GLOBAL,HpGP-MAL-019,SAMN11317526,GCA_035111225.1,GCA_035111225.1,,,Complete Genome,688,1615796,1615796,ftp://ftp.ncbi.nlm.nih.gov/genomes/all/GCA/035/111/225/GCA_035111225.1_ASM3511122v1,
HPGP_GLOBAL,HpGP-MAL-020,SAMN11317503,GCA_035110265.1,GCA_035110265.1,,,Complete Genome,1201,1583392,1583392,ftp://ftp.ncbi.nlm.nih.gov/genomes/all/GCA/035/110/265/GCA_035110265.1_ASM3511026v1,
HPGP_GLOBAL,HpGP-MAL-021,SAMN11317504,GCA_035109285.1,GCA_035109285.1,,,Complete Genome,908,1658488,1658488,ftp://ftp.ncbi.nlm.nih.gov/genomes/all/GCA/035/109/285/GCA_035109285.1_ASM3510928v1,
HPGP_GLOBAL,HpGP-MAL-022,SAMN11317515,GCA_035108465.1,GCA_035108465.1,,,Complete Genome,2039,1574201,1574201,ftp://ftp.ncbi.nlm.nih.gov/genomes/all/GCA/035/108/465/GCA_035108465.1_ASM3510846v1,
HPGP_GLOBAL,HpGP-MAL-023,SAMN11317505,GCA_035108005.1,GCA_035108005.1,,,Complete Genome,606,1582641,1582641,ftp://ftp.ncbi.nlm.nih.gov/genomes/all/GCA/035/108/005/GCA_035108005.1_ASM3510800v1,
HPGP_GLOBAL,HpGP-MAL-025,SAMN11317525,GCA_035107145.1,GCA_035107145.1,,,Complete Genome,1121,1632926,1632926,ftp://ftp.ncbi.nlm.nih.gov/genomes/all/GCA/035/107/145/GCA_035107145.1_ASM3510714v1,
HPGP_GLOBAL,HpGP-MEX-001,SAMN11317599,GCA_035106305.1,GCA_035106305.1,,,Complete Genome,792,1706154,1706154,ftp://ftp.ncbi.nlm.nih.gov/genomes/all/GCA/035/106/305/GCA_035106305.1_ASM3510630v1,
HPGP_GLOBAL,HpGP-MEX-002,SAMN11317600,GCA_035105485.1,GCA_035105485.1,,,Complete Genome,435,1676517,1676517,ftp://ftp.ncbi.nlm.nih.gov/genomes/all/GCA/035/105/485/GCA_035105485.1_ASM3510548v1,
HPGP_GLOBAL,HpGP-MEX-003,SAMN11317601,GCA_035104665.1,GCA_035104665.1,,,Complete Genome,236,1667742,1667742,ftp://ftp.ncbi.nlm.nih.gov/genomes/all/GCA/035/104/665/GCA_035104665.1_ASM3510466v1,
HPGP_GLOBAL,HpGP-MEX-004,SAMN11318410,GCA_035104495.1,GCA_035104495.1,,,Complete Genome,379,1621730,1621730,ftp://ftp.ncbi.nlm.nih.gov/genomes/all/GCA/035/104/495/GCA_035104495.1_ASM3510449v1,
HPGP_GLOBAL,HpGP-MEX-006,SAMN11317602,GCA_035103955.1,GCA_035103955.1,,,Complete Genome,3089,1654022,1654022,ftp://ftp.ncbi.nlm.nih.gov/genomes/all/GCA/035/103/955/GCA_035103955.1_ASM3510395v1,
HPGP_GLOBAL,HpGP-MEX-007,SAMN11318487,GCA_035103015.1,GCA_035103015.1,,,Complete Genome,743,1575038,1575038,ftp://ftp.ncbi.nlm.nih.gov/genomes/all/GCA/035/103/015/GCA_035103015.1_ASM3510301v1,
HPGP_GLOBAL,HpGP-MEX-008,SAMN11317603,GCA_035102095.1,GCA_035102095.1,,,Complete Genome,1238,1642782,1642782,ftp://ftp.ncbi.nlm.nih.gov/genomes/all/GCA/035/102/095/GCA_035102095.1_ASM3510209v1,
HPGP_GLOBAL,HpGP-MEX-009,SAMN11317604,GCA_035101275.1,GCA_035101275.1,,,Complete Genome,241,1569832,1569832,ftp://ftp.ncbi.nlm.nih.gov/genomes/all/GCA/035/101/275/GCA_035101275.1_ASM3510127v1,
HPGP_GLOBAL,HpGP-MEX-010,SAMN11317605,GCA_035100535.1,GCA_035100535.1,,,Complete Genome,406,1658652,1658652,ftp://ftp.ncbi.nlm.nih.gov/genomes/all/GCA/035/100/535/GCA_035100535.1_ASM3510053v1,
HPGP_GLOBAL,HpGP-MEX-012,SAMN11318482,GCA_035099675.1,GCA_035099675.1,,,Complete Genome,567,1653021,1653021,ftp://ftp.ncbi.nlm.nih.gov/genomes/all/GCA/035/099/675/GCA_035099675.1_ASM3509967v1,
HPGP_GLOBAL,HpGP-MEX-023,SAMN11317606,GCA_035099075.1,GCA_035099075.1,,,Complete Genome,362,1595213,1595213,ftp://ftp.ncbi.nlm.nih.gov/genomes/all/GCA/035/099/075/GCA_035099075.1_ASM3509907v1,
HPGP_GLOBAL,HpGP-MEX-024,SAMN11317607,GCA_035098295.1,GCA_035098295.1,,,Complete Genome,700,1657324,1657324,ftp://ftp.ncbi.nlm.nih.gov/genomes/all/GCA/035/098/295/GCA_035098295.1_ASM3509829v1,
HPGP_GLOBAL,HpGP-MEX-028,SAMN11318496,GCA_035097095.1,GCA_035097095.1,,,Complete Genome,228,1562280,1562280,ftp://ftp.ncbi.nlm.nih.gov/genomes/all/GCA/035/097/095/GCA_035097095.1_ASM3509709v1,
HPGP_GLOBAL,HpGP-MEX-032,SAMN11317608,GCA_035096475.1,GCA_035096475.1,,,Complete Genome,1210,1631020,1631020,ftp://ftp.ncbi.nlm.nih.gov/genomes/all/GCA/035/096/475/GCA_035096475.1_ASM3509647v1,
HPGP_GLOBAL,HpGP-MEX-035,SAMN11317609,GCA_035095755.1,GCA_035095755.1,,,Complete Genome,218,1632040,1632040,ftp://ftp.ncbi.nlm.nih.gov/genomes/all/GCA/035/095/755/GCA_035095755.1_ASM3509575v1,
HPGP_GLOBAL,HpGP-MEX-040,SAMN11318486,GCA_035094615.1,GCA_035094615.1,,,Complete Genome,1139,1661496,1661496,ftp://ftp.ncbi.nlm.nih.gov/genomes/all/GCA/035/094/615/GCA_035094615.1_ASM3509461v1,
HPGP_GLOBAL,HpGP-MEX-043,SAMN11318494,GCA_035093545.1,GCA_035093545.1,,,Complete Genome,1166,1656016,1656016,ftp://ftp.ncbi.nlm.nih.gov/genomes/all/GCA/035/093/545/GCA_035093545.1_ASM3509354v1,
HPGP_GLOBAL,HpGP-MEX-044,SAMN11318485,GCA_035092745.1,GCA_035092745.1,,,Complete Genome,421,1696467,1696467,ftp://ftp.ncbi.nlm.nih.gov/genomes/all/GCA/035/092/745/GCA_035092745.1_ASM3509274v1,
HPGP_GLOBAL,HpGP-JAP-104,SAMN19960130,GCA_035092185.1,GCA_035092185.1,,,Complete Genome,264,1629601,1629601,ftp://ftp.ncbi.nlm.nih.gov/genomes/all/GCA/035/092/185/GCA_035092185.1_ASM3509218v1,
HPGP_GLOBAL,HpGP-JAP-105,SAMN19960131,GCA_035092165.1,GCA_035092165.1,,,Complete Genome,337,1555420,1555420,ftp://ftp.ncbi.nlm.nih.gov/genomes/all/GCA/035/092/165/GCA_035092165.1_ASM3509216v1,
HPGP_GLOBAL,HpGP-JAP-106,SAMN19960132,GCA_035091565.1,GCA_035091565.1,,,Complete Genome,411,1594270,1594270,ftp://ftp.ncbi.nlm.nih.gov/genomes/all/GCA/035/091/565/GCA_035091565.1_ASM3509156v1,
HPGP_GLOBAL,HpGP-JAP-107,SAMN19960133,GCA_035091385.1,GCA_035091385.1,,,Complete Genome,539,1585669,1585669,ftp://ftp.ncbi.nlm.nih.gov/genomes/all/GCA/035/091/385/GCA_035091385.1_ASM3509138v1,
HPGP_GLOBAL,HpGP-JAP-108,SAMN19960134,GCA_035091345.1,GCA_035091345.1,,,Complete Genome,338,1561411,1561411,ftp://ftp.ncbi.nlm.nih.gov/genomes/all/GCA/035/091/345/GCA_035091345.1_ASM3509134v1,
HPGP_GLOBAL,HpGP-JAP-109,SAMN19960135,GCA_035091325.1,GCA_035091325.1,,,Complete Genome,256,1585338,1585338,ftp://ftp.ncbi.nlm.nih.gov/genomes/all/GCA/035/091/325/GCA_035091325.1_ASM3509132v1,
HPGP_GLOBAL,HpGP-JAP-110,SAMN19960136,GCA_035091305.1,GCA_035091305.1,,,Complete Genome,263,1666689,1666689,ftp://ftp.ncbi.nlm.nih.gov/genomes/all/GCA/035/091/305/GCA_035091305.1_ASM3509130v1,
HPGP_GLOBAL,HpGP-JAP-111,SAMN19960137,GCA_035091285.1,GCA_035091285.1,,,Complete Genome,285,1563824,1563824,ftp://ftp.ncbi.nlm.nih.gov/genomes/all/GCA/035/091/285/GCA_035091285.1_ASM3509128v1,
HPGP_GLOBAL,HpGP-JAP-112,SAMN19960138,GCA_035091225.1,GCA_035091225.1,,,Complete Genome,234,1578838,1578838,ftp://ftp.ncbi.nlm.nih.gov/genomes/all/GCA/035/091/225/GCA_035091225.1_ASM3509122v1,
HPGP_GLOBAL,HpGP-JAP-113,SAMN19960139,GCA_035090815.1,GCA_035090815.1,,,Complete Genome,1180,1609003,1609003,ftp://ftp.ncbi.nlm.nih.gov/genomes/all/GCA/035/090/815/GCA_035090815.1_ASM3509081v1,
HPGP_GLOBAL,HpGP-JAP-114,SAMN19960140,GCA_035090355.1,GCA_035090355.1,,,Complete Genome,278,1620727,1620727,ftp://ftp.ncbi.nlm.nih.gov/genomes/all/GCA/035/090/355/GCA_035090355.1_ASM3509035v1,
HPGP_GLOBAL,HpGP-JAP-115,SAMN19960141,GCA_035089835.1,GCA_035089835.1,,,Complete Genome,287,1606574,1606574,ftp://ftp.ncbi.nlm.nih.gov/genomes/all/GCA/035/089/835/GCA_035089835.1_ASM3508983v1,
HPGP_GLOBAL,HpGP-JOR-001,SAMN19960142,GCA_035088895.1,GCA_035088895.1,,,Complete Genome,691,1641145,1641145,ftp://ftp.ncbi.nlm.nih.gov/genomes/all/GCA/035/088/895/GCA_035088895.1_ASM3508889v1,
HPGP_GLOBAL,HpGP-JOR-002,SAMN19960143,GCA_035087805.1,GCA_035087805.1,,,Complete Genome,3010,1613253,1613253,ftp://ftp.ncbi.nlm.nih.gov/genomes/all/GCA/035/087/805/GCA_035087805.1_ASM3508780v1,
HPGP_GLOBAL,HpGP-JOR-003,SAMN19960144,GCA_035087045.1,GCA_035087045.1,,,Complete Genome,841,1717221,1717221,ftp://ftp.ncbi.nlm.nih.gov/genomes/all/GCA/035/087/045/GCA_035087045.1_ASM3508704v1,
HPGP_GLOBAL,HpGP-JOR-004,SAMN19960145,GCA_035086145.1,GCA_035086145.1,,,Complete Genome,556,1681362,1681362,ftp://ftp.ncbi.nlm.nih.gov/genomes/all/GCA/035/086/145/GCA_035086145.1_ASM3508614v1,
HPGP_GLOBAL,HpGP-JOR-005,SAMN19960146,GCA_035084655.1,GCA_035084655.1,,,Complete Genome,802,1724222,1724222,ftp://ftp.ncbi.nlm.nih.gov/genomes/all/GCA/035/084/655/GCA_035084655.1_ASM3508465v1,
HPGP_GLOBAL,HpGP-JOR-006,SAMN19960147,GCA_035083625.1,GCA_035083625.1,,,Complete Genome,1311,1725642,1725642,ftp://ftp.ncbi.nlm.nih.gov/genomes/all/GCA/035/083/625/GCA_035083625.1_ASM3508362v1,
HPGP_GLOBAL,HpGP-JOR-010,SAMN19960151,GCA_035082625.1,GCA_035082625.1,,,Complete Genome,643,1613086,1613086,ftp://ftp.ncbi.nlm.nih.gov/genomes/all/GCA/035/082/625/GCA_035082625.1_ASM3508262v1,
HPGP_GLOBAL,HpGP-JOR-007,SAMN19960148,GCA_035081865.1,GCA_035081865.1,,,Complete Genome,823,1670567,1670567,ftp://ftp.ncbi.nlm.nih.gov/genomes/all/GCA/035/081/865/GCA_035081865.1_ASM3508186v1,
HPGP_GLOBAL,HpGP-JOR-008,SAMN19960149,GCA_035081085.1,GCA_035081085.1,,,Complete Genome,570,1706861,1706861,ftp://ftp.ncbi.nlm.nih.gov/genomes/all/GCA/035/081/085/GCA_035081085.1_ASM3508108v1,
HPGP_GLOBAL,HpGP-JOR-009,SAMN19960150,GCA_035080205.1,GCA_035080205.1,,,Complete Genome,960,1632805,1632805,ftp://ftp.ncbi.nlm.nih.gov/genomes/all/GCA/035/080/205/GCA_035080205.1_ASM3508020v1,
HPGP_GLOBAL,HpGP-KAZ-001,SAMN19960152,GCA_035079215.1,GCA_035079215.1,,,Complete Genome,549,1660958,1660958,ftp://ftp.ncbi.nlm.nih.gov/genomes/all/GCA/035/079/215/GCA_035079215.1_ASM3507921v1,
HPGP_GLOBAL,HpGP-KAZ-002,SAMN19960153,GCA_035078125.1,GCA_035078125.1,,,Complete Genome,729,1647055,1647055,ftp://ftp.ncbi.nlm.nih.gov/genomes/all/GCA/035/078/125/GCA_035078125.1_ASM3507812v1,
HPGP_GLOBAL,HpGP-KGZ-001,SAMN19960154,GCA_035077345.1,GCA_035077345.1,,,Complete Genome,1005,1668232,1668232,ftp://ftp.ncbi.nlm.nih.gov/genomes/all/GCA/035/077/345/GCA_035077345.1_ASM3507734v1,
HPGP_GLOBAL,HpGP-KGZ-002,SAMN19960155,GCA_035076485.1,GCA_035076485.1,,,Complete Genome,599,1725670,1725670,ftp://ftp.ncbi.nlm.nih.gov/genomes/all/GCA/035/076/485/GCA_035076485.1_ASM3507648v1,
HPGP_GLOBAL,HpGP-KGZ-003,SAMN19960156,GCA_035075465.1,GCA_035075465.1,,,Complete Genome,895,1610669,1610669,ftp://ftp.ncbi.nlm.nih.gov/genomes/all/GCA/035/075/465/GCA_035075465.1_ASM3507546v1,
HPGP_GLOBAL,HpGP-KGZ-004,SAMN19960157,GCA_035074525.1,GCA_035074525.1,,,Complete Genome,1510,1676629,1676629,ftp://ftp.ncbi.nlm.nih.gov/genomes/all/GCA/035/074/525/GCA_035074525.1_ASM3507452v1,
HPGP_GLOBAL,HpGP-KGZ-005,SAMN19960158,GCA_035073705.1,GCA_035073705.1,,,Complete Genome,1363,1633592,1633592,ftp://ftp.ncbi.nlm.nih.gov/genomes/all/GCA/035/073/705/GCA_035073705.1_ASM3507370v1,
HPGP_GLOBAL,HpGP-KGZ-006,SAMN19960159,GCA_035073085.1,GCA_035073085.1,,,Complete Genome,938,1650441,1650441,ftp://ftp.ncbi.nlm.nih.gov/genomes/all/GCA/035/073/085/GCA_035073085.1_ASM3507308v1,
HPGP_GLOBAL,HpGP-KGZ-007,SAMN19960160,GCA_035072425.1,GCA_035072425.1,,,Complete Genome,672,1682539,1682539,ftp://ftp.ncbi.nlm.nih.gov/genomes/all/GCA/035/072/425/GCA_035072425.1_ASM3507242v1,
HPGP_GLOBAL,HpGP-KGZ-008,SAMN19960161,GCA_035071605.1,GCA_035071605.1,,,Complete Genome,717,1682179,1682179,ftp://ftp.ncbi.nlm.nih.gov/genomes/all/GCA/035/071/605/GCA_035071605.1_ASM3507160v1,
HPGP_GLOBAL,HpGP-KGZ-009,SAMN19960162,GCA_035070845.1,GCA_035070845.1,,,Complete Genome,1260,1638002,1638002,ftp://ftp.ncbi.nlm.nih.gov/genomes/all/GCA/035/070/845/GCA_035070845.1_ASM3507084v1,
HPGP_GLOBAL,HpGP-KGZ-010,SAMN19960163,GCA_035069945.1,GCA_035069945.1,,,Complete Genome,1101,1697762,1697762,ftp://ftp.ncbi.nlm.nih.gov/genomes/all/GCA/035/069/945/GCA_035069945.1_ASM3506994v1,
HPGP_GLOBAL,HpGP-KOR-013,SAMN19960164,GCA_035069125.1,GCA_035069125.1,,,Complete Genome,1913,1620816,1620816,ftp://ftp.ncbi.nlm.nih.gov/genomes/all/GCA/035/069/125/GCA_035069125.1_ASM3506912v1,
HPGP_GLOBAL,HpGP-KOR-014,SAMN19960165,GCA_035068325.1,GCA_035068325.1,,,Complete Genome,306,1558002,1558002,ftp://ftp.ncbi.nlm.nih.gov/genomes/all/GCA/035/068/325/GCA_035068325.1_ASM3506832v1,
HPGP_GLOBAL,HpGP-KOR-016,SAMN19960166,GCA_035067665.1,GCA_035067665.1,,,Complete Genome,241,1575407,1575407,ftp://ftp.ncbi.nlm.nih.gov/genomes/all/GCA/035/067/665/GCA_035067665.1_ASM3506766v1,
HPGP_GLOBAL,HpGP-KOR-019,SAMN19960167,GCA_035067645.1,GCA_035067645.1,,,Complete Genome,3582,1622433,1622433,ftp://ftp.ncbi.nlm.nih.gov/genomes/all/GCA/035/067/645/GCA_035067645.1_ASM3506764v1,
HPGP_GLOBAL,HpGP-KOR-020,SAMN19960168,GCA_035067625.1,GCA_035067625.1,,,Complete Genome,225,1648740,1648740,ftp://ftp.ncbi.nlm.nih.gov/genomes/all/GCA/035/067/625/GCA_035067625.1_ASM3506762v1,
HPGP_GLOBAL,HpGP-KOR-021,SAMN19960169,GCA_035067605.1,GCA_035067605.1,,,Complete Genome,359,1573564,1573564,ftp://ftp.ncbi.nlm.nih.gov/genomes/all/GCA/035/067/605/GCA_035067605.1_ASM3506760v1,
HPGP_GLOBAL,HpGP-KOR-022,SAMN19960170,GCA_035067585.1,GCA_035067585.1,,,Complete Genome,232,1566880,1566880,ftp://ftp.ncbi.nlm.nih.gov/genomes/all/GCA/035/067/585/GCA_035067585.1_ASM3506758v1,
HPGP_GLOBAL,HpGP-KOR-023,SAMN19960171,GCA_035067565.1,GCA_035067565.1,,,Complete Genome,264,1589076,1589076,ftp://ftp.ncbi.nlm.nih.gov/genomes/all/GCA/035/067/565/GCA_035067565.1_ASM3506756v1,
HPGP_GLOBAL,HpGP-KOR-024,SAMN19960172,GCA_035067545.1,GCA_035067545.1,,,Complete Genome,206,1621161,1621161,ftp://ftp.ncbi.nlm.nih.gov/genomes/all/GCA/035/067/545/GCA_035067545.1_ASM3506754v1,
HPGP_GLOBAL,HpGP-KOR-025,SAMN19960173,GCA_035067525.1,GCA_035067525.1,,,Complete Genome,234,1607001,1607001,ftp://ftp.ncbi.nlm.nih.gov/genomes/all/GCA/035/067/525/GCA_035067525.1_ASM3506752v1,
HPGP_GLOBAL,HpGP-KOR-027,SAMN19960174,GCA_035067505.1,GCA_035067505.1,,,Complete Genome,1714,1623106,1623106,ftp://ftp.ncbi.nlm.nih.gov/genomes/all/GCA/035/067/505/GCA_035067505.1_ASM3506750v1,
HPGP_GLOBAL,HpGP-KOR-028,SAMN19960175,GCA_035067485.1,GCA_035067485.1,,,Complete Genome,288,1571838,1571838,ftp://ftp.ncbi.nlm.nih.gov/genomes/all/GCA/035/067/485/GCA_035067485.1_ASM3506748v1,
HPGP_GLOBAL,HpGP-KOR-029,SAMN19960176,GCA_035067465.1,GCA_035067465.1,,,Complete Genome,148,1599356,1599356,ftp://ftp.ncbi.nlm.nih.gov/genomes/all/GCA/035/067/465/GCA_035067465.1_ASM3506746v1,
HPGP_GLOBAL,HpGP-KOR-051,SAMN19960177,GCA_035067445.1,GCA_035067445.1,,,Complete Genome,348,1619460,1619460,ftp://ftp.ncbi.nlm.nih.gov/genomes/all/GCA/035/067/445/GCA_035067445.1_ASM3506744v1,
HPGP_GLOBAL,HpGP-KOR-052,SAMN19960178,GCA_035067425.1,GCA_035067425.1,,,Complete Genome,223,1558379,1558379,ftp://ftp.ncbi.nlm.nih.gov/genomes/all/GCA/035/067/425/GCA_035067425.1_ASM3506742v1,
HPGP_GLOBAL,HpGP-KOR-053,SAMN19960179,GCA_035067405.1,GCA_035067405.1,,,Complete Genome,201,1561159,1561159,ftp://ftp.ncbi.nlm.nih.gov/genomes/all/GCA/035/067/405/GCA_035067405.1_ASM3506740v1,
HPGP_GLOBAL,HpGP-KOR-111,SAMN19960180,GCA_035067385.1,GCA_035067385.1,,,Complete Genome,225,1637383,1637383,ftp://ftp.ncbi.nlm.nih.gov/genomes/all/GCA/035/067/385/GCA_035067385.1_ASM3506738v1,
HPGP_GLOBAL,HpGP-KOR-112,SAMN19960181,GCA_035067105.1,GCA_035067105.1,,,Complete Genome,3726,1612791,1612791,ftp://ftp.ncbi.nlm.nih.gov/genomes/all/GCA/035/067/105/GCA_035067105.1_ASM3506710v1,
HPGP_GLOBAL,HpGP-KOR-114,SAMN19960183,GCA_035066765.1,GCA_035066765.1,,,Complete Genome,333,1614990,1614990,ftp://ftp.ncbi.nlm.nih.gov/genomes/all/GCA/035/066/765/GCA_035066765.1_ASM3506676v1,
HPGP_GLOBAL,HpGP-KOR-115,SAMN19960184,GCA_035066625.1,GCA_035066625.1,,,Complete Genome,249,1572338,1572338,ftp://ftp.ncbi.nlm.nih.gov/genomes/all/GCA/035/066/625/GCA_035066625.1_ASM3506662v1,
HPGP_GLOBAL,HpGP-LAT-001,SAMN11316681,GCA_035065415.1,GCA_035065415.1,,,Complete Genome,1840,1667401,1667401,ftp://ftp.ncbi.nlm.nih.gov/genomes/all/GCA/035/065/415/GCA_035065415.1_ASM3506541v1,
HPGP_GLOBAL,HpGP-LAT-003,SAMN11316682,GCA_035064585.1,GCA_035064585.1,,,Complete Genome,2270,1685446,1685446,ftp://ftp.ncbi.nlm.nih.gov/genomes/all/GCA/035/064/585/GCA_035064585.1_ASM3506458v1,
HPGP_GLOBAL,HpGP-LAT-006,SAMN11316685,GCA_035064565.1,GCA_035064565.1,,,Complete Genome,1443,1655677,1655677,ftp://ftp.ncbi.nlm.nih.gov/genomes/all/GCA/035/064/565/GCA_035064565.1_ASM3506456v1,
HPGP_GLOBAL,HpGP-LAT-018,SAMN11316693,GCA_035064145.1,GCA_035064145.1,,,Complete Genome,2440,1642365,1642365,ftp://ftp.ncbi.nlm.nih.gov/genomes/all/GCA/035/064/145/GCA_035064145.1_ASM3506414v1,
HPGP_GLOBAL,HpGP-PER-011,SAMN11318539,GCA_035063445.1,GCA_035063445.1,,,Complete Genome,568,1663843,1663843,ftp://ftp.ncbi.nlm.nih.gov/genomes/all/GCA/035/063/445/GCA_035063445.1_ASM3506344v1,
HPGP_GLOBAL,HpGP-PER-013,SAMN11318540,GCA_035063425.1,GCA_035063425.1,,,Complete Genome,1278,1690356,1690356,ftp://ftp.ncbi.nlm.nih.gov/genomes/all/GCA/035/063/425/GCA_035063425.1_ASM3506342v1,
HPGP_GLOBAL,HpGP-PER-014,SAMN11318554,GCA_035063405.1,GCA_035063405.1,,,Complete Genome,538,1638323,1638323,ftp://ftp.ncbi.nlm.nih.gov/genomes/all/GCA/035/063/405/GCA_035063405.1_ASM3506340v1,
HPGP_GLOBAL,HpGP-PER-016,SAMN11318542,GCA_035063385.1,GCA_035063385.1,,,Complete Genome,244,1689378,1689378,ftp://ftp.ncbi.nlm.nih.gov/genomes/all/GCA/035/063/385/GCA_035063385.1_ASM3506338v1,
HPGP_GLOBAL,HpGP-PER-017,SAMN11318556,GCA_035063365.1,GCA_035063365.1,,,Complete Genome,919,1757475,1757475,ftp://ftp.ncbi.nlm.nih.gov/genomes/all/GCA/035/063/365/GCA_035063365.1_ASM3506336v1,
HPGP_GLOBAL,HpGP-PER-018,SAMN11318543,GCA_035063345.1,GCA_035063345.1,,,Complete Genome,1202,1662753,1662753,ftp://ftp.ncbi.nlm.nih.gov/genomes/all/GCA/035/063/345/GCA_035063345.1_ASM3506334v1,
HPGP_GLOBAL,HpGP-PER-019,SAMN11318546,GCA_035063325.1,GCA_035063325.1,,,Complete Genome,678,1657313,1657313,ftp://ftp.ncbi.nlm.nih.gov/genomes/all/GCA/035/063/325/GCA_035063325.1_ASM3506332v1,
HPGP_GLOBAL,HpGP-PER-020,SAMN11318545,GCA_035063305.1,GCA_035063305.1,,,Complete Genome,845,1687602,1687602,ftp://ftp.ncbi.nlm.nih.gov/genomes/all/GCA/035/063/305/GCA_035063305.1_ASM3506330v1,
HPGP_GLOBAL,HpGP-PER-021,SAMN11318544,GCA_035063285.1,GCA_035063285.1,,,Complete Genome,812,1660874,1660874,ftp://ftp.ncbi.nlm.nih.gov/genomes/all/GCA/035/063/285/GCA_035063285.1_ASM3506328v1,
HPGP_GLOBAL,HpGP-POR-001,SAMN11658935,GCA_035063265.1,GCA_035063265.1,,,Complete Genome,497,1623106,1623106,ftp://ftp.ncbi.nlm.nih.gov/genomes/all/GCA/035/063/265/GCA_035063265.1_ASM3506326v1,
HPGP_GLOBAL,HpGP-POR-002,SAMN11658994,GCA_035063245.1,GCA_035063245.1,,,Complete Genome,540,1625342,1625342,ftp://ftp.ncbi.nlm.nih.gov/genomes/all/GCA/035/063/245/GCA_035063245.1_ASM3506324v1,
HPGP_GLOBAL,HpGP-POR-003,SAMN11659058,GCA_035063225.1,GCA_035063225.1,,,Complete Genome,477,1607602,1607602,ftp://ftp.ncbi.nlm.nih.gov/genomes/all/GCA/035/063/225/GCA_035063225.1_ASM3506322v1,
HPGP_GLOBAL,HpGP-POR-004,SAMN11659085,GCA_035063205.1,GCA_035063205.1,,,Complete Genome,580,1650708,1650708,ftp://ftp.ncbi.nlm.nih.gov/genomes/all/GCA/035/063/205/GCA_035063205.1_ASM3506320v1,
HPGP_GLOBAL,HpGP-POR-005,SAMN11659177,GCA_035063185.1,GCA_035063185.1,,,Complete Genome,786,1688313,1688313,ftp://ftp.ncbi.nlm.nih.gov/genomes/all/GCA/035/063/185/GCA_035063185.1_ASM3506318v1,
HPGP_GLOBAL,HpGP-POR-006,SAMN11659210,GCA_035063165.1,GCA_035063165.1,,,Complete Genome,394,1612193,1612193,ftp://ftp.ncbi.nlm.nih.gov/genomes/all/GCA/035/063/165/GCA_035063165.1_ASM3506316v1,
HPGP_GLOBAL,HpGP-POR-007,SAMN11659244,GCA_035063145.1,GCA_035063145.1,,,Complete Genome,559,1595082,1595082,ftp://ftp.ncbi.nlm.nih.gov/genomes/all/GCA/035/063/145/GCA_035063145.1_ASM3506314v1,
HPGP_GLOBAL,HpGP-POR-008,SAMN11659351,GCA_035063125.1,GCA_035063125.1,,,Complete Genome,1047,1592813,1592813,ftp://ftp.ncbi.nlm.nih.gov/genomes/all/GCA/035/063/125/GCA_035063125.1_ASM3506312v1,
HPGP_GLOBAL,HpGP-POR-009,SAMN11659393,GCA_035063105.1,GCA_035063105.1,,,Complete Genome,747,1590970,1590970,ftp://ftp.ncbi.nlm.nih.gov/genomes/all/GCA/035/063/105/GCA_035063105.1_ASM3506310v1,
HPGP_GLOBAL,HpGP-POR-010,SAMN11659438,GCA_035062845.1,GCA_035062845.1,,,Complete Genome,987,1607134,1607134,ftp://ftp.ncbi.nlm.nih.gov/genomes/all/GCA/035/062/845/GCA_035062845.1_ASM3506284v1,
HPGP_GLOBAL,HpGP-POR-011,SAMN11659439,GCA_035062245.1,GCA_035062245.1,,,Complete Genome,675,1651002,1651002,ftp://ftp.ncbi.nlm.nih.gov/genomes/all/GCA/035/062/245/GCA_035062245.1_ASM3506224v1,
HPGP_GLOBAL,HpGP-POR-012,SAMN11659477,GCA_035062165.1,GCA_035062165.1,,,Complete Genome,1555,1652397,1652397,ftp://ftp.ncbi.nlm.nih.gov/genomes/all/GCA/035/062/165/GCA_035062165.1_ASM3506216v1,
HPGP_GLOBAL,HpGP-POR-013,SAMN11659565,GCA_035062145.1,GCA_035062145.1,,,Complete Genome,1101,1648901,1648901,ftp://ftp.ncbi.nlm.nih.gov/genomes/all/GCA/035/062/145/GCA_035062145.1_ASM3506214v1,
HPGP_GLOBAL,HpGP-POR-015,SAMN12276405,GCA_035062125.1,GCA_035062125.1,,,Complete Genome,896,1672479,1672479,ftp://ftp.ncbi.nlm.nih.gov/genomes/all/GCA/035/062/125/GCA_035062125.1_ASM3506212v1,
HPGP_GLOBAL,HpGP-POR-018,SAMN11659836,GCA_035062105.1,GCA_035062105.1,,,Complete Genome,454,1607128,1607128,ftp://ftp.ncbi.nlm.nih.gov/genomes/all/GCA/035/062/105/GCA_035062105.1_ASM3506210v1,
HPGP_GLOBAL,HpGP-TWN-019,SAMN11334331,GCA_035062085.1,GCA_035062085.1,,,Complete Genome,2959,1583891,1583891,ftp://ftp.ncbi.nlm.nih.gov/genomes/all/GCA/035/062/085/GCA_035062085.1_ASM3506208v1,
HPGP_GLOBAL,HpGP-KOR-116,SAMN19960185,GCA_035061705.1,GCA_035061705.1,,,Complete Genome,261,1659610,1659610,ftp://ftp.ncbi.nlm.nih.gov/genomes/all/GCA/035/061/705/GCA_035061705.1_ASM3506170v1,
HPGP_GLOBAL,HpGP-KOR-117,SAMN19990341,GCA_035061425.1,GCA_035061425.1,,,Complete Genome,169,1594961,1594961,ftp://ftp.ncbi.nlm.nih.gov/genomes/all/GCA/035/061/425/GCA_035061425.1_ASM3506142v1,
HPGP_GLOBAL,HpGP-KOR-118,SAMN19990342,GCA_035061405.1,GCA_035061405.1,,,Complete Genome,208,1620101,1620101,ftp://ftp.ncbi.nlm.nih.gov/genomes/all/GCA/035/061/405/GCA_035061405.1_ASM3506140v1,
HPGP_GLOBAL,HpGP-KOR-119,SAMN19990343,GCA_035060955.1,GCA_035060955.1,,,Complete Genome,181,1588944,1588944,ftp://ftp.ncbi.nlm.nih.gov/genomes/all/GCA/035/060/955/GCA_035060955.1_ASM3506095v1,
HPGP_GLOBAL,HpGP-LAT-011,SAMN19990344,GCA_035059775.1,GCA_035059775.1,,,Complete Genome,1057,1656614,1656614,ftp://ftp.ncbi.nlm.nih.gov/genomes/all/GCA/035/059/775/GCA_035059775.1_ASM3505977v1,
HPGP_GLOBAL,HpGP-LAT-031,SAMN19990345,GCA_035058305.1,GCA_035058305.1,,,Complete Genome,228,1631110,1631110,ftp://ftp.ncbi.nlm.nih.gov/genomes/all/GCA/035/058/305/GCA_035058305.1_ASM3505830v1,
HPGP_GLOBAL,HpGP-LAT-032,SAMN19990346,GCA_035058205.1,GCA_035058205.1,,,Complete Genome,223,1657643,1657643,ftp://ftp.ncbi.nlm.nih.gov/genomes/all/GCA/035/058/205/GCA_035058205.1_ASM3505820v1,
HPGP_GLOBAL,HpGP-LAT-033,SAMN19990347,GCA_035057825.1,GCA_035057825.1,,,Complete Genome,248,1621704,1621704,ftp://ftp.ncbi.nlm.nih.gov/genomes/all/GCA/035/057/825/GCA_035057825.1_ASM3505782v1,
HPGP_GLOBAL,HpGP-LAT-034,SAMN19990348,GCA_035057805.1,GCA_035057805.1,,,Complete Genome,233,1619406,1619406,ftp://ftp.ncbi.nlm.nih.gov/genomes/all/GCA/035/057/805/GCA_035057805.1_ASM3505780v1,
HPGP_GLOBAL,HpGP-LAT-035,SAMN19990349,GCA_035056925.1,GCA_035056925.1,,,Complete Genome,210,1632598,1632598,ftp://ftp.ncbi.nlm.nih.gov/genomes/all/GCA/035/056/925/GCA_035056925.1_ASM3505692v1,
HPGP_GLOBAL,HpGP-LAT-036,SAMN19990350,GCA_035055945.1,GCA_035055945.1,,,Complete Genome,167,1651657,1651657,ftp://ftp.ncbi.nlm.nih.gov/genomes/all/GCA/035/055/945/GCA_035055945.1_ASM3505594v1,
HPGP_GLOBAL,HpGP-LIT-021,SAMN19990351,GCA_035054865.1,GCA_035054865.1,,,Complete Genome,1081,1684671,1684671,ftp://ftp.ncbi.nlm.nih.gov/genomes/all/GCA/035/054/865/GCA_035054865.1_ASM3505486v1,
HPGP_GLOBAL,HpGP-LIT-026,SAMN19990352,GCA_035053905.1,GCA_035053905.1,,,Complete Genome,1529,1671520,1671520,ftp://ftp.ncbi.nlm.nih.gov/genomes/all/GCA/035/053/905/GCA_035053905.1_ASM3505390v1,
HPGP_GLOBAL,HpGP-LIT-028,SAMN19990353,GCA_035053025.1,GCA_035053025.1,,,Complete Genome,3219,1672940,1672940,ftp://ftp.ncbi.nlm.nih.gov/genomes/all/GCA/035/053/025/GCA_035053025.1_ASM3505302v1,
HPGP_GLOBAL,HpGP-LIT-031,SAMN19990354,GCA_035052225.1,GCA_035052225.1,,,Complete Genome,1673,1655223,1655223,ftp://ftp.ncbi.nlm.nih.gov/genomes/all/GCA/035/052/225/GCA_035052225.1_ASM3505222v1,
HPGP_GLOBAL,HpGP-LIT-032,SAMN19990355,GCA_035051445.1,GCA_035051445.1,,,Complete Genome,844,1616573,1616573,ftp://ftp.ncbi.nlm.nih.gov/genomes/all/GCA/035/051/445/GCA_035051445.1_ASM3505144v1,
HPGP_GLOBAL,HpGP-LIT-041,SAMN19990356,GCA_035050625.1,GCA_035050625.1,,,Complete Genome,3015,1657925,1657925,ftp://ftp.ncbi.nlm.nih.gov/genomes/all/GCA/035/050/625/GCA_035050625.1_ASM3505062v1,
HPGP_GLOBAL,HpGP-MEX-045,SAMN19990357,GCA_035049785.1,GCA_035049785.1,,,Complete Genome,216,1666989,1666989,ftp://ftp.ncbi.nlm.nih.gov/genomes/all/GCA/035/049/785/GCA_035049785.1_ASM3504978v1,
HPGP_GLOBAL,HpGP-MEX-046,SAMN19990358,GCA_035048555.1,GCA_035048555.1,,,Complete Genome,231,1694691,1694691,ftp://ftp.ncbi.nlm.nih.gov/genomes/all/GCA/035/048/555/GCA_035048555.1_ASM3504855v1,
HPGP_GLOBAL,HpGP-MMR-001,SAMN19990359,GCA_035046705.1,GCA_035046705.1,,,Complete Genome,1146,1631744,1631744,ftp://ftp.ncbi.nlm.nih.gov/genomes/all/GCA/035/046/705/GCA_035046705.1_ASM3504670v1,
HPGP_GLOBAL,HpGP-MMR-002,SAMN19990360,GCA_035044785.1,GCA_035044785.1,,,Complete Genome,1376,1611443,1611443,ftp://ftp.ncbi.nlm.nih.gov/genomes/all/GCA/035/044/785/GCA_035044785.1_ASM3504478v1,
HPGP_GLOBAL,HpGP-MMR-003,SAMN19990361,GCA_035043005.1,GCA_035043005.1,,,Complete Genome,1155,1640323,1640323,ftp://ftp.ncbi.nlm.nih.gov/genomes/all/GCA/035/043/005/GCA_035043005.1_ASM3504300v1,
HPGP_GLOBAL,HpGP-MMR-004,SAMN19990362,GCA_035042025.1,GCA_035042025.1,,,Complete Genome,1238,1600135,1600135,ftp://ftp.ncbi.nlm.nih.gov/genomes/all/GCA/035/042/025/GCA_035042025.1_ASM3504202v1,
HPGP_GLOBAL,HpGP-MMR-005,SAMN19990363,GCA_035040835.1,GCA_035040835.1,,,Complete Genome,1144,1597597,1597597,ftp://ftp.ncbi.nlm.nih.gov/genomes/all/GCA/035/040/835/GCA_035040835.1_ASM3504083v1,
HPGP_GLOBAL,HpGP-MMR-006,SAMN19990364,GCA_035040025.1,GCA_035040025.1,,,Complete Genome,837,1568847,1568847,ftp://ftp.ncbi.nlm.nih.gov/genomes/all/GCA/035/040/025/GCA_035040025.1_ASM3504002v1,
HPGP_GLOBAL,HpGP-MMR-007,SAMN19990365,GCA_035039565.1,GCA_035039565.1,,,Complete Genome,906,1576851,1576851,ftp://ftp.ncbi.nlm.nih.gov/genomes/all/GCA/035/039/565/GCA_035039565.1_ASM3503956v1,
HPGP_GLOBAL,HpGP-MMR-008,SAMN19990366,GCA_035038585.1,GCA_035038585.1,,,Complete Genome,740,1567940,1567940,ftp://ftp.ncbi.nlm.nih.gov/genomes/all/GCA/035/038/585/GCA_035038585.1_ASM3503858v1,
HPGP_GLOBAL,HpGP-MMR-009,SAMN19990367,GCA_035037765.1,GCA_035037765.1,,,Complete Genome,978,1609424,1609424,ftp://ftp.ncbi.nlm.nih.gov/genomes/all/GCA/035/037/765/GCA_035037765.1_ASM3503776v1,
HPGP_GLOBAL,HpGP-MMR-010,SAMN19990368,GCA_035036985.1,GCA_035036985.1,,,Complete Genome,702,1612778,1612778,ftp://ftp.ncbi.nlm.nih.gov/genomes/all/GCA/035/036/985/GCA_035036985.1_ASM3503698v1,
HPGP_GLOBAL,HpGP-MMR-011,SAMN19990369,GCA_035035935.1,GCA_035035935.1,,,Complete Genome,789,1582122,1582122,ftp://ftp.ncbi.nlm.nih.gov/genomes/all/GCA/035/035/935/GCA_035035935.1_ASM3503593v1,
HPGP_GLOBAL,HpGP-MMR-012,SAMN19990370,GCA_035034925.1,GCA_035034925.1,,,Complete Genome,634,1618041,1618041,ftp://ftp.ncbi.nlm.nih.gov/genomes/all/GCA/035/034/925/GCA_035034925.1_ASM3503492v1,
HPGP_GLOBAL,HpGP-NGA-006,SAMN19990371,GCA_035034225.1,GCA_035034225.1,,,Complete Genome,1010,1650836,1650836,ftp://ftp.ncbi.nlm.nih.gov/genomes/all/GCA/035/034/225/GCA_035034225.1_ASM3503422v1,
HPGP_GLOBAL,HpGP-NGA-010,SAMN19990372,GCA_035033625.1,GCA_035033625.1,,,Complete Genome,457,1638223,1638223,ftp://ftp.ncbi.nlm.nih.gov/genomes/all/GCA/035/033/625/GCA_035033625.1_ASM3503362v1,
HPGP_GLOBAL,HpGP-NGA-017,SAMN19990373,GCA_035032825.1,GCA_035032825.1,,,Complete Genome,3403,1695242,1695242,ftp://ftp.ncbi.nlm.nih.gov/genomes/all/GCA/035/032/825/GCA_035032825.1_ASM3503282v1,
HPGP_GLOBAL,HpGP-NGA-019,SAMN19990374,GCA_035031985.1,GCA_035031985.1,,,Complete Genome,812,1650902,1650902,ftp://ftp.ncbi.nlm.nih.gov/genomes/all/GCA/035/031/985/GCA_035031985.1_ASM3503198v1,
HPGP_GLOBAL,HpGP-NPL-001,SAMN19990375,GCA_035030985.1,GCA_035030985.1,,,Complete Genome,972,1616123,1616123,ftp://ftp.ncbi.nlm.nih.gov/genomes/all/GCA/035/030/985/GCA_035030985.1_ASM3503098v1,
HPGP_GLOBAL,HpGP-NPL-002,SAMN19990376,GCA_035029985.1,GCA_035029985.1,,,Complete Genome,988,1599923,1599923,ftp://ftp.ncbi.nlm.nih.gov/genomes/all/GCA/035/029/985/GCA_035029985.1_ASM3502998v1,
HPGP_GLOBAL,HpGP-NPL-003,SAMN19990377,GCA_035028925.1,GCA_035028925.1,,,Complete Genome,640,1692116,1692116,ftp://ftp.ncbi.nlm.nih.gov/genomes/all/GCA/035/028/925/GCA_035028925.1_ASM3502892v1,
HPGP_GLOBAL,HpGP-NPL-004,SAMN19990378,GCA_035027845.1,GCA_035027845.1,,,Complete Genome,758,1666477,1666477,ftp://ftp.ncbi.nlm.nih.gov/genomes/all/GCA/035/027/845/GCA_035027845.1_ASM3502784v1,
HPGP_GLOBAL,HpGP-NPL-005,SAMN19990379,GCA_035027725.1,GCA_035027725.1,,,Complete Genome,742,1596329,1596329,ftp://ftp.ncbi.nlm.nih.gov/genomes/all/GCA/035/027/725/GCA_035027725.1_ASM3502772v1,
HPGP_GLOBAL,HpGP-NPL-006,SAMN19990380,GCA_035027705.1,GCA_035027705.1,,,Complete Genome,844,1596442,1596442,ftp://ftp.ncbi.nlm.nih.gov/genomes/all/GCA/035/027/705/GCA_035027705.1_ASM3502770v1,
HPGP_GLOBAL,HpGP-NPL-007,SAMN19990381,GCA_035027685.1,GCA_035027685.1,,,Complete Genome,727,1645201,1645201,ftp://ftp.ncbi.nlm.nih.gov/genomes/all/GCA/035/027/685/GCA_035027685.1_ASM3502768v1,
HPGP_GLOBAL,HpGP-NPL-008,SAMN19990382,GCA_035027665.1,GCA_035027665.1,,,Complete Genome,926,1603512,1603512,ftp://ftp.ncbi.nlm.nih.gov/genomes/all/GCA/035/027/665/GCA_035027665.1_ASM3502766v1,
HPGP_GLOBAL,HpGP-NPL-009,SAMN19990383,GCA_035026325.1,GCA_035026325.1,,,Complete Genome,756,1730412,1730412,ftp://ftp.ncbi.nlm.nih.gov/genomes/all/GCA/035/026/325/GCA_035026325.1_ASM3502632v1,
HPGP_GLOBAL,HpGP-NPL-010,SAMN19990384,GCA_035024585.1,GCA_035024585.1,,,Complete Genome,610,1658501,1658501,ftp://ftp.ncbi.nlm.nih.gov/genomes/all/GCA/035/024/585/GCA_035024585.1_ASM3502458v1,
HPGP_GLOBAL,HpGP-NPL-011,SAMN19990385,GCA_035022585.1,GCA_035022585.1,,,Complete Genome,578,1620053,1620053,ftp://ftp.ncbi.nlm.nih.gov/genomes/all/GCA/035/022/585/GCA_035022585.1_ASM3502258v1,
HPGP_GLOBAL,HpGP-NPL-012,SAMN19990386,GCA_035020825.1,GCA_035020825.1,,,Complete Genome,723,1632825,1632825,ftp://ftp.ncbi.nlm.nih.gov/genomes/all/GCA/035/020/825/GCA_035020825.1_ASM3502082v1,
HPGP_GLOBAL,HpGP-NPL-013,SAMN19990387,GCA_035019205.1,GCA_035019205.1,,,Complete Genome,649,1635285,1635285,ftp://ftp.ncbi.nlm.nih.gov/genomes/all/GCA/035/019/205/GCA_035019205.1_ASM3501920v1,
HPGP_GLOBAL,HpGP-PER-101,SAMN19990388,GCA_035017585.1,GCA_035017585.1,,,Complete Genome,3058,1647544,1647544,ftp://ftp.ncbi.nlm.nih.gov/genomes/all/GCA/035/017/585/GCA_035017585.1_ASM3501758v1,
HPGP_GLOBAL,HpGP-PER-102,SAMN19990389,GCA_035015765.1,GCA_035015765.1,,,Complete Genome,1581,1677482,1677482,ftp://ftp.ncbi.nlm.nih.gov/genomes/all/GCA/035/015/765/GCA_035015765.1_ASM3501576v1,
HPGP_GLOBAL,HpGP-PER-103,SAMN19990390,GCA_035014105.1,GCA_035014105.1,,,Complete Genome,2083,1661938,1661938,ftp://ftp.ncbi.nlm.nih.gov/genomes/all/GCA/035/014/105/GCA_035014105.1_ASM3501410v1,
HPGP_GLOBAL,HpGP-PER-104,SAMN19990391,GCA_035012125.1,GCA_035012125.1,,,Complete Genome,2839,1686285,1686285,ftp://ftp.ncbi.nlm.nih.gov/genomes/all/GCA/035/012/125/GCA_035012125.1_ASM3501212v1,
HPGP_GLOBAL,HpGP-PER-105,SAMN19990392,GCA_035010405.1,GCA_035010405.1,,,Complete Genome,2098,1645339,1645339,ftp://ftp.ncbi.nlm.nih.gov/genomes/all/GCA/035/010/405/GCA_035010405.1_ASM3501040v1,
HPGP_GLOBAL,HpGP-PER-106,SAMN19990393,GCA_035008485.1,GCA_035008485.1,,,Complete Genome,3437,1603400,1603400,ftp://ftp.ncbi.nlm.nih.gov/genomes/all/GCA/035/008/485/GCA_035008485.1_ASM3500848v1,
HPGP_GLOBAL,HpGP-PER-107,SAMN19990394,GCA_035006465.1,GCA_035006465.1,,,Complete Genome,2581,1688447,1688447,ftp://ftp.ncbi.nlm.nih.gov/genomes/all/GCA/035/006/465/GCA_035006465.1_ASM3500646v1,
HPGP_GLOBAL,HpGP-PER-108,SAMN19990395,GCA_035003625.1,GCA_035003625.1,,,Complete Genome,3032,1657757,1657757,ftp://ftp.ncbi.nlm.nih.gov/genomes/all/GCA/035/003/625/GCA_035003625.1_ASM3500362v1,
HPGP_GLOBAL,HpGP-PER-109,SAMN19990396,GCA_035001145.1,GCA_035001145.1,,,Complete Genome,3545,1619800,1619800,ftp://ftp.ncbi.nlm.nih.gov/genomes/all/GCA/035/001/145/GCA_035001145.1_ASM3500114v1,
HPGP_GLOBAL,HpGP-PER-110,SAMN19990397,GCA_034998525.1,GCA_034998525.1,,,Complete Genome,2520,1636263,1636263,ftp://ftp.ncbi.nlm.nih.gov/genomes/all/GCA/034/998/525/GCA_034998525.1_ASM3499852v1,
HPGP_GLOBAL,HpGP-PER-111,SAMN19990398,GCA_034996065.1,GCA_034996065.1,,,Complete Genome,3091,1623603,1623603,ftp://ftp.ncbi.nlm.nih.gov/genomes/all/GCA/034/996/065/GCA_034996065.1_ASM3499606v1,
HPGP_GLOBAL,HpGP-PER-112,SAMN19990399,GCA_034993505.1,GCA_034993505.1,,,Complete Genome,1870,1651932,1651932,ftp://ftp.ncbi.nlm.nih.gov/genomes/all/GCA/034/993/505/GCA_034993505.1_ASM3499350v1,
HPGP_GLOBAL,HpGP-PER-113,SAMN19990400,GCA_034991195.1,GCA_034991195.1,,,Complete Genome,3247,1658267,1658267,ftp://ftp.ncbi.nlm.nih.gov/genomes/all/GCA/034/991/195/GCA_034991195.1_ASM3499119v1,
HPGP_GLOBAL,HpGP-PER-114,SAMN19990401,GCA_034989105.1,GCA_034989105.1,,,Complete Genome,2844,1679581,1679581,ftp://ftp.ncbi.nlm.nih.gov/genomes/all/GCA/034/989/105/GCA_034989105.1_ASM3498910v1,
HPGP_GLOBAL,HpGP-PER-115,SAMN19990402,GCA_034987745.1,GCA_034987745.1,,,Complete Genome,2787,1652370,1652370,ftp://ftp.ncbi.nlm.nih.gov/genomes/all/GCA/034/987/745/GCA_034987745.1_ASM3498774v1,
HPGP_GLOBAL,HpGP-PER-116,SAMN19990403,GCA_034986765.1,GCA_034986765.1,,,Complete Genome,726,1692634,1692634,ftp://ftp.ncbi.nlm.nih.gov/genomes/all/GCA/034/986/765/GCA_034986765.1_ASM3498676v1,
HPGP_GLOBAL,HpGP-PER-117,SAMN19990404,GCA_034985765.1,GCA_034985765.1,,,Complete Genome,3288,1689598,1689598,ftp://ftp.ncbi.nlm.nih.gov/genomes/all/GCA/034/985/765/GCA_034985765.1_ASM3498576v1,
HPGP_GLOBAL,HpGP-PER-119,SAMN19990405,GCA_034984725.1,GCA_034984725.1,,,Complete Genome,3743,1655482,1655482,ftp://ftp.ncbi.nlm.nih.gov/genomes/all/GCA/034/984/725/GCA_034984725.1_ASM3498472v1,
HPGP_GLOBAL,HpGP-PER-121,SAMN19990406,GCA_034983725.1,GCA_034983725.1,,,Complete Genome,2498,1639402,1639402,ftp://ftp.ncbi.nlm.nih.gov/genomes/all/GCA/034/983/725/GCA_034983725.1_ASM3498372v1,
HPGP_GLOBAL,HpGP-PER-124,SAMN19990407,GCA_034982865.1,GCA_034982865.1,,,Complete Genome,3037,1650052,1650052,ftp://ftp.ncbi.nlm.nih.gov/genomes/all/GCA/034/982/865/GCA_034982865.1_ASM3498286v1,
HPGP_GLOBAL,HpGP-PER-130,SAMN19990408,GCA_034982045.1,GCA_034982045.1,,,Complete Genome,4281,1637506,1637506,ftp://ftp.ncbi.nlm.nih.gov/genomes/all/GCA/034/982/045/GCA_034982045.1_ASM3498204v1,
HPGP_GLOBAL,HpGP-PER-136,SAMN19990409,GCA_034981285.1,GCA_034981285.1,,,Complete Genome,5500,1660283,1660283,ftp://ftp.ncbi.nlm.nih.gov/genomes/all/GCA/034/981/285/GCA_034981285.1_ASM3498128v1,
HPGP_GLOBAL,HpGP-PER-138,SAMN19990410,GCA_034980485.1,GCA_034980485.1,,,Complete Genome,3555,1683001,1683001,ftp://ftp.ncbi.nlm.nih.gov/genomes/all/GCA/034/980/485/GCA_034980485.1_ASM3498048v1,
HPGP_GLOBAL,HpGP-PER-140,SAMN19990411,GCA_034979705.1,GCA_034979705.1,,,Complete Genome,2981,1655604,1655604,ftp://ftp.ncbi.nlm.nih.gov/genomes/all/GCA/034/979/705/GCA_034979705.1_ASM3497970v1,
HPGP_GLOBAL,HpGP-POL-001,SAMN19990412,GCA_034978885.1,GCA_034978885.1,,,Complete Genome,1130,1633993,1633993,ftp://ftp.ncbi.nlm.nih.gov/genomes/all/GCA/034/978/885/GCA_034978885.1_ASM3497888v1,
HPGP_GLOBAL,HpGP-POL-002,SAMN19990413,GCA_034977945.1,GCA_034977945.1,,,Complete Genome,1410,1628401,1628401,ftp://ftp.ncbi.nlm.nih.gov/genomes/all/GCA/034/977/945/GCA_034977945.1_ASM3497794v1,
HPGP_GLOBAL,HpGP-POL-003,SAMN19990414,GCA_034977025.1,GCA_034977025.1,,,Complete Genome,1013,1568530,1568530,ftp://ftp.ncbi.nlm.nih.gov/genomes/all/GCA/034/977/025/GCA_034977025.1_ASM3497702v1,
HPGP_GLOBAL,HpGP-POL-004,SAMN19990415,GCA_034976125.1,GCA_034976125.1,,,Complete Genome,1443,1591337,1591337,ftp://ftp.ncbi.nlm.nih.gov/genomes/all/GCA/034/976/125/GCA_034976125.1_ASM3497612v1,
HPGP_GLOBAL,HpGP-POL-005,SAMN19990416,GCA_034975265.1,GCA_034975265.1,,,Complete Genome,1739,1645618,1645618,ftp://ftp.ncbi.nlm.nih.gov/genomes/all/GCA/034/975/265/GCA_034975265.1_ASM3497526v1,
HPGP_GLOBAL,HpGP-POL-006,SAMN19990417,GCA_034974505.1,GCA_034974505.1,,,Complete Genome,2025,1556705,1556705,ftp://ftp.ncbi.nlm.nih.gov/genomes/all/GCA/034/974/505/GCA_034974505.1_ASM3497450v1,
HPGP_GLOBAL,HpGP-POL-007,SAMN19990418,GCA_034973925.1,GCA_034973925.1,,,Complete Genome,801,1685207,1685207,ftp://ftp.ncbi.nlm.nih.gov/genomes/all/GCA/034/973/925/GCA_034973925.1_ASM3497392v1,
HPGP_GLOBAL,HpGP-POL-008,SAMN19990419,GCA_034972885.1,GCA_034972885.1,,,Complete Genome,1231,1579734,1579734,ftp://ftp.ncbi.nlm.nih.gov/genomes/all/GCA/034/972/885/GCA_034972885.1_ASM3497288v1,
HPGP_GLOBAL,HpGP-POL-009,SAMN19990420,GCA_034972065.1,GCA_034972065.1,,,Complete Genome,1463,1672002,1672002,ftp://ftp.ncbi.nlm.nih.gov/genomes/all/GCA/034/972/065/GCA_034972065.1_ASM3497206v1,
HPGP_GLOBAL,HpGP-POL-010,SAMN19990421,GCA_034971265.1,GCA_034971265.1,,,Complete Genome,1484,1629212,1629212,ftp://ftp.ncbi.nlm.nih.gov/genomes/all/GCA/034/971/265/GCA_034971265.1_ASM3497126v1,
HPGP_GLOBAL,HpGP-DOM-003,SAMN19960034,GCA_034971065.1,GCA_034971065.1,,,Complete Genome,662,1665230,1665230,ftp://ftp.ncbi.nlm.nih.gov/genomes/all/GCA/034/971/065/GCA_034971065.1_ASM3497106v1,
HPGP_GLOBAL,HpGP-POL-101,SAMN19990422,GCA_034970385.1,GCA_034970385.1,,,Complete Genome,513,1559373,1559373,ftp://ftp.ncbi.nlm.nih.gov/genomes/all/GCA/034/970/385/GCA_034970385.1_ASM3497038v1,
HPGP_GLOBAL,HpGP-POL-102,SAMN19990423,GCA_034969485.1,GCA_034969485.1,,,Complete Genome,545,1648499,1648499,ftp://ftp.ncbi.nlm.nih.gov/genomes/all/GCA/034/969/485/GCA_034969485.1_ASM3496948v1,
HPGP_GLOBAL,HpGP-POL-103,SAMN19990424,GCA_034968485.1,GCA_034968485.1,,,Complete Genome,536,1644321,1644321,ftp://ftp.ncbi.nlm.nih.gov/genomes/all/GCA/034/968/485/GCA_034968485.1_ASM3496848v1,
HPGP_GLOBAL,HpGP-POL-104,SAMN19990425,GCA_034967625.1,GCA_034967625.1,,,Complete Genome,532,1669729,1669729,ftp://ftp.ncbi.nlm.nih.gov/genomes/all/GCA/034/967/625/GCA_034967625.1_ASM3496762v1,
HPGP_GLOBAL,HpGP-POL-105,SAMN19990426,GCA_034966285.1,GCA_034966285.1,,,Complete Genome,409,1552166,1552166,ftp://ftp.ncbi.nlm.nih.gov/genomes/all/GCA/034/966/285/GCA_034966285.1_ASM3496628v1,
HPGP_GLOBAL,HpGP-POL-106,SAMN19990427,GCA_034965425.1,GCA_034965425.1,,,Complete Genome,589,1560843,1560843,ftp://ftp.ncbi.nlm.nih.gov/genomes/all/GCA/034/965/425/GCA_034965425.1_ASM3496542v1,
HPGP_GLOBAL,HpGP-POL-107,SAMN19990428,GCA_034964025.1,GCA_034964025.1,,,Complete Genome,608,1648427,1648427,ftp://ftp.ncbi.nlm.nih.gov/genomes/all/GCA/034/964/025/GCA_034964025.1_ASM3496402v1,
HPGP_GLOBAL,HpGP-POL-108,SAMN19990429,GCA_034963805.1,GCA_034963805.1,,,Complete Genome,550,1560828,1560828,ftp://ftp.ncbi.nlm.nih.gov/genomes/all/GCA/034/963/805/GCA_034963805.1_ASM3496380v1,
HPGP_GLOBAL,HpGP-POL-109,SAMN19990430,GCA_034963045.1,GCA_034963045.1,,,Complete Genome,625,1629884,1629884,ftp://ftp.ncbi.nlm.nih.gov/genomes/all/GCA/034/963/045/GCA_034963045.1_ASM3496304v1,
HPGP_GLOBAL,HpGP-POL-110,SAMN19990431,GCA_034962325.1,GCA_034962325.1,,,Complete Genome,540,1590582,1590582,ftp://ftp.ncbi.nlm.nih.gov/genomes/all/GCA/034/962/325/GCA_034962325.1_ASM3496232v1,
HPGP_GLOBAL,HpGP-POR-101,SAMN19990432,GCA_034961465.1,GCA_034961465.1,,,Complete Genome,398,1664529,1664529,ftp://ftp.ncbi.nlm.nih.gov/genomes/all/GCA/034/961/465/GCA_034961465.1_ASM3496146v1,
HPGP_GLOBAL,HpGP-POR-102,SAMN19990433,GCA_034961065.1,GCA_034961065.1,,,Complete Genome,876,1634780,1634780,ftp://ftp.ncbi.nlm.nih.gov/genomes/all/GCA/034/961/065/GCA_034961065.1_ASM3496106v1,
HPGP_GLOBAL,HpGP-POR-103,SAMN19990434,GCA_034961045.1,GCA_034961045.1,,,Complete Genome,839,1680148,1680148,ftp://ftp.ncbi.nlm.nih.gov/genomes/all/GCA/034/961/045/GCA_034961045.1_ASM3496104v1,
HPGP_GLOBAL,HpGP-POR-104,SAMN19990435,GCA_034961025.1,GCA_034961025.1,,,Complete Genome,2945,1646702,1646702,ftp://ftp.ncbi.nlm.nih.gov/genomes/all/GCA/034/961/025/GCA_034961025.1_ASM3496102v1,
HPGP_GLOBAL,HpGP-POR-105,SAMN19990436,GCA_034960305.1,GCA_034960305.1,,,Complete Genome,825,1623888,1623888,ftp://ftp.ncbi.nlm.nih.gov/genomes/all/GCA/034/960/305/GCA_034960305.1_ASM3496030v1,
HPGP_GLOBAL,HpGP-POR-106,SAMN19990437,GCA_034959325.1,GCA_034959325.1,,,Complete Genome,885,1667966,1667966,ftp://ftp.ncbi.nlm.nih.gov/genomes/all/GCA/034/959/325/GCA_034959325.1_ASM3495932v1,
HPGP_GLOBAL,HpGP-POR-107,SAMN19990438,GCA_034958265.1,GCA_034958265.1,,,Complete Genome,648,1593322,1593322,ftp://ftp.ncbi.nlm.nih.gov/genomes/all/GCA/034/958/265/GCA_034958265.1_ASM3495826v1,
HPGP_GLOBAL,HpGP-POR-108,SAMN19990439,GCA_034957385.1,GCA_034957385.1,,,Complete Genome,697,1609654,1609654,ftp://ftp.ncbi.nlm.nih.gov/genomes/all/GCA/034/957/385/GCA_034957385.1_ASM3495738v1,
HPGP_GLOBAL,HpGP-POR-109,SAMN19990440,GCA_034956305.1,GCA_034956305.1,,,Complete Genome,1030,1604158,1604158,ftp://ftp.ncbi.nlm.nih.gov/genomes/all/GCA/034/956/305/GCA_034956305.1_ASM3495630v1,
HPGP_GLOBAL,HpGP-POR-110,SAMN19990441,GCA_034955525.1,GCA_034955525.1,,,Complete Genome,864,1696048,1696048,ftp://ftp.ncbi.nlm.nih.gov/genomes/all/GCA/034/955/525/GCA_034955525.1_ASM3495552v1,
HPGP_GLOBAL,HpGP-POR-111,SAMN19990442,GCA_034954705.1,GCA_034954705.1,,,Complete Genome,845,1676178,1676178,ftp://ftp.ncbi.nlm.nih.gov/genomes/all/GCA/034/954/705/GCA_034954705.1_ASM3495470v1,
HPGP_GLOBAL,HpGP-POR-112,SAMN19990443,GCA_034953905.1,GCA_034953905.1,,,Complete Genome,723,1660836,1660836,ftp://ftp.ncbi.nlm.nih.gov/genomes/all/GCA/034/953/905/GCA_034953905.1_ASM3495390v1,
HPGP_GLOBAL,HpGP-POR-113,SAMN19990444,GCA_034953145.1,GCA_034953145.1,,,Complete Genome,869,1667121,1667121,ftp://ftp.ncbi.nlm.nih.gov/genomes/all/GCA/034/953/145/GCA_034953145.1_ASM3495314v1,
HPGP_GLOBAL,HpGP-POR-114,SAMN19990445,GCA_034952185.1,GCA_034952185.1,,,Complete Genome,803,1634980,1634980,ftp://ftp.ncbi.nlm.nih.gov/genomes/all/GCA/034/952/185/GCA_034952185.1_ASM3495218v1,
HPGP_GLOBAL,HpGP-POR-115,SAMN19990446,GCA_034951365.1,GCA_034951365.1,,,Complete Genome,643,1674256,1674256,ftp://ftp.ncbi.nlm.nih.gov/genomes/all/GCA/034/951/365/GCA_034951365.1_ASM3495136v1,
HPGP_GLOBAL,HpGP-PRI-001,SAMN19990447,GCA_034950785.1,GCA_034950785.1,,,Complete Genome,224,1577958,1577958,ftp://ftp.ncbi.nlm.nih.gov/genomes/all/GCA/034/950/785/GCA_034950785.1_ASM3495078v1,
HPGP_GLOBAL,HpGP-PRI-002,SAMN19990448,GCA_034950175.1,GCA_034950175.1,,,Complete Genome,252,1626441,1626441,ftp://ftp.ncbi.nlm.nih.gov/genomes/all/GCA/034/950/175/GCA_034950175.1_ASM3495017v1,
HPGP_GLOBAL,HpGP-PRI-004,SAMN19990449,GCA_034949605.1,GCA_034949605.1,,,Complete Genome,307,1589140,1589140,ftp://ftp.ncbi.nlm.nih.gov/genomes/all/GCA/034/949/605/GCA_034949605.1_ASM3494960v1,
HPGP_GLOBAL,HpGP-TWN-001,SAMN11334322,GCA_034948945.1,GCA_034948945.1,,,Complete Genome,715,1615426,1615426,ftp://ftp.ncbi.nlm.nih.gov/genomes/all/GCA/034/948/945/GCA_034948945.1_ASM3494894v1,
HPGP_GLOBAL,HpGP-TWN-002,SAMN11334323,GCA_034948345.1,GCA_034948345.1,,,Complete Genome,1456,1549439,1549439,ftp://ftp.ncbi.nlm.nih.gov/genomes/all/GCA/034/948/345/GCA_034948345.1_ASM3494834v1,
HPGP_GLOBAL,HpGP-TWN-003,SAMN11334324,GCA_034947725.1,GCA_034947725.1,,,Complete Genome,2494,1585696,1585696,ftp://ftp.ncbi.nlm.nih.gov/genomes/all/GCA/034/947/725/GCA_034947725.1_ASM3494772v1,
HPGP_GLOBAL,HpGP-TWN-004,SAMN11334325,GCA_034947145.1,GCA_034947145.1,,,Complete Genome,875,1579874,1579874,ftp://ftp.ncbi.nlm.nih.gov/genomes/all/GCA/034/947/145/GCA_034947145.1_ASM3494714v1,
HPGP_GLOBAL,HpGP-TWN-005,SAMN11334326,GCA_034946665.1,GCA_034946665.1,,,Complete Genome,2363,1596199,1596199,ftp://ftp.ncbi.nlm.nih.gov/genomes/all/GCA/034/946/665/GCA_034946665.1_ASM3494666v1,
HPGP_GLOBAL,HpGP-TWN-006,SAMN11334350,GCA_034946145.1,GCA_034946145.1,,,Complete Genome,2127,1601009,1601009,ftp://ftp.ncbi.nlm.nih.gov/genomes/all/GCA/034/946/145/GCA_034946145.1_ASM3494614v1,
HPGP_GLOBAL,HpGP-TWN-007,SAMN11334351,GCA_034945485.1,GCA_034945485.1,,,Complete Genome,2295,1628677,1628677,ftp://ftp.ncbi.nlm.nih.gov/genomes/all/GCA/034/945/485/GCA_034945485.1_ASM3494548v1,
HPGP_GLOBAL,HpGP-TWN-008,SAMN11334353,GCA_034945065.1,GCA_034945065.1,,,Complete Genome,150,1585459,1585459,ftp://ftp.ncbi.nlm.nih.gov/genomes/all/GCA/034/945/065/GCA_034945065.1_ASM3494506v1,
HPGP_GLOBAL,HpGP-TWN-009,SAMN11334327,GCA_034944505.1,GCA_034944505.1,,,Complete Genome,866,1577218,1577218,ftp://ftp.ncbi.nlm.nih.gov/genomes/all/GCA/034/944/505/GCA_034944505.1_ASM3494450v1,
HPGP_GLOBAL,HpGP-TWN-010,SAMN11334328,GCA_034943945.1,GCA_034943945.1,,,Complete Genome,3096,1605925,1605925,ftp://ftp.ncbi.nlm.nih.gov/genomes/all/GCA/034/943/945/GCA_034943945.1_ASM3494394v1,
HPGP_GLOBAL,HpGP-TWN-016,SAMN11334329,GCA_034943365.1,GCA_034943365.1,,,Complete Genome,732,1610545,1610545,ftp://ftp.ncbi.nlm.nih.gov/genomes/all/GCA/034/943/365/GCA_034943365.1_ASM3494336v1,
HPGP_GLOBAL,HpGP-TWN-017,SAMN11334330,GCA_034942665.1,GCA_034942665.1,,,Complete Genome,2799,1607953,1607953,ftp://ftp.ncbi.nlm.nih.gov/genomes/all/GCA/034/942/665/GCA_034942665.1_ASM3494266v1,
HPGP_GLOBAL,HpGP-TWN-018,SAMN11334352,GCA_034941985.1,GCA_034941985.1,,,Complete Genome,757,1631856,1631856,ftp://ftp.ncbi.nlm.nih.gov/genomes/all/GCA/034/941/985/GCA_034941985.1_ASM3494198v1,
HPGP_GLOBAL,HpGP-TWN-020,SAMN11334354,GCA_034941525.1,GCA_034941525.1,,,Complete Genome,723,1634172,1634172,ftp://ftp.ncbi.nlm.nih.gov/genomes/all/GCA/034/941/525/GCA_034941525.1_ASM3494152v1,
HPGP_GLOBAL,HpGP-TWN-021,SAMN11334332,GCA_034940845.1,GCA_034940845.1,,,Complete Genome,2661,1570870,1570870,ftp://ftp.ncbi.nlm.nih.gov/genomes/all/GCA/034/940/845/GCA_034940845.1_ASM3494084v1,
HPGP_GLOBAL,HpGP-TWN-022,SAMN11334349,GCA_034940425.1,GCA_034940425.1,,,Complete Genome,867,1558101,1558101,ftp://ftp.ncbi.nlm.nih.gov/genomes/all/GCA/034/940/425/GCA_034940425.1_ASM3494042v1,
HPGP_GLOBAL,HpGP-TWN-023,SAMN11334333,GCA_034939685.1,GCA_034939685.1,,,Complete Genome,1234,1560258,1560258,ftp://ftp.ncbi.nlm.nih.gov/genomes/all/GCA/034/939/685/GCA_034939685.1_ASM3493968v1,
HPGP_GLOBAL,HpGP-TWN-024,SAMN11334339,GCA_034939665.1,GCA_034939665.1,,,Complete Genome,3137,1651761,1651761,ftp://ftp.ncbi.nlm.nih.gov/genomes/all/GCA/034/939/665/GCA_034939665.1_ASM3493966v1,
HPGP_GLOBAL,HpGP-PRI-005,SAMN19990450,GCA_034939645.1,GCA_034939645.1,,,Complete Genome,672,1629748,1629748,ftp://ftp.ncbi.nlm.nih.gov/genomes/all/GCA/034/939/645/GCA_034939645.1_ASM3493964v1,
HPGP_GLOBAL,HpGP-PRI-006,SAMN19990451,GCA_034939625.1,GCA_034939625.1,,,Complete Genome,521,1625718,1625718,ftp://ftp.ncbi.nlm.nih.gov/genomes/all/GCA/034/939/625/GCA_034939625.1_ASM3493962v1,
HPGP_GLOBAL,HpGP-PRI-007,SAMN19990452,GCA_034939605.1,GCA_034939605.1,,,Complete Genome,464,1637184,1637184,ftp://ftp.ncbi.nlm.nih.gov/genomes/all/GCA/034/939/605/GCA_034939605.1_ASM3493960v1,
HPGP_GLOBAL,HpGP-TUR-002,SAMN19990574,GCA_034939585.1,GCA_034939585.1,,,Complete Genome,1128,1583197,1583197,ftp://ftp.ncbi.nlm.nih.gov/genomes/all/GCA/034/939/585/GCA_034939585.1_ASM3493958v1,
HPGP_GLOBAL,HpGP-TUR-003,SAMN19990575,GCA_034939565.1,GCA_034939565.1,,,Complete Genome,765,1565271,1565271,ftp://ftp.ncbi.nlm.nih.gov/genomes/all/GCA/034/939/565/GCA_034939565.1_ASM3493956v1,
HPGP_GLOBAL,HpGP-TUR-004,SAMN19990576,GCA_034939545.1,GCA_034939545.1,,,Complete Genome,1051,1679778,1679778,ftp://ftp.ncbi.nlm.nih.gov/genomes/all/GCA/034/939/545/GCA_034939545.1_ASM3493954v1,
HPGP_GLOBAL,HpGP-TUR-005,SAMN19990577,GCA_034939525.1,GCA_034939525.1,,,Complete Genome,1022,1584135,1584135,ftp://ftp.ncbi.nlm.nih.gov/genomes/all/GCA/034/939/525/GCA_034939525.1_ASM3493952v1,
HPGP_GLOBAL,HpGP-TUR-006,SAMN19990578,GCA_034939505.1,GCA_034939505.1,,,Complete Genome,728,1637748,1637748,ftp://ftp.ncbi.nlm.nih.gov/genomes/all/GCA/034/939/505/GCA_034939505.1_ASM3493950v1,
HPGP_GLOBAL,HpGP-TUR-007,SAMN19990579,GCA_034939485.1,GCA_034939485.1,,,Complete Genome,1851,1646875,1646875,ftp://ftp.ncbi.nlm.nih.gov/genomes/all/GCA/034/939/485/GCA_034939485.1_ASM3493948v1,
HPGP_GLOBAL,HpGP-TUR-008,SAMN19990580,GCA_034939465.1,GCA_034939465.1,,,Complete Genome,913,1671771,1671771,ftp://ftp.ncbi.nlm.nih.gov/genomes/all/GCA/034/939/465/GCA_034939465.1_ASM3493946v1,
HPGP_GLOBAL,HpGP-TUR-009,SAMN19990581,GCA_034939445.1,GCA_034939445.1,,,Complete Genome,1047,1618135,1618135,ftp://ftp.ncbi.nlm.nih.gov/genomes/all/GCA/034/939/445/GCA_034939445.1_ASM3493944v1,
HPGP_GLOBAL,HpGP-TUR-010,SAMN19990582,GCA_034939425.1,GCA_034939425.1,,,Complete Genome,1202,1617936,1617936,ftp://ftp.ncbi.nlm.nih.gov/genomes/all/GCA/034/939/425/GCA_034939425.1_ASM3493942v1,
HPGP_GLOBAL,HpGP-TUR-011,SAMN19990583,GCA_034939405.1,GCA_034939405.1,,,Complete Genome,948,1646871,1646871,ftp://ftp.ncbi.nlm.nih.gov/genomes/all/GCA/034/939/405/GCA_034939405.1_ASM3493940v1,
HPGP_GLOBAL,HpGP-TUR-014,SAMN19990586,GCA_034938665.1,GCA_034938665.1,,,Complete Genome,1333,1634228,1634228,ftp://ftp.ncbi.nlm.nih.gov/genomes/all/GCA/034/938/665/GCA_034938665.1_ASM3493866v1,
HPGP_GLOBAL,HpGP-TUR-016,SAMN19990587,GCA_034937705.1,GCA_034937705.1,,,Complete Genome,934,1655827,1655827,ftp://ftp.ncbi.nlm.nih.gov/genomes/all/GCA/034/937/705/GCA_034937705.1_ASM3493770v1,
HPGP_GLOBAL,HpGP-TUR-017,SAMN19990588,GCA_034936625.1,GCA_034936625.1,,,Complete Genome,1004,1665676,1665676,ftp://ftp.ncbi.nlm.nih.gov/genomes/all/GCA/034/936/625/GCA_034936625.1_ASM3493662v1,
HPGP_GLOBAL,HpGP-TUR-021,SAMN19990589,GCA_034935605.1,GCA_034935605.1,,,Complete Genome,881,1644701,1644701,ftp://ftp.ncbi.nlm.nih.gov/genomes/all/GCA/034/935/605/GCA_034935605.1_ASM3493560v1,
HPGP_GLOBAL,HpGP-TUR-022,SAMN19990590,GCA_034934565.1,GCA_034934565.1,,,Complete Genome,1104,1633488,1633488,ftp://ftp.ncbi.nlm.nih.gov/genomes/all/GCA/034/934/565/GCA_034934565.1_ASM3493456v1,
HPGP_GLOBAL,HpGP-TUR-023,SAMN19990591,GCA_034933665.1,GCA_034933665.1,,,Complete Genome,912,1664066,1664066,ftp://ftp.ncbi.nlm.nih.gov/genomes/all/GCA/034/933/665/GCA_034933665.1_ASM3493366v1,
HPGP_GLOBAL,HpGP-SPA-001,SAMN11318735,GCA_034931185.1,GCA_034931185.1,,,Complete Genome,1096,1628742,1628742,ftp://ftp.ncbi.nlm.nih.gov/genomes/all/GCA/034/931/185/GCA_034931185.1_ASM3493118v1,
HPGP_GLOBAL,HpGP-SPA-002,SAMN11318736,GCA_034929165.1,GCA_034929165.1,,,Complete Genome,607,1596992,1596992,ftp://ftp.ncbi.nlm.nih.gov/genomes/all/GCA/034/929/165/GCA_034929165.1_ASM3492916v1,
HPGP_GLOBAL,HpGP-SPA-003,SAMN11318767,GCA_034926895.1,GCA_034926895.1,,,Complete Genome,890,1585832,1585832,ftp://ftp.ncbi.nlm.nih.gov/genomes/all/GCA/034/926/895/GCA_034926895.1_ASM3492689v1,
HPGP_GLOBAL,HpGP-SPA-004,SAMN11318737,GCA_034925645.1,GCA_034925645.1,,,Complete Genome,327,1684148,1684148,ftp://ftp.ncbi.nlm.nih.gov/genomes/all/GCA/034/925/645/GCA_034925645.1_ASM3492564v1,
HPGP_GLOBAL,HpGP-SPA-005,SAMN11318738,GCA_034924605.1,GCA_034924605.1,,,Complete Genome,315,1589083,1589083,ftp://ftp.ncbi.nlm.nih.gov/genomes/all/GCA/034/924/605/GCA_034924605.1_ASM3492460v1,
HPGP_GLOBAL,HpGP-SPA-006,SAMN11318799,GCA_034923545.1,GCA_034923545.1,,,Complete Genome,253,1618074,1618074,ftp://ftp.ncbi.nlm.nih.gov/genomes/all/GCA/034/923/545/GCA_034923545.1_ASM3492354v1,
HPGP_GLOBAL,HpGP-SPA-007,SAMN11318776,GCA_034922465.1,GCA_034922465.1,,,Complete Genome,702,1620104,1620104,ftp://ftp.ncbi.nlm.nih.gov/genomes/all/GCA/034/922/465/GCA_034922465.1_ASM3492246v1,
HPGP_GLOBAL,HpGP-SPA-008,SAMN11318739,GCA_034921445.1,GCA_034921445.1,,,Complete Genome,403,1655397,1655397,ftp://ftp.ncbi.nlm.nih.gov/genomes/all/GCA/034/921/445/GCA_034921445.1_ASM3492144v1,
HPGP_GLOBAL,HpGP-SPA-009,SAMN11318740,GCA_034920565.1,GCA_034920565.1,,,Complete Genome,449,1617114,1617114,ftp://ftp.ncbi.nlm.nih.gov/genomes/all/GCA/034/920/565/GCA_034920565.1_ASM3492056v1,
HPGP_GLOBAL,HpGP-SPA-010,SAMN11318741,GCA_034919705.1,GCA_034919705.1,,,Complete Genome,952,1665059,1665059,ftp://ftp.ncbi.nlm.nih.gov/genomes/all/GCA/034/919/705/GCA_034919705.1_ASM3491970v1,
HPGP_GLOBAL,HpGP-SPA-011,SAMN11318742,GCA_034918825.1,GCA_034918825.1,,,Complete Genome,494,1646998,1646998,ftp://ftp.ncbi.nlm.nih.gov/genomes/all/GCA/034/918/825/GCA_034918825.1_ASM3491882v1,
HPGP_GLOBAL,HpGP-SPA-012,SAMN11318743,GCA_034917985.1,GCA_034917985.1,,,Complete Genome,526,1594396,1594396,ftp://ftp.ncbi.nlm.nih.gov/genomes/all/GCA/034/917/985/GCA_034917985.1_ASM3491798v1,
HPGP_GLOBAL,HpGP-SPA-013,SAMN11318744,GCA_034917125.1,GCA_034917125.1,,,Complete Genome,359,1622709,1622709,ftp://ftp.ncbi.nlm.nih.gov/genomes/all/GCA/034/917/125/GCA_034917125.1_ASM3491712v1,
HPGP_GLOBAL,HpGP-SPA-014,SAMN11318745,GCA_034916285.1,GCA_034916285.1,,,Complete Genome,548,1607215,1607215,ftp://ftp.ncbi.nlm.nih.gov/genomes/all/GCA/034/916/285/GCA_034916285.1_ASM3491628v1,
HPGP_GLOBAL,HpGP-SPA-015,SAMN11318746,GCA_034915365.1,GCA_034915365.1,,,Complete Genome,329,1646794,1646794,ftp://ftp.ncbi.nlm.nih.gov/genomes/all/GCA/034/915/365/GCA_034915365.1_ASM3491536v1,
HPGP_GLOBAL,HpGP-SPA-016,SAMN11318747,GCA_034914345.1,GCA_034914345.1,,,Complete Genome,544,1644442,1644442,ftp://ftp.ncbi.nlm.nih.gov/genomes/all/GCA/034/914/345/GCA_034914345.1_ASM3491434v1,
HPGP_GLOBAL,HpGP-SPA-017,SAMN11318813,GCA_034913285.1,GCA_034913285.1,,,Complete Genome,336,1677543,1677543,ftp://ftp.ncbi.nlm.nih.gov/genomes/all/GCA/034/913/285/GCA_034913285.1_ASM3491328v1,
HPGP_GLOBAL,HpGP-SPA-018,SAMN11318768,GCA_034912165.1,GCA_034912165.1,,,Complete Genome,292,1690854,1690854,ftp://ftp.ncbi.nlm.nih.gov/genomes/all/GCA/034/912/165/GCA_034912165.1_ASM3491216v1,
HPGP_GLOBAL,HpGP-SPA-019,SAMN11784185,GCA_034911125.1,GCA_034911125.1,,,Complete Genome,999,1690205,1690205,ftp://ftp.ncbi.nlm.nih.gov/genomes/all/GCA/034/911/125/GCA_034911125.1_ASM3491112v1,
HPGP_GLOBAL,HpGP-SPA-020,SAMN11318748,GCA_034910225.1,GCA_034910225.1,,,Complete Genome,285,1694839,1694839,ftp://ftp.ncbi.nlm.nih.gov/genomes/all/GCA/034/910/225/GCA_034910225.1_ASM3491022v1,
HPGP_GLOBAL,HpGP-PRI-008,SAMN19990453,GCA_034909325.1,GCA_034909325.1,,,Complete Genome,518,1672760,1672760,ftp://ftp.ncbi.nlm.nih.gov/genomes/all/GCA/034/909/325/GCA_034909325.1_ASM3490932v1,
HPGP_GLOBAL,HpGP-RUS-001,SAMN19990455,GCA_034908465.1,GCA_034908465.1,,,Complete Genome,895,1639931,1639931,ftp://ftp.ncbi.nlm.nih.gov/genomes/all/GCA/034/908/465/GCA_034908465.1_ASM3490846v1,
HPGP_GLOBAL,HpGP-RUS-002,SAMN19990456,GCA_034907645.1,GCA_034907645.1,,,Complete Genome,861,1568135,1568135,ftp://ftp.ncbi.nlm.nih.gov/genomes/all/GCA/034/907/645/GCA_034907645.1_ASM3490764v1,
HPGP_GLOBAL,HpGP-RUS-003,SAMN19990457,GCA_034906745.1,GCA_034906745.1,,,Complete Genome,1352,1649624,1649624,ftp://ftp.ncbi.nlm.nih.gov/genomes/all/GCA/034/906/745/GCA_034906745.1_ASM3490674v1,
HPGP_GLOBAL,HpGP-RUS-004,SAMN19990458,GCA_034905905.1,GCA_034905905.1,,,Complete Genome,524,1687731,1687731,ftp://ftp.ncbi.nlm.nih.gov/genomes/all/GCA/034/905/905/GCA_034905905.1_ASM3490590v1,
HPGP_GLOBAL,HpGP-RUS-006,SAMN19990459,GCA_034904905.1,GCA_034904905.1,,,Complete Genome,787,1657753,1657753,ftp://ftp.ncbi.nlm.nih.gov/genomes/all/GCA/034/904/905/GCA_034904905.1_ASM3490490v1,
HPGP_GLOBAL,HpGP-RUS-007,SAMN19990460,GCA_034903945.1,GCA_034903945.1,,,Complete Genome,632,1647615,1647615,ftp://ftp.ncbi.nlm.nih.gov/genomes/all/GCA/034/903/945/GCA_034903945.1_ASM3490394v1,
HPGP_GLOBAL,HpGP-SWT-003,SAMN11659981,GCA_034903005.1,GCA_034903005.1,,,Complete Genome,2534,1712408,1712408,ftp://ftp.ncbi.nlm.nih.gov/genomes/all/GCA/034/903/005/GCA_034903005.1_ASM3490300v1,
HPGP_GLOBAL,HpGP-SWE-001,SAMN11333212,GCA_034901885.1,GCA_034901885.1,,,Complete Genome,263,1607557,1607557,ftp://ftp.ncbi.nlm.nih.gov/genomes/all/GCA/034/901/885/GCA_034901885.1_ASM3490188v1,
HPGP_GLOBAL,HpGP-SWE-002,SAMN11333213,GCA_034900865.1,GCA_034900865.1,,,Complete Genome,1134,1689165,1689165,ftp://ftp.ncbi.nlm.nih.gov/genomes/all/GCA/034/900/865/GCA_034900865.1_ASM3490086v1,
HPGP_GLOBAL,HpGP-SWE-003,SAMN11333214,GCA_034899825.1,GCA_034899825.1,,,Complete Genome,502,1600248,1600248,ftp://ftp.ncbi.nlm.nih.gov/genomes/all/GCA/034/899/825/GCA_034899825.1_ASM3489982v1,
HPGP_GLOBAL,HpGP-SWE-004,SAMN11334116,GCA_034898945.1,GCA_034898945.1,,,Complete Genome,497,1600123,1600123,ftp://ftp.ncbi.nlm.nih.gov/genomes/all/GCA/034/898/945/GCA_034898945.1_ASM3489894v1,
HPGP_GLOBAL,HpGP-SWE-005,SAMN11333215,GCA_034898085.1,GCA_034898085.1,,,Complete Genome,705,1684277,1684277,ftp://ftp.ncbi.nlm.nih.gov/genomes/all/GCA/034/898/085/GCA_034898085.1_ASM3489808v1,
HPGP_GLOBAL,HpGP-SWE-006,SAMN11333216,GCA_034897205.1,GCA_034897205.1,,,Complete Genome,821,1642130,1642130,ftp://ftp.ncbi.nlm.nih.gov/genomes/all/GCA/034/897/205/GCA_034897205.1_ASM3489720v1,
HPGP_GLOBAL,HpGP-SWE-007,SAMN11334128,GCA_034896345.1,GCA_034896345.1,,,Complete Genome,691,1630384,1630384,ftp://ftp.ncbi.nlm.nih.gov/genomes/all/GCA/034/896/345/GCA_034896345.1_ASM3489634v1,
HPGP_GLOBAL,HpGP-SWE-008,SAMN11334118,GCA_034895665.1,GCA_034895665.1,,,Complete Genome,917,1678454,1678454,ftp://ftp.ncbi.nlm.nih.gov/genomes/all/GCA/034/895/665/GCA_034895665.1_ASM3489566v1,
HPGP_GLOBAL,HpGP-SWE-010,SAMN11333217,GCA_034895065.1,GCA_034895065.1,,,Complete Genome,393,1681953,1681953,ftp://ftp.ncbi.nlm.nih.gov/genomes/all/GCA/034/895/065/GCA_034895065.1_ASM3489506v1,
HPGP_GLOBAL,HpGP-SWE-012,SAMN11333218,GCA_034894025.1,GCA_034894025.1,,,Complete Genome,1092,1680523,1680523,ftp://ftp.ncbi.nlm.nih.gov/genomes/all/GCA/034/894/025/GCA_034894025.1_ASM3489402v1,
HPGP_GLOBAL,HpGP-SWE-014,SAMN11333219,GCA_034893265.1,GCA_034893265.1,,,Complete Genome,370,1609047,1609047,ftp://ftp.ncbi.nlm.nih.gov/genomes/all/GCA/034/893/265/GCA_034893265.1_ASM3489326v1,
HPGP_GLOBAL,HpGP-SWE-015,SAMN11333220,GCA_034892165.1,GCA_034892165.1,,,Complete Genome,394,1634654,1634654,ftp://ftp.ncbi.nlm.nih.gov/genomes/all/GCA/034/892/165/GCA_034892165.1_ASM3489216v1,
HPGP_GLOBAL,HpGP-SWE-016,SAMN11333221,GCA_034891065.1,GCA_034891065.1,,,Complete Genome,462,1617426,1617426,ftp://ftp.ncbi.nlm.nih.gov/genomes/all/GCA/034/891/065/GCA_034891065.1_ASM3489106v1,
HPGP_GLOBAL,HpGP-SWE-017,SAMN11333222,GCA_034890125.1,GCA_034890125.1,,,Complete Genome,907,1630598,1630598,ftp://ftp.ncbi.nlm.nih.gov/genomes/all/GCA/034/890/125/GCA_034890125.1_ASM3489012v1,
HPGP_GLOBAL,HpGP-SWE-018,SAMN11334121,GCA_034889365.1,GCA_034889365.1,,,Complete Genome,1045,1665531,1665531,ftp://ftp.ncbi.nlm.nih.gov/genomes/all/GCA/034/889/365/GCA_034889365.1_ASM3488936v1,
HPGP_GLOBAL,HpGP-SWE-019,SAMN11333223,GCA_034888365.1,GCA_034888365.1,,,Complete Genome,221,1652846,1652846,ftp://ftp.ncbi.nlm.nih.gov/genomes/all/GCA/034/888/365/GCA_034888365.1_ASM3488836v1,
HPGP_GLOBAL,HpGP-SWE-021,SAMN11333224,GCA_034887545.1,GCA_034887545.1,,,Complete Genome,378,1593051,1593051,ftp://ftp.ncbi.nlm.nih.gov/genomes/all/GCA/034/887/545/GCA_034887545.1_ASM3488754v1,
HPGP_GLOBAL,HpGP-SWE-022,SAMN11334130,GCA_034886905.1,GCA_034886905.1,,,Complete Genome,1341,1644054,1644054,ftp://ftp.ncbi.nlm.nih.gov/genomes/all/GCA/034/886/905/GCA_034886905.1_ASM3488690v1,
HPGP_GLOBAL,HpGP-SWE-024,SAMN11334117,GCA_034886285.1,GCA_034886285.1,,,Complete Genome,471,1625484,1625484,ftp://ftp.ncbi.nlm.nih.gov/genomes/all/GCA/034/886/285/GCA_034886285.1_ASM3488628v1,
HPGP_GLOBAL,HpGP-SWE-025,SAMN11333225,GCA_034885275.1,GCA_034885275.1,,,Complete Genome,788,1627096,1627096,ftp://ftp.ncbi.nlm.nih.gov/genomes/all/GCA/034/885/275/GCA_034885275.1_ASM3488527v1,
HPGP_GLOBAL,HpGP-SWE-026,SAMN11333226,GCA_034884265.1,GCA_034884265.1,,,Complete Genome,778,1654901,1654901,ftp://ftp.ncbi.nlm.nih.gov/genomes/all/GCA/034/884/265/GCA_034884265.1_ASM3488426v1,
HPGP_GLOBAL,HpGP-SWE-027,SAMN11333227,GCA_034883265.1,GCA_034883265.1,,,Complete Genome,368,1589953,1589953,ftp://ftp.ncbi.nlm.nih.gov/genomes/all/GCA/034/883/265/GCA_034883265.1_ASM3488326v1,
HPGP_GLOBAL,HpGP-SWE-028,SAMN11333228,GCA_034882165.1,GCA_034882165.1,,,Complete Genome,445,1649875,1649875,ftp://ftp.ncbi.nlm.nih.gov/genomes/all/GCA/034/882/165/GCA_034882165.1_ASM3488216v1,
HPGP_GLOBAL,HpGP-SWE-030,SAMN11333229,GCA_034881165.1,GCA_034881165.1,,,Complete Genome,277,1659588,1659588,ftp://ftp.ncbi.nlm.nih.gov/genomes/all/GCA/034/881/165/GCA_034881165.1_ASM3488116v1,
HPGP_GLOBAL,HpGP-SWE-031,SAMN11333230,GCA_034880085.1,GCA_034880085.1,,,Complete Genome,1208,1643191,1643191,ftp://ftp.ncbi.nlm.nih.gov/genomes/all/GCA/034/880/085/GCA_034880085.1_ASM3488008v1,
HPGP_GLOBAL,HpGP-SWE-032,SAMN11333231,GCA_034879125.1,GCA_034879125.1,,,Complete Genome,434,1678752,1678752,ftp://ftp.ncbi.nlm.nih.gov/genomes/all/GCA/034/879/125/GCA_034879125.1_ASM3487912v1,
HPGP_GLOBAL,HpGP-SWE-033,SAMN11333232,GCA_034878205.1,GCA_034878205.1,,,Complete Genome,1289,1631003,1631003,ftp://ftp.ncbi.nlm.nih.gov/genomes/all/GCA/034/878/205/GCA_034878205.1_ASM3487820v1,
HPGP_GLOBAL,HpGP-SWE-034,SAMN11334129,GCA_034877345.1,GCA_034877345.1,,,Complete Genome,804,1633911,1633911,ftp://ftp.ncbi.nlm.nih.gov/genomes/all/GCA/034/877/345/GCA_034877345.1_ASM3487734v1,
HPGP_GLOBAL,HpGP-SWE-036,SAMN11333233,GCA_034876565.1,GCA_034876565.1,,,Complete Genome,524,1615033,1615033,ftp://ftp.ncbi.nlm.nih.gov/genomes/all/GCA/034/876/565/GCA_034876565.1_ASM3487656v1,
HPGP_GLOBAL,HpGP-SWT-001,SAMN11659918,GCA_034875585.1,GCA_034875585.1,,,Complete Genome,609,1667389,1667389,ftp://ftp.ncbi.nlm.nih.gov/genomes/all/GCA/034/875/585/GCA_034875585.1_ASM3487558v1,
HPGP_GLOBAL,HpGP-SWT-002,SAMN11659948,GCA_034874685.1,GCA_034874685.1,,,Complete Genome,784,1593038,1593038,ftp://ftp.ncbi.nlm.nih.gov/genomes/all/GCA/034/874/685/GCA_034874685.1_ASM3487468v1,
HPGP_GLOBAL,HpGP-SWT-004,SAMN11660017,GCA_034873765.1,GCA_034873765.1,,,Complete Genome,1153,1679177,1679177,ftp://ftp.ncbi.nlm.nih.gov/genomes/all/GCA/034/873/765/GCA_034873765.1_ASM3487376v1,
HPGP_GLOBAL,HpGP-SWT-005,SAMN11660067,GCA_034872705.1,GCA_034872705.1,,,Complete Genome,768,1678855,1678855,ftp://ftp.ncbi.nlm.nih.gov/genomes/all/GCA/034/872/705/GCA_034872705.1_ASM3487270v1,
HPGP_GLOBAL,HpGP-SWT-006,SAMN11660147,GCA_034871625.1,GCA_034871625.1,,,Complete Genome,1065,1611621,1611621,ftp://ftp.ncbi.nlm.nih.gov/genomes/all/GCA/034/871/625/GCA_034871625.1_ASM3487162v1,
HPGP_GLOBAL,HpGP-SWT-007,SAMN11660186,GCA_034870745.1,GCA_034870745.1,,,Complete Genome,1205,1663034,1663034,ftp://ftp.ncbi.nlm.nih.gov/genomes/all/GCA/034/870/745/GCA_034870745.1_ASM3487074v1,
HPGP_GLOBAL,HpGP-SWT-008,SAMN11660224,GCA_034869635.1,GCA_034869635.1,,,Complete Genome,329,1638450,1638450,ftp://ftp.ncbi.nlm.nih.gov/genomes/all/GCA/034/869/635/GCA_034869635.1_ASM3486963v1,
HPGP_GLOBAL,HpGP-SWT-010,SAMN11660301,GCA_034868825.1,GCA_034868825.1,,,Complete Genome,613,1650513,1650513,ftp://ftp.ncbi.nlm.nih.gov/genomes/all/GCA/034/868/825/GCA_034868825.1_ASM3486882v1,
HPGP_GLOBAL,HpGP-SWT-011,SAMN11660332,GCA_034868145.1,GCA_034868145.1,,,Complete Genome,801,1648229,1648229,ftp://ftp.ncbi.nlm.nih.gov/genomes/all/GCA/034/868/145/GCA_034868145.1_ASM3486814v1,
HPGP_GLOBAL,HpGP-SWT-012,SAMN11660401,GCA_034867325.1,GCA_034867325.1,,,Complete Genome,652,1605427,1605427,ftp://ftp.ncbi.nlm.nih.gov/genomes/all/GCA/034/867/325/GCA_034867325.1_ASM3486732v1,
HPGP_GLOBAL,HpGP-SWT-013,SAMN11660431,GCA_034866505.1,GCA_034866505.1,,,Complete Genome,698,1567886,1567886,ftp://ftp.ncbi.nlm.nih.gov/genomes/all/GCA/034/866/505/GCA_034866505.1_ASM3486650v1,
HPGP_GLOBAL,HpGP-SWT-014,SAMN11660463,GCA_034866485.1,GCA_034866485.1,,,Complete Genome,2958,1636257,1636257,ftp://ftp.ncbi.nlm.nih.gov/genomes/all/GCA/034/866/485/GCA_034866485.1_ASM3486648v1,
HPGP_GLOBAL,HpGP-SWT-015,SAMN11660473,GCA_034866465.1,GCA_034866465.1,,,Complete Genome,474,1612015,1612015,ftp://ftp.ncbi.nlm.nih.gov/genomes/all/GCA/034/866/465/GCA_034866465.1_ASM3486646v1,
HPGP_GLOBAL,HpGP-SWT-017,SAMN12276337,GCA_034866445.1,GCA_034866445.1,,,Complete Genome,3192,1600599,1600599,ftp://ftp.ncbi.nlm.nih.gov/genomes/all/GCA/034/866/445/GCA_034866445.1_ASM3486644v1,
HPGP_GLOBAL,HpGP-RUS-008,SAMN19990461,GCA_034866425.1,GCA_034866425.1,,,Complete Genome,833,1605656,1605656,ftp://ftp.ncbi.nlm.nih.gov/genomes/all/GCA/034/866/425/GCA_034866425.1_ASM3486642v1,
HPGP_GLOBAL,HpGP-RUS-009,SAMN19990462,GCA_034866405.1,GCA_034866405.1,,,Complete Genome,596,1642568,1642568,ftp://ftp.ncbi.nlm.nih.gov/genomes/all/GCA/034/866/405/GCA_034866405.1_ASM3486640v1,
HPGP_GLOBAL,HpGP-RUS-010,SAMN19990463,GCA_034866385.1,GCA_034866385.1,,,Complete Genome,751,1675341,1675341,ftp://ftp.ncbi.nlm.nih.gov/genomes/all/GCA/034/866/385/GCA_034866385.1_ASM3486638v1,
HPGP_GLOBAL,HpGP-RUS-011,SAMN19990464,GCA_034866365.1,GCA_034866365.1,,,Complete Genome,989,1657348,1657348,ftp://ftp.ncbi.nlm.nih.gov/genomes/all/GCA/034/866/365/GCA_034866365.1_ASM3486636v1,
HPGP_GLOBAL,HpGP-SGP-002,SAMN19990465,GCA_034866345.1,GCA_034866345.1,,,Complete Genome,1337,1599062,1599062,ftp://ftp.ncbi.nlm.nih.gov/genomes/all/GCA/034/866/345/GCA_034866345.1_ASM3486634v1,
HPGP_GLOBAL,HpGP-SGP-003,SAMN19990466,GCA_034866325.1,GCA_034866325.1,,,Complete Genome,1469,1634274,1634274,ftp://ftp.ncbi.nlm.nih.gov/genomes/all/GCA/034/866/325/GCA_034866325.1_ASM3486632v1,
HPGP_GLOBAL,HpGP-SGP-004,SAMN19990467,GCA_034866305.1,GCA_034866305.1,,,Complete Genome,1414,1614436,1614436,ftp://ftp.ncbi.nlm.nih.gov/genomes/all/GCA/034/866/305/GCA_034866305.1_ASM3486630v1,
HPGP_GLOBAL,HpGP-SGP-005,SAMN19990468,GCA_034866285.1,GCA_034866285.1,,,Complete Genome,1222,1637312,1637312,ftp://ftp.ncbi.nlm.nih.gov/genomes/all/GCA/034/866/285/GCA_034866285.1_ASM3486628v1,
HPGP_GLOBAL,HpGP-SGP-006,SAMN19990469,GCA_034866265.1,GCA_034866265.1,,,Complete Genome,1266,1611996,1611996,ftp://ftp.ncbi.nlm.nih.gov/genomes/all/GCA/034/866/265/GCA_034866265.1_ASM3486626v1,
HPGP_GLOBAL,HpGP-SGP-007,SAMN19990470,GCA_034865885.1,GCA_034865885.1,,,Complete Genome,1298,1571152,1571152,ftp://ftp.ncbi.nlm.nih.gov/genomes/all/GCA/034/865/885/GCA_034865885.1_ASM3486588v1,
HPGP_GLOBAL,HpGP-SGP-008,SAMN19990471,GCA_034865865.1,GCA_034865865.1,,,Complete Genome,1240,1602637,1602637,ftp://ftp.ncbi.nlm.nih.gov/genomes/all/GCA/034/865/865/GCA_034865865.1_ASM3486586v1,
HPGP_GLOBAL,HpGP-SGP-009,SAMN19990472,GCA_034865845.1,GCA_034865845.1,,,Complete Genome,3058,1630183,1630183,ftp://ftp.ncbi.nlm.nih.gov/genomes/all/GCA/034/865/845/GCA_034865845.1_ASM3486584v1,
HPGP_GLOBAL,HpGP-SGP-012,SAMN19990473,GCA_034865825.1,GCA_034865825.1,,,Complete Genome,1970,1609544,1609544,ftp://ftp.ncbi.nlm.nih.gov/genomes/all/GCA/034/865/825/GCA_034865825.1_ASM3486582v1,
HPGP_GLOBAL,HpGP-SGP-013,SAMN19990474,GCA_034865805.1,GCA_034865805.1,,,Complete Genome,1324,1559126,1559126,ftp://ftp.ncbi.nlm.nih.gov/genomes/all/GCA/034/865/805/GCA_034865805.1_ASM3486580v1,
HPGP_GLOBAL,HpGP-SGP-014,SAMN19990475,GCA_034865785.1,GCA_034865785.1,,,Complete Genome,557,1609419,1609419,ftp://ftp.ncbi.nlm.nih.gov/genomes/all/GCA/034/865/785/GCA_034865785.1_ASM3486578v1,
HPGP_GLOBAL,HpGP-SGP-015,SAMN19990476,GCA_034865765.1,GCA_034865765.1,,,Complete Genome,765,1688920,1688920,ftp://ftp.ncbi.nlm.nih.gov/genomes/all/GCA/034/865/765/GCA_034865765.1_ASM3486576v1,
HPGP_GLOBAL,HpGP-SGP-017,SAMN19990477,GCA_034865745.1,GCA_034865745.1,,,Complete Genome,609,1659728,1659728,ftp://ftp.ncbi.nlm.nih.gov/genomes/all/GCA/034/865/745/GCA_034865745.1_ASM3486574v1,
HPGP_GLOBAL,HpGP-SGP-018,SAMN19990478,GCA_034864925.1,GCA_034864925.1,,,Complete Genome,506,1634713,1634713,ftp://ftp.ncbi.nlm.nih.gov/genomes/all/GCA/034/864/925/GCA_034864925.1_ASM3486492v1,
HPGP_GLOBAL,HpGP-SGP-019,SAMN19990479,GCA_034863055.1,GCA_034863055.1,,,Complete Genome,569,1590963,1590963,ftp://ftp.ncbi.nlm.nih.gov/genomes/all/GCA/034/863/055/GCA_034863055.1_ASM3486305v1,
HPGP_GLOBAL,HpGP-SGP-024,SAMN19990480,GCA_034861365.1,GCA_034861365.1,,,Complete Genome,1231,1572982,1572982,ftp://ftp.ncbi.nlm.nih.gov/genomes/all/GCA/034/861/365/GCA_034861365.1_ASM3486136v1,
HPGP_GLOBAL,HpGP-SGP-026,SAMN19990481,GCA_034860565.1,GCA_034860565.1,,,Complete Genome,651,1635968,1635968,ftp://ftp.ncbi.nlm.nih.gov/genomes/all/GCA/034/860/565/GCA_034860565.1_ASM3486056v1,
HPGP_GLOBAL,HpGP-SGP-032,SAMN19990482,GCA_034860545.1,GCA_034860545.1,,,Complete Genome,889,1666714,1666714,ftp://ftp.ncbi.nlm.nih.gov/genomes/all/GCA/034/860/545/GCA_034860545.1_ASM3486054v1,
HPGP_GLOBAL,HpGP-SGP-033,SAMN19990483,GCA_034860525.1,GCA_034860525.1,,,Complete Genome,1058,1639073,1639073,ftp://ftp.ncbi.nlm.nih.gov/genomes/all/GCA/034/860/525/GCA_034860525.1_ASM3486052v1,
HPGP_GLOBAL,HpGP-SGP-036,SAMN19990484,GCA_034860505.1,GCA_034860505.1,,,Complete Genome,1420,1617081,1617081,ftp://ftp.ncbi.nlm.nih.gov/genomes/all/GCA/034/860/505/GCA_034860505.1_ASM3486050v1,
HPGP_GLOBAL,HpGP-SGP-038,SAMN19990485,GCA_034860485.1,GCA_034860485.1,,,Complete Genome,977,1648626,1648626,ftp://ftp.ncbi.nlm.nih.gov/genomes/all/GCA/034/860/485/GCA_034860485.1_ASM3486048v1,
HPGP_GLOBAL,HpGP-SPA-101,SAMN19990486,GCA_034860465.1,GCA_034860465.1,,,Complete Genome,658,1680860,1680860,ftp://ftp.ncbi.nlm.nih.gov/genomes/all/GCA/034/860/465/GCA_034860465.1_ASM3486046v1,
HPGP_GLOBAL,HpGP-SPA-102,SAMN19990487,GCA_034860445.1,GCA_034860445.1,,,Complete Genome,726,1613450,1613450,ftp://ftp.ncbi.nlm.nih.gov/genomes/all/GCA/034/860/445/GCA_034860445.1_ASM3486044v1,
HPGP_GLOBAL,HpGP-SPA-103,SAMN19990488,GCA_034860425.1,GCA_034860425.1,,,Complete Genome,600,1570531,1570531,ftp://ftp.ncbi.nlm.nih.gov/genomes/all/GCA/034/860/425/GCA_034860425.1_ASM3486042v1,
HPGP_GLOBAL,HpGP-SPA-104,SAMN19990489,GCA_034860405.1,GCA_034860405.1,,,Complete Genome,561,1630461,1630461,ftp://ftp.ncbi.nlm.nih.gov/genomes/all/GCA/034/860/405/GCA_034860405.1_ASM3486040v1,
HPGP_GLOBAL,HpGP-SPA-105,SAMN19990490,GCA_034860385.1,GCA_034860385.1,,,Complete Genome,691,1578300,1578300,ftp://ftp.ncbi.nlm.nih.gov/genomes/all/GCA/034/860/385/GCA_034860385.1_ASM3486038v1,
HPGP_GLOBAL,HpGP-SPA-107,SAMN19990491,GCA_034860365.1,GCA_034860365.1,,,Complete Genome,801,1643944,1643944,ftp://ftp.ncbi.nlm.nih.gov/genomes/all/GCA/034/860/365/GCA_034860365.1_ASM3486036v1,
HPGP_GLOBAL,HpGP-SPA-108,SAMN19990492,GCA_034860345.1,GCA_034860345.1,,,Complete Genome,1031,1615293,1615293,ftp://ftp.ncbi.nlm.nih.gov/genomes/all/GCA/034/860/345/GCA_034860345.1_ASM3486034v1,
HPGP_GLOBAL,HpGP-SPA-110,SAMN19990493,GCA_034860325.1,GCA_034860325.1,,,Complete Genome,750,1567837,1567837,ftp://ftp.ncbi.nlm.nih.gov/genomes/all/GCA/034/860/325/GCA_034860325.1_ASM3486032v1,
HPGP_GLOBAL,HpGP-SPA-111,SAMN19990494,GCA_034860305.1,GCA_034860305.1,,,Complete Genome,909,1570816,1570816,ftp://ftp.ncbi.nlm.nih.gov/genomes/all/GCA/034/860/305/GCA_034860305.1_ASM3486030v1,
HPGP_GLOBAL,HpGP-SPA-201,SAMN19990495,GCA_034860285.1,GCA_034860285.1,,,Complete Genome,1499,1676894,1676894,ftp://ftp.ncbi.nlm.nih.gov/genomes/all/GCA/034/860/285/GCA_034860285.1_ASM3486028v1,
HPGP_GLOBAL,HpGP-SPA-202,SAMN19990496,GCA_034860265.1,GCA_034860265.1,,,Complete Genome,1422,1688307,1688307,ftp://ftp.ncbi.nlm.nih.gov/genomes/all/GCA/034/860/265/GCA_034860265.1_ASM3486026v1,
HPGP_GLOBAL,HpGP-SPA-203,SAMN19990497,GCA_034860245.1,GCA_034860245.1,,,Complete Genome,1066,1617854,1617854,ftp://ftp.ncbi.nlm.nih.gov/genomes/all/GCA/034/860/245/GCA_034860245.1_ASM3486024v1,
HPGP_GLOBAL,HpGP-SPA-204,SAMN19990498,GCA_034860225.1,GCA_034860225.1,,,Complete Genome,1221,1602682,1602682,ftp://ftp.ncbi.nlm.nih.gov/genomes/all/GCA/034/860/225/GCA_034860225.1_ASM3486022v1,
HPGP_GLOBAL,HpGP-SPA-205,SAMN19990499,GCA_034860205.1,GCA_034860205.1,,,Complete Genome,1642,1576095,1576095,ftp://ftp.ncbi.nlm.nih.gov/genomes/all/GCA/034/860/205/GCA_034860205.1_ASM3486020v1,
HPGP_GLOBAL,HpGP-SPA-206,SAMN19990500,GCA_034860185.1,GCA_034860185.1,,,Complete Genome,1004,1594754,1594754,ftp://ftp.ncbi.nlm.nih.gov/genomes/all/GCA/034/860/185/GCA_034860185.1_ASM3486018v1,
HPGP_GLOBAL,HpGP-SPA-207,SAMN19990501,GCA_034860165.1,GCA_034860165.1,,,Complete Genome,1217,1644861,1644861,ftp://ftp.ncbi.nlm.nih.gov/genomes/all/GCA/034/860/165/GCA_034860165.1_ASM3486016v1,
HPGP_GLOBAL,HpGP-SPA-209,SAMN19990502,GCA_034860145.1,GCA_034860145.1,,,Complete Genome,1399,1630938,1630938,ftp://ftp.ncbi.nlm.nih.gov/genomes/all/GCA/034/860/145/GCA_034860145.1_ASM3486014v1,
HPGP_GLOBAL,HpGP-SPA-210,SAMN19990503,GCA_034860125.1,GCA_034860125.1,,,Complete Genome,1358,1587919,1587919,ftp://ftp.ncbi.nlm.nih.gov/genomes/all/GCA/034/860/125/GCA_034860125.1_ASM3486012v1,
HPGP_GLOBAL,HpGP-SPA-301,SAMN19990504,GCA_034860105.1,GCA_034860105.1,,,Complete Genome,1465,1659411,1659411,ftp://ftp.ncbi.nlm.nih.gov/genomes/all/GCA/034/860/105/GCA_034860105.1_ASM3486010v1,
HPGP_GLOBAL,HpGP-SPA-302,SAMN19990505,GCA_034860085.1,GCA_034860085.1,,,Complete Genome,1356,1633457,1633457,ftp://ftp.ncbi.nlm.nih.gov/genomes/all/GCA/034/860/085/GCA_034860085.1_ASM3486008v1,
HPGP_GLOBAL,HpGP-SPA-303,SAMN19990506,GCA_034860065.1,GCA_034860065.1,,,Complete Genome,1386,1620854,1620854,ftp://ftp.ncbi.nlm.nih.gov/genomes/all/GCA/034/860/065/GCA_034860065.1_ASM3486006v1,
HPGP_GLOBAL,HpGP-SPA-304,SAMN19990507,GCA_034860045.1,GCA_034860045.1,,,Complete Genome,967,1627230,1627230,ftp://ftp.ncbi.nlm.nih.gov/genomes/all/GCA/034/860/045/GCA_034860045.1_ASM3486004v1,
HPGP_GLOBAL,HpGP-SPA-305,SAMN19990508,GCA_034860025.1,GCA_034860025.1,,,Complete Genome,1647,1665805,1665805,ftp://ftp.ncbi.nlm.nih.gov/genomes/all/GCA/034/860/025/GCA_034860025.1_ASM3486002v1,
HPGP_GLOBAL,HpGP-SPA-306,SAMN19990509,GCA_034860005.1,GCA_034860005.1,,,Complete Genome,1519,1663034,1663034,ftp://ftp.ncbi.nlm.nih.gov/genomes/all/GCA/034/860/005/GCA_034860005.1_ASM3486000v1,
HPGP_GLOBAL,HpGP-SPA-307,SAMN19990510,GCA_034859985.1,GCA_034859985.1,,,Complete Genome,1172,1573264,1573264,ftp://ftp.ncbi.nlm.nih.gov/genomes/all/GCA/034/859/985/GCA_034859985.1_ASM3485998v1,
HPGP_GLOBAL,HpGP-SPA-308,SAMN19990511,GCA_034859965.1,GCA_034859965.1,,,Complete Genome,1260,1597856,1597856,ftp://ftp.ncbi.nlm.nih.gov/genomes/all/GCA/034/859/965/GCA_034859965.1_ASM3485996v1,
HPGP_GLOBAL,HpGP-SPA-309,SAMN19990512,GCA_034859945.1,GCA_034859945.1,,,Complete Genome,1692,1671245,1671245,ftp://ftp.ncbi.nlm.nih.gov/genomes/all/GCA/034/859/945/GCA_034859945.1_ASM3485994v1,
HPGP_GLOBAL,HpGP-SPA-310,SAMN19990513,GCA_034859925.1,GCA_034859925.1,,,Complete Genome,1455,1574831,1574831,ftp://ftp.ncbi.nlm.nih.gov/genomes/all/GCA/034/859/925/GCA_034859925.1_ASM3485992v1,
HPGP_GLOBAL,HpGP-SPA-311,SAMN19990514,GCA_034859905.1,GCA_034859905.1,,,Complete Genome,1237,1619032,1619032,ftp://ftp.ncbi.nlm.nih.gov/genomes/all/GCA/034/859/905/GCA_034859905.1_ASM3485990v1,
HPGP_GLOBAL,HpGP-SPA-312,SAMN19990515,GCA_034859885.1,GCA_034859885.1,,,Complete Genome,610,1660119,1660119,ftp://ftp.ncbi.nlm.nih.gov/genomes/all/GCA/034/859/885/GCA_034859885.1_ASM3485988v1,
HPGP_GLOBAL,HpGP-SPA-313,SAMN19990516,GCA_034859865.1,GCA_034859865.1,,,Complete Genome,985,1708308,1708308,ftp://ftp.ncbi.nlm.nih.gov/genomes/all/GCA/034/859/865/GCA_034859865.1_ASM3485986v1,
HPGP_GLOBAL,HpGP-SPA-314,SAMN19990517,GCA_034859845.1,GCA_034859845.1,,,Complete Genome,1010,1674867,1674867,ftp://ftp.ncbi.nlm.nih.gov/genomes/all/GCA/034/859/845/GCA_034859845.1_ASM3485984v1,
HPGP_GLOBAL,HpGP-SPA-315,SAMN19990518,GCA_034859825.1,GCA_034859825.1,,,Complete Genome,966,1639320,1639320,ftp://ftp.ncbi.nlm.nih.gov/genomes/all/GCA/034/859/825/GCA_034859825.1_ASM3485982v1,
HPGP_GLOBAL,HpGP-SPA-316,SAMN19990519,GCA_034859805.1,GCA_034859805.1,,,Complete Genome,1114,1639067,1639067,ftp://ftp.ncbi.nlm.nih.gov/genomes/all/GCA/034/859/805/GCA_034859805.1_ASM3485980v1,
HPGP_GLOBAL,HpGP-SPA-317,SAMN19990520,GCA_034859785.1,GCA_034859785.1,,,Complete Genome,907,1654233,1654233,ftp://ftp.ncbi.nlm.nih.gov/genomes/all/GCA/034/859/785/GCA_034859785.1_ASM3485978v1,
HPGP_GLOBAL,HpGP-SPA-318,SAMN19990521,GCA_034859765.1,GCA_034859765.1,,,Complete Genome,1415,1678202,1678202,ftp://ftp.ncbi.nlm.nih.gov/genomes/all/GCA/034/859/765/GCA_034859765.1_ASM3485976v1,
HPGP_GLOBAL,HpGP-SPA-319,SAMN19990522,GCA_034859745.1,GCA_034859745.1,,,Complete Genome,1358,1722088,1722088,ftp://ftp.ncbi.nlm.nih.gov/genomes/all/GCA/034/859/745/GCA_034859745.1_ASM3485974v1,
HPGP_GLOBAL,HpGP-SPA-320,SAMN19990523,GCA_034859725.1,GCA_034859725.1,,,Complete Genome,835,1706210,1706210,ftp://ftp.ncbi.nlm.nih.gov/genomes/all/GCA/034/859/725/GCA_034859725.1_ASM3485972v1,
HPGP_GLOBAL,HpGP-SPA-321,SAMN19990524,GCA_034859705.1,GCA_034859705.1,,,Complete Genome,841,1679943,1679943,ftp://ftp.ncbi.nlm.nih.gov/genomes/all/GCA/034/859/705/GCA_034859705.1_ASM3485970v1,
HPGP_GLOBAL,HpGP-SPA-322,SAMN19990525,GCA_034859685.1,GCA_034859685.1,,,Complete Genome,1223,1648827,1648827,ftp://ftp.ncbi.nlm.nih.gov/genomes/all/GCA/034/859/685/GCA_034859685.1_ASM3485968v1,
HPGP_GLOBAL,HpGP-SPA-323,SAMN19990526,GCA_034859525.1,GCA_034859525.1,,,Complete Genome,981,1697314,1697314,ftp://ftp.ncbi.nlm.nih.gov/genomes/all/GCA/034/859/525/GCA_034859525.1_ASM3485952v1,
HPGP_GLOBAL,HpGP-SPA-324,SAMN19990527,GCA_034859505.1,GCA_034859505.1,,,Complete Genome,715,1586150,1586150,ftp://ftp.ncbi.nlm.nih.gov/genomes/all/GCA/034/859/505/GCA_034859505.1_ASM3485950v1,
HPGP_GLOBAL,HpGP-SPA-325,SAMN19990528,GCA_034859485.1,GCA_034859485.1,,,Complete Genome,1026,1678923,1678923,ftp://ftp.ncbi.nlm.nih.gov/genomes/all/GCA/034/859/485/GCA_034859485.1_ASM3485948v1,
HPGP_GLOBAL,HpGP-SPA-401,SAMN19990529,GCA_034859015.1,GCA_034859015.1,,,Complete Genome,1343,1606438,1606438,ftp://ftp.ncbi.nlm.nih.gov/genomes/all/GCA/034/859/015/GCA_034859015.1_ASM3485901v1,
HPGP_GLOBAL,HpGP-SPA-402,SAMN19990530,GCA_034858935.1,GCA_034858935.1,,,Complete Genome,747,1695558,1695558,ftp://ftp.ncbi.nlm.nih.gov/genomes/all/GCA/034/858/935/GCA_034858935.1_ASM3485893v1,
HPGP_GLOBAL,HpGP-SPA-403,SAMN19990531,GCA_034858915.1,GCA_034858915.1,,,Complete Genome,1575,1656569,1656569,ftp://ftp.ncbi.nlm.nih.gov/genomes/all/GCA/034/858/915/GCA_034858915.1_ASM3485891v1,
HPGP_GLOBAL,HpGP-SPA-404,SAMN19990532,GCA_034858895.1,GCA_034858895.1,,,Complete Genome,1271,1621300,1621300,ftp://ftp.ncbi.nlm.nih.gov/genomes/all/GCA/034/858/895/GCA_034858895.1_ASM3485889v1,
HPGP_GLOBAL,HpGP-SPA-405,SAMN19990533,GCA_034858875.1,GCA_034858875.1,,,Complete Genome,1126,1699624,1699624,ftp://ftp.ncbi.nlm.nih.gov/genomes/all/GCA/034/858/875/GCA_034858875.1_ASM3485887v1,
HPGP_GLOBAL,HpGP-SPA-406,SAMN19990534,GCA_034858855.1,GCA_034858855.1,,,Complete Genome,1730,1624145,1624145,ftp://ftp.ncbi.nlm.nih.gov/genomes/all/GCA/034/858/855/GCA_034858855.1_ASM3485885v1,
HPGP_GLOBAL,HpGP-SPA-407,SAMN19990535,GCA_034858835.1,GCA_034858835.1,,,Complete Genome,1033,1648481,1648481,ftp://ftp.ncbi.nlm.nih.gov/genomes/all/GCA/034/858/835/GCA_034858835.1_ASM3485883v1,
HPGP_GLOBAL,HpGP-SPA-409,SAMN19990536,GCA_034858815.1,GCA_034858815.1,,,Complete Genome,817,1660290,1660290,ftp://ftp.ncbi.nlm.nih.gov/genomes/all/GCA/034/858/815/GCA_034858815.1_ASM3485881v1,
HPGP_GLOBAL,HpGP-SPA-413,SAMN19990537,GCA_034858795.1,GCA_034858795.1,,,Complete Genome,1382,1674489,1674489,ftp://ftp.ncbi.nlm.nih.gov/genomes/all/GCA/034/858/795/GCA_034858795.1_ASM3485879v1,
HPGP_GLOBAL,HpGP-SPA-414,SAMN19990538,GCA_034858775.1,GCA_034858775.1,,,Complete Genome,1351,1590677,1590677,ftp://ftp.ncbi.nlm.nih.gov/genomes/all/GCA/034/858/775/GCA_034858775.1_ASM3485877v1,
HPGP_GLOBAL,HpGP-SPA-501,SAMN19990539,GCA_034858755.1,GCA_034858755.1,,,Complete Genome,955,1628105,1628105,ftp://ftp.ncbi.nlm.nih.gov/genomes/all/GCA/034/858/755/GCA_034858755.1_ASM3485875v1,
HPGP_GLOBAL,HpGP-SPA-502,SAMN19990540,GCA_034858735.1,GCA_034858735.1,,,Complete Genome,1785,1576526,1576526,ftp://ftp.ncbi.nlm.nih.gov/genomes/all/GCA/034/858/735/GCA_034858735.1_ASM3485873v1,
HPGP_GLOBAL,HpGP-SPA-503,SAMN19990541,GCA_034858715.1,GCA_034858715.1,,,Complete Genome,704,1635430,1635430,ftp://ftp.ncbi.nlm.nih.gov/genomes/all/GCA/034/858/715/GCA_034858715.1_ASM3485871v1,
HPGP_GLOBAL,HpGP-SPA-504,SAMN19990542,GCA_034858695.1,GCA_034858695.1,,,Complete Genome,1100,1640813,1640813,ftp://ftp.ncbi.nlm.nih.gov/genomes/all/GCA/034/858/695/GCA_034858695.1_ASM3485869v1,
HPGP_GLOBAL,HpGP-SPA-505,SAMN19990543,GCA_034858675.1,GCA_034858675.1,,,Complete Genome,996,1622317,1622317,ftp://ftp.ncbi.nlm.nih.gov/genomes/all/GCA/034/858/675/GCA_034858675.1_ASM3485867v1,
HPGP_GLOBAL,HpGP-SPA-506,SAMN19990544,GCA_034858655.1,GCA_034858655.1,,,Complete Genome,1463,1594032,1594032,ftp://ftp.ncbi.nlm.nih.gov/genomes/all/GCA/034/858/655/GCA_034858655.1_ASM3485865v1,
HPGP_GLOBAL,HpGP-SPA-507,SAMN19990545,GCA_034858635.1,GCA_034858635.1,,,Complete Genome,2185,1637369,1637369,ftp://ftp.ncbi.nlm.nih.gov/genomes/all/GCA/034/858/635/GCA_034858635.1_ASM3485863v1,
HPGP_GLOBAL,HpGP-SPA-508,SAMN19990546,GCA_034858615.1,GCA_034858615.1,,,Complete Genome,1244,1628029,1628029,ftp://ftp.ncbi.nlm.nih.gov/genomes/all/GCA/034/858/615/GCA_034858615.1_ASM3485861v1,
HPGP_GLOBAL,HpGP-SPA-509,SAMN19990547,GCA_034858595.1,GCA_034858595.1,,,Complete Genome,1332,1663455,1663455,ftp://ftp.ncbi.nlm.nih.gov/genomes/all/GCA/034/858/595/GCA_034858595.1_ASM3485859v1,
HPGP_GLOBAL,HpGP-SPA-510,SAMN19990548,GCA_034858575.1,GCA_034858575.1,,,Complete Genome,1993,1611923,1611923,ftp://ftp.ncbi.nlm.nih.gov/genomes/all/GCA/034/858/575/GCA_034858575.1_ASM3485857v1,
HPGP_GLOBAL,HpGP-SPA-601,SAMN19990549,GCA_034858555.1,GCA_034858555.1,,,Complete Genome,613,1667573,1667573,ftp://ftp.ncbi.nlm.nih.gov/genomes/all/GCA/034/858/555/GCA_034858555.1_ASM3485855v1,
HPGP_GLOBAL,HpGP-SPA-604,SAMN19990550,GCA_034858535.1,GCA_034858535.1,,,Complete Genome,673,1572236,1572236,ftp://ftp.ncbi.nlm.nih.gov/genomes/all/GCA/034/858/535/GCA_034858535.1_ASM3485853v1,
HPGP_GLOBAL,HpGP-SPA-606,SAMN19990551,GCA_034858515.1,GCA_034858515.1,,,Complete Genome,271,1684206,1684206,ftp://ftp.ncbi.nlm.nih.gov/genomes/all/GCA/034/858/515/GCA_034858515.1_ASM3485851v1,
HPGP_GLOBAL,HpGP-SPA-607,SAMN19990552,GCA_034858495.1,GCA_034858495.1,,,Complete Genome,261,1678132,1678132,ftp://ftp.ncbi.nlm.nih.gov/genomes/all/GCA/034/858/495/GCA_034858495.1_ASM3485849v1,
HPGP_GLOBAL,HpGP-SPA-609,SAMN19990553,GCA_034858475.1,GCA_034858475.1,,,Complete Genome,180,1643170,1643170,ftp://ftp.ncbi.nlm.nih.gov/genomes/all/GCA/034/858/475/GCA_034858475.1_ASM3485847v1,
HPGP_GLOBAL,HpGP-SPA-610,SAMN19990554,GCA_034858455.1,GCA_034858455.1,,,Complete Genome,261,1629531,1629531,ftp://ftp.ncbi.nlm.nih.gov/genomes/all/GCA/034/858/455/GCA_034858455.1_ASM3485845v1,
HPGP_GLOBAL,HpGP-SPA-611,SAMN19990555,GCA_034858435.1,GCA_034858435.1,,,Complete Genome,227,1666518,1666518,ftp://ftp.ncbi.nlm.nih.gov/genomes/all/GCA/034/858/435/GCA_034858435.1_ASM3485843v1,
HPGP_GLOBAL,HpGP-SPA-701,SAMN19990556,GCA_034858415.1,GCA_034858415.1,,,Complete Genome,858,1642690,1642690,ftp://ftp.ncbi.nlm.nih.gov/genomes/all/GCA/034/858/415/GCA_034858415.1_ASM3485841v1,
HPGP_GLOBAL,HpGP-SPA-702,SAMN19990557,GCA_034858395.1,GCA_034858395.1,,,Complete Genome,885,1598110,1598110,ftp://ftp.ncbi.nlm.nih.gov/genomes/all/GCA/034/858/395/GCA_034858395.1_ASM3485839v1,
HPGP_GLOBAL,HpGP-SPA-703,SAMN19990558,GCA_034858375.1,GCA_034858375.1,,,Complete Genome,965,1581418,1581418,ftp://ftp.ncbi.nlm.nih.gov/genomes/all/GCA/034/858/375/GCA_034858375.1_ASM3485837v1,
HPGP_GLOBAL,HpGP-SPA-704,SAMN19990559,GCA_034858355.1,GCA_034858355.1,,,Complete Genome,901,1623556,1623556,ftp://ftp.ncbi.nlm.nih.gov/genomes/all/GCA/034/858/355/GCA_034858355.1_ASM3485835v1,
HPGP_GLOBAL,HpGP-SPA-705,SAMN19990560,GCA_034858335.1,GCA_034858335.1,,,Complete Genome,1065,1587290,1587290,ftp://ftp.ncbi.nlm.nih.gov/genomes/all/GCA/034/858/335/GCA_034858335.1_ASM3485833v1,
HPGP_GLOBAL,HpGP-SPA-706,SAMN19990561,GCA_034858315.1,GCA_034858315.1,,,Complete Genome,196,1606265,1606265,ftp://ftp.ncbi.nlm.nih.gov/genomes/all/GCA/034/858/315/GCA_034858315.1_ASM3485831v1,
HPGP_GLOBAL,HpGP-SPA-707,SAMN19990562,GCA_034858295.1,GCA_034858295.1,,,Complete Genome,175,1706700,1706700,ftp://ftp.ncbi.nlm.nih.gov/genomes/all/GCA/034/858/295/GCA_034858295.1_ASM3485829v1,
HPGP_GLOBAL,HpGP-USA-408,SAMN19999413,GCA_034858275.1,GCA_034858275.1,,,Chromosome,4381,1043896,1643719,ftp://ftp.ncbi.nlm.nih.gov/genomes/all/GCA/034/858/275/GCA_034858275.1_ASM3485827v1,
HPGP_GLOBAL,HpGP-USA-429,SAMN19999414,GCA_034858255.1,GCA_034858255.1,,,Chromosome,3693,922762,1661732,ftp://ftp.ncbi.nlm.nih.gov/genomes/all/GCA/034/858/255/GCA_034858255.1_ASM3485825v1,
HPGP_GLOBAL,HpGP-COG-003,SAMN19959968,GCA_034858235.1,GCA_034858235.1,,,Complete Genome,759,1651203,1651203,ftp://ftp.ncbi.nlm.nih.gov/genomes/all/GCA/034/858/235/GCA_034858235.1_ASM3485823v1,
HPGP_GLOBAL,HpGP-COG-004,SAMN19959969,GCA_034858215.1,GCA_034858215.1,,,Complete Genome,187,1615896,1615896,ftp://ftp.ncbi.nlm.nih.gov/genomes/all/GCA/034/858/215/GCA_034858215.1_ASM3485821v1,
HPGP_GLOBAL,HpGP-COG-005,SAMN19959970,GCA_034858195.1,GCA_034858195.1,,,Complete Genome,157,1615998,1615998,ftp://ftp.ncbi.nlm.nih.gov/genomes/all/GCA/034/858/195/GCA_034858195.1_ASM3485819v1,
HPGP_GLOBAL,HpGP-COG-006,SAMN19959971,GCA_034858175.1,GCA_034858175.1,,,Complete Genome,140,1669593,1669593,ftp://ftp.ncbi.nlm.nih.gov/genomes/all/GCA/034/858/175/GCA_034858175.1_ASM3485817v1,
HPGP_GLOBAL,HpGP-COG-007,SAMN19959972,GCA_034858135.1,GCA_034858135.1,,,Complete Genome,775,1675311,1675311,ftp://ftp.ncbi.nlm.nih.gov/genomes/all/GCA/034/858/135/GCA_034858135.1_ASM3485813v1,
HPGP_GLOBAL,HpGP-COG-008,SAMN19959973,GCA_034858115.1,GCA_034858115.1,,,Complete Genome,150,1619424,1619424,ftp://ftp.ncbi.nlm.nih.gov/genomes/all/GCA/034/858/115/GCA_034858115.1_ASM3485811v1,
HPGP_GLOBAL,HpGP-COG-009,SAMN19959974,GCA_034858095.1,GCA_034858095.1,,,Complete Genome,155,1615918,1615918,ftp://ftp.ncbi.nlm.nih.gov/genomes/all/GCA/034/858/095/GCA_034858095.1_ASM3485809v1,
HPGP_GLOBAL,HpGP-COG-010,SAMN19959975,GCA_034858075.1,GCA_034858075.1,,,Complete Genome,179,1641630,1641630,ftp://ftp.ncbi.nlm.nih.gov/genomes/all/GCA/034/858/075/GCA_034858075.1_ASM3485807v1,
HPGP_GLOBAL,HpGP-COG-011,SAMN19959976,GCA_034858055.1,GCA_034858055.1,,,Complete Genome,171,1615559,1615559,ftp://ftp.ncbi.nlm.nih.gov/genomes/all/GCA/034/858/055/GCA_034858055.1_ASM3485805v1,
HPGP_GLOBAL,HpGP-COL-002,SAMN19959977,GCA_034858035.1,GCA_034858035.1,,,Complete Genome,728,1606112,1606112,ftp://ftp.ncbi.nlm.nih.gov/genomes/all/GCA/034/858/035/GCA_034858035.1_ASM3485803v1,
HPGP_GLOBAL,HpGP-COL-003,SAMN19959978,GCA_034858015.1,GCA_034858015.1,,,Complete Genome,4106,1695443,1695443,ftp://ftp.ncbi.nlm.nih.gov/genomes/all/GCA/034/858/015/GCA_034858015.1_ASM3485801v1,
HPGP_GLOBAL,HpGP-COL-004,SAMN19959979,GCA_034857935.1,GCA_034857935.1,,,Complete Genome,244,1640744,1640744,ftp://ftp.ncbi.nlm.nih.gov/genomes/all/GCA/034/857/935/GCA_034857935.1_ASM3485793v1,
HPGP_GLOBAL,HpGP-COL-005,SAMN19959980,GCA_034857625.1,GCA_034857625.1,,,Complete Genome,642,1662179,1662179,ftp://ftp.ncbi.nlm.nih.gov/genomes/all/GCA/034/857/625/GCA_034857625.1_ASM3485762v1,
HPGP_GLOBAL,HpGP-COL-006,SAMN19959981,GCA_034857605.1,GCA_034857605.1,,,Complete Genome,243,1664661,1664661,ftp://ftp.ncbi.nlm.nih.gov/genomes/all/GCA/034/857/605/GCA_034857605.1_ASM3485760v1,
HPGP_GLOBAL,HpGP-COL-008,SAMN19959982,GCA_034857585.1,GCA_034857585.1,,,Complete Genome,799,1665362,1665362,ftp://ftp.ncbi.nlm.nih.gov/genomes/all/GCA/034/857/585/GCA_034857585.1_ASM3485758v1,
HPGP_GLOBAL,HpGP-COL-010,SAMN19959983,GCA_034857185.1,GCA_034857185.1,,,Complete Genome,783,1648675,1648675,ftp://ftp.ncbi.nlm.nih.gov/genomes/all/GCA/034/857/185/GCA_034857185.1_ASM3485718v1,
HPGP_GLOBAL,HpGP-COL-102,SAMN19959984,GCA_034857035.1,GCA_034857035.1,,,Complete Genome,983,1687924,1687924,ftp://ftp.ncbi.nlm.nih.gov/genomes/all/GCA/034/857/035/GCA_034857035.1_ASM3485703v1,
HPGP_GLOBAL,HpGP-COL-103,SAMN19959985,GCA_034857015.1,GCA_034857015.1,,,Complete Genome,1501,1638876,1638876,ftp://ftp.ncbi.nlm.nih.gov/genomes/all/GCA/034/857/015/GCA_034857015.1_ASM3485701v1,
HPGP_GLOBAL,HpGP-COL-104,SAMN19959986,GCA_034856995.1,GCA_034856995.1,,,Complete Genome,1450,1647692,1647692,ftp://ftp.ncbi.nlm.nih.gov/genomes/all/GCA/034/856/995/GCA_034856995.1_ASM3485699v1,
HPGP_GLOBAL,HpGP-COL-105,SAMN19959987,GCA_034856975.1,GCA_034856975.1,,,Complete Genome,1182,1594792,1594792,ftp://ftp.ncbi.nlm.nih.gov/genomes/all/GCA/034/856/975/GCA_034856975.1_ASM3485697v1,
HPGP_GLOBAL,HpGP-COL-106,SAMN19959988,GCA_034856955.1,GCA_034856955.1,,,Complete Genome,1076,1600153,1600153,ftp://ftp.ncbi.nlm.nih.gov/genomes/all/GCA/034/856/955/GCA_034856955.1_ASM3485695v1,
HPGP_GLOBAL,HpGP-COL-107,SAMN19959989,GCA_034856935.1,GCA_034856935.1,,,Complete Genome,1167,1664051,1664051,ftp://ftp.ncbi.nlm.nih.gov/genomes/all/GCA/034/856/935/GCA_034856935.1_ASM3485693v1,
HPGP_GLOBAL,HpGP-COL-108,SAMN19959990,GCA_034856915.1,GCA_034856915.1,,,Complete Genome,1076,1664507,1664507,ftp://ftp.ncbi.nlm.nih.gov/genomes/all/GCA/034/856/915/GCA_034856915.1_ASM3485691v1,
HPGP_GLOBAL,HpGP-COL-109,SAMN19959991,GCA_034856895.1,GCA_034856895.1,,,Complete Genome,1058,1711935,1711935,ftp://ftp.ncbi.nlm.nih.gov/genomes/all/GCA/034/856/895/GCA_034856895.1_ASM3485689v1,
HPGP_GLOBAL,HpGP-COL-110,SAMN19959992,GCA_034856875.1,GCA_034856875.1,,,Complete Genome,1435,1676877,1676877,ftp://ftp.ncbi.nlm.nih.gov/genomes/all/GCA/034/856/875/GCA_034856875.1_ASM3485687v1,
HPGP_GLOBAL,HpGP-COL-112,SAMN19959993,GCA_034856855.1,GCA_034856855.1,,,Complete Genome,1206,1676845,1676845,ftp://ftp.ncbi.nlm.nih.gov/genomes/all/GCA/034/856/855/GCA_034856855.1_ASM3485685v1,
HPGP_GLOBAL,HpGP-COL-113,SAMN19959994,GCA_034856835.1,GCA_034856835.1,,,Complete Genome,910,1661030,1661030,ftp://ftp.ncbi.nlm.nih.gov/genomes/all/GCA/034/856/835/GCA_034856835.1_ASM3485683v1,
HPGP_GLOBAL,HpGP-COL-114,SAMN19959995,GCA_034856815.1,GCA_034856815.1,,,Complete Genome,878,1663589,1663589,ftp://ftp.ncbi.nlm.nih.gov/genomes/all/GCA/034/856/815/GCA_034856815.1_ASM3485681v1,
HPGP_GLOBAL,HpGP-COL-118,SAMN19959998,GCA_034856795.1,GCA_034856795.1,,,Complete Genome,1605,1697405,1697405,ftp://ftp.ncbi.nlm.nih.gov/genomes/all/GCA/034/856/795/GCA_034856795.1_ASM3485679v1,
HPGP_GLOBAL,HpGP-COL-119,SAMN19959999,GCA_034856775.1,GCA_034856775.1,,,Complete Genome,1056,1638083,1638083,ftp://ftp.ncbi.nlm.nih.gov/genomes/all/GCA/034/856/775/GCA_034856775.1_ASM3485677v1,
HPGP_GLOBAL,HpGP-COL-120,SAMN19960000,GCA_034856755.1,GCA_034856755.1,,,Complete Genome,1591,1676968,1676968,ftp://ftp.ncbi.nlm.nih.gov/genomes/all/GCA/034/856/755/GCA_034856755.1_ASM3485675v1,
HPGP_GLOBAL,HpGP-COL-121,SAMN19960001,GCA_034856735.1,GCA_034856735.1,,,Complete Genome,1414,1666603,1666603,ftp://ftp.ncbi.nlm.nih.gov/genomes/all/GCA/034/856/735/GCA_034856735.1_ASM3485673v1,
HPGP_GLOBAL,HpGP-COL-122,SAMN19960002,GCA_034856715.1,GCA_034856715.1,,,Complete Genome,1323,1672930,1672930,ftp://ftp.ncbi.nlm.nih.gov/genomes/all/GCA/034/856/715/GCA_034856715.1_ASM3485671v1,
HPGP_GLOBAL,HpGP-COL-201,SAMN19960003,GCA_034856695.1,GCA_034856695.1,,,Complete Genome,809,1591061,1591061,ftp://ftp.ncbi.nlm.nih.gov/genomes/all/GCA/034/856/695/GCA_034856695.1_ASM3485669v1,
HPGP_GLOBAL,HpGP-COL-202,SAMN19960004,GCA_034856675.1,GCA_034856675.1,,,Complete Genome,1120,1592936,1592936,ftp://ftp.ncbi.nlm.nih.gov/genomes/all/GCA/034/856/675/GCA_034856675.1_ASM3485667v1,
HPGP_GLOBAL,HpGP-COL-203,SAMN19960005,GCA_034856655.1,GCA_034856655.1,,,Complete Genome,1241,1625215,1625215,ftp://ftp.ncbi.nlm.nih.gov/genomes/all/GCA/034/856/655/GCA_034856655.1_ASM3485665v1,
HPGP_GLOBAL,HpGP-COL-204,SAMN19960006,GCA_034856635.1,GCA_034856635.1,,,Complete Genome,763,1648930,1648930,ftp://ftp.ncbi.nlm.nih.gov/genomes/all/GCA/034/856/635/GCA_034856635.1_ASM3485663v1,
HPGP_GLOBAL,HpGP-COL-205,SAMN19960007,GCA_034856615.1,GCA_034856615.1,,,Complete Genome,664,1660637,1660637,ftp://ftp.ncbi.nlm.nih.gov/genomes/all/GCA/034/856/615/GCA_034856615.1_ASM3485661v1,
HPGP_GLOBAL,HpGP-COL-206,SAMN19960008,GCA_034856595.1,GCA_034856595.1,,,Complete Genome,1228,1634751,1634751,ftp://ftp.ncbi.nlm.nih.gov/genomes/all/GCA/034/856/595/GCA_034856595.1_ASM3485659v1,
HPGP_GLOBAL,HpGP-COL-207,SAMN19960009,GCA_034856575.1,GCA_034856575.1,,,Complete Genome,776,1663597,1663597,ftp://ftp.ncbi.nlm.nih.gov/genomes/all/GCA/034/856/575/GCA_034856575.1_ASM3485657v1,
HPGP_GLOBAL,HpGP-SPA-709,SAMN19990563,GCA_034856555.1,GCA_034856555.1,,,Complete Genome,627,1669615,1669615,ftp://ftp.ncbi.nlm.nih.gov/genomes/all/GCA/034/856/555/GCA_034856555.1_ASM3485655v1,
HPGP_GLOBAL,HpGP-SPA-710,SAMN19990564,GCA_034856535.1,GCA_034856535.1,,,Complete Genome,786,1629541,1629541,ftp://ftp.ncbi.nlm.nih.gov/genomes/all/GCA/034/856/535/GCA_034856535.1_ASM3485653v1,
HPGP_GLOBAL,HpGP-SPA-801,SAMN19990565,GCA_034856515.1,GCA_034856515.1,,,Complete Genome,3607,1677924,1677924,ftp://ftp.ncbi.nlm.nih.gov/genomes/all/GCA/034/856/515/GCA_034856515.1_ASM3485651v1,
HPGP_GLOBAL,HpGP-SPA-802,SAMN19990566,GCA_034856495.1,GCA_034856495.1,,,Complete Genome,183,1634911,1634911,ftp://ftp.ncbi.nlm.nih.gov/genomes/all/GCA/034/856/495/GCA_034856495.1_ASM3485649v1,
HPGP_GLOBAL,HpGP-SPA-803,SAMN19990567,GCA_034856475.1,GCA_034856475.1,,,Complete Genome,133,1625750,1625750,ftp://ftp.ncbi.nlm.nih.gov/genomes/all/GCA/034/856/475/GCA_034856475.1_ASM3485647v1,
HPGP_GLOBAL,HpGP-SPA-804,SAMN19990568,GCA_034856455.1,GCA_034856455.1,,,Complete Genome,151,1608123,1608123,ftp://ftp.ncbi.nlm.nih.gov/genomes/all/GCA/034/856/455/GCA_034856455.1_ASM3485645v1,
HPGP_GLOBAL,HpGP-SPA-805,SAMN19990569,GCA_034856435.1,GCA_034856435.1,,,Complete Genome,163,1586055,1586055,ftp://ftp.ncbi.nlm.nih.gov/genomes/all/GCA/034/856/435/GCA_034856435.1_ASM3485643v1,
HPGP_GLOBAL,HpGP-SPA-806,SAMN19990570,GCA_034856415.1,GCA_034856415.1,,,Complete Genome,2513,1642348,1642348,ftp://ftp.ncbi.nlm.nih.gov/genomes/all/GCA/034/856/415/GCA_034856415.1_ASM3485641v1,
HPGP_GLOBAL,HpGP-SPA-807,SAMN19990571,GCA_034856395.1,GCA_034856395.1,,,Complete Genome,278,1662490,1662490,ftp://ftp.ncbi.nlm.nih.gov/genomes/all/GCA/034/856/395/GCA_034856395.1_ASM3485639v1,
HPGP_GLOBAL,HpGP-SWE-013,SAMN19990572,GCA_034856375.1,GCA_034856375.1,,,Complete Genome,754,1656744,1656744,ftp://ftp.ncbi.nlm.nih.gov/genomes/all/GCA/034/856/375/GCA_034856375.1_ASM3485637v1,
HPGP_GLOBAL,HpGP-TUR-001,SAMN19990573,GCA_034856355.1,GCA_034856355.1,,,Complete Genome,912,1657499,1657499,ftp://ftp.ncbi.nlm.nih.gov/genomes/all/GCA/034/856/355/GCA_034856355.1_ASM3485635v1,
HPGP_GLOBAL,HpGP-TWN-026,SAMN19990592,GCA_034856335.1,GCA_034856335.1,,,Complete Genome,182,1625379,1625379,ftp://ftp.ncbi.nlm.nih.gov/genomes/all/GCA/034/856/335/GCA_034856335.1_ASM3485633v1,
HPGP_GLOBAL,HpGP-TWN-027,SAMN19990593,GCA_034856315.1,GCA_034856315.1,,,Complete Genome,2894,1691672,1691672,ftp://ftp.ncbi.nlm.nih.gov/genomes/all/GCA/034/856/315/GCA_034856315.1_ASM3485631v1,
HPGP_GLOBAL,HpGP-TWN-028,SAMN19990594,GCA_034856295.1,GCA_034856295.1,,,Complete Genome,225,1592424,1592424,ftp://ftp.ncbi.nlm.nih.gov/genomes/all/GCA/034/856/295/GCA_034856295.1_ASM3485629v1,
HPGP_GLOBAL,HpGP-TWN-029,SAMN19990595,GCA_034856275.1,GCA_034856275.1,,,Complete Genome,207,1592254,1592254,ftp://ftp.ncbi.nlm.nih.gov/genomes/all/GCA/034/856/275/GCA_034856275.1_ASM3485627v1,
HPGP_GLOBAL,HpGP-TWN-030,SAMN19990596,GCA_034856255.1,GCA_034856255.1,,,Complete Genome,209,1577177,1577177,ftp://ftp.ncbi.nlm.nih.gov/genomes/all/GCA/034/856/255/GCA_034856255.1_ASM3485625v1,
HPGP_GLOBAL,HpGP-USA-001,SAMN19990597,GCA_034856235.1,GCA_034856235.1,,,Complete Genome,1502,1633072,1633072,ftp://ftp.ncbi.nlm.nih.gov/genomes/all/GCA/034/856/235/GCA_034856235.1_ASM3485623v1,
HPGP_GLOBAL,HpGP-USA-002,SAMN19990598,GCA_034856215.1,GCA_034856215.1,,,Complete Genome,981,1678929,1678929,ftp://ftp.ncbi.nlm.nih.gov/genomes/all/GCA/034/856/215/GCA_034856215.1_ASM3485621v1,
HPGP_GLOBAL,HpGP-USA-003,SAMN19990599,GCA_034856195.1,GCA_034856195.1,,,Complete Genome,1484,1658442,1658442,ftp://ftp.ncbi.nlm.nih.gov/genomes/all/GCA/034/856/195/GCA_034856195.1_ASM3485619v1,
HPGP_GLOBAL,HpGP-USA-004,SAMN19990600,GCA_034856175.1,GCA_034856175.1,,,Complete Genome,1021,1620484,1620484,ftp://ftp.ncbi.nlm.nih.gov/genomes/all/GCA/034/856/175/GCA_034856175.1_ASM3485617v1,
HPGP_GLOBAL,HpGP-USA-005,SAMN19990601,GCA_034856155.1,GCA_034856155.1,,,Complete Genome,902,1573066,1573066,ftp://ftp.ncbi.nlm.nih.gov/genomes/all/GCA/034/856/155/GCA_034856155.1_ASM3485615v1,
HPGP_GLOBAL,HpGP-USA-008,SAMN19990602,GCA_034856135.1,GCA_034856135.1,,,Complete Genome,834,1635408,1635408,ftp://ftp.ncbi.nlm.nih.gov/genomes/all/GCA/034/856/135/GCA_034856135.1_ASM3485613v1,
HPGP_GLOBAL,HpGP-USA-009,SAMN19990603,GCA_034856115.1,GCA_034856115.1,,,Complete Genome,797,1628111,1628111,ftp://ftp.ncbi.nlm.nih.gov/genomes/all/GCA/034/856/115/GCA_034856115.1_ASM3485611v1,
HPGP_GLOBAL,HpGP-USA-011,SAMN19990604,GCA_034856095.1,GCA_034856095.1,,,Complete Genome,1129,1641234,1641234,ftp://ftp.ncbi.nlm.nih.gov/genomes/all/GCA/034/856/095/GCA_034856095.1_ASM3485609v1,
HPGP_GLOBAL,HpGP-USA-101,SAMN19990605,GCA_034856075.1,GCA_034856075.1,,,Complete Genome,1074,1592732,1592732,ftp://ftp.ncbi.nlm.nih.gov/genomes/all/GCA/034/856/075/GCA_034856075.1_ASM3485607v1,
HPGP_GLOBAL,HpGP-USA-102,SAMN19990606,GCA_034856055.1,GCA_034856055.1,,,Complete Genome,1101,1706986,1706986,ftp://ftp.ncbi.nlm.nih.gov/genomes/all/GCA/034/856/055/GCA_034856055.1_ASM3485605v1,
HPGP_GLOBAL,HpGP-USA-104,SAMN19990607,GCA_034856035.1,GCA_034856035.1,,,Complete Genome,1287,1633887,1633887,ftp://ftp.ncbi.nlm.nih.gov/genomes/all/GCA/034/856/035/GCA_034856035.1_ASM3485603v1,
HPGP_GLOBAL,HpGP-USA-105,SAMN19990608,GCA_034856015.1,GCA_034856015.1,,,Complete Genome,1808,1668895,1668895,ftp://ftp.ncbi.nlm.nih.gov/genomes/all/GCA/034/856/015/GCA_034856015.1_ASM3485601v1,
HPGP_GLOBAL,HpGP-USA-106,SAMN19990609,GCA_034855995.1,GCA_034855995.1,,,Complete Genome,1235,1653583,1653583,ftp://ftp.ncbi.nlm.nih.gov/genomes/all/GCA/034/855/995/GCA_034855995.1_ASM3485599v1,
HPGP_GLOBAL,HpGP-USA-115,SAMN19990610,GCA_034855975.1,GCA_034855975.1,,,Complete Genome,458,1649338,1649338,ftp://ftp.ncbi.nlm.nih.gov/genomes/all/GCA/034/855/975/GCA_034855975.1_ASM3485597v1,
HPGP_GLOBAL,HpGP-USA-116,SAMN19990611,GCA_034855955.1,GCA_034855955.1,,,Complete Genome,655,1613308,1613308,ftp://ftp.ncbi.nlm.nih.gov/genomes/all/GCA/034/855/955/GCA_034855955.1_ASM3485595v1,
HPGP_GLOBAL,HpGP-USA-119,SAMN19990612,GCA_034855935.1,GCA_034855935.1,,,Complete Genome,3526,1624533,1624533,ftp://ftp.ncbi.nlm.nih.gov/genomes/all/GCA/034/855/935/GCA_034855935.1_ASM3485593v1,
HPGP_GLOBAL,HpGP-USA-120,SAMN19990613,GCA_034855915.1,GCA_034855915.1,,,Complete Genome,568,1607311,1607311,ftp://ftp.ncbi.nlm.nih.gov/genomes/all/GCA/034/855/915/GCA_034855915.1_ASM3485591v1,
HPGP_GLOBAL,HpGP-USA-123,SAMN19990614,GCA_034855895.1,GCA_034855895.1,,,Complete Genome,657,1617156,1617156,ftp://ftp.ncbi.nlm.nih.gov/genomes/all/GCA/034/855/895/GCA_034855895.1_ASM3485589v1,
HPGP_GLOBAL,HpGP-USA-201,SAMN19990615,GCA_034855875.1,GCA_034855875.1,,,Complete Genome,1861,1679963,1679963,ftp://ftp.ncbi.nlm.nih.gov/genomes/all/GCA/034/855/875/GCA_034855875.1_ASM3485587v1,
HPGP_GLOBAL,HpGP-USA-202,SAMN19990616,GCA_034855855.1,GCA_034855855.1,,,Complete Genome,1464,1640108,1640108,ftp://ftp.ncbi.nlm.nih.gov/genomes/all/GCA/034/855/855/GCA_034855855.1_ASM3485585v1,
HPGP_GLOBAL,HpGP-USA-203,SAMN19990617,GCA_034855835.1,GCA_034855835.1,,,Complete Genome,1230,1664238,1664238,ftp://ftp.ncbi.nlm.nih.gov/genomes/all/GCA/034/855/835/GCA_034855835.1_ASM3485583v1,
HPGP_GLOBAL,HpGP-USA-204,SAMN19990618,GCA_034855815.1,GCA_034855815.1,,,Complete Genome,1066,1742736,1742736,ftp://ftp.ncbi.nlm.nih.gov/genomes/all/GCA/034/855/815/GCA_034855815.1_ASM3485581v1,
HPGP_GLOBAL,HpGP-USA-205,SAMN19990619,GCA_034855795.1,GCA_034855795.1,,,Complete Genome,1335,1584308,1584308,ftp://ftp.ncbi.nlm.nih.gov/genomes/all/GCA/034/855/795/GCA_034855795.1_ASM3485579v1,
HPGP_GLOBAL,HpGP-USA-206,SAMN19990620,GCA_034855775.1,GCA_034855775.1,,,Complete Genome,1171,1712228,1712228,ftp://ftp.ncbi.nlm.nih.gov/genomes/all/GCA/034/855/775/GCA_034855775.1_ASM3485577v1,
HPGP_GLOBAL,HpGP-USA-207,SAMN19990621,GCA_034855755.1,GCA_034855755.1,,,Complete Genome,1039,1565497,1565497,ftp://ftp.ncbi.nlm.nih.gov/genomes/all/GCA/034/855/755/GCA_034855755.1_ASM3485575v1,
HPGP_GLOBAL,HpGP-USA-208,SAMN19990622,GCA_034855735.1,GCA_034855735.1,,,Complete Genome,2824,1641649,1641649,ftp://ftp.ncbi.nlm.nih.gov/genomes/all/GCA/034/855/735/GCA_034855735.1_ASM3485573v1,
HPGP_GLOBAL,HpGP-USA-301,SAMN19990623,GCA_034855715.1,GCA_034855715.1,,,Complete Genome,1853,1622031,1622031,ftp://ftp.ncbi.nlm.nih.gov/genomes/all/GCA/034/855/715/GCA_034855715.1_ASM3485571v1,
HPGP_GLOBAL,HpGP-USA-302,SAMN19990624,GCA_034855695.1,GCA_034855695.1,,,Complete Genome,1730,1660399,1660399,ftp://ftp.ncbi.nlm.nih.gov/genomes/all/GCA/034/855/695/GCA_034855695.1_ASM3485569v1,
HPGP_GLOBAL,HpGP-USA-303,SAMN19990625,GCA_034855675.1,GCA_034855675.1,,,Complete Genome,1289,1648142,1648142,ftp://ftp.ncbi.nlm.nih.gov/genomes/all/GCA/034/855/675/GCA_034855675.1_ASM3485567v1,
HPGP_GLOBAL,HpGP-USA-304,SAMN19990626,GCA_034855655.1,GCA_034855655.1,,,Complete Genome,1688,1631362,1631362,ftp://ftp.ncbi.nlm.nih.gov/genomes/all/GCA/034/855/655/GCA_034855655.1_ASM3485565v1,
HPGP_GLOBAL,HpGP-USA-305,SAMN19990627,GCA_034855635.1,GCA_034855635.1,,,Complete Genome,1819,1688729,1688729,ftp://ftp.ncbi.nlm.nih.gov/genomes/all/GCA/034/855/635/GCA_034855635.1_ASM3485563v1,
HPGP_GLOBAL,HpGP-USA-306,SAMN19990628,GCA_034855615.1,GCA_034855615.1,,,Complete Genome,1398,1689871,1689871,ftp://ftp.ncbi.nlm.nih.gov/genomes/all/GCA/034/855/615/GCA_034855615.1_ASM3485561v1,
HPGP_GLOBAL,HpGP-USA-311,SAMN19990629,GCA_034855595.1,GCA_034855595.1,,,Complete Genome,2008,1680096,1680096,ftp://ftp.ncbi.nlm.nih.gov/genomes/all/GCA/034/855/595/GCA_034855595.1_ASM3485559v1,
HPGP_GLOBAL,HpGP-USA-401,SAMN19990630,GCA_034855395.1,GCA_034855395.1,,,Complete Genome,2033,1604353,1604353,ftp://ftp.ncbi.nlm.nih.gov/genomes/all/GCA/034/855/395/GCA_034855395.1_ASM3485539v1,
HPGP_GLOBAL,HpGP-USA-402,SAMN19990631,GCA_034854635.1,GCA_034854635.1,,,Complete Genome,4034,1627168,1627168,ftp://ftp.ncbi.nlm.nih.gov/genomes/all/GCA/034/854/635/GCA_034854635.1_ASM3485463v1,
HPGP_GLOBAL,HpGP-USA-403,SAMN19990632,GCA_034853475.1,GCA_034853475.1,,,Complete Genome,4055,1652865,1652865,ftp://ftp.ncbi.nlm.nih.gov/genomes/all/GCA/034/853/475/GCA_034853475.1_ASM3485347v1,
HPGP_GLOBAL,HpGP-USA-404,SAMN19990633,GCA_034852695.1,GCA_034852695.1,,,Complete Genome,3934,1604853,1604853,ftp://ftp.ncbi.nlm.nih.gov/genomes/all/GCA/034/852/695/GCA_034852695.1_ASM3485269v1,
HPGP_GLOBAL,HpGP-USA-405,SAMN19990634,GCA_034851875.1,GCA_034851875.1,,,Complete Genome,4157,1648239,1648239,ftp://ftp.ncbi.nlm.nih.gov/genomes/all/GCA/034/851/875/GCA_034851875.1_ASM3485187v1,
HPGP_GLOBAL,HpGP-USA-406,SAMN19990635,GCA_034850955.1,GCA_034850955.1,,,Complete Genome,4345,1637717,1637717,ftp://ftp.ncbi.nlm.nih.gov/genomes/all/GCA/034/850/955/GCA_034850955.1_ASM3485095v1,
HPGP_GLOBAL,HpGP-USA-407,SAMN19990636,GCA_034849935.1,GCA_034849935.1,,,Complete Genome,3609,1619587,1619587,ftp://ftp.ncbi.nlm.nih.gov/genomes/all/GCA/034/849/935/GCA_034849935.1_ASM3484993v1,
HPGP_GLOBAL,HpGP-USA-409,SAMN19990637,GCA_034848935.1,GCA_034848935.1,,,Complete Genome,3823,1655663,1655663,ftp://ftp.ncbi.nlm.nih.gov/genomes/all/GCA/034/848/935/GCA_034848935.1_ASM3484893v1,
HPGP_GLOBAL,HpGP-USA-410,SAMN19990638,GCA_034848495.1,GCA_034848495.1,,,Complete Genome,3300,1607365,1607365,ftp://ftp.ncbi.nlm.nih.gov/genomes/all/GCA/034/848/495/GCA_034848495.1_ASM3484849v1,
HPGP_GLOBAL,HpGP-USA-411,SAMN19990639,GCA_034848395.1,GCA_034848395.1,,,Complete Genome,3782,1624630,1624630,ftp://ftp.ncbi.nlm.nih.gov/genomes/all/GCA/034/848/395/GCA_034848395.1_ASM3484839v1,
HPGP_GLOBAL,HpGP-USA-412,SAMN19990640,GCA_034847555.1,GCA_034847555.1,,,Complete Genome,5678,1632258,1632258,ftp://ftp.ncbi.nlm.nih.gov/genomes/all/GCA/034/847/555/GCA_034847555.1_ASM3484755v1,
HPGP_GLOBAL,HpGP-USA-413,SAMN19990641,GCA_034846975.1,GCA_034846975.1,,,Complete Genome,4812,1637829,1637829,ftp://ftp.ncbi.nlm.nih.gov/genomes/all/GCA/034/846/975/GCA_034846975.1_ASM3484697v1,
HPGP_GLOBAL,HpGP-USA-414,SAMN19990642,GCA_034846875.1,GCA_034846875.1,,,Complete Genome,4175,1605620,1605620,ftp://ftp.ncbi.nlm.nih.gov/genomes/all/GCA/034/846/875/GCA_034846875.1_ASM3484687v1,
HPGP_GLOBAL,HpGP-USA-415,SAMN19990643,GCA_034846095.1,GCA_034846095.1,,,Complete Genome,2915,1646716,1646716,ftp://ftp.ncbi.nlm.nih.gov/genomes/all/GCA/034/846/095/GCA_034846095.1_ASM3484609v1,
HPGP_GLOBAL,HpGP-USA-416,SAMN19990644,GCA_034845235.1,GCA_034845235.1,,,Complete Genome,2865,1708342,1708342,ftp://ftp.ncbi.nlm.nih.gov/genomes/all/GCA/034/845/235/GCA_034845235.1_ASM3484523v1,
HPGP_GLOBAL,HpGP-USA-417,SAMN19990645,GCA_034844395.1,GCA_034844395.1,,,Complete Genome,3264,1600040,1600040,ftp://ftp.ncbi.nlm.nih.gov/genomes/all/GCA/034/844/395/GCA_034844395.1_ASM3484439v1,
HPGP_GLOBAL,HpGP-USA-418,SAMN19990646,GCA_034843485.1,GCA_034843485.1,,,Complete Genome,2892,1678440,1678440,ftp://ftp.ncbi.nlm.nih.gov/genomes/all/GCA/034/843/485/GCA_034843485.1_ASM3484348v1,
HPGP_GLOBAL,HpGP-USA-419,SAMN19990647,GCA_034842515.1,GCA_034842515.1,,,Complete Genome,2205,1637921,1637921,ftp://ftp.ncbi.nlm.nih.gov/genomes/all/GCA/034/842/515/GCA_034842515.1_ASM3484251v1,
HPGP_GLOBAL,HpGP-USA-420,SAMN19990648,GCA_034841665.1,GCA_034841665.1,,,Complete Genome,3932,1619626,1619626,ftp://ftp.ncbi.nlm.nih.gov/genomes/all/GCA/034/841/665/GCA_034841665.1_ASM3484166v1,
HPGP_GLOBAL,HpGP-USA-421,SAMN19990649,GCA_034840715.1,GCA_034840715.1,,,Complete Genome,2568,1705617,1705617,ftp://ftp.ncbi.nlm.nih.gov/genomes/all/GCA/034/840/715/GCA_034840715.1_ASM3484071v1,
HPGP_GLOBAL,HpGP-USA-422,SAMN19990650,GCA_034840135.1,GCA_034840135.1,,,Complete Genome,2422,1602979,1602979,ftp://ftp.ncbi.nlm.nih.gov/genomes/all/GCA/034/840/135/GCA_034840135.1_ASM3484013v1,
HPGP_GLOBAL,HpGP-USA-423,SAMN19990651,GCA_034839655.1,GCA_034839655.1,,,Complete Genome,3452,1708388,1708388,ftp://ftp.ncbi.nlm.nih.gov/genomes/all/GCA/034/839/655/GCA_034839655.1_ASM3483965v1,
HPGP_GLOBAL,HpGP-USA-424,SAMN19990652,GCA_034839195.1,GCA_034839195.1,,,Complete Genome,3150,1693869,1693869,ftp://ftp.ncbi.nlm.nih.gov/genomes/all/GCA/034/839/195/GCA_034839195.1_ASM3483919v1,
HPGP_GLOBAL,HpGP-USA-425,SAMN19990653,GCA_034839015.1,GCA_034839015.1,,,Complete Genome,1294,1634046,1634046,ftp://ftp.ncbi.nlm.nih.gov/genomes/all/GCA/034/839/015/GCA_034839015.1_ASM3483901v1,
HPGP_GLOBAL,HpGP-USA-427,SAMN19990654,GCA_034838255.1,GCA_034838255.1,,,Complete Genome,2984,1664784,1664784,ftp://ftp.ncbi.nlm.nih.gov/genomes/all/GCA/034/838/255/GCA_034838255.1_ASM3483825v1,
HPGP_GLOBAL,HpGP-USA-428,SAMN19990655,GCA_034837435.1,GCA_034837435.1,,,Complete Genome,2896,1645978,1645978,ftp://ftp.ncbi.nlm.nih.gov/genomes/all/GCA/034/837/435/GCA_034837435.1_ASM3483743v1,
HPGP_GLOBAL,HpGP-USA-431,SAMN19990656,GCA_034836975.1,GCA_034836975.1,,,Complete Genome,3577,1633596,1633596,ftp://ftp.ncbi.nlm.nih.gov/genomes/all/GCA/034/836/975/GCA_034836975.1_ASM3483697v1,
HPGP_GLOBAL,HpGP-USA-432,SAMN19990657,GCA_034836235.1,GCA_034836235.1,,,Complete Genome,2394,1652580,1652580,ftp://ftp.ncbi.nlm.nih.gov/genomes/all/GCA/034/836/235/GCA_034836235.1_ASM3483623v1,
HPGP_GLOBAL,HpGP-USA-433,SAMN19990658,GCA_034836095.1,GCA_034836095.1,,,Complete Genome,3061,1709495,1709495,ftp://ftp.ncbi.nlm.nih.gov/genomes/all/GCA/034/836/095/GCA_034836095.1_ASM3483609v1,
HPGP_GLOBAL,HpGP-USA-434,SAMN19990659,GCA_034836075.1,GCA_034836075.1,,,Complete Genome,2232,1658170,1658170,ftp://ftp.ncbi.nlm.nih.gov/genomes/all/GCA/034/836/075/GCA_034836075.1_ASM3483607v1,
HPGP_GLOBAL,HpGP-USA-435,SAMN19990660,GCA_034835955.1,GCA_034835955.1,,,Complete Genome,3146,1608050,1608050,ftp://ftp.ncbi.nlm.nih.gov/genomes/all/GCA/034/835/955/GCA_034835955.1_ASM3483595v1,
HPGP_GLOBAL,HpGP-USA-436,SAMN19990661,GCA_034835795.1,GCA_034835795.1,,,Complete Genome,1686,1659076,1659076,ftp://ftp.ncbi.nlm.nih.gov/genomes/all/GCA/034/835/795/GCA_034835795.1_ASM3483579v1,
HPGP_GLOBAL,HpGP-USA-437,SAMN19990662,GCA_034835755.1,GCA_034835755.1,,,Complete Genome,2989,1623941,1623941,ftp://ftp.ncbi.nlm.nih.gov/genomes/all/GCA/034/835/755/GCA_034835755.1_ASM3483575v1,
HPGP_GLOBAL,HpGP-VNM-001,SAMN19990663,GCA_034835695.1,GCA_034835695.1,,,Complete Genome,1124,1596868,1596868,ftp://ftp.ncbi.nlm.nih.gov/genomes/all/GCA/034/835/695/GCA_034835695.1_ASM3483569v1,
HPGP_GLOBAL,HpGP-VNM-002,SAMN19990664,GCA_034835535.1,GCA_034835535.1,,,Complete Genome,1065,1631882,1631882,ftp://ftp.ncbi.nlm.nih.gov/genomes/all/GCA/034/835/535/GCA_034835535.1_ASM3483553v1,
HPGP_GLOBAL,HpGP-VNM-003,SAMN19990665,GCA_034834795.1,GCA_034834795.1,,,Complete Genome,1119,1611431,1611431,ftp://ftp.ncbi.nlm.nih.gov/genomes/all/GCA/034/834/795/GCA_034834795.1_ASM3483479v1,
HPGP_GLOBAL,HpGP-VNM-004,SAMN19990666,GCA_034833675.1,GCA_034833675.1,,,Complete Genome,940,1585182,1585182,ftp://ftp.ncbi.nlm.nih.gov/genomes/all/GCA/034/833/675/GCA_034833675.1_ASM3483367v1,
HPGP_GLOBAL,HpGP-VNM-005,SAMN19990667,GCA_034831555.1,GCA_034831555.1,,,Complete Genome,1060,1600824,1600824,ftp://ftp.ncbi.nlm.nih.gov/genomes/all/GCA/034/831/555/GCA_034831555.1_ASM3483155v1,
HPGP_GLOBAL,HpGP-VNM-006,SAMN19990668,GCA_034830845.1,GCA_034830845.1,,,Complete Genome,1008,1580195,1580195,ftp://ftp.ncbi.nlm.nih.gov/genomes/all/GCA/034/830/845/GCA_034830845.1_ASM3483084v1,
HPGP_GLOBAL,HpGP-VNM-007,SAMN19990669,GCA_034830045.1,GCA_034830045.1,,,Complete Genome,1018,1630186,1630186,ftp://ftp.ncbi.nlm.nih.gov/genomes/all/GCA/034/830/045/GCA_034830045.1_ASM3483004v1,
HPGP_GLOBAL,HpGP-VNM-008,SAMN19990670,GCA_034829085.1,GCA_034829085.1,,,Complete Genome,955,1583308,1583308,ftp://ftp.ncbi.nlm.nih.gov/genomes/all/GCA/034/829/085/GCA_034829085.1_ASM3482908v1,
HPGP_GLOBAL,HpGP-VNM-009,SAMN19990671,GCA_034828105.1,GCA_034828105.1,,,Complete Genome,626,1618330,1618330,ftp://ftp.ncbi.nlm.nih.gov/genomes/all/GCA/034/828/105/GCA_034828105.1_ASM3482810v1,
HPGP_GLOBAL,HpGP-ZAF-001,SAMN19990672,GCA_034827045.1,GCA_034827045.1,,,Complete Genome,237,1714499,1714499,ftp://ftp.ncbi.nlm.nih.gov/genomes/all/GCA/034/827/045/GCA_034827045.1_ASM3482704v1,
HPGP_GLOBAL,HpGP-ZAF-002,SAMN19990673,GCA_034825975.1,GCA_034825975.1,,,Complete Genome,308,1725063,1725063,ftp://ftp.ncbi.nlm.nih.gov/genomes/all/GCA/034/825/975/GCA_034825975.1_ASM3482597v1,
HPGP_GLOBAL,HpGP-ZAF-004,SAMN19990674,GCA_034825105.1,GCA_034825105.1,,,Complete Genome,357,1666673,1666673,ftp://ftp.ncbi.nlm.nih.gov/genomes/all/GCA/034/825/105/GCA_034825105.1_ASM3482510v1,
HPGP_GLOBAL,HpGP-ZAF-006,SAMN19990675,GCA_034824265.1,GCA_034824265.1,,,Complete Genome,278,1641225,1641225,ftp://ftp.ncbi.nlm.nih.gov/genomes/all/GCA/034/824/265/GCA_034824265.1_ASM3482426v1,
HPGP_GLOBAL,HpGP-ZAF-007,SAMN19990676,GCA_034823385.1,GCA_034823385.1,,,Complete Genome,276,1655871,1655871,ftp://ftp.ncbi.nlm.nih.gov/genomes/all/GCA/034/823/385/GCA_034823385.1_ASM3482338v1,
HPGP_GLOBAL,HpGP-ZAF-008,SAMN19990677,GCA_034822625.1,GCA_034822625.1,,,Complete Genome,328,1557316,1557316,ftp://ftp.ncbi.nlm.nih.gov/genomes/all/GCA/034/822/625/GCA_034822625.1_ASM3482262v1,
HPGP_GLOBAL,HpGP-ZAF-009,SAMN19990678,GCA_034821745.1,GCA_034821745.1,,,Complete Genome,345,1681930,1681930,ftp://ftp.ncbi.nlm.nih.gov/genomes/all/GCA/034/821/745/GCA_034821745.1_ASM3482174v1,
HPGP_GLOBAL,HpGP-ZAF-010,SAMN19990679,GCA_034820485.1,GCA_034820485.1,,,Complete Genome,351,1688654,1688654,ftp://ftp.ncbi.nlm.nih.gov/genomes/all/GCA/034/820/485/GCA_034820485.1_ASM3482048v1,
HPGP_GLOBAL,HpGP-ZAF-011,SAMN19990680,GCA_034819585.1,GCA_034819585.1,,,Complete Genome,2953,1723727,1723727,ftp://ftp.ncbi.nlm.nih.gov/genomes/all/GCA/034/819/585/GCA_034819585.1_ASM3481958v1,
HPGP_GLOBAL,HpGP-COL-208,SAMN19960010,GCA_034818005.1,GCA_034818005.1,,,Complete Genome,929,1668664,1668664,ftp://ftp.ncbi.nlm.nih.gov/genomes/all/GCA/034/818/005/GCA_034818005.1_ASM3481800v1,
HPGP_GLOBAL,HpGP-COL-209,SAMN19960011,GCA_034817365.1,GCA_034817365.1,,,Complete Genome,1374,1596433,1596433,ftp://ftp.ncbi.nlm.nih.gov/genomes/all/GCA/034/817/365/GCA_034817365.1_ASM3481736v1,
HPGP_GLOBAL,HpGP-COL-210,SAMN19960012,GCA_034816845.1,GCA_034816845.1,,,Complete Genome,886,1640247,1640247,ftp://ftp.ncbi.nlm.nih.gov/genomes/all/GCA/034/816/845/GCA_034816845.1_ASM3481684v1,
HPGP_GLOBAL,HpGP-COL-211,SAMN19960013,GCA_034816185.1,GCA_034816185.1,,,Complete Genome,1040,1679305,1679305,ftp://ftp.ncbi.nlm.nih.gov/genomes/all/GCA/034/816/185/GCA_034816185.1_ASM3481618v1,
HPGP_GLOBAL,HpGP-COL-301,SAMN19960014,GCA_034815525.1,GCA_034815525.1,,,Complete Genome,1056,1653492,1653492,ftp://ftp.ncbi.nlm.nih.gov/genomes/all/GCA/034/815/525/GCA_034815525.1_ASM3481552v1,
HPGP_GLOBAL,HpGP-COL-302,SAMN19960015,GCA_034814885.1,GCA_034814885.1,,,Complete Genome,1387,1699172,1699172,ftp://ftp.ncbi.nlm.nih.gov/genomes/all/GCA/034/814/885/GCA_034814885.1_ASM3481488v1,
HPGP_GLOBAL,HpGP-COL-303,SAMN19960016,GCA_034814305.1,GCA_034814305.1,,,Complete Genome,984,1595142,1595142,ftp://ftp.ncbi.nlm.nih.gov/genomes/all/GCA/034/814/305/GCA_034814305.1_ASM3481430v1,
HPGP_GLOBAL,HpGP-COL-305,SAMN19960017,GCA_034813705.1,GCA_034813705.1,,,Complete Genome,1554,1605130,1605130,ftp://ftp.ncbi.nlm.nih.gov/genomes/all/GCA/034/813/705/GCA_034813705.1_ASM3481370v1,
HPGP_GLOBAL,HpGP-COL-306,SAMN19960018,GCA_034812865.1,GCA_034812865.1,,,Complete Genome,1084,1669212,1669212,ftp://ftp.ncbi.nlm.nih.gov/genomes/all/GCA/034/812/865/GCA_034812865.1_ASM3481286v1,
HPGP_GLOBAL,HpGP-COL-307,SAMN19960019,GCA_034811785.1,GCA_034811785.1,,,Complete Genome,918,1637697,1637697,ftp://ftp.ncbi.nlm.nih.gov/genomes/all/GCA/034/811/785/GCA_034811785.1_ASM3481178v1,
HPGP_GLOBAL,HpGP-COL-308,SAMN19960020,GCA_034811165.1,GCA_034811165.1,,,Complete Genome,1369,1677156,1677156,ftp://ftp.ncbi.nlm.nih.gov/genomes/all/GCA/034/811/165/GCA_034811165.1_ASM3481116v1,
HPGP_GLOBAL,HpGP-COL-309,SAMN19960021,GCA_034810505.1,GCA_034810505.1,,,Complete Genome,1013,1676111,1676111,ftp://ftp.ncbi.nlm.nih.gov/genomes/all/GCA/034/810/505/GCA_034810505.1_ASM3481050v1,
HPGP_GLOBAL,HpGP-COL-310,SAMN19960022,GCA_034809925.1,GCA_034809925.1,,,Complete Genome,874,1602856,1602856,ftp://ftp.ncbi.nlm.nih.gov/genomes/all/GCA/034/809/925/GCA_034809925.1_ASM3480992v1,
HPGP_GLOBAL,HpGP-COL-318,SAMN19960023,GCA_034809805.1,GCA_034809805.1,,,Complete Genome,938,1623515,1623515,ftp://ftp.ncbi.nlm.nih.gov/genomes/all/GCA/034/809/805/GCA_034809805.1_ASM3480980v1,
HPGP_GLOBAL,HpGP-CRI-001,SAMN19960024,GCA_034809765.1,GCA_034809765.1,,,Complete Genome,790,1659188,1659188,ftp://ftp.ncbi.nlm.nih.gov/genomes/all/GCA/034/809/765/GCA_034809765.1_ASM3480976v1,
HPGP_GLOBAL,HpGP-CRI-002,SAMN19960025,GCA_034809745.1,GCA_034809745.1,,,Complete Genome,940,1701407,1701407,ftp://ftp.ncbi.nlm.nih.gov/genomes/all/GCA/034/809/745/GCA_034809745.1_ASM3480974v1,
HPGP_GLOBAL,HpGP-CRI-003,SAMN19960026,GCA_034809725.1,GCA_034809725.1,,,Complete Genome,1352,1660715,1660715,ftp://ftp.ncbi.nlm.nih.gov/genomes/all/GCA/034/809/725/GCA_034809725.1_ASM3480972v1,
HPGP_GLOBAL,HpGP-CRI-004,SAMN19960027,GCA_034809705.1,GCA_034809705.1,,,Complete Genome,1423,1648254,1648254,ftp://ftp.ncbi.nlm.nih.gov/genomes/all/GCA/034/809/705/GCA_034809705.1_ASM3480970v1,
HPGP_GLOBAL,HpGP-CRI-005,SAMN19960028,GCA_034809685.1,GCA_034809685.1,,,Complete Genome,536,1736392,1736392,ftp://ftp.ncbi.nlm.nih.gov/genomes/all/GCA/034/809/685/GCA_034809685.1_ASM3480968v1,
HPGP_GLOBAL,HpGP-CRI-006,SAMN19960029,GCA_034809665.1,GCA_034809665.1,,,Complete Genome,665,1676547,1676547,ftp://ftp.ncbi.nlm.nih.gov/genomes/all/GCA/034/809/665/GCA_034809665.1_ASM3480966v1,
HPGP_GLOBAL,HpGP-CRI-007,SAMN19960030,GCA_034809645.1,GCA_034809645.1,,,Complete Genome,811,1653472,1653472,ftp://ftp.ncbi.nlm.nih.gov/genomes/all/GCA/034/809/645/GCA_034809645.1_ASM3480964v1,
HPGP_GLOBAL,HpGP-CRI-008,SAMN19960031,GCA_034809625.1,GCA_034809625.1,,,Complete Genome,478,1708770,1708770,ftp://ftp.ncbi.nlm.nih.gov/genomes/all/GCA/034/809/625/GCA_034809625.1_ASM3480962v1,
HPGP_GLOBAL,HpGP-DOM-001,SAMN19960032,GCA_034809605.1,GCA_034809605.1,,,Complete Genome,798,1623434,1623434,ftp://ftp.ncbi.nlm.nih.gov/genomes/all/GCA/034/809/605/GCA_034809605.1_ASM3480960v1,
HPGP_GLOBAL,HpGP-DOM-002,SAMN19960033,GCA_034809585.1,GCA_034809585.1,,,Complete Genome,634,1666468,1666468,ftp://ftp.ncbi.nlm.nih.gov/genomes/all/GCA/034/809/585/GCA_034809585.1_ASM3480958v1,
HPGP_GLOBAL,HpGP-DOM-004,SAMN19960035,GCA_034809565.1,GCA_034809565.1,,,Complete Genome,1059,1630599,1630599,ftp://ftp.ncbi.nlm.nih.gov/genomes/all/GCA/034/809/565/GCA_034809565.1_ASM3480956v1,
HPGP_GLOBAL,HpGP-CHI-001,SAMN11280799,GCA_034809505.1,GCA_034809505.1,,,Complete Genome,1081,1641691,1641691,ftp://ftp.ncbi.nlm.nih.gov/genomes/all/GCA/034/809/505/GCA_034809505.1_ASM3480950v1,
HPGP_GLOBAL,HpGP-CHI-002,SAMN11280803,GCA_034809485.1,GCA_034809485.1,,,Complete Genome,1139,1619936,1619936,ftp://ftp.ncbi.nlm.nih.gov/genomes/all/GCA/034/809/485/GCA_034809485.1_ASM3480948v1,
HPGP_GLOBAL,HpGP-CHI-004,SAMN11288411,GCA_034809465.1,GCA_034809465.1,,,Complete Genome,942,1648441,1648441,ftp://ftp.ncbi.nlm.nih.gov/genomes/all/GCA/034/809/465/GCA_034809465.1_ASM3480946v1,
HPGP_GLOBAL,HpGP-CHI-005,SAMN11288412,GCA_034809445.1,GCA_034809445.1,,,Complete Genome,1029,1663842,1663842,ftp://ftp.ncbi.nlm.nih.gov/genomes/all/GCA/034/809/445/GCA_034809445.1_ASM3480944v1,
HPGP_GLOBAL,HpGP-CHI-006,SAMN11288429,GCA_034809425.1,GCA_034809425.1,,,Complete Genome,1656,1639194,1639194,ftp://ftp.ncbi.nlm.nih.gov/genomes/all/GCA/034/809/425/GCA_034809425.1_ASM3480942v1,
HPGP_GLOBAL,HpGP-CHI-007,SAMN11288431,GCA_034809405.1,GCA_034809405.1,,,Complete Genome,1415,1605929,1605929,ftp://ftp.ncbi.nlm.nih.gov/genomes/all/GCA/034/809/405/GCA_034809405.1_ASM3480940v1,
HPGP_GLOBAL,HpGP-CHI-008,SAMN11288432,GCA_034809385.1,GCA_034809385.1,,,Complete Genome,1398,1609626,1609626,ftp://ftp.ncbi.nlm.nih.gov/genomes/all/GCA/034/809/385/GCA_034809385.1_ASM3480938v1,
HPGP_GLOBAL,HpGP-CHI-011,SAMN11288467,GCA_034809365.1,GCA_034809365.1,,,Complete Genome,701,1710266,1710266,ftp://ftp.ncbi.nlm.nih.gov/genomes/all/GCA/034/809/365/GCA_034809365.1_ASM3480936v1,
HPGP_GLOBAL,HpGP-CHI-014,SAMN12232456,GCA_034809045.1,GCA_034809045.1,,,Complete Genome,1127,1663539,1663539,ftp://ftp.ncbi.nlm.nih.gov/genomes/all/GCA/034/809/045/GCA_034809045.1_ASM3480904v1,
HPGP_GLOBAL,HpGP-CHI-016,SAMN12232457,GCA_034807725.1,GCA_034807725.1,,,Complete Genome,339,1592973,1592973,ftp://ftp.ncbi.nlm.nih.gov/genomes/all/GCA/034/807/725/GCA_034807725.1_ASM3480772v1,
HPGP_GLOBAL,HpGP-CHI-017,SAMN11288478,GCA_034806865.1,GCA_034806865.1,,,Complete Genome,1162,1646264,1646264,ftp://ftp.ncbi.nlm.nih.gov/genomes/all/GCA/034/806/865/GCA_034806865.1_ASM3480686v1,
HPGP_GLOBAL,HpGP-CHI-018,SAMN11288479,GCA_034806065.1,GCA_034806065.1,,,Complete Genome,1180,1672193,1672193,ftp://ftp.ncbi.nlm.nih.gov/genomes/all/GCA/034/806/065/GCA_034806065.1_ASM3480606v1,
HPGP_GLOBAL,HpGP-CHI-021,SAMN11288498,GCA_034805205.1,GCA_034805205.1,,,Complete Genome,1131,1703098,1703098,ftp://ftp.ncbi.nlm.nih.gov/genomes/all/GCA/034/805/205/GCA_034805205.1_ASM3480520v1,
HPGP_GLOBAL,HpGP-CHI-023,SAMN11288627,GCA_034804365.1,GCA_034804365.1,,,Complete Genome,1607,1694593,1694593,ftp://ftp.ncbi.nlm.nih.gov/genomes/all/GCA/034/804/365/GCA_034804365.1_ASM3480436v1,
HPGP_GLOBAL,HpGP-CHI-024,SAMN11300436,GCA_034803245.1,GCA_034803245.1,,,Complete Genome,1236,1642516,1642516,ftp://ftp.ncbi.nlm.nih.gov/genomes/all/GCA/034/803/245/GCA_034803245.1_ASM3480324v1,
HPGP_GLOBAL,HpGP-CHI-026,SAMN11300437,GCA_034802265.1,GCA_034802265.1,,,Complete Genome,1275,1680335,1680335,ftp://ftp.ncbi.nlm.nih.gov/genomes/all/GCA/034/802/265/GCA_034802265.1_ASM3480226v1,
HPGP_GLOBAL,HpGP-CHI-027,SAMN11300707,GCA_034801205.1,GCA_034801205.1,,,Complete Genome,1615,1634332,1634332,ftp://ftp.ncbi.nlm.nih.gov/genomes/all/GCA/034/801/205/GCA_034801205.1_ASM3480120v1,
HPGP_GLOBAL,HpGP-CHI-028,SAMN11300438,GCA_034800165.1,GCA_034800165.1,,,Complete Genome,1523,1714808,1714808,ftp://ftp.ncbi.nlm.nih.gov/genomes/all/GCA/034/800/165/GCA_034800165.1_ASM3480016v1,
HPGP_GLOBAL,HpGP-CHI-102,SAMN11300439,GCA_034799185.1,GCA_034799185.1,,,Complete Genome,1496,1626475,1626475,ftp://ftp.ncbi.nlm.nih.gov/genomes/all/GCA/034/799/185/GCA_034799185.1_ASM3479918v1,
HPGP_GLOBAL,HpGP-CHI-104,SAMN11301504,GCA_034798345.1,GCA_034798345.1,,,Complete Genome,1289,1627884,1627884,ftp://ftp.ncbi.nlm.nih.gov/genomes/all/GCA/034/798/345/GCA_034798345.1_ASM3479834v1,
HPGP_GLOBAL,HpGP-CHI-105,SAMN11301981,GCA_034797485.1,GCA_034797485.1,,,Complete Genome,1265,1514191,1514191,ftp://ftp.ncbi.nlm.nih.gov/genomes/all/GCA/034/797/485/GCA_034797485.1_ASM3479748v1,
HPGP_GLOBAL,HpGP-CHI-106,SAMN11301505,GCA_034796585.1,GCA_034796585.1,,,Complete Genome,724,1609314,1609314,ftp://ftp.ncbi.nlm.nih.gov/genomes/all/GCA/034/796/585/GCA_034796585.1_ASM3479658v1,
HPGP_GLOBAL,HpGP-CHI-107,SAMN11301506,GCA_034795745.1,GCA_034795745.1,,,Complete Genome,1236,1679381,1679381,ftp://ftp.ncbi.nlm.nih.gov/genomes/all/GCA/034/795/745/GCA_034795745.1_ASM3479574v1,
HPGP_GLOBAL,HpGP-CHI-113,SAMN11301507,GCA_034795005.1,GCA_034795005.1,,,Complete Genome,1044,1612588,1612588,ftp://ftp.ncbi.nlm.nih.gov/genomes/all/GCA/034/795/005/GCA_034795005.1_ASM3479500v1,
HPGP_GLOBAL,HpGP-CHI-114,SAMN12232482,GCA_034793895.1,GCA_034793895.1,,,Complete Genome,1234,1680447,1680447,ftp://ftp.ncbi.nlm.nih.gov/genomes/all/GCA/034/793/895/GCA_034793895.1_ASM3479389v1,
HPGP_GLOBAL,HpGP-CHI-116,SAMN11302114,GCA_034792645.1,GCA_034792645.1,,,Complete Genome,1646,1488262,1488262,ftp://ftp.ncbi.nlm.nih.gov/genomes/all/GCA/034/792/645/GCA_034792645.1_ASM3479264v1,
HPGP_GLOBAL,HpGP-CHI-117,SAMN11301508,GCA_034791085.1,GCA_034791085.1,,,Complete Genome,1241,1675640,1675640,ftp://ftp.ncbi.nlm.nih.gov/genomes/all/GCA/034/791/085/GCA_034791085.1_ASM3479108v1,
HPGP_GLOBAL,HpGP-CHI-119,SAMN11301509,GCA_034790615.1,GCA_034790615.1,,,Complete Genome,1504,1687539,1687539,ftp://ftp.ncbi.nlm.nih.gov/genomes/all/GCA/034/790/615/GCA_034790615.1_ASM3479061v1,
HPGP_GLOBAL,HpGP-CHI-120,SAMN11302201,GCA_034789725.1,GCA_034789725.1,,,Complete Genome,2906,1642560,1642560,ftp://ftp.ncbi.nlm.nih.gov/genomes/all/GCA/034/789/725/GCA_034789725.1_ASM3478972v1,
HPGP_GLOBAL,HpGP-CHI-122,SAMN11302278,GCA_034788905.1,GCA_034788905.1,,,Complete Genome,1608,1723149,1723149,ftp://ftp.ncbi.nlm.nih.gov/genomes/all/GCA/034/788/905/GCA_034788905.1_ASM3478890v1,
HPGP_GLOBAL,HpGP-CHI-123,SAMN11301510,GCA_034788045.1,GCA_034788045.1,,,Complete Genome,1906,1658612,1658612,ftp://ftp.ncbi.nlm.nih.gov/genomes/all/GCA/034/788/045/GCA_034788045.1_ASM3478804v1,
HPGP_GLOBAL,HpGP-CHI-124,SAMN11301511,GCA_034787205.1,GCA_034787205.1,,,Complete Genome,1305,1678636,1678636,ftp://ftp.ncbi.nlm.nih.gov/genomes/all/GCA/034/787/205/GCA_034787205.1_ASM3478720v1,
HPGP_GLOBAL,HpGP-CHI-125,SAMN11302344,GCA_034786385.1,GCA_034786385.1,,,Complete Genome,1690,1701069,1701069,ftp://ftp.ncbi.nlm.nih.gov/genomes/all/GCA/034/786/385/GCA_034786385.1_ASM3478638v1,
HPGP_GLOBAL,HpGP-CHI-126,SAMN11301512,GCA_034785555.1,GCA_034785555.1,,,Complete Genome,2237,1665175,1665175,ftp://ftp.ncbi.nlm.nih.gov/genomes/all/GCA/034/785/555/GCA_034785555.1_ASM3478555v1,
HPGP_GLOBAL,HpGP-CHI-127,SAMN11301513,GCA_034784515.1,GCA_034784515.1,,,Complete Genome,1377,1709795,1709795,ftp://ftp.ncbi.nlm.nih.gov/genomes/all/GCA/034/784/515/GCA_034784515.1_ASM3478451v1,
HPGP_GLOBAL,HpGP-ARG-009,SAMN19959886,GCA_034783535.1,GCA_034783535.1,,,Complete Genome,1219,1600015,1600015,ftp://ftp.ncbi.nlm.nih.gov/genomes/all/GCA/034/783/535/GCA_034783535.1_ASM3478353v1,
HPGP_GLOBAL,HpGP-ARG-010,SAMN19959887,GCA_034781135.1,GCA_034781135.1,,,Complete Genome,1103,1612084,1612084,ftp://ftp.ncbi.nlm.nih.gov/genomes/all/GCA/034/781/135/GCA_034781135.1_ASM3478113v1,
HPGP_GLOBAL,HpGP-BGD-001,SAMN19959888,GCA_034779815.1,GCA_034779815.1,,,Complete Genome,577,1612523,1612523,ftp://ftp.ncbi.nlm.nih.gov/genomes/all/GCA/034/779/815/GCA_034779815.1_ASM3477981v1,
HPGP_GLOBAL,HpGP-BGD-002,SAMN19959889,GCA_034778735.1,GCA_034778735.1,,,Complete Genome,630,1620609,1620609,ftp://ftp.ncbi.nlm.nih.gov/genomes/all/GCA/034/778/735/GCA_034778735.1_ASM3477873v1,
HPGP_GLOBAL,HpGP-BGD-003,SAMN19959890,GCA_034777615.1,GCA_034777615.1,,,Complete Genome,921,1606958,1606958,ftp://ftp.ncbi.nlm.nih.gov/genomes/all/GCA/034/777/615/GCA_034777615.1_ASM3477761v1,
HPGP_GLOBAL,HpGP-BGD-004,SAMN19959891,GCA_034776775.1,GCA_034776775.1,,,Complete Genome,782,1682188,1682188,ftp://ftp.ncbi.nlm.nih.gov/genomes/all/GCA/034/776/775/GCA_034776775.1_ASM3477677v1,
HPGP_GLOBAL,HpGP-BGD-005,SAMN19959892,GCA_034775535.1,GCA_034775535.1,,,Complete Genome,544,1737942,1737942,ftp://ftp.ncbi.nlm.nih.gov/genomes/all/GCA/034/775/535/GCA_034775535.1_ASM3477553v1,
HPGP_GLOBAL,HpGP-BGD-006,SAMN19959893,GCA_034774995.1,GCA_034774995.1,,,Complete Genome,689,1565314,1565314,ftp://ftp.ncbi.nlm.nih.gov/genomes/all/GCA/034/774/995/GCA_034774995.1_ASM3477499v1,
HPGP_GLOBAL,HpGP-BGD-007,SAMN19959894,GCA_034773915.1,GCA_034773915.1,,,Complete Genome,609,1664652,1664652,ftp://ftp.ncbi.nlm.nih.gov/genomes/all/GCA/034/773/915/GCA_034773915.1_ASM3477391v1,
HPGP_GLOBAL,HpGP-BGD-008,SAMN19959895,GCA_034772955.1,GCA_034772955.1,,,Complete Genome,773,1564065,1564065,ftp://ftp.ncbi.nlm.nih.gov/genomes/all/GCA/034/772/955/GCA_034772955.1_ASM3477295v1,
HPGP_GLOBAL,HpGP-BGD-009,SAMN19959896,GCA_034772055.1,GCA_034772055.1,,,Complete Genome,642,1649213,1649213,ftp://ftp.ncbi.nlm.nih.gov/genomes/all/GCA/034/772/055/GCA_034772055.1_ASM3477205v1,
HPGP_GLOBAL,HpGP-BGD-010,SAMN19959897,GCA_034771215.1,GCA_034771215.1,,,Complete Genome,864,1565774,1565774,ftp://ftp.ncbi.nlm.nih.gov/genomes/all/GCA/034/771/215/GCA_034771215.1_ASM3477121v1,
HPGP_GLOBAL,HpGP-BGR-001,SAMN19959898,GCA_034770325.1,GCA_034770325.1,,,Complete Genome,3939,1651693,1651693,ftp://ftp.ncbi.nlm.nih.gov/genomes/all/GCA/034/770/325/GCA_034770325.1_ASM3477032v1,
HPGP_GLOBAL,HpGP-BGR-003,SAMN19959899,GCA_034768985.1,GCA_034768985.1,,,Complete Genome,1407,1686987,1686987,ftp://ftp.ncbi.nlm.nih.gov/genomes/all/GCA/034/768/985/GCA_034768985.1_ASM3476898v1,
HPGP_GLOBAL,HpGP-BGR-004,SAMN19959900,GCA_034767875.1,GCA_034767875.1,,,Complete Genome,1283,1635625,1635625,ftp://ftp.ncbi.nlm.nih.gov/genomes/all/GCA/034/767/875/GCA_034767875.1_ASM3476787v1,
HPGP_GLOBAL,HpGP-BGR-005,SAMN19959901,GCA_034766875.1,GCA_034766875.1,,,Complete Genome,1318,1722628,1722628,ftp://ftp.ncbi.nlm.nih.gov/genomes/all/GCA/034/766/875/GCA_034766875.1_ASM3476687v1,
HPGP_GLOBAL,HpGP-BGR-006,SAMN19959902,GCA_034765755.1,GCA_034765755.1,,,Complete Genome,999,1643011,1643011,ftp://ftp.ncbi.nlm.nih.gov/genomes/all/GCA/034/765/755/GCA_034765755.1_ASM3476575v1,
HPGP_GLOBAL,HpGP-BGR-007,SAMN19959903,GCA_034764815.1,GCA_034764815.1,,,Complete Genome,2899,1683336,1683336,ftp://ftp.ncbi.nlm.nih.gov/genomes/all/GCA/034/764/815/GCA_034764815.1_ASM3476481v1,
HPGP_GLOBAL,HpGP-BGR-008,SAMN19959904,GCA_034763675.1,GCA_034763675.1,,,Complete Genome,2774,1629022,1629022,ftp://ftp.ncbi.nlm.nih.gov/genomes/all/GCA/034/763/675/GCA_034763675.1_ASM3476367v1,
HPGP_GLOBAL,HpGP-BGR-010,SAMN19959905,GCA_034762675.1,GCA_034762675.1,,,Complete Genome,2461,1604243,1604243,ftp://ftp.ncbi.nlm.nih.gov/genomes/all/GCA/034/762/675/GCA_034762675.1_ASM3476267v1,
HPGP_GLOBAL,HpGP-BRA-001,SAMN19959906,GCA_034761835.1,GCA_034761835.1,,,Complete Genome,853,1650493,1650493,ftp://ftp.ncbi.nlm.nih.gov/genomes/all/GCA/034/761/835/GCA_034761835.1_ASM3476183v1,
HPGP_GLOBAL,HpGP-BRA-002,SAMN19959907,GCA_034760955.1,GCA_034760955.1,,,Complete Genome,1023,1649978,1649978,ftp://ftp.ncbi.nlm.nih.gov/genomes/all/GCA/034/760/955/GCA_034760955.1_ASM3476095v1,
HPGP_GLOBAL,HpGP-BRA-003,SAMN19959908,GCA_034760115.1,GCA_034760115.1,,,Complete Genome,1239,1620699,1620699,ftp://ftp.ncbi.nlm.nih.gov/genomes/all/GCA/034/760/115/GCA_034760115.1_ASM3476011v1,
HPGP_GLOBAL,HpGP-BRA-004,SAMN19959909,GCA_034758895.1,GCA_034758895.1,,,Complete Genome,1011,1609347,1609347,ftp://ftp.ncbi.nlm.nih.gov/genomes/all/GCA/034/758/895/GCA_034758895.1_ASM3475889v1,
HPGP_GLOBAL,HpGP-BRA-005,SAMN19959910,GCA_034758315.1,GCA_034758315.1,,,Complete Genome,270,1659707,1659707,ftp://ftp.ncbi.nlm.nih.gov/genomes/all/GCA/034/758/315/GCA_034758315.1_ASM3475831v1,
HPGP_GLOBAL,HpGP-BRA-006,SAMN19959911,GCA_034757175.1,GCA_034757175.1,,,Complete Genome,219,1674090,1674090,ftp://ftp.ncbi.nlm.nih.gov/genomes/all/GCA/034/757/175/GCA_034757175.1_ASM3475717v1,
HPGP_GLOBAL,HpGP-BRA-007,SAMN19959912,GCA_034755855.1,GCA_034755855.1,,,Complete Genome,330,1641034,1641034,ftp://ftp.ncbi.nlm.nih.gov/genomes/all/GCA/034/755/855/GCA_034755855.1_ASM3475585v1,
HPGP_GLOBAL,HpGP-BRA-008,SAMN19959913,GCA_034754375.1,GCA_034754375.1,,,Complete Genome,1220,1640553,1640553,ftp://ftp.ncbi.nlm.nih.gov/genomes/all/GCA/034/754/375/GCA_034754375.1_ASM3475437v1,
HPGP_GLOBAL,HpGP-BRA-009,SAMN19959914,GCA_034753475.1,GCA_034753475.1,,,Complete Genome,1611,1570607,1570607,ftp://ftp.ncbi.nlm.nih.gov/genomes/all/GCA/034/753/475/GCA_034753475.1_ASM3475347v1,
HPGP_GLOBAL,HpGP-BRA-010,SAMN19959915,GCA_034753215.1,GCA_034753215.1,,,Complete Genome,318,1676807,1676807,ftp://ftp.ncbi.nlm.nih.gov/genomes/all/GCA/034/753/215/GCA_034753215.1_ASM3475321v1,
HPGP_GLOBAL,HpGP-BRA-014,SAMN19959918,GCA_034752235.1,GCA_034752235.1,,,Complete Genome,579,1691857,1691857,ftp://ftp.ncbi.nlm.nih.gov/genomes/all/GCA/034/752/235/GCA_034752235.1_ASM3475223v1,
HPGP_GLOBAL,HpGP-BRA-012,SAMN19959916,GCA_034751095.1,GCA_034751095.1,,,Complete Genome,1202,1568559,1568559,ftp://ftp.ncbi.nlm.nih.gov/genomes/all/GCA/034/751/095/GCA_034751095.1_ASM3475109v1,
HPGP_GLOBAL,HpGP-BRA-013,SAMN19959917,GCA_034749875.1,GCA_034749875.1,,,Complete Genome,1061,1686871,1686871,ftp://ftp.ncbi.nlm.nih.gov/genomes/all/GCA/034/749/875/GCA_034749875.1_ASM3474987v1,
HPGP_GLOBAL,HpGP-BRA-015,SAMN19959919,GCA_034749055.1,GCA_034749055.1,,,Complete Genome,1052,1640823,1640823,ftp://ftp.ncbi.nlm.nih.gov/genomes/all/GCA/034/749/055/GCA_034749055.1_ASM3474905v1,
HPGP_GLOBAL,HpGP-BRA-017,SAMN19959920,GCA_034748115.1,GCA_034748115.1,,,Complete Genome,716,1611056,1611056,ftp://ftp.ncbi.nlm.nih.gov/genomes/all/GCA/034/748/115/GCA_034748115.1_ASM3474811v1,
HPGP_GLOBAL,HpGP-BRA-018,SAMN19959921,GCA_034747315.1,GCA_034747315.1,,,Complete Genome,1068,1660087,1660087,ftp://ftp.ncbi.nlm.nih.gov/genomes/all/GCA/034/747/315/GCA_034747315.1_ASM3474731v1,
HPGP_GLOBAL,HpGP-BRA-019,SAMN19959922,GCA_034746495.1,GCA_034746495.1,,,Complete Genome,955,1663543,1663543,ftp://ftp.ncbi.nlm.nih.gov/genomes/all/GCA/034/746/495/GCA_034746495.1_ASM3474649v1,
HPGP_GLOBAL,HpGP-BRA-020,SAMN19959923,GCA_034745675.1,GCA_034745675.1,,,Complete Genome,1017,1622043,1622043,ftp://ftp.ncbi.nlm.nih.gov/genomes/all/GCA/034/745/675/GCA_034745675.1_ASM3474567v1,
HPGP_GLOBAL,HpGP-BRA-022,SAMN19959924,GCA_034745655.1,GCA_034745655.1,,,Complete Genome,1127,1633843,1633843,ftp://ftp.ncbi.nlm.nih.gov/genomes/all/GCA/034/745/655/GCA_034745655.1_ASM3474565v1,
HPGP_GLOBAL,HpGP-BRA-023,SAMN19959925,GCA_034745635.1,GCA_034745635.1,,,Complete Genome,1036,1636227,1636227,ftp://ftp.ncbi.nlm.nih.gov/genomes/all/GCA/034/745/635/GCA_034745635.1_ASM3474563v1,
HPGP_GLOBAL,HpGP-BRA-025,SAMN19959926,GCA_034745615.1,GCA_034745615.1,,,Complete Genome,805,1658306,1658306,ftp://ftp.ncbi.nlm.nih.gov/genomes/all/GCA/034/745/615/GCA_034745615.1_ASM3474561v1,
HPGP_GLOBAL,HpGP-CAN-001,SAMN19959927,GCA_034745595.1,GCA_034745595.1,,,Complete Genome,809,1625325,1625325,ftp://ftp.ncbi.nlm.nih.gov/genomes/all/GCA/034/745/595/GCA_034745595.1_ASM3474559v1,
HPGP_GLOBAL,HpGP-CAN-002,SAMN19959928,GCA_034745575.1,GCA_034745575.1,,,Complete Genome,438,1681404,1681404,ftp://ftp.ncbi.nlm.nih.gov/genomes/all/GCA/034/745/575/GCA_034745575.1_ASM3474557v1,
HPGP_GLOBAL,HpGP-CAN-004,SAMN19959929,GCA_034745555.1,GCA_034745555.1,,,Complete Genome,815,1648710,1648710,ftp://ftp.ncbi.nlm.nih.gov/genomes/all/GCA/034/745/555/GCA_034745555.1_ASM3474555v1,
HPGP_GLOBAL,HpGP-CAN-006,SAMN19959930,GCA_034745535.1,GCA_034745535.1,,,Complete Genome,1101,1526349,1526349,ftp://ftp.ncbi.nlm.nih.gov/genomes/all/GCA/034/745/535/GCA_034745535.1_ASM3474553v1,
HPGP_GLOBAL,HpGP-CAN-007,SAMN19959931,GCA_034745515.1,GCA_034745515.1,,,Complete Genome,569,1550050,1550050,ftp://ftp.ncbi.nlm.nih.gov/genomes/all/GCA/034/745/515/GCA_034745515.1_ASM3474551v1,
HPGP_GLOBAL,HpGP-CAN-008,SAMN19959932,GCA_034745495.1,GCA_034745495.1,,,Complete Genome,3380,1676873,1676873,ftp://ftp.ncbi.nlm.nih.gov/genomes/all/GCA/034/745/495/GCA_034745495.1_ASM3474549v1,
HPGP_GLOBAL,HpGP-CAN-010,SAMN19959933,GCA_034745475.1,GCA_034745475.1,,,Complete Genome,618,1500054,1500054,ftp://ftp.ncbi.nlm.nih.gov/genomes/all/GCA/034/745/475/GCA_034745475.1_ASM3474547v1,
HPGP_GLOBAL,HpGP-CAN-011,SAMN19959934,GCA_034745235.1,GCA_034745235.1,,,Complete Genome,867,1523599,1523599,ftp://ftp.ncbi.nlm.nih.gov/genomes/all/GCA/034/745/235/GCA_034745235.1_ASM3474523v1,
HPGP_GLOBAL,HpGP-CAN-012,SAMN19959935,GCA_034743195.1,GCA_034743195.1,,,Complete Genome,644,1712659,1712659,ftp://ftp.ncbi.nlm.nih.gov/genomes/all/GCA/034/743/195/GCA_034743195.1_ASM3474319v1,
HPGP_GLOBAL,HpGP-CAN-014,SAMN19959936,GCA_034741135.1,GCA_034741135.1,,,Complete Genome,711,1678426,1678426,ftp://ftp.ncbi.nlm.nih.gov/genomes/all/GCA/034/741/135/GCA_034741135.1_ASM3474113v1,
HPGP_GLOBAL,HpGP-CAN-015,SAMN19959937,GCA_034739015.1,GCA_034739015.1,,,Complete Genome,882,1498341,1498341,ftp://ftp.ncbi.nlm.nih.gov/genomes/all/GCA/034/739/015/GCA_034739015.1_ASM3473901v1,
HPGP_GLOBAL,HpGP-CAN-016,SAMN19959938,GCA_034736935.1,GCA_034736935.1,,,Complete Genome,2922,1534483,1534483,ftp://ftp.ncbi.nlm.nih.gov/genomes/all/GCA/034/736/935/GCA_034736935.1_ASM3473693v1,
HPGP_GLOBAL,HpGP-CAN-017,SAMN19959939,GCA_034734955.1,GCA_034734955.1,,,Complete Genome,3277,1685229,1685229,ftp://ftp.ncbi.nlm.nih.gov/genomes/all/GCA/034/734/955/GCA_034734955.1_ASM3473495v1,
HPGP_GLOBAL,HpGP-CHI-207,SAMN19959951,GCA_034732355.1,GCA_034732355.1,,,Complete Genome,2211,1647762,1647762,ftp://ftp.ncbi.nlm.nih.gov/genomes/all/GCA/034/732/355/GCA_034732355.1_ASM3473235v1,
HPGP_GLOBAL,HpGP-CHI-204,SAMN19959950,GCA_034729665.1,GCA_034729665.1,,,Complete Genome,3217,1717428,1717428,ftp://ftp.ncbi.nlm.nih.gov/genomes/all/GCA/034/729/665/GCA_034729665.1_ASM3472966v1,
HPGP_GLOBAL,HpGP-CHI-208,SAMN19959952,GCA_034727055.1,GCA_034727055.1,,,Complete Genome,2356,1627837,1627837,ftp://ftp.ncbi.nlm.nih.gov/genomes/all/GCA/034/727/055/GCA_034727055.1_ASM3472705v1,
HPGP_GLOBAL,HpGP-CHI-209,SAMN19959953,GCA_034724305.1,GCA_034724305.1,,,Complete Genome,3217,1680211,1680211,ftp://ftp.ncbi.nlm.nih.gov/genomes/all/GCA/034/724/305/GCA_034724305.1_ASM3472430v1,
HPGP_GLOBAL,HpGP-CHI-210,SAMN19959954,GCA_034721655.1,GCA_034721655.1,,,Complete Genome,3821,1663484,1663484,ftp://ftp.ncbi.nlm.nih.gov/genomes/all/GCA/034/721/655/GCA_034721655.1_ASM3472165v1,
HPGP_GLOBAL,HpGP-CHI-212,SAMN19959955,GCA_034719555.1,GCA_034719555.1,,,Complete Genome,3208,1714691,1714691,ftp://ftp.ncbi.nlm.nih.gov/genomes/all/GCA/034/719/555/GCA_034719555.1_ASM3471955v1,
HPGP_GLOBAL,HpGP-CHN-001,SAMN19959956,GCA_034717015.1,GCA_034717015.1,,,Complete Genome,1388,1597930,1597930,ftp://ftp.ncbi.nlm.nih.gov/genomes/all/GCA/034/717/015/GCA_034717015.1_ASM3471701v1,
HPGP_GLOBAL,HpGP-CHN-002,SAMN19959957,GCA_034715615.1,GCA_034715615.1,,,Complete Genome,480,1583850,1583850,ftp://ftp.ncbi.nlm.nih.gov/genomes/all/GCA/034/715/615/GCA_034715615.1_ASM3471561v1,
HPGP_GLOBAL,HpGP-CHN-003,SAMN19959958,GCA_034714475.1,GCA_034714475.1,,,Complete Genome,426,1622740,1622740,ftp://ftp.ncbi.nlm.nih.gov/genomes/all/GCA/034/714/475/GCA_034714475.1_ASM3471447v1,
HPGP_GLOBAL,HpGP-CHN-004,SAMN19959959,GCA_034713495.1,GCA_034713495.1,,,Complete Genome,576,1584715,1584715,ftp://ftp.ncbi.nlm.nih.gov/genomes/all/GCA/034/713/495/GCA_034713495.1_ASM3471349v1,
HPGP_GLOBAL,HpGP-CHN-005,SAMN19959960,GCA_034712515.1,GCA_034712515.1,,,Complete Genome,588,1637091,1637091,ftp://ftp.ncbi.nlm.nih.gov/genomes/all/GCA/034/712/515/GCA_034712515.1_ASM3471251v1,
HPGP_GLOBAL,HpGP-CHN-006,SAMN19959961,GCA_034711735.1,GCA_034711735.1,,,Complete Genome,1583,1574747,1574747,ftp://ftp.ncbi.nlm.nih.gov/genomes/all/GCA/034/711/735/GCA_034711735.1_ASM3471173v1,
HPGP_GLOBAL,HpGP-CHN-007,SAMN19959962,GCA_034710915.1,GCA_034710915.1,,,Complete Genome,595,1587630,1587630,ftp://ftp.ncbi.nlm.nih.gov/genomes/all/GCA/034/710/915/GCA_034710915.1_ASM3471091v1,
HPGP_GLOBAL,HpGP-CHN-008,SAMN19959963,GCA_034710035.1,GCA_034710035.1,,,Complete Genome,614,1640011,1640011,ftp://ftp.ncbi.nlm.nih.gov/genomes/all/GCA/034/710/035/GCA_034710035.1_ASM3471003v1,
HPGP_GLOBAL,HpGP-CHN-009,SAMN19959964,GCA_034709195.1,GCA_034709195.1,,,Complete Genome,636,1577879,1577879,ftp://ftp.ncbi.nlm.nih.gov/genomes/all/GCA/034/709/195/GCA_034709195.1_ASM3470919v1,
HPGP_GLOBAL,HpGP-CHN-010,SAMN19959965,GCA_034707895.1,GCA_034707895.1,,,Complete Genome,599,1650269,1650269,ftp://ftp.ncbi.nlm.nih.gov/genomes/all/GCA/034/707/895/GCA_034707895.1_ASM3470789v1,
HPGP_GLOBAL,HpGP-COG-001,SAMN19959966,GCA_034706935.1,GCA_034706935.1,,,Complete Genome,536,1630386,1630386,ftp://ftp.ncbi.nlm.nih.gov/genomes/all/GCA/034/706/935/GCA_034706935.1_ASM3470693v1,
HPGP_GLOBAL,HpGP-COG-002,SAMN19959967,GCA_034705995.1,GCA_034705995.1,,,Complete Genome,545,1704117,1704117,ftp://ftp.ncbi.nlm.nih.gov/genomes/all/GCA/034/705/995/GCA_034705995.1_ASM3470599v1,
HPGP_GLOBAL,HpGP-CHI-010,SAMN11784160,GCA_034701225.1,GCA_034701225.1,,,Chromosome,950,1562344,1639546,ftp://ftp.ncbi.nlm.nih.gov/genomes/all/GCA/034/701/225/GCA_034701225.1_ASM3470122v1,
HPGP_GLOBAL,HpGP-CHI-110,SAMN12232481,GCA_034699335.1,GCA_034699335.1,,,Chromosome,2856,993199,1626782,ftp://ftp.ncbi.nlm.nih.gov/genomes/all/GCA/034/699/335/GCA_034699335.1_ASM3469933v1,
HPGP_GLOBAL,HpGP-ARG-002,SAMN18038692,GCA_034697585.1,GCA_034697585.1,,,Complete Genome,191,1639097,1639097,ftp://ftp.ncbi.nlm.nih.gov/genomes/all/GCA/034/697/585/GCA_034697585.1_ASM3469758v1,
HPGP_GLOBAL,HpGP-26695-ATCC,SAMN19959868,GCA_034695665.1,GCA_034695665.1,,,Complete Genome,456,1667920,1667920,ftp://ftp.ncbi.nlm.nih.gov/genomes/all/GCA/034/695/665/GCA_034695665.1_ASM3469566v1,
HPGP_GLOBAL,HpGP-ALG-001,SAMN19959869,GCA_034693425.1,GCA_034693425.1,,,Complete Genome,968,1631355,1631355,ftp://ftp.ncbi.nlm.nih.gov/genomes/all/GCA/034/693/425/GCA_034693425.1_ASM3469342v1,
HPGP_GLOBAL,HpGP-ALG-004,SAMN19959872,GCA_034692485.1,GCA_034692485.1,,,Complete Genome,2862,1636089,1636089,ftp://ftp.ncbi.nlm.nih.gov/genomes/all/GCA/034/692/485/GCA_034692485.1_ASM3469248v1,
HPGP_GLOBAL,HpGP-ALG-002,SAMN19959870,GCA_034692205.1,GCA_034692205.1,,,Complete Genome,1376,1636597,1636597,ftp://ftp.ncbi.nlm.nih.gov/genomes/all/GCA/034/692/205/GCA_034692205.1_ASM3469220v1,
HPGP_GLOBAL,HpGP-ALG-003,SAMN19959871,GCA_034691725.1,GCA_034691725.1,,,Complete Genome,834,1653596,1653596,ftp://ftp.ncbi.nlm.nih.gov/genomes/all/GCA/034/691/725/GCA_034691725.1_ASM3469172v1,
HPGP_GLOBAL,HpGP-ALG-005,SAMN19959873,GCA_034691625.1,GCA_034691625.1,,,Complete Genome,1045,1563520,1563520,ftp://ftp.ncbi.nlm.nih.gov/genomes/all/GCA/034/691/625/GCA_034691625.1_ASM3469162v1,
HPGP_GLOBAL,HpGP-ALG-006,SAMN19959874,GCA_034691325.1,GCA_034691325.1,,,Complete Genome,2831,1617933,1617933,ftp://ftp.ncbi.nlm.nih.gov/genomes/all/GCA/034/691/325/GCA_034691325.1_ASM3469132v1,
HPGP_GLOBAL,HpGP-ALG-007,SAMN19959875,GCA_034690485.1,GCA_034690485.1,,,Complete Genome,1607,1612412,1612412,ftp://ftp.ncbi.nlm.nih.gov/genomes/all/GCA/034/690/485/GCA_034690485.1_ASM3469048v1,
HPGP_GLOBAL,HpGP-ALG-008,SAMN19959876,GCA_034689985.1,GCA_034689985.1,,,Complete Genome,1054,1641827,1641827,ftp://ftp.ncbi.nlm.nih.gov/genomes/all/GCA/034/689/985/GCA_034689985.1_ASM3468998v1,
HPGP_GLOBAL,HpGP-ALG-009,SAMN19959877,GCA_034689205.1,GCA_034689205.1,,,Complete Genome,649,1584247,1584247,ftp://ftp.ncbi.nlm.nih.gov/genomes/all/GCA/034/689/205/GCA_034689205.1_ASM3468920v1,
HPGP_GLOBAL,HpGP-ALG-010,SAMN19959878,GCA_034688185.1,GCA_034688185.1,,,Complete Genome,400,1629562,1629562,ftp://ftp.ncbi.nlm.nih.gov/genomes/all/GCA/034/688/185/GCA_034688185.1_ASM3468818v1,
HPGP_GLOBAL,HpGP-ARG-001,SAMN19959879,GCA_034687045.1,GCA_034687045.1,,,Complete Genome,653,1624657,1624657,ftp://ftp.ncbi.nlm.nih.gov/genomes/all/GCA/034/687/045/GCA_034687045.1_ASM3468704v1,
HPGP_GLOBAL,HpGP-ARG-003,SAMN19959880,GCA_034686345.1,GCA_034686345.1,,,Complete Genome,184,1614729,1614729,ftp://ftp.ncbi.nlm.nih.gov/genomes/all/GCA/034/686/345/GCA_034686345.1_ASM3468634v1,
HPGP_GLOBAL,HpGP-ARG-004,SAMN19959881,GCA_034685685.1,GCA_034685685.1,,,Complete Genome,282,1564050,1564050,ftp://ftp.ncbi.nlm.nih.gov/genomes/all/GCA/034/685/685/GCA_034685685.1_ASM3468568v1,
HPGP_GLOBAL,HpGP-ARG-005,SAMN19959882,GCA_034685225.1,GCA_034685225.1,,,Complete Genome,250,1621840,1621840,ftp://ftp.ncbi.nlm.nih.gov/genomes/all/GCA/034/685/225/GCA_034685225.1_ASM3468522v1,
HPGP_GLOBAL,HpGP-ARG-006,SAMN19959883,GCA_034684225.1,GCA_034684225.1,,,Complete Genome,3504,1616607,1616607,ftp://ftp.ncbi.nlm.nih.gov/genomes/all/GCA/034/684/225/GCA_034684225.1_ASM3468422v1,
HPGP_GLOBAL,HpGP-ARG-007,SAMN19959884,GCA_034683685.1,GCA_034683685.1,,,Complete Genome,178,1696855,1696855,ftp://ftp.ncbi.nlm.nih.gov/genomes/all/GCA/034/683/685/GCA_034683685.1_ASM3468368v1,
HPGP_GLOBAL,HpGP-ARG-008,SAMN19959885,GCA_034682435.1,GCA_034682435.1,,,Complete Genome,929,1610666,1610666,ftp://ftp.ncbi.nlm.nih.gov/genomes/all/GCA/034/682/435/GCA_034682435.1_ASM3468243v1,
HPGP_GLOBAL,HpGP-CAN-018,SAMN19959940,GCA_034681795.1,GCA_034681795.1,,,Complete Genome,3460,1483503,1483503,ftp://ftp.ncbi.nlm.nih.gov/genomes/all/GCA/034/681/795/GCA_034681795.1_ASM3468179v1,
HPGP_GLOBAL,HpGP-CAN-019,SAMN19959941,GCA_034680705.1,GCA_034680705.1,,,Complete Genome,4290,1532685,1532685,ftp://ftp.ncbi.nlm.nih.gov/genomes/all/GCA/034/680/705/GCA_034680705.1_ASM3468070v1,
HPGP_GLOBAL,HpGP-CAN-020,SAMN19959942,GCA_034678245.1,GCA_034678245.1,,,Complete Genome,3113,1546036,1546036,ftp://ftp.ncbi.nlm.nih.gov/genomes/all/GCA/034/678/245/GCA_034678245.1_ASM3467824v1,
HPGP_GLOBAL,HpGP-CAN-022,SAMN19959943,GCA_034676745.1,GCA_034676745.1,,,Complete Genome,3960,1646971,1646971,ftp://ftp.ncbi.nlm.nih.gov/genomes/all/GCA/034/676/745/GCA_034676745.1_ASM3467674v1,
HPGP_GLOBAL,HpGP-CAN-023,SAMN19959944,GCA_034674805.1,GCA_034674805.1,,,Complete Genome,3491,1550091,1550091,ftp://ftp.ncbi.nlm.nih.gov/genomes/all/GCA/034/674/805/GCA_034674805.1_ASM3467480v1,
HPGP_GLOBAL,HpGP-CAN-025,SAMN19959945,GCA_034674165.1,GCA_034674165.1,,,Complete Genome,3593,1642263,1642263,ftp://ftp.ncbi.nlm.nih.gov/genomes/all/GCA/034/674/165/GCA_034674165.1_ASM3467416v1,
HPGP_GLOBAL,HpGP-CAN-026,SAMN19959946,GCA_034673645.1,GCA_034673645.1,,,Complete Genome,3972,1634610,1634610,ftp://ftp.ncbi.nlm.nih.gov/genomes/all/GCA/034/673/645/GCA_034673645.1_ASM3467364v1,
HPGP_GLOBAL,HpGP-CHI-022,SAMN19959947,GCA_034672865.1,GCA_034672865.1,,,Complete Genome,1844,1666738,1666738,ftp://ftp.ncbi.nlm.nih.gov/genomes/all/GCA/034/672/865/GCA_034672865.1_ASM3467286v1,
HPGP_GLOBAL,HpGP-CHI-101,SAMN19959948,GCA_034672285.1,GCA_034672285.1,,,Complete Genome,912,1663635,1663635,ftp://ftp.ncbi.nlm.nih.gov/genomes/all/GCA/034/672/285/GCA_034672285.1_ASM3467228v1,
HPGP_GLOBAL,HpGP-CHI-103,SAMN19959949,GCA_034671845.1,GCA_034671845.1,,,Complete Genome,1226,1675387,1675387,ftp://ftp.ncbi.nlm.nih.gov/genomes/all/GCA/034/671/845/GCA_034671845.1_ASM3467184v1,
HPGP_GLOBAL,HpGP-FRA-030,SAMN12232094,GCA_023207355.1,GCA_023207355.1,,,Complete Genome,100,1555921,1555921,,
HPGP_GLOBAL,HpGP-FRA-029,SAMN12232090,GCA_023207215.1,GCA_023207215.1,,,Complete Genome,100,1582523,1582523,,
HPGP_GLOBAL,HpGP-FRA-028,SAMN12232078,GCA_023207095.1,GCA_023207095.1,,,Complete Genome,100,1649562,1649562,,
HPGP_GLOBAL,HpGP-FRA-027,SAMN12232053,GCA_023206975.1,GCA_023206975.1,,,Complete Genome,100,1575692,1575692,,
HPGP_GLOBAL,HpGP-FRA-026,SAMN12232052,GCA_023206855.1,GCA_023206855.1,,,Complete Genome,100,1558143,1558143,,
HPGP_GLOBAL,HpGP-FRA-024,SAMN12232045,GCA_023206835.1,GCA_023206835.1,,,Complete Genome,100,1612338,1612338,,
HPGP_GLOBAL,HpGP-FRA-023,SAMN12232044,GCA_023206815.1,GCA_023206815.1,,,Complete Genome,100,1655639,1655639,,
US_MAYO_2025,HP_592,SAMN48033371,GCA_052047395.1,GCA_052047395.1,,JBPGUX01,Contig,771.087,87113,1671188,ftp://ftp.ncbi.nlm.nih.gov/genomes/all/GCA/052/047/395/GCA_052047395.1_ASM5204739v1,
US_MAYO_2025,HP_593,SAMN48033372,GCA_052047375.1,GCA_052047375.1,,JBPGUW01,Contig,948.392,61000,1621940,ftp://ftp.ncbi.nlm.nih.gov/genomes/all/GCA/052/047/375/GCA_052047375.1_ASM5204737v1,
US_MAYO_2025,HP_594,SAMN48033373,GCA_052047355.1,GCA_052047355.1,,JBPGUV01,Contig,9.735,2563,1359114,ftp://ftp.ncbi.nlm.nih.gov/genomes/all/GCA/052/047/355/GCA_052047355.1_ASM5204735v1,
US_MAYO_2025,HP_595,SAMN48033374,GCA_052047335.1,GCA_052047335.1,,JBPGUU01,Contig,891.671,104628,1563221,ftp://ftp.ncbi.nlm.nih.gov/genomes/all/GCA/052/047/335/GCA_052047335.1_ASM5204733v1,
US_MAYO_2025,HP_596,SAMN48033375,GCA_052047315.1,GCA_052047315.1,,JBPGUT01,Contig,1180.6,145137,1599234,ftp://ftp.ncbi.nlm.nih.gov/genomes/all/GCA/052/047/315/GCA_052047315.1_ASM5204731v1,
US_MAYO_2025,HP_598,SAMN48033376,GCA_052047295.1,GCA_052047295.1,,JBPGUS01,Contig,877.009,64252,1593642,ftp://ftp.ncbi.nlm.nih.gov/genomes/all/GCA/052/047/295/GCA_052047295.1_ASM5204729v1,
US_MAYO_2025,HP_599,SAMN48033377,GCA_052047275.1,GCA_052047275.1,,JBPGUR01,Contig,903.119,89579,1603017,ftp://ftp.ncbi.nlm.nih.gov/genomes/all/GCA/052/047/275/GCA_052047275.1_ASM5204727v1,
US_MAYO_2025,HP_600,SAMN48033378,GCA_052047255.1,GCA_052047255.1,,JBPGUQ01,Contig,863.937,50552,1579672,ftp://ftp.ncbi.nlm.nih.gov/genomes/all/GCA/052/047/255/GCA_052047255.1_ASM5204725v1,
US_MAYO_2025,HP_601,SAMN48033379,GCA_052047235.1,GCA_052047235.1,,JBPGUP01,Contig,747.345,151898,1639268,ftp://ftp.ncbi.nlm.nih.gov/genomes/all/GCA/052/047/235/GCA_052047235.1_ASM5204723v1,
US_MAYO_2025,HP_603,SAMN48033381,GCA_052047215.1,GCA_052047215.1,,JBPGUN01,Contig,821.252,41328,1570302,ftp://ftp.ncbi.nlm.nih.gov/genomes/all/GCA/052/047/215/GCA_052047215.1_ASM5204721v1,
US_MAYO_2025,HP_602,SAMN48033380,GCA_052047195.1,GCA_052047195.1,,JBPGUO01,Contig,1484.88,133244,1673989,ftp://ftp.ncbi.nlm.nih.gov/genomes/all/GCA/052/047/195/GCA_052047195.1_ASM5204719v1,
US_MAYO_2025,HP_604,SAMN48033382,GCA_052047175.1,GCA_052047175.1,,JBPGUM01,Contig,1071.75,107319,1606127,ftp://ftp.ncbi.nlm.nih.gov/genomes/all/GCA/052/047/175/GCA_052047175.1_ASM5204717v1,
US_MAYO_2025,HP_605,SAMN48033383,GCA_052047155.1,GCA_052047155.1,,JBPGUL01,Contig,1034.06,126152,1645707,ftp://ftp.ncbi.nlm.nih.gov/genomes/all/GCA/052/047/155/GCA_052047155.1_ASM5204715v1,
US_MAYO_2025,HP_608,SAMN48033385,GCA_052047135.1,GCA_052047135.1,,JBPGUJ01,Contig,981.365,60814,1587707,ftp://ftp.ncbi.nlm.nih.gov/genomes/all/GCA/052/047/135/GCA_052047135.1_ASM5204713v1,
US_MAYO_2025,HP_607,SAMN48033384,GCA_052047115.1,GCA_052047115.1,,JBPGUK01,Contig,864.199,80143,1643899,ftp://ftp.ncbi.nlm.nih.gov/genomes/all/GCA/052/047/115/GCA_052047115.1_ASM5204711v1,
US_MAYO_2025,HP_610,SAMN48033386,GCA_052047095.1,GCA_052047095.1,,JBPGUI01,Contig,871.213,158194,1627537,ftp://ftp.ncbi.nlm.nih.gov/genomes/all/GCA/052/047/095/GCA_052047095.1_ASM5204709v1,
US_MAYO_2025,HP_612,SAMN48033388,GCA_052047075.1,GCA_052047075.1,,JBPGUG01,Contig,683.853,125196,1570718,ftp://ftp.ncbi.nlm.nih.gov/genomes/all/GCA/052/047/075/GCA_052047075.1_ASM5204707v1,
US_MAYO_2025,HP_611,SAMN48033387,GCA_052047055.1,GCA_052047055.1,,JBPGUH01,Contig,1392.09,116723,1615058,ftp://ftp.ncbi.nlm.nih.gov/genomes/all/GCA/052/047/055/GCA_052047055.1_ASM5204705v1,
US_MAYO_2025,HP_613,SAMN48033389,GCA_052047035.1,GCA_052047035.1,,JBPGUF01,Contig,728.417,126745,1623496,ftp://ftp.ncbi.nlm.nih.gov/genomes/all/GCA/052/047/035/GCA_052047035.1_ASM5204703v1,
US_MAYO_2025,HP_614,SAMN48033390,GCA_052047015.1,GCA_052047015.1,,JBPGUE01,Contig,862.81,132164,1623595,ftp://ftp.ncbi.nlm.nih.gov/genomes/all/GCA/052/047/015/GCA_052047015.1_ASM5204701v1,
US_MAYO_2025,HP_615,SAMN48033391,GCA_052046995.1,GCA_052046995.1,,JBPGUD01,Contig,841.029,80777,1663015,ftp://ftp.ncbi.nlm.nih.gov/genomes/all/GCA/052/046/995/GCA_052046995.1_ASM5204699v1,
US_MAYO_2025,HP_616,SAMN48033392,GCA_052046975.1,GCA_052046975.1,,JBPGUC01,Contig,937.443,173059,1577662,ftp://ftp.ncbi.nlm.nih.gov/genomes/all/GCA/052/046/975/GCA_052046975.1_ASM5204697v1,
US_MAYO_2025,HP_617,SAMN48033393,GCA_052046955.1,GCA_052046955.1,,JBPGUB01,Contig,978.31,148425,1594276,ftp://ftp.ncbi.nlm.nih.gov/genomes/all/GCA/052/046/955/GCA_052046955.1_ASM5204695v1,
US_MAYO_2025,HP_618,SAMN48033394,GCA_052046935.1,GCA_052046935.1,,JBPGUA01,Contig,966.29,81203,1655628,ftp://ftp.ncbi.nlm.nih.gov/genomes/all/GCA/052/046/935/GCA_052046935.1_ASM5204693v1,
US_MAYO_2025,HP_620,SAMN48033395,GCA_052046915.1,GCA_052046915.1,,JBPGTZ01,Contig,1485.64,64368,1569928,ftp://ftp.ncbi.nlm.nih.gov/genomes/all/GCA/052/046/915/GCA_052046915.1_ASM5204691v1,
US_MAYO_2025,HP_622,SAMN48033397,GCA_052046895.1,GCA_052046895.1,,JBPGTX01,Contig,981.169,78219,1618545,ftp://ftp.ncbi.nlm.nih.gov/genomes/all/GCA/052/046/895/GCA_052046895.1_ASM5204689v1,
US_MAYO_2025,HP_621,SAMN48033396,GCA_052046875.1,GCA_052046875.1,,JBPGTY01,Contig,1066.97,75041,1685632,ftp://ftp.ncbi.nlm.nih.gov/genomes/all/GCA/052/046/875/GCA_052046875.1_ASM5204687v1,
US_MAYO_2025,HP_623,SAMN48033398,GCA_052046855.1,GCA_052046855.1,,JBPGTW01,Contig,807.945,52624,1590656,ftp://ftp.ncbi.nlm.nih.gov/genomes/all/GCA/052/046/855/GCA_052046855.1_ASM5204685v1,
US_MAYO_2025,HP_624,SAMN48033399,GCA_052046835.1,GCA_052046835.1,,JBPGTV01,Contig,805.115,65197,1668470,ftp://ftp.ncbi.nlm.nih.gov/genomes/all/GCA/052/046/835/GCA_052046835.1_ASM5204683v1,
US_MAYO_2025,HP_625,SAMN48033400,GCA_052046815.1,GCA_052046815.1,,JBPGTU01,Contig,644.757,93484,1586494,ftp://ftp.ncbi.nlm.nih.gov/genomes/all/GCA/052/046/815/GCA_052046815.1_ASM5204681v1,
US_MAYO_2025,HP_626,SAMN48033401,GCA_052046795.1,GCA_052046795.1,,JBPGTT01,Contig,877.401,218942,1663183,ftp://ftp.ncbi.nlm.nih.gov/genomes/all/GCA/052/046/795/GCA_052046795.1_ASM5204679v1,
US_MAYO_2025,HP_627,SAMN48033402,GCA_052046775.1,GCA_052046775.1,,JBPGTS01,Contig,767.59,74232,1594033,ftp://ftp.ncbi.nlm.nih.gov/genomes/all/GCA/052/046/775/GCA_052046775.1_ASM5204677v1,
US_MAYO_2025,HP_628,SAMN48033403,GCA_052046755.1,GCA_052046755.1,,JBPGTR01,Contig,877.988,51207,1617012,ftp://ftp.ncbi.nlm.nih.gov/genomes/all/GCA/052/046/755/GCA_052046755.1_ASM5204675v1,
US_MAYO_2025,HP_630,SAMN48033405,GCA_052046715.1,GCA_052046715.1,,JBPGTP01,Contig,699.222,134919,1637308,ftp://ftp.ncbi.nlm.nih.gov/genomes/all/GCA/052/046/715/GCA_052046715.1_ASM5204671v1,
US_MAYO_2025,HP_631,SAMN48033406,GCA_052046695.1,GCA_052046695.1,,JBPGTO01,Contig,804.113,35208,1636416,ftp://ftp.ncbi.nlm.nih.gov/genomes/all/GCA/052/046/695/GCA_052046695.1_ASM5204669v1,
US_MAYO_2025,HP_629,SAMN48033404,GCA_052046675.1,GCA_052046675.1,,JBPGTQ01,Contig,1158.56,83883,1607766,ftp://ftp.ncbi.nlm.nih.gov/genomes/all/GCA/052/046/675/GCA_052046675.1_ASM5204667v1,
US_MAYO_2025,HP_633,SAMN48033408,GCA_052046655.1,GCA_052046655.1,,JBPGTM01,Contig,831.041,65746,1606429,ftp://ftp.ncbi.nlm.nih.gov/genomes/all/GCA/052/046/655/GCA_052046655.1_ASM5204665v1,
US_MAYO_2025,HP_632,SAMN48033407,GCA_052046635.1,GCA_052046635.1,,JBPGTN01,Contig,905.831,97969,1584787,ftp://ftp.ncbi.nlm.nih.gov/genomes/all/GCA/052/046/635/GCA_052046635.1_ASM5204663v1,
US_MAYO_2025,HP_634,SAMN48033409,GCA_052046615.1,GCA_052046615.1,,JBPGTL01,Contig,1263.16,34351,1580805,ftp://ftp.ncbi.nlm.nih.gov/genomes/all/GCA/052/046/615/GCA_052046615.1_ASM5204661v1,
US_MAYO_2025,HP_635,SAMN48033410,GCA_052046595.1,GCA_052046595.1,,JBPGTK01,Contig,918.27,82494,1669612,ftp://ftp.ncbi.nlm.nih.gov/genomes/all/GCA/052/046/595/GCA_052046595.1_ASM5204659v1,
US_MAYO_2025,HP_636,SAMN48033411,GCA_052046565.1,GCA_052046565.1,,JBPGTJ01,Contig,830.095,67535,1623527,ftp://ftp.ncbi.nlm.nih.gov/genomes/all/GCA/052/046/565/GCA_052046565.1_ASM5204656v1,
US_MAYO_2025,HP_637,SAMN48033412,GCA_052046555.1,GCA_052046555.1,,JBPGTI01,Contig,1204.21,98080,1693623,ftp://ftp.ncbi.nlm.nih.gov/genomes/all/GCA/052/046/555/GCA_052046555.1_ASM5204655v1,
US_MAYO_2025,HP_639,SAMN48033413,GCA_052046535.1,GCA_052046535.1,,JBPGTH01,Contig,880.731,61418,1584890,ftp://ftp.ncbi.nlm.nih.gov/genomes/all/GCA/052/046/535/GCA_052046535.1_ASM5204653v1,
US_MAYO_2025,HP_641,SAMN48033414,GCA_052046515.1,GCA_052046515.1,,JBPGTG01,Contig,1104.85,78290,1631078,ftp://ftp.ncbi.nlm.nih.gov/genomes/all/GCA/052/046/515/GCA_052046515.1_ASM5204651v1,
US_MAYO_2025,HP_642,SAMN48033415,GCA_052046495.1,GCA_052046495.1,,JBPGTF01,Contig,1051.1,41403,1628515,ftp://ftp.ncbi.nlm.nih.gov/genomes/all/GCA/052/046/495/GCA_052046495.1_ASM5204649v1,
US_MAYO_2025,HP_644,SAMN48033416,GCA_052046475.1,GCA_052046475.1,,JBPGTE01,Contig,739.532,30549,1593613,ftp://ftp.ncbi.nlm.nih.gov/genomes/all/GCA/052/046/475/GCA_052046475.1_ASM5204647v1,
US_MAYO_2025,HP_646,SAMN48033417,GCA_052046455.1,GCA_052046455.1,,JBPGTD01,Contig,1048.91,52974,1615744,ftp://ftp.ncbi.nlm.nih.gov/genomes/all/GCA/052/046/455/GCA_052046455.1_ASM5204645v1,
US_MAYO_2025,HP_647,SAMN48033418,GCA_052046435.1,GCA_052046435.1,,JBPGTC01,Contig,911.478,138386,1560983,ftp://ftp.ncbi.nlm.nih.gov/genomes/all/GCA/052/046/435/GCA_052046435.1_ASM5204643v1,
US_MAYO_2025,HP_651,SAMN48033419,GCA_052046415.1,GCA_052046415.1,,JBPGTB01,Contig,695.82,74154,1662274,ftp://ftp.ncbi.nlm.nih.gov/genomes/all/GCA/052/046/415/GCA_052046415.1_ASM5204641v1,
US_MAYO_2025,HP_654,SAMN48033421,GCA_052046395.1,GCA_052046395.1,,JBPGSZ01,Contig,1074.84,130447,1677493,ftp://ftp.ncbi.nlm.nih.gov/genomes/all/GCA/052/046/395/GCA_052046395.1_ASM5204639v1,
US_MAYO_2025,HP_653,SAMN48033420,GCA_052046375.1,GCA_052046375.1,,JBPGTA01,Contig,936.737,109586,1648520,ftp://ftp.ncbi.nlm.nih.gov/genomes/all/GCA/052/046/375/GCA_052046375.1_ASM5204637v1,
US_MAYO_2025,HP_655,SAMN48033422,GCA_052046355.1,GCA_052046355.1,,JBPGSY01,Contig,858.23,69099,1637231,ftp://ftp.ncbi.nlm.nih.gov/genomes/all/GCA/052/046/355/GCA_052046355.1_ASM5204635v1,
US_MAYO_2025,HP_656,SAMN48033423,GCA_052046335.1,GCA_052046335.1,,JBPGSX01,Contig,1167.53,100690,1587970,ftp://ftp.ncbi.nlm.nih.gov/genomes/all/GCA/052/046/335/GCA_052046335.1_ASM5204633v1,
US_MAYO_2025,HP_657,SAMN48033424,GCA_052046315.1,GCA_052046315.1,,JBPGSW01,Contig,1133.13,103021,1658667,ftp://ftp.ncbi.nlm.nih.gov/genomes/all/GCA/052/046/315/GCA_052046315.1_ASM5204631v1,
US_MAYO_2025,HP_660,SAMN48033426,GCA_052046295.1,GCA_052046295.1,,JBPGSU01,Contig,1512.84,67093,1587022,ftp://ftp.ncbi.nlm.nih.gov/genomes/all/GCA/052/046/295/GCA_052046295.1_ASM5204629v1,
US_MAYO_2025,HP_658,SAMN48033425,GCA_052046275.1,GCA_052046275.1,,JBPGSV01,Contig,835.774,114025,1588194,ftp://ftp.ncbi.nlm.nih.gov/genomes/all/GCA/052/046/275/GCA_052046275.1_ASM5204627v1,
US_MAYO_2025,HP_661,SAMN48033427,GCA_052046255.1,GCA_052046255.1,,JBPGST01,Contig,1438.73,102157,1603606,ftp://ftp.ncbi.nlm.nih.gov/genomes/all/GCA/052/046/255/GCA_052046255.1_ASM5204625v1,
US_MAYO_2025,HP_662,SAMN48033428,GCA_052046235.1,GCA_052046235.1,,JBPGSS01,Contig,934.627,101165,1595103,ftp://ftp.ncbi.nlm.nih.gov/genomes/all/GCA/052/046/235/GCA_052046235.1_ASM5204623v1,
US_MAYO_2025,HP_664,SAMN48033430,GCA_052046215.1,GCA_052046215.1,,JBPGSQ01,Contig,554.687,99284,1615031,ftp://ftp.ncbi.nlm.nih.gov/genomes/all/GCA/052/046/215/GCA_052046215.1_ASM5204621v1,
US_MAYO_2025,HP_663,SAMN48033429,GCA_052046195.1,GCA_052046195.1,,JBPGSR01,Contig,676.887,144379,1576234,ftp://ftp.ncbi.nlm.nih.gov/genomes/all/GCA/052/046/195/GCA_052046195.1_ASM5204619v1,
US_MAYO_2025,HP_665,SAMN48033431,GCA_052046155.1,GCA_052046155.1,,JBPGSP01,Contig,1089.27,109972,1649990,ftp://ftp.ncbi.nlm.nih.gov/genomes/all/GCA/052/046/155/GCA_052046155.1_ASM5204615v1,
US_MAYO_2025,HP_667,SAMN48033433,GCA_052043455.1,GCA_052043455.1,,JBPGSN01,Contig,1190.58,94570,1610281,ftp://ftp.ncbi.nlm.nih.gov/genomes/all/GCA/052/043/455/GCA_052043455.1_ASM5204345v1,
US_MAYO_2025,HP_666,SAMN48033432,GCA_052043435.1,GCA_052043435.1,,JBPGSO01,Contig,1092.21,125525,1604204,ftp://ftp.ncbi.nlm.nih.gov/genomes/all/GCA/052/043/435/GCA_052043435.1_ASM5204343v1,
US_MAYO_2025,HP_669,SAMN48033434,GCA_052043415.1,GCA_052043415.1,,JBPGSM01,Contig,1257.77,101337,1630489,ftp://ftp.ncbi.nlm.nih.gov/genomes/all/GCA/052/043/415/GCA_052043415.1_ASM5204341v1,
US_MAYO_2025,HP_670,SAMN48033435,GCA_052043395.1,GCA_052043395.1,,JBPGSL01,Contig,717.901,22667,1586933,ftp://ftp.ncbi.nlm.nih.gov/genomes/all/GCA/052/043/395/GCA_052043395.1_ASM5204339v1,
US_MAYO_2025,HP_671,SAMN48033436,GCA_052043375.1,GCA_052043375.1,,JBPGSK01,Contig,827.642,109660,1592578,ftp://ftp.ncbi.nlm.nih.gov/genomes/all/GCA/052/043/375/GCA_052043375.1_ASM5204337v1,
US_MAYO_2025,HP_673,SAMN48033438,GCA_052043355.1,GCA_052043355.1,,JBPGSI01,Contig,946.445,61014,1628715,ftp://ftp.ncbi.nlm.nih.gov/genomes/all/GCA/052/043/355/GCA_052043355.1_ASM5204335v1,
US_MAYO_2025,HP_672,SAMN48033437,GCA_052043335.1,GCA_052043335.1,,JBPGSJ01,Contig,778.302,91817,1588704,ftp://ftp.ncbi.nlm.nih.gov/genomes/all/GCA/052/043/335/GCA_052043335.1_ASM5204333v1,
US_MAYO_2025,HP_675,SAMN48033439,GCA_052043315.1,GCA_052043315.1,,JBPGSH01,Contig,1366.39,67851,1615473,ftp://ftp.ncbi.nlm.nih.gov/genomes/all/GCA/052/043/315/GCA_052043315.1_ASM5204331v1,
US_MAYO_2025,HP_676,SAMN48033440,GCA_052043295.1,GCA_052043295.1,,JBPGSG01,Contig,656.665,110877,1553302,ftp://ftp.ncbi.nlm.nih.gov/genomes/all/GCA/052/043/295/GCA_052043295.1_ASM5204329v1,
US_MAYO_2025,HP_677,SAMN48033441,GCA_052043275.1,GCA_052043275.1,,JBPGSF01,Contig,1596.04,147468,1629561,ftp://ftp.ncbi.nlm.nih.gov/genomes/all/GCA/052/043/275/GCA_052043275.1_ASM5204327v1,
US_MAYO_2025,HP_678,SAMN48033442,GCA_052043245.1,GCA_052043245.1,,JBPGSE01,Contig,1628.67,63220,1626267,ftp://ftp.ncbi.nlm.nih.gov/genomes/all/GCA/052/043/245/GCA_052043245.1_ASM5204324v1,
US_MAYO_2025,HP_679,SAMN48033443,GCA_052043225.1,GCA_052043225.1,,JBPGSD01,Contig,1144.99,167058,1546094,ftp://ftp.ncbi.nlm.nih.gov/genomes/all/GCA/052/043/225/GCA_052043225.1_ASM5204322v1,
US_MAYO_2025,HP_680,SAMN48033444,GCA_052043205.1,GCA_052043205.1,,JBPGSC01,Contig,1883.82,11184,1646447,ftp://ftp.ncbi.nlm.nih.gov/genomes/all/GCA/052/043/205/GCA_052043205.1_ASM5204320v1,
US_MAYO_2025,HP_682,SAMN48033446,GCA_052043185.1,GCA_052043185.1,,JBPGSA01,Contig,936.783,61750,1626017,ftp://ftp.ncbi.nlm.nih.gov/genomes/all/GCA/052/043/185/GCA_052043185.1_ASM5204318v1,
US_MAYO_2025,HP_681,SAMN48033445,GCA_052043165.1,GCA_052043165.1,,JBPGSB01,Contig,1307,36194,1614059,ftp://ftp.ncbi.nlm.nih.gov/genomes/all/GCA/052/043/165/GCA_052043165.1_ASM5204316v1,
US_MAYO_2025,HP_683,SAMN48033447,GCA_052043145.1,GCA_052043145.1,,JBPGRZ01,Contig,1371.65,116492,1601457,ftp://ftp.ncbi.nlm.nih.gov/genomes/all/GCA/052/043/145/GCA_052043145.1_ASM5204314v1,
US_MAYO_2025,HP_685,SAMN48033449,GCA_052043125.1,GCA_052043125.1,,JBPGRX01,Contig,1037.75,102130,1608382,ftp://ftp.ncbi.nlm.nih.gov/genomes/all/GCA/052/043/125/GCA_052043125.1_ASM5204312v1,
US_MAYO_2025,HP_686,SAMN48033450,GCA_052043105.1,GCA_052043105.1,,JBPGRW01,Contig,940.378,52196,1598254,ftp://ftp.ncbi.nlm.nih.gov/genomes/all/GCA/052/043/105/GCA_052043105.1_ASM5204310v1,
US_MAYO_2025,HP_684,SAMN48033448,GCA_052043085.1,GCA_052043085.1,,JBPGRY01,Contig,1231.79,80613,1594520,ftp://ftp.ncbi.nlm.nih.gov/genomes/all/GCA/052/043/085/GCA_052043085.1_ASM5204308v1,
US_MAYO_2025,HP_687,SAMN48033451,GCA_052043065.1,GCA_052043065.1,,JBPGRV01,Contig,1718.6,100471,1592212,ftp://ftp.ncbi.nlm.nih.gov/genomes/all/GCA/052/043/065/GCA_052043065.1_ASM5204306v1,
US_MAYO_2025,HP_689,SAMN48033453,GCA_052043045.1,GCA_052043045.1,,JBPGRT01,Contig,1150.7,93358,1600608,ftp://ftp.ncbi.nlm.nih.gov/genomes/all/GCA/052/043/045/GCA_052043045.1_ASM5204304v1,
US_MAYO_2025,HP_688,SAMN48033452,GCA_052043025.1,GCA_052043025.1,,JBPGRU01,Contig,1095.28,111869,1619231,ftp://ftp.ncbi.nlm.nih.gov/genomes/all/GCA/052/043/025/GCA_052043025.1_ASM5204302v1,
US_MAYO_2025,HP_690,SAMN48033454,GCA_052043005.1,GCA_052043005.1,,JBPGRS01,Contig,827.714,54180,1639776,ftp://ftp.ncbi.nlm.nih.gov/genomes/all/GCA/052/043/005/GCA_052043005.1_ASM5204300v1,
US_MAYO_2025,HP_691,SAMN48033455,GCA_052042985.1,GCA_052042985.1,,JBPGRR01,Contig,956.431,99513,1669620,ftp://ftp.ncbi.nlm.nih.gov/genomes/all/GCA/052/042/985/GCA_052042985.1_ASM5204298v1,
US_MAYO_2025,HP_692,SAMN48033456,GCA_052042965.1,GCA_052042965.1,,JBPGRQ01,Contig,774.839,83528,1653772,ftp://ftp.ncbi.nlm.nih.gov/genomes/all/GCA/052/042/965/GCA_052042965.1_ASM5204296v1,
US_MAYO_2025,HP_693,SAMN48033457,GCA_052042945.1,GCA_052042945.1,,JBPGRP01,Contig,1219.61,73643,1592754,ftp://ftp.ncbi.nlm.nih.gov/genomes/all/GCA/052/042/945/GCA_052042945.1_ASM5204294v1,
US_MAYO_2025,HP_694,SAMN48033458,GCA_052042925.1,GCA_052042925.1,,JBPGRO01,Contig,1403.36,145327,1625809,ftp://ftp.ncbi.nlm.nih.gov/genomes/all/GCA/052/042/925/GCA_052042925.1_ASM5204292v1,
US_MAYO_2025,HP_695,SAMN48033459,GCA_052042905.1,GCA_052042905.1,,JBPGRN01,Contig,1412.54,69732,1644167,ftp://ftp.ncbi.nlm.nih.gov/genomes/all/GCA/052/042/905/GCA_052042905.1_ASM5204290v1,
US_MAYO_2025,HP_696,SAMN48033460,GCA_052042885.1,GCA_052042885.1,,JBPGRM01,Contig,1336.28,107003,1599430,ftp://ftp.ncbi.nlm.nih.gov/genomes/all/GCA/052/042/885/GCA_052042885.1_ASM5204288v1,
US_MAYO_2025,HP_697,SAMN48033461,GCA_052042855.1,GCA_052042855.1,,JBPGRL01,Contig,973.221,127603,1561489,ftp://ftp.ncbi.nlm.nih.gov/genomes/all/GCA/052/042/855/GCA_052042855.1_ASM5204285v1,
US_MAYO_2025,HP_701,SAMN48033463,GCA_052042835.1,GCA_052042835.1,,JBPGRJ01,Contig,1392.9,79727,1650000,ftp://ftp.ncbi.nlm.nih.gov/genomes/all/GCA/052/042/835/GCA_052042835.1_ASM5204283v1,
US_MAYO_2025,HP_700,SAMN48033462,GCA_052042815.1,GCA_052042815.1,,JBPGRK01,Contig,1167.89,134566,1566340,ftp://ftp.ncbi.nlm.nih.gov/genomes/all/GCA/052/042/815/GCA_052042815.1_ASM5204281v1,
US_MAYO_2025,HP_702,SAMN48033464,GCA_052042795.1,GCA_052042795.1,,JBPGRI01,Contig,1572.66,80094,1582986,ftp://ftp.ncbi.nlm.nih.gov/genomes/all/GCA/052/042/795/GCA_052042795.1_ASM5204279v1,
US_MAYO_2025,HP_705,SAMN48033465,GCA_052042775.1,GCA_052042775.1,,JBPGRH01,Contig,1460.01,147704,1640461,ftp://ftp.ncbi.nlm.nih.gov/genomes/all/GCA/052/042/775/GCA_052042775.1_ASM5204277v1,
US_MAYO_2025,HP_710,SAMN48033467,GCA_052042755.1,GCA_052042755.1,,JBPGRF01,Contig,1541.79,119188,1570311,ftp://ftp.ncbi.nlm.nih.gov/genomes/all/GCA/052/042/755/GCA_052042755.1_ASM5204275v1,
US_MAYO_2025,HP_707,SAMN48033466,GCA_052042735.1,GCA_052042735.1,,JBPGRG01,Contig,1556.76,70029,1637897,ftp://ftp.ncbi.nlm.nih.gov/genomes/all/GCA/052/042/735/GCA_052042735.1_ASM5204273v1,
US_MAYO_2025,HP_711,SAMN48033468,GCA_052042715.1,GCA_052042715.1,,JBPGRE01,Contig,1097.32,68336,1659964,ftp://ftp.ncbi.nlm.nih.gov/genomes/all/GCA/052/042/715/GCA_052042715.1_ASM5204271v1,
US_MAYO_2025,HP_713,SAMN48033469,GCA_052042695.1,GCA_052042695.1,,JBPGRD01,Contig,947.556,167709,1557120,ftp://ftp.ncbi.nlm.nih.gov/genomes/all/GCA/052/042/695/GCA_052042695.1_ASM5204269v1,
US_MAYO_2025,HP_715,SAMN48033470,GCA_052042675.1,GCA_052042675.1,,JBPGRC01,Contig,1513.95,65159,1572585,ftp://ftp.ncbi.nlm.nih.gov/genomes/all/GCA/052/042/675/GCA_052042675.1_ASM5204267v1,
US_MAYO_2025,HP_716,SAMN48033471,GCA_052042655.1,GCA_052042655.1,,JBPGRB01,Contig,1150,106524,1653948,ftp://ftp.ncbi.nlm.nih.gov/genomes/all/GCA/052/042/655/GCA_052042655.1_ASM5204265v1,
US_MAYO_2025,HP_717,SAMN48033472,GCA_052042625.1,GCA_052042625.1,,JBPGRA01,Contig,1151.87,30498,1608021,ftp://ftp.ncbi.nlm.nih.gov/genomes/all/GCA/052/042/625/GCA_052042625.1_ASM5204262v1,
US_MAYO_2025,HP_721,SAMN48033473,GCA_052042605.1,GCA_052042605.1,,JBPGQZ01,Contig,1199.01,56040,1627600,ftp://ftp.ncbi.nlm.nih.gov/genomes/all/GCA/052/042/605/GCA_052042605.1_ASM5204260v1,
US_MAYO_2025,HP_722,SAMN48033474,GCA_052042585.1,GCA_052042585.1,,JBPGQY01,Contig,690.017,111148,1605077,ftp://ftp.ncbi.nlm.nih.gov/genomes/all/GCA/052/042/585/GCA_052042585.1_ASM5204258v1,
US_MAYO_2025,HP_723,SAMN48033475,GCA_052042565.1,GCA_052042565.1,,JBPGQX01,Contig,774.711,65322,1557541,ftp://ftp.ncbi.nlm.nih.gov/genomes/all/GCA/052/042/565/GCA_052042565.1_ASM5204256v1,
US_MAYO_2025,HP_724,SAMN48033476,GCA_052042545.1,GCA_052042545.1,,JBPGQW01,Contig,615.97,71747,1644288,ftp://ftp.ncbi.nlm.nih.gov/genomes/all/GCA/052/042/545/GCA_052042545.1_ASM5204254v1,
US_MAYO_2025,HP_725,SAMN48033477,GCA_052042525.1,GCA_052042525.1,,JBPGQV01,Contig,1447.94,111831,1620988,ftp://ftp.ncbi.nlm.nih.gov/genomes/all/GCA/052/042/525/GCA_052042525.1_ASM5204252v1,
US_MAYO_2025,HP_726,SAMN48033478,GCA_052042505.1,GCA_052042505.1,,JBPGQU01,Contig,1629.38,59846,1614564,ftp://ftp.ncbi.nlm.nih.gov/genomes/all/GCA/052/042/505/GCA_052042505.1_ASM5204250v1,
US_MAYO_2025,HP_727,SAMN48033479,GCA_052042485.1,GCA_052042485.1,,JBPGQT01,Contig,1208.71,67956,1648940,ftp://ftp.ncbi.nlm.nih.gov/genomes/all/GCA/052/042/485/GCA_052042485.1_ASM5204248v1,
US_MAYO_2025,HP_729,SAMN48033480,GCA_052042465.1,GCA_052042465.1,,JBPGQS01,Contig,1104.53,120323,1612641,ftp://ftp.ncbi.nlm.nih.gov/genomes/all/GCA/052/042/465/GCA_052042465.1_ASM5204246v1,
US_MAYO_2025,HP_730,SAMN48033481,GCA_052042445.1,GCA_052042445.1,,JBPGQR01,Contig,1373.53,79771,1636870,ftp://ftp.ncbi.nlm.nih.gov/genomes/all/GCA/052/042/445/GCA_052042445.1_ASM5204244v1,
US_MAYO_2025,HP_731,SAMN48033482,GCA_052042425.1,GCA_052042425.1,,JBPGQQ01,Contig,1049.61,93265,1618873,ftp://ftp.ncbi.nlm.nih.gov/genomes/all/GCA/052/042/425/GCA_052042425.1_ASM5204242v1,
US_MAYO_2025,HP_732,SAMN48033483,GCA_052042405.1,GCA_052042405.1,,JBPGQP01,Contig,1057.41,125822,1608728,ftp://ftp.ncbi.nlm.nih.gov/genomes/all/GCA/052/042/405/GCA_052042405.1_ASM5204240v1,
US_MAYO_2025,HP_734,SAMN48033485,GCA_052042385.1,GCA_052042385.1,,JBPGQN01,Contig,830.896,50461,1596914,ftp://ftp.ncbi.nlm.nih.gov/genomes/all/GCA/052/042/385/GCA_052042385.1_ASM5204238v1,
US_MAYO_2025,HP_733,SAMN48033484,GCA_052042365.1,GCA_052042365.1,,JBPGQO01,Contig,1204.04,46824,1601821,ftp://ftp.ncbi.nlm.nih.gov/genomes/all/GCA/052/042/365/GCA_052042365.1_ASM5204236v1,
US_MAYO_2025,HP_735,SAMN48033486,GCA_052042345.1,GCA_052042345.1,,JBPGQM01,Contig,1233.84,102708,1670200,ftp://ftp.ncbi.nlm.nih.gov/genomes/all/GCA/052/042/345/GCA_052042345.1_ASM5204234v1,
US_MAYO_2025,HP_736,SAMN48033487,GCA_052042325.1,GCA_052042325.1,,JBPGQL01,Contig,1101.98,107391,1628105,ftp://ftp.ncbi.nlm.nih.gov/genomes/all/GCA/052/042/325/GCA_052042325.1_ASM5204232v1,
US_MAYO_2025,HP_737,SAMN48033488,GCA_052042305.1,GCA_052042305.1,,JBPGQK01,Contig,1405.31,111017,1586505,ftp://ftp.ncbi.nlm.nih.gov/genomes/all/GCA/052/042/305/GCA_052042305.1_ASM5204230v1,
US_MAYO_2025,HP_738,SAMN48033489,GCA_052042285.1,GCA_052042285.1,,JBPGQJ01,Contig,1074.31,197746,1597248,ftp://ftp.ncbi.nlm.nih.gov/genomes/all/GCA/052/042/285/GCA_052042285.1_ASM5204228v1,
US_MAYO_2025,HP_739,SAMN48033490,GCA_052042265.1,GCA_052042265.1,,JBPGQI01,Contig,1310.36,246098,1597033,ftp://ftp.ncbi.nlm.nih.gov/genomes/all/GCA/052/042/265/GCA_052042265.1_ASM5204226v1,
US_MAYO_2025,HP_741,SAMN48033491,GCA_052042245.1,GCA_052042245.1,,JBPGQH01,Contig,1372.04,49228,1639020,ftp://ftp.ncbi.nlm.nih.gov/genomes/all/GCA/052/042/245/GCA_052042245.1_ASM5204224v1,
US_MAYO_2025,HP_749,SAMN48033492,GCA_052042225.1,GCA_052042225.1,,JBPGQG01,Contig,1439.51,117313,1603952,ftp://ftp.ncbi.nlm.nih.gov/genomes/all/GCA/052/042/225/GCA_052042225.1_ASM5204222v1,
US_MAYO_2025,HP_751,SAMN48033494,GCA_052042205.1,GCA_052042205.1,,JBPGQE01,Contig,1305.09,80930,1601243,ftp://ftp.ncbi.nlm.nih.gov/genomes/all/GCA/052/042/205/GCA_052042205.1_ASM5204220v1,
US_MAYO_2025,HP_750,SAMN48033493,GCA_052042185.1,GCA_052042185.1,,JBPGQF01,Contig,3155.86,72383,1623162,ftp://ftp.ncbi.nlm.nih.gov/genomes/all/GCA/052/042/185/GCA_052042185.1_ASM5204218v1,
US_MAYO_2025,HP_754,SAMN48033495,GCA_052042165.1,GCA_052042165.1,,JBPGQD01,Contig,1914.8,113398,1655907,ftp://ftp.ncbi.nlm.nih.gov/genomes/all/GCA/052/042/165/GCA_052042165.1_ASM5204216v1,
US_MAYO_2025,HP_756,SAMN48033496,GCA_052042135.1,GCA_052042135.1,,JBPGQC01,Contig,1293.59,50813,1675235,ftp://ftp.ncbi.nlm.nih.gov/genomes/all/GCA/052/042/135/GCA_052042135.1_ASM5204213v1,
US_MAYO_2025,HP_758,SAMN48033497,GCA_052042115.1,GCA_052042115.1,,JBPGQB01,Contig,1765.88,22505,1633530,ftp://ftp.ncbi.nlm.nih.gov/genomes/all/GCA/052/042/115/GCA_052042115.1_ASM5204211v1,
US_MAYO_2025,HP_761,SAMN48033498,GCA_052042095.1,GCA_052042095.1,,JBPGQA01,Contig,1191.6,103721,1623372,ftp://ftp.ncbi.nlm.nih.gov/genomes/all/GCA/052/042/095/GCA_052042095.1_ASM5204209v1,
US_MAYO_2025,HP_764,SAMN48033500,GCA_052042075.1,GCA_052042075.1,,JBPGPY01,Contig,2025.33,55409,1620129,ftp://ftp.ncbi.nlm.nih.gov/genomes/all/GCA/052/042/075/GCA_052042075.1_ASM5204207v1,
US_MAYO_2025,HP_763,SAMN48033499,GCA_052042055.1,GCA_052042055.1,,JBPGPZ01,Contig,2138.97,198810,1587387,ftp://ftp.ncbi.nlm.nih.gov/genomes/all/GCA/052/042/055/GCA_052042055.1_ASM5204205v1,
US_MAYO_2025,HP_766,SAMN48033501,GCA_052042035.1,GCA_052042035.1,,JBPGPX01,Contig,874.36,72553,1629997,ftp://ftp.ncbi.nlm.nih.gov/genomes/all/GCA/052/042/035/GCA_052042035.1_ASM5204203v1,
US_MAYO_2025,HP_004,SAMN47587644,GCF_051546105.1,GCA_051546105.1,GCF_051546105.1,JBNNDY01,Contig,136.641,71067,1593325,ftp://ftp.ncbi.nlm.nih.gov/genomes/all/GCA/051/546/105/GCA_051546105.1_ASM5154610v1,ftp://ftp.ncbi.nlm.nih.gov/genomes/all/GCF/051/546/105/GCF_051546105.1_ASM5154610v1
US_MAYO_2025,HP_005,SAMN47587645,GCF_051546085.1,GCA_051546085.1,GCF_051546085.1,JBNNDX01,Contig,422.69,101618,1616331,ftp://ftp.ncbi.nlm.nih.gov/genomes/all/GCA/051/546/085/GCA_051546085.1_ASM5154608v1,ftp://ftp.ncbi.nlm.nih.gov/genomes/all/GCF/051/546/085/GCF_051546085.1_ASM5154608v1
US_MAYO_2025,HP_007,SAMN47587647,GCF_051546065.1,GCA_051546065.1,GCF_051546065.1,JBNNDW01,Contig,500.185,143285,1570770,ftp://ftp.ncbi.nlm.nih.gov/genomes/all/GCA/051/546/065/GCA_051546065.1_ASM5154606v1,ftp://ftp.ncbi.nlm.nih.gov/genomes/all/GCF/051/546/065/GCF_051546065.1_ASM5154606v1
US_MAYO_2025,HP_008,SAMN47587648,GCF_051546045.1,GCA_051546045.1,GCF_051546045.1,JBNNDV01,Contig,467.458,85320,1671495,ftp://ftp.ncbi.nlm.nih.gov/genomes/all/GCA/051/546/045/GCA_051546045.1_ASM5154604v1,ftp://ftp.ncbi.nlm.nih.gov/genomes/all/GCF/051/546/045/GCF_051546045.1_ASM5154604v1
US_MAYO_2025,HP_009,SAMN47587649,GCF_051546025.1,GCA_051546025.1,GCF_051546025.1,JBNNDU01,Contig,258.44,131704,1588719,ftp://ftp.ncbi.nlm.nih.gov/genomes/all/GCA/051/546/025/GCA_051546025.1_ASM5154602v1,ftp://ftp.ncbi.nlm.nih.gov/genomes/all/GCF/051/546/025/GCF_051546025.1_ASM5154602v1
US_MAYO_2025,HP_011,SAMN47587650,GCF_051546005.1,GCA_051546005.1,GCF_051546005.1,JBNNDT01,Contig,932.933,136665,1610392,ftp://ftp.ncbi.nlm.nih.gov/genomes/all/GCA/051/546/005/GCA_051546005.1_ASM5154600v1,ftp://ftp.ncbi.nlm.nih.gov/genomes/all/GCF/051/546/005/GCF_051546005.1_ASM5154600v1
US_MAYO_2025,HP_012,SAMN47587651,GCF_051545985.1,GCA_051545985.1,GCF_051545985.1,JBNNDS01,Contig,976.093,66028,1650819,ftp://ftp.ncbi.nlm.nih.gov/genomes/all/GCA/051/545/985/GCA_051545985.1_ASM5154598v1,ftp://ftp.ncbi.nlm.nih.gov/genomes/all/GCF/051/545/985/GCF_051545985.1_ASM5154598v1
US_MAYO_2025,HP_013,SAMN47587652,GCF_051545965.1,GCA_051545965.1,GCF_051545965.1,JBNNDR01,Contig,1255.49,46030,1660717,ftp://ftp.ncbi.nlm.nih.gov/genomes/all/GCA/051/545/965/GCA_051545965.1_ASM5154596v1,ftp://ftp.ncbi.nlm.nih.gov/genomes/all/GCF/051/545/965/GCF_051545965.1_ASM5154596v1
US_MAYO_2025,HP_015,SAMN47587653,GCF_051545945.1,GCA_051545945.1,GCF_051545945.1,JBNNDQ01,Contig,957.135,103779,1568070,ftp://ftp.ncbi.nlm.nih.gov/genomes/all/GCA/051/545/945/GCA_051545945.1_ASM5154594v1,ftp://ftp.ncbi.nlm.nih.gov/genomes/all/GCF/051/545/945/GCF_051545945.1_ASM5154594v1
US_MAYO_2025,HP_023,SAMN47587658,GCF_051545925.1,GCA_051545925.1,GCF_051545925.1,JBNNDP01,Contig,269.196,49899,1582038,ftp://ftp.ncbi.nlm.nih.gov/genomes/all/GCA/051/545/925/GCA_051545925.1_ASM5154592v1,ftp://ftp.ncbi.nlm.nih.gov/genomes/all/GCF/051/545/925/GCF_051545925.1_ASM5154592v1
US_MAYO_2025,HP_001,SAMN47587642,GCF_051545905.1,GCA_051545905.1,GCF_051545905.1,JBMMUA01,Contig,386.869,53439,1636254,ftp://ftp.ncbi.nlm.nih.gov/genomes/all/GCA/051/545/905/GCA_051545905.1_ASM5154590v1,ftp://ftp.ncbi.nlm.nih.gov/genomes/all/GCF/051/545/905/GCF_051545905.1_ASM5154590v1
US_MAYO_2025,HP_002,SAMN47587643,GCF_051545885.1,GCA_051545885.1,GCF_051545885.1,JBMMTZ01,Contig,405.919,122006,1637503,ftp://ftp.ncbi.nlm.nih.gov/genomes/all/GCA/051/545/885/GCA_051545885.1_ASM5154588v1,ftp://ftp.ncbi.nlm.nih.gov/genomes/all/GCF/051/545/885/GCF_051545885.1_ASM5154588v1
US_MAYO_2025,HP_006,SAMN47587646,GCF_051545865.1,GCA_051545865.1,GCF_051545865.1,JBMMTY01,Contig,442.233,30944,1621005,ftp://ftp.ncbi.nlm.nih.gov/genomes/all/GCA/051/545/865/GCA_051545865.1_ASM5154586v1,ftp://ftp.ncbi.nlm.nih.gov/genomes/all/GCF/051/545/865/GCF_051545865.1_ASM5154586v1
US_MAYO_2025,HP_018,SAMN47587654,GCF_051545845.1,GCA_051545845.1,GCF_051545845.1,JBMMTX01,Contig,1194.3,129023,1636488,ftp://ftp.ncbi.nlm.nih.gov/genomes/all/GCA/051/545/845/GCA_051545845.1_ASM5154584v1,ftp://ftp.ncbi.nlm.nih.gov/genomes/all/GCF/051/545/845/GCF_051545845.1_ASM5154584v1
US_MAYO_2025,HP_019,SAMN47587655,GCF_051545825.1,GCA_051545825.1,GCF_051545825.1,JBMMTW01,Contig,1612.09,92639,1675760,ftp://ftp.ncbi.nlm.nih.gov/genomes/all/GCA/051/545/825/GCA_051545825.1_ASM5154582v1,ftp://ftp.ncbi.nlm.nih.gov/genomes/all/GCF/051/545/825/GCF_051545825.1_ASM5154582v1
US_MAYO_2025,HP_021,SAMN47587656,GCF_051545805.1,GCA_051545805.1,GCF_051545805.1,JBMMTV01,Contig,1547.52,69152,1622506,ftp://ftp.ncbi.nlm.nih.gov/genomes/all/GCA/051/545/805/GCA_051545805.1_ASM5154580v1,ftp://ftp.ncbi.nlm.nih.gov/genomes/all/GCF/051/545/805/GCF_051545805.1_ASM5154580v1
US_MAYO_2025,HP_022,SAMN47587657,GCF_051545785.1,GCA_051545785.1,GCF_051545785.1,JBMMTU01,Contig,1446.82,88380,1571317,ftp://ftp.ncbi.nlm.nih.gov/genomes/all/GCA/051/545/785/GCA_051545785.1_ASM5154578v1,ftp://ftp.ncbi.nlm.nih.gov/genomes/all/GCF/051/545/785/GCF_051545785.1_ASM5154578v1
US_MAYO_2025,HP_024,SAMN47587659,GCF_051545765.1,GCA_051545765.1,GCF_051545765.1,JBNNDO01,Contig,367.883,47010,1623289,ftp://ftp.ncbi.nlm.nih.gov/genomes/all/GCA/051/545/765/GCA_051545765.1_ASM5154576v1,ftp://ftp.ncbi.nlm.nih.gov/genomes/all/GCF/051/545/765/GCF_051545765.1_ASM5154576v1
US_MAYO_2025,HP_025,SAMN47587660,GCF_051545745.1,GCA_051545745.1,GCF_051545745.1,JBNNDN01,Contig,1508.57,65781,1590530,ftp://ftp.ncbi.nlm.nih.gov/genomes/all/GCA/051/545/745/GCA_051545745.1_ASM5154574v1,ftp://ftp.ncbi.nlm.nih.gov/genomes/all/GCF/051/545/745/GCF_051545745.1_ASM5154574v1
US_MAYO_2025,HP_026,SAMN47587661,GCF_051545725.1,GCA_051545725.1,GCF_051545725.1,JBNNDM01,Contig,1113.21,80917,1638987,ftp://ftp.ncbi.nlm.nih.gov/genomes/all/GCA/051/545/725/GCA_051545725.1_ASM5154572v1,ftp://ftp.ncbi.nlm.nih.gov/genomes/all/GCF/051/545/725/GCF_051545725.1_ASM5154572v1
US_MAYO_2025,HP_027,SAMN47587662,GCF_051545705.1,GCA_051545705.1,GCF_051545705.1,JBNNDL01,Contig,943.536,50479,1623960,ftp://ftp.ncbi.nlm.nih.gov/genomes/all/GCA/051/545/705/GCA_051545705.1_ASM5154570v1,ftp://ftp.ncbi.nlm.nih.gov/genomes/all/GCF/051/545/705/GCF_051545705.1_ASM5154570v1
US_MAYO_2025,HP_030,SAMN47587664,GCF_051545685.1,GCA_051545685.1,GCF_051545685.1,JBNNDJ01,Contig,701.075,48349,1586334,ftp://ftp.ncbi.nlm.nih.gov/genomes/all/GCA/051/545/685/GCA_051545685.1_ASM5154568v1,ftp://ftp.ncbi.nlm.nih.gov/genomes/all/GCF/051/545/685/GCF_051545685.1_ASM5154568v1
US_MAYO_2025,HP_029,SAMN47587663,GCF_051545665.1,GCA_051545665.1,GCF_051545665.1,JBNNDK01,Contig,785.567,64996,1600823,ftp://ftp.ncbi.nlm.nih.gov/genomes/all/GCA/051/545/665/GCA_051545665.1_ASM5154566v1,ftp://ftp.ncbi.nlm.nih.gov/genomes/all/GCF/051/545/665/GCF_051545665.1_ASM5154566v1
US_MAYO_2025,HP_032,SAMN47587665,GCF_051545645.1,GCA_051545645.1,GCF_051545645.1,JBNNDI01,Contig,650.344,81775,1582150,ftp://ftp.ncbi.nlm.nih.gov/genomes/all/GCA/051/545/645/GCA_051545645.1_ASM5154564v1,ftp://ftp.ncbi.nlm.nih.gov/genomes/all/GCF/051/545/645/GCF_051545645.1_ASM5154564v1
US_MAYO_2025,HP_033,SAMN47587666,GCF_051545625.1,GCA_051545625.1,GCF_051545625.1,JBNNDH01,Contig,617.245,112128,1580724,ftp://ftp.ncbi.nlm.nih.gov/genomes/all/GCA/051/545/625/GCA_051545625.1_ASM5154562v1,ftp://ftp.ncbi.nlm.nih.gov/genomes/all/GCF/051/545/625/GCF_051545625.1_ASM5154562v1
US_MAYO_2025,HP_034,SAMN47587667,GCF_051545605.1,GCA_051545605.1,GCF_051545605.1,JBMMTT01,Contig,1330.85,145596,1628432,ftp://ftp.ncbi.nlm.nih.gov/genomes/all/GCA/051/545/605/GCA_051545605.1_ASM5154560v1,ftp://ftp.ncbi.nlm.nih.gov/genomes/all/GCF/051/545/605/GCF_051545605.1_ASM5154560v1
US_MAYO_2025,HP_035,SAMN47587668,GCF_051545585.1,GCA_051545585.1,GCF_051545585.1,JBNNDG01,Contig,634.401,69532,1623801,ftp://ftp.ncbi.nlm.nih.gov/genomes/all/GCA/051/545/585/GCA_051545585.1_ASM5154558v1,ftp://ftp.ncbi.nlm.nih.gov/genomes/all/GCF/051/545/585/GCF_051545585.1_ASM5154558v1
US_MAYO_2025,HP_038,SAMN47587670,GCF_051545565.1,GCA_051545565.1,GCF_051545565.1,JBNNDE01,Contig,482.506,93134,1569413,ftp://ftp.ncbi.nlm.nih.gov/genomes/all/GCA/051/545/565/GCA_051545565.1_ASM5154556v1,ftp://ftp.ncbi.nlm.nih.gov/genomes/all/GCF/051/545/565/GCF_051545565.1_ASM5154556v1
US_MAYO_2025,HP_036,SAMN47587669,GCF_051545545.1,GCA_051545545.1,GCF_051545545.1,JBNNDF01,Contig,958.967,65484,1634159,ftp://ftp.ncbi.nlm.nih.gov/genomes/all/GCA/051/545/545/GCA_051545545.1_ASM5154554v1,ftp://ftp.ncbi.nlm.nih.gov/genomes/all/GCF/051/545/545/GCF_051545545.1_ASM5154554v1
US_MAYO_2025,HP_039,SAMN47587671,GCF_051545525.1,GCA_051545525.1,GCF_051545525.1,JBNNDD01,Contig,554.088,61219,1634043,ftp://ftp.ncbi.nlm.nih.gov/genomes/all/GCA/051/545/525/GCA_051545525.1_ASM5154552v1,ftp://ftp.ncbi.nlm.nih.gov/genomes/all/GCF/051/545/525/GCF_051545525.1_ASM5154552v1
US_MAYO_2025,HP_041,SAMN47587672,GCF_051545505.1,GCA_051545505.1,GCF_051545505.1,JBNNDC01,Contig,710.563,62710,1588699,ftp://ftp.ncbi.nlm.nih.gov/genomes/all/GCA/051/545/505/GCA_051545505.1_ASM5154550v1,ftp://ftp.ncbi.nlm.nih.gov/genomes/all/GCF/051/545/505/GCF_051545505.1_ASM5154550v1
US_MAYO_2025,HP_042,SAMN47587673,GCF_051545485.1,GCA_051545485.1,GCF_051545485.1,JBNNDB01,Contig,1176.59,114810,1553089,ftp://ftp.ncbi.nlm.nih.gov/genomes/all/GCA/051/545/485/GCA_051545485.1_ASM5154548v1,ftp://ftp.ncbi.nlm.nih.gov/genomes/all/GCF/051/545/485/GCF_051545485.1_ASM5154548v1
US_MAYO_2025,HP_045,SAMN47587675,GCF_051545465.1,GCA_051545465.1,GCF_051545465.1,JBNNCZ01,Contig,815.481,98361,1635572,ftp://ftp.ncbi.nlm.nih.gov/genomes/all/GCA/051/545/465/GCA_051545465.1_ASM5154546v1,ftp://ftp.ncbi.nlm.nih.gov/genomes/all/GCF/051/545/465/GCF_051545465.1_ASM5154546v1
US_MAYO_2025,HP_044,SAMN47587674,GCF_051545445.1,GCA_051545445.1,GCF_051545445.1,JBNNDA01,Contig,1178.66,54761,1601095,ftp://ftp.ncbi.nlm.nih.gov/genomes/all/GCA/051/545/445/GCA_051545445.1_ASM5154544v1,ftp://ftp.ncbi.nlm.nih.gov/genomes/all/GCF/051/545/445/GCF_051545445.1_ASM5154544v1
US_MAYO_2025,HP_046,SAMN47587676,GCF_051545425.1,GCA_051545425.1,GCF_051545425.1,JBNNCY01,Contig,612.922,78088,1617251,ftp://ftp.ncbi.nlm.nih.gov/genomes/all/GCA/051/545/425/GCA_051545425.1_ASM5154542v1,ftp://ftp.ncbi.nlm.nih.gov/genomes/all/GCF/051/545/425/GCF_051545425.1_ASM5154542v1
US_MAYO_2025,HP_047,SAMN47587677,GCF_051545405.1,GCA_051545405.1,GCF_051545405.1,JBNNCX01,Contig,736.156,52722,1582911,ftp://ftp.ncbi.nlm.nih.gov/genomes/all/GCA/051/545/405/GCA_051545405.1_ASM5154540v1,ftp://ftp.ncbi.nlm.nih.gov/genomes/all/GCF/051/545/405/GCF_051545405.1_ASM5154540v1
US_MAYO_2025,HP_048,SAMN47587678,GCF_051545385.1,GCA_051545385.1,GCF_051545385.1,JBNNCW01,Contig,649.432,32485,1674439,ftp://ftp.ncbi.nlm.nih.gov/genomes/all/GCA/051/545/385/GCA_051545385.1_ASM5154538v1,ftp://ftp.ncbi.nlm.nih.gov/genomes/all/GCF/051/545/385/GCF_051545385.1_ASM5154538v1
US_MAYO_2025,HP_052,SAMN47587680,GCF_051545365.1,GCA_051545365.1,GCF_051545365.1,JBMMTS01,Contig,1283.15,108836,1634331,ftp://ftp.ncbi.nlm.nih.gov/genomes/all/GCA/051/545/365/GCA_051545365.1_ASM5154536v1,ftp://ftp.ncbi.nlm.nih.gov/genomes/all/GCF/051/545/365/GCF_051545365.1_ASM5154536v1
US_MAYO_2025,HP_049,SAMN47587679,GCF_051545345.1,GCA_051545345.1,GCF_051545345.1,JBNNCV01,Contig,565.367,144087,1628221,ftp://ftp.ncbi.nlm.nih.gov/genomes/all/GCA/051/545/345/GCA_051545345.1_ASM5154534v1,ftp://ftp.ncbi.nlm.nih.gov/genomes/all/GCF/051/545/345/GCF_051545345.1_ASM5154534v1
US_MAYO_2025,HP_053,SAMN47587681,GCF_051545325.1,GCA_051545325.1,GCF_051545325.1,JBNNCU01,Contig,880.572,82075,1589166,ftp://ftp.ncbi.nlm.nih.gov/genomes/all/GCA/051/545/325/GCA_051545325.1_ASM5154532v1,ftp://ftp.ncbi.nlm.nih.gov/genomes/all/GCF/051/545/325/GCF_051545325.1_ASM5154532v1
US_MAYO_2025,HP_055,SAMN47587683,GCF_051545305.1,GCA_051545305.1,GCF_051545305.1,JBNNCT01,Contig,695.645,146312,1600181,ftp://ftp.ncbi.nlm.nih.gov/genomes/all/GCA/051/545/305/GCA_051545305.1_ASM5154530v1,ftp://ftp.ncbi.nlm.nih.gov/genomes/all/GCF/051/545/305/GCF_051545305.1_ASM5154530v1
US_MAYO_2025,HP_054,SAMN47587682,GCF_051545285.1,GCA_051545285.1,GCF_051545285.1,JBMMTR01,Contig,1255.33,159060,1586167,ftp://ftp.ncbi.nlm.nih.gov/genomes/all/GCA/051/545/285/GCA_051545285.1_ASM5154528v1,ftp://ftp.ncbi.nlm.nih.gov/genomes/all/GCF/051/545/285/GCF_051545285.1_ASM5154528v1
US_MAYO_2025,HP_058,SAMN47587684,GCF_051545265.1,GCA_051545265.1,GCF_051545265.1,JBNNCS01,Contig,471.929,52319,1614716,ftp://ftp.ncbi.nlm.nih.gov/genomes/all/GCA/051/545/265/GCA_051545265.1_ASM5154526v1,ftp://ftp.ncbi.nlm.nih.gov/genomes/all/GCF/051/545/265/GCF_051545265.1_ASM5154526v1
US_MAYO_2025,HP_059,SAMN47587685,GCF_051545245.1,GCA_051545245.1,GCF_051545245.1,JBNNCR01,Contig,1244.96,13890,1552562,ftp://ftp.ncbi.nlm.nih.gov/genomes/all/GCA/051/545/245/GCA_051545245.1_ASM5154524v1,ftp://ftp.ncbi.nlm.nih.gov/genomes/all/GCF/051/545/245/GCF_051545245.1_ASM5154524v1
US_MAYO_2025,HP_060,SAMN47587686,GCF_051545225.1,GCA_051545225.1,GCF_051545225.1,JBMMTQ01,Contig,1891.32,183232,1689665,ftp://ftp.ncbi.nlm.nih.gov/genomes/all/GCA/051/545/225/GCA_051545225.1_ASM5154522v1,ftp://ftp.ncbi.nlm.nih.gov/genomes/all/GCF/051/545/225/GCF_051545225.1_ASM5154522v1
US_MAYO_2025,HP_062,SAMN47587687,GCF_051545205.1,GCA_051545205.1,GCF_051545205.1,JBNNCQ01,Contig,493.126,64037,1649206,ftp://ftp.ncbi.nlm.nih.gov/genomes/all/GCA/051/545/205/GCA_051545205.1_ASM5154520v1,ftp://ftp.ncbi.nlm.nih.gov/genomes/all/GCF/051/545/205/GCF_051545205.1_ASM5154520v1
US_MAYO_2025,HP_065,SAMN47587689,GCF_051545185.1,GCA_051545185.1,GCF_051545185.1,JBNNCO01,Contig,714.255,57062,1698138,ftp://ftp.ncbi.nlm.nih.gov/genomes/all/GCA/051/545/185/GCA_051545185.1_ASM5154518v1,ftp://ftp.ncbi.nlm.nih.gov/genomes/all/GCF/051/545/185/GCF_051545185.1_ASM5154518v1
US_MAYO_2025,HP_063,SAMN47587688,GCF_051545165.1,GCA_051545165.1,GCF_051545165.1,JBNNCP01,Contig,656.419,55420,1605147,ftp://ftp.ncbi.nlm.nih.gov/genomes/all/GCA/051/545/165/GCA_051545165.1_ASM5154516v1,ftp://ftp.ncbi.nlm.nih.gov/genomes/all/GCF/051/545/165/GCF_051545165.1_ASM5154516v1
US_MAYO_2025,HP_066,SAMN47587690,GCF_051545145.1,GCA_051545145.1,GCF_051545145.1,JBNNCN01,Contig,690.235,60982,1606011,ftp://ftp.ncbi.nlm.nih.gov/genomes/all/GCA/051/545/145/GCA_051545145.1_ASM5154514v1,ftp://ftp.ncbi.nlm.nih.gov/genomes/all/GCF/051/545/145/GCF_051545145.1_ASM5154514v1
US_MAYO_2025,HP_067,SAMN47587691,GCF_051545125.1,GCA_051545125.1,GCF_051545125.1,JBNNCM01,Contig,1238.85,74258,1602875,ftp://ftp.ncbi.nlm.nih.gov/genomes/all/GCA/051/545/125/GCA_051545125.1_ASM5154512v1,ftp://ftp.ncbi.nlm.nih.gov/genomes/all/GCF/051/545/125/GCF_051545125.1_ASM5154512v1
US_MAYO_2025,HP_069,SAMN47587692,GCF_051545105.1,GCA_051545105.1,GCF_051545105.1,JBNNCL01,Contig,1042.64,11661,1595457,ftp://ftp.ncbi.nlm.nih.gov/genomes/all/GCA/051/545/105/GCA_051545105.1_ASM5154510v1,ftp://ftp.ncbi.nlm.nih.gov/genomes/all/GCF/051/545/105/GCF_051545105.1_ASM5154510v1
US_MAYO_2025,HP_070,SAMN47587693,GCF_051545085.1,GCA_051545085.1,GCF_051545085.1,JBNNCK01,Contig,786.371,77928,1600319,ftp://ftp.ncbi.nlm.nih.gov/genomes/all/GCA/051/545/085/GCA_051545085.1_ASM5154508v1,ftp://ftp.ncbi.nlm.nih.gov/genomes/all/GCF/051/545/085/GCF_051545085.1_ASM5154508v1
US_MAYO_2025,HP_072,SAMN47587694,GCF_051545065.1,GCA_051545065.1,GCF_051545065.1,JBNNCJ01,Contig,462.334,17182,1647085,ftp://ftp.ncbi.nlm.nih.gov/genomes/all/GCA/051/545/065/GCA_051545065.1_ASM5154506v1,ftp://ftp.ncbi.nlm.nih.gov/genomes/all/GCF/051/545/065/GCF_051545065.1_ASM5154506v1
US_MAYO_2025,HP_073,SAMN47587695,GCF_051545045.1,GCA_051545045.1,GCF_051545045.1,JBNNCI01,Contig,915.132,62025,1662393,ftp://ftp.ncbi.nlm.nih.gov/genomes/all/GCA/051/545/045/GCA_051545045.1_ASM5154504v1,ftp://ftp.ncbi.nlm.nih.gov/genomes/all/GCF/051/545/045/GCF_051545045.1_ASM5154504v1
US_MAYO_2025,HP_075,SAMN47587696,GCF_051545025.1,GCA_051545025.1,GCF_051545025.1,JBNNCH01,Contig,3063.92,66479,1640681,ftp://ftp.ncbi.nlm.nih.gov/genomes/all/GCA/051/545/025/GCA_051545025.1_ASM5154502v1,ftp://ftp.ncbi.nlm.nih.gov/genomes/all/GCF/051/545/025/GCF_051545025.1_ASM5154502v1
US_MAYO_2025,HP_076,SAMN47587697,GCF_051545005.1,GCA_051545005.1,GCF_051545005.1,JBNNCG01,Contig,858.339,59145,1656757,ftp://ftp.ncbi.nlm.nih.gov/genomes/all/GCA/051/545/005/GCA_051545005.1_ASM5154500v1,ftp://ftp.ncbi.nlm.nih.gov/genomes/all/GCF/051/545/005/GCF_051545005.1_ASM5154500v1
US_MAYO_2025,HP_077,SAMN47587698,GCF_051544985.1,GCA_051544985.1,GCF_051544985.1,JBNNCF01,Contig,521.53,55858,1663994,ftp://ftp.ncbi.nlm.nih.gov/genomes/all/GCA/051/544/985/GCA_051544985.1_ASM5154498v1,ftp://ftp.ncbi.nlm.nih.gov/genomes/all/GCF/051/544/985/GCF_051544985.1_ASM5154498v1
US_MAYO_2025,HP_078,SAMN47587699,GCF_051544965.1,GCA_051544965.1,GCF_051544965.1,JBNNCE01,Contig,565.662,63442,1619987,ftp://ftp.ncbi.nlm.nih.gov/genomes/all/GCA/051/544/965/GCA_051544965.1_ASM5154496v1,ftp://ftp.ncbi.nlm.nih.gov/genomes/all/GCF/051/544/965/GCF_051544965.1_ASM5154496v1
US_MAYO_2025,HP_079,SAMN47587700,GCF_051544945.1,GCA_051544945.1,GCF_051544945.1,JBNNCD01,Contig,840.302,113877,1653226,ftp://ftp.ncbi.nlm.nih.gov/genomes/all/GCA/051/544/945/GCA_051544945.1_ASM5154494v1,ftp://ftp.ncbi.nlm.nih.gov/genomes/all/GCF/051/544/945/GCF_051544945.1_ASM5154494v1
US_MAYO_2025,HP_080,SAMN47587701,GCF_051544925.1,GCA_051544925.1,GCF_051544925.1,JBNNCC01,Contig,963.461,5911,1554684,ftp://ftp.ncbi.nlm.nih.gov/genomes/all/GCA/051/544/925/GCA_051544925.1_ASM5154492v1,ftp://ftp.ncbi.nlm.nih.gov/genomes/all/GCF/051/544/925/GCF_051544925.1_ASM5154492v1
US_MAYO_2025,HP_082,SAMN47587703,GCF_051544905.1,GCA_051544905.1,GCF_051544905.1,JBNNCA01,Contig,686.105,88710,1592928,ftp://ftp.ncbi.nlm.nih.gov/genomes/all/GCA/051/544/905/GCA_051544905.1_ASM5154490v1,ftp://ftp.ncbi.nlm.nih.gov/genomes/all/GCF/051/544/905/GCF_051544905.1_ASM5154490v1
US_MAYO_2025,HP_081,SAMN47587702,GCF_051544885.1,GCA_051544885.1,GCF_051544885.1,JBNNCB01,Contig,833.459,10419,1617867,ftp://ftp.ncbi.nlm.nih.gov/genomes/all/GCA/051/544/885/GCA_051544885.1_ASM5154488v1,ftp://ftp.ncbi.nlm.nih.gov/genomes/all/GCF/051/544/885/GCF_051544885.1_ASM5154488v1
US_MAYO_2025,HP_084,SAMN47587704,GCF_051544865.1,GCA_051544865.1,GCF_051544865.1,JBNNBZ01,Contig,194.41,83166,1639564,ftp://ftp.ncbi.nlm.nih.gov/genomes/all/GCA/051/544/865/GCA_051544865.1_ASM5154486v1,ftp://ftp.ncbi.nlm.nih.gov/genomes/all/GCF/051/544/865/GCF_051544865.1_ASM5154486v1
US_MAYO_2025,HP_085,SAMN47587705,GCF_051544845.1,GCA_051544845.1,GCF_051544845.1,JBMMTP01,Contig,1592.23,89699,1620929,ftp://ftp.ncbi.nlm.nih.gov/genomes/all/GCA/051/544/845/GCA_051544845.1_ASM5154484v1,ftp://ftp.ncbi.nlm.nih.gov/genomes/all/GCF/051/544/845/GCF_051544845.1_ASM5154484v1
US_MAYO_2025,HP_086,SAMN47587706,GCA_051544825.1,GCA_051544825.1,,JBNNBY01,Contig,735.849,3886,1578230,ftp://ftp.ncbi.nlm.nih.gov/genomes/all/GCA/051/544/825/GCA_051544825.1_ASM5154482v1,
US_MAYO_2025,HP_087,SAMN47587707,GCF_051544805.1,GCA_051544805.1,GCF_051544805.1,JBNNBX01,Contig,268.472,46776,1667125,ftp://ftp.ncbi.nlm.nih.gov/genomes/all/GCA/051/544/805/GCA_051544805.1_ASM5154480v1,ftp://ftp.ncbi.nlm.nih.gov/genomes/all/GCF/051/544/805/GCF_051544805.1_ASM5154480v1
US_MAYO_2025,HP_088,SAMN47587708,GCF_051544785.1,GCA_051544785.1,GCF_051544785.1,JBNNBW01,Contig,450.867,98035,1592530,ftp://ftp.ncbi.nlm.nih.gov/genomes/all/GCA/051/544/785/GCA_051544785.1_ASM5154478v1,ftp://ftp.ncbi.nlm.nih.gov/genomes/all/GCF/051/544/785/GCF_051544785.1_ASM5154478v1
US_MAYO_2025,HP_091,SAMN47587709,GCF_051544765.1,GCA_051544765.1,GCF_051544765.1,JBMMTO01,Contig,1505.33,93788,1615503,ftp://ftp.ncbi.nlm.nih.gov/genomes/all/GCA/051/544/765/GCA_051544765.1_ASM5154476v1,ftp://ftp.ncbi.nlm.nih.gov/genomes/all/GCF/051/544/765/GCF_051544765.1_ASM5154476v1
US_MAYO_2025,HP_092,SAMN47587710,GCF_051544745.1,GCA_051544745.1,GCF_051544745.1,JBNNBV01,Contig,761.538,133327,1593401,ftp://ftp.ncbi.nlm.nih.gov/genomes/all/GCA/051/544/745/GCA_051544745.1_ASM5154474v1,ftp://ftp.ncbi.nlm.nih.gov/genomes/all/GCF/051/544/745/GCF_051544745.1_ASM5154474v1
US_MAYO_2025,HP_093,SAMN47587711,GCA_051544725.1,GCA_051544725.1,,JBNNBU01,Contig,726.311,4029,1510256,ftp://ftp.ncbi.nlm.nih.gov/genomes/all/GCA/051/544/725/GCA_051544725.1_ASM5154472v1,
US_MAYO_2025,HP_094,SAMN47587712,GCF_051544705.1,GCA_051544705.1,GCF_051544705.1,JBNNBT01,Contig,424.885,94876,1583442,ftp://ftp.ncbi.nlm.nih.gov/genomes/all/GCA/051/544/705/GCA_051544705.1_ASM5154470v1,ftp://ftp.ncbi.nlm.nih.gov/genomes/all/GCF/051/544/705/GCF_051544705.1_ASM5154470v1
US_MAYO_2025,HP_096,SAMN47587714,GCF_051544685.1,GCA_051544685.1,GCF_051544685.1,JBNNBS01,Contig,685.424,59789,1646350,ftp://ftp.ncbi.nlm.nih.gov/genomes/all/GCA/051/544/685/GCA_051544685.1_ASM5154468v1,ftp://ftp.ncbi.nlm.nih.gov/genomes/all/GCF/051/544/685/GCF_051544685.1_ASM5154468v1
US_MAYO_2025,HP_095,SAMN47587713,GCF_051544665.1,GCA_051544665.1,GCF_051544665.1,JBMMTN01,Contig,1449.88,109914,1555453,ftp://ftp.ncbi.nlm.nih.gov/genomes/all/GCA/051/544/665/GCA_051544665.1_ASM5154466v1,ftp://ftp.ncbi.nlm.nih.gov/genomes/all/GCF/051/544/665/GCF_051544665.1_ASM5154466v1
US_MAYO_2025,HP_097,SAMN47587715,GCF_051544645.1,GCA_051544645.1,GCF_051544645.1,JBNNBR01,Contig,746.391,9620,1563238,ftp://ftp.ncbi.nlm.nih.gov/genomes/all/GCA/051/544/645/GCA_051544645.1_ASM5154464v1,ftp://ftp.ncbi.nlm.nih.gov/genomes/all/GCF/051/544/645/GCF_051544645.1_ASM5154464v1
US_MAYO_2025,HP_098,SAMN47587716,GCF_051544625.1,GCA_051544625.1,GCF_051544625.1,JBNNBQ01,Contig,656.424,123575,1603699,ftp://ftp.ncbi.nlm.nih.gov/genomes/all/GCA/051/544/625/GCA_051544625.1_ASM5154462v1,ftp://ftp.ncbi.nlm.nih.gov/genomes/all/GCF/051/544/625/GCF_051544625.1_ASM5154462v1
US_MAYO_2025,HP_100,SAMN47587717,GCF_051544605.1,GCA_051544605.1,GCF_051544605.1,JBNNBP01,Contig,778.51,25449,1631752,ftp://ftp.ncbi.nlm.nih.gov/genomes/all/GCA/051/544/605/GCA_051544605.1_ASM5154460v1,ftp://ftp.ncbi.nlm.nih.gov/genomes/all/GCF/051/544/605/GCF_051544605.1_ASM5154460v1
US_MAYO_2025,HP_101,SAMN47587718,GCF_051544585.1,GCA_051544585.1,GCF_051544585.1,JBNNBO01,Contig,675.793,111022,1664367,ftp://ftp.ncbi.nlm.nih.gov/genomes/all/GCA/051/544/585/GCA_051544585.1_ASM5154458v1,ftp://ftp.ncbi.nlm.nih.gov/genomes/all/GCF/051/544/585/GCF_051544585.1_ASM5154458v1
US_MAYO_2025,HP_107,SAMN47587720,GCF_051544565.1,GCA_051544565.1,GCF_051544565.1,JBMMTM01,Contig,3069.8,75950,1639331,ftp://ftp.ncbi.nlm.nih.gov/genomes/all/GCA/051/544/565/GCA_051544565.1_ASM5154456v1,ftp://ftp.ncbi.nlm.nih.gov/genomes/all/GCF/051/544/565/GCF_051544565.1_ASM5154456v1
US_MAYO_2025,HP_103,SAMN47587719,GCF_051544545.1,GCA_051544545.1,GCF_051544545.1,JBNNBN01,Contig,1099.12,19983,1609497,ftp://ftp.ncbi.nlm.nih.gov/genomes/all/GCA/051/544/545/GCA_051544545.1_ASM5154454v1,ftp://ftp.ncbi.nlm.nih.gov/genomes/all/GCF/051/544/545/GCF_051544545.1_ASM5154454v1
US_MAYO_2025,HP_108,SAMN47587721,GCA_051544525.1,GCA_051544525.1,,JBNNBM01,Contig,576.647,10595,1598684,ftp://ftp.ncbi.nlm.nih.gov/genomes/all/GCA/051/544/525/GCA_051544525.1_ASM5154452v1,
US_MAYO_2025,HP_113,SAMN47587723,GCF_051544505.1,GCA_051544505.1,GCF_051544505.1,JBNNBL01,Contig,726.926,55984,1687047,ftp://ftp.ncbi.nlm.nih.gov/genomes/all/GCA/051/544/505/GCA_051544505.1_ASM5154450v1,ftp://ftp.ncbi.nlm.nih.gov/genomes/all/GCF/051/544/505/GCF_051544505.1_ASM5154450v1
US_MAYO_2025,HP_112,SAMN47587722,GCF_051544485.1,GCA_051544485.1,GCF_051544485.1,JBMMTL01,Contig,1851.28,94748,1626290,ftp://ftp.ncbi.nlm.nih.gov/genomes/all/GCA/051/544/485/GCA_051544485.1_ASM5154448v1,ftp://ftp.ncbi.nlm.nih.gov/genomes/all/GCF/051/544/485/GCF_051544485.1_ASM5154448v1
US_MAYO_2025,HP_114,SAMN47587724,GCF_051544465.1,GCA_051544465.1,GCF_051544465.1,JBMMTK01,Contig,2718,144210,1630957,ftp://ftp.ncbi.nlm.nih.gov/genomes/all/GCA/051/544/465/GCA_051544465.1_ASM5154446v1,ftp://ftp.ncbi.nlm.nih.gov/genomes/all/GCF/051/544/465/GCF_051544465.1_ASM5154446v1
US_MAYO_2025,HP_115,SAMN47587725,GCF_051544445.1,GCA_051544445.1,GCF_051544445.1,JBMMTJ01,Contig,1285.65,76941,1602332,ftp://ftp.ncbi.nlm.nih.gov/genomes/all/GCA/051/544/445/GCA_051544445.1_ASM5154444v1,ftp://ftp.ncbi.nlm.nih.gov/genomes/all/GCF/051/544/445/GCF_051544445.1_ASM5154444v1
US_MAYO_2025,HP_119,SAMN47587726,GCF_051544425.1,GCA_051544425.1,GCF_051544425.1,JBMMTI01,Contig,1639.97,66049,1654810,ftp://ftp.ncbi.nlm.nih.gov/genomes/all/GCA/051/544/425/GCA_051544425.1_ASM5154442v1,ftp://ftp.ncbi.nlm.nih.gov/genomes/all/GCF/051/544/425/GCF_051544425.1_ASM5154442v1
US_MAYO_2025,HP_125,SAMN47587727,GCF_051544405.1,GCA_051544405.1,GCF_051544405.1,JBMMTH01,Contig,3277.67,123603,1672008,ftp://ftp.ncbi.nlm.nih.gov/genomes/all/GCA/051/544/405/GCA_051544405.1_ASM5154440v1,ftp://ftp.ncbi.nlm.nih.gov/genomes/all/GCF/051/544/405/GCF_051544405.1_ASM5154440v1
US_MAYO_2025,HP_126,SAMN47587728,GCF_051544385.1,GCA_051544385.1,GCF_051544385.1,JBMMTG01,Contig,1598.74,99205,1579703,ftp://ftp.ncbi.nlm.nih.gov/genomes/all/GCA/051/544/385/GCA_051544385.1_ASM5154438v1,ftp://ftp.ncbi.nlm.nih.gov/genomes/all/GCF/051/544/385/GCF_051544385.1_ASM5154438v1
US_MAYO_2025,HP_127,SAMN47587729,GCF_051544365.1,GCA_051544365.1,GCF_051544365.1,JBMMTF01,Contig,1660.99,105976,1633017,ftp://ftp.ncbi.nlm.nih.gov/genomes/all/GCA/051/544/365/GCA_051544365.1_ASM5154436v1,ftp://ftp.ncbi.nlm.nih.gov/genomes/all/GCF/051/544/365/GCF_051544365.1_ASM5154436v1
US_MAYO_2025,HP_131,SAMN47587730,GCF_051544345.1,GCA_051544345.1,GCF_051544345.1,JBNNBK01,Contig,172.768,28599,1677025,ftp://ftp.ncbi.nlm.nih.gov/genomes/all/GCA/051/544/345/GCA_051544345.1_ASM5154434v1,ftp://ftp.ncbi.nlm.nih.gov/genomes/all/GCF/051/544/345/GCF_051544345.1_ASM5154434v1
US_MAYO_2025,HP_134,SAMN47587731,GCF_051544325.1,GCA_051544325.1,GCF_051544325.1,JBMMTE01,Contig,1459.17,109531,1571048,ftp://ftp.ncbi.nlm.nih.gov/genomes/all/GCA/051/544/325/GCA_051544325.1_ASM5154432v1,ftp://ftp.ncbi.nlm.nih.gov/genomes/all/GCF/051/544/325/GCF_051544325.1_ASM5154432v1
US_MAYO_2025,HP_135,SAMN47587732,GCF_051544305.1,GCA_051544305.1,GCF_051544305.1,JBMMTD01,Contig,1815.13,19777,1585311,ftp://ftp.ncbi.nlm.nih.gov/genomes/all/GCA/051/544/305/GCA_051544305.1_ASM5154430v1,ftp://ftp.ncbi.nlm.nih.gov/genomes/all/GCF/051/544/305/GCF_051544305.1_ASM5154430v1
US_MAYO_2025,HP_137,SAMN47587733,GCF_051544285.1,GCA_051544285.1,GCF_051544285.1,JBNNBJ01,Contig,1434.78,80260,1622338,ftp://ftp.ncbi.nlm.nih.gov/genomes/all/GCA/051/544/285/GCA_051544285.1_ASM5154428v1,ftp://ftp.ncbi.nlm.nih.gov/genomes/all/GCF/051/544/285/GCF_051544285.1_ASM5154428v1
US_MAYO_2025,HP_138,SAMN47587734,GCF_051544265.1,GCA_051544265.1,GCF_051544265.1,JBMMTC01,Contig,1411.96,97737,1613464,ftp://ftp.ncbi.nlm.nih.gov/genomes/all/GCA/051/544/265/GCA_051544265.1_ASM5154426v1,ftp://ftp.ncbi.nlm.nih.gov/genomes/all/GCF/051/544/265/GCF_051544265.1_ASM5154426v1
US_MAYO_2025,HP_146,SAMN47587735,GCF_051544245.1,GCA_051544245.1,GCF_051544245.1,JBNNBI01,Contig,2277.83,49764,1651928,ftp://ftp.ncbi.nlm.nih.gov/genomes/all/GCA/051/544/245/GCA_051544245.1_ASM5154424v1,ftp://ftp.ncbi.nlm.nih.gov/genomes/all/GCF/051/544/245/GCF_051544245.1_ASM5154424v1
US_MAYO_2025,HP_149,SAMN47587736,GCF_051544225.1,GCA_051544225.1,GCF_051544225.1,JBNNBH01,Contig,1672.28,108643,1639807,ftp://ftp.ncbi.nlm.nih.gov/genomes/all/GCA/051/544/225/GCA_051544225.1_ASM5154422v1,ftp://ftp.ncbi.nlm.nih.gov/genomes/all/GCF/051/544/225/GCF_051544225.1_ASM5154422v1
US_MAYO_2025,HP_152,SAMN47587738,GCF_051544205.1,GCA_051544205.1,GCF_051544205.1,JBMMTA01,Contig,2246.56,84857,1612682,ftp://ftp.ncbi.nlm.nih.gov/genomes/all/GCA/051/544/205/GCA_051544205.1_ASM5154420v1,ftp://ftp.ncbi.nlm.nih.gov/genomes/all/GCF/051/544/205/GCF_051544205.1_ASM5154420v1
US_MAYO_2025,HP_151,SAMN47587737,GCF_051544185.1,GCA_051544185.1,GCF_051544185.1,JBMMTB01,Contig,1730.58,93129,1646082,ftp://ftp.ncbi.nlm.nih.gov/genomes/all/GCA/051/544/185/GCA_051544185.1_ASM5154418v1,ftp://ftp.ncbi.nlm.nih.gov/genomes/all/GCF/051/544/185/GCF_051544185.1_ASM5154418v1
US_MAYO_2025,HP_153,SAMN47587739,GCF_051544165.1,GCA_051544165.1,GCF_051544165.1,JBMMSZ01,Contig,1862.02,139128,1648198,ftp://ftp.ncbi.nlm.nih.gov/genomes/all/GCA/051/544/165/GCA_051544165.1_ASM5154416v1,ftp://ftp.ncbi.nlm.nih.gov/genomes/all/GCF/051/544/165/GCF_051544165.1_ASM5154416v1
US_MAYO_2025,HP_154,SAMN47587740,GCF_051544145.1,GCA_051544145.1,GCF_051544145.1,JBNNBG01,Contig,1376.45,32729,1631577,ftp://ftp.ncbi.nlm.nih.gov/genomes/all/GCA/051/544/145/GCA_051544145.1_ASM5154414v1,ftp://ftp.ncbi.nlm.nih.gov/genomes/all/GCF/051/544/145/GCF_051544145.1_ASM5154414v1
US_MAYO_2025,HP_155,SAMN47587741,GCF_051544125.1,GCA_051544125.1,GCF_051544125.1,JBNNBF01,Contig,2645.13,181683,1589330,ftp://ftp.ncbi.nlm.nih.gov/genomes/all/GCA/051/544/125/GCA_051544125.1_ASM5154412v1,ftp://ftp.ncbi.nlm.nih.gov/genomes/all/GCF/051/544/125/GCF_051544125.1_ASM5154412v1
US_MAYO_2025,HP_156,SAMN47587742,GCF_051544105.1,GCA_051544105.1,GCF_051544105.1,JBMMSY01,Contig,1126.7,76497,1660643,ftp://ftp.ncbi.nlm.nih.gov/genomes/all/GCA/051/544/105/GCA_051544105.1_ASM5154410v1,ftp://ftp.ncbi.nlm.nih.gov/genomes/all/GCF/051/544/105/GCF_051544105.1_ASM5154410v1
US_MAYO_2025,HP_157,SAMN47587743,GCF_051544085.1,GCA_051544085.1,GCF_051544085.1,JBNNBE01,Contig,795.236,128902,1616584,ftp://ftp.ncbi.nlm.nih.gov/genomes/all/GCA/051/544/085/GCA_051544085.1_ASM5154408v1,ftp://ftp.ncbi.nlm.nih.gov/genomes/all/GCF/051/544/085/GCF_051544085.1_ASM5154408v1
US_MAYO_2025,HP_161,SAMN47587744,GCF_051544065.1,GCA_051544065.1,GCF_051544065.1,JBNNBD01,Contig,6486.37,70990,1603213,ftp://ftp.ncbi.nlm.nih.gov/genomes/all/GCA/051/544/065/GCA_051544065.1_ASM5154406v1,ftp://ftp.ncbi.nlm.nih.gov/genomes/all/GCF/051/544/065/GCF_051544065.1_ASM5154406v1
US_MAYO_2025,HP_162,SAMN47587745,GCF_051544045.1,GCA_051544045.1,GCF_051544045.1,JBNNBC01,Contig,1122.85,69911,1564266,ftp://ftp.ncbi.nlm.nih.gov/genomes/all/GCA/051/544/045/GCA_051544045.1_ASM5154404v1,ftp://ftp.ncbi.nlm.nih.gov/genomes/all/GCF/051/544/045/GCF_051544045.1_ASM5154404v1
US_MAYO_2025,HP_164,SAMN47587746,GCF_051544025.1,GCA_051544025.1,GCF_051544025.1,JBMMSX01,Contig,1361.02,145519,1607335,ftp://ftp.ncbi.nlm.nih.gov/genomes/all/GCA/051/544/025/GCA_051544025.1_ASM5154402v1,ftp://ftp.ncbi.nlm.nih.gov/genomes/all/GCF/051/544/025/GCF_051544025.1_ASM5154402v1
US_MAYO_2025,HP_165,SAMN47587747,GCF_051544005.1,GCA_051544005.1,GCF_051544005.1,JBMMSW01,Contig,1471.8,89531,1662929,ftp://ftp.ncbi.nlm.nih.gov/genomes/all/GCA/051/544/005/GCA_051544005.1_ASM5154400v1,ftp://ftp.ncbi.nlm.nih.gov/genomes/all/GCF/051/544/005/GCF_051544005.1_ASM5154400v1
US_MAYO_2025,HP_166,SAMN47587748,GCF_051543985.1,GCA_051543985.1,GCF_051543985.1,JBMMSV01,Contig,2568.44,122889,1663489,ftp://ftp.ncbi.nlm.nih.gov/genomes/all/GCA/051/543/985/GCA_051543985.1_ASM5154398v1,ftp://ftp.ncbi.nlm.nih.gov/genomes/all/GCF/051/543/985/GCF_051543985.1_ASM5154398v1
US_MAYO_2025,HP_167,SAMN47587749,GCF_051543965.1,GCA_051543965.1,GCF_051543965.1,JBNNBB01,Contig,1808.19,113058,1606957,ftp://ftp.ncbi.nlm.nih.gov/genomes/all/GCA/051/543/965/GCA_051543965.1_ASM5154396v1,ftp://ftp.ncbi.nlm.nih.gov/genomes/all/GCF/051/543/965/GCF_051543965.1_ASM5154396v1
US_MAYO_2025,HP_170,SAMN47587750,GCF_051543945.1,GCA_051543945.1,GCF_051543945.1,JBMMSU01,Contig,716.166,148980,1618288,ftp://ftp.ncbi.nlm.nih.gov/genomes/all/GCA/051/543/945/GCA_051543945.1_ASM5154394v1,ftp://ftp.ncbi.nlm.nih.gov/genomes/all/GCF/051/543/945/GCF_051543945.1_ASM5154394v1
US_MAYO_2025,HP_171,SAMN47587751,GCF_051543925.1,GCA_051543925.1,GCF_051543925.1,JBMMST01,Contig,1917.23,99670,1669870,ftp://ftp.ncbi.nlm.nih.gov/genomes/all/GCA/051/543/925/GCA_051543925.1_ASM5154392v1,ftp://ftp.ncbi.nlm.nih.gov/genomes/all/GCF/051/543/925/GCF_051543925.1_ASM5154392v1
US_MAYO_2025,HP_172,SAMN47587752,GCF_051543905.1,GCA_051543905.1,GCF_051543905.1,JBMMSS01,Contig,2161.33,84016,1630069,ftp://ftp.ncbi.nlm.nih.gov/genomes/all/GCA/051/543/905/GCA_051543905.1_ASM5154390v1,ftp://ftp.ncbi.nlm.nih.gov/genomes/all/GCF/051/543/905/GCF_051543905.1_ASM5154390v1
US_MAYO_2025,HP_173,SAMN47587753,GCF_051543885.1,GCA_051543885.1,GCF_051543885.1,JBNNBA01,Contig,1000.99,22481,1716198,ftp://ftp.ncbi.nlm.nih.gov/genomes/all/GCA/051/543/885/GCA_051543885.1_ASM5154388v1,ftp://ftp.ncbi.nlm.nih.gov/genomes/all/GCF/051/543/885/GCF_051543885.1_ASM5154388v1
US_MAYO_2025,HP_176,SAMN47587755,GCF_051543865.1,GCA_051543865.1,GCF_051543865.1,JBMMSR01,Contig,958.847,16232,1623059,ftp://ftp.ncbi.nlm.nih.gov/genomes/all/GCA/051/543/865/GCA_051543865.1_ASM5154386v1,ftp://ftp.ncbi.nlm.nih.gov/genomes/all/GCF/051/543/865/GCF_051543865.1_ASM5154386v1
US_MAYO_2025,HP_174,SAMN47587754,GCF_051543845.1,GCA_051543845.1,GCF_051543845.1,JBNNAZ01,Contig,365.162,50540,1658162,ftp://ftp.ncbi.nlm.nih.gov/genomes/all/GCA/051/543/845/GCA_051543845.1_ASM5154384v1,ftp://ftp.ncbi.nlm.nih.gov/genomes/all/GCF/051/543/845/GCF_051543845.1_ASM5154384v1
US_MAYO_2025,HP_177,SAMN47587756,GCF_051543825.1,GCA_051543825.1,GCF_051543825.1,JBMMSQ01,Contig,1563.54,137858,1618557,ftp://ftp.ncbi.nlm.nih.gov/genomes/all/GCA/051/543/825/GCA_051543825.1_ASM5154382v1,ftp://ftp.ncbi.nlm.nih.gov/genomes/all/GCF/051/543/825/GCF_051543825.1_ASM5154382v1
US_MAYO_2025,HP_178,SAMN47587757,GCF_051543805.1,GCA_051543805.1,GCF_051543805.1,JBMMSP01,Contig,1459.08,53680,1580204,ftp://ftp.ncbi.nlm.nih.gov/genomes/all/GCA/051/543/805/GCA_051543805.1_ASM5154380v1,ftp://ftp.ncbi.nlm.nih.gov/genomes/all/GCF/051/543/805/GCF_051543805.1_ASM5154380v1
US_MAYO_2025,HP_179,SAMN47587758,GCF_051543785.1,GCA_051543785.1,GCF_051543785.1,JBMMSO01,Contig,2559.96,110903,1609076,ftp://ftp.ncbi.nlm.nih.gov/genomes/all/GCA/051/543/785/GCA_051543785.1_ASM5154378v1,ftp://ftp.ncbi.nlm.nih.gov/genomes/all/GCF/051/543/785/GCF_051543785.1_ASM5154378v1
US_MAYO_2025,HP_181,SAMN47587759,GCF_051543765.1,GCA_051543765.1,GCF_051543765.1,JBMMSN01,Contig,1246.59,110802,1605915,ftp://ftp.ncbi.nlm.nih.gov/genomes/all/GCA/051/543/765/GCA_051543765.1_ASM5154376v1,ftp://ftp.ncbi.nlm.nih.gov/genomes/all/GCF/051/543/765/GCF_051543765.1_ASM5154376v1
US_MAYO_2025,HP_183,SAMN47587760,GCF_051543745.1,GCA_051543745.1,GCF_051543745.1,JBMMSM01,Contig,1429.79,110029,1613654,ftp://ftp.ncbi.nlm.nih.gov/genomes/all/GCA/051/543/745/GCA_051543745.1_ASM5154374v1,ftp://ftp.ncbi.nlm.nih.gov/genomes/all/GCF/051/543/745/GCF_051543745.1_ASM5154374v1
US_MAYO_2025,HP_186,SAMN47587761,GCF_051543725.1,GCA_051543725.1,GCF_051543725.1,JBMMSL01,Contig,2771.75,127558,1614022,ftp://ftp.ncbi.nlm.nih.gov/genomes/all/GCA/051/543/725/GCA_051543725.1_ASM5154372v1,ftp://ftp.ncbi.nlm.nih.gov/genomes/all/GCF/051/543/725/GCF_051543725.1_ASM5154372v1
US_MAYO_2025,HP_187,SAMN47587762,GCF_051543705.1,GCA_051543705.1,GCF_051543705.1,JBMMSK01,Contig,1686.51,81634,1615207,ftp://ftp.ncbi.nlm.nih.gov/genomes/all/GCA/051/543/705/GCA_051543705.1_ASM5154370v1,ftp://ftp.ncbi.nlm.nih.gov/genomes/all/GCF/051/543/705/GCF_051543705.1_ASM5154370v1
US_MAYO_2025,HP_189,SAMN47587763,GCF_051543685.1,GCA_051543685.1,GCF_051543685.1,JBMMSJ01,Contig,1076.05,120268,1623424,ftp://ftp.ncbi.nlm.nih.gov/genomes/all/GCA/051/543/685/GCA_051543685.1_ASM5154368v1,ftp://ftp.ncbi.nlm.nih.gov/genomes/all/GCF/051/543/685/GCF_051543685.1_ASM5154368v1
US_MAYO_2025,HP_191,SAMN47587764,GCF_051543665.1,GCA_051543665.1,GCF_051543665.1,JBNNAY01,Contig,1414.78,60099,1610258,ftp://ftp.ncbi.nlm.nih.gov/genomes/all/GCA/051/543/665/GCA_051543665.1_ASM5154366v1,ftp://ftp.ncbi.nlm.nih.gov/genomes/all/GCF/051/543/665/GCF_051543665.1_ASM5154366v1
US_MAYO_2025,HP_195,SAMN47587766,GCF_051543645.1,GCA_051543645.1,GCF_051543645.1,JBMMSH01,Contig,1789.38,27141,1563450,ftp://ftp.ncbi.nlm.nih.gov/genomes/all/GCA/051/543/645/GCA_051543645.1_ASM5154364v1,ftp://ftp.ncbi.nlm.nih.gov/genomes/all/GCF/051/543/645/GCF_051543645.1_ASM5154364v1
US_MAYO_2025,HP_194,SAMN47587765,GCF_051543625.1,GCA_051543625.1,GCF_051543625.1,JBMMSI01,Contig,1469.41,243192,1611917,ftp://ftp.ncbi.nlm.nih.gov/genomes/all/GCA/051/543/625/GCA_051543625.1_ASM5154362v1,ftp://ftp.ncbi.nlm.nih.gov/genomes/all/GCF/051/543/625/GCF_051543625.1_ASM5154362v1
US_MAYO_2025,HP_196,SAMN47587767,GCF_051543605.1,GCA_051543605.1,GCF_051543605.1,JBNNAX01,Contig,181.772,39433,1552160,ftp://ftp.ncbi.nlm.nih.gov/genomes/all/GCA/051/543/605/GCA_051543605.1_ASM5154360v1,ftp://ftp.ncbi.nlm.nih.gov/genomes/all/GCF/051/543/605/GCF_051543605.1_ASM5154360v1
US_MAYO_2025,HP_199,SAMN47587769,GCF_051543585.1,GCA_051543585.1,GCF_051543585.1,JBMMSF01,Contig,433.869,95822,1639184,ftp://ftp.ncbi.nlm.nih.gov/genomes/all/GCA/051/543/585/GCA_051543585.1_ASM5154358v1,ftp://ftp.ncbi.nlm.nih.gov/genomes/all/GCF/051/543/585/GCF_051543585.1_ASM5154358v1
US_MAYO_2025,HP_198,SAMN47587768,GCF_051543565.1,GCA_051543565.1,GCF_051543565.1,JBMMSG01,Contig,2043.36,80471,1708164,ftp://ftp.ncbi.nlm.nih.gov/genomes/all/GCA/051/543/565/GCA_051543565.1_ASM5154356v1,ftp://ftp.ncbi.nlm.nih.gov/genomes/all/GCF/051/543/565/GCF_051543565.1_ASM5154356v1
US_MAYO_2025,HP_201,SAMN47587770,GCF_051543545.1,GCA_051543545.1,GCF_051543545.1,JBNNAW01,Contig,321.683,68153,1604671,ftp://ftp.ncbi.nlm.nih.gov/genomes/all/GCA/051/543/545/GCA_051543545.1_ASM5154354v1,ftp://ftp.ncbi.nlm.nih.gov/genomes/all/GCF/051/543/545/GCF_051543545.1_ASM5154354v1
US_MAYO_2025,HP_208,SAMN47587772,GCF_051543525.1,GCA_051543525.1,GCF_051543525.1,JBMMSD01,Contig,1654.05,120064,1579569,ftp://ftp.ncbi.nlm.nih.gov/genomes/all/GCA/051/543/525/GCA_051543525.1_ASM5154352v1,ftp://ftp.ncbi.nlm.nih.gov/genomes/all/GCF/051/543/525/GCF_051543525.1_ASM5154352v1
US_MAYO_2025,HP_202,SAMN47587771,GCF_051543505.1,GCA_051543505.1,GCF_051543505.1,JBMMSE01,Contig,1530.12,77946,1670217,ftp://ftp.ncbi.nlm.nih.gov/genomes/all/GCA/051/543/505/GCA_051543505.1_ASM5154350v1,ftp://ftp.ncbi.nlm.nih.gov/genomes/all/GCF/051/543/505/GCF_051543505.1_ASM5154350v1
US_MAYO_2025,HP_211,SAMN47587773,GCF_051543485.1,GCA_051543485.1,GCF_051543485.1,JBNNAV01,Contig,2008.05,64352,1588461,ftp://ftp.ncbi.nlm.nih.gov/genomes/all/GCA/051/543/485/GCA_051543485.1_ASM5154348v1,ftp://ftp.ncbi.nlm.nih.gov/genomes/all/GCF/051/543/485/GCF_051543485.1_ASM5154348v1
US_MAYO_2025,HP_212,SAMN47587774,GCF_051543465.1,GCA_051543465.1,GCF_051543465.1,JBNNAU01,Contig,769.038,84938,1618007,ftp://ftp.ncbi.nlm.nih.gov/genomes/all/GCA/051/543/465/GCA_051543465.1_ASM5154346v1,ftp://ftp.ncbi.nlm.nih.gov/genomes/all/GCF/051/543/465/GCF_051543465.1_ASM5154346v1
US_MAYO_2025,HP_215,SAMN47587776,GCF_051543445.1,GCA_051543445.1,GCF_051543445.1,JBMMSB01,Contig,1518.84,74858,1616917,ftp://ftp.ncbi.nlm.nih.gov/genomes/all/GCA/051/543/445/GCA_051543445.1_ASM5154344v1,ftp://ftp.ncbi.nlm.nih.gov/genomes/all/GCF/051/543/445/GCF_051543445.1_ASM5154344v1
US_MAYO_2025,HP_213,SAMN47587775,GCF_051543425.1,GCA_051543425.1,GCF_051543425.1,JBMMSC01,Contig,2170.94,165270,1638312,ftp://ftp.ncbi.nlm.nih.gov/genomes/all/GCA/051/543/425/GCA_051543425.1_ASM5154342v1,ftp://ftp.ncbi.nlm.nih.gov/genomes/all/GCF/051/543/425/GCF_051543425.1_ASM5154342v1
US_MAYO_2025,HP_216,SAMN47587777,GCF_051543405.1,GCA_051543405.1,GCF_051543405.1,JBMMSA01,Contig,1057.26,141955,1574878,ftp://ftp.ncbi.nlm.nih.gov/genomes/all/GCA/051/543/405/GCA_051543405.1_ASM5154340v1,ftp://ftp.ncbi.nlm.nih.gov/genomes/all/GCF/051/543/405/GCF_051543405.1_ASM5154340v1
US_MAYO_2025,HP_218,SAMN47587778,GCF_051543385.1,GCA_051543385.1,GCF_051543385.1,JBNNAT01,Contig,3840.6,102283,1614488,ftp://ftp.ncbi.nlm.nih.gov/genomes/all/GCA/051/543/385/GCA_051543385.1_ASM5154338v1,ftp://ftp.ncbi.nlm.nih.gov/genomes/all/GCF/051/543/385/GCF_051543385.1_ASM5154338v1
US_MAYO_2025,HP_219,SAMN47587779,GCF_051543365.1,GCA_051543365.1,GCF_051543365.1,JBNNAS01,Contig,21.0426,18359,1561321,ftp://ftp.ncbi.nlm.nih.gov/genomes/all/GCA/051/543/365/GCA_051543365.1_ASM5154336v1,ftp://ftp.ncbi.nlm.nih.gov/genomes/all/GCF/051/543/365/GCF_051543365.1_ASM5154336v1
US_MAYO_2025,HP_220,SAMN47587780,GCF_051543345.1,GCA_051543345.1,GCF_051543345.1,JBMMRZ01,Contig,1747.77,95949,1566135,ftp://ftp.ncbi.nlm.nih.gov/genomes/all/GCA/051/543/345/GCA_051543345.1_ASM5154334v1,ftp://ftp.ncbi.nlm.nih.gov/genomes/all/GCF/051/543/345/GCF_051543345.1_ASM5154334v1
US_MAYO_2025,HP_221,SAMN47587781,GCF_051543325.1,GCA_051543325.1,GCF_051543325.1,JBMMRY01,Contig,1539.34,35592,1627742,ftp://ftp.ncbi.nlm.nih.gov/genomes/all/GCA/051/543/325/GCA_051543325.1_ASM5154332v1,ftp://ftp.ncbi.nlm.nih.gov/genomes/all/GCF/051/543/325/GCF_051543325.1_ASM5154332v1
US_MAYO_2025,HP_223,SAMN47587782,GCF_051543305.1,GCA_051543305.1,GCF_051543305.1,JBMMRX01,Contig,676.177,39085,1616693,ftp://ftp.ncbi.nlm.nih.gov/genomes/all/GCA/051/543/305/GCA_051543305.1_ASM5154330v1,ftp://ftp.ncbi.nlm.nih.gov/genomes/all/GCF/051/543/305/GCF_051543305.1_ASM5154330v1
US_MAYO_2025,HP_224,SAMN47587783,GCF_051543285.1,GCA_051543285.1,GCF_051543285.1,JBMMRW01,Contig,1376,82978,1594132,ftp://ftp.ncbi.nlm.nih.gov/genomes/all/GCA/051/543/285/GCA_051543285.1_ASM5154328v1,ftp://ftp.ncbi.nlm.nih.gov/genomes/all/GCF/051/543/285/GCF_051543285.1_ASM5154328v1
US_MAYO_2025,HP_225,SAMN47587784,GCF_051543265.1,GCA_051543265.1,GCF_051543265.1,JBNNAR01,Contig,1431.15,45049,1650176,ftp://ftp.ncbi.nlm.nih.gov/genomes/all/GCA/051/543/265/GCA_051543265.1_ASM5154326v1,ftp://ftp.ncbi.nlm.nih.gov/genomes/all/GCF/051/543/265/GCF_051543265.1_ASM5154326v1
US_MAYO_2025,HP_227,SAMN47587785,GCF_051543245.1,GCA_051543245.1,GCF_051543245.1,JBNNAQ01,Contig,762.925,81187,1577530,ftp://ftp.ncbi.nlm.nih.gov/genomes/all/GCA/051/543/245/GCA_051543245.1_ASM5154324v1,ftp://ftp.ncbi.nlm.nih.gov/genomes/all/GCF/051/543/245/GCF_051543245.1_ASM5154324v1
US_MAYO_2025,HP_230,SAMN47587787,GCF_051543225.1,GCA_051543225.1,GCF_051543225.1,JBMMRU01,Contig,1527.85,55880,1621574,ftp://ftp.ncbi.nlm.nih.gov/genomes/all/GCA/051/543/225/GCA_051543225.1_ASM5154322v1,ftp://ftp.ncbi.nlm.nih.gov/genomes/all/GCF/051/543/225/GCF_051543225.1_ASM5154322v1
US_MAYO_2025,HP_229,SAMN47587786,GCF_051543205.1,GCA_051543205.1,GCF_051543205.1,JBMMRV01,Contig,1601.1,95632,1632992,ftp://ftp.ncbi.nlm.nih.gov/genomes/all/GCA/051/543/205/GCA_051543205.1_ASM5154320v1,ftp://ftp.ncbi.nlm.nih.gov/genomes/all/GCF/051/543/205/GCF_051543205.1_ASM5154320v1
US_MAYO_2025,HP_231,SAMN47587788,GCF_051543185.1,GCA_051543185.1,GCF_051543185.1,JBMMRT01,Contig,1194.8,106668,1620544,ftp://ftp.ncbi.nlm.nih.gov/genomes/all/GCA/051/543/185/GCA_051543185.1_ASM5154318v1,ftp://ftp.ncbi.nlm.nih.gov/genomes/all/GCF/051/543/185/GCF_051543185.1_ASM5154318v1
US_MAYO_2025,HP_234,SAMN47587789,GCF_051543155.1,GCA_051543155.1,GCF_051543155.1,JBNNAP01,Contig,320.951,126223,1591925,ftp://ftp.ncbi.nlm.nih.gov/genomes/all/GCA/051/543/155/GCA_051543155.1_ASM5154315v1,ftp://ftp.ncbi.nlm.nih.gov/genomes/all/GCF/051/543/155/GCF_051543155.1_ASM5154315v1
US_MAYO_2025,HP_236,SAMN47587791,GCF_051543145.1,GCA_051543145.1,GCF_051543145.1,JBMMRR01,Contig,113.211,90024,1594419,ftp://ftp.ncbi.nlm.nih.gov/genomes/all/GCA/051/543/145/GCA_051543145.1_ASM5154314v1,ftp://ftp.ncbi.nlm.nih.gov/genomes/all/GCF/051/543/145/GCF_051543145.1_ASM5154314v1
US_MAYO_2025,HP_235,SAMN47587790,GCF_051543125.1,GCA_051543125.1,GCF_051543125.1,JBMMRS01,Contig,1098.89,82415,1622215,ftp://ftp.ncbi.nlm.nih.gov/genomes/all/GCA/051/543/125/GCA_051543125.1_ASM5154312v1,ftp://ftp.ncbi.nlm.nih.gov/genomes/all/GCF/051/543/125/GCF_051543125.1_ASM5154312v1
US_MAYO_2025,HP_237,SAMN47587792,GCF_051543105.1,GCA_051543105.1,GCF_051543105.1,JBNNAO01,Contig,50.6693,39360,1576631,ftp://ftp.ncbi.nlm.nih.gov/genomes/all/GCA/051/543/105/GCA_051543105.1_ASM5154310v1,ftp://ftp.ncbi.nlm.nih.gov/genomes/all/GCF/051/543/105/GCF_051543105.1_ASM5154310v1
US_MAYO_2025,HP_238,SAMN47587793,GCF_051543085.1,GCA_051543085.1,GCF_051543085.1,JBNNAN01,Contig,101.154,36424,1696204,ftp://ftp.ncbi.nlm.nih.gov/genomes/all/GCA/051/543/085/GCA_051543085.1_ASM5154308v1,ftp://ftp.ncbi.nlm.nih.gov/genomes/all/GCF/051/543/085/GCF_051543085.1_ASM5154308v1
US_MAYO_2025,HP_241,SAMN47587794,GCF_051543065.1,GCA_051543065.1,GCF_051543065.1,JBMMRQ01,Contig,1512.81,243261,1597565,ftp://ftp.ncbi.nlm.nih.gov/genomes/all/GCA/051/543/065/GCA_051543065.1_ASM5154306v1,ftp://ftp.ncbi.nlm.nih.gov/genomes/all/GCF/051/543/065/GCF_051543065.1_ASM5154306v1
US_MAYO_2025,HP_242,SAMN47587795,GCF_051543045.1,GCA_051543045.1,GCF_051543045.1,JBMMRP01,Contig,1278.86,227017,1596649,ftp://ftp.ncbi.nlm.nih.gov/genomes/all/GCA/051/543/045/GCA_051543045.1_ASM5154304v1,ftp://ftp.ncbi.nlm.nih.gov/genomes/all/GCF/051/543/045/GCF_051543045.1_ASM5154304v1
US_MAYO_2025,HP_245,SAMN47587796,GCF_051543025.1,GCA_051543025.1,GCF_051543025.1,JBNNAM01,Contig,177.525,22393,1528490,ftp://ftp.ncbi.nlm.nih.gov/genomes/all/GCA/051/543/025/GCA_051543025.1_ASM5154302v1,ftp://ftp.ncbi.nlm.nih.gov/genomes/all/GCF/051/543/025/GCF_051543025.1_ASM5154302v1
US_MAYO_2025,HP_246,SAMN47587797,GCF_051543005.1,GCA_051543005.1,GCF_051543005.1,JBMMRO01,Contig,1311.91,67481,1640598,ftp://ftp.ncbi.nlm.nih.gov/genomes/all/GCA/051/543/005/GCA_051543005.1_ASM5154300v1,ftp://ftp.ncbi.nlm.nih.gov/genomes/all/GCF/051/543/005/GCF_051543005.1_ASM5154300v1
US_MAYO_2025,HP_248,SAMN47587798,GCF_051542985.1,GCA_051542985.1,GCF_051542985.1,JBNNAL01,Contig,1337.09,70025,1667065,ftp://ftp.ncbi.nlm.nih.gov/genomes/all/GCA/051/542/985/GCA_051542985.1_ASM5154298v1,ftp://ftp.ncbi.nlm.nih.gov/genomes/all/GCF/051/542/985/GCF_051542985.1_ASM5154298v1
US_MAYO_2025,HP_251,SAMN47587799,GCF_051542965.1,GCA_051542965.1,GCF_051542965.1,JBMMRN01,Contig,1349.69,67049,1638853,ftp://ftp.ncbi.nlm.nih.gov/genomes/all/GCA/051/542/965/GCA_051542965.1_ASM5154296v1,ftp://ftp.ncbi.nlm.nih.gov/genomes/all/GCF/051/542/965/GCF_051542965.1_ASM5154296v1
US_MAYO_2025,HP_254,SAMN47587800,GCF_051542945.1,GCA_051542945.1,GCF_051542945.1,JBMMRM01,Contig,4553.47,89288,1614124,ftp://ftp.ncbi.nlm.nih.gov/genomes/all/GCA/051/542/945/GCA_051542945.1_ASM5154294v1,ftp://ftp.ncbi.nlm.nih.gov/genomes/all/GCF/051/542/945/GCF_051542945.1_ASM5154294v1
US_MAYO_2025,HP_256,SAMN47587801,GCF_051542925.1,GCA_051542925.1,GCF_051542925.1,JBMMRL01,Contig,1268.2,69172,1648958,ftp://ftp.ncbi.nlm.nih.gov/genomes/all/GCA/051/542/925/GCA_051542925.1_ASM5154292v1,ftp://ftp.ncbi.nlm.nih.gov/genomes/all/GCF/051/542/925/GCF_051542925.1_ASM5154292v1
US_MAYO_2025,HP_257,SAMN47587802,GCF_051542905.1,GCA_051542905.1,GCF_051542905.1,JBMMRK01,Contig,1012.63,105505,1630487,ftp://ftp.ncbi.nlm.nih.gov/genomes/all/GCA/051/542/905/GCA_051542905.1_ASM5154290v1,ftp://ftp.ncbi.nlm.nih.gov/genomes/all/GCF/051/542/905/GCF_051542905.1_ASM5154290v1
US_MAYO_2025,HP_258,SAMN47587803,GCF_051542885.1,GCA_051542885.1,GCF_051542885.1,JBNNAK01,Contig,1591.13,51168,1592286,ftp://ftp.ncbi.nlm.nih.gov/genomes/all/GCA/051/542/885/GCA_051542885.1_ASM5154288v1,ftp://ftp.ncbi.nlm.nih.gov/genomes/all/GCF/051/542/885/GCF_051542885.1_ASM5154288v1
US_MAYO_2025,HP_261,SAMN47587804,GCF_051542865.1,GCA_051542865.1,GCF_051542865.1,JBMMRJ01,Contig,1424.57,101253,1646103,ftp://ftp.ncbi.nlm.nih.gov/genomes/all/GCA/051/542/865/GCA_051542865.1_ASM5154286v1,ftp://ftp.ncbi.nlm.nih.gov/genomes/all/GCF/051/542/865/GCF_051542865.1_ASM5154286v1
US_MAYO_2025,HP_262,SAMN47587805,GCF_051542845.1,GCA_051542845.1,GCF_051542845.1,JBNNAJ01,Contig,1401.04,129781,1647844,ftp://ftp.ncbi.nlm.nih.gov/genomes/all/GCA/051/542/845/GCA_051542845.1_ASM5154284v1,ftp://ftp.ncbi.nlm.nih.gov/genomes/all/GCF/051/542/845/GCF_051542845.1_ASM5154284v1
US_MAYO_2025,HP_263,SAMN47587806,GCF_051542825.1,GCA_051542825.1,GCF_051542825.1,JBMMRI01,Contig,1862.48,72291,1585021,ftp://ftp.ncbi.nlm.nih.gov/genomes/all/GCA/051/542/825/GCA_051542825.1_ASM5154282v1,ftp://ftp.ncbi.nlm.nih.gov/genomes/all/GCF/051/542/825/GCF_051542825.1_ASM5154282v1
US_MAYO_2025,HP_266,SAMN47587807,GCF_051542805.1,GCA_051542805.1,GCF_051542805.1,JBNNAI01,Contig,1203.62,106103,1591914,ftp://ftp.ncbi.nlm.nih.gov/genomes/all/GCA/051/542/805/GCA_051542805.1_ASM5154280v1,ftp://ftp.ncbi.nlm.nih.gov/genomes/all/GCF/051/542/805/GCF_051542805.1_ASM5154280v1
US_MAYO_2025,HP_267,SAMN47587808,GCF_051542785.1,GCA_051542785.1,GCF_051542785.1,JBMMRH01,Contig,1741.77,140818,1658023,ftp://ftp.ncbi.nlm.nih.gov/genomes/all/GCA/051/542/785/GCA_051542785.1_ASM5154278v1,ftp://ftp.ncbi.nlm.nih.gov/genomes/all/GCF/051/542/785/GCF_051542785.1_ASM5154278v1
US_MAYO_2025,HP_269,SAMN47587810,GCF_051542765.1,GCA_051542765.1,GCF_051542765.1,JBMMRF01,Contig,1119.05,84494,1615127,ftp://ftp.ncbi.nlm.nih.gov/genomes/all/GCA/051/542/765/GCA_051542765.1_ASM5154276v1,ftp://ftp.ncbi.nlm.nih.gov/genomes/all/GCF/051/542/765/GCF_051542765.1_ASM5154276v1
US_MAYO_2025,HP_268,SAMN47587809,GCF_051542745.1,GCA_051542745.1,GCF_051542745.1,JBMMRG01,Contig,1208.25,182437,1631185,ftp://ftp.ncbi.nlm.nih.gov/genomes/all/GCA/051/542/745/GCA_051542745.1_ASM5154274v1,ftp://ftp.ncbi.nlm.nih.gov/genomes/all/GCF/051/542/745/GCF_051542745.1_ASM5154274v1
US_MAYO_2025,HP_270,SAMN47587811,GCF_051542725.1,GCA_051542725.1,GCF_051542725.1,JBMMRE01,Contig,2575.88,119993,1639177,ftp://ftp.ncbi.nlm.nih.gov/genomes/all/GCA/051/542/725/GCA_051542725.1_ASM5154272v1,ftp://ftp.ncbi.nlm.nih.gov/genomes/all/GCF/051/542/725/GCF_051542725.1_ASM5154272v1
US_MAYO_2025,HP_271,SAMN47587812,GCF_051542705.1,GCA_051542705.1,GCF_051542705.1,JBNNAH01,Contig,904.826,104592,1562349,ftp://ftp.ncbi.nlm.nih.gov/genomes/all/GCA/051/542/705/GCA_051542705.1_ASM5154270v1,ftp://ftp.ncbi.nlm.nih.gov/genomes/all/GCF/051/542/705/GCF_051542705.1_ASM5154270v1
US_MAYO_2025,HP_274,SAMN47587814,GCF_051542685.1,GCA_051542685.1,GCF_051542685.1,JBNNAG01,Contig,1616.13,53226,1598050,ftp://ftp.ncbi.nlm.nih.gov/genomes/all/GCA/051/542/685/GCA_051542685.1_ASM5154268v1,ftp://ftp.ncbi.nlm.nih.gov/genomes/all/GCF/051/542/685/GCF_051542685.1_ASM5154268v1
US_MAYO_2025,HP_272,SAMN47587813,GCF_051542665.1,GCA_051542665.1,GCF_051542665.1,JBMMRD01,Contig,1417.93,78652,1616307,ftp://ftp.ncbi.nlm.nih.gov/genomes/all/GCA/051/542/665/GCA_051542665.1_ASM5154266v1,ftp://ftp.ncbi.nlm.nih.gov/genomes/all/GCF/051/542/665/GCF_051542665.1_ASM5154266v1
US_MAYO_2025,HP_277,SAMN47587815,GCF_051542645.1,GCA_051542645.1,GCF_051542645.1,JBMMRC01,Contig,1582.69,145500,1627327,ftp://ftp.ncbi.nlm.nih.gov/genomes/all/GCA/051/542/645/GCA_051542645.1_ASM5154264v1,ftp://ftp.ncbi.nlm.nih.gov/genomes/all/GCF/051/542/645/GCF_051542645.1_ASM5154264v1
US_MAYO_2025,HP_281,SAMN47587816,GCF_051542625.1,GCA_051542625.1,GCF_051542625.1,JBMMRB01,Contig,1549.97,94112,1611748,ftp://ftp.ncbi.nlm.nih.gov/genomes/all/GCA/051/542/625/GCA_051542625.1_ASM5154262v1,ftp://ftp.ncbi.nlm.nih.gov/genomes/all/GCF/051/542/625/GCF_051542625.1_ASM5154262v1
US_MAYO_2025,HP_283,SAMN47587817,GCF_051542605.1,GCA_051542605.1,GCF_051542605.1,JBMMRA01,Contig,1661.35,125651,1616790,ftp://ftp.ncbi.nlm.nih.gov/genomes/all/GCA/051/542/605/GCA_051542605.1_ASM5154260v1,ftp://ftp.ncbi.nlm.nih.gov/genomes/all/GCF/051/542/605/GCF_051542605.1_ASM5154260v1
US_MAYO_2025,HP_284,SAMN47587818,GCF_051542585.1,GCA_051542585.1,GCF_051542585.1,JBMMQZ01,Contig,2956.57,102343,1641101,ftp://ftp.ncbi.nlm.nih.gov/genomes/all/GCA/051/542/585/GCA_051542585.1_ASM5154258v1,ftp://ftp.ncbi.nlm.nih.gov/genomes/all/GCF/051/542/585/GCF_051542585.1_ASM5154258v1
US_MAYO_2025,HP_285,SAMN47587819,GCF_051542565.1,GCA_051542565.1,GCF_051542565.1,JBNNAF01,Contig,1949.07,83118,1611176,ftp://ftp.ncbi.nlm.nih.gov/genomes/all/GCA/051/542/565/GCA_051542565.1_ASM5154256v1,ftp://ftp.ncbi.nlm.nih.gov/genomes/all/GCF/051/542/565/GCF_051542565.1_ASM5154256v1
US_MAYO_2025,HP_287,SAMN47587820,GCF_051542545.1,GCA_051542545.1,GCF_051542545.1,JBMMQY01,Contig,1804.68,83736,1611599,ftp://ftp.ncbi.nlm.nih.gov/genomes/all/GCA/051/542/545/GCA_051542545.1_ASM5154254v1,ftp://ftp.ncbi.nlm.nih.gov/genomes/all/GCF/051/542/545/GCF_051542545.1_ASM5154254v1
US_MAYO_2025,HP_289,SAMN47587821,GCF_051542525.1,GCA_051542525.1,GCF_051542525.1,JBMMQX01,Contig,2228.85,82467,1633402,ftp://ftp.ncbi.nlm.nih.gov/genomes/all/GCA/051/542/525/GCA_051542525.1_ASM5154252v1,ftp://ftp.ncbi.nlm.nih.gov/genomes/all/GCF/051/542/525/GCF_051542525.1_ASM5154252v1
US_MAYO_2025,HP_290,SAMN47587822,GCF_051542505.1,GCA_051542505.1,GCF_051542505.1,JBNNAE01,Contig,1382.25,44871,1578315,ftp://ftp.ncbi.nlm.nih.gov/genomes/all/GCA/051/542/505/GCA_051542505.1_ASM5154250v1,ftp://ftp.ncbi.nlm.nih.gov/genomes/all/GCF/051/542/505/GCF_051542505.1_ASM5154250v1
US_MAYO_2025,HP_291,SAMN47587823,GCF_051542485.1,GCA_051542485.1,GCF_051542485.1,JBNNAD01,Contig,1988.05,73407,1616627,ftp://ftp.ncbi.nlm.nih.gov/genomes/all/GCA/051/542/485/GCA_051542485.1_ASM5154248v1,ftp://ftp.ncbi.nlm.nih.gov/genomes/all/GCF/051/542/485/GCF_051542485.1_ASM5154248v1
US_MAYO_2025,HP_292,SAMN47587824,GCF_051542465.1,GCA_051542465.1,GCF_051542465.1,JBMMQW01,Contig,1153.23,291245,1589671,ftp://ftp.ncbi.nlm.nih.gov/genomes/all/GCA/051/542/465/GCA_051542465.1_ASM5154246v1,ftp://ftp.ncbi.nlm.nih.gov/genomes/all/GCF/051/542/465/GCF_051542465.1_ASM5154246v1
US_MAYO_2025,HP_296,SAMN47587826,GCF_051542445.1,GCA_051542445.1,GCF_051542445.1,JBNNAC01,Contig,1438.23,79846,1661519,ftp://ftp.ncbi.nlm.nih.gov/genomes/all/GCA/051/542/445/GCA_051542445.1_ASM5154244v1,ftp://ftp.ncbi.nlm.nih.gov/genomes/all/GCF/051/542/445/GCF_051542445.1_ASM5154244v1
US_MAYO_2025,HP_293,SAMN47587825,GCF_051542425.1,GCA_051542425.1,GCF_051542425.1,JBMMQV01,Contig,1547.85,74053,1649183,ftp://ftp.ncbi.nlm.nih.gov/genomes/all/GCA/051/542/425/GCA_051542425.1_ASM5154242v1,ftp://ftp.ncbi.nlm.nih.gov/genomes/all/GCF/051/542/425/GCF_051542425.1_ASM5154242v1
US_MAYO_2025,HP_297,SAMN47587827,GCF_051542405.1,GCA_051542405.1,GCF_051542405.1,JBMMQU01,Contig,1321.94,151180,1555775,ftp://ftp.ncbi.nlm.nih.gov/genomes/all/GCA/051/542/405/GCA_051542405.1_ASM5154240v1,ftp://ftp.ncbi.nlm.nih.gov/genomes/all/GCF/051/542/405/GCF_051542405.1_ASM5154240v1
US_MAYO_2025,HP_298,SAMN47587828,GCF_051542385.1,GCA_051542385.1,GCF_051542385.1,JBMMQT01,Contig,1179.45,111349,1570582,ftp://ftp.ncbi.nlm.nih.gov/genomes/all/GCA/051/542/385/GCA_051542385.1_ASM5154238v1,ftp://ftp.ncbi.nlm.nih.gov/genomes/all/GCF/051/542/385/GCF_051542385.1_ASM5154238v1
US_MAYO_2025,HP_301,SAMN47587829,GCF_051542365.1,GCA_051542365.1,GCF_051542365.1,JBNNAB01,Contig,1411.3,102199,1588237,ftp://ftp.ncbi.nlm.nih.gov/genomes/all/GCA/051/542/365/GCA_051542365.1_ASM5154236v1,ftp://ftp.ncbi.nlm.nih.gov/genomes/all/GCF/051/542/365/GCF_051542365.1_ASM5154236v1
US_MAYO_2025,HP_302,SAMN47587830,GCF_051542345.1,GCA_051542345.1,GCF_051542345.1,JBNNAA01,Contig,1314.54,59914,1655202,ftp://ftp.ncbi.nlm.nih.gov/genomes/all/GCA/051/542/345/GCA_051542345.1_ASM5154234v1,ftp://ftp.ncbi.nlm.nih.gov/genomes/all/GCF/051/542/345/GCF_051542345.1_ASM5154234v1
US_MAYO_2025,HP_303,SAMN47587831,GCF_051542325.1,GCA_051542325.1,GCF_051542325.1,JBMMQS01,Contig,1380.65,71927,1631200,ftp://ftp.ncbi.nlm.nih.gov/genomes/all/GCA/051/542/325/GCA_051542325.1_ASM5154232v1,ftp://ftp.ncbi.nlm.nih.gov/genomes/all/GCF/051/542/325/GCF_051542325.1_ASM5154232v1
US_MAYO_2025,HP_304,SAMN47587832,GCF_051542305.1,GCA_051542305.1,GCF_051542305.1,JBMMQR01,Contig,1226.91,41421,1640173,ftp://ftp.ncbi.nlm.nih.gov/genomes/all/GCA/051/542/305/GCA_051542305.1_ASM5154230v1,ftp://ftp.ncbi.nlm.nih.gov/genomes/all/GCF/051/542/305/GCF_051542305.1_ASM5154230v1
US_MAYO_2025,HP_305,SAMN47587833,GCF_051542285.1,GCA_051542285.1,GCF_051542285.1,JBNMZZ01,Contig,1418.38,53019,1620626,ftp://ftp.ncbi.nlm.nih.gov/genomes/all/GCA/051/542/285/GCA_051542285.1_ASM5154228v1,ftp://ftp.ncbi.nlm.nih.gov/genomes/all/GCF/051/542/285/GCF_051542285.1_ASM5154228v1
US_MAYO_2025,HP_306,SAMN47587834,GCF_051542265.1,GCA_051542265.1,GCF_051542265.1,JBMMQQ01,Contig,1631.83,68971,1651429,ftp://ftp.ncbi.nlm.nih.gov/genomes/all/GCA/051/542/265/GCA_051542265.1_ASM5154226v1,ftp://ftp.ncbi.nlm.nih.gov/genomes/all/GCF/051/542/265/GCF_051542265.1_ASM5154226v1
US_MAYO_2025,HP_307,SAMN47587835,GCF_051542245.1,GCA_051542245.1,GCF_051542245.1,JBMMQP01,Contig,1447.51,110258,1571413,ftp://ftp.ncbi.nlm.nih.gov/genomes/all/GCA/051/542/245/GCA_051542245.1_ASM5154224v1,ftp://ftp.ncbi.nlm.nih.gov/genomes/all/GCF/051/542/245/GCF_051542245.1_ASM5154224v1
US_MAYO_2025,HP_309,SAMN47587837,GCF_051542225.1,GCA_051542225.1,GCF_051542225.1,JBMMQO01,Contig,1554.31,81146,1585028,ftp://ftp.ncbi.nlm.nih.gov/genomes/all/GCA/051/542/225/GCA_051542225.1_ASM5154222v1,ftp://ftp.ncbi.nlm.nih.gov/genomes/all/GCF/051/542/225/GCF_051542225.1_ASM5154222v1
US_MAYO_2025,HP_308,SAMN47587836,GCF_051542205.1,GCA_051542205.1,GCF_051542205.1,JBNMZY01,Contig,2326.31,115866,1676972,ftp://ftp.ncbi.nlm.nih.gov/genomes/all/GCA/051/542/205/GCA_051542205.1_ASM5154220v1,ftp://ftp.ncbi.nlm.nih.gov/genomes/all/GCF/051/542/205/GCF_051542205.1_ASM5154220v1
US_MAYO_2025,HP_310,SAMN47587838,GCF_051542185.1,GCA_051542185.1,GCF_051542185.1,JBMMQN01,Contig,1411.1,56855,1638539,ftp://ftp.ncbi.nlm.nih.gov/genomes/all/GCA/051/542/185/GCA_051542185.1_ASM5154218v1,ftp://ftp.ncbi.nlm.nih.gov/genomes/all/GCF/051/542/185/GCF_051542185.1_ASM5154218v1
US_MAYO_2025,HP_311,SAMN47587839,GCF_051542165.1,GCA_051542165.1,GCF_051542165.1,JBMMQM01,Contig,1418.22,66977,1584653,ftp://ftp.ncbi.nlm.nih.gov/genomes/all/GCA/051/542/165/GCA_051542165.1_ASM5154216v1,ftp://ftp.ncbi.nlm.nih.gov/genomes/all/GCF/051/542/165/GCF_051542165.1_ASM5154216v1
US_MAYO_2025,HP_312,SAMN47587840,GCF_051542145.1,GCA_051542145.1,GCF_051542145.1,JBMMQL01,Contig,1159.35,144067,1637238,ftp://ftp.ncbi.nlm.nih.gov/genomes/all/GCA/051/542/145/GCA_051542145.1_ASM5154214v1,ftp://ftp.ncbi.nlm.nih.gov/genomes/all/GCF/051/542/145/GCF_051542145.1_ASM5154214v1
US_MAYO_2025,HP_313,SAMN47587841,GCF_051542125.1,GCA_051542125.1,GCF_051542125.1,JBMMQK01,Contig,1384.44,104076,1634149,ftp://ftp.ncbi.nlm.nih.gov/genomes/all/GCA/051/542/125/GCA_051542125.1_ASM5154212v1,ftp://ftp.ncbi.nlm.nih.gov/genomes/all/GCF/051/542/125/GCF_051542125.1_ASM5154212v1
US_MAYO_2025,HP_314,SAMN47587842,GCF_051542105.1,GCA_051542105.1,GCF_051542105.1,JBNMZX01,Contig,938.105,69055,1606194,ftp://ftp.ncbi.nlm.nih.gov/genomes/all/GCA/051/542/105/GCA_051542105.1_ASM5154210v1,ftp://ftp.ncbi.nlm.nih.gov/genomes/all/GCF/051/542/105/GCF_051542105.1_ASM5154210v1
US_MAYO_2025,HP_315,SAMN47587843,GCF_051542085.1,GCA_051542085.1,GCF_051542085.1,JBNMZW01,Contig,1614.51,50341,1639523,ftp://ftp.ncbi.nlm.nih.gov/genomes/all/GCA/051/542/085/GCA_051542085.1_ASM5154208v1,ftp://ftp.ncbi.nlm.nih.gov/genomes/all/GCF/051/542/085/GCF_051542085.1_ASM5154208v1
US_MAYO_2025,HP_316,SAMN47587844,GCF_051542065.1,GCA_051542065.1,GCF_051542065.1,JBMMQJ01,Contig,1591.88,99180,1599210,ftp://ftp.ncbi.nlm.nih.gov/genomes/all/GCA/051/542/065/GCA_051542065.1_ASM5154206v1,ftp://ftp.ncbi.nlm.nih.gov/genomes/all/GCF/051/542/065/GCF_051542065.1_ASM5154206v1
US_MAYO_2025,HP_317,SAMN47587845,GCF_051542045.1,GCA_051542045.1,GCF_051542045.1,JBNMZV01,Contig,910.804,76457,1658603,ftp://ftp.ncbi.nlm.nih.gov/genomes/all/GCA/051/542/045/GCA_051542045.1_ASM5154204v1,ftp://ftp.ncbi.nlm.nih.gov/genomes/all/GCF/051/542/045/GCF_051542045.1_ASM5154204v1
US_MAYO_2025,HP_318,SAMN47587846,GCF_051542025.1,GCA_051542025.1,GCF_051542025.1,JBNMZU01,Contig,1174.52,198985,1579236,ftp://ftp.ncbi.nlm.nih.gov/genomes/all/GCA/051/542/025/GCA_051542025.1_ASM5154202v1,ftp://ftp.ncbi.nlm.nih.gov/genomes/all/GCF/051/542/025/GCF_051542025.1_ASM5154202v1
US_MAYO_2025,HP_321,SAMN47587847,GCF_051542005.1,GCA_051542005.1,GCF_051542005.1,JBMMQI01,Contig,1225.24,72615,1655452,ftp://ftp.ncbi.nlm.nih.gov/genomes/all/GCA/051/542/005/GCA_051542005.1_ASM5154200v1,ftp://ftp.ncbi.nlm.nih.gov/genomes/all/GCF/051/542/005/GCF_051542005.1_ASM5154200v1
US_MAYO_2025,HP_325,SAMN47587850,GCF_051541985.1,GCA_051541985.1,GCF_051541985.1,JBNMZS01,Contig,1121.73,216763,1636693,ftp://ftp.ncbi.nlm.nih.gov/genomes/all/GCA/051/541/985/GCA_051541985.1_ASM5154198v1,ftp://ftp.ncbi.nlm.nih.gov/genomes/all/GCF/051/541/985/GCF_051541985.1_ASM5154198v1
US_MAYO_2025,HP_322,SAMN47587848,GCF_051541965.1,GCA_051541965.1,GCF_051541965.1,JBNMZT01,Contig,1396.09,134715,1557174,ftp://ftp.ncbi.nlm.nih.gov/genomes/all/GCA/051/541/965/GCA_051541965.1_ASM5154196v1,ftp://ftp.ncbi.nlm.nih.gov/genomes/all/GCF/051/541/965/GCF_051541965.1_ASM5154196v1
US_MAYO_2025,HP_324,SAMN47587849,GCF_051541945.1,GCA_051541945.1,GCF_051541945.1,JBMMQH01,Contig,1329.26,69864,1644526,ftp://ftp.ncbi.nlm.nih.gov/genomes/all/GCA/051/541/945/GCA_051541945.1_ASM5154194v1,ftp://ftp.ncbi.nlm.nih.gov/genomes/all/GCF/051/541/945/GCF_051541945.1_ASM5154194v1
US_MAYO_2025,HP_328,SAMN47587852,GCF_051541925.1,GCA_051541925.1,GCF_051541925.1,JBNMZQ01,Contig,3084.16,83155,1635091,ftp://ftp.ncbi.nlm.nih.gov/genomes/all/GCA/051/541/925/GCA_051541925.1_ASM5154192v1,ftp://ftp.ncbi.nlm.nih.gov/genomes/all/GCF/051/541/925/GCF_051541925.1_ASM5154192v1
US_MAYO_2025,HP_327,SAMN47587851,GCF_051541905.1,GCA_051541905.1,GCF_051541905.1,JBNMZR01,Contig,1943.43,58626,1629814,ftp://ftp.ncbi.nlm.nih.gov/genomes/all/GCA/051/541/905/GCA_051541905.1_ASM5154190v1,ftp://ftp.ncbi.nlm.nih.gov/genomes/all/GCF/051/541/905/GCF_051541905.1_ASM5154190v1
US_MAYO_2025,HP_329,SAMN47587853,GCF_051541885.1,GCA_051541885.1,GCF_051541885.1,JBNMZP01,Contig,1790.53,61486,1584877,ftp://ftp.ncbi.nlm.nih.gov/genomes/all/GCA/051/541/885/GCA_051541885.1_ASM5154188v1,ftp://ftp.ncbi.nlm.nih.gov/genomes/all/GCF/051/541/885/GCF_051541885.1_ASM5154188v1
US_MAYO_2025,HP_331,SAMN47587854,GCF_051541865.1,GCA_051541865.1,GCF_051541865.1,JBMMQG01,Contig,2593.93,42429,1735363,ftp://ftp.ncbi.nlm.nih.gov/genomes/all/GCA/051/541/865/GCA_051541865.1_ASM5154186v1,ftp://ftp.ncbi.nlm.nih.gov/genomes/all/GCF/051/541/865/GCF_051541865.1_ASM5154186v1
US_MAYO_2025,HP_332,SAMN47587855,GCF_051541845.1,GCA_051541845.1,GCF_051541845.1,JBNMZO01,Contig,942.276,77875,1609887,ftp://ftp.ncbi.nlm.nih.gov/genomes/all/GCA/051/541/845/GCA_051541845.1_ASM5154184v1,ftp://ftp.ncbi.nlm.nih.gov/genomes/all/GCF/051/541/845/GCF_051541845.1_ASM5154184v1
US_MAYO_2025,HP_333,SAMN47587856,GCF_051541825.1,GCA_051541825.1,GCF_051541825.1,JBNMZN01,Contig,1635.88,101463,1624055,ftp://ftp.ncbi.nlm.nih.gov/genomes/all/GCA/051/541/825/GCA_051541825.1_ASM5154182v1,ftp://ftp.ncbi.nlm.nih.gov/genomes/all/GCF/051/541/825/GCF_051541825.1_ASM5154182v1
US_MAYO_2025,HP_337,SAMN47587858,GCF_051541805.1,GCA_051541805.1,GCF_051541805.1,JBNMZM01,Contig,1166.64,134547,1607774,ftp://ftp.ncbi.nlm.nih.gov/genomes/all/GCA/051/541/805/GCA_051541805.1_ASM5154180v1,ftp://ftp.ncbi.nlm.nih.gov/genomes/all/GCF/051/541/805/GCF_051541805.1_ASM5154180v1
US_MAYO_2025,HP_334,SAMN47587857,GCF_051541785.1,GCA_051541785.1,GCF_051541785.1,JBMMQF01,Contig,1569.08,93493,1573712,ftp://ftp.ncbi.nlm.nih.gov/genomes/all/GCA/051/541/785/GCA_051541785.1_ASM5154178v1,ftp://ftp.ncbi.nlm.nih.gov/genomes/all/GCF/051/541/785/GCF_051541785.1_ASM5154178v1
US_MAYO_2025,HP_338,SAMN47587859,GCF_051541765.1,GCA_051541765.1,GCF_051541765.1,JBMMQE01,Contig,1695.79,64066,1635187,ftp://ftp.ncbi.nlm.nih.gov/genomes/all/GCA/051/541/765/GCA_051541765.1_ASM5154176v1,ftp://ftp.ncbi.nlm.nih.gov/genomes/all/GCF/051/541/765/GCF_051541765.1_ASM5154176v1
US_MAYO_2025,HP_341,SAMN47587861,GCF_051541745.1,GCA_051541745.1,GCF_051541745.1,JBMMQD01,Contig,853.401,95931,1606951,ftp://ftp.ncbi.nlm.nih.gov/genomes/all/GCA/051/541/745/GCA_051541745.1_ASM5154174v1,ftp://ftp.ncbi.nlm.nih.gov/genomes/all/GCF/051/541/745/GCF_051541745.1_ASM5154174v1
US_MAYO_2025,HP_339,SAMN47587860,GCF_051541725.1,GCA_051541725.1,GCF_051541725.1,JBNMZL01,Contig,1218.71,87103,1601577,ftp://ftp.ncbi.nlm.nih.gov/genomes/all/GCA/051/541/725/GCA_051541725.1_ASM5154172v1,ftp://ftp.ncbi.nlm.nih.gov/genomes/all/GCF/051/541/725/GCF_051541725.1_ASM5154172v1
US_MAYO_2025,HP_342,SAMN47587862,GCF_051541705.1,GCA_051541705.1,GCF_051541705.1,JBNMZK01,Contig,1484.3,33873,1664762,ftp://ftp.ncbi.nlm.nih.gov/genomes/all/GCA/051/541/705/GCA_051541705.1_ASM5154170v1,ftp://ftp.ncbi.nlm.nih.gov/genomes/all/GCF/051/541/705/GCF_051541705.1_ASM5154170v1
US_MAYO_2025,HP_346,SAMN47587863,GCF_051541685.1,GCA_051541685.1,GCF_051541685.1,JBNMZJ01,Contig,1750.78,126743,1633557,ftp://ftp.ncbi.nlm.nih.gov/genomes/all/GCA/051/541/685/GCA_051541685.1_ASM5154168v1,ftp://ftp.ncbi.nlm.nih.gov/genomes/all/GCF/051/541/685/GCF_051541685.1_ASM5154168v1
US_MAYO_2025,HP_347,SAMN47587864,GCF_051541665.1,GCA_051541665.1,GCF_051541665.1,JBNMZI01,Contig,1550.01,79932,1576089,ftp://ftp.ncbi.nlm.nih.gov/genomes/all/GCA/051/541/665/GCA_051541665.1_ASM5154166v1,ftp://ftp.ncbi.nlm.nih.gov/genomes/all/GCF/051/541/665/GCF_051541665.1_ASM5154166v1
US_MAYO_2025,HP_348,SAMN47587865,GCF_051541645.1,GCA_051541645.1,GCF_051541645.1,JBNMZH01,Contig,1593.09,21460,1701821,ftp://ftp.ncbi.nlm.nih.gov/genomes/all/GCA/051/541/645/GCA_051541645.1_ASM5154164v1,ftp://ftp.ncbi.nlm.nih.gov/genomes/all/GCF/051/541/645/GCF_051541645.1_ASM5154164v1
US_MAYO_2025,HP_351,SAMN47587867,GCF_051541625.1,GCA_051541625.1,GCF_051541625.1,JBNMZG01,Contig,1017.29,79962,1624800,ftp://ftp.ncbi.nlm.nih.gov/genomes/all/GCA/051/541/625/GCA_051541625.1_ASM5154162v1,ftp://ftp.ncbi.nlm.nih.gov/genomes/all/GCF/051/541/625/GCF_051541625.1_ASM5154162v1
US_MAYO_2025,HP_350,SAMN47587866,GCF_051541605.1,GCA_051541605.1,GCF_051541605.1,JBMMQC01,Contig,863.991,69050,1676737,ftp://ftp.ncbi.nlm.nih.gov/genomes/all/GCA/051/541/605/GCA_051541605.1_ASM5154160v1,ftp://ftp.ncbi.nlm.nih.gov/genomes/all/GCF/051/541/605/GCF_051541605.1_ASM5154160v1
US_MAYO_2025,HP_352,SAMN47587868,GCF_051541585.1,GCA_051541585.1,GCF_051541585.1,JBNMZF01,Contig,1182.71,64341,1623462,ftp://ftp.ncbi.nlm.nih.gov/genomes/all/GCA/051/541/585/GCA_051541585.1_ASM5154158v1,ftp://ftp.ncbi.nlm.nih.gov/genomes/all/GCF/051/541/585/GCF_051541585.1_ASM5154158v1
US_MAYO_2025,HP_353,SAMN47587869,GCF_051541565.1,GCA_051541565.1,GCF_051541565.1,JBNMZE01,Contig,1888.52,124652,1555807,ftp://ftp.ncbi.nlm.nih.gov/genomes/all/GCA/051/541/565/GCA_051541565.1_ASM5154156v1,ftp://ftp.ncbi.nlm.nih.gov/genomes/all/GCF/051/541/565/GCF_051541565.1_ASM5154156v1
US_MAYO_2025,HP_354,SAMN47587870,GCF_051541545.1,GCA_051541545.1,GCF_051541545.1,JBNMZD01,Contig,1333.02,41185,1660564,ftp://ftp.ncbi.nlm.nih.gov/genomes/all/GCA/051/541/545/GCA_051541545.1_ASM5154154v1,ftp://ftp.ncbi.nlm.nih.gov/genomes/all/GCF/051/541/545/GCF_051541545.1_ASM5154154v1
US_MAYO_2025,HP_356,SAMN47587871,GCF_051541525.1,GCA_051541525.1,GCF_051541525.1,JBNMZC01,Contig,1864.62,107024,1575093,ftp://ftp.ncbi.nlm.nih.gov/genomes/all/GCA/051/541/525/GCA_051541525.1_ASM5154152v1,ftp://ftp.ncbi.nlm.nih.gov/genomes/all/GCF/051/541/525/GCF_051541525.1_ASM5154152v1
US_MAYO_2025,HP_359,SAMN47587873,GCF_051541505.1,GCA_051541505.1,GCF_051541505.1,JBMMQB01,Contig,915.102,55786,1642351,ftp://ftp.ncbi.nlm.nih.gov/genomes/all/GCA/051/541/505/GCA_051541505.1_ASM5154150v1,ftp://ftp.ncbi.nlm.nih.gov/genomes/all/GCF/051/541/505/GCF_051541505.1_ASM5154150v1
US_MAYO_2025,HP_357,SAMN47587872,GCF_051541485.1,GCA_051541485.1,GCF_051541485.1,JBNMZB01,Contig,2016.51,150915,1646439,ftp://ftp.ncbi.nlm.nih.gov/genomes/all/GCA/051/541/485/GCA_051541485.1_ASM5154148v1,ftp://ftp.ncbi.nlm.nih.gov/genomes/all/GCF/051/541/485/GCF_051541485.1_ASM5154148v1
US_MAYO_2025,HP_360,SAMN47587874,GCF_051541465.1,GCA_051541465.1,GCF_051541465.1,JBMMQA01,Contig,889.083,55783,1617365,ftp://ftp.ncbi.nlm.nih.gov/genomes/all/GCA/051/541/465/GCA_051541465.1_ASM5154146v1,ftp://ftp.ncbi.nlm.nih.gov/genomes/all/GCF/051/541/465/GCF_051541465.1_ASM5154146v1
US_MAYO_2025,HP_361,SAMN47587875,GCF_051541445.1,GCA_051541445.1,GCF_051541445.1,JBMMPZ01,Contig,1580.48,69431,1609772,ftp://ftp.ncbi.nlm.nih.gov/genomes/all/GCA/051/541/445/GCA_051541445.1_ASM5154144v1,ftp://ftp.ncbi.nlm.nih.gov/genomes/all/GCF/051/541/445/GCF_051541445.1_ASM5154144v1
US_MAYO_2025,HP_362,SAMN47587876,GCF_051541425.1,GCA_051541425.1,GCF_051541425.1,JBNMZA01,Contig,999.907,80973,1580009,ftp://ftp.ncbi.nlm.nih.gov/genomes/all/GCA/051/541/425/GCA_051541425.1_ASM5154142v1,ftp://ftp.ncbi.nlm.nih.gov/genomes/all/GCF/051/541/425/GCF_051541425.1_ASM5154142v1
US_MAYO_2025,HP_363,SAMN47587877,GCF_051541405.1,GCA_051541405.1,GCF_051541405.1,JBMMPY01,Contig,1537.47,65302,1601899,ftp://ftp.ncbi.nlm.nih.gov/genomes/all/GCA/051/541/405/GCA_051541405.1_ASM5154140v1,ftp://ftp.ncbi.nlm.nih.gov/genomes/all/GCF/051/541/405/GCF_051541405.1_ASM5154140v1
US_MAYO_2025,HP_364,SAMN47587878,GCF_051541385.1,GCA_051541385.1,GCF_051541385.1,JBMMPX01,Contig,1624.14,64076,1614108,ftp://ftp.ncbi.nlm.nih.gov/genomes/all/GCA/051/541/385/GCA_051541385.1_ASM5154138v1,ftp://ftp.ncbi.nlm.nih.gov/genomes/all/GCF/051/541/385/GCF_051541385.1_ASM5154138v1
US_MAYO_2025,HP_366,SAMN47587879,GCF_051541365.1,GCA_051541365.1,GCF_051541365.1,JBNMYZ01,Contig,1085.35,55874,1621340,ftp://ftp.ncbi.nlm.nih.gov/genomes/all/GCA/051/541/365/GCA_051541365.1_ASM5154136v1,ftp://ftp.ncbi.nlm.nih.gov/genomes/all/GCF/051/541/365/GCF_051541365.1_ASM5154136v1
US_MAYO_2025,HP_371,SAMN47587880,GCF_051541345.1,GCA_051541345.1,GCF_051541345.1,JBMMPW01,Contig,1817.69,102043,1568506,ftp://ftp.ncbi.nlm.nih.gov/genomes/all/GCA/051/541/345/GCA_051541345.1_ASM5154134v1,ftp://ftp.ncbi.nlm.nih.gov/genomes/all/GCF/051/541/345/GCF_051541345.1_ASM5154134v1
US_MAYO_2025,HP_375,SAMN47587881,GCF_051541325.1,GCA_051541325.1,GCF_051541325.1,JBNMYY01,Contig,1193.41,28895,1575049,ftp://ftp.ncbi.nlm.nih.gov/genomes/all/GCA/051/541/325/GCA_051541325.1_ASM5154132v1,ftp://ftp.ncbi.nlm.nih.gov/genomes/all/GCF/051/541/325/GCF_051541325.1_ASM5154132v1
US_MAYO_2025,HP_378,SAMN47587882,GCF_051541305.1,GCA_051541305.1,GCF_051541305.1,JBNMYX01,Contig,1536.95,75362,1569701,ftp://ftp.ncbi.nlm.nih.gov/genomes/all/GCA/051/541/305/GCA_051541305.1_ASM5154130v1,ftp://ftp.ncbi.nlm.nih.gov/genomes/all/GCF/051/541/305/GCF_051541305.1_ASM5154130v1
US_MAYO_2025,HP_379,SAMN47587883,GCF_051541285.1,GCA_051541285.1,GCF_051541285.1,JBMMPV01,Contig,1309.95,108605,1570240,ftp://ftp.ncbi.nlm.nih.gov/genomes/all/GCA/051/541/285/GCA_051541285.1_ASM5154128v1,ftp://ftp.ncbi.nlm.nih.gov/genomes/all/GCF/051/541/285/GCF_051541285.1_ASM5154128v1
US_MAYO_2025,HP_380,SAMN47587884,GCF_051541265.1,GCA_051541265.1,GCF_051541265.1,JBNMYW01,Contig,811.687,81858,1656056,ftp://ftp.ncbi.nlm.nih.gov/genomes/all/GCA/051/541/265/GCA_051541265.1_ASM5154126v1,ftp://ftp.ncbi.nlm.nih.gov/genomes/all/GCF/051/541/265/GCF_051541265.1_ASM5154126v1
US_MAYO_2025,HP_386,SAMN47587886,GCF_051541245.1,GCA_051541245.1,GCF_051541245.1,JBNMYU01,Contig,834.758,79564,1580494,ftp://ftp.ncbi.nlm.nih.gov/genomes/all/GCA/051/541/245/GCA_051541245.1_ASM5154124v1,ftp://ftp.ncbi.nlm.nih.gov/genomes/all/GCF/051/541/245/GCF_051541245.1_ASM5154124v1
US_MAYO_2025,HP_385,SAMN47587885,GCF_051541225.1,GCA_051541225.1,GCF_051541225.1,JBNMYV01,Contig,1534.1,97478,1643767,ftp://ftp.ncbi.nlm.nih.gov/genomes/all/GCA/051/541/225/GCA_051541225.1_ASM5154122v1,ftp://ftp.ncbi.nlm.nih.gov/genomes/all/GCF/051/541/225/GCF_051541225.1_ASM5154122v1
US_MAYO_2025,HP_388,SAMN47587887,GCF_051541205.1,GCA_051541205.1,GCF_051541205.1,JBNMYT01,Contig,1951.34,108055,1603175,ftp://ftp.ncbi.nlm.nih.gov/genomes/all/GCA/051/541/205/GCA_051541205.1_ASM5154120v1,ftp://ftp.ncbi.nlm.nih.gov/genomes/all/GCF/051/541/205/GCF_051541205.1_ASM5154120v1
US_MAYO_2025,HP_390,SAMN47587889,GCF_051541185.1,GCA_051541185.1,GCF_051541185.1,JBNMYR01,Contig,1260.43,53937,1623386,ftp://ftp.ncbi.nlm.nih.gov/genomes/all/GCA/051/541/185/GCA_051541185.1_ASM5154118v1,ftp://ftp.ncbi.nlm.nih.gov/genomes/all/GCF/051/541/185/GCF_051541185.1_ASM5154118v1
US_MAYO_2025,HP_389,SAMN47587888,GCF_051541165.1,GCA_051541165.1,GCF_051541165.1,JBNMYS01,Contig,1719.91,230189,1589076,ftp://ftp.ncbi.nlm.nih.gov/genomes/all/GCA/051/541/165/GCA_051541165.1_ASM5154116v1,ftp://ftp.ncbi.nlm.nih.gov/genomes/all/GCF/051/541/165/GCF_051541165.1_ASM5154116v1
US_MAYO_2025,HP_391,SAMN47587890,GCF_051541145.1,GCA_051541145.1,GCF_051541145.1,JBMMPU01,Contig,1287.89,90957,1601404,ftp://ftp.ncbi.nlm.nih.gov/genomes/all/GCA/051/541/145/GCA_051541145.1_ASM5154114v1,ftp://ftp.ncbi.nlm.nih.gov/genomes/all/GCF/051/541/145/GCF_051541145.1_ASM5154114v1
US_MAYO_2025,HP_392,SAMN47587891,GCF_051541125.1,GCA_051541125.1,GCF_051541125.1,JBNMYQ01,Contig,1253.71,79901,1638105,ftp://ftp.ncbi.nlm.nih.gov/genomes/all/GCA/051/541/125/GCA_051541125.1_ASM5154112v1,ftp://ftp.ncbi.nlm.nih.gov/genomes/all/GCF/051/541/125/GCF_051541125.1_ASM5154112v1
US_MAYO_2025,HP_396,SAMN47587892,GCF_051541105.1,GCA_051541105.1,GCF_051541105.1,JBNMYP01,Contig,1137.45,97653,1606337,ftp://ftp.ncbi.nlm.nih.gov/genomes/all/GCA/051/541/105/GCA_051541105.1_ASM5154110v1,ftp://ftp.ncbi.nlm.nih.gov/genomes/all/GCF/051/541/105/GCF_051541105.1_ASM5154110v1
US_MAYO_2025,HP_397,SAMN47587893,GCF_051541085.1,GCA_051541085.1,GCF_051541085.1,JBNMYO01,Contig,1045.03,76606,1629603,ftp://ftp.ncbi.nlm.nih.gov/genomes/all/GCA/051/541/085/GCA_051541085.1_ASM5154108v1,ftp://ftp.ncbi.nlm.nih.gov/genomes/all/GCF/051/541/085/GCF_051541085.1_ASM5154108v1
US_MAYO_2025,HP_398,SAMN47587894,GCF_051541065.1,GCA_051541065.1,GCF_051541065.1,JBMMPT01,Contig,1235.14,150885,1647215,ftp://ftp.ncbi.nlm.nih.gov/genomes/all/GCA/051/541/065/GCA_051541065.1_ASM5154106v1,ftp://ftp.ncbi.nlm.nih.gov/genomes/all/GCF/051/541/065/GCF_051541065.1_ASM5154106v1
US_MAYO_2025,HP_399,SAMN47587895,GCF_051541045.1,GCA_051541045.1,GCF_051541045.1,JBMMPS01,Contig,2094.16,144385,1584814,ftp://ftp.ncbi.nlm.nih.gov/genomes/all/GCA/051/541/045/GCA_051541045.1_ASM5154104v1,ftp://ftp.ncbi.nlm.nih.gov/genomes/all/GCF/051/541/045/GCF_051541045.1_ASM5154104v1
US_MAYO_2025,HP_400,SAMN47587896,GCF_051541025.1,GCA_051541025.1,GCF_051541025.1,JBNMYN01,Contig,1486.9,122802,1631385,ftp://ftp.ncbi.nlm.nih.gov/genomes/all/GCA/051/541/025/GCA_051541025.1_ASM5154102v1,ftp://ftp.ncbi.nlm.nih.gov/genomes/all/GCF/051/541/025/GCF_051541025.1_ASM5154102v1
US_MAYO_2025,HP_401,SAMN47587897,GCF_051541005.1,GCA_051541005.1,GCF_051541005.1,JBMMPR01,Contig,1418.83,96601,1613016,ftp://ftp.ncbi.nlm.nih.gov/genomes/all/GCA/051/541/005/GCA_051541005.1_ASM5154100v1,ftp://ftp.ncbi.nlm.nih.gov/genomes/all/GCF/051/541/005/GCF_051541005.1_ASM5154100v1
US_MAYO_2025,HP_402,SAMN47587898,GCF_051540985.1,GCA_051540985.1,GCF_051540985.1,JBNMYM01,Contig,1842.07,35050,1608562,ftp://ftp.ncbi.nlm.nih.gov/genomes/all/GCA/051/540/985/GCA_051540985.1_ASM5154098v1,ftp://ftp.ncbi.nlm.nih.gov/genomes/all/GCF/051/540/985/GCF_051540985.1_ASM5154098v1
US_MAYO_2025,HP_403,SAMN47587899,GCF_051540965.1,GCA_051540965.1,GCF_051540965.1,JBNMYL01,Contig,1354.49,80617,1647969,ftp://ftp.ncbi.nlm.nih.gov/genomes/all/GCA/051/540/965/GCA_051540965.1_ASM5154096v1,ftp://ftp.ncbi.nlm.nih.gov/genomes/all/GCF/051/540/965/GCF_051540965.1_ASM5154096v1
US_MAYO_2025,HP_404,SAMN47587900,GCF_051540945.1,GCA_051540945.1,GCF_051540945.1,JBNMYK01,Contig,1327.18,134625,1616249,ftp://ftp.ncbi.nlm.nih.gov/genomes/all/GCA/051/540/945/GCA_051540945.1_ASM5154094v1,ftp://ftp.ncbi.nlm.nih.gov/genomes/all/GCF/051/540/945/GCF_051540945.1_ASM5154094v1
US_MAYO_2025,HP_405,SAMN47587901,GCF_051540925.1,GCA_051540925.1,GCF_051540925.1,JBMMPQ01,Contig,1457.43,67409,1612255,ftp://ftp.ncbi.nlm.nih.gov/genomes/all/GCA/051/540/925/GCA_051540925.1_ASM5154092v1,ftp://ftp.ncbi.nlm.nih.gov/genomes/all/GCF/051/540/925/GCF_051540925.1_ASM5154092v1
US_MAYO_2025,HP_406,SAMN47587902,GCF_051540905.1,GCA_051540905.1,GCF_051540905.1,JBNMYJ01,Contig,1384.85,110292,1575848,ftp://ftp.ncbi.nlm.nih.gov/genomes/all/GCA/051/540/905/GCA_051540905.1_ASM5154090v1,ftp://ftp.ncbi.nlm.nih.gov/genomes/all/GCF/051/540/905/GCF_051540905.1_ASM5154090v1
US_MAYO_2025,HP_407,SAMN47587903,GCF_051540885.1,GCA_051540885.1,GCF_051540885.1,JBNMYI01,Contig,1218.43,106427,1641478,ftp://ftp.ncbi.nlm.nih.gov/genomes/all/GCA/051/540/885/GCA_051540885.1_ASM5154088v1,ftp://ftp.ncbi.nlm.nih.gov/genomes/all/GCF/051/540/885/GCF_051540885.1_ASM5154088v1
US_MAYO_2025,HP_408,SAMN47587904,GCF_051540865.1,GCA_051540865.1,GCF_051540865.1,JBNMYH01,Contig,1628.53,9920,1580037,ftp://ftp.ncbi.nlm.nih.gov/genomes/all/GCA/051/540/865/GCA_051540865.1_ASM5154086v1,ftp://ftp.ncbi.nlm.nih.gov/genomes/all/GCF/051/540/865/GCF_051540865.1_ASM5154086v1
US_MAYO_2025,HP_409,SAMN47587905,GCF_051540845.1,GCA_051540845.1,GCF_051540845.1,JBNMYG01,Contig,1393.42,9624,1543690,ftp://ftp.ncbi.nlm.nih.gov/genomes/all/GCA/051/540/845/GCA_051540845.1_ASM5154084v1,ftp://ftp.ncbi.nlm.nih.gov/genomes/all/GCF/051/540/845/GCF_051540845.1_ASM5154084v1
US_MAYO_2025,HP_411,SAMN47587907,GCF_051540825.1,GCA_051540825.1,GCF_051540825.1,JBNMYE01,Contig,1502.44,61254,1559776,ftp://ftp.ncbi.nlm.nih.gov/genomes/all/GCA/051/540/825/GCA_051540825.1_ASM5154082v1,ftp://ftp.ncbi.nlm.nih.gov/genomes/all/GCF/051/540/825/GCF_051540825.1_ASM5154082v1
US_MAYO_2025,HP_410,SAMN47587906,GCF_051540805.1,GCA_051540805.1,GCF_051540805.1,JBNMYF01,Contig,1609.33,266176,1602183,ftp://ftp.ncbi.nlm.nih.gov/genomes/all/GCA/051/540/805/GCA_051540805.1_ASM5154080v1,ftp://ftp.ncbi.nlm.nih.gov/genomes/all/GCF/051/540/805/GCF_051540805.1_ASM5154080v1
US_MAYO_2025,HP_412,SAMN47587908,GCF_051540785.1,GCA_051540785.1,GCF_051540785.1,JBNMYD01,Contig,1709.07,110979,1661454,ftp://ftp.ncbi.nlm.nih.gov/genomes/all/GCA/051/540/785/GCA_051540785.1_ASM5154078v1,ftp://ftp.ncbi.nlm.nih.gov/genomes/all/GCF/051/540/785/GCF_051540785.1_ASM5154078v1
US_MAYO_2025,HP_413,SAMN47587909,GCF_051540765.1,GCA_051540765.1,GCF_051540765.1,JBNMYC01,Contig,1482.69,41263,1591431,ftp://ftp.ncbi.nlm.nih.gov/genomes/all/GCA/051/540/765/GCA_051540765.1_ASM5154076v1,ftp://ftp.ncbi.nlm.nih.gov/genomes/all/GCF/051/540/765/GCF_051540765.1_ASM5154076v1
US_MAYO_2025,HP_414,SAMN47587910,GCF_051540745.1,GCA_051540745.1,GCF_051540745.1,JBMMPP01,Contig,1607.43,50914,1563503,ftp://ftp.ncbi.nlm.nih.gov/genomes/all/GCA/051/540/745/GCA_051540745.1_ASM5154074v1,ftp://ftp.ncbi.nlm.nih.gov/genomes/all/GCF/051/540/745/GCF_051540745.1_ASM5154074v1
US_MAYO_2025,HP_415,SAMN47587911,GCF_051540725.1,GCA_051540725.1,GCF_051540725.1,JBNMYB01,Contig,1703.91,33202,1673758,ftp://ftp.ncbi.nlm.nih.gov/genomes/all/GCA/051/540/725/GCA_051540725.1_ASM5154072v1,ftp://ftp.ncbi.nlm.nih.gov/genomes/all/GCF/051/540/725/GCF_051540725.1_ASM5154072v1
US_MAYO_2025,HP_416,SAMN47587912,GCF_051540705.1,GCA_051540705.1,GCF_051540705.1,JBNMYA01,Contig,1481.06,105643,1596269,ftp://ftp.ncbi.nlm.nih.gov/genomes/all/GCA/051/540/705/GCA_051540705.1_ASM5154070v1,ftp://ftp.ncbi.nlm.nih.gov/genomes/all/GCF/051/540/705/GCF_051540705.1_ASM5154070v1
US_MAYO_2025,HP_417,SAMN47587913,GCF_051540685.1,GCA_051540685.1,GCF_051540685.1,JBMMPO01,Contig,1580.03,33916,1614032,ftp://ftp.ncbi.nlm.nih.gov/genomes/all/GCA/051/540/685/GCA_051540685.1_ASM5154068v1,ftp://ftp.ncbi.nlm.nih.gov/genomes/all/GCF/051/540/685/GCF_051540685.1_ASM5154068v1
US_MAYO_2025,HP_418,SAMN47587914,GCF_051540665.1,GCA_051540665.1,GCF_051540665.1,JBNMXZ01,Contig,1581.45,106763,1656344,ftp://ftp.ncbi.nlm.nih.gov/genomes/all/GCA/051/540/665/GCA_051540665.1_ASM5154066v1,ftp://ftp.ncbi.nlm.nih.gov/genomes/all/GCF/051/540/665/GCF_051540665.1_ASM5154066v1
US_MAYO_2025,HP_419,SAMN47587915,GCF_051540645.1,GCA_051540645.1,GCF_051540645.1,JBNMXY01,Contig,1666.92,100964,1657511,ftp://ftp.ncbi.nlm.nih.gov/genomes/all/GCA/051/540/645/GCA_051540645.1_ASM5154064v1,ftp://ftp.ncbi.nlm.nih.gov/genomes/all/GCF/051/540/645/GCF_051540645.1_ASM5154064v1
US_MAYO_2025,HP_420,SAMN47587916,GCF_051540625.1,GCA_051540625.1,GCF_051540625.1,JBNMXX01,Contig,1178.24,47954,1713693,ftp://ftp.ncbi.nlm.nih.gov/genomes/all/GCA/051/540/625/GCA_051540625.1_ASM5154062v1,ftp://ftp.ncbi.nlm.nih.gov/genomes/all/GCF/051/540/625/GCF_051540625.1_ASM5154062v1
US_MAYO_2025,HP_421,SAMN47587917,GCF_051540605.1,GCA_051540605.1,GCF_051540605.1,JBNMXW01,Contig,1325.35,146721,1595294,ftp://ftp.ncbi.nlm.nih.gov/genomes/all/GCA/051/540/605/GCA_051540605.1_ASM5154060v1,ftp://ftp.ncbi.nlm.nih.gov/genomes/all/GCF/051/540/605/GCF_051540605.1_ASM5154060v1
US_MAYO_2025,HP_422,SAMN47587918,GCF_051540585.1,GCA_051540585.1,GCF_051540585.1,JBMMPN01,Contig,1508.37,110921,1609883,ftp://ftp.ncbi.nlm.nih.gov/genomes/all/GCA/051/540/585/GCA_051540585.1_ASM5154058v1,ftp://ftp.ncbi.nlm.nih.gov/genomes/all/GCF/051/540/585/GCF_051540585.1_ASM5154058v1
US_MAYO_2025,HP_423,SAMN47587919,GCF_051540565.1,GCA_051540565.1,GCF_051540565.1,JBNMXV01,Contig,1219.19,91528,1604888,ftp://ftp.ncbi.nlm.nih.gov/genomes/all/GCA/051/540/565/GCA_051540565.1_ASM5154056v1,ftp://ftp.ncbi.nlm.nih.gov/genomes/all/GCF/051/540/565/GCF_051540565.1_ASM5154056v1
US_MAYO_2025,HP_425,SAMN47587920,GCF_051540545.1,GCA_051540545.1,GCF_051540545.1,JBNMXU01,Contig,1428.54,71078,1595768,ftp://ftp.ncbi.nlm.nih.gov/genomes/all/GCA/051/540/545/GCA_051540545.1_ASM5154054v1,ftp://ftp.ncbi.nlm.nih.gov/genomes/all/GCF/051/540/545/GCF_051540545.1_ASM5154054v1
US_MAYO_2025,HP_426,SAMN47587921,GCF_051540525.1,GCA_051540525.1,GCF_051540525.1,JBNMXT01,Contig,1233.56,146811,1602135,ftp://ftp.ncbi.nlm.nih.gov/genomes/all/GCA/051/540/525/GCA_051540525.1_ASM5154052v1,ftp://ftp.ncbi.nlm.nih.gov/genomes/all/GCF/051/540/525/GCF_051540525.1_ASM5154052v1
US_MAYO_2025,HP_427,SAMN47587922,GCF_051540505.1,GCA_051540505.1,GCF_051540505.1,JBNMXS01,Contig,1100.17,100536,1632270,ftp://ftp.ncbi.nlm.nih.gov/genomes/all/GCA/051/540/505/GCA_051540505.1_ASM5154050v1,ftp://ftp.ncbi.nlm.nih.gov/genomes/all/GCF/051/540/505/GCF_051540505.1_ASM5154050v1
US_MAYO_2025,HP_428,SAMN47587923,GCF_051540485.1,GCA_051540485.1,GCF_051540485.1,JBNMXR01,Contig,1628.41,65379,1600057,ftp://ftp.ncbi.nlm.nih.gov/genomes/all/GCA/051/540/485/GCA_051540485.1_ASM5154048v1,ftp://ftp.ncbi.nlm.nih.gov/genomes/all/GCF/051/540/485/GCF_051540485.1_ASM5154048v1
US_MAYO_2025,HP_430,SAMN47587924,GCF_051540465.1,GCA_051540465.1,GCF_051540465.1,JBNMXQ01,Contig,1156.37,128751,1610260,ftp://ftp.ncbi.nlm.nih.gov/genomes/all/GCA/051/540/465/GCA_051540465.1_ASM5154046v1,ftp://ftp.ncbi.nlm.nih.gov/genomes/all/GCF/051/540/465/GCF_051540465.1_ASM5154046v1
US_MAYO_2025,HP_431,SAMN47587925,GCF_051540445.1,GCA_051540445.1,GCF_051540445.1,JBMMPM01,Contig,1465.31,53724,1631161,ftp://ftp.ncbi.nlm.nih.gov/genomes/all/GCA/051/540/445/GCA_051540445.1_ASM5154044v1,ftp://ftp.ncbi.nlm.nih.gov/genomes/all/GCF/051/540/445/GCF_051540445.1_ASM5154044v1
US_MAYO_2025,HP_432,SAMN47587926,GCF_051540425.1,GCA_051540425.1,GCF_051540425.1,JBNMXP01,Contig,1661.48,115770,1648404,ftp://ftp.ncbi.nlm.nih.gov/genomes/all/GCA/051/540/425/GCA_051540425.1_ASM5154042v1,ftp://ftp.ncbi.nlm.nih.gov/genomes/all/GCF/051/540/425/GCF_051540425.1_ASM5154042v1
US_MAYO_2025,HP_433,SAMN47587927,GCF_051540405.1,GCA_051540405.1,GCF_051540405.1,JBNMXO01,Contig,1437.54,103344,1553352,ftp://ftp.ncbi.nlm.nih.gov/genomes/all/GCA/051/540/405/GCA_051540405.1_ASM5154040v1,ftp://ftp.ncbi.nlm.nih.gov/genomes/all/GCF/051/540/405/GCF_051540405.1_ASM5154040v1
US_MAYO_2025,HP_434,SAMN47587928,GCF_051540385.1,GCA_051540385.1,GCF_051540385.1,JBNMXN01,Contig,1581.02,244693,1596909,ftp://ftp.ncbi.nlm.nih.gov/genomes/all/GCA/051/540/385/GCA_051540385.1_ASM5154038v1,ftp://ftp.ncbi.nlm.nih.gov/genomes/all/GCF/051/540/385/GCF_051540385.1_ASM5154038v1
US_MAYO_2025,HP_435,SAMN47587929,GCF_051540365.1,GCA_051540365.1,GCF_051540365.1,JBMMPL01,Contig,1544.44,105815,1636049,ftp://ftp.ncbi.nlm.nih.gov/genomes/all/GCA/051/540/365/GCA_051540365.1_ASM5154036v1,ftp://ftp.ncbi.nlm.nih.gov/genomes/all/GCF/051/540/365/GCF_051540365.1_ASM5154036v1
US_MAYO_2025,HP_436,SAMN47587930,GCF_051540345.1,GCA_051540345.1,GCF_051540345.1,JBNMXM01,Contig,3401.98,77104,1687943,ftp://ftp.ncbi.nlm.nih.gov/genomes/all/GCA/051/540/345/GCA_051540345.1_ASM5154034v1,ftp://ftp.ncbi.nlm.nih.gov/genomes/all/GCF/051/540/345/GCF_051540345.1_ASM5154034v1
US_MAYO_2025,HP_437,SAMN47587931,GCF_051540325.1,GCA_051540325.1,GCF_051540325.1,JBNMXL01,Contig,1543.32,191791,1636213,ftp://ftp.ncbi.nlm.nih.gov/genomes/all/GCA/051/540/325/GCA_051540325.1_ASM5154032v1,ftp://ftp.ncbi.nlm.nih.gov/genomes/all/GCF/051/540/325/GCF_051540325.1_ASM5154032v1
US_MAYO_2025,HP_438,SAMN47587932,GCF_051540305.1,GCA_051540305.1,GCF_051540305.1,JBNMXK01,Contig,1729.71,106761,1620686,ftp://ftp.ncbi.nlm.nih.gov/genomes/all/GCA/051/540/305/GCA_051540305.1_ASM5154030v1,ftp://ftp.ncbi.nlm.nih.gov/genomes/all/GCF/051/540/305/GCF_051540305.1_ASM5154030v1
US_MAYO_2025,HP_439,SAMN47587933,GCF_051540285.1,GCA_051540285.1,GCF_051540285.1,JBNMXJ01,Contig,1375.23,121076,1599238,ftp://ftp.ncbi.nlm.nih.gov/genomes/all/GCA/051/540/285/GCA_051540285.1_ASM5154028v1,ftp://ftp.ncbi.nlm.nih.gov/genomes/all/GCF/051/540/285/GCF_051540285.1_ASM5154028v1
US_MAYO_2025,HP_444,SAMN47587935,GCF_051540265.1,GCA_051540265.1,GCF_051540265.1,JBMMPK01,Contig,1121.1,66017,1600010,ftp://ftp.ncbi.nlm.nih.gov/genomes/all/GCA/051/540/265/GCA_051540265.1_ASM5154026v1,ftp://ftp.ncbi.nlm.nih.gov/genomes/all/GCF/051/540/265/GCF_051540265.1_ASM5154026v1
US_MAYO_2025,HP_441,SAMN47587934,GCF_051540245.1,GCA_051540245.1,GCF_051540245.1,JBNMXI01,Contig,1391.57,116081,1585025,ftp://ftp.ncbi.nlm.nih.gov/genomes/all/GCA/051/540/245/GCA_051540245.1_ASM5154024v1,ftp://ftp.ncbi.nlm.nih.gov/genomes/all/GCF/051/540/245/GCF_051540245.1_ASM5154024v1
US_MAYO_2025,HP_445,SAMN47587936,GCF_051540225.1,GCA_051540225.1,GCF_051540225.1,JBNMXH01,Contig,1378.16,62492,1593781,ftp://ftp.ncbi.nlm.nih.gov/genomes/all/GCA/051/540/225/GCA_051540225.1_ASM5154022v1,ftp://ftp.ncbi.nlm.nih.gov/genomes/all/GCF/051/540/225/GCF_051540225.1_ASM5154022v1
US_MAYO_2025,HP_447,SAMN47587938,GCF_051540205.1,GCA_051540205.1,GCF_051540205.1,JBNMXF01,Contig,1359.56,95204,1612488,ftp://ftp.ncbi.nlm.nih.gov/genomes/all/GCA/051/540/205/GCA_051540205.1_ASM5154020v1,ftp://ftp.ncbi.nlm.nih.gov/genomes/all/GCF/051/540/205/GCF_051540205.1_ASM5154020v1
US_MAYO_2025,HP_446,SAMN47587937,GCF_051540185.1,GCA_051540185.1,GCF_051540185.1,JBNMXG01,Contig,1324.56,54398,1627311,ftp://ftp.ncbi.nlm.nih.gov/genomes/all/GCA/051/540/185/GCA_051540185.1_ASM5154018v1,ftp://ftp.ncbi.nlm.nih.gov/genomes/all/GCF/051/540/185/GCF_051540185.1_ASM5154018v1
US_MAYO_2025,HP_448,SAMN47587939,GCF_051540165.1,GCA_051540165.1,GCF_051540165.1,JBNMXE01,Contig,1134.93,29346,1582286,ftp://ftp.ncbi.nlm.nih.gov/genomes/all/GCA/051/540/165/GCA_051540165.1_ASM5154016v1,ftp://ftp.ncbi.nlm.nih.gov/genomes/all/GCF/051/540/165/GCF_051540165.1_ASM5154016v1
US_MAYO_2025,HP_449,SAMN47587940,GCF_051540145.1,GCA_051540145.1,GCF_051540145.1,JBNMXD01,Contig,1233.45,109029,1604949,ftp://ftp.ncbi.nlm.nih.gov/genomes/all/GCA/051/540/145/GCA_051540145.1_ASM5154014v1,ftp://ftp.ncbi.nlm.nih.gov/genomes/all/GCF/051/540/145/GCF_051540145.1_ASM5154014v1
US_MAYO_2025,HP_454,SAMN47587942,GCF_051540125.1,GCA_051540125.1,GCF_051540125.1,JBNMXB01,Contig,1131.08,239185,1584888,ftp://ftp.ncbi.nlm.nih.gov/genomes/all/GCA/051/540/125/GCA_051540125.1_ASM5154012v1,ftp://ftp.ncbi.nlm.nih.gov/genomes/all/GCF/051/540/125/GCF_051540125.1_ASM5154012v1
US_MAYO_2025,HP_451,SAMN47587941,GCF_051540105.1,GCA_051540105.1,GCF_051540105.1,JBNMXC01,Contig,1587.08,49718,1659738,ftp://ftp.ncbi.nlm.nih.gov/genomes/all/GCA/051/540/105/GCA_051540105.1_ASM5154010v1,ftp://ftp.ncbi.nlm.nih.gov/genomes/all/GCF/051/540/105/GCF_051540105.1_ASM5154010v1
US_MAYO_2025,HP_455,SAMN47587943,GCF_051540085.1,GCA_051540085.1,GCF_051540085.1,JBNMXA01,Contig,1055.45,64191,1556861,ftp://ftp.ncbi.nlm.nih.gov/genomes/all/GCA/051/540/085/GCA_051540085.1_ASM5154008v1,ftp://ftp.ncbi.nlm.nih.gov/genomes/all/GCF/051/540/085/GCF_051540085.1_ASM5154008v1
US_MAYO_2025,HP_459,SAMN47587945,GCF_051540065.1,GCA_051540065.1,GCF_051540065.1,JBNMWZ01,Contig,1232.78,100214,1582708,ftp://ftp.ncbi.nlm.nih.gov/genomes/all/GCA/051/540/065/GCA_051540065.1_ASM5154006v1,ftp://ftp.ncbi.nlm.nih.gov/genomes/all/GCF/051/540/065/GCF_051540065.1_ASM5154006v1
US_MAYO_2025,HP_458,SAMN47587944,GCF_051540045.1,GCA_051540045.1,GCF_051540045.1,JBMMPJ01,Contig,1239.59,110473,1629596,ftp://ftp.ncbi.nlm.nih.gov/genomes/all/GCA/051/540/045/GCA_051540045.1_ASM5154004v1,ftp://ftp.ncbi.nlm.nih.gov/genomes/all/GCF/051/540/045/GCF_051540045.1_ASM5154004v1
US_MAYO_2025,HP_462,SAMN47587946,GCF_051540025.1,GCA_051540025.1,GCF_051540025.1,JBNMWY01,Contig,1491.23,47511,1573950,ftp://ftp.ncbi.nlm.nih.gov/genomes/all/GCA/051/540/025/GCA_051540025.1_ASM5154002v1,ftp://ftp.ncbi.nlm.nih.gov/genomes/all/GCF/051/540/025/GCF_051540025.1_ASM5154002v1
US_MAYO_2025,HP_463,SAMN47587947,GCF_051540005.1,GCA_051540005.1,GCF_051540005.1,JBNMWX01,Contig,1023.23,140809,1663746,ftp://ftp.ncbi.nlm.nih.gov/genomes/all/GCA/051/540/005/GCA_051540005.1_ASM5154000v1,ftp://ftp.ncbi.nlm.nih.gov/genomes/all/GCF/051/540/005/GCF_051540005.1_ASM5154000v1
US_MAYO_2025,HP_465,SAMN47587948,GCF_051539985.1,GCA_051539985.1,GCF_051539985.1,JBNMWW01,Contig,1381.32,54070,1586958,ftp://ftp.ncbi.nlm.nih.gov/genomes/all/GCA/051/539/985/GCA_051539985.1_ASM5153998v1,ftp://ftp.ncbi.nlm.nih.gov/genomes/all/GCF/051/539/985/GCF_051539985.1_ASM5153998v1
US_MAYO_2025,HP_466,SAMN47587949,GCF_051539965.1,GCA_051539965.1,GCF_051539965.1,JBMMPI01,Contig,1188.98,87205,1631632,ftp://ftp.ncbi.nlm.nih.gov/genomes/all/GCA/051/539/965/GCA_051539965.1_ASM5153996v1,ftp://ftp.ncbi.nlm.nih.gov/genomes/all/GCF/051/539/965/GCF_051539965.1_ASM5153996v1
US_MAYO_2025,HP_469,SAMN47587950,GCF_051539945.1,GCA_051539945.1,GCF_051539945.1,JBMMPH01,Contig,1131.28,130670,1576226,ftp://ftp.ncbi.nlm.nih.gov/genomes/all/GCA/051/539/945/GCA_051539945.1_ASM5153994v1,ftp://ftp.ncbi.nlm.nih.gov/genomes/all/GCF/051/539/945/GCF_051539945.1_ASM5153994v1
US_MAYO_2025,HP_470,SAMN47587951,GCF_051539925.1,GCA_051539925.1,GCF_051539925.1,JBNMWV01,Contig,1493.05,110637,1630639,ftp://ftp.ncbi.nlm.nih.gov/genomes/all/GCA/051/539/925/GCA_051539925.1_ASM5153992v1,ftp://ftp.ncbi.nlm.nih.gov/genomes/all/GCF/051/539/925/GCF_051539925.1_ASM5153992v1
US_MAYO_2025,HP_471,SAMN47587952,GCF_051539905.1,GCA_051539905.1,GCF_051539905.1,JBMMPG01,Contig,1075.02,54689,1623802,ftp://ftp.ncbi.nlm.nih.gov/genomes/all/GCA/051/539/905/GCA_051539905.1_ASM5153990v1,ftp://ftp.ncbi.nlm.nih.gov/genomes/all/GCF/051/539/905/GCF_051539905.1_ASM5153990v1
US_MAYO_2025,HP_473,SAMN47587953,GCF_051539885.1,GCA_051539885.1,GCF_051539885.1,JBNMWU01,Contig,1152.8,105835,1634440,ftp://ftp.ncbi.nlm.nih.gov/genomes/all/GCA/051/539/885/GCA_051539885.1_ASM5153988v1,ftp://ftp.ncbi.nlm.nih.gov/genomes/all/GCF/051/539/885/GCF_051539885.1_ASM5153988v1
US_MAYO_2025,HP_474,SAMN47587954,GCF_051539865.1,GCA_051539865.1,GCF_051539865.1,JBNMWT01,Contig,1100.34,113288,1623996,ftp://ftp.ncbi.nlm.nih.gov/genomes/all/GCA/051/539/865/GCA_051539865.1_ASM5153986v1,ftp://ftp.ncbi.nlm.nih.gov/genomes/all/GCF/051/539/865/GCF_051539865.1_ASM5153986v1
US_MAYO_2025,HP_475,SAMN47587955,GCF_051539845.1,GCA_051539845.1,GCF_051539845.1,JBNMWS01,Contig,1066.3,133403,1639407,ftp://ftp.ncbi.nlm.nih.gov/genomes/all/GCA/051/539/845/GCA_051539845.1_ASM5153984v1,ftp://ftp.ncbi.nlm.nih.gov/genomes/all/GCF/051/539/845/GCF_051539845.1_ASM5153984v1
US_MAYO_2025,HP_477,SAMN47587956,GCF_051539825.1,GCA_051539825.1,GCF_051539825.1,JBNMWR01,Contig,1039.85,134780,1593281,ftp://ftp.ncbi.nlm.nih.gov/genomes/all/GCA/051/539/825/GCA_051539825.1_ASM5153982v1,ftp://ftp.ncbi.nlm.nih.gov/genomes/all/GCF/051/539/825/GCF_051539825.1_ASM5153982v1
US_MAYO_2025,HP_478,SAMN47587957,GCF_051539805.1,GCA_051539805.1,GCF_051539805.1,JBNMWQ01,Contig,1050.94,21750,1621811,ftp://ftp.ncbi.nlm.nih.gov/genomes/all/GCA/051/539/805/GCA_051539805.1_ASM5153980v1,ftp://ftp.ncbi.nlm.nih.gov/genomes/all/GCF/051/539/805/GCF_051539805.1_ASM5153980v1
US_MAYO_2025,HP_479,SAMN47587958,GCF_051539785.1,GCA_051539785.1,GCF_051539785.1,JBNMWP01,Contig,1681.03,58371,1638489,ftp://ftp.ncbi.nlm.nih.gov/genomes/all/GCA/051/539/785/GCA_051539785.1_ASM5153978v1,ftp://ftp.ncbi.nlm.nih.gov/genomes/all/GCF/051/539/785/GCF_051539785.1_ASM5153978v1
US_MAYO_2025,HP_480,SAMN47587959,GCF_051539765.1,GCA_051539765.1,GCF_051539765.1,JBNMWO01,Contig,1511.74,86261,1572741,ftp://ftp.ncbi.nlm.nih.gov/genomes/all/GCA/051/539/765/GCA_051539765.1_ASM5153976v1,ftp://ftp.ncbi.nlm.nih.gov/genomes/all/GCF/051/539/765/GCF_051539765.1_ASM5153976v1
US_MAYO_2025,HP_481,SAMN47587960,GCF_051539745.1,GCA_051539745.1,GCF_051539745.1,JBNMWN01,Contig,1015.3,96113,1632915,ftp://ftp.ncbi.nlm.nih.gov/genomes/all/GCA/051/539/745/GCA_051539745.1_ASM5153974v1,ftp://ftp.ncbi.nlm.nih.gov/genomes/all/GCF/051/539/745/GCF_051539745.1_ASM5153974v1
US_MAYO_2025,HP_482,SAMN47587961,GCF_051539725.1,GCA_051539725.1,GCF_051539725.1,JBMMPF01,Contig,1037.05,61132,1599786,ftp://ftp.ncbi.nlm.nih.gov/genomes/all/GCA/051/539/725/GCA_051539725.1_ASM5153972v1,ftp://ftp.ncbi.nlm.nih.gov/genomes/all/GCF/051/539/725/GCF_051539725.1_ASM5153972v1
US_MAYO_2025,HP_483,SAMN47587962,GCF_051539705.1,GCA_051539705.1,GCF_051539705.1,JBMMPE01,Contig,1172.8,62029,1599711,ftp://ftp.ncbi.nlm.nih.gov/genomes/all/GCA/051/539/705/GCA_051539705.1_ASM5153970v1,ftp://ftp.ncbi.nlm.nih.gov/genomes/all/GCF/051/539/705/GCF_051539705.1_ASM5153970v1
US_MAYO_2025,HP_484,SAMN47587963,GCF_051539685.1,GCA_051539685.1,GCF_051539685.1,JBNMWM01,Contig,1253.66,97250,1602241,ftp://ftp.ncbi.nlm.nih.gov/genomes/all/GCA/051/539/685/GCA_051539685.1_ASM5153968v1,ftp://ftp.ncbi.nlm.nih.gov/genomes/all/GCF/051/539/685/GCF_051539685.1_ASM5153968v1
US_MAYO_2025,HP_485,SAMN47587964,GCF_051539665.1,GCA_051539665.1,GCF_051539665.1,JBNMWL01,Contig,997.798,39532,1605031,ftp://ftp.ncbi.nlm.nih.gov/genomes/all/GCA/051/539/665/GCA_051539665.1_ASM5153966v1,ftp://ftp.ncbi.nlm.nih.gov/genomes/all/GCF/051/539/665/GCF_051539665.1_ASM5153966v1
US_MAYO_2025,HP_486,SAMN47587965,GCF_051539645.1,GCA_051539645.1,GCF_051539645.1,JBMMPD01,Contig,993.162,21095,1601641,ftp://ftp.ncbi.nlm.nih.gov/genomes/all/GCA/051/539/645/GCA_051539645.1_ASM5153964v1,ftp://ftp.ncbi.nlm.nih.gov/genomes/all/GCF/051/539/645/GCF_051539645.1_ASM5153964v1
US_MAYO_2025,HP_487,SAMN47587966,GCF_051539625.1,GCA_051539625.1,GCF_051539625.1,JBNMWK01,Contig,1316.11,72777,1621367,ftp://ftp.ncbi.nlm.nih.gov/genomes/all/GCA/051/539/625/GCA_051539625.1_ASM5153962v1,ftp://ftp.ncbi.nlm.nih.gov/genomes/all/GCF/051/539/625/GCF_051539625.1_ASM5153962v1
US_MAYO_2025,HP_491,SAMN47587967,GCF_051539605.1,GCA_051539605.1,GCF_051539605.1,JBMMPC01,Contig,1170.63,86029,1650844,ftp://ftp.ncbi.nlm.nih.gov/genomes/all/GCA/051/539/605/GCA_051539605.1_ASM5153960v1,ftp://ftp.ncbi.nlm.nih.gov/genomes/all/GCF/051/539/605/GCF_051539605.1_ASM5153960v1
US_MAYO_2025,HP_494,SAMN47587969,GCF_051539585.1,GCA_051539585.1,GCF_051539585.1,JBNMWJ01,Contig,1062.69,53956,1630375,ftp://ftp.ncbi.nlm.nih.gov/genomes/all/GCA/051/539/585/GCA_051539585.1_ASM5153958v1,ftp://ftp.ncbi.nlm.nih.gov/genomes/all/GCF/051/539/585/GCF_051539585.1_ASM5153958v1
US_MAYO_2025,HP_492,SAMN47587968,GCF_051539565.1,GCA_051539565.1,GCF_051539565.1,JBMMPB01,Contig,1539.73,86144,1595864,ftp://ftp.ncbi.nlm.nih.gov/genomes/all/GCA/051/539/565/GCA_051539565.1_ASM5153956v1,ftp://ftp.ncbi.nlm.nih.gov/genomes/all/GCF/051/539/565/GCF_051539565.1_ASM5153956v1
US_MAYO_2025,HP_498,SAMN47587970,GCF_051539545.1,GCA_051539545.1,GCF_051539545.1,JBNMWI01,Contig,1194.2,113641,1591894,ftp://ftp.ncbi.nlm.nih.gov/genomes/all/GCA/051/539/545/GCA_051539545.1_ASM5153954v1,ftp://ftp.ncbi.nlm.nih.gov/genomes/all/GCF/051/539/545/GCF_051539545.1_ASM5153954v1
US_MAYO_2025,HP_499,SAMN47587971,GCF_051539525.1,GCA_051539525.1,GCF_051539525.1,JBMMPA01,Contig,1000.98,108615,1619840,ftp://ftp.ncbi.nlm.nih.gov/genomes/all/GCA/051/539/525/GCA_051539525.1_ASM5153952v1,ftp://ftp.ncbi.nlm.nih.gov/genomes/all/GCF/051/539/525/GCF_051539525.1_ASM5153952v1
US_MAYO_2025,HP_501,SAMN47587972,GCF_051539505.1,GCA_051539505.1,GCF_051539505.1,JBNMWH01,Contig,1096.38,82598,1630388,ftp://ftp.ncbi.nlm.nih.gov/genomes/all/GCA/051/539/505/GCA_051539505.1_ASM5153950v1,ftp://ftp.ncbi.nlm.nih.gov/genomes/all/GCF/051/539/505/GCF_051539505.1_ASM5153950v1
US_MAYO_2025,HP_502,SAMN47587973,GCF_051539485.1,GCA_051539485.1,GCF_051539485.1,JBMMOZ01,Contig,1373.85,159288,1569573,ftp://ftp.ncbi.nlm.nih.gov/genomes/all/GCA/051/539/485/GCA_051539485.1_ASM5153948v1,ftp://ftp.ncbi.nlm.nih.gov/genomes/all/GCF/051/539/485/GCF_051539485.1_ASM5153948v1
US_MAYO_2025,HP_503,SAMN47587974,GCF_051539465.1,GCA_051539465.1,GCF_051539465.1,JBMMOY01,Contig,1256.1,91899,1574800,ftp://ftp.ncbi.nlm.nih.gov/genomes/all/GCA/051/539/465/GCA_051539465.1_ASM5153946v1,ftp://ftp.ncbi.nlm.nih.gov/genomes/all/GCF/051/539/465/GCF_051539465.1_ASM5153946v1
US_MAYO_2025,HP_504,SAMN47587975,GCF_051539445.1,GCA_051539445.1,GCF_051539445.1,JBMMOX01,Contig,905.675,21009,1591976,ftp://ftp.ncbi.nlm.nih.gov/genomes/all/GCA/051/539/445/GCA_051539445.1_ASM5153944v1,ftp://ftp.ncbi.nlm.nih.gov/genomes/all/GCF/051/539/445/GCF_051539445.1_ASM5153944v1
US_MAYO_2025,HP_505,SAMN47587976,GCF_051539425.1,GCA_051539425.1,GCF_051539425.1,JBMMOW01,Contig,947.842,62218,1613360,ftp://ftp.ncbi.nlm.nih.gov/genomes/all/GCA/051/539/425/GCA_051539425.1_ASM5153942v1,ftp://ftp.ncbi.nlm.nih.gov/genomes/all/GCF/051/539/425/GCF_051539425.1_ASM5153942v1
US_MAYO_2025,HP_506,SAMN47587977,GCF_051539405.1,GCA_051539405.1,GCF_051539405.1,JBMMOV01,Contig,1314.3,39663,1626244,ftp://ftp.ncbi.nlm.nih.gov/genomes/all/GCA/051/539/405/GCA_051539405.1_ASM5153940v1,ftp://ftp.ncbi.nlm.nih.gov/genomes/all/GCF/051/539/405/GCF_051539405.1_ASM5153940v1
US_MAYO_2025,HP_508,SAMN47587978,GCF_051539385.1,GCA_051539385.1,GCF_051539385.1,JBNMWG01,Contig,1059.98,108423,1596087,ftp://ftp.ncbi.nlm.nih.gov/genomes/all/GCA/051/539/385/GCA_051539385.1_ASM5153938v1,ftp://ftp.ncbi.nlm.nih.gov/genomes/all/GCF/051/539/385/GCF_051539385.1_ASM5153938v1
US_MAYO_2025,HP_509,SAMN47587979,GCF_051539365.1,GCA_051539365.1,GCF_051539365.1,JBMMOU01,Contig,1005.46,108280,1594713,ftp://ftp.ncbi.nlm.nih.gov/genomes/all/GCA/051/539/365/GCA_051539365.1_ASM5153936v1,ftp://ftp.ncbi.nlm.nih.gov/genomes/all/GCF/051/539/365/GCF_051539365.1_ASM5153936v1
US_MAYO_2025,HP_510,SAMN47587980,GCF_051539345.1,GCA_051539345.1,GCF_051539345.1,JBNMWF01,Contig,989.109,91588,1608220,ftp://ftp.ncbi.nlm.nih.gov/genomes/all/GCA/051/539/345/GCA_051539345.1_ASM5153934v1,ftp://ftp.ncbi.nlm.nih.gov/genomes/all/GCF/051/539/345/GCF_051539345.1_ASM5153934v1
US_MAYO_2025,HP_511,SAMN47587981,GCF_051539325.1,GCA_051539325.1,GCF_051539325.1,JBNMWE01,Contig,1487.54,91046,1629521,ftp://ftp.ncbi.nlm.nih.gov/genomes/all/GCA/051/539/325/GCA_051539325.1_ASM5153932v1,ftp://ftp.ncbi.nlm.nih.gov/genomes/all/GCF/051/539/325/GCF_051539325.1_ASM5153932v1
US_MAYO_2025,HP_513,SAMN47587982,GCF_051539305.1,GCA_051539305.1,GCF_051539305.1,JBNMWD01,Contig,1238.97,80608,1639215,ftp://ftp.ncbi.nlm.nih.gov/genomes/all/GCA/051/539/305/GCA_051539305.1_ASM5153930v1,ftp://ftp.ncbi.nlm.nih.gov/genomes/all/GCF/051/539/305/GCF_051539305.1_ASM5153930v1
US_MAYO_2025,HP_514,SAMN47587983,GCF_051539275.1,GCA_051539275.1,GCF_051539275.1,JBNMWC01,Contig,999.741,78399,1567954,ftp://ftp.ncbi.nlm.nih.gov/genomes/all/GCA/051/539/275/GCA_051539275.1_ASM5153927v1,ftp://ftp.ncbi.nlm.nih.gov/genomes/all/GCF/051/539/275/GCF_051539275.1_ASM5153927v1
US_MAYO_2025,HP_515,SAMN47587984,GCF_051539265.1,GCA_051539265.1,GCF_051539265.1,JBNMWB01,Contig,934.097,142430,1553458,ftp://ftp.ncbi.nlm.nih.gov/genomes/all/GCA/051/539/265/GCA_051539265.1_ASM5153926v1,ftp://ftp.ncbi.nlm.nih.gov/genomes/all/GCF/051/539/265/GCF_051539265.1_ASM5153926v1
US_MAYO_2025,HP_516,SAMN47587985,GCF_051539245.1,GCA_051539245.1,GCF_051539245.1,JBNMWA01,Contig,1281.33,105206,1564793,ftp://ftp.ncbi.nlm.nih.gov/genomes/all/GCA/051/539/245/GCA_051539245.1_ASM5153924v1,ftp://ftp.ncbi.nlm.nih.gov/genomes/all/GCF/051/539/245/GCF_051539245.1_ASM5153924v1
US_MAYO_2025,HP_518,SAMN47587986,GCF_051539225.1,GCA_051539225.1,GCF_051539225.1,JBMMOT01,Contig,1023.17,82199,1611478,ftp://ftp.ncbi.nlm.nih.gov/genomes/all/GCA/051/539/225/GCA_051539225.1_ASM5153922v1,ftp://ftp.ncbi.nlm.nih.gov/genomes/all/GCF/051/539/225/GCF_051539225.1_ASM5153922v1
US_MAYO_2025,HP_519,SAMN47587987,GCF_051539205.1,GCA_051539205.1,GCF_051539205.1,JBNMVZ01,Contig,1319.7,76276,1650117,ftp://ftp.ncbi.nlm.nih.gov/genomes/all/GCA/051/539/205/GCA_051539205.1_ASM5153920v1,ftp://ftp.ncbi.nlm.nih.gov/genomes/all/GCF/051/539/205/GCF_051539205.1_ASM5153920v1
US_MAYO_2025,HP_521,SAMN47587988,GCF_051539185.1,GCA_051539185.1,GCF_051539185.1,JBNMVY01,Contig,1052.03,117607,1642886,ftp://ftp.ncbi.nlm.nih.gov/genomes/all/GCA/051/539/185/GCA_051539185.1_ASM5153918v1,ftp://ftp.ncbi.nlm.nih.gov/genomes/all/GCF/051/539/185/GCF_051539185.1_ASM5153918v1
US_MAYO_2025,HP_523,SAMN47587989,GCF_051539165.1,GCA_051539165.1,GCF_051539165.1,JBMMOS01,Contig,1291.48,116101,1593456,ftp://ftp.ncbi.nlm.nih.gov/genomes/all/GCA/051/539/165/GCA_051539165.1_ASM5153916v1,ftp://ftp.ncbi.nlm.nih.gov/genomes/all/GCF/051/539/165/GCF_051539165.1_ASM5153916v1
US_MAYO_2025,HP_526,SAMN47587990,GCF_051539135.1,GCA_051539135.1,GCF_051539135.1,JBMMOR01,Contig,795.592,70076,1584048,ftp://ftp.ncbi.nlm.nih.gov/genomes/all/GCA/051/539/135/GCA_051539135.1_ASM5153913v1,ftp://ftp.ncbi.nlm.nih.gov/genomes/all/GCF/051/539/135/GCF_051539135.1_ASM5153913v1
US_MAYO_2025,HP_527,SAMN47587991,GCF_051539125.1,GCA_051539125.1,GCF_051539125.1,JBNMVX01,Contig,892.222,107523,1580357,ftp://ftp.ncbi.nlm.nih.gov/genomes/all/GCA/051/539/125/GCA_051539125.1_ASM5153912v1,ftp://ftp.ncbi.nlm.nih.gov/genomes/all/GCF/051/539/125/GCF_051539125.1_ASM5153912v1
US_MAYO_2025,HP_529,SAMN47587992,GCF_051539105.1,GCA_051539105.1,GCF_051539105.1,JBNMVW01,Contig,1503.36,102580,1614091,ftp://ftp.ncbi.nlm.nih.gov/genomes/all/GCA/051/539/105/GCA_051539105.1_ASM5153910v1,ftp://ftp.ncbi.nlm.nih.gov/genomes/all/GCF/051/539/105/GCF_051539105.1_ASM5153910v1
US_MAYO_2025,HP_530,SAMN47587993,GCF_051539075.1,GCA_051539075.1,GCF_051539075.1,JBNMVV01,Contig,1018.65,94247,1617926,ftp://ftp.ncbi.nlm.nih.gov/genomes/all/GCA/051/539/075/GCA_051539075.1_ASM5153907v1,ftp://ftp.ncbi.nlm.nih.gov/genomes/all/GCF/051/539/075/GCF_051539075.1_ASM5153907v1
US_MAYO_2025,HP_531,SAMN47587994,GCF_051539065.1,GCA_051539065.1,GCF_051539065.1,JBMMOQ01,Contig,1011.38,74052,1613654,ftp://ftp.ncbi.nlm.nih.gov/genomes/all/GCA/051/539/065/GCA_051539065.1_ASM5153906v1,ftp://ftp.ncbi.nlm.nih.gov/genomes/all/GCF/051/539/065/GCF_051539065.1_ASM5153906v1
US_MAYO_2025,HP_532,SAMN47587995,GCF_051539045.1,GCA_051539045.1,GCF_051539045.1,JBNMVU01,Contig,1210.64,79846,1599474,ftp://ftp.ncbi.nlm.nih.gov/genomes/all/GCA/051/539/045/GCA_051539045.1_ASM5153904v1,ftp://ftp.ncbi.nlm.nih.gov/genomes/all/GCF/051/539/045/GCF_051539045.1_ASM5153904v1
US_MAYO_2025,HP_533,SAMN47587996,GCF_051539025.1,GCA_051539025.1,GCF_051539025.1,JBNMVT01,Contig,935.136,78332,1655025,ftp://ftp.ncbi.nlm.nih.gov/genomes/all/GCA/051/539/025/GCA_051539025.1_ASM5153902v1,ftp://ftp.ncbi.nlm.nih.gov/genomes/all/GCF/051/539/025/GCF_051539025.1_ASM5153902v1
US_MAYO_2025,HP_534,SAMN47587997,GCF_051539005.1,GCA_051539005.1,GCF_051539005.1,JBNMVS01,Contig,987.345,95147,1643075,ftp://ftp.ncbi.nlm.nih.gov/genomes/all/GCA/051/539/005/GCA_051539005.1_ASM5153900v1,ftp://ftp.ncbi.nlm.nih.gov/genomes/all/GCF/051/539/005/GCF_051539005.1_ASM5153900v1
US_MAYO_2025,HP_536,SAMN47587998,GCF_051538985.1,GCA_051538985.1,GCF_051538985.1,JBNMVR01,Contig,1214.29,68358,1667583,ftp://ftp.ncbi.nlm.nih.gov/genomes/all/GCA/051/538/985/GCA_051538985.1_ASM5153898v1,ftp://ftp.ncbi.nlm.nih.gov/genomes/all/GCF/051/538/985/GCF_051538985.1_ASM5153898v1
US_MAYO_2025,HP_538,SAMN47588000,GCF_051538955.1,GCA_051538955.1,GCF_051538955.1,JBNMVQ01,Contig,1053.49,131183,1593562,ftp://ftp.ncbi.nlm.nih.gov/genomes/all/GCA/051/538/955/GCA_051538955.1_ASM5153895v1,ftp://ftp.ncbi.nlm.nih.gov/genomes/all/GCF/051/538/955/GCF_051538955.1_ASM5153895v1
US_MAYO_2025,HP_537,SAMN47587999,GCF_051538945.1,GCA_051538945.1,GCF_051538945.1,JBMMOP01,Contig,1027.45,35792,1634269,ftp://ftp.ncbi.nlm.nih.gov/genomes/all/GCA/051/538/945/GCA_051538945.1_ASM5153894v1,ftp://ftp.ncbi.nlm.nih.gov/genomes/all/GCF/051/538/945/GCF_051538945.1_ASM5153894v1
US_MAYO_2025,HP_539,SAMN47588001,GCF_051538925.1,GCA_051538925.1,GCF_051538925.1,JBNMVP01,Contig,1082.14,52504,1580557,ftp://ftp.ncbi.nlm.nih.gov/genomes/all/GCA/051/538/925/GCA_051538925.1_ASM5153892v1,ftp://ftp.ncbi.nlm.nih.gov/genomes/all/GCF/051/538/925/GCF_051538925.1_ASM5153892v1
US_MAYO_2025,HP_540,SAMN47588002,GCF_051538905.1,GCA_051538905.1,GCF_051538905.1,JBNMVO01,Contig,1138.45,112601,1593408,ftp://ftp.ncbi.nlm.nih.gov/genomes/all/GCA/051/538/905/GCA_051538905.1_ASM5153890v1,ftp://ftp.ncbi.nlm.nih.gov/genomes/all/GCF/051/538/905/GCF_051538905.1_ASM5153890v1
US_MAYO_2025,HP_542,SAMN47588003,GCF_051538885.1,GCA_051538885.1,GCF_051538885.1,JBNMVN01,Contig,1028.68,55589,1656629,ftp://ftp.ncbi.nlm.nih.gov/genomes/all/GCA/051/538/885/GCA_051538885.1_ASM5153888v1,ftp://ftp.ncbi.nlm.nih.gov/genomes/all/GCF/051/538/885/GCF_051538885.1_ASM5153888v1
US_MAYO_2025,HP_543,SAMN47588004,GCF_051538865.1,GCA_051538865.1,GCF_051538865.1,JBMMOO01,Contig,1145.57,124822,1639358,ftp://ftp.ncbi.nlm.nih.gov/genomes/all/GCA/051/538/865/GCA_051538865.1_ASM5153886v1,ftp://ftp.ncbi.nlm.nih.gov/genomes/all/GCF/051/538/865/GCF_051538865.1_ASM5153886v1
US_MAYO_2025,HP_546,SAMN47588006,GCF_051538845.1,GCA_051538845.1,GCF_051538845.1,JBNMVL01,Contig,1012.43,107492,1596911,ftp://ftp.ncbi.nlm.nih.gov/genomes/all/GCA/051/538/845/GCA_051538845.1_ASM5153884v1,ftp://ftp.ncbi.nlm.nih.gov/genomes/all/GCF/051/538/845/GCF_051538845.1_ASM5153884v1
US_MAYO_2025,HP_544,SAMN47588005,GCF_051538825.1,GCA_051538825.1,GCF_051538825.1,JBNMVM01,Contig,1911.6,78445,1639721,ftp://ftp.ncbi.nlm.nih.gov/genomes/all/GCA/051/538/825/GCA_051538825.1_ASM5153882v1,ftp://ftp.ncbi.nlm.nih.gov/genomes/all/GCF/051/538/825/GCF_051538825.1_ASM5153882v1
US_MAYO_2025,HP_548,SAMN47588007,GCF_051538805.1,GCA_051538805.1,GCF_051538805.1,JBMMON01,Contig,1147.88,16289,1642187,ftp://ftp.ncbi.nlm.nih.gov/genomes/all/GCA/051/538/805/GCA_051538805.1_ASM5153880v1,ftp://ftp.ncbi.nlm.nih.gov/genomes/all/GCF/051/538/805/GCF_051538805.1_ASM5153880v1
US_MAYO_2025,HP_551,SAMN47588008,GCF_051538785.1,GCA_051538785.1,GCF_051538785.1,JBMMOM01,Contig,1177.14,60153,1630973,ftp://ftp.ncbi.nlm.nih.gov/genomes/all/GCA/051/538/785/GCA_051538785.1_ASM5153878v1,ftp://ftp.ncbi.nlm.nih.gov/genomes/all/GCF/051/538/785/GCF_051538785.1_ASM5153878v1
US_MAYO_2025,HP_554,SAMN47588009,GCF_051538765.1,GCA_051538765.1,GCF_051538765.1,JBNMVK01,Contig,1084.88,69857,1652905,ftp://ftp.ncbi.nlm.nih.gov/genomes/all/GCA/051/538/765/GCA_051538765.1_ASM5153876v1,ftp://ftp.ncbi.nlm.nih.gov/genomes/all/GCF/051/538/765/GCF_051538765.1_ASM5153876v1
US_MAYO_2025,HP_556,SAMN47588010,GCF_051538745.1,GCA_051538745.1,GCF_051538745.1,JBNMVJ01,Contig,1223.93,103823,1592023,ftp://ftp.ncbi.nlm.nih.gov/genomes/all/GCA/051/538/745/GCA_051538745.1_ASM5153874v1,ftp://ftp.ncbi.nlm.nih.gov/genomes/all/GCF/051/538/745/GCF_051538745.1_ASM5153874v1
US_MAYO_2025,HP_557,SAMN47588011,GCF_051538715.1,GCA_051538715.1,GCF_051538715.1,JBNMVI01,Contig,990.76,96962,1573913,ftp://ftp.ncbi.nlm.nih.gov/genomes/all/GCA/051/538/715/GCA_051538715.1_ASM5153871v1,ftp://ftp.ncbi.nlm.nih.gov/genomes/all/GCF/051/538/715/GCF_051538715.1_ASM5153871v1
US_MAYO_2025,HP_559,SAMN47588012,GCF_051538705.1,GCA_051538705.1,GCF_051538705.1,JBMMOL01,Contig,817.943,67192,1650212,ftp://ftp.ncbi.nlm.nih.gov/genomes/all/GCA/051/538/705/GCA_051538705.1_ASM5153870v1,ftp://ftp.ncbi.nlm.nih.gov/genomes/all/GCF/051/538/705/GCF_051538705.1_ASM5153870v1
US_MAYO_2025,HP_560,SAMN47588013,GCF_051538685.1,GCA_051538685.1,GCF_051538685.1,JBNMVH01,Contig,1297.36,48802,1693584,ftp://ftp.ncbi.nlm.nih.gov/genomes/all/GCA/051/538/685/GCA_051538685.1_ASM5153868v1,ftp://ftp.ncbi.nlm.nih.gov/genomes/all/GCF/051/538/685/GCF_051538685.1_ASM5153868v1
US_MAYO_2025,HP_561,SAMN47588014,GCF_051538665.1,GCA_051538665.1,GCF_051538665.1,JBMMOK01,Contig,1045.26,49695,1667160,ftp://ftp.ncbi.nlm.nih.gov/genomes/all/GCA/051/538/665/GCA_051538665.1_ASM5153866v1,ftp://ftp.ncbi.nlm.nih.gov/genomes/all/GCF/051/538/665/GCF_051538665.1_ASM5153866v1
US_MAYO_2025,HP_563,SAMN47588016,GCF_051538635.1,GCA_051538635.1,GCF_051538635.1,JBNMVG01,Contig,1090.67,50492,1630461,ftp://ftp.ncbi.nlm.nih.gov/genomes/all/GCA/051/538/635/GCA_051538635.1_ASM5153863v1,ftp://ftp.ncbi.nlm.nih.gov/genomes/all/GCF/051/538/635/GCF_051538635.1_ASM5153863v1
US_MAYO_2025,HP_562,SAMN47588015,GCF_051538625.1,GCA_051538625.1,GCF_051538625.1,JBMMOJ01,Contig,1167.1,69551,1606946,ftp://ftp.ncbi.nlm.nih.gov/genomes/all/GCA/051/538/625/GCA_051538625.1_ASM5153862v1,ftp://ftp.ncbi.nlm.nih.gov/genomes/all/GCF/051/538/625/GCF_051538625.1_ASM5153862v1
US_MAYO_2025,HP_564,SAMN47588017,GCF_051538605.1,GCA_051538605.1,GCF_051538605.1,JBNMVF01,Contig,1079.2,63554,1669240,ftp://ftp.ncbi.nlm.nih.gov/genomes/all/GCA/051/538/605/GCA_051538605.1_ASM5153860v1,ftp://ftp.ncbi.nlm.nih.gov/genomes/all/GCF/051/538/605/GCF_051538605.1_ASM5153860v1
US_MAYO_2025,HP_566,SAMN47588018,GCF_051538565.1,GCA_051538565.1,GCF_051538565.1,JBMMOI01,Contig,988.092,84799,1615146,ftp://ftp.ncbi.nlm.nih.gov/genomes/all/GCA/051/538/565/GCA_051538565.1_ASM5153856v1,ftp://ftp.ncbi.nlm.nih.gov/genomes/all/GCF/051/538/565/GCF_051538565.1_ASM5153856v1
US_MAYO_2025,HP_567,SAMN47588019,GCF_051538575.1,GCA_051538575.1,GCF_051538575.1,JBNMVE01,Contig,964.831,83851,1661822,ftp://ftp.ncbi.nlm.nih.gov/genomes/all/GCA/051/538/575/GCA_051538575.1_ASM5153857v1,ftp://ftp.ncbi.nlm.nih.gov/genomes/all/GCF/051/538/575/GCF_051538575.1_ASM5153857v1
US_MAYO_2025,HP_568,SAMN47588020,GCF_051538545.1,GCA_051538545.1,GCF_051538545.1,JBMMOH01,Contig,941.565,94696,1692761,ftp://ftp.ncbi.nlm.nih.gov/genomes/all/GCA/051/538/545/GCA_051538545.1_ASM5153854v1,ftp://ftp.ncbi.nlm.nih.gov/genomes/all/GCF/051/538/545/GCF_051538545.1_ASM5153854v1
US_MAYO_2025,HP_569,SAMN47588021,GCF_051538515.1,GCA_051538515.1,GCF_051538515.1,JBNMVD01,Contig,948.802,161872,1631016,ftp://ftp.ncbi.nlm.nih.gov/genomes/all/GCA/051/538/515/GCA_051538515.1_ASM5153851v1,ftp://ftp.ncbi.nlm.nih.gov/genomes/all/GCF/051/538/515/GCF_051538515.1_ASM5153851v1
US_MAYO_2025,HP_571,SAMN47588022,GCF_051538505.1,GCA_051538505.1,GCF_051538505.1,JBNMVC01,Contig,994.434,95762,1600718,ftp://ftp.ncbi.nlm.nih.gov/genomes/all/GCA/051/538/505/GCA_051538505.1_ASM5153850v1,ftp://ftp.ncbi.nlm.nih.gov/genomes/all/GCF/051/538/505/GCF_051538505.1_ASM5153850v1
US_MAYO_2025,HP_574,SAMN47588025,GCF_051538485.1,GCA_051538485.1,GCF_051538485.1,JBNMVB01,Contig,950.299,107881,1588444,ftp://ftp.ncbi.nlm.nih.gov/genomes/all/GCA/051/538/485/GCA_051538485.1_ASM5153848v1,ftp://ftp.ncbi.nlm.nih.gov/genomes/all/GCF/051/538/485/GCF_051538485.1_ASM5153848v1
US_MAYO_2025,HP_572,SAMN47588023,GCF_051538455.1,GCA_051538455.1,GCF_051538455.1,JBMMOG01,Contig,1415.23,76125,1653129,ftp://ftp.ncbi.nlm.nih.gov/genomes/all/GCA/051/538/455/GCA_051538455.1_ASM5153845v1,ftp://ftp.ncbi.nlm.nih.gov/genomes/all/GCF/051/538/455/GCF_051538455.1_ASM5153845v1
US_MAYO_2025,HP_573,SAMN47588024,GCA_051538445.1,GCA_051538445.1,,JBMMOF01,Contig,834.723,155669,1469570,ftp://ftp.ncbi.nlm.nih.gov/genomes/all/GCA/051/538/445/GCA_051538445.1_ASM5153844v1,
US_MAYO_2025,HP_575,SAMN47588026,GCF_051538405.1,GCA_051538405.1,GCF_051538405.1,JBNMVA01,Contig,1313.2,65270,1622799,ftp://ftp.ncbi.nlm.nih.gov/genomes/all/GCA/051/538/405/GCA_051538405.1_ASM5153840v1,ftp://ftp.ncbi.nlm.nih.gov/genomes/all/GCF/051/538/405/GCF_051538405.1_ASM5153840v1
US_MAYO_2025,HP_577,SAMN47588028,GCF_051538395.1,GCA_051538395.1,GCF_051538395.1,JBNMUZ01,Contig,1446.26,22645,1612040,ftp://ftp.ncbi.nlm.nih.gov/genomes/all/GCA/051/538/395/GCA_051538395.1_ASM5153839v1,ftp://ftp.ncbi.nlm.nih.gov/genomes/all/GCF/051/538/395/GCF_051538395.1_ASM5153839v1
US_MAYO_2025,HP_576,SAMN47588027,GCF_051538385.1,GCA_051538385.1,GCF_051538385.1,JBMMOE01,Contig,898.998,120668,1637717,ftp://ftp.ncbi.nlm.nih.gov/genomes/all/GCA/051/538/385/GCA_051538385.1_ASM5153838v1,ftp://ftp.ncbi.nlm.nih.gov/genomes/all/GCF/051/538/385/GCF_051538385.1_ASM5153838v1
US_MAYO_2025,HP_579,SAMN47588030,GCF_051538355.1,GCA_051538355.1,GCF_051538355.1,JBMMOD01,Contig,1239.41,142701,1636875,ftp://ftp.ncbi.nlm.nih.gov/genomes/all/GCA/051/538/355/GCA_051538355.1_ASM5153835v1,ftp://ftp.ncbi.nlm.nih.gov/genomes/all/GCF/051/538/355/GCF_051538355.1_ASM5153835v1
US_MAYO_2025,HP_578,SAMN47588029,GCF_051538345.1,GCA_051538345.1,GCF_051538345.1,JBNMUY01,Contig,894.887,83300,1637912,ftp://ftp.ncbi.nlm.nih.gov/genomes/all/GCA/051/538/345/GCA_051538345.1_ASM5153834v1,ftp://ftp.ncbi.nlm.nih.gov/genomes/all/GCF/051/538/345/GCF_051538345.1_ASM5153834v1
US_MAYO_2025,HP_580,SAMN47588031,GCF_051538325.1,GCA_051538325.1,GCF_051538325.1,JBMMOC01,Contig,798.396,77139,1604034,ftp://ftp.ncbi.nlm.nih.gov/genomes/all/GCA/051/538/325/GCA_051538325.1_ASM5153832v1,ftp://ftp.ncbi.nlm.nih.gov/genomes/all/GCF/051/538/325/GCF_051538325.1_ASM5153832v1
US_MAYO_2025,HP_581,SAMN47588032,GCF_051538305.1,GCA_051538305.1,GCF_051538305.1,JBMMOB01,Contig,923.038,53265,1619942,ftp://ftp.ncbi.nlm.nih.gov/genomes/all/GCA/051/538/305/GCA_051538305.1_ASM5153830v1,ftp://ftp.ncbi.nlm.nih.gov/genomes/all/GCF/051/538/305/GCF_051538305.1_ASM5153830v1
US_MAYO_2025,HP_585,SAMN47588034,GCF_051538285.1,GCA_051538285.1,GCF_051538285.1,JBNMUW01,Contig,2521.92,117377,1625215,ftp://ftp.ncbi.nlm.nih.gov/genomes/all/GCA/051/538/285/GCA_051538285.1_ASM5153828v1,ftp://ftp.ncbi.nlm.nih.gov/genomes/all/GCF/051/538/285/GCF_051538285.1_ASM5153828v1
US_MAYO_2025,HP_582,SAMN47588033,GCF_051538265.1,GCA_051538265.1,GCF_051538265.1,JBNMUX01,Contig,1059.96,109110,1591013,ftp://ftp.ncbi.nlm.nih.gov/genomes/all/GCA/051/538/265/GCA_051538265.1_ASM5153826v1,ftp://ftp.ncbi.nlm.nih.gov/genomes/all/GCF/051/538/265/GCF_051538265.1_ASM5153826v1
US_MAYO_2025,HP_588,SAMN47588037,GCF_051538215.1,GCA_051538215.1,GCF_051538215.1,JBNMUU01,Contig,1034.81,55552,1638040,ftp://ftp.ncbi.nlm.nih.gov/genomes/all/GCA/051/538/215/GCA_051538215.1_ASM5153821v1,ftp://ftp.ncbi.nlm.nih.gov/genomes/all/GCF/051/538/215/GCF_051538215.1_ASM5153821v1
US_MAYO_2025,HP_586,SAMN47588035,GCF_051538235.1,GCA_051538235.1,GCF_051538235.1,JBNMUV01,Contig,783.137,112433,1574752,ftp://ftp.ncbi.nlm.nih.gov/genomes/all/GCA/051/538/235/GCA_051538235.1_ASM5153823v1,ftp://ftp.ncbi.nlm.nih.gov/genomes/all/GCF/051/538/235/GCF_051538235.1_ASM5153823v1
US_MAYO_2025,HP_587,SAMN47588036,GCF_051538205.1,GCA_051538205.1,GCF_051538205.1,JBMMOA01,Contig,1196.97,79091,1584583,ftp://ftp.ncbi.nlm.nih.gov/genomes/all/GCA/051/538/205/GCA_051538205.1_ASM5153820v1,ftp://ftp.ncbi.nlm.nih.gov/genomes/all/GCF/051/538/205/GCF_051538205.1_ASM5153820v1
US_MAYO_2025,HP_591,SAMN47588040,GCF_051538185.1,GCA_051538185.1,GCF_051538185.1,JBMMNY01,Contig,1305.93,96403,1636993,ftp://ftp.ncbi.nlm.nih.gov/genomes/all/GCA/051/538/185/GCA_051538185.1_ASM5153818v1,ftp://ftp.ncbi.nlm.nih.gov/genomes/all/GCF/051/538/185/GCF_051538185.1_ASM5153818v1
US_MAYO_2025,HP_590,SAMN47588039,GCF_051538155.1,GCA_051538155.1,GCF_051538155.1,JBMMNZ01,Contig,1042.02,142686,1644584,ftp://ftp.ncbi.nlm.nih.gov/genomes/all/GCA/051/538/155/GCA_051538155.1_ASM5153815v1,ftp://ftp.ncbi.nlm.nih.gov/genomes/all/GCF/051/538/155/GCF_051538155.1_ASM5153815v1
US_MAYO_2025,HP_589,SAMN47588038,GCF_051538145.1,GCA_051538145.1,GCF_051538145.1,JBNMUT01,Contig,984.477,107689,1628926,ftp://ftp.ncbi.nlm.nih.gov/genomes/all/GCA/051/538/145/GCA_051538145.1_ASM5153814v1,ftp://ftp.ncbi.nlm.nih.gov/genomes/all/GCF/051/538/145/GCF_051538145.1_ASM5153814v1
CHINA_NINGXIA_2022,SHZY03,SAMN20180523,GCF_021063205.1,GCA_021063205.1,GCF_021063205.1,JAHXKL01,Contig,350,110135,1590162,ftp://ftp.ncbi.nlm.nih.gov/genomes/all/GCA/021/063/205/GCA_021063205.1_ASM2106320v1,ftp://ftp.ncbi.nlm.nih.gov/genomes/all/GCF/021/063/205/GCF_021063205.1_ASM2106320v1
CHINA_NINGXIA_2022,SHZY02,SAMN20180522,GCF_021063185.1,GCA_021063185.1,GCF_021063185.1,JAHXKK01,Contig,432,70570,1566333,ftp://ftp.ncbi.nlm.nih.gov/genomes/all/GCA/021/063/185/GCA_021063185.1_ASM2106318v1,ftp://ftp.ncbi.nlm.nih.gov/genomes/all/GCF/021/063/185/GCF_021063185.1_ASM2106318v1
CHINA_NINGXIA_2022,SHZY01,SAMN20180521,GCF_021063165.1,GCA_021063165.1,GCF_021063165.1,JAHXKJ01,Contig,365,115353,1551021,ftp://ftp.ncbi.nlm.nih.gov/genomes/all/GCA/021/063/165/GCA_021063165.1_ASM2106316v1,ftp://ftp.ncbi.nlm.nih.gov/genomes/all/GCF/021/063/165/GCF_021063165.1_ASM2106316v1
CHINA_NINGXIA_2022,SHZY04,SAMN20180524,GCF_021063145.1,GCA_021063145.1,GCF_021063145.1,JAHXKM01,Contig,389,69535,1529607,ftp://ftp.ncbi.nlm.nih.gov/genomes/all/GCA/021/063/145/GCA_021063145.1_ASM2106314v1,ftp://ftp.ncbi.nlm.nih.gov/genomes/all/GCF/021/063/145/GCF_021063145.1_ASM2106314v1
CHINA_NINGXIA_2022,SHZY08,SAMN20180528,GCF_021063105.1,GCA_021063105.1,GCF_021063105.1,JAHXKQ01,Contig,231,48857,1782925,ftp://ftp.ncbi.nlm.nih.gov/genomes/all/GCA/021/063/105/GCA_021063105.1_ASM2106310v1,ftp://ftp.ncbi.nlm.nih.gov/genomes/all/GCF/021/063/105/GCF_021063105.1_ASM2106310v1
CHINA_NINGXIA_2022,SHZY05,SAMN20180525,GCF_021063065.1,GCA_021063065.1,GCF_021063065.1,JAHXKN01,Contig,320,138260,1569993,ftp://ftp.ncbi.nlm.nih.gov/genomes/all/GCA/021/063/065/GCA_021063065.1_ASM2106306v1,ftp://ftp.ncbi.nlm.nih.gov/genomes/all/GCF/021/063/065/GCF_021063065.1_ASM2106306v1
CHINA_NINGXIA_2022,SHZY07,SAMN20180527,GCF_021063075.1,GCA_021063075.1,GCF_021063075.1,JAHXKP01,Contig,233,83159,1639833,ftp://ftp.ncbi.nlm.nih.gov/genomes/all/GCA/021/063/075/GCA_021063075.1_ASM2106307v1,ftp://ftp.ncbi.nlm.nih.gov/genomes/all/GCF/021/063/075/GCF_021063075.1_ASM2106307v1
CHINA_NINGXIA_2022,SHZY06,SAMN20180526,GCF_021063045.1,GCA_021063045.1,GCF_021063045.1,JAHXKO01,Contig,403,110147,1541844,ftp://ftp.ncbi.nlm.nih.gov/genomes/all/GCA/021/063/045/GCA_021063045.1_ASM2106304v1,ftp://ftp.ncbi.nlm.nih.gov/genomes/all/GCF/021/063/045/GCF_021063045.1_ASM2106304v1
CHINA_NINGXIA_2022,SHZY09,SAMN20180529,GCF_021063005.1,GCA_021063005.1,GCF_021063005.1,JAHXKR01,Contig,216,104855,1672271,ftp://ftp.ncbi.nlm.nih.gov/genomes/all/GCA/021/063/005/GCA_021063005.1_ASM2106300v1,ftp://ftp.ncbi.nlm.nih.gov/genomes/all/GCF/021/063/005/GCF_021063005.1_ASM2106300v1
CHINA_NINGXIA_2022,SHZY12,SAMN20180532,GCF_021062895.1,GCA_021062895.1,GCF_021062895.1,JAHXKU01,Contig,175,158457,1585371,ftp://ftp.ncbi.nlm.nih.gov/genomes/all/GCA/021/062/895/GCA_021062895.1_ASM2106289v1,ftp://ftp.ncbi.nlm.nih.gov/genomes/all/GCF/021/062/895/GCF_021062895.1_ASM2106289v1
CHINA_NINGXIA_2022,SHZY10,SAMN20180530,GCF_021062955.1,GCA_021062955.1,GCF_021062955.1,JAHXKS01,Contig,345,105934,1588355,ftp://ftp.ncbi.nlm.nih.gov/genomes/all/GCA/021/062/955/GCA_021062955.1_ASM2106295v1,ftp://ftp.ncbi.nlm.nih.gov/genomes/all/GCF/021/062/955/GCF_021062955.1_ASM2106295v1
CHINA_NINGXIA_2022,SHZY14,SAMN20180534,GCF_021062885.1,GCA_021062885.1,GCF_021062885.1,JAHXKW01,Contig,372,157496,1593710,ftp://ftp.ncbi.nlm.nih.gov/genomes/all/GCA/021/062/885/GCA_021062885.1_ASM2106288v1,ftp://ftp.ncbi.nlm.nih.gov/genomes/all/GCF/021/062/885/GCF_021062885.1_ASM2106288v1
CHINA_NINGXIA_2022,SHZY13,SAMN20180533,GCF_021062925.1,GCA_021062925.1,GCF_021062925.1,JAHXKV01,Contig,245,146825,1617686,ftp://ftp.ncbi.nlm.nih.gov/genomes/all/GCA/021/062/925/GCA_021062925.1_ASM2106292v1,ftp://ftp.ncbi.nlm.nih.gov/genomes/all/GCF/021/062/925/GCF_021062925.1_ASM2106292v1
CHINA_NINGXIA_2022,SHZY11,SAMN20180531,GCF_021062825.1,GCA_021062825.1,GCF_021062825.1,JAHXKT01,Contig,234,165371,1601976,ftp://ftp.ncbi.nlm.nih.gov/genomes/all/GCA/021/062/825/GCA_021062825.1_ASM2106282v1,ftp://ftp.ncbi.nlm.nih.gov/genomes/all/GCF/021/062/825/GCF_021062825.1_ASM2106282v1
CHINA_NINGXIA_2022,SHZY15,SAMN20180535,GCF_021062785.1,GCA_021062785.1,GCF_021062785.1,JAHXKX01,Contig,196,57516,1616448,ftp://ftp.ncbi.nlm.nih.gov/genomes/all/GCA/021/062/785/GCA_021062785.1_ASM2106278v1,ftp://ftp.ncbi.nlm.nih.gov/genomes/all/GCF/021/062/785/GCF_021062785.1_ASM2106278v1
CHINA_NINGXIA_2022,SHZY18,SAMN20180538,GCF_021062715.1,GCA_021062715.1,GCF_021062715.1,JAHXLA01,Contig,107,45509,1593512,ftp://ftp.ncbi.nlm.nih.gov/genomes/all/GCA/021/062/715/GCA_021062715.1_ASM2106271v1,ftp://ftp.ncbi.nlm.nih.gov/genomes/all/GCF/021/062/715/GCF_021062715.1_ASM2106271v1
CHINA_NINGXIA_2022,SHZY19,SAMN20180539,GCF_021062735.1,GCA_021062735.1,GCF_021062735.1,JAHXLB01,Contig,425,93349,1671996,ftp://ftp.ncbi.nlm.nih.gov/genomes/all/GCA/021/062/735/GCA_021062735.1_ASM2106273v1,ftp://ftp.ncbi.nlm.nih.gov/genomes/all/GCF/021/062/735/GCF_021062735.1_ASM2106273v1
CHINA_NINGXIA_2022,SHZY17,SAMN20180537,GCF_021062695.1,GCA_021062695.1,GCF_021062695.1,JAHXKZ01,Contig,233,107342,1584839,ftp://ftp.ncbi.nlm.nih.gov/genomes/all/GCA/021/062/695/GCA_021062695.1_ASM2106269v1,ftp://ftp.ncbi.nlm.nih.gov/genomes/all/GCF/021/062/695/GCF_021062695.1_ASM2106269v1
CHINA_NINGXIA_2022,SHZY20,SAMN20180540,GCF_021062685.1,GCA_021062685.1,GCF_021062685.1,JAHXLC01,Contig,269,26024,1506130,ftp://ftp.ncbi.nlm.nih.gov/genomes/all/GCA/021/062/685/GCA_021062685.1_ASM2106268v1,ftp://ftp.ncbi.nlm.nih.gov/genomes/all/GCF/021/062/685/GCF_021062685.1_ASM2106268v1
CHINA_NINGXIA_2022,SHZY16,SAMN20180536,GCF_021062665.1,GCA_021062665.1,GCF_021062665.1,JAHXKY01,Contig,310,69230,1568539,ftp://ftp.ncbi.nlm.nih.gov/genomes/all/GCA/021/062/665/GCA_021062665.1_ASM2106266v1,ftp://ftp.ncbi.nlm.nih.gov/genomes/all/GCF/021/062/665/GCF_021062665.1_ASM2106266v1
CHINA_NINGXIA_2022,SHZY21,SAMN20180541,GCF_021062645.1,GCA_021062645.1,GCF_021062645.1,JAHXLD01,Contig,334,81133,1554315,ftp://ftp.ncbi.nlm.nih.gov/genomes/all/GCA/021/062/645/GCA_021062645.1_ASM2106264v1,ftp://ftp.ncbi.nlm.nih.gov/genomes/all/GCF/021/062/645/GCF_021062645.1_ASM2106264v1
CHINA_NINGXIA_2022,SHZY22,SAMN20180542,GCF_021062625.1,GCA_021062625.1,GCF_021062625.1,JAHXLE01,Contig,235,105999,1659604,ftp://ftp.ncbi.nlm.nih.gov/genomes/all/GCA/021/062/625/GCA_021062625.1_ASM2106262v1,ftp://ftp.ncbi.nlm.nih.gov/genomes/all/GCF/021/062/625/GCF_021062625.1_ASM2106262v1
CHINA_NINGXIA_2022,SHZY23,SAMN20180543,GCF_021062605.1,GCA_021062605.1,GCF_021062605.1,JAHXLF01,Contig,221,164524,1626267,ftp://ftp.ncbi.nlm.nih.gov/genomes/all/GCA/021/062/605/GCA_021062605.1_ASM2106260v1,ftp://ftp.ncbi.nlm.nih.gov/genomes/all/GCF/021/062/605/GCF_021062605.1_ASM2106260v1
CHINA_NINGXIA_2022,SHZY24,SAMN20180544,GCF_021062585.1,GCA_021062585.1,GCF_021062585.1,JAHXLG01,Contig,308,72572,1670809,ftp://ftp.ncbi.nlm.nih.gov/genomes/all/GCA/021/062/585/GCA_021062585.1_ASM2106258v1,ftp://ftp.ncbi.nlm.nih.gov/genomes/all/GCF/021/062/585/GCF_021062585.1_ASM2106258v1
CHINA_NINGXIA_2022,SHZY25,SAMN20180545,GCF_021062565.1,GCA_021062565.1,GCF_021062565.1,JAHXLH01,Contig,277,106470,1695247,ftp://ftp.ncbi.nlm.nih.gov/genomes/all/GCA/021/062/565/GCA_021062565.1_ASM2106256v1,ftp://ftp.ncbi.nlm.nih.gov/genomes/all/GCF/021/062/565/GCF_021062565.1_ASM2106256v1
CHINA_NINGXIA_2022,SHZY26,SAMN20180546,GCF_021062545.1,GCA_021062545.1,GCF_021062545.1,JAHXLI01,Contig,349,107682,1587636,ftp://ftp.ncbi.nlm.nih.gov/genomes/all/GCA/021/062/545/GCA_021062545.1_ASM2106254v1,ftp://ftp.ncbi.nlm.nih.gov/genomes/all/GCF/021/062/545/GCF_021062545.1_ASM2106254v1
CHINA_NINGXIA_2022,SHZY27,SAMN20180547,GCF_021062525.1,GCA_021062525.1,GCF_021062525.1,JAHXLJ01,Contig,362,59689,1585070,ftp://ftp.ncbi.nlm.nih.gov/genomes/all/GCA/021/062/525/GCA_021062525.1_ASM2106252v1,ftp://ftp.ncbi.nlm.nih.gov/genomes/all/GCF/021/062/525/GCF_021062525.1_ASM2106252v1
CHINA_NINGXIA_2022,SHZY31,SAMN20180551,GCF_021062495.1,GCA_021062495.1,GCF_021062495.1,JAHXLN01,Contig,369,168670,1589338,ftp://ftp.ncbi.nlm.nih.gov/genomes/all/GCA/021/062/495/GCA_021062495.1_ASM2106249v1,ftp://ftp.ncbi.nlm.nih.gov/genomes/all/GCF/021/062/495/GCF_021062495.1_ASM2106249v1
CHINA_NINGXIA_2022,SHZY28,SAMN20180548,GCF_021062485.1,GCA_021062485.1,GCF_021062485.1,JAHXLK01,Contig,340,107470,1623431,ftp://ftp.ncbi.nlm.nih.gov/genomes/all/GCA/021/062/485/GCA_021062485.1_ASM2106248v1,ftp://ftp.ncbi.nlm.nih.gov/genomes/all/GCF/021/062/485/GCF_021062485.1_ASM2106248v1
CHINA_NINGXIA_2022,SHZY29,SAMN20180549,GCF_021062435.1,GCA_021062435.1,GCF_021062435.1,JAHXLL01,Contig,360,211325,1549400,ftp://ftp.ncbi.nlm.nih.gov/genomes/all/GCA/021/062/435/GCA_021062435.1_ASM2106243v1,ftp://ftp.ncbi.nlm.nih.gov/genomes/all/GCF/021/062/435/GCF_021062435.1_ASM2106243v1
CHINA_NINGXIA_2022,SHZY32,SAMN20180552,GCF_021062425.1,GCA_021062425.1,GCF_021062425.1,JAHXLO01,Contig,290,66226,1531190,ftp://ftp.ncbi.nlm.nih.gov/genomes/all/GCA/021/062/425/GCA_021062425.1_ASM2106242v1,ftp://ftp.ncbi.nlm.nih.gov/genomes/all/GCF/021/062/425/GCF_021062425.1_ASM2106242v1
CHINA_NINGXIA_2022,SHZY35,SAMN20180555,GCF_021062375.1,GCA_021062375.1,GCF_021062375.1,JAHXLR01,Contig,353,88750,1626393,ftp://ftp.ncbi.nlm.nih.gov/genomes/all/GCA/021/062/375/GCA_021062375.1_ASM2106237v1,ftp://ftp.ncbi.nlm.nih.gov/genomes/all/GCF/021/062/375/GCF_021062375.1_ASM2106237v1
CHINA_NINGXIA_2022,SHZY34,SAMN20180554,GCF_021062335.1,GCA_021062335.1,GCF_021062335.1,JAHXLQ01,Contig,239,158277,1592319,ftp://ftp.ncbi.nlm.nih.gov/genomes/all/GCA/021/062/335/GCA_021062335.1_ASM2106233v1,ftp://ftp.ncbi.nlm.nih.gov/genomes/all/GCF/021/062/335/GCF_021062335.1_ASM2106233v1
CHINA_NINGXIA_2022,SHZY33,SAMN20180553,GCF_021062305.1,GCA_021062305.1,GCF_021062305.1,JAHXLP01,Contig,276,122206,1591142,ftp://ftp.ncbi.nlm.nih.gov/genomes/all/GCA/021/062/305/GCA_021062305.1_ASM2106230v1,ftp://ftp.ncbi.nlm.nih.gov/genomes/all/GCF/021/062/305/GCF_021062305.1_ASM2106230v1
CHINA_NINGXIA_2022,SHZY36,SAMN20180556,GCF_021062265.1,GCA_021062265.1,GCF_021062265.1,JAHXLS01,Contig,310,104201,1572034,ftp://ftp.ncbi.nlm.nih.gov/genomes/all/GCA/021/062/265/GCA_021062265.1_ASM2106226v1,ftp://ftp.ncbi.nlm.nih.gov/genomes/all/GCF/021/062/265/GCF_021062265.1_ASM2106226v1
CHINA_NINGXIA_2022,SHZY37,SAMN20180557,GCF_021062245.1,GCA_021062245.1,GCF_021062245.1,JAHXLT01,Contig,380,165933,1528158,ftp://ftp.ncbi.nlm.nih.gov/genomes/all/GCA/021/062/245/GCA_021062245.1_ASM2106224v1,ftp://ftp.ncbi.nlm.nih.gov/genomes/all/GCF/021/062/245/GCF_021062245.1_ASM2106224v1
CHINA_NINGXIA_2022,SHZY39,SAMN20180559,GCF_021062165.1,GCA_021062165.1,GCF_021062165.1,JAHXLV01,Contig,371,83920,1588684,ftp://ftp.ncbi.nlm.nih.gov/genomes/all/GCA/021/062/165/GCA_021062165.1_ASM2106216v1,ftp://ftp.ncbi.nlm.nih.gov/genomes/all/GCF/021/062/165/GCF_021062165.1_ASM2106216v1
CHINA_NINGXIA_2022,SHZY38,SAMN20180558,GCF_021062135.1,GCA_021062135.1,GCF_021062135.1,JAHXLU01,Contig,300,65226,1697563,ftp://ftp.ncbi.nlm.nih.gov/genomes/all/GCA/021/062/135/GCA_021062135.1_ASM2106213v1,ftp://ftp.ncbi.nlm.nih.gov/genomes/all/GCF/021/062/135/GCF_021062135.1_ASM2106213v1
CHINA_NINGXIA_2022,SHZY40,SAMN20180560,GCF_021062125.1,GCA_021062125.1,GCF_021062125.1,JAHXLW01,Contig,246,98468,1580448,ftp://ftp.ncbi.nlm.nih.gov/genomes/all/GCA/021/062/125/GCA_021062125.1_ASM2106212v1,ftp://ftp.ncbi.nlm.nih.gov/genomes/all/GCF/021/062/125/GCF_021062125.1_ASM2106212v1
CHINA_NINGXIA_2022,SHZY43,SAMN20180563,GCF_021062005.1,GCA_021062005.1,GCF_021062005.1,JAHXLZ01,Contig,288,109147,1579207,ftp://ftp.ncbi.nlm.nih.gov/genomes/all/GCA/021/062/005/GCA_021062005.1_ASM2106200v1,ftp://ftp.ncbi.nlm.nih.gov/genomes/all/GCF/021/062/005/GCF_021062005.1_ASM2106200v1
CHINA_NINGXIA_2022,SHZY41,SAMN20180561,GCF_021062105.1,GCA_021062105.1,GCF_021062105.1,JAHXLX01,Contig,303,87781,1614687,ftp://ftp.ncbi.nlm.nih.gov/genomes/all/GCA/021/062/105/GCA_021062105.1_ASM2106210v1,ftp://ftp.ncbi.nlm.nih.gov/genomes/all/GCF/021/062/105/GCF_021062105.1_ASM2106210v1
CHINA_NINGXIA_2022,SHZY45,SAMN20180565,GCF_021061975.1,GCA_021061975.1,GCF_021061975.1,JAHXMB01,Contig,647,105784,1639179,ftp://ftp.ncbi.nlm.nih.gov/genomes/all/GCA/021/061/975/GCA_021061975.1_ASM2106197v1,ftp://ftp.ncbi.nlm.nih.gov/genomes/all/GCF/021/061/975/GCF_021061975.1_ASM2106197v1
CHINA_NINGXIA_2022,SHZY42,SAMN20180562,GCF_021061965.1,GCA_021061965.1,GCF_021061965.1,JAHXLY01,Contig,328,93797,1573102,ftp://ftp.ncbi.nlm.nih.gov/genomes/all/GCA/021/061/965/GCA_021061965.1_ASM2106196v1,ftp://ftp.ncbi.nlm.nih.gov/genomes/all/GCF/021/061/965/GCF_021061965.1_ASM2106196v1
CHINA_NINGXIA_2022,SHZY44,SAMN20180564,GCF_021061945.1,GCA_021061945.1,GCF_021061945.1,JAHXMA01,Contig,581,181875,1541999,ftp://ftp.ncbi.nlm.nih.gov/genomes/all/GCA/021/061/945/GCA_021061945.1_ASM2106194v1,ftp://ftp.ncbi.nlm.nih.gov/genomes/all/GCF/021/061/945/GCF_021061945.1_ASM2106194v1
CHINA_NINGXIA_2022,SHZY47,SAMN20180567,GCF_021061915.1,GCA_021061915.1,GCF_021061915.1,JAHXMD01,Contig,688,123422,1580613,ftp://ftp.ncbi.nlm.nih.gov/genomes/all/GCA/021/061/915/GCA_021061915.1_ASM2106191v1,ftp://ftp.ncbi.nlm.nih.gov/genomes/all/GCF/021/061/915/GCF_021061915.1_ASM2106191v1
CHINA_NINGXIA_2022,SHZY46,SAMN20180566,GCF_021061905.1,GCA_021061905.1,GCF_021061905.1,JAHXMC01,Contig,595,161898,1613577,ftp://ftp.ncbi.nlm.nih.gov/genomes/all/GCA/021/061/905/GCA_021061905.1_ASM2106190v1,ftp://ftp.ncbi.nlm.nih.gov/genomes/all/GCF/021/061/905/GCF_021061905.1_ASM2106190v1
CHINA_NINGXIA_2022,SHZY50,SAMN20180570,GCF_021061865.1,GCA_021061865.1,GCF_021061865.1,JAHXMG01,Contig,659,115003,1552437,ftp://ftp.ncbi.nlm.nih.gov/genomes/all/GCA/021/061/865/GCA_021061865.1_ASM2106186v1,ftp://ftp.ncbi.nlm.nih.gov/genomes/all/GCF/021/061/865/GCF_021061865.1_ASM2106186v1
CHINA_NINGXIA_2022,SHZY49,SAMN20180569,GCF_021061875.1,GCA_021061875.1,GCF_021061875.1,JAHXMF01,Contig,444,79350,1550265,ftp://ftp.ncbi.nlm.nih.gov/genomes/all/GCA/021/061/875/GCA_021061875.1_ASM2106187v1,ftp://ftp.ncbi.nlm.nih.gov/genomes/all/GCF/021/061/875/GCF_021061875.1_ASM2106187v1
CHINA_NINGXIA_2022,SHZY48,SAMN20180568,GCF_021061845.1,GCA_021061845.1,GCF_021061845.1,JAHXME01,Contig,505,111929,1638097,ftp://ftp.ncbi.nlm.nih.gov/genomes/all/GCA/021/061/845/GCA_021061845.1_ASM2106184v1,ftp://ftp.ncbi.nlm.nih.gov/genomes/all/GCF/021/061/845/GCF_021061845.1_ASM2106184v1
CHINA_NINGXIA_2022,SHZY51,SAMN20180571,GCF_021061825.1,GCA_021061825.1,GCF_021061825.1,JAHXMH01,Contig,496,119798,1572998,ftp://ftp.ncbi.nlm.nih.gov/genomes/all/GCA/021/061/825/GCA_021061825.1_ASM2106182v1,ftp://ftp.ncbi.nlm.nih.gov/genomes/all/GCF/021/061/825/GCF_021061825.1_ASM2106182v1
CHINA_NINGXIA_2022,SHZY58,SAMN20180578,GCF_021061785.1,GCA_021061785.1,GCF_021061785.1,JAIBCP01,Contig,331,18596,1587876,ftp://ftp.ncbi.nlm.nih.gov/genomes/all/GCA/021/061/785/GCA_021061785.1_ASM2106178v1,ftp://ftp.ncbi.nlm.nih.gov/genomes/all/GCF/021/061/785/GCF_021061785.1_ASM2106178v1
CHINA_NINGXIA_2022,SHZY60,SAMN20180580,GCF_021061795.1,GCA_021061795.1,GCF_021061795.1,JAHXMO01,Contig,646,110467,1582057,ftp://ftp.ncbi.nlm.nih.gov/genomes/all/GCA/021/061/795/GCA_021061795.1_ASM2106179v1,ftp://ftp.ncbi.nlm.nih.gov/genomes/all/GCF/021/061/795/GCF_021061795.1_ASM2106179v1
CHINA_NINGXIA_2022,SHZY52,SAMN20180572,GCF_021061765.1,GCA_021061765.1,GCF_021061765.1,JAHXMI01,Contig,781,75612,1543625,ftp://ftp.ncbi.nlm.nih.gov/genomes/all/GCA/021/061/765/GCA_021061765.1_ASM2106176v1,ftp://ftp.ncbi.nlm.nih.gov/genomes/all/GCF/021/061/765/GCF_021061765.1_ASM2106176v1
CHINA_NINGXIA_2022,SHZY53,SAMN20180573,GCF_021061745.1,GCA_021061745.1,GCF_021061745.1,JAHXMJ01,Contig,656,70171,1521966,ftp://ftp.ncbi.nlm.nih.gov/genomes/all/GCA/021/061/745/GCA_021061745.1_ASM2106174v1,ftp://ftp.ncbi.nlm.nih.gov/genomes/all/GCF/021/061/745/GCF_021061745.1_ASM2106174v1
CHINA_NINGXIA_2022,SHZY30,SAMN20180550,GCF_021060485.1,GCA_021060485.1,GCF_021060485.1,JAHXLM01,Contig,334,174274,1566046,ftp://ftp.ncbi.nlm.nih.gov/genomes/all/GCA/021/060/485/GCA_021060485.1_ASM2106048v1,ftp://ftp.ncbi.nlm.nih.gov/genomes/all/GCF/021/060/485/GCF_021060485.1_ASM2106048v1
CHINA_NINGXIA_2022,SHZY59,SAMN20180579,GCF_021060425.1,GCA_021060425.1,GCF_021060425.1,JAHXMN01,Contig,764,144053,1575531,ftp://ftp.ncbi.nlm.nih.gov/genomes/all/GCA/021/060/425/GCA_021060425.1_ASM2106042v1,ftp://ftp.ncbi.nlm.nih.gov/genomes/all/GCF/021/060/425/GCF_021060425.1_ASM2106042v1
CHINA_NINGXIA_2022,SHZY55,SAMN20180575,GCF_021060405.1,GCA_021060405.1,GCF_021060405.1,JAHXML01,Contig,690,94829,1565253,ftp://ftp.ncbi.nlm.nih.gov/genomes/all/GCA/021/060/405/GCA_021060405.1_ASM2106040v1,ftp://ftp.ncbi.nlm.nih.gov/genomes/all/GCF/021/060/405/GCF_021060405.1_ASM2106040v1
CHINA_NINGXIA_2022,SHZY56,SAMN20180576,GCF_021060385.1,GCA_021060385.1,GCF_021060385.1,JAIBCO01,Contig,211,20543,1603341,ftp://ftp.ncbi.nlm.nih.gov/genomes/all/GCA/021/060/385/GCA_021060385.1_ASM2106038v1,ftp://ftp.ncbi.nlm.nih.gov/genomes/all/GCF/021/060/385/GCF_021060385.1_ASM2106038v1
CHINA_NINGXIA_2022,SHZY57,SAMN20180577,GCF_021060365.1,GCA_021060365.1,GCF_021060365.1,JAHXMM01,Contig,751,80104,1606565,ftp://ftp.ncbi.nlm.nih.gov/genomes/all/GCA/021/060/365/GCA_021060365.1_ASM2106036v1,ftp://ftp.ncbi.nlm.nih.gov/genomes/all/GCF/021/060/365/GCF_021060365.1_ASM2106036v1
CHINA_NINGXIA_2022,SHZY54,SAMN20180574,GCF_021060345.1,GCA_021060345.1,GCF_021060345.1,JAHXMK01,Contig,561,102687,1611499,ftp://ftp.ncbi.nlm.nih.gov/genomes/all/GCA/021/060/345/GCA_021060345.1_ASM2106034v1,ftp://ftp.ncbi.nlm.nih.gov/genomes/all/GCF/021/060/345/GCF_021060345.1_ASM2106034v1
