dataset_id,isolate_id,sequence_type,accession,source_url,local_path,expected_bytes,expected_checksum_type,expected_checksum,bytes,sha256,md5,validation_status,acquisition_status,accessed_at,error
CHINA_NINGXIA_2022,SHZY01,assembly,GCA_021063165.1,https://ftp.ncbi.nlm.nih.gov/genomes/all/GCA/021/063/165/GCA_021063165.1_ASM2106316v1/GCA_021063165.1_ASM2106316v1_genomic.fna.gz,data/raw/assemblies/CHINA_NINGXIA_2022/SHZY01.fna.gz,,,,450351,140c856c1b94100465c53e94686e7c3bda92cd85998e4f09ef01fc8eb1d31c8d,a2df2f0d670ad197e160d76300a590a2,PASS,downloaded,2026-08-30T09:57:10+00:00,
CHINA_NINGXIA_2022,SHZY02,assembly,GCA_021063185.1,https://ftp.ncbi.nlm.nih.gov/genomes/all/GCA/021/063/185/GCA_021063185.1_ASM2106318v1/GCA_021063185.1_ASM2106318v1_genomic.fna.gz,data/raw/assemblies/CHINA_NINGXIA_2022/SHZY02.fna.gz,,,,455085,b54539ec76ed890f4c250928c2666efb7056966b9f72eb20a63dab6faa7625db,e1e6fcb1492b87c884f0d0ff0de0a406,PASS,downloaded,2026-08-30T09:57:12+00:00,
CHINA_NINGXIA_2022,SHZY03,assembly,GCA_021063205.1,https://ftp.ncbi.nlm.nih.gov/genomes/all/GCA/021/063/205/GCA_021063205.1_ASM2106320v1/GCA_021063205.1_ASM2106320v1_genomic.fna.gz,data/raw/assemblies/CHINA_NINGXIA_2022/SHZY03.fna.gz,,,,462566,b7fe6df93745707d075254d7fd624bced8b0b40b69cf0e81ac3c7006a54e9978,c8541a8101432ee32df72f80acd7407a,PASS,downloaded,2026-08-30T09:57:12+00:00,
CHINA_NINGXIA_2022,SHZY04,assembly,GCA_021063145.1,https://ftp.ncbi.nlm.nih.gov/genomes/all/GCA/021/063/145/GCA_021063145.1_ASM2106314v1/GCA_021063145.1_ASM2106314v1_genomic.fna.gz,data/raw/assemblies/CHINA_NINGXIA_2022/SHZY04.fna.gz,,,,444886,b5464ddd8995806ecf029dcd3943c2be0d0b09e6c9f3de4ac70281ec051e458d,44e0f25e3bbf9b50a12971623a056c7b,PASS,downloaded,2026-08-30T09:57:23+00:00,
CHINA_NINGXIA_2022,SHZY05,assembly,GCA_021063065.1,https://ftp.ncbi.nlm.nih.gov/genomes/all/GCA/021/063/065/GCA_021063065.1_ASM2106306v1/GCA_021063065.1_ASM2106306v1_genomic.fna.gz,data/raw/assemblies/CHINA_NINGXIA_2022/SHZY05.fna.gz,,,,455674,3f2fc3d5c1dd0206bf624d590c836db0123f5a79a5de70dd71b5577647414e0c,b945ea7f7b7692bd48c1f4b613fe3297,PASS,downloaded,2026-08-30T09:57:29+00:00,
CHINA_NINGXIA_2022,SHZY06,assembly,GCA_021063045.1,https://ftp.ncbi.nlm.nih.gov/genomes/all/GCA/021/063/045/GCA_021063045.1_ASM2106304v1/GCA_021063045.1_ASM2106304v1_genomic.fna.gz,data/raw/assemblies/CHINA_NINGXIA_2022/SHZY06.fna.gz,,,,447961,3a22acca77bceb30b75efd2b14ab2bf570916c81c00f37c972a2e97af3d18a1b,8e311ab686ab59f435c7c004b780034c,PASS,downloaded,2026-08-30T09:57:39+00:00,
CHINA_NINGXIA_2022,SHZY07,assembly,GCA_021063075.1,https://ftp.ncbi.nlm.nih.gov/genomes/all/GCA/021/063/075/GCA_021063075.1_ASM2106307v1/GCA_021063075.1_ASM2106307v1_genomic.fna.gz,data/raw/assemblies/CHINA_NINGXIA_2022/SHZY07.fna.gz,,,,476044,f85ae7514c150bcd8ab1b5671a7679f93f229cb31232e1125da19463d329ae6d,ea0db1b3781196ecc7db9f6b63be048f,PASS,downloaded,2026-08-30T09:57:38+00:00,
CHINA_NINGXIA_2022,SHZY08,assembly,GCA_021063105.1,https://ftp.ncbi.nlm.nih.gov/genomes/all/GCA/021/063/105/GCA_021063105.1_ASM2106310v1/GCA_021063105.1_ASM2106310v1_genomic.fna.gz,data/raw/assemblies/CHINA_NINGXIA_2022/SHZY08.fna.gz,,,,518283,a91e4147d669bc645bd6d54b6d892c683c92d8eec3fcaa13ad802a7ae5e3ee84,b49ff82d6090c3ccaf68604848a6118d,PASS,downloaded,2026-08-30T09:57:53+00:00,
CHINA_NINGXIA_2022,SHZY09,assembly,GCA_021063005.1,https://ftp.ncbi.nlm.nih.gov/genomes/all/GCA/021/063/005/GCA_021063005.1_ASM2106300v1/GCA_021063005.1_ASM2106300v1_genomic.fna.gz,data/raw/assemblies/CHINA_NINGXIA_2022/SHZY09.fna.gz,,,,485411,dd9e9dddbab35ab3fd832e884bd3ea486a5db0eb42e547baec3d703745a14719,2a65ff346693c3752e0a5035c47691fc,PASS,downloaded,2026-08-30T09:57:58+00:00,
CHINA_NINGXIA_2022,SHZY10,assembly,GCA_021062955.1,https://ftp.ncbi.nlm.nih.gov/genomes/all/GCA/021/062/955/GCA_021062955.1_ASM2106295v1/GCA_021062955.1_ASM2106295v1_genomic.fna.gz,data/raw/assemblies/CHINA_NINGXIA_2022/SHZY10.fna.gz,,,,461444,356db24616a740103dffa08555c0092e15007d28ee36f54a70bfbf60578d7947,9a8447ab7f034db6c8b5b378a835c081,PASS,downloaded,2026-08-30T09:58:07+00:00,
CHINA_NINGXIA_2022,SHZY11,assembly,GCA_021062825.1,https://ftp.ncbi.nlm.nih.gov/genomes/all/GCA/021/062/825/GCA_021062825.1_ASM2106282v1/GCA_021062825.1_ASM2106282v1_genomic.fna.gz,data/raw/assemblies/CHINA_NINGXIA_2022/SHZY11.fna.gz,,,,464524,c8e54f8930b985aef814dc43844548b245c2ef86b0ab9b832dd5ef6d161fcf68,46379c37f9129859350e80cf367bb3b4,PASS,downloaded,2026-08-30T09:58:14+00:00,
CHINA_NINGXIA_2022,SHZY12,assembly,GCA_021062895.1,https://ftp.ncbi.nlm.nih.gov/genomes/all/GCA/021/062/895/GCA_021062895.1_ASM2106289v1/GCA_021062895.1_ASM2106289v1_genomic.fna.gz,data/raw/assemblies/CHINA_NINGXIA_2022/SHZY12.fna.gz,,,,459951,32d28292ba72bc3b74692777c4788d2c894120bd5b8fb653925673faf8fce3d7,129bafa53591ed60fd864a37d941d68c,PASS,downloaded,2026-08-30T09:58:19+00:00,
CHINA_NINGXIA_2022,SHZY13,assembly,GCA_021062925.1,https://ftp.ncbi.nlm.nih.gov/genomes/all/GCA/021/062/925/GCA_021062925.1_ASM2106292v1/GCA_021062925.1_ASM2106292v1_genomic.fna.gz,data/raw/assemblies/CHINA_NINGXIA_2022/SHZY13.fna.gz,,,,469642,d8fd4110fdb34f1598ffbb62c365e1bd5dfd6cd7c27d91756b3819927fedb453,de12a5a60976843e315352c654ba3379,PASS,downloaded,2026-08-30T09:58:21+00:00,
CHINA_NINGXIA_2022,SHZY14,assembly,GCA_021062885.1,https://ftp.ncbi.nlm.nih.gov/genomes/all/GCA/021/062/885/GCA_021062885.1_ASM2106288v1/GCA_021062885.1_ASM2106288v1_genomic.fna.gz,data/raw/assemblies/CHINA_NINGXIA_2022/SHZY14.fna.gz,,,,462721,cb923dc965554565a2e3bef3ed3a114e4a5de3eadefc5d5e2af6321256e3eef3,7860da68ceaa2aeb27db8e800fc97d59,PASS,downloaded,2026-08-30T09:58:44+00:00,
CHINA_NINGXIA_2022,SHZY15,assembly,GCA_021062785.1,https://ftp.ncbi.nlm.nih.gov/genomes/all/GCA/021/062/785/GCA_021062785.1_ASM2106278v1/GCA_021062785.1_ASM2106278v1_genomic.fna.gz,data/raw/assemblies/CHINA_NINGXIA_2022/SHZY15.fna.gz,,,,468372,82163b158bf8e9f5ed8b8b03094e52b6b9e01d4ee6e928029cb0915eb24b82b4,1c48ed21e67ab1fc25d1230911f84c6a,PASS,downloaded,2026-08-30T09:58:44+00:00,
CHINA_NINGXIA_2022,SHZY16,assembly,GCA_021062665.1,https://ftp.ncbi.nlm.nih.gov/genomes/all/GCA/021/062/665/GCA_021062665.1_ASM2106266v1/GCA_021062665.1_ASM2106266v1_genomic.fna.gz,data/raw/assemblies/CHINA_NINGXIA_2022/SHZY16.fna.gz,,,,456251,31e8f789d27d32ef10df11348007316c141013004cb5c2cc84dcd75e3ca6c226,7999a2e35f0a9608a7267de8da4d6566,PASS,downloaded,2026-08-30T09:58:42+00:00,
CHINA_NINGXIA_2022,SHZY17,assembly,GCA_021062695.1,https://ftp.ncbi.nlm.nih.gov/genomes/all/GCA/021/062/695/GCA_021062695.1_ASM2106269v1/GCA_021062695.1_ASM2106269v1_genomic.fna.gz,data/raw/assemblies/CHINA_NINGXIA_2022/SHZY17.fna.gz,,,,460550,97f3c664522a67f2b8e8c10e8a163e893cd20d543fd02f785b50fd0c2378b0ee,474c374380642f939b9219d0e5e927b9,PASS,downloaded,2026-08-30T09:59:00+00:00,
CHINA_NINGXIA_2022,SHZY18,assembly,GCA_021062715.1,https://ftp.ncbi.nlm.nih.gov/genomes/all/GCA/021/062/715/GCA_021062715.1_ASM2106271v1/GCA_021062715.1_ASM2106271v1_genomic.fna.gz,data/raw/assemblies/CHINA_NINGXIA_2022/SHZY18.fna.gz,,,,463873,44406e9f25f730ebafe04b44879969e6525585445aaa44dbd649451d7b07ecee,a61c97023bf91f3d6f2f1e0bfc7ad069,PASS,downloaded,2026-08-30T09:59:06+00:00,
CHINA_NINGXIA_2022,SHZY19,assembly,GCA_021062735.1,https://ftp.ncbi.nlm.nih.gov/genomes/all/GCA/021/062/735/GCA_021062735.1_ASM2106273v1/GCA_021062735.1_ASM2106273v1_genomic.fna.gz,data/raw/assemblies/CHINA_NINGXIA_2022/SHZY19.fna.gz,,,,486348,688794553580af24cba2d16a95616ea59f2cc72e8f378645d023f2a03e7f3d5e,96f3e05ee484c43d353a9af1a6f91c8c,PASS,downloaded,2026-08-30T09:59:17+00:00,
CHINA_NINGXIA_2022,SHZY20,assembly,GCA_021062685.1,https://ftp.ncbi.nlm.nih.gov/genomes/all/GCA/021/062/685/GCA_021062685.1_ASM2106268v1/GCA_021062685.1_ASM2106268v1_genomic.fna.gz,data/raw/assemblies/CHINA_NINGXIA_2022/SHZY20.fna.gz,,,,438109,70732215a10d8ea57e1b9368de3d70b512061b08afa26c9dc2a81816faff1369,d2cfd0ea038d0424e95c67131e9bfe57,PASS,downloaded,2026-08-30T09:59:11+00:00,
CHINA_NINGXIA_2022,SHZY21,assembly,GCA_021062645.1,https://ftp.ncbi.nlm.nih.gov/genomes/all/GCA/021/062/645/GCA_021062645.1_ASM2106264v1/GCA_021062645.1_ASM2106264v1_genomic.fna.gz,data/raw/assemblies/CHINA_NINGXIA_2022/SHZY21.fna.gz,,,,452059,278875619fcc757258c38143117f19cd7999610f0ea4807f17b4295636121314,b05a5ac345c191d4a661cda182bb3afa,PASS,downloaded,2026-08-30T09:59:31+00:00,
CHINA_NINGXIA_2022,SHZY22,assembly,GCA_021062625.1,https://ftp.ncbi.nlm.nih.gov/genomes/all/GCA/021/062/625/GCA_021062625.1_ASM2106262v1/GCA_021062625.1_ASM2106262v1_genomic.fna.gz,data/raw/assemblies/CHINA_NINGXIA_2022/SHZY22.fna.gz,,,,481968,03b87ccff763597521779a48fdf4eec2f953a09a7cf85c5bb7e679e67984c8a6,6ef57df3a7292d57b3aaf2ca6e4dc97c,PASS,downloaded,2026-08-30T09:59:36+00:00,
CHINA_NINGXIA_2022,SHZY23,assembly,GCA_021062605.1,https://ftp.ncbi.nlm.nih.gov/genomes/all/GCA/021/062/605/GCA_021062605.1_ASM2106260v1/GCA_021062605.1_ASM2106260v1_genomic.fna.gz,data/raw/assemblies/CHINA_NINGXIA_2022/SHZY23.fna.gz,,,,471579,40679e6517ad4c439fd125cec6fc7450ec0a15791d35b0829682d7d72bb7df06,9655c4669cca4f96eb83bce2d6ae43c3,PASS,downloaded,2026-08-30T09:59:30+00:00,
CHINA_NINGXIA_2022,SHZY24,assembly,GCA_021062585.1,https://ftp.ncbi.nlm.nih.gov/genomes/all/GCA/021/062/585/GCA_021062585.1_ASM2106258v1/GCA_021062585.1_ASM2106258v1_genomic.fna.gz,data/raw/assemblies/CHINA_NINGXIA_2022/SHZY24.fna.gz,,,,485316,3594907f749192ebd33156f3472c507d78f6a834e1b0569d4ad9c7e5d0bf4d5b,6a66994af3d3e3fd9d83abd489433a02,PASS,downloaded,2026-08-30T09:59:31+00:00,
CHINA_NINGXIA_2022,SHZY25,assembly,GCA_021062565.1,https://ftp.ncbi.nlm.nih.gov/genomes/all/GCA/021/062/565/GCA_021062565.1_ASM2106256v1/GCA_021062565.1_ASM2106256v1_genomic.fna.gz,data/raw/assemblies/CHINA_NINGXIA_2022/SHZY25.fna.gz,,,,492369,3acf2429174ffe6b68aaad553bf4db0575af5ac50d6614853ebc461777bc18eb,fdf9873c877b5b4a6ea4c06dd5a77329,PASS,downloaded,2026-08-30T10:00:00+00:00,
CHINA_NINGXIA_2022,SHZY26,assembly,GCA_021062545.1,https://ftp.ncbi.nlm.nih.gov/genomes/all/GCA/021/062/545/GCA_021062545.1_ASM2106254v1/GCA_021062545.1_ASM2106254v1_genomic.fna.gz,data/raw/assemblies/CHINA_NINGXIA_2022/SHZY26.fna.gz,,,,460888,c40030549a573fb4541543a53ee1b302fe8f75d506c3db7c800724819753a10d,c71fe6e3edb73e8eed2872957b6d5a21,PASS,downloaded,2026-08-30T09:59:50+00:00,
CHINA_NINGXIA_2022,SHZY27,assembly,GCA_021062525.1,https://ftp.ncbi.nlm.nih.gov/genomes/all/GCA/021/062/525/GCA_021062525.1_ASM2106252v1/GCA_021062525.1_ASM2106252v1_genomic.fna.gz,data/raw/assemblies/CHINA_NINGXIA_2022/SHZY27.fna.gz,,,,460997,25132794db37c81cd119e6a37427b52898b2f9831daf147a924516ea9f3d1e82,693ccfd63c1d8d0cb775d977b2541334,PASS,downloaded,2026-08-30T10:00:00+00:00,
CHINA_NINGXIA_2022,SHZY28,assembly,GCA_021062485.1,https://ftp.ncbi.nlm.nih.gov/genomes/all/GCA/021/062/485/GCA_021062485.1_ASM2106248v1/GCA_021062485.1_ASM2106248v1_genomic.fna.gz,data/raw/assemblies/CHINA_NINGXIA_2022/SHZY28.fna.gz,,,,471188,dc0c8aafa8b6a35fe436c7fb8fd945927176d9893175036522810a67a7921b8c,c8d1b681665e7c63a48b4adb9a0b73e8,PASS,downloaded,2026-08-30T10:00:05+00:00,
CHINA_NINGXIA_2022,SHZY29,assembly,GCA_021062435.1,https://ftp.ncbi.nlm.nih.gov/genomes/all/GCA/021/062/435/GCA_021062435.1_ASM2106243v1/GCA_021062435.1_ASM2106243v1_genomic.fna.gz,data/raw/assemblies/CHINA_NINGXIA_2022/SHZY29.fna.gz,,,,449375,68100c3cc303744653242da736d8680a42bdcf6af65106365899245fe3b069c4,3deb9839dfd7aafae91d5864de549620,PASS,downloaded,2026-08-30T10:00:14+00:00,
CHINA_NINGXIA_2022,SHZY30,assembly,GCA_021060485.1,https://ftp.ncbi.nlm.nih.gov/genomes/all/GCA/021/060/485/GCA_021060485.1_ASM2106048v1/GCA_021060485.1_ASM2106048v1_genomic.fna.gz,data/raw/assemblies/CHINA_NINGXIA_2022/SHZY30.fna.gz,,,,454052,739ea5e1bbfb05353626be4eb7e58bdcb8fc14d8072997685cc95ed639282291,ee66919d1e5967a2a279120ecf9446e5,PASS,downloaded,2026-08-30T10:00:29+00:00,
CHINA_NINGXIA_2022,SHZY31,assembly,GCA_021062495.1,https://ftp.ncbi.nlm.nih.gov/genomes/all/GCA/021/062/495/GCA_021062495.1_ASM2106249v1/GCA_021062495.1_ASM2106249v1_genomic.fna.gz,data/raw/assemblies/CHINA_NINGXIA_2022/SHZY31.fna.gz,,,,461291,32a3e04a34939269ee61839517ec9aaab423e2e11537cc29c51767a29d50e4ae,3d34cac0a84b6d93eecd652a1a1c1b79,PASS,downloaded,2026-08-30T10:00:25+00:00,
CHINA_NINGXIA_2022,SHZY32,assembly,GCA_021062425.1,https://ftp.ncbi.nlm.nih.gov/genomes/all/GCA/021/062/425/GCA_021062425.1_ASM2106242v1/GCA_021062425.1_ASM2106242v1_genomic.fna.gz,data/raw/assemblies/CHINA_NINGXIA_2022/SHZY32.fna.gz,,,,445569,00e7ee0a087fef24094c340da450d6ee1439d4202f9e2b6fd438879e929f12e1,4beafd99fd5644394db4021e36cb245f,PASS,downloaded,2026-08-30T10:00:41+00:00,
CHINA_NINGXIA_2022,SHZY33,assembly,GCA_021062305.1,https://ftp.ncbi.nlm.nih.gov/genomes/all/GCA/021/062/305/GCA_021062305.1_ASM2106230v1/GCA_021062305.1_ASM2106230v1_genomic.fna.gz,data/raw/assemblies/CHINA_NINGXIA_2022/SHZY33.fna.gz,,,,462407,ba1b4f3c6e018dad25e2a07e5040d202b2ac5b3d539ed76a44ebe8e828192e14,00dad3c38c262425cf32a3b8d691814f,PASS,downloaded,2026-08-30T10:00:41+00:00,
CHINA_NINGXIA_2022,SHZY34,assembly,GCA_021062335.1,https://ftp.ncbi.nlm.nih.gov/genomes/all/GCA/021/062/335/GCA_021062335.1_ASM2106233v1/GCA_021062335.1_ASM2106233v1_genomic.fna.gz,data/raw/assemblies/CHINA_NINGXIA_2022/SHZY34.fna.gz,,,,462313,a5167c04262553a18a3136eb49db21eb30ad5626513137e6210bedb5dca706b2,b63a30c75620c192c2e20714b9d31929,PASS,downloaded,2026-08-30T10:00:54+00:00,
CHINA_NINGXIA_2022,SHZY35,assembly,GCA_021062375.1,https://ftp.ncbi.nlm.nih.gov/genomes/all/GCA/021/062/375/GCA_021062375.1_ASM2106237v1/GCA_021062375.1_ASM2106237v1_genomic.fna.gz,data/raw/assemblies/CHINA_NINGXIA_2022/SHZY35.fna.gz,,,,472259,73d80f2ea4ef7b391f61d2645164589a023a661d8a3259c2a3133de31f96bf1a,41b7c456315921d3b10930f0502bc2f9,PASS,downloaded,2026-08-30T10:00:54+00:00,
CHINA_NINGXIA_2022,SHZY36,assembly,GCA_021062265.1,https://ftp.ncbi.nlm.nih.gov/genomes/all/GCA/021/062/265/GCA_021062265.1_ASM2106226v1/GCA_021062265.1_ASM2106226v1_genomic.fna.gz,data/raw/assemblies/CHINA_NINGXIA_2022/SHZY36.fna.gz,,,,456404,a2f6450497277b2a4f435bcac5c432f56d5ba548b510016d79046b3c2241f56f,acef2f307fc079de323c626f6fef2675,PASS,downloaded,2026-08-30T10:01:04+00:00,
CHINA_NINGXIA_2022,SHZY37,assembly,GCA_021062245.1,https://ftp.ncbi.nlm.nih.gov/genomes/all/GCA/021/062/245/GCA_021062245.1_ASM2106224v1/GCA_021062245.1_ASM2106224v1_genomic.fna.gz,data/raw/assemblies/CHINA_NINGXIA_2022/SHZY37.fna.gz,,,,443290,21ba3f554b492b1f34c46561e1c242a4f66bf2ed58a6abb548cd58b1a13747e1,9515cd64d9d0ceb1bc5ebd73d2c38689,PASS,downloaded,2026-08-30T10:01:08+00:00,
CHINA_NINGXIA_2022,SHZY38,assembly,GCA_021062135.1,https://ftp.ncbi.nlm.nih.gov/genomes/all/GCA/021/062/135/GCA_021062135.1_ASM2106213v1/GCA_021062135.1_ASM2106213v1_genomic.fna.gz,data/raw/assemblies/CHINA_NINGXIA_2022/SHZY38.fna.gz,,,,493263,6e7599c68be8b12e65dd90e7295826740c9880476acf93e025dcdce879eda2dc,7a57f4671f751eda9cb8391a2fbd4e23,PASS,downloaded,2026-08-30T10:01:26+00:00,
CHINA_NINGXIA_2022,SHZY39,assembly,GCA_021062165.1,https://ftp.ncbi.nlm.nih.gov/genomes/all/GCA/021/062/165/GCA_021062165.1_ASM2106216v1/GCA_021062165.1_ASM2106216v1_genomic.fna.gz,data/raw/assemblies/CHINA_NINGXIA_2022/SHZY39.fna.gz,,,,462449,8df1d4b20a5ecbb13c23df84f5e2665870f9e4cebe056fcfac70125c093ea2bc,40e6aefc93e3e3415131d117b1a5e2ed,PASS,downloaded,2026-08-30T10:01:17+00:00,
CHINA_NINGXIA_2022,SHZY40,assembly,GCA_021062125.1,https://ftp.ncbi.nlm.nih.gov/genomes/all/GCA/021/062/125/GCA_021062125.1_ASM2106212v1/GCA_021062125.1_ASM2106212v1_genomic.fna.gz,data/raw/assemblies/CHINA_NINGXIA_2022/SHZY40.fna.gz,,,,459043,79d9d6c96394c6cb697919e8e9bba413084976f78f1faee97976d5713cad7ccc,6c669055d5f9cdbaf7b64cc7b9bca5e8,PASS,downloaded,2026-08-30T10:01:29+00:00,
CHINA_NINGXIA_2022,SHZY41,assembly,GCA_021062105.1,https://ftp.ncbi.nlm.nih.gov/genomes/all/GCA/021/062/105/GCA_021062105.1_ASM2106210v1/GCA_021062105.1_ASM2106210v1_genomic.fna.gz,data/raw/assemblies/CHINA_NINGXIA_2022/SHZY41.fna.gz,,,,469253,ea85fb4c937702c89985444336e4706bc7f0a30348dc48e4e4835790dd5eee76,e3794f078bc1fe96e9f8464eb60845f2,PASS,downloaded,2026-08-30T10:01:40+00:00,
CHINA_NINGXIA_2022,SHZY42,assembly,GCA_021061965.1,https://ftp.ncbi.nlm.nih.gov/genomes/all/GCA/021/061/965/GCA_021061965.1_ASM2106196v1/GCA_021061965.1_ASM2106196v1_genomic.fna.gz,data/raw/assemblies/CHINA_NINGXIA_2022/SHZY42.fna.gz,,,,456758,5083b1a8f2cd48adaf2693e11c2a837cdd0f6195c5e42db4566b8166eb4d10ad,5975ff1579e6fd8f92294ad98f29c4ae,PASS,downloaded,2026-08-30T10:01:58+00:00,
CHINA_NINGXIA_2022,SHZY43,assembly,GCA_021062005.1,https://ftp.ncbi.nlm.nih.gov/genomes/all/GCA/021/062/005/GCA_021062005.1_ASM2106200v1/GCA_021062005.1_ASM2106200v1_genomic.fna.gz,data/raw/assemblies/CHINA_NINGXIA_2022/SHZY43.fna.gz,,,,458358,083e12222899d7707017fca1bdc3e5921837ae44412038b54e8e1f60cc7d93b0,d49e4780751f1427fb2aedd904835a55,PASS,downloaded,2026-08-30T10:01:53+00:00,
CHINA_NINGXIA_2022,SHZY44,assembly,GCA_021061945.1,https://ftp.ncbi.nlm.nih.gov/genomes/all/GCA/021/061/945/GCA_021061945.1_ASM2106194v1/GCA_021061945.1_ASM2106194v1_genomic.fna.gz,data/raw/assemblies/CHINA_NINGXIA_2022/SHZY44.fna.gz,,,,447476,1906f8a58fbc8bbe574a143e6e9725ce2d0d877681499da81a8c426abcd25ea1,42c7845cadc952c125ab0a65f45624e9,PASS,downloaded,2026-08-30T10:01:48+00:00,
CHINA_NINGXIA_2022,SHZY45,assembly,GCA_021061975.1,https://ftp.ncbi.nlm.nih.gov/genomes/all/GCA/021/061/975/GCA_021061975.1_ASM2106197v1/GCA_021061975.1_ASM2106197v1_genomic.fna.gz,data/raw/assemblies/CHINA_NINGXIA_2022/SHZY45.fna.gz,,,,476187,a5f16d4b24db62f8507897ce1b0bbf044a96ea8ec76c91adb8f0ca6babe398e2,556e667ff701f2dee0b5cdfe41ccc59b,PASS,downloaded,2026-08-30T10:02:02+00:00,
CHINA_NINGXIA_2022,SHZY46,assembly,GCA_021061905.1,https://ftp.ncbi.nlm.nih.gov/genomes/all/GCA/021/061/905/GCA_021061905.1_ASM2106190v1/GCA_021061905.1_ASM2106190v1_genomic.fna.gz,data/raw/assemblies/CHINA_NINGXIA_2022/SHZY46.fna.gz,,,,467868,7d84a549430c1623b5d93e88f7efa8ee697d88074323eb650a5720e515f77347,cdbab76cf6761a6a136fb6344401afe0,PASS,downloaded,2026-08-30T10:02:21+00:00,
CHINA_NINGXIA_2022,SHZY47,assembly,GCA_021061915.1,https://ftp.ncbi.nlm.nih.gov/genomes/all/GCA/021/061/915/GCA_021061915.1_ASM2106191v1/GCA_021061915.1_ASM2106191v1_genomic.fna.gz,data/raw/assemblies/CHINA_NINGXIA_2022/SHZY47.fna.gz,,,,458511,1be3797f29a7ca590466412d22e15e76146acbd3ec8841206fde394c38c5b69e,9b18d410357c528c15451f5dd064b2b8,PASS,downloaded,2026-08-30T10:02:23+00:00,
CHINA_NINGXIA_2022,SHZY48,assembly,GCA_021061845.1,https://ftp.ncbi.nlm.nih.gov/genomes/all/GCA/021/061/845/GCA_021061845.1_ASM2106184v1/GCA_021061845.1_ASM2106184v1_genomic.fna.gz,data/raw/assemblies/CHINA_NINGXIA_2022/SHZY48.fna.gz,,,,475643,0de81ef1556e6007df113a09e81168e4af3dcd5cc0a2843b64a063edb21aa1d1,87cf805d823bf5b7dcf2d870cd04665c,PASS,downloaded,2026-08-30T10:02:23+00:00,
CHINA_NINGXIA_2022,SHZY49,assembly,GCA_021061875.1,https://ftp.ncbi.nlm.nih.gov/genomes/all/GCA/021/061/875/GCA_021061875.1_ASM2106187v1/GCA_021061875.1_ASM2106187v1_genomic.fna.gz,data/raw/assemblies/CHINA_NINGXIA_2022/SHZY49.fna.gz,,,,450933,033d29035bc2ec718ecf6f117b41cfa72d964e4f043118607c332661255ce214,eebabb610c612b9cbeff8083a496d598,PASS,downloaded,2026-08-30T10:02:26+00:00,
CHINA_NINGXIA_2022,SHZY50,assembly,GCA_021061865.1,https://ftp.ncbi.nlm.nih.gov/genomes/all/GCA/021/061/865/GCA_021061865.1_ASM2106186v1/GCA_021061865.1_ASM2106186v1_genomic.fna.gz,data/raw/assemblies/CHINA_NINGXIA_2022/SHZY50.fna.gz,,,,450446,2a1a5e9132238eee3b7b1493a977555558487cc4906af09c1c30a1f982e0d82d,d35a113e1b731e2350ac333eee37e377,PASS,downloaded,2026-08-30T10:02:40+00:00,
CHINA_NINGXIA_2022,SHZY51,assembly,GCA_021061825.1,https://ftp.ncbi.nlm.nih.gov/genomes/all/GCA/021/061/825/GCA_021061825.1_ASM2106182v1/GCA_021061825.1_ASM2106182v1_genomic.fna.gz,data/raw/assemblies/CHINA_NINGXIA_2022/SHZY51.fna.gz,,,,456786,e3a8106abe9d713e609ba7e7d145bc445d42a02221ab087c4308237d3ddca1b7,a5fc38d580fb43c263b15918c58ec044,PASS,downloaded,2026-08-30T10:02:43+00:00,
CHINA_NINGXIA_2022,SHZY52,assembly,GCA_021061765.1,https://ftp.ncbi.nlm.nih.gov/genomes/all/GCA/021/061/765/GCA_021061765.1_ASM2106176v1/GCA_021061765.1_ASM2106176v1_genomic.fna.gz,data/raw/assemblies/CHINA_NINGXIA_2022/SHZY52.fna.gz,,,,448718,f9cf4f15db32fdd4c29db7464ea2ccb8aa70dd960fbd2b7f9e0ff70c38b76069,523b7182a805ee397852c715c8d55f38,PASS,downloaded,2026-08-30T10:02:43+00:00,
CHINA_NINGXIA_2022,SHZY53,assembly,GCA_021061745.1,https://ftp.ncbi.nlm.nih.gov/genomes/all/GCA/021/061/745/GCA_021061745.1_ASM2106174v1/GCA_021061745.1_ASM2106174v1_genomic.fna.gz,data/raw/assemblies/CHINA_NINGXIA_2022/SHZY53.fna.gz,,,,442234,fca0aca261bb7796684cfaa9a967b7f52924eec8721e64bbd48b05b665928887,25e8b9bdb6d18aa0c0b98079976e468b,PASS,downloaded,2026-08-30T10:02:54+00:00,
CHINA_NINGXIA_2022,SHZY54,assembly,GCA_021060345.1,https://ftp.ncbi.nlm.nih.gov/genomes/all/GCA/021/060/345/GCA_021060345.1_ASM2106034v1/GCA_021060345.1_ASM2106034v1_genomic.fna.gz,data/raw/assemblies/CHINA_NINGXIA_2022/SHZY54.fna.gz,,,,467326,d61c52ca248d01bd4329351834ab2fd18d65d8adb5b3f67d1ba5ea55c9af5c3a,c96fe4bd24b005cd53729fae9e008b54,PASS,downloaded,2026-08-30T10:03:11+00:00,
CHINA_NINGXIA_2022,SHZY55,assembly,GCA_021060405.1,https://ftp.ncbi.nlm.nih.gov/genomes/all/GCA/021/060/405/GCA_021060405.1_ASM2106040v1/GCA_021060405.1_ASM2106040v1_genomic.fna.gz,data/raw/assemblies/CHINA_NINGXIA_2022/SHZY55.fna.gz,,,,455143,9debbdc3200cc1e3f1156b8e68d6dcd2c6923565bbf9e2c648ccd41c012fa674,95dc0e823725ba7763e7416ce77edafd,PASS,downloaded,2026-08-30T10:03:07+00:00,
CHINA_NINGXIA_2022,SHZY56,assembly,GCA_021060385.1,https://ftp.ncbi.nlm.nih.gov/genomes/all/GCA/021/060/385/GCA_021060385.1_ASM2106038v1/GCA_021060385.1_ASM2106038v1_genomic.fna.gz,data/raw/assemblies/CHINA_NINGXIA_2022/SHZY56.fna.gz,,,,467171,f325ad22fdcb482f0819f42a3850b672c31060d53362f8ea65c0105bb9a89fe1,44b832999a09a528aefc14352f4cdbcd,PASS,downloaded,2026-08-30T10:03:07+00:00,
CHINA_NINGXIA_2022,SHZY57,assembly,GCA_021060365.1,https://ftp.ncbi.nlm.nih.gov/genomes/all/GCA/021/060/365/GCA_021060365.1_ASM2106036v1/GCA_021060365.1_ASM2106036v1_genomic.fna.gz,data/raw/assemblies/CHINA_NINGXIA_2022/SHZY57.fna.gz,,,,466767,eb99aba602f198480dbd11d1acb252422313fc7eb012a50d9f95515607acf4a8,3dd748c88b10fb45948cf5498b85905f,PASS,downloaded,2026-08-30T10:03:17+00:00,
CHINA_NINGXIA_2022,SHZY58,assembly,GCA_021061785.1,https://ftp.ncbi.nlm.nih.gov/genomes/all/GCA/021/061/785/GCA_021061785.1_ASM2106178v1/GCA_021061785.1_ASM2106178v1_genomic.fna.gz,data/raw/assemblies/CHINA_NINGXIA_2022/SHZY58.fna.gz,,,,459991,c1a24a8e9aab34d8a51fbb34df6b9c71fd126a8a0f890393fb2d3f16c1776436,fd43dc69e87d37e25c1b5fd6b3072990,PASS,downloaded,2026-08-30T10:03:31+00:00,
CHINA_NINGXIA_2022,SHZY59,assembly,GCA_021060425.1,https://ftp.ncbi.nlm.nih.gov/genomes/all/GCA/021/060/425/GCA_021060425.1_ASM2106042v1/GCA_021060425.1_ASM2106042v1_genomic.fna.gz,data/raw/assemblies/CHINA_NINGXIA_2022/SHZY59.fna.gz,,,,456982,94489dc5405f60eaa6ed079ce10c6b417f14d339d87ab943c857993ced1c5940,60c9d51f58196c9338dff0a1d80ab804,PASS,downloaded,2026-08-30T10:03:35+00:00,
CHINA_NINGXIA_2022,SHZY60,assembly,GCA_021061795.1,https://ftp.ncbi.nlm.nih.gov/genomes/all/GCA/021/061/795/GCA_021061795.1_ASM2106179v1/GCA_021061795.1_ASM2106179v1_genomic.fna.gz,data/raw/assemblies/CHINA_NINGXIA_2022/SHZY60.fna.gz,,,,459398,e911103a4a80c7e6af44e8870e19e75531d6720d856690daf79d44404f531bce,8859dc305695d2fb581048ebb26679ae,PASS,downloaded,2026-08-30T10:03:29+00:00,
HPGP_GLOBAL,ALG-001,assembly,GCA_034693425.1,https://ftp.ncbi.nlm.nih.gov/genomes/all/GCA/034/693/425/GCA_034693425.1_ASM3469342v1/GCA_034693425.1_ASM3469342v1_genomic.fna.gz,data/raw/assemblies/HPGP_GLOBAL/ALG-001.fna.gz,,,,470995,3bbe22e97163de48e0c711027e39f377153ec99036a8a78e6ab2e448a9c170bf,00a53b72316ca7406463cf92d8c2878b,PASS,already_present,2026-08-30T09:17:16+00:00,
HPGP_GLOBAL,ALG-002,assembly,GCA_034692205.1,https://ftp.ncbi.nlm.nih.gov/genomes/all/GCA/034/692/205/GCA_034692205.1_ASM3469220v1/GCA_034692205.1_ASM3469220v1_genomic.fna.gz,data/raw/assemblies/HPGP_GLOBAL/ALG-002.fna.gz,,,,472210,193514f4ee7c33ece788659177e70e6914771482abe298e2e2f525543bb09809,d320aaadef03c03f228701934705c267,PASS,already_present,2026-08-30T09:17:16+00:00,
HPGP_GLOBAL,ALG-003,assembly,GCA_034691725.1,https://ftp.ncbi.nlm.nih.gov/genomes/all/GCA/034/691/725/GCA_034691725.1_ASM3469172v1/GCA_034691725.1_ASM3469172v1_genomic.fna.gz,data/raw/assemblies/HPGP_GLOBAL/ALG-003.fna.gz,,,,477943,7db68ab37f1482eee907d5d7c9f46abb208d4575dbdd323f675b2adc2b051dff,d67e6e90696f69946e5449046e7245fc,PASS,already_present,2026-08-30T09:17:16+00:00,
HPGP_GLOBAL,ALG-004,assembly,GCA_034692485.1,https://ftp.ncbi.nlm.nih.gov/genomes/all/GCA/034/692/485/GCA_034692485.1_ASM3469248v1/GCA_034692485.1_ASM3469248v1_genomic.fna.gz,data/raw/assemblies/HPGP_GLOBAL/ALG-004.fna.gz,,,,472386,aba4e8113dc533c0e751b2282257fbc3aca9ef2d8fde62acc07d22d8d9ec6998,bc56e57dbea7cd0c576d1b389dd0f7b8,PASS,already_present,2026-08-30T09:17:16+00:00,
HPGP_GLOBAL,ALG-005,assembly,GCA_034691625.1,https://ftp.ncbi.nlm.nih.gov/genomes/all/GCA/034/691/625/GCA_034691625.1_ASM3469162v1/GCA_034691625.1_ASM3469162v1_genomic.fna.gz,data/raw/assemblies/HPGP_GLOBAL/ALG-005.fna.gz,,,,452175,8b6cce4eb70ebaa0ecdea012c17ce863a3b574f51f111569bc0c03b85c92a57d,281a12657c8ac05262516504f2eec99e,PASS,already_present,2026-08-30T09:17:16+00:00,
HPGP_GLOBAL,ALG-007,assembly,GCA_034690485.1,https://ftp.ncbi.nlm.nih.gov/genomes/all/GCA/034/690/485/GCA_034690485.1_ASM3469048v1/GCA_034690485.1_ASM3469048v1_genomic.fna.gz,data/raw/assemblies/HPGP_GLOBAL/ALG-007.fna.gz,,,,465883,964159e1cc945361ffba3a4731cbc7acdd10ee230c23976e2d4198b010efae02,d4105f26b657fc18eac9612a69ecedae,PASS,already_present,2026-08-30T09:17:16+00:00,
HPGP_GLOBAL,ALG-008,assembly,GCA_034689985.1,https://ftp.ncbi.nlm.nih.gov/genomes/all/GCA/034/689/985/GCA_034689985.1_ASM3468998v1/GCA_034689985.1_ASM3468998v1_genomic.fna.gz,data/raw/assemblies/HPGP_GLOBAL/ALG-008.fna.gz,,,,474401,243165051cc6e73875d3b4a80002a76535bfd12299930962d6e1953e8663f135,4fe444377eaf8d8b87557a278a589284,PASS,already_present,2026-08-30T09:17:16+00:00,
HPGP_GLOBAL,ALG-009,assembly,GCA_034689205.1,https://ftp.ncbi.nlm.nih.gov/genomes/all/GCA/034/689/205/GCA_034689205.1_ASM3468920v1/GCA_034689205.1_ASM3468920v1_genomic.fna.gz,data/raw/assemblies/HPGP_GLOBAL/ALG-009.fna.gz,,,,458175,369af82a82d273465c7eb37ad8c07ed38a52cb9101e83db8273045d181908b0a,b494f92246b81133f802f2ee81174bd7,PASS,already_present,2026-08-30T09:17:16+00:00,
HPGP_GLOBAL,ALG-010,assembly,GCA_034688185.1,https://ftp.ncbi.nlm.nih.gov/genomes/all/GCA/034/688/185/GCA_034688185.1_ASM3468818v1/GCA_034688185.1_ASM3468818v1_genomic.fna.gz,data/raw/assemblies/HPGP_GLOBAL/ALG-010.fna.gz,,,,470673,fdd9c4cc4f24575f7d29a3dc5db20070790e5858ec920663c27d583814305e40,75263b95f2e6d4cb023b8f4c5ca13f1f,PASS,already_present,2026-08-30T09:17:16+00:00,
HPGP_GLOBAL,ARG-001,assembly,GCA_034687045.1,https://ftp.ncbi.nlm.nih.gov/genomes/all/GCA/034/687/045/GCA_034687045.1_ASM3468704v1/GCA_034687045.1_ASM3468704v1_genomic.fna.gz,data/raw/assemblies/HPGP_GLOBAL/ARG-001.fna.gz,,,,469348,0e5de923876682f7b9fbcc8e08b89621be1329aebd863e888f99016b617102da,3cb7dbf54013e6ddfcd478d5073ebb46,PASS,already_present,2026-08-30T09:17:16+00:00,
HPGP_GLOBAL,ARG-002,assembly,GCA_034697585.1,https://ftp.ncbi.nlm.nih.gov/genomes/all/GCA/034/697/585/GCA_034697585.1_ASM3469758v1/GCA_034697585.1_ASM3469758v1_genomic.fna.gz,data/raw/assemblies/HPGP_GLOBAL/ARG-002.fna.gz,,,,473701,72a6dda03c7b9bf9e003989462002291dbacbf70b9dc46a7643a8a06f19ee883,5d8de658b5d47e56096b13233cf24935,PASS,already_present,2026-08-30T09:17:16+00:00,
HPGP_GLOBAL,ARG-003,assembly,GCA_034686345.1,https://ftp.ncbi.nlm.nih.gov/genomes/all/GCA/034/686/345/GCA_034686345.1_ASM3468634v1/GCA_034686345.1_ASM3468634v1_genomic.fna.gz,data/raw/assemblies/HPGP_GLOBAL/ARG-003.fna.gz,,,,466954,a2d52d06cd6fe736c42ada2685797f6a631836870cb467cc18b3091af8812e57,4fcadb21b4eca8a99627c3d41ef0a229,PASS,already_present,2026-08-30T09:17:16+00:00,
HPGP_GLOBAL,ARG-004,assembly,GCA_034685685.1,https://ftp.ncbi.nlm.nih.gov/genomes/all/GCA/034/685/685/GCA_034685685.1_ASM3468568v1/GCA_034685685.1_ASM3468568v1_genomic.fna.gz,data/raw/assemblies/HPGP_GLOBAL/ARG-004.fna.gz,,,,452208,26e585e0d22f11ae045f3675f84953d196bc60bbd1a6eb0ec660b453d34b3a30,f5ea53fe5758af8b98b30dcef8f34ce1,PASS,already_present,2026-08-30T09:17:16+00:00,
HPGP_GLOBAL,ARG-005,assembly,GCA_034685225.1,https://ftp.ncbi.nlm.nih.gov/genomes/all/GCA/034/685/225/GCA_034685225.1_ASM3468522v1/GCA_034685225.1_ASM3468522v1_genomic.fna.gz,data/raw/assemblies/HPGP_GLOBAL/ARG-005.fna.gz,,,,468623,303a66c20a6ca3c26772be09a406f36148cbb4e68e1cd80624365ac16dd8af71,84962f419a56b5e703f48ec83930a8b0,PASS,already_present,2026-08-30T09:17:16+00:00,
HPGP_GLOBAL,ARG-006,assembly,GCA_034684225.1,https://ftp.ncbi.nlm.nih.gov/genomes/all/GCA/034/684/225/GCA_034684225.1_ASM3468422v1/GCA_034684225.1_ASM3468422v1_genomic.fna.gz,data/raw/assemblies/HPGP_GLOBAL/ARG-006.fna.gz,,,,466918,6c2f3b84c0e626040f57f13bdd537cfce504e73d42713f7912525969d9c196d5,002932f4f67c97ea9835cd52783050e3,PASS,already_present,2026-08-30T09:17:16+00:00,
HPGP_GLOBAL,ARG-007,assembly,GCA_034683685.1,https://ftp.ncbi.nlm.nih.gov/genomes/all/GCA/034/683/685/GCA_034683685.1_ASM3468368v1/GCA_034683685.1_ASM3468368v1_genomic.fna.gz,data/raw/assemblies/HPGP_GLOBAL/ARG-007.fna.gz,,,,490313,77d4ebcd942f97af13e2f45ec4cf2fd47db400c566712aaeb50cb7488e5e860e,723675c75fd5e4e79a6b022ac2513116,PASS,already_present,2026-08-30T09:17:16+00:00,
HPGP_GLOBAL,ARG-008,assembly,GCA_034682435.1,https://ftp.ncbi.nlm.nih.gov/genomes/all/GCA/034/682/435/GCA_034682435.1_ASM3468243v1/GCA_034682435.1_ASM3468243v1_genomic.fna.gz,data/raw/assemblies/HPGP_GLOBAL/ARG-008.fna.gz,,,,465301,5b5ddf73b93c1211774343492a3bd55371589e5508a3de6b1e59e23abd9ead89,c3b1141c132de3064478d27c38a66ec4,PASS,already_present,2026-08-30T09:17:16+00:00,
HPGP_GLOBAL,ARG-009,assembly,GCA_034783535.1,https://ftp.ncbi.nlm.nih.gov/genomes/all/GCA/034/783/535/GCA_034783535.1_ASM3478353v1/GCA_034783535.1_ASM3478353v1_genomic.fna.gz,data/raw/assemblies/HPGP_GLOBAL/ARG-009.fna.gz,,,,461755,1583b0246a4cd25e6eabce5be0037951fb1918a28cebd28b418c84d4d60000a0,31a09c8b1b45c4138058636ddcd6b528,PASS,already_present,2026-08-30T09:17:16+00:00,
HPGP_GLOBAL,ARG-010,assembly,GCA_034781135.1,https://ftp.ncbi.nlm.nih.gov/genomes/all/GCA/034/781/135/GCA_034781135.1_ASM3478113v1/GCA_034781135.1_ASM3478113v1_genomic.fna.gz,data/raw/assemblies/HPGP_GLOBAL/ARG-010.fna.gz,,,,464167,b0e1af059bcfd3d2b326f4779b28c70f7f173128f13a3e1b0caa39f25bc52b09,77a659a3eedfe12a587e9f969037b797,PASS,already_present,2026-08-30T09:17:16+00:00,
HPGP_GLOBAL,BRA-002,assembly,GCA_034760955.1,https://ftp.ncbi.nlm.nih.gov/genomes/all/GCA/034/760/955/GCA_034760955.1_ASM3476095v1/GCA_034760955.1_ASM3476095v1_genomic.fna.gz,data/raw/assemblies/HPGP_GLOBAL/BRA-002.fna.gz,,,,476916,e054fac4ba93c911df1cc4ff8fb00d15b8f06d8e2c9ea42dc49f26e214eeff8f,102b5156b2e70819609c09133d3ea251,PASS,already_present,2026-08-30T09:17:16+00:00,
HPGP_GLOBAL,BRA-006,assembly,GCA_034757175.1,https://ftp.ncbi.nlm.nih.gov/genomes/all/GCA/034/757/175/GCA_034757175.1_ASM3475717v1/GCA_034757175.1_ASM3475717v1_genomic.fna.gz,data/raw/assemblies/HPGP_GLOBAL/BRA-006.fna.gz,,,,483780,53392aa8de0365b6fab98ecfb0bc705d7c29fc0ba6a3994cfef04b879b110a49,689fcc20113e4384f2e155c1474264ac,PASS,already_present,2026-08-30T09:17:16+00:00,
HPGP_GLOBAL,BRA-009,assembly,GCA_034753475.1,https://ftp.ncbi.nlm.nih.gov/genomes/all/GCA/034/753/475/GCA_034753475.1_ASM3475347v1/GCA_034753475.1_ASM3475347v1_genomic.fna.gz,data/raw/assemblies/HPGP_GLOBAL/BRA-009.fna.gz,,,,454038,e1bfb38688941f115418e63999778d8bc9756e0f4bbb1b295c5e5846f3349540,363f9964056d41d6858b5e9db5a4b8b0,PASS,already_present,2026-08-30T09:17:16+00:00,
HPGP_GLOBAL,BRA-010,assembly,GCA_034753215.1,https://ftp.ncbi.nlm.nih.gov/genomes/all/GCA/034/753/215/GCA_034753215.1_ASM3475321v1/GCA_034753215.1_ASM3475321v1_genomic.fna.gz,data/raw/assemblies/HPGP_GLOBAL/BRA-010.fna.gz,,,,484355,c50f0e2ea8b4e750c7e317719bb93e3d2becdc9232bfa57cd680e0afc66b4ef6,5ffc0fa372147d0f55eb4147e1d596d9,PASS,already_present,2026-08-30T09:17:16+00:00,
HPGP_GLOBAL,BRA-013,assembly,GCA_034749875.1,https://ftp.ncbi.nlm.nih.gov/genomes/all/GCA/034/749/875/GCA_034749875.1_ASM3474987v1/GCA_034749875.1_ASM3474987v1_genomic.fna.gz,data/raw/assemblies/HPGP_GLOBAL/BRA-013.fna.gz,,,,487425,d2729efe43ea5660e66ab8ffe2744803f843818443278fd43b6b05b60b46dbb5,ee0c53c6744ce7d6b1e81aa56cfe9418,PASS,already_present,2026-08-30T09:17:16+00:00,
HPGP_GLOBAL,BRA-014,assembly,GCA_034752235.1,https://ftp.ncbi.nlm.nih.gov/genomes/all/GCA/034/752/235/GCA_034752235.1_ASM3475223v1/GCA_034752235.1_ASM3475223v1_genomic.fna.gz,data/raw/assemblies/HPGP_GLOBAL/BRA-014.fna.gz,,,,488669,1b5247b08694c02da0afaa41b3b40fd19adcee19ccbfdaf133e2b67809cc5146,e3b890ec2d979c2c2cbae0bc59fdf976,PASS,already_present,2026-08-30T09:17:16+00:00,
HPGP_GLOBAL,BRA-017,assembly,GCA_034748115.1,https://ftp.ncbi.nlm.nih.gov/genomes/all/GCA/034/748/115/GCA_034748115.1_ASM3474811v1/GCA_034748115.1_ASM3474811v1_genomic.fna.gz,data/raw/assemblies/HPGP_GLOBAL/BRA-017.fna.gz,,,,464972,d537d19ac4d91326536aadbb0b9c7361803cd9734dba2f1d46be83c72afb461b,041c2820b2075bce57d6082d083947d2,PASS,already_present,2026-08-30T09:17:16+00:00,
HPGP_GLOBAL,BRA-018,assembly,GCA_034747315.1,https://ftp.ncbi.nlm.nih.gov/genomes/all/GCA/034/747/315/GCA_034747315.1_ASM3474731v1/GCA_034747315.1_ASM3474731v1_genomic.fna.gz,data/raw/assemblies/HPGP_GLOBAL/BRA-018.fna.gz,,,,479514,e82fb486a8fa6f578008a4709b4cda76969496baccb378a83010fdc18b4f68a5,282ac46c47a53a3606e0f98e92a13837,PASS,already_present,2026-08-30T09:17:16+00:00,
HPGP_GLOBAL,BRA-020,assembly,GCA_034745675.1,https://ftp.ncbi.nlm.nih.gov/genomes/all/GCA/034/745/675/GCA_034745675.1_ASM3474567v1/GCA_034745675.1_ASM3474567v1_genomic.fna.gz,data/raw/assemblies/HPGP_GLOBAL/BRA-020.fna.gz,,,,468057,03b5ee197b194668a4d866b2cf3543347bdb9c2528c1c1808d6028f204d8efb6,190c553e0b4d1ebb9f54ffac35b8badb,PASS,already_present,2026-08-30T09:17:16+00:00,
HPGP_GLOBAL,BRA-022,assembly,GCA_034745655.1,https://ftp.ncbi.nlm.nih.gov/genomes/all/GCA/034/745/655/GCA_034745655.1_ASM3474565v1/GCA_034745655.1_ASM3474565v1_genomic.fna.gz,data/raw/assemblies/HPGP_GLOBAL/BRA-022.fna.gz,,,,472127,82ca1cc2de83bab86f09ce9ce37b0851816cd23c5d2f52ca287f86c40296688a,287c2fb0a8da93ff4d3e846fba0ec125,PASS,already_present,2026-08-30T09:17:16+00:00,
HPGP_GLOBAL,BRA-023,assembly,GCA_034745635.1,https://ftp.ncbi.nlm.nih.gov/genomes/all/GCA/034/745/635/GCA_034745635.1_ASM3474563v1/GCA_034745635.1_ASM3474563v1_genomic.fna.gz,data/raw/assemblies/HPGP_GLOBAL/BRA-023.fna.gz,,,,473190,59a2eb42a4b0bbd1f87704f732ae08eb69f2431a1c3626dc1e417639c5654c41,e0ef4e0e9581ec7156456e26b34f0430,PASS,already_present,2026-08-30T09:17:16+00:00,
HPGP_GLOBAL,BRA-025,assembly,GCA_034745615.1,https://ftp.ncbi.nlm.nih.gov/genomes/all/GCA/034/745/615/GCA_034745615.1_ASM3474561v1/GCA_034745615.1_ASM3474561v1_genomic.fna.gz,data/raw/assemblies/HPGP_GLOBAL/BRA-025.fna.gz,,,,479320,a24a44ed62d6530f38d37df220560f8c4ab629bc0da62237dcac339024878a46,ccb034486d884085250551b66d490f17,PASS,already_present,2026-08-30T09:17:16+00:00,
HPGP_GLOBAL,CHI-001,assembly,GCA_034809505.1,https://ftp.ncbi.nlm.nih.gov/genomes/all/GCA/034/809/505/GCA_034809505.1_ASM3480950v1/GCA_034809505.1_ASM3480950v1_genomic.fna.gz,data/raw/assemblies/HPGP_GLOBAL/CHI-001.fna.gz,,,,471284,fdd4c867e160d2ef64923bb2010f66ed3682bd038df3d614c16bf5cb4e50571b,78618015d9ec6faf88a20e2cb4f3b0bd,PASS,already_present,2026-08-30T09:17:16+00:00,
HPGP_GLOBAL,CHI-002,assembly,GCA_034809485.1,https://ftp.ncbi.nlm.nih.gov/genomes/all/GCA/034/809/485/GCA_034809485.1_ASM3480948v1/GCA_034809485.1_ASM3480948v1_genomic.fna.gz,data/raw/assemblies/HPGP_GLOBAL/CHI-002.fna.gz,,,,468365,2abd644c98e3e688a429275aebd81dc4a2fce492e89c4adb1ee652282407ac3a,edbdb8fe4dcf0f8ae7520a098a1c12b1,PASS,already_present,2026-08-30T09:17:16+00:00,
HPGP_GLOBAL,CHI-004,assembly,GCA_034809465.1,https://ftp.ncbi.nlm.nih.gov/genomes/all/GCA/034/809/465/GCA_034809465.1_ASM3480946v1/GCA_034809465.1_ASM3480946v1_genomic.fna.gz,data/raw/assemblies/HPGP_GLOBAL/CHI-004.fna.gz,,,,475962,9295dae355afd9a5f346f43eeb89016e9e122ec5dae29d26d5fd9fc5c0e47f41,9d96870bc848ecc3561b195bcedcd3f3,PASS,already_present,2026-08-30T09:17:16+00:00,
HPGP_GLOBAL,CHI-005,assembly,GCA_034809445.1,https://ftp.ncbi.nlm.nih.gov/genomes/all/GCA/034/809/445/GCA_034809445.1_ASM3480944v1/GCA_034809445.1_ASM3480944v1_genomic.fna.gz,data/raw/assemblies/HPGP_GLOBAL/CHI-005.fna.gz,,,,480826,5bdaf502ba0cf727f177481d5d10764e9b1c33efe9b482644bcbb27b9eae1b20,619244abfc706b3613b98b74bb9e9195,PASS,already_present,2026-08-30T09:17:16+00:00,
HPGP_GLOBAL,CHI-007,assembly,GCA_034809405.1,https://ftp.ncbi.nlm.nih.gov/genomes/all/GCA/034/809/405/GCA_034809405.1_ASM3480940v1/GCA_034809405.1_ASM3480940v1_genomic.fna.gz,data/raw/assemblies/HPGP_GLOBAL/CHI-007.fna.gz,,,,464558,460bdf3cff3de64bd120a8fc9243ec851e955c94710cad0b194b2737e246a151,1cafd16324d36cfa331cd3c36c74e868,PASS,already_present,2026-08-30T09:17:16+00:00,
HPGP_GLOBAL,CHI-008,assembly,GCA_034809385.1,https://ftp.ncbi.nlm.nih.gov/genomes/all/GCA/034/809/385/GCA_034809385.1_ASM3480938v1/GCA_034809385.1_ASM3480938v1_genomic.fna.gz,data/raw/assemblies/HPGP_GLOBAL/CHI-008.fna.gz,,,,465537,beaf572e9f24b72a9f6054bf4172bb91bf768998e3dddc163379c3a0e0d249d4,dd85c7c52590ba60ef0a1969a6f6339a,PASS,already_present,2026-08-30T09:17:16+00:00,
HPGP_GLOBAL,CHI-010,assembly,GCA_034701225.1,https://ftp.ncbi.nlm.nih.gov/genomes/all/GCA/034/701/225/GCA_034701225.1_ASM3470122v1/GCA_034701225.1_ASM3470122v1_genomic.fna.gz,data/raw/assemblies/HPGP_GLOBAL/CHI-010.fna.gz,,,,473367,ed0cd697788be1fb066b0f3424e5228cf611717df66079a019ea801513fe1375,e4efca9845875806b495e08016b9a6cd,PASS,already_present,2026-08-30T09:17:16+00:00,
HPGP_GLOBAL,CHI-011,assembly,GCA_034809365.1,https://ftp.ncbi.nlm.nih.gov/genomes/all/GCA/034/809/365/GCA_034809365.1_ASM3480936v1/GCA_034809365.1_ASM3480936v1_genomic.fna.gz,data/raw/assemblies/HPGP_GLOBAL/CHI-011.fna.gz,,,,493738,cd23c89013cb6d7e77d776ae8d29385a33bf6565ec765fb61947edb41defd875,7b75028d563e948803a1e7f1711ce63c,PASS,already_present,2026-08-30T09:17:16+00:00,
HPGP_GLOBAL,CHI-014,assembly,GCA_034809045.1,https://ftp.ncbi.nlm.nih.gov/genomes/all/GCA/034/809/045/GCA_034809045.1_ASM3480904v1/GCA_034809045.1_ASM3480904v1_genomic.fna.gz,data/raw/assemblies/HPGP_GLOBAL/CHI-014.fna.gz,,,,480333,7e7a361d161beff55e4639bad906bd1ecea7757ea64b1c506aa030a4808710a2,6dcd5ba0a44d613d78a05ce54832fdb6,PASS,already_present,2026-08-30T09:17:16+00:00,
HPGP_GLOBAL,CHI-017,assembly,GCA_034806865.1,https://ftp.ncbi.nlm.nih.gov/genomes/all/GCA/034/806/865/GCA_034806865.1_ASM3480686v1/GCA_034806865.1_ASM3480686v1_genomic.fna.gz,data/raw/assemblies/HPGP_GLOBAL/CHI-017.fna.gz,,,,475463,ed0fb045cccac84e3a0da543ed040c86eb63c509237fa230e99e474fc3380a8e,7d3486cbd34353777c552e9600dbfd56,PASS,already_present,2026-08-30T09:17:16+00:00,
HPGP_GLOBAL,CHI-018,assembly,GCA_034806065.1,https://ftp.ncbi.nlm.nih.gov/genomes/all/GCA/034/806/065/GCA_034806065.1_ASM3480606v1/GCA_034806065.1_ASM3480606v1_genomic.fna.gz,data/raw/assemblies/HPGP_GLOBAL/CHI-018.fna.gz,,,,481832,8224588e21f8d3880af85307d3c54263ce25a83cecd201f8d856225f175ebe3b,c9a98bf8b76a99ee1f45fcf67ee91b7c,PASS,already_present,2026-08-30T09:17:16+00:00,
HPGP_GLOBAL,CHI-021,assembly,GCA_034805205.1,https://ftp.ncbi.nlm.nih.gov/genomes/all/GCA/034/805/205/GCA_034805205.1_ASM3480520v1/GCA_034805205.1_ASM3480520v1_genomic.fna.gz,data/raw/assemblies/HPGP_GLOBAL/CHI-021.fna.gz,,,,492161,8b331f4baee3d04a001c21226e3b3246f9ac87074c4a62cf759c8768fcb48f6c,767998757ded92b361e1467aa93577e2,PASS,already_present,2026-08-30T09:17:16+00:00,
HPGP_GLOBAL,CHI-022,assembly,GCA_034672865.1,https://ftp.ncbi.nlm.nih.gov/genomes/all/GCA/034/672/865/GCA_034672865.1_ASM3467286v1/GCA_034672865.1_ASM3467286v1_genomic.fna.gz,data/raw/assemblies/HPGP_GLOBAL/CHI-022.fna.gz,,,,481452,d0a862f8d870ffeb137d07e79f4244a4dcba178ded545a4085fd5db785fc0232,f8c6e259e5afa61bd8122ee02c1ecebd,PASS,already_present,2026-08-30T09:17:16+00:00,
HPGP_GLOBAL,CHI-023,assembly,GCA_034804365.1,https://ftp.ncbi.nlm.nih.gov/genomes/all/GCA/034/804/365/GCA_034804365.1_ASM3480436v1/GCA_034804365.1_ASM3480436v1_genomic.fna.gz,data/raw/assemblies/HPGP_GLOBAL/CHI-023.fna.gz,,,,489283,cc0820a7316f4a05aebebbe2ae326b5df705fe9a5ced62a0f9c45da3af06d38c,88091a6305b6ebf901288d1db224db17,PASS,already_present,2026-08-30T09:17:17+00:00,
HPGP_GLOBAL,CHI-024,assembly,GCA_034803245.1,https://ftp.ncbi.nlm.nih.gov/genomes/all/GCA/034/803/245/GCA_034803245.1_ASM3480324v1/GCA_034803245.1_ASM3480324v1_genomic.fna.gz,data/raw/assemblies/HPGP_GLOBAL/CHI-024.fna.gz,,,,474773,78321c85280cd288460d3b76ff52bdb2f736107c69051b27318ad18561ca6cbd,bf328ba8281bc4f0c0cce43985e2e92c,PASS,already_present,2026-08-30T09:17:17+00:00,
HPGP_GLOBAL,CHI-101,assembly,GCA_034672285.1,https://ftp.ncbi.nlm.nih.gov/genomes/all/GCA/034/672/285/GCA_034672285.1_ASM3467228v1/GCA_034672285.1_ASM3467228v1_genomic.fna.gz,data/raw/assemblies/HPGP_GLOBAL/CHI-101.fna.gz,,,,480604,c6f0077e9b88155b3730351e66e40e5fffb03c3653a4bfd286685b50429f79ee,04e93019b1c350559e54892e74d57cd6,PASS,already_present,2026-08-30T09:17:17+00:00,
HPGP_GLOBAL,CHI-102,assembly,GCA_034799185.1,https://ftp.ncbi.nlm.nih.gov/genomes/all/GCA/034/799/185/GCA_034799185.1_ASM3479918v1/GCA_034799185.1_ASM3479918v1_genomic.fna.gz,data/raw/assemblies/HPGP_GLOBAL/CHI-102.fna.gz,,,,470605,6da33857c43f841da03be88c3de92d81e9ab4566188bdbc90435855f479ef8a4,5725c9a76d34da991ca7e1200171133d,PASS,already_present,2026-08-30T09:17:17+00:00,
HPGP_GLOBAL,CHI-103,assembly,GCA_034671845.1,https://ftp.ncbi.nlm.nih.gov/genomes/all/GCA/034/671/845/GCA_034671845.1_ASM3467184v1/GCA_034671845.1_ASM3467184v1_genomic.fna.gz,data/raw/assemblies/HPGP_GLOBAL/CHI-103.fna.gz,,,,484541,f74a1d64279dd60c2e120919d1e22068ab4f5037b7c95f7615c5e2415b66a8f7,0942f21172a7ec053c569fbc2d48d822,PASS,already_present,2026-08-30T09:17:17+00:00,
HPGP_GLOBAL,CHI-104,assembly,GCA_034798345.1,https://ftp.ncbi.nlm.nih.gov/genomes/all/GCA/034/798/345/GCA_034798345.1_ASM3479834v1/GCA_034798345.1_ASM3479834v1_genomic.fna.gz,data/raw/assemblies/HPGP_GLOBAL/CHI-104.fna.gz,,,,470298,c075c8721854c068c94f18b6e441287c6814b2317f0d960d543fba13e63151ae,64e1f4a316b6689c04d5cff49a2c8b44,PASS,already_present,2026-08-30T09:17:17+00:00,
HPGP_GLOBAL,CHI-106,assembly,GCA_034796585.1,https://ftp.ncbi.nlm.nih.gov/genomes/all/GCA/034/796/585/GCA_034796585.1_ASM3479658v1/GCA_034796585.1_ASM3479658v1_genomic.fna.gz,data/raw/assemblies/HPGP_GLOBAL/CHI-106.fna.gz,,,,465188,8f3fba5716d246a3567e333120cf31a618828251d651babc482507dc14fcacd6,e3f442bd140e3107471172357248c474,PASS,already_present,2026-08-30T09:17:17+00:00,
HPGP_GLOBAL,CHI-107,assembly,GCA_034795745.1,https://ftp.ncbi.nlm.nih.gov/genomes/all/GCA/034/795/745/GCA_034795745.1_ASM3479574v1/GCA_034795745.1_ASM3479574v1_genomic.fna.gz,data/raw/assemblies/HPGP_GLOBAL/CHI-107.fna.gz,,,,485348,c8c2be48bad6a65b14283b73555bcdd860b5a5cf89ad7e32d831c269353779ed,347afc14ad2a3581866d35e0689ab48a,PASS,already_present,2026-08-30T09:17:17+00:00,
HPGP_GLOBAL,CHI-113,assembly,GCA_034795005.1,https://ftp.ncbi.nlm.nih.gov/genomes/all/GCA/034/795/005/GCA_034795005.1_ASM3479500v1/GCA_034795005.1_ASM3479500v1_genomic.fna.gz,data/raw/assemblies/HPGP_GLOBAL/CHI-113.fna.gz,,,,466298,06a7fc523c733763ec13b33fbc885cd24e07480112a135415e6a6d207f9f46c9,36e11f911c8730b4ae7dc603089a9382,PASS,already_present,2026-08-30T09:17:17+00:00,
HPGP_GLOBAL,CHI-114,assembly,GCA_034793895.1,https://ftp.ncbi.nlm.nih.gov/genomes/all/GCA/034/793/895/GCA_034793895.1_ASM3479389v1/GCA_034793895.1_ASM3479389v1_genomic.fna.gz,data/raw/assemblies/HPGP_GLOBAL/CHI-114.fna.gz,,,,485934,f7896dfe6ea51453f95d97fc05c83b2c5e54784bec27fa509a94bc0a8f9ed0c7,f94265ada2ef787072e9f9d4e37b2c76,PASS,already_present,2026-08-30T09:17:17+00:00,
HPGP_GLOBAL,CHI-119,assembly,GCA_034790615.1,https://ftp.ncbi.nlm.nih.gov/genomes/all/GCA/034/790/615/GCA_034790615.1_ASM3479061v1/GCA_034790615.1_ASM3479061v1_genomic.fna.gz,data/raw/assemblies/HPGP_GLOBAL/CHI-119.fna.gz,,,,487594,009a20b80157c77041592f24907efee70a41c047846e175f65298f76efd46dcb,1cadc1ac17ff3f37fa16ba8dd7e00e40,PASS,already_present,2026-08-30T09:17:17+00:00,
HPGP_GLOBAL,CHI-122,assembly,GCA_034788905.1,https://ftp.ncbi.nlm.nih.gov/genomes/all/GCA/034/788/905/GCA_034788905.1_ASM3478890v1/GCA_034788905.1_ASM3478890v1_genomic.fna.gz,data/raw/assemblies/HPGP_GLOBAL/CHI-122.fna.gz,,,,497227,109ffe369cb3f6db44e5985a918e8b9585edab77af98cd7819fe80cd2957aa07,d8b8cd3a60515b5b384390abd0baeff6,PASS,already_present,2026-08-30T09:17:17+00:00,
HPGP_GLOBAL,CHI-123,assembly,GCA_034788045.1,https://ftp.ncbi.nlm.nih.gov/genomes/all/GCA/034/788/045/GCA_034788045.1_ASM3478804v1/GCA_034788045.1_ASM3478804v1_genomic.fna.gz,data/raw/assemblies/HPGP_GLOBAL/CHI-123.fna.gz,,,,479177,7c44c8b0598edb449db525445af4f3508dddbfd0bf0010ea73e267478e7af585,20a400da846e828a78c10f96aefe484c,PASS,already_present,2026-08-30T09:17:17+00:00,
HPGP_GLOBAL,CHI-124,assembly,GCA_034787205.1,https://ftp.ncbi.nlm.nih.gov/genomes/all/GCA/034/787/205/GCA_034787205.1_ASM3478720v1/GCA_034787205.1_ASM3478720v1_genomic.fna.gz,data/raw/assemblies/HPGP_GLOBAL/CHI-124.fna.gz,,,,484855,1b6d296a7e43bdf66f49a17d06084a33d4cabf9913ec3570db7524afc1a7351d,7f145583da07435410a4799dd2123d3e,PASS,already_present,2026-08-30T09:17:17+00:00,
HPGP_GLOBAL,CHI-125,assembly,GCA_034786385.1,https://ftp.ncbi.nlm.nih.gov/genomes/all/GCA/034/786/385/GCA_034786385.1_ASM3478638v1/GCA_034786385.1_ASM3478638v1_genomic.fna.gz,data/raw/assemblies/HPGP_GLOBAL/CHI-125.fna.gz,,,,491104,1df17d2116d8b25bd324c596611e54a1868df9268e7e61d2a0e66abb965250d3,0c4080eb3c4d751754d62be4e026824e,PASS,already_present,2026-08-30T09:17:17+00:00,
HPGP_GLOBAL,CHI-126,assembly,GCA_034785555.1,https://ftp.ncbi.nlm.nih.gov/genomes/all/GCA/034/785/555/GCA_034785555.1_ASM3478555v1/GCA_034785555.1_ASM3478555v1_genomic.fna.gz,data/raw/assemblies/HPGP_GLOBAL/CHI-126.fna.gz,,,,481131,cdeee81dd75b9896a2818cde6109b9d52e55d45521285debc311ca60080346cd,ab36ea20b44dccdfac06b876e03c1872,PASS,already_present,2026-08-30T09:17:17+00:00,
HPGP_GLOBAL,CHI-127,assembly,GCA_034784515.1,https://ftp.ncbi.nlm.nih.gov/genomes/all/GCA/034/784/515/GCA_034784515.1_ASM3478451v1/GCA_034784515.1_ASM3478451v1_genomic.fna.gz,data/raw/assemblies/HPGP_GLOBAL/CHI-127.fna.gz,,,,493617,6fb67bcc90955c4a07b0798936ab50a788f2175f8987e34a71c85b530ba84514,6ab8316f88b41336886ab2ad1e44506d,PASS,already_present,2026-08-30T09:17:17+00:00,
HPGP_GLOBAL,CHN-001,assembly,GCA_034717015.1,https://ftp.ncbi.nlm.nih.gov/genomes/all/GCA/034/717/015/GCA_034717015.1_ASM3471701v1/GCA_034717015.1_ASM3471701v1_genomic.fna.gz,data/raw/assemblies/HPGP_GLOBAL/CHN-001.fna.gz,,,,461558,c15581f88125014834a216516822d454b80190cef01a4bfa59f0865af5c53564,9f37e9a85a7a36c01fea82d61e649aaf,PASS,already_present,2026-08-30T09:17:17+00:00,
HPGP_GLOBAL,CHN-002,assembly,GCA_034715615.1,https://ftp.ncbi.nlm.nih.gov/genomes/all/GCA/034/715/615/GCA_034715615.1_ASM3471561v1/GCA_034715615.1_ASM3471561v1_genomic.fna.gz,data/raw/assemblies/HPGP_GLOBAL/CHN-002.fna.gz,,,,455012,dcda61c812ff4cb4af7abfa267a419688173a3fc88f275caf67390a244bbb9cd,f5c69cfa8ef888546e83e659bfc4c68e,PASS,already_present,2026-08-30T09:17:17+00:00,
HPGP_GLOBAL,CHN-004,assembly,GCA_034713495.1,https://ftp.ncbi.nlm.nih.gov/genomes/all/GCA/034/713/495/GCA_034713495.1_ASM3471349v1/GCA_034713495.1_ASM3471349v1_genomic.fna.gz,data/raw/assemblies/HPGP_GLOBAL/CHN-004.fna.gz,,,,457892,e1a87a6b84b906798b05375facb22c7db63a20353cfd69cc183b251850d527db,c59c7e0c8dadd4e9185a021714db4248,PASS,already_present,2026-08-30T09:17:17+00:00,
HPGP_GLOBAL,CHN-005,assembly,GCA_034712515.1,https://ftp.ncbi.nlm.nih.gov/genomes/all/GCA/034/712/515/GCA_034712515.1_ASM3471251v1/GCA_034712515.1_ASM3471251v1_genomic.fna.gz,data/raw/assemblies/HPGP_GLOBAL/CHN-005.fna.gz,,,,472521,fa6a2eea89fcf9dad66eafa0d7c938c242ba63720a38ca26a885027fc96cc186,797320e3bd244f127a3dc16fa644064c,PASS,already_present,2026-08-30T09:17:17+00:00,
HPGP_GLOBAL,CHN-009,assembly,GCA_034709195.1,https://ftp.ncbi.nlm.nih.gov/genomes/all/GCA/034/709/195/GCA_034709195.1_ASM3470919v1/GCA_034709195.1_ASM3470919v1_genomic.fna.gz,data/raw/assemblies/HPGP_GLOBAL/CHN-009.fna.gz,,,,455971,a4e4a89b4febb75e6cc6fe27c4373f6a94cb276a1d90e82bbbe52cc0821e0add,f28eae5a0bdff1faee076832cf8068a6,PASS,already_present,2026-08-30T09:17:17+00:00,
HPGP_GLOBAL,CHN-010,assembly,GCA_034707895.1,https://ftp.ncbi.nlm.nih.gov/genomes/all/GCA/034/707/895/GCA_034707895.1_ASM3470789v1/GCA_034707895.1_ASM3470789v1_genomic.fna.gz,data/raw/assemblies/HPGP_GLOBAL/CHN-010.fna.gz,,,,472469,479a1e601dac1ed7e6097ae167fe25219ea58185975b8ee1c9696a14350fc92f,d87eadc68820a9151a5b1b11af525c73,PASS,already_present,2026-08-30T09:17:17+00:00,
HPGP_GLOBAL,COL-003,assembly,GCA_034858015.1,https://ftp.ncbi.nlm.nih.gov/genomes/all/GCA/034/858/015/GCA_034858015.1_ASM3485801v1/GCA_034858015.1_ASM3485801v1_genomic.fna.gz,data/raw/assemblies/HPGP_GLOBAL/COL-003.fna.gz,,,,487603,55737068debb2f34bad2604d0e6227430a442a9c2b86168258f0950af72b35c3,2b0fc8040b27d34b1bbeda6470a782fc,PASS,already_present,2026-08-30T09:17:17+00:00,
HPGP_GLOBAL,COL-005,assembly,GCA_034857625.1,https://ftp.ncbi.nlm.nih.gov/genomes/all/GCA/034/857/625/GCA_034857625.1_ASM3485762v1/GCA_034857625.1_ASM3485762v1_genomic.fna.gz,data/raw/assemblies/HPGP_GLOBAL/COL-005.fna.gz,,,,479636,9f201f753e40d01177ce824d3896d6e43eca750f68bc22e60386668b62b90732,b6de792631e9c2188be2c5d8e88a74bc,PASS,already_present,2026-08-30T09:17:17+00:00,
HPGP_GLOBAL,COL-006,assembly,GCA_034857605.1,https://ftp.ncbi.nlm.nih.gov/genomes/all/GCA/034/857/605/GCA_034857605.1_ASM3485760v1/GCA_034857605.1_ASM3485760v1_genomic.fna.gz,data/raw/assemblies/HPGP_GLOBAL/COL-006.fna.gz,,,,480980,a9c75165125d8b560856e819dad023e94fdaafa38fe374d162bdb069d1c2cbd9,dd0d44c2a29a2dc102f17f085f7ecdc0,PASS,already_present,2026-08-30T09:17:17+00:00,
HPGP_GLOBAL,COL-008,assembly,GCA_034857585.1,https://ftp.ncbi.nlm.nih.gov/genomes/all/GCA/034/857/585/GCA_034857585.1_ASM3485758v1/GCA_034857585.1_ASM3485758v1_genomic.fna.gz,data/raw/assemblies/HPGP_GLOBAL/COL-008.fna.gz,,,,480792,aee14dea5094d3b871d931ff0235036dd2855a6596257036c37ab664b1ef5ff4,8948382e028e60a3f7271311f1a61635,PASS,already_present,2026-08-30T09:17:17+00:00,
HPGP_GLOBAL,CRI-001,assembly,GCA_034809765.1,https://ftp.ncbi.nlm.nih.gov/genomes/all/GCA/034/809/765/GCA_034809765.1_ASM3480976v1/GCA_034809765.1_ASM3480976v1_genomic.fna.gz,data/raw/assemblies/HPGP_GLOBAL/CRI-001.fna.gz,,,,479610,1b483821134d737301e5646c65ecd063d612adc882c45c211655b4d25138e3f4,cef71ef9c0ee3ab27f3c70cc5d111e9f,PASS,already_present,2026-08-30T09:17:17+00:00,
HPGP_GLOBAL,CRI-002,assembly,GCA_034809745.1,https://ftp.ncbi.nlm.nih.gov/genomes/all/GCA/034/809/745/GCA_034809745.1_ASM3480974v1/GCA_034809745.1_ASM3480974v1_genomic.fna.gz,data/raw/assemblies/HPGP_GLOBAL/CRI-002.fna.gz,,,,491667,931156866260beb7e7abcbf81063c7e07dc87495f33101b46601cbeb27ece629,14effd7fd55ef419b8e63eb8d62b5b84,PASS,already_present,2026-08-30T09:17:17+00:00,
HPGP_GLOBAL,CRI-004,assembly,GCA_034809705.1,https://ftp.ncbi.nlm.nih.gov/genomes/all/GCA/034/809/705/GCA_034809705.1_ASM3480970v1/GCA_034809705.1_ASM3480970v1_genomic.fna.gz,data/raw/assemblies/HPGP_GLOBAL/CRI-004.fna.gz,,,,476366,3f5a623a07939efef41d4b52cd7e1b33734351aa4f3a21b6995470f1a8eeea8e,4be42163df42f64a80fecded897e4596,PASS,already_present,2026-08-30T09:17:17+00:00,
HPGP_GLOBAL,CRI-005,assembly,GCA_034809685.1,https://ftp.ncbi.nlm.nih.gov/genomes/all/GCA/034/809/685/GCA_034809685.1_ASM3480968v1/GCA_034809685.1_ASM3480968v1_genomic.fna.gz,data/raw/assemblies/HPGP_GLOBAL/CRI-005.fna.gz,,,,501387,50ec766dec63c33d7e11006ad851057dbac98f9edc80844f9830b689ca3819db,1fa60607ad34b85d049c07d6d994c21c,PASS,already_present,2026-08-30T09:17:17+00:00,
HPGP_GLOBAL,CRI-006,assembly,GCA_034809665.1,https://ftp.ncbi.nlm.nih.gov/genomes/all/GCA/034/809/665/GCA_034809665.1_ASM3480966v1/GCA_034809665.1_ASM3480966v1_genomic.fna.gz,data/raw/assemblies/HPGP_GLOBAL/CRI-006.fna.gz,,,,483959,9726bfaa7fe8b5442d09a9babc50b820f7843b5587ca51e24aeed4a5ebffd750,788c46ee966fe3ad87579ccfd1bf1b4a,PASS,already_present,2026-08-30T09:17:17+00:00,
HPGP_GLOBAL,FRA-001,assembly,GCA_035186245.1,https://ftp.ncbi.nlm.nih.gov/genomes/all/GCA/035/186/245/GCA_035186245.1_ASM3518624v1/GCA_035186245.1_ASM3518624v1_genomic.fna.gz,data/raw/assemblies/HPGP_GLOBAL/FRA-001.fna.gz,,,,497441,1ce0b5fcc3314f7e8e66838fee33a6c75c80f41844fa652622e645592c1eab69,7005b83726da549f524fdd5063699ea0,PASS,already_present,2026-08-30T09:17:17+00:00,
HPGP_GLOBAL,FRA-002,assembly,GCA_035185585.1,https://ftp.ncbi.nlm.nih.gov/genomes/all/GCA/035/185/585/GCA_035185585.1_ASM3518558v1/GCA_035185585.1_ASM3518558v1_genomic.fna.gz,data/raw/assemblies/HPGP_GLOBAL/FRA-002.fna.gz,,,,477120,59d5cf410b3c0863087ccfc1e8139f378627a25247d33ae57b03e71b9ccc23fe,937d00f71b5ca8deeaf6f84f26b6c6ed,PASS,already_present,2026-08-30T09:17:17+00:00,
HPGP_GLOBAL,FRA-003,assembly,GCA_035182685.1,https://ftp.ncbi.nlm.nih.gov/genomes/all/GCA/035/182/685/GCA_035182685.1_ASM3518268v1/GCA_035182685.1_ASM3518268v1_genomic.fna.gz,data/raw/assemblies/HPGP_GLOBAL/FRA-003.fna.gz,,,,462777,153da0e739bd0d82b1a988ddda00dd428fd924d51b5224698133859321a8d585,f3e5dd6186ad6072c8fc05697a1fb3e0,PASS,already_present,2026-08-30T09:17:17+00:00,
HPGP_GLOBAL,FRA-004,assembly,GCA_035183845.1,https://ftp.ncbi.nlm.nih.gov/genomes/all/GCA/035/183/845/GCA_035183845.1_ASM3518384v1/GCA_035183845.1_ASM3518384v1_genomic.fna.gz,data/raw/assemblies/HPGP_GLOBAL/FRA-004.fna.gz,,,,459447,07208df2512d7f9b3f295d251d277cc2e767610e5b73d383acb5bf2fe346df14,1df47c2ff86f3c93615d30dc4d3fb7f1,PASS,already_present,2026-08-30T09:17:17+00:00,
HPGP_GLOBAL,FRA-005,assembly,GCA_035185565.1,https://ftp.ncbi.nlm.nih.gov/genomes/all/GCA/035/185/565/GCA_035185565.1_ASM3518556v1/GCA_035185565.1_ASM3518556v1_genomic.fna.gz,data/raw/assemblies/HPGP_GLOBAL/FRA-005.fna.gz,,,,466884,c9c975edbf62ce384ec4d82d417aa49ea161b1a99aecbbf91b1c088f0f785205,c8105383bf2d2c6363470ce36193b8c7,PASS,already_present,2026-08-30T09:17:17+00:00,
HPGP_GLOBAL,FRA-006,assembly,GCA_035185545.1,https://ftp.ncbi.nlm.nih.gov/genomes/all/GCA/035/185/545/GCA_035185545.1_ASM3518554v1/GCA_035185545.1_ASM3518554v1_genomic.fna.gz,data/raw/assemblies/HPGP_GLOBAL/FRA-006.fna.gz,,,,455400,62fd4cb26d8783881a4ce0c2c3c3bd61c9df89943ae6380dc7bac85e56578e0c,8f9fcaf5bd7680823e157c3c67c4e1fa,PASS,already_present,2026-08-30T09:17:17+00:00,
HPGP_GLOBAL,FRA-007,assembly,GCA_035185525.1,https://ftp.ncbi.nlm.nih.gov/genomes/all/GCA/035/185/525/GCA_035185525.1_ASM3518552v1/GCA_035185525.1_ASM3518552v1_genomic.fna.gz,data/raw/assemblies/HPGP_GLOBAL/FRA-007.fna.gz,,,,496422,48034b9cfc22cf9df9421d8766881dc0ffdcab5df4457c6eab5c6bb54c0fe642,fcbd3d0c3ba8cf066efc47f0dacd6715,PASS,already_present,2026-08-30T09:17:17+00:00,
HPGP_GLOBAL,FRA-008,assembly,GCA_035185505.1,https://ftp.ncbi.nlm.nih.gov/genomes/all/GCA/035/185/505/GCA_035185505.1_ASM3518550v1/GCA_035185505.1_ASM3518550v1_genomic.fna.gz,data/raw/assemblies/HPGP_GLOBAL/FRA-008.fna.gz,,,,455098,25627f782f534989bc5375721ce3504241c8e84ca6f15ad8991f8897581c7a3a,dd2b677952611e25a6c198ddeed3de15,PASS,already_present,2026-08-30T09:17:17+00:00,
HPGP_GLOBAL,FRA-009,assembly,GCA_035185485.1,https://ftp.ncbi.nlm.nih.gov/genomes/all/GCA/035/185/485/GCA_035185485.1_ASM3518548v1/GCA_035185485.1_ASM3518548v1_genomic.fna.gz,data/raw/assemblies/HPGP_GLOBAL/FRA-009.fna.gz,,,,463545,c8dc9fb4dedc269cc5b2231c039f18c03c2dd7ddf3f6e3dc756cf235ab161db8,2d12428be5fdb5888dfe1d9ef98fd227,PASS,already_present,2026-08-30T09:17:17+00:00,
HPGP_GLOBAL,FRA-010,assembly,GCA_035185465.1,https://ftp.ncbi.nlm.nih.gov/genomes/all/GCA/035/185/465/GCA_035185465.1_ASM3518546v1/GCA_035185465.1_ASM3518546v1_genomic.fna.gz,data/raw/assemblies/HPGP_GLOBAL/FRA-010.fna.gz,,,,455645,9aae784f357469f4d150788b1169e3f850cc277d6b4e0b1d3a2b35cdbc2e33fd,6a6490f23f045442e0bb8493034abd28,PASS,already_present,2026-08-30T09:17:17+00:00,
HPGP_GLOBAL,FRA-011,assembly,GCA_035185445.1,https://ftp.ncbi.nlm.nih.gov/genomes/all/GCA/035/185/445/GCA_035185445.1_ASM3518544v1/GCA_035185445.1_ASM3518544v1_genomic.fna.gz,data/raw/assemblies/HPGP_GLOBAL/FRA-011.fna.gz,,,,470926,ca627d4642ff47cbe794de0f3bf4cb0ebe937079ac686fde02a91f9a46927bca,2d92eb70d3d42d48e9c175c6fcebfe6a,PASS,already_present,2026-08-30T09:17:17+00:00,
HPGP_GLOBAL,FRA-012,assembly,GCA_035185425.1,https://ftp.ncbi.nlm.nih.gov/genomes/all/GCA/035/185/425/GCA_035185425.1_ASM3518542v1/GCA_035185425.1_ASM3518542v1_genomic.fna.gz,data/raw/assemblies/HPGP_GLOBAL/FRA-012.fna.gz,,,,474427,f5d61676d7dc0590eca7a4de1404ecc4d45412612a39ac93269b4133fb4df529,c5764ff0d0cc86b0d738288a15bce9c0,PASS,already_present,2026-08-30T09:17:17+00:00,
HPGP_GLOBAL,FRA-013,assembly,GCA_035185405.1,https://ftp.ncbi.nlm.nih.gov/genomes/all/GCA/035/185/405/GCA_035185405.1_ASM3518540v1/GCA_035185405.1_ASM3518540v1_genomic.fna.gz,data/raw/assemblies/HPGP_GLOBAL/FRA-013.fna.gz,,,,465375,7fcf23095b9c96eb8fd6ef79bbd079de583ab296b6917135bf0e3d77b3157bef,2bcc482f7498dad9cc15014d9109e3cc,PASS,already_present,2026-08-30T09:17:17+00:00,
HPGP_GLOBAL,FRA-014,assembly,GCA_035185385.1,https://ftp.ncbi.nlm.nih.gov/genomes/all/GCA/035/185/385/GCA_035185385.1_ASM3518538v1/GCA_035185385.1_ASM3518538v1_genomic.fna.gz,data/raw/assemblies/HPGP_GLOBAL/FRA-014.fna.gz,,,,477256,4a7a5e29972798e03fefe077479889068cf1b2831135bdd4448971970c176693,84b139dbf99a2375567295464081a338,PASS,already_present,2026-08-30T09:17:17+00:00,
HPGP_GLOBAL,FRA-015,assembly,GCA_035183905.1,https://ftp.ncbi.nlm.nih.gov/genomes/all/GCA/035/183/905/GCA_035183905.1_ASM3518390v1/GCA_035183905.1_ASM3518390v1_genomic.fna.gz,data/raw/assemblies/HPGP_GLOBAL/FRA-015.fna.gz,,,,482699,11f31f6a09b1c84b3dc1f5c9369866da16e1a1693b255fdd507fc13fef745b9f,be4d5a73a8bbdac862b3641f2de571ea,PASS,already_present,2026-08-30T09:17:17+00:00,
HPGP_GLOBAL,FRA-016,assembly,GCA_035185365.1,https://ftp.ncbi.nlm.nih.gov/genomes/all/GCA/035/185/365/GCA_035185365.1_ASM3518536v1/GCA_035185365.1_ASM3518536v1_genomic.fna.gz,data/raw/assemblies/HPGP_GLOBAL/FRA-016.fna.gz,,,,472588,69b0ad73705541a9dfda75662c3e266eacd722357b9a2925f85d568f2f9216da,ce731cc1e7e4628fbd48f95c9a103134,PASS,already_present,2026-08-30T09:17:17+00:00,
HPGP_GLOBAL,FRA-017,assembly,GCA_035185345.1,https://ftp.ncbi.nlm.nih.gov/genomes/all/GCA/035/185/345/GCA_035185345.1_ASM3518534v1/GCA_035185345.1_ASM3518534v1_genomic.fna.gz,data/raw/assemblies/HPGP_GLOBAL/FRA-017.fna.gz,,,,476388,a8b8b252b83b2d5e97ac1d48f78df3d1b4fb0da91d017f4d0a242c1c96593c17,d296c0f9677c7647bd06dc2a1446a9d0,PASS,already_present,2026-08-30T09:17:17+00:00,
HPGP_GLOBAL,FRA-018,assembly,GCA_035182665.1,https://ftp.ncbi.nlm.nih.gov/genomes/all/GCA/035/182/665/GCA_035182665.1_ASM3518266v1/GCA_035182665.1_ASM3518266v1_genomic.fna.gz,data/raw/assemblies/HPGP_GLOBAL/FRA-018.fna.gz,,,,477903,925bb9344236987721f0d98347fb039b36084523ed91998872d5a45997b1189a,6565bd86ba3c26a4f47fd9e3d72d7cdf,PASS,already_present,2026-08-30T09:17:17+00:00,
HPGP_GLOBAL,FRA-019,assembly,GCA_035184985.1,https://ftp.ncbi.nlm.nih.gov/genomes/all/GCA/035/184/985/GCA_035184985.1_ASM3518498v1/GCA_035184985.1_ASM3518498v1_genomic.fna.gz,data/raw/assemblies/HPGP_GLOBAL/FRA-019.fna.gz,,,,475408,365bec9dbf73794594142b98973eac080a28b2ecb889f06c49095872ced5c887,06174c49a20537453affa0ce9ac576a3,PASS,already_present,2026-08-30T09:17:17+00:00,
HPGP_GLOBAL,FRA-020,assembly,GCA_035184965.1,https://ftp.ncbi.nlm.nih.gov/genomes/all/GCA/035/184/965/GCA_035184965.1_ASM3518496v1/GCA_035184965.1_ASM3518496v1_genomic.fna.gz,data/raw/assemblies/HPGP_GLOBAL/FRA-020.fna.gz,,,,469032,bdf1270c8cb098ffff577de2a80a323fd68379941e26f8ac3548e22ffd733b50,5518a6aa9528936c3ff202ba7c7da4d0,PASS,already_present,2026-08-30T09:17:17+00:00,
HPGP_GLOBAL,FRA-021,assembly,GCA_035182645.1,https://ftp.ncbi.nlm.nih.gov/genomes/all/GCA/035/182/645/GCA_035182645.1_ASM3518264v1/GCA_035182645.1_ASM3518264v1_genomic.fna.gz,data/raw/assemblies/HPGP_GLOBAL/FRA-021.fna.gz,,,,465877,3b2210a59203cdd861b38c3d196ab2b19725dc166d141e71fe6bd259ce803ef6,3553a711d35034b8fdd5fbebbe3f30d2,PASS,already_present,2026-08-30T09:17:17+00:00,
HPGP_GLOBAL,GER-004,assembly,GCA_035182565.1,https://ftp.ncbi.nlm.nih.gov/genomes/all/GCA/035/182/565/GCA_035182565.1_ASM3518256v1/GCA_035182565.1_ASM3518256v1_genomic.fna.gz,data/raw/assemblies/HPGP_GLOBAL/GER-004.fna.gz,,,,472326,d269710c689838e3b9cdc22330aaee3636c86ff2b151f835d62a8cbf3d4f4414,c376a61c7b8a4173b26f389fda467019,PASS,already_present,2026-08-30T09:17:17+00:00,
HPGP_GLOBAL,GER-005,assembly,GCA_035182545.1,https://ftp.ncbi.nlm.nih.gov/genomes/all/GCA/035/182/545/GCA_035182545.1_ASM3518254v1/GCA_035182545.1_ASM3518254v1_genomic.fna.gz,data/raw/assemblies/HPGP_GLOBAL/GER-005.fna.gz,,,,465362,c106bab8f15de57fae54c28245d023d96b9d49ee4f826c62a52f45ddb910c8b3,4fa6142a7a432e04f17de2b2180f199e,PASS,already_present,2026-08-30T09:17:17+00:00,
HPGP_GLOBAL,GER-006,assembly,GCA_035182525.1,https://ftp.ncbi.nlm.nih.gov/genomes/all/GCA/035/182/525/GCA_035182525.1_ASM3518252v1/GCA_035182525.1_ASM3518252v1_genomic.fna.gz,data/raw/assemblies/HPGP_GLOBAL/GER-006.fna.gz,,,,446273,005cd6f2dc99bffa7e3df735137132309d4d496900cb2a00744c34d826dd3c07,ce03792724f470afd4f1880aae619d87,PASS,already_present,2026-08-30T09:17:17+00:00,
HPGP_GLOBAL,GER-010,assembly,GCA_035182465.1,https://ftp.ncbi.nlm.nih.gov/genomes/all/GCA/035/182/465/GCA_035182465.1_ASM3518246v1/GCA_035182465.1_ASM3518246v1_genomic.fna.gz,data/raw/assemblies/HPGP_GLOBAL/GER-010.fna.gz,,,,469002,22f5172d93c20119c0266cfebc5372e514619fc3a4d3eb8bd8cbeb4deb30df57,ec13ae5869d34b5401d5152339420222,PASS,already_present,2026-08-30T09:17:17+00:00,
HPGP_GLOBAL,GER-012,assembly,GCA_035182445.1,https://ftp.ncbi.nlm.nih.gov/genomes/all/GCA/035/182/445/GCA_035182445.1_ASM3518244v1/GCA_035182445.1_ASM3518244v1_genomic.fna.gz,data/raw/assemblies/HPGP_GLOBAL/GER-012.fna.gz,,,,488268,71e8df995f0a8ee48d310d3756f0b01cbbd21707c31fce4b34449e16f160fac3,acc0f3921c10dafe8f445da776ac11f7,PASS,already_present,2026-08-30T09:17:17+00:00,
HPGP_GLOBAL,GER-013,assembly,GCA_035182425.1,https://ftp.ncbi.nlm.nih.gov/genomes/all/GCA/035/182/425/GCA_035182425.1_ASM3518242v1/GCA_035182425.1_ASM3518242v1_genomic.fna.gz,data/raw/assemblies/HPGP_GLOBAL/GER-013.fna.gz,,,,466623,34c8f906ab6cbd914b56df1f5046776fa0405f822cb321b06eb0123ecc71ee9b,fa3f9e5e392450918b2802ec55c1ce50,PASS,already_present,2026-08-30T09:17:17+00:00,
HPGP_GLOBAL,GER-015,assembly,GCA_035182405.1,https://ftp.ncbi.nlm.nih.gov/genomes/all/GCA/035/182/405/GCA_035182405.1_ASM3518240v1/GCA_035182405.1_ASM3518240v1_genomic.fna.gz,data/raw/assemblies/HPGP_GLOBAL/GER-015.fna.gz,,,,486984,fe799cc4cd941583d42834e05dc290b6f9a12dff25b544e02f8c673423128e65,56ebe08a53aaa6cb4d568240b41110c0,PASS,already_present,2026-08-30T09:17:17+00:00,
HPGP_GLOBAL,GER-018,assembly,GCA_035182365.1,https://ftp.ncbi.nlm.nih.gov/genomes/all/GCA/035/182/365/GCA_035182365.1_ASM3518236v1/GCA_035182365.1_ASM3518236v1_genomic.fna.gz,data/raw/assemblies/HPGP_GLOBAL/GER-018.fna.gz,,,,466144,4b4868f5392c81b5b2e3af2431351fa3e69e075fecc0ef0281273c83ef7f78c6,223066ddef3015ffa47d37a8866f08e2,PASS,downloaded,2026-08-30T09:17:47+00:00,
HPGP_GLOBAL,GER-019,assembly,GCA_035182345.1,https://ftp.ncbi.nlm.nih.gov/genomes/all/GCA/035/182/345/GCA_035182345.1_ASM3518234v1/GCA_035182345.1_ASM3518234v1_genomic.fna.gz,data/raw/assemblies/HPGP_GLOBAL/GER-019.fna.gz,,,,462598,7257fe7de1208ec9948da729a799db683c93575be21c95f60229d3c22a832836,45842f88ce6d1b63459a2ea0146e38c0,PASS,already_present,2026-08-30T09:17:17+00:00,
HPGP_GLOBAL,GER-021,assembly,GCA_035182305.1,https://ftp.ncbi.nlm.nih.gov/genomes/all/GCA/035/182/305/GCA_035182305.1_ASM3518230v1/GCA_035182305.1_ASM3518230v1_genomic.fna.gz,data/raw/assemblies/HPGP_GLOBAL/GER-021.fna.gz,,,,474434,f88c760aa011fddc1e36b9102da203e8fb022d4c72c72b3e9a9a58bc6f3fbf03,78c7098ba7f493f012b24d805220d876,PASS,already_present,2026-08-30T09:17:17+00:00,
HPGP_GLOBAL,GMB-004,assembly,GCA_035182225.1,https://ftp.ncbi.nlm.nih.gov/genomes/all/GCA/035/182/225/GCA_035182225.1_ASM3518222v1/GCA_035182225.1_ASM3518222v1_genomic.fna.gz,data/raw/assemblies/HPGP_GLOBAL/GMB-004.fna.gz,,,,473543,7fc9288b5f7d5d50a0c1e3903bdc313301464030a8835dff2c5dcb4e3acfc434,12552cd96e182fc11bc2596da55be47c,PASS,already_present,2026-08-30T09:17:17+00:00,
HPGP_GLOBAL,GMB-007,assembly,GCA_035182205.1,https://ftp.ncbi.nlm.nih.gov/genomes/all/GCA/035/182/205/GCA_035182205.1_ASM3518220v1/GCA_035182205.1_ASM3518220v1_genomic.fna.gz,data/raw/assemblies/HPGP_GLOBAL/GMB-007.fna.gz,,,,486134,f7afd684822083c6591384fe9dd4cd0726814a1c7b7ecbd851a6d6cfe2879290,8f92bdd2942041ba10cb24ee270125a5,PASS,already_present,2026-08-30T09:17:17+00:00,
HPGP_GLOBAL,GMB-008,assembly,GCA_035182185.1,https://ftp.ncbi.nlm.nih.gov/genomes/all/GCA/035/182/185/GCA_035182185.1_ASM3518218v1/GCA_035182185.1_ASM3518218v1_genomic.fna.gz,data/raw/assemblies/HPGP_GLOBAL/GMB-008.fna.gz,,,,487045,d5a8fd92e9aca6e50faf11b261bb36b80207c36312568b4eccd7c8216a135878,fdece038430265e5404fb437010b59a2,PASS,already_present,2026-08-30T09:17:17+00:00,
HPGP_GLOBAL,GMB-009,assembly,GCA_035182165.1,https://ftp.ncbi.nlm.nih.gov/genomes/all/GCA/035/182/165/GCA_035182165.1_ASM3518216v1/GCA_035182165.1_ASM3518216v1_genomic.fna.gz,data/raw/assemblies/HPGP_GLOBAL/GMB-009.fna.gz,,,,464406,fff5b5c638501ecb6fe7b0a4f2729a15f74f8a0d864f209c3f2f9ea2218c0bb4,386637986804d3b254d33939eec8795c,PASS,already_present,2026-08-30T09:17:17+00:00,
HPGP_GLOBAL,GRE-001,assembly,GCA_035184945.1,https://ftp.ncbi.nlm.nih.gov/genomes/all/GCA/035/184/945/GCA_035184945.1_ASM3518494v1/GCA_035184945.1_ASM3518494v1_genomic.fna.gz,data/raw/assemblies/HPGP_GLOBAL/GRE-001.fna.gz,,,,478644,4655a7b4b0e5f4dbc68617ac329592daa03fab10704e18e10fb6885ae7a1a8c1,1fd8af314680dabbf5a3f043394a0262,PASS,already_present,2026-08-30T09:17:17+00:00,
HPGP_GLOBAL,GRE-003,assembly,GCA_035184905.1,https://ftp.ncbi.nlm.nih.gov/genomes/all/GCA/035/184/905/GCA_035184905.1_ASM3518490v1/GCA_035184905.1_ASM3518490v1_genomic.fna.gz,data/raw/assemblies/HPGP_GLOBAL/GRE-003.fna.gz,,,,470494,849f0528c4765ce5f9a678452a3c4d419e8387bbd3cd0f6658766a59f88db94f,35f5d56335805d378db3b574557b9a54,PASS,already_present,2026-08-30T09:17:17+00:00,
HPGP_GLOBAL,GRE-004,assembly,GCA_035184885.1,https://ftp.ncbi.nlm.nih.gov/genomes/all/GCA/035/184/885/GCA_035184885.1_ASM3518488v1/GCA_035184885.1_ASM3518488v1_genomic.fna.gz,data/raw/assemblies/HPGP_GLOBAL/GRE-004.fna.gz,,,,458217,7c508ca7b8a1af999774762e47cb77f0418c86e28b325ceb7427d1a71c7c105d,3fa7ca9581d4bd3dbd1d45dcab956597,PASS,already_present,2026-08-30T09:17:17+00:00,
HPGP_GLOBAL,GRE-008,assembly,GCA_035183865.1,https://ftp.ncbi.nlm.nih.gov/genomes/all/GCA/035/183/865/GCA_035183865.1_ASM3518386v1/GCA_035183865.1_ASM3518386v1_genomic.fna.gz,data/raw/assemblies/HPGP_GLOBAL/GRE-008.fna.gz,,,,482904,86364296bbe8fe4beeadd26e46c9c2edb33f65691f8ad52ab804efc8cf16b630,1e41c5dc8b6b24ae24dc56f361f4a176,PASS,already_present,2026-08-30T09:17:17+00:00,
HPGP_GLOBAL,GRE-012,assembly,GCA_035184805.1,https://ftp.ncbi.nlm.nih.gov/genomes/all/GCA/035/184/805/GCA_035184805.1_ASM3518480v1/GCA_035184805.1_ASM3518480v1_genomic.fna.gz,data/raw/assemblies/HPGP_GLOBAL/GRE-012.fna.gz,,,,458811,0cc137aaa764a3e5f3f56eabb98977e6c7f12513c725f8eaf56f9b8a73f40218,f7084fb3e60f1b00f8c64bddaec81991,PASS,already_present,2026-08-30T09:17:17+00:00,
HPGP_GLOBAL,GRE-019,assembly,GCA_035184785.1,https://ftp.ncbi.nlm.nih.gov/genomes/all/GCA/035/184/785/GCA_035184785.1_ASM3518478v1/GCA_035184785.1_ASM3518478v1_genomic.fna.gz,data/raw/assemblies/HPGP_GLOBAL/GRE-019.fna.gz,,,,483291,629f9953b769cdf1757c3f2e9e852a70bbe8f195f3e9fb799d8009c34563e2e9,2c5da219d38e4800d9f4710d5ba6fd50,PASS,already_present,2026-08-30T09:17:17+00:00,
HPGP_GLOBAL,GRE-020,assembly,GCA_035184725.1,https://ftp.ncbi.nlm.nih.gov/genomes/all/GCA/035/184/725/GCA_035184725.1_ASM3518472v1/GCA_035184725.1_ASM3518472v1_genomic.fna.gz,data/raw/assemblies/HPGP_GLOBAL/GRE-020.fna.gz,,,,460314,6fd111a80496d9be9e223944dcb675ab7ebf2fcf120008ccc2d24c41936b9d36,823490be44226f467963c675f16421a9,PASS,already_present,2026-08-30T09:17:17+00:00,
HPGP_GLOBAL,GRE-041,assembly,GCA_035182065.1,https://ftp.ncbi.nlm.nih.gov/genomes/all/GCA/035/182/065/GCA_035182065.1_ASM3518206v1/GCA_035182065.1_ASM3518206v1_genomic.fna.gz,data/raw/assemblies/HPGP_GLOBAL/GRE-041.fna.gz,,,,470436,308e8a76c45e8f192047dc179ff886eb0857368cf68a43e2f2de697feed166e3,884b637bfd219daeb6653aa753c2fc73,PASS,already_present,2026-08-30T09:17:17+00:00,
HPGP_GLOBAL,GRE-044,assembly,GCA_035182005.1,https://ftp.ncbi.nlm.nih.gov/genomes/all/GCA/035/182/005/GCA_035182005.1_ASM3518200v1/GCA_035182005.1_ASM3518200v1_genomic.fna.gz,data/raw/assemblies/HPGP_GLOBAL/GRE-044.fna.gz,,,,488051,0b7f0ffa3118d7ee20a4a724766e50330846e0d12ff73f0489f1dd1cdc660d47,e7522f8a8536a046835ed6b70f59c426,PASS,already_present,2026-08-30T09:17:17+00:00,
HPGP_GLOBAL,GRE-046,assembly,GCA_035181985.1,https://ftp.ncbi.nlm.nih.gov/genomes/all/GCA/035/181/985/GCA_035181985.1_ASM3518198v1/GCA_035181985.1_ASM3518198v1_genomic.fna.gz,data/raw/assemblies/HPGP_GLOBAL/GRE-046.fna.gz,,,,470327,ad61bf095714146419b807aaf744bd25c826dbe4bc8a3baa10ba853170c6b247,0cd00b6a861e36e88bed4df538a6227d,PASS,already_present,2026-08-30T09:17:17+00:00,
HPGP_GLOBAL,GTM-004,assembly,GCA_035183885.1,https://ftp.ncbi.nlm.nih.gov/genomes/all/GCA/035/183/885/GCA_035183885.1_ASM3518388v1/GCA_035183885.1_ASM3518388v1_genomic.fna.gz,data/raw/assemblies/HPGP_GLOBAL/GTM-004.fna.gz,,,,494534,e424862bff429f30a5ed7eb64f75be3611282fe04820a0079a5e19734e83f4c8,06e4eaa4ca7f0dfc7cfdefc69fd7586b,PASS,already_present,2026-08-30T09:17:17+00:00,
HPGP_GLOBAL,GTM-010,assembly,GCA_035181945.1,https://ftp.ncbi.nlm.nih.gov/genomes/all/GCA/035/181/945/GCA_035181945.1_ASM3518194v1/GCA_035181945.1_ASM3518194v1_genomic.fna.gz,data/raw/assemblies/HPGP_GLOBAL/GTM-010.fna.gz,,,,479047,ab9dbdbf2aefe688818860a76bff9a108299d27900fd046c24eb9e4ec0f925c1,804ab08697283b19e08ca56b926ad47c,PASS,already_present,2026-08-30T09:17:17+00:00,
HPGP_GLOBAL,HON-003,assembly,GCA_035184645.1,https://ftp.ncbi.nlm.nih.gov/genomes/all/GCA/035/184/645/GCA_035184645.1_ASM3518464v1/GCA_035184645.1_ASM3518464v1_genomic.fna.gz,data/raw/assemblies/HPGP_GLOBAL/HON-003.fna.gz,,,,486901,71a04785b924be39a98f3e7a7af6702b5bd67c53942637cf29ecb92c3fe7168d,0b272040c2b8b03506af6e4c7523b29b,PASS,already_present,2026-08-30T09:17:17+00:00,
HPGP_GLOBAL,HON-004,assembly,GCA_035184625.1,https://ftp.ncbi.nlm.nih.gov/genomes/all/GCA/035/184/625/GCA_035184625.1_ASM3518462v1/GCA_035184625.1_ASM3518462v1_genomic.fna.gz,data/raw/assemblies/HPGP_GLOBAL/HON-004.fna.gz,,,,471691,47705bdb667a5af9163f575a67330c1899df146293e5f98108c615b8b5abf65a,2a887ca99d684b8c9f4d12a0f3be4157,PASS,already_present,2026-08-30T09:17:17+00:00,
HPGP_GLOBAL,HON-005,assembly,GCA_035184605.1,https://ftp.ncbi.nlm.nih.gov/genomes/all/GCA/035/184/605/GCA_035184605.1_ASM3518460v1/GCA_035184605.1_ASM3518460v1_genomic.fna.gz,data/raw/assemblies/HPGP_GLOBAL/HON-005.fna.gz,,,,482124,7f4fa734cf4ec6be2341130ff7ea4bcf53b1d5072da25609a4dd34a83d1d92f7,5d68536cc1f2182c6f341d8e8d543e17,PASS,already_present,2026-08-30T09:17:17+00:00,
HPGP_GLOBAL,HON-006,assembly,GCA_035184585.1,https://ftp.ncbi.nlm.nih.gov/genomes/all/GCA/035/184/585/GCA_035184585.1_ASM3518458v1/GCA_035184585.1_ASM3518458v1_genomic.fna.gz,data/raw/assemblies/HPGP_GLOBAL/HON-006.fna.gz,,,,479905,439b06cf35bbfae6d96ee6abfd6b893492313fb68df9840c3d7c9c4687369ea5,f1193c31e5af629601a55a09da230f30,PASS,already_present,2026-08-30T09:17:17+00:00,
HPGP_GLOBAL,HON-007,assembly,GCA_035184565.1,https://ftp.ncbi.nlm.nih.gov/genomes/all/GCA/035/184/565/GCA_035184565.1_ASM3518456v1/GCA_035184565.1_ASM3518456v1_genomic.fna.gz,data/raw/assemblies/HPGP_GLOBAL/HON-007.fna.gz,,,,486446,93f99dff5151544ed1d901479df08ce6416d30674dba372c7684534dcad776d4,e3e415163af4e383217030945d9e41e0,PASS,already_present,2026-08-30T09:17:17+00:00,
HPGP_GLOBAL,HON-009,assembly,GCA_035184545.1,https://ftp.ncbi.nlm.nih.gov/genomes/all/GCA/035/184/545/GCA_035184545.1_ASM3518454v1/GCA_035184545.1_ASM3518454v1_genomic.fna.gz,data/raw/assemblies/HPGP_GLOBAL/HON-009.fna.gz,,,,470386,c10b8d2125196dee97cb5a55ec7f838be1ff285e94e623b2d8176bd18fd10b0b,70708f96644d8758eefeb26edf764c93,PASS,already_present,2026-08-30T09:17:17+00:00,
HPGP_GLOBAL,HON-015,assembly,GCA_035184425.1,https://ftp.ncbi.nlm.nih.gov/genomes/all/GCA/035/184/425/GCA_035184425.1_ASM3518442v1/GCA_035184425.1_ASM3518442v1_genomic.fna.gz,data/raw/assemblies/HPGP_GLOBAL/HON-015.fna.gz,,,,465266,a71a5cec95c22ef1c10869342de37d734bd1c4d2d2fe9ded7ba5eefa5fadf6f1,5375d98b0115cdc9549aa2e7cf7b492e,PASS,already_present,2026-08-30T09:17:17+00:00,
HPGP_GLOBAL,HON-017,assembly,GCA_035184385.1,https://ftp.ncbi.nlm.nih.gov/genomes/all/GCA/035/184/385/GCA_035184385.1_ASM3518438v1/GCA_035184385.1_ASM3518438v1_genomic.fna.gz,data/raw/assemblies/HPGP_GLOBAL/HON-017.fna.gz,,,,474372,8406246721a2314884425a50ae1b9eac0f89b474e4f18a59b69bd8df6af68fa6,4985dde0ea209ad78cb6b64475aaec0f,PASS,already_present,2026-08-30T09:17:17+00:00,
HPGP_GLOBAL,HON-018,assembly,GCA_035184365.1,https://ftp.ncbi.nlm.nih.gov/genomes/all/GCA/035/184/365/GCA_035184365.1_ASM3518436v1/GCA_035184365.1_ASM3518436v1_genomic.fna.gz,data/raw/assemblies/HPGP_GLOBAL/HON-018.fna.gz,,,,475138,718667fd972dcbf7a39bae56f4b0db73848c71d7dccc1e43f8dc31fbd04c1116,d7beacb8747f7fbddfe8c49c9df20c97,PASS,already_present,2026-08-30T09:17:17+00:00,
HPGP_GLOBAL,HON-019,assembly,GCA_035184345.1,https://ftp.ncbi.nlm.nih.gov/genomes/all/GCA/035/184/345/GCA_035184345.1_ASM3518434v1/GCA_035184345.1_ASM3518434v1_genomic.fna.gz,data/raw/assemblies/HPGP_GLOBAL/HON-019.fna.gz,,,,477526,34332808e912d753b0869d5d513e28c966cf85c6111d7cfb4b9512b332518597,c7782349bb414c5f2b2be019c514bef7,PASS,already_present,2026-08-30T09:17:17+00:00,
HPGP_GLOBAL,HON-020,assembly,GCA_035184325.1,https://ftp.ncbi.nlm.nih.gov/genomes/all/GCA/035/184/325/GCA_035184325.1_ASM3518432v1/GCA_035184325.1_ASM3518432v1_genomic.fna.gz,data/raw/assemblies/HPGP_GLOBAL/HON-020.fna.gz,,,,471684,dc62c6fc228d61c4d35a110bbc59a7585021536e013046ffbbaa200d2c037930,c2db107cddd153423205f695e4216ce2,PASS,already_present,2026-08-30T09:17:17+00:00,
HPGP_GLOBAL,HON-021,assembly,GCA_035184305.1,https://ftp.ncbi.nlm.nih.gov/genomes/all/GCA/035/184/305/GCA_035184305.1_ASM3518430v1/GCA_035184305.1_ASM3518430v1_genomic.fna.gz,data/raw/assemblies/HPGP_GLOBAL/HON-021.fna.gz,,,,484590,e17d6d71f43b86b57fa62a140d7813cc94b2bafea0f273d9f5ce72dc2b125b29,f1e50034e12bfc417cca84dc88c5978b,PASS,already_present,2026-08-30T09:17:17+00:00,
HPGP_GLOBAL,HON-024,assembly,GCA_035184265.1,https://ftp.ncbi.nlm.nih.gov/genomes/all/GCA/035/184/265/GCA_035184265.1_ASM3518426v1/GCA_035184265.1_ASM3518426v1_genomic.fna.gz,data/raw/assemblies/HPGP_GLOBAL/HON-024.fna.gz,,,,458857,d3ed4d1d39d12698ed1557eb7935542711ad3bed107ab13351d2b8df5fd4e478,e02735c42f7c969359f649b05285eb79,PASS,already_present,2026-08-30T09:17:17+00:00,
HPGP_GLOBAL,HON-025,assembly,GCA_035184245.1,https://ftp.ncbi.nlm.nih.gov/genomes/all/GCA/035/184/245/GCA_035184245.1_ASM3518424v1/GCA_035184245.1_ASM3518424v1_genomic.fna.gz,data/raw/assemblies/HPGP_GLOBAL/HON-025.fna.gz,,,,485095,baa37af6878c11d7ac68c50c3dfe2b251d05e7eecedfc3123b6eee6c5b2f058d,8ef22e68f5e567fc42966884df6c3c9d,PASS,already_present,2026-08-30T09:17:17+00:00,
HPGP_GLOBAL,HON-027,assembly,GCA_035184185.1,https://ftp.ncbi.nlm.nih.gov/genomes/all/GCA/035/184/185/GCA_035184185.1_ASM3518418v1/GCA_035184185.1_ASM3518418v1_genomic.fna.gz,data/raw/assemblies/HPGP_GLOBAL/HON-027.fna.gz,,,,461305,8fc1ceb1435610c80282eb28ccb6847c447ad503757a5b3afb5be6bb0c7835cb,01fd1f1a24a0d500a596020f86d6d5c4,PASS,already_present,2026-08-30T09:17:17+00:00,
HPGP_GLOBAL,IND-005,assembly,GCA_035181625.1,https://ftp.ncbi.nlm.nih.gov/genomes/all/GCA/035/181/625/GCA_035181625.1_ASM3518162v1/GCA_035181625.1_ASM3518162v1_genomic.fna.gz,data/raw/assemblies/HPGP_GLOBAL/IND-005.fna.gz,,,,461150,0b558c524fa4068b514a997fae1cd1696f185a1c82e4405a430abb35b246c575,295bc681fa308106a64e26a591b71691,PASS,already_present,2026-08-30T09:17:17+00:00,
HPGP_GLOBAL,IND-006,assembly,GCA_035181605.1,https://ftp.ncbi.nlm.nih.gov/genomes/all/GCA/035/181/605/GCA_035181605.1_ASM3518160v1/GCA_035181605.1_ASM3518160v1_genomic.fna.gz,data/raw/assemblies/HPGP_GLOBAL/IND-006.fna.gz,,,,481851,84b839150b3a12a40e022309e8846155bf343877bfc2f78895fc845dcdccf47d,7eed19014cb9f5fd1804170dd5459dd0,PASS,already_present,2026-08-30T09:17:17+00:00,
HPGP_GLOBAL,IND-007,assembly,GCA_035181585.1,https://ftp.ncbi.nlm.nih.gov/genomes/all/GCA/035/181/585/GCA_035181585.1_ASM3518158v1/GCA_035181585.1_ASM3518158v1_genomic.fna.gz,data/raw/assemblies/HPGP_GLOBAL/IND-007.fna.gz,,,,472751,297048861a6a333f77f1ed4684c61dd11b10e15e827f849aa9b543310bcd621b,6e7cece011582cda8671f90f8671323c,PASS,already_present,2026-08-30T09:17:17+00:00,
HPGP_GLOBAL,IND-008,assembly,GCA_035181565.1,https://ftp.ncbi.nlm.nih.gov/genomes/all/GCA/035/181/565/GCA_035181565.1_ASM3518156v1/GCA_035181565.1_ASM3518156v1_genomic.fna.gz,data/raw/assemblies/HPGP_GLOBAL/IND-008.fna.gz,,,,470971,c951545b11b8868974961d9ab86945bcccfea3c7cdda74c98a5e4d5d23bfc108,8d60925cc175a25819399bdd68fd14fb,PASS,already_present,2026-08-30T09:17:17+00:00,
HPGP_GLOBAL,IND-009,assembly,GCA_035181545.1,https://ftp.ncbi.nlm.nih.gov/genomes/all/GCA/035/181/545/GCA_035181545.1_ASM3518154v1/GCA_035181545.1_ASM3518154v1_genomic.fna.gz,data/raw/assemblies/HPGP_GLOBAL/IND-009.fna.gz,,,,469675,075ce9e81e62e6580066eafcc6939e87b81930692bc17dcff3bd370528b637c6,fa3ed0fbf2002cc2d66092a76d98452a,PASS,already_present,2026-08-30T09:17:17+00:00,
HPGP_GLOBAL,ISL-002,assembly,GCA_035177945.1,https://ftp.ncbi.nlm.nih.gov/genomes/all/GCA/035/177/945/GCA_035177945.1_ASM3517794v1/GCA_035177945.1_ASM3517794v1_genomic.fna.gz,data/raw/assemblies/HPGP_GLOBAL/ISL-002.fna.gz,,,,462292,dd51f4ef3184938a535b48bef569a7ae4790c31a7b6aca7ca8b409d050853367,2c60120bfe8d96ef876e5d10c40949fa,PASS,already_present,2026-08-30T09:17:17+00:00,
HPGP_GLOBAL,ISL-004,assembly,GCA_035174605.1,https://ftp.ncbi.nlm.nih.gov/genomes/all/GCA/035/174/605/GCA_035174605.1_ASM3517460v1/GCA_035174605.1_ASM3517460v1_genomic.fna.gz,data/raw/assemblies/HPGP_GLOBAL/ISL-004.fna.gz,,,,459748,c4311961137c202a0d898a0b524438b0d828d5a25da88c6a5b481bab90958ce0,fb25ce4d0f40af47ea340ca4eedd06c7,PASS,already_present,2026-08-30T09:17:17+00:00,
HPGP_GLOBAL,ISL-005,assembly,GCA_035172865.1,https://ftp.ncbi.nlm.nih.gov/genomes/all/GCA/035/172/865/GCA_035172865.1_ASM3517286v1/GCA_035172865.1_ASM3517286v1_genomic.fna.gz,data/raw/assemblies/HPGP_GLOBAL/ISL-005.fna.gz,,,,468019,95d12794e517c5d07c690859fd3f86277bc4349017d0a78c31eca62e8144344b,bfb874722fe495eeded4d726d758ead1,PASS,already_present,2026-08-30T09:17:17+00:00,
HPGP_GLOBAL,ISL-007,assembly,GCA_035169165.1,https://ftp.ncbi.nlm.nih.gov/genomes/all/GCA/035/169/165/GCA_035169165.1_ASM3516916v1/GCA_035169165.1_ASM3516916v1_genomic.fna.gz,data/raw/assemblies/HPGP_GLOBAL/ISL-007.fna.gz,,,,457327,54d0b3250a8d334b4d21865d257f7379f5df5ab2969bafa43aa2fb3212836c00,5f65d5cef85422767048bae764e77a65,PASS,already_present,2026-08-30T09:17:17+00:00,
HPGP_GLOBAL,ISL-009,assembly,GCA_035165265.1,https://ftp.ncbi.nlm.nih.gov/genomes/all/GCA/035/165/265/GCA_035165265.1_ASM3516526v1/GCA_035165265.1_ASM3516526v1_genomic.fna.gz,data/raw/assemblies/HPGP_GLOBAL/ISL-009.fna.gz,,,,453484,632342faf861e931924bc6c57ddc95d62c611661330869500ca295db033ff61a,231156d7ee1eee48838eba6b34bc789f,PASS,already_present,2026-08-30T09:17:17+00:00,
HPGP_GLOBAL,ISR-002,assembly,GCA_035157605.1,https://ftp.ncbi.nlm.nih.gov/genomes/all/GCA/035/157/605/GCA_035157605.1_ASM3515760v1/GCA_035157605.1_ASM3515760v1_genomic.fna.gz,data/raw/assemblies/HPGP_GLOBAL/ISR-002.fna.gz,,,,474267,3ba4e3d26e0655bd9ba7c4b7e1911dc1498ad483a96b1db87a807cd1d735e693,e7ec8c4d687336fa8e45412940c14d43,PASS,already_present,2026-08-30T09:17:17+00:00,
HPGP_GLOBAL,ISR-004,assembly,GCA_035156865.1,https://ftp.ncbi.nlm.nih.gov/genomes/all/GCA/035/156/865/GCA_035156865.1_ASM3515686v1/GCA_035156865.1_ASM3515686v1_genomic.fna.gz,data/raw/assemblies/HPGP_GLOBAL/ISR-004.fna.gz,,,,475041,74216d1e84b443c28e07e2edd6693dbc7f80e3fd69fcad535b258e9ec83bbdb7,dd8ce5f32c7ef4c15ab9344179bf9835,PASS,already_present,2026-08-30T09:17:17+00:00,
HPGP_GLOBAL,ISR-006,assembly,GCA_035156625.1,https://ftp.ncbi.nlm.nih.gov/genomes/all/GCA/035/156/625/GCA_035156625.1_ASM3515662v1/GCA_035156625.1_ASM3515662v1_genomic.fna.gz,data/raw/assemblies/HPGP_GLOBAL/ISR-006.fna.gz,,,,469154,1709767d0865549e3a667b09b4f716519bd534b84316775120d9545b9c65f27c,711c82eabf1cbf00e9ee22ed44a44169,PASS,already_present,2026-08-30T09:17:17+00:00,
HPGP_GLOBAL,ITA-002,assembly,GCA_035184125.1,https://ftp.ncbi.nlm.nih.gov/genomes/all/GCA/035/184/125/GCA_035184125.1_ASM3518412v1/GCA_035184125.1_ASM3518412v1_genomic.fna.gz,data/raw/assemblies/HPGP_GLOBAL/ITA-002.fna.gz,,,,469344,54c9fbec96156f67a237b03330df746ac36ea41db1a37a8a16f8a7241922e4b9,f68d6f67d63dec7590c18401fc3d0026,PASS,already_present,2026-08-30T09:17:17+00:00,
HPGP_GLOBAL,ITA-003,assembly,GCA_035184105.1,https://ftp.ncbi.nlm.nih.gov/genomes/all/GCA/035/184/105/GCA_035184105.1_ASM3518410v1/GCA_035184105.1_ASM3518410v1_genomic.fna.gz,data/raw/assemblies/HPGP_GLOBAL/ITA-003.fna.gz,,,,466180,47a95db11daee0c598f9955ef7afe917a67619bc5af7a497254aa0c5f77b67b9,d0ed664a001aed2aea1582aec7ec24b2,PASS,already_present,2026-08-30T09:17:17+00:00,
HPGP_GLOBAL,ITA-004,assembly,GCA_035184085.1,https://ftp.ncbi.nlm.nih.gov/genomes/all/GCA/035/184/085/GCA_035184085.1_ASM3518408v1/GCA_035184085.1_ASM3518408v1_genomic.fna.gz,data/raw/assemblies/HPGP_GLOBAL/ITA-004.fna.gz,,,,472179,34359bcb077b0858859bc9826f12cc8d98e3249d0e7d8fc3869b668f8ac7d764,31da59c56b45079dadb11fce94c00fb2,PASS,already_present,2026-08-30T09:17:17+00:00,
HPGP_GLOBAL,ITA-006,assembly,GCA_035184045.1,https://ftp.ncbi.nlm.nih.gov/genomes/all/GCA/035/184/045/GCA_035184045.1_ASM3518404v1/GCA_035184045.1_ASM3518404v1_genomic.fna.gz,data/raw/assemblies/HPGP_GLOBAL/ITA-006.fna.gz,,,,460256,915fa9b4096f0b58ead33931ab84fb4982100e8fd8f52cfa6c599286e03f89ab,b8d25b7136efa57355c6c23c469808f9,PASS,already_present,2026-08-30T09:17:17+00:00,
HPGP_GLOBAL,ITA-007,assembly,GCA_035184025.1,https://ftp.ncbi.nlm.nih.gov/genomes/all/GCA/035/184/025/GCA_035184025.1_ASM3518402v1/GCA_035184025.1_ASM3518402v1_genomic.fna.gz,data/raw/assemblies/HPGP_GLOBAL/ITA-007.fna.gz,,,,465515,c7b0d8b5443132e5f1061065812e9cd0e2f56607d655206bed935758be05f300,b926bb7afb482ae09fa8a7420912678c,PASS,already_present,2026-08-30T09:17:17+00:00,
HPGP_GLOBAL,ITA-008,assembly,GCA_035184005.1,https://ftp.ncbi.nlm.nih.gov/genomes/all/GCA/035/184/005/GCA_035184005.1_ASM3518400v1/GCA_035184005.1_ASM3518400v1_genomic.fna.gz,data/raw/assemblies/HPGP_GLOBAL/ITA-008.fna.gz,,,,464746,90cd82e2284836e96e7a628497a670519b4265c71909d4379be61dfd4824edb3,8343cb307f7a93dfb4c419f14c784b9d,PASS,already_present,2026-08-30T09:17:17+00:00,
HPGP_GLOBAL,ITA-009,assembly,GCA_035183985.1,https://ftp.ncbi.nlm.nih.gov/genomes/all/GCA/035/183/985/GCA_035183985.1_ASM3518398v1/GCA_035183985.1_ASM3518398v1_genomic.fna.gz,data/raw/assemblies/HPGP_GLOBAL/ITA-009.fna.gz,,,,487614,987bd547a5f65b3cad2b140199375b91b879e28045bfa30b47ddc261bfbe923a,c01f40181667933cef5bd5f2a0aabb52,PASS,already_present,2026-08-30T09:17:17+00:00,
HPGP_GLOBAL,ITA-011,assembly,GCA_035183945.1,https://ftp.ncbi.nlm.nih.gov/genomes/all/GCA/035/183/945/GCA_035183945.1_ASM3518394v1/GCA_035183945.1_ASM3518394v1_genomic.fna.gz,data/raw/assemblies/HPGP_GLOBAL/ITA-011.fna.gz,,,,453826,2fdef9045c35fbbeb789a30c3ba713cf5634b09a1537168e13e488b36c7d1203,4ae735d9b210a024d47c64cd065e43d8,PASS,already_present,2026-08-30T09:17:17+00:00,
HPGP_GLOBAL,ITA-012,assembly,GCA_035183925.1,https://ftp.ncbi.nlm.nih.gov/genomes/all/GCA/035/183/925/GCA_035183925.1_ASM3518392v1/GCA_035183925.1_ASM3518392v1_genomic.fna.gz,data/raw/assemblies/HPGP_GLOBAL/ITA-012.fna.gz,,,,470020,3b56a8ecea32a40741c3c98015aec6586f137da18bfcc116d40e24dd4ed4ace2,402e44762debcedcb899404215898a85,PASS,already_present,2026-08-30T09:17:17+00:00,
HPGP_GLOBAL,ITA-013,assembly,GCA_035183825.1,https://ftp.ncbi.nlm.nih.gov/genomes/all/GCA/035/183/825/GCA_035183825.1_ASM3518382v1/GCA_035183825.1_ASM3518382v1_genomic.fna.gz,data/raw/assemblies/HPGP_GLOBAL/ITA-013.fna.gz,,,,466928,eede186c246424efb860f439f0b1863289841cc02be064f9f6f9fddb205507a3,c38a95f1f19cfc46341e3caa65a1b964,PASS,already_present,2026-08-30T09:17:17+00:00,
HPGP_GLOBAL,ITA-015,assembly,GCA_035183785.1,https://ftp.ncbi.nlm.nih.gov/genomes/all/GCA/035/183/785/GCA_035183785.1_ASM3518378v1/GCA_035183785.1_ASM3518378v1_genomic.fna.gz,data/raw/assemblies/HPGP_GLOBAL/ITA-015.fna.gz,,,,484132,e1a691d15c3dad1a7f97c4209b3d3d56b9d7a71f7ce8ebaa2496c7d82d39e3f5,3c1a89ee9b01d425dc145b97cf473e78,PASS,already_present,2026-08-30T09:17:17+00:00,
HPGP_GLOBAL,ITA-016,assembly,GCA_035183765.1,https://ftp.ncbi.nlm.nih.gov/genomes/all/GCA/035/183/765/GCA_035183765.1_ASM3518376v1/GCA_035183765.1_ASM3518376v1_genomic.fna.gz,data/raw/assemblies/HPGP_GLOBAL/ITA-016.fna.gz,,,,473639,89a5d30da21710ec6a7ecadfe1d6dfbd95ad21171be2830fc5dce4f5a107cd4b,fd85c43967b77b08e7ef1beffe85e5c8,PASS,already_present,2026-08-30T09:17:17+00:00,
HPGP_GLOBAL,ITA-022,assembly,GCA_035183665.1,https://ftp.ncbi.nlm.nih.gov/genomes/all/GCA/035/183/665/GCA_035183665.1_ASM3518366v1/GCA_035183665.1_ASM3518366v1_genomic.fna.gz,data/raw/assemblies/HPGP_GLOBAL/ITA-022.fna.gz,,,,475415,2af8fb547e3b634582444b90aebf7fae2b3c2e2d311734c66bdb5c7a41c0da16,d224e9db41c2e7b3352f0105013bae9a,PASS,downloaded,2026-08-30T09:17:50+00:00,
HPGP_GLOBAL,ITA-026,assembly,GCA_035183605.1,https://ftp.ncbi.nlm.nih.gov/genomes/all/GCA/035/183/605/GCA_035183605.1_ASM3518360v1/GCA_035183605.1_ASM3518360v1_genomic.fna.gz,data/raw/assemblies/HPGP_GLOBAL/ITA-026.fna.gz,,,,476106,2c8b66756451867fe78faf6029629bb89d3b0c30061e437d2584715125a27a95,a19f89d859b926174de3d4911d274f65,PASS,downloaded,2026-08-30T09:17:58+00:00,
HPGP_GLOBAL,ITA-027,assembly,GCA_035183565.1,https://ftp.ncbi.nlm.nih.gov/genomes/all/GCA/035/183/565/GCA_035183565.1_ASM3518356v1/GCA_035183565.1_ASM3518356v1_genomic.fna.gz,data/raw/assemblies/HPGP_GLOBAL/ITA-027.fna.gz,,,,478621,5ceb583bdadb704e0939a34eea2ae4393f892ed4534e7efa666e150f44ef16aa,35d533b2e6db3608e6228aadf8e14927,PASS,downloaded,2026-08-30T09:17:44+00:00,
HPGP_GLOBAL,ITA-028,assembly,GCA_035183545.1,https://ftp.ncbi.nlm.nih.gov/genomes/all/GCA/035/183/545/GCA_035183545.1_ASM3518354v1/GCA_035183545.1_ASM3518354v1_genomic.fna.gz,data/raw/assemblies/HPGP_GLOBAL/ITA-028.fna.gz,,,,468054,edc7b14a68d53b61785537be0b02c901da8fff1c5779886658e0d972a885139d,b9862cb1a1df45e805e52161a9086ec6,PASS,downloaded,2026-08-30T09:18:10+00:00,
HPGP_GLOBAL,ITA-030,assembly,GCA_035183505.1,https://ftp.ncbi.nlm.nih.gov/genomes/all/GCA/035/183/505/GCA_035183505.1_ASM3518350v1/GCA_035183505.1_ASM3518350v1_genomic.fna.gz,data/raw/assemblies/HPGP_GLOBAL/ITA-030.fna.gz,,,,469707,4e7ae71dce4fe4a7d14df9872a6a66e9cd3d3f6a2cf51faa23270ae8484a1a25,84bbd869e11da3eb925931f17ee0ce93,PASS,downloaded,2026-08-30T09:18:09+00:00,
HPGP_GLOBAL,JAP-002,assembly,GCA_035183485.1,https://ftp.ncbi.nlm.nih.gov/genomes/all/GCA/035/183/485/GCA_035183485.1_ASM3518348v1/GCA_035183485.1_ASM3518348v1_genomic.fna.gz,data/raw/assemblies/HPGP_GLOBAL/JAP-002.fna.gz,,,,451710,29e4516778c309274c26f5b7526a096e7939e14e3cac3f94496b64a539419e4c,290efc12ff9998d1ebe2ec246d2b27f3,PASS,downloaded,2026-08-30T09:18:24+00:00,
HPGP_GLOBAL,JAP-009,assembly,GCA_035183465.1,https://ftp.ncbi.nlm.nih.gov/genomes/all/GCA/035/183/465/GCA_035183465.1_ASM3518346v1/GCA_035183465.1_ASM3518346v1_genomic.fna.gz,data/raw/assemblies/HPGP_GLOBAL/JAP-009.fna.gz,,,,468172,26bd12d12358457e5d336f5297a114773cd858210b06f6616663c440aeb81430,34bf20e3b648b6f0815a22b2169e41e1,PASS,downloaded,2026-08-30T09:18:44+00:00,
HPGP_GLOBAL,JAP-010,assembly,GCA_035183445.1,https://ftp.ncbi.nlm.nih.gov/genomes/all/GCA/035/183/445/GCA_035183445.1_ASM3518344v1/GCA_035183445.1_ASM3518344v1_genomic.fna.gz,data/raw/assemblies/HPGP_GLOBAL/JAP-010.fna.gz,,,,455018,3e6bba1bfd726ec3e48539add7a26c044636b0c0630ce3041160ed89a52dfbf8,ea38b5e3f3e19976c8a9dcacfa13e8f7,PASS,downloaded,2026-08-30T09:18:40+00:00,
HPGP_GLOBAL,JAP-012,assembly,GCA_035183425.1,https://ftp.ncbi.nlm.nih.gov/genomes/all/GCA/035/183/425/GCA_035183425.1_ASM3518342v1/GCA_035183425.1_ASM3518342v1_genomic.fna.gz,data/raw/assemblies/HPGP_GLOBAL/JAP-012.fna.gz,,,,454108,7bc6756e9183562fa18056e449eac992c82f772c84732bd44e3c78330b2b4043,574ad5b5801d1262369c4a1cb1e45d67,PASS,downloaded,2026-08-30T09:18:47+00:00,
HPGP_GLOBAL,JAP-013,assembly,GCA_035183405.1,https://ftp.ncbi.nlm.nih.gov/genomes/all/GCA/035/183/405/GCA_035183405.1_ASM3518340v1/GCA_035183405.1_ASM3518340v1_genomic.fna.gz,data/raw/assemblies/HPGP_GLOBAL/JAP-013.fna.gz,,,,462473,c8b0ea08a0e41a84cc472a2b1852e81abd12b047dac539f10282870593c9b42a,9845058cc869521f1a9cbac73e8944bf,PASS,downloaded,2026-08-30T09:18:52+00:00,
HPGP_GLOBAL,JAP-015,assembly,GCA_035183385.1,https://ftp.ncbi.nlm.nih.gov/genomes/all/GCA/035/183/385/GCA_035183385.1_ASM3518338v1/GCA_035183385.1_ASM3518338v1_genomic.fna.gz,data/raw/assemblies/HPGP_GLOBAL/JAP-015.fna.gz,,,,457939,c8a85817fcddc409e9f147ed91b12cecb71c8c3acb2321e805ad7e254bdfe56d,aa7453daa56eed3c9a8386a5ededb63b,PASS,downloaded,2026-08-30T09:19:33+00:00,
HPGP_GLOBAL,JAP-019,assembly,GCA_035183325.1,https://ftp.ncbi.nlm.nih.gov/genomes/all/GCA/035/183/325/GCA_035183325.1_ASM3518332v1/GCA_035183325.1_ASM3518332v1_genomic.fna.gz,data/raw/assemblies/HPGP_GLOBAL/JAP-019.fna.gz,,,,455679,c3e604be65a031f32089dcb0d9c3398a778633d92bfdda0824fab1fc75ca983a,ad5f4142473bc44f1cafb5dd5c2776ef,PASS,downloaded,2026-08-30T09:19:11+00:00,
HPGP_GLOBAL,JAP-022,assembly,GCA_035183285.1,https://ftp.ncbi.nlm.nih.gov/genomes/all/GCA/035/183/285/GCA_035183285.1_ASM3518328v1/GCA_035183285.1_ASM3518328v1_genomic.fna.gz,data/raw/assemblies/HPGP_GLOBAL/JAP-022.fna.gz,,,,454499,9bd3ac122fc05e78b7546f771a8d9051f43f0126bc1a9b69a19e44b892135921,31a8f0e324badc75d3432c3a8f6f223b,PASS,downloaded,2026-08-30T09:19:19+00:00,
HPGP_GLOBAL,JAP-028,assembly,GCA_035183245.1,https://ftp.ncbi.nlm.nih.gov/genomes/all/GCA/035/183/245/GCA_035183245.1_ASM3518324v1/GCA_035183245.1_ASM3518324v1_genomic.fna.gz,data/raw/assemblies/HPGP_GLOBAL/JAP-028.fna.gz,,,,463814,c96f7decbf4fabc526590049f700345813d19e9eac4fa70c4f27d6520174d31d,ee177d18b7cd8720b349bf5b53f0b8ff,PASS,downloaded,2026-08-30T09:19:21+00:00,
HPGP_GLOBAL,JOR-004,assembly,GCA_035086145.1,https://ftp.ncbi.nlm.nih.gov/genomes/all/GCA/035/086/145/GCA_035086145.1_ASM3508614v1/GCA_035086145.1_ASM3508614v1_genomic.fna.gz,data/raw/assemblies/HPGP_GLOBAL/JOR-004.fna.gz,,,,485859,1aa12705c29428457e66c301add2ae7280b028324eb21b0bb77b2de1a3075c2b,5e223c24339f65a70b08bcb396cd57e0,PASS,downloaded,2026-08-30T09:19:38+00:00,
HPGP_GLOBAL,JOR-005,assembly,GCA_035084655.1,https://ftp.ncbi.nlm.nih.gov/genomes/all/GCA/035/084/655/GCA_035084655.1_ASM3508465v1/GCA_035084655.1_ASM3508465v1_genomic.fna.gz,data/raw/assemblies/HPGP_GLOBAL/JOR-005.fna.gz,,,,496763,eaf468c3257d825dbdbb7b639dd09fd5bc675c3b8e83f9fb9920e7d57bd2193c,330e95dafc5c2aaa29cb0ac7ad4ddea3,PASS,downloaded,2026-08-30T09:20:05+00:00,
HPGP_GLOBAL,JOR-006,assembly,GCA_035083625.1,https://ftp.ncbi.nlm.nih.gov/genomes/all/GCA/035/083/625/GCA_035083625.1_ASM3508362v1/GCA_035083625.1_ASM3508362v1_genomic.fna.gz,data/raw/assemblies/HPGP_GLOBAL/JOR-006.fna.gz,,,,493966,569cf1be95fe07b335b3b127d0f6e2ddf0c68ce5494d9b8fc537df39adfb26a9,f79337c56fe62127d5e017267cf91d59,PASS,downloaded,2026-08-30T09:19:52+00:00,
HPGP_GLOBAL,JOR-007,assembly,GCA_035081865.1,https://ftp.ncbi.nlm.nih.gov/genomes/all/GCA/035/081/865/GCA_035081865.1_ASM3508186v1/GCA_035081865.1_ASM3508186v1_genomic.fna.gz,data/raw/assemblies/HPGP_GLOBAL/JOR-007.fna.gz,,,,481127,3b7400d9a318a702ffe1a51f548e6ec3a19521a983686fd7389fe2de547dc12e,5f4994f3e2bc5c27949b6a5b5db77573,PASS,downloaded,2026-08-30T09:20:03+00:00,
HPGP_GLOBAL,JOR-009,assembly,GCA_035080205.1,https://ftp.ncbi.nlm.nih.gov/genomes/all/GCA/035/080/205/GCA_035080205.1_ASM3508020v1/GCA_035080205.1_ASM3508020v1_genomic.fna.gz,data/raw/assemblies/HPGP_GLOBAL/JOR-009.fna.gz,,,,471829,2e126ee482106f1d041a60c666cbe24f429a29d98ff7cd347d107a604b957324,225a70e1ea6843909cf802afb787a6a3,PASS,downloaded,2026-08-30T09:20:12+00:00,
HPGP_GLOBAL,KAZ-001,assembly,GCA_035079215.1,https://ftp.ncbi.nlm.nih.gov/genomes/all/GCA/035/079/215/GCA_035079215.1_ASM3507921v1/GCA_035079215.1_ASM3507921v1_genomic.fna.gz,data/raw/assemblies/HPGP_GLOBAL/KAZ-001.fna.gz,,,,479349,071b38b15b468be5a7ea54425c90dee3174c1f90b32812a292aa0b9636aafc5a,0eadeb91ddeb52f80714fd43ec9c1b57,PASS,downloaded,2026-08-30T09:20:24+00:00,
HPGP_GLOBAL,KGZ-001,assembly,GCA_035077345.1,https://ftp.ncbi.nlm.nih.gov/genomes/all/GCA/035/077/345/GCA_035077345.1_ASM3507734v1/GCA_035077345.1_ASM3507734v1_genomic.fna.gz,data/raw/assemblies/HPGP_GLOBAL/KGZ-001.fna.gz,,,,481859,a83bcc1d439fadb87313659235119152e0ccc7d5d3d0a3633921ba72fef62c88,a70e68126e1fdd36eee81e5f5f148355,PASS,downloaded,2026-08-30T09:20:41+00:00,
HPGP_GLOBAL,KGZ-004,assembly,GCA_035074525.1,https://ftp.ncbi.nlm.nih.gov/genomes/all/GCA/035/074/525/GCA_035074525.1_ASM3507452v1/GCA_035074525.1_ASM3507452v1_genomic.fna.gz,data/raw/assemblies/HPGP_GLOBAL/KGZ-004.fna.gz,,,,482817,f897e30cd31712c13ae9b9de2ff403a221fb2aeb49007816a22790f893ed34e6,270beb98fd0389ec678e76a0a4bdbe3d,PASS,downloaded,2026-08-30T09:20:27+00:00,
HPGP_GLOBAL,KGZ-009,assembly,GCA_035070845.1,https://ftp.ncbi.nlm.nih.gov/genomes/all/GCA/035/070/845/GCA_035070845.1_ASM3507084v1/GCA_035070845.1_ASM3507084v1_genomic.fna.gz,data/raw/assemblies/HPGP_GLOBAL/KGZ-009.fna.gz,,,,473083,fe7c868939413755e9e5051876fd40528684d4ec2b9b702a51175783fe50743b,0fcda94e152b69f385f44bea242d030f,PASS,downloaded,2026-08-30T09:20:36+00:00,
HPGP_GLOBAL,KGZ-010,assembly,GCA_035069945.1,https://ftp.ncbi.nlm.nih.gov/genomes/all/GCA/035/069/945/GCA_035069945.1_ASM3506994v1/GCA_035069945.1_ASM3506994v1_genomic.fna.gz,data/raw/assemblies/HPGP_GLOBAL/KGZ-010.fna.gz,,,,489437,2f6f4bce28bbc534557b8a215b2f7260a99908ba2c9e7a069e9a0407e7532a0d,bfd7862de06e6830a63a6242ed9769cc,PASS,downloaded,2026-08-30T09:21:10+00:00,
HPGP_GLOBAL,KOR-002,assembly,GCA_035183185.1,https://ftp.ncbi.nlm.nih.gov/genomes/all/GCA/035/183/185/GCA_035183185.1_ASM3518318v1/GCA_035183185.1_ASM3518318v1_genomic.fna.gz,data/raw/assemblies/HPGP_GLOBAL/KOR-002.fna.gz,,,,461450,1d6a9689d44e3776599132f4eb165f4d4c21f4d6c3b8536db514ddc131f3aa64,85830b737dadfaab880605d846f2f3cb,PASS,downloaded,2026-08-30T09:21:04+00:00,
HPGP_GLOBAL,KOR-007,assembly,GCA_035183105.1,https://ftp.ncbi.nlm.nih.gov/genomes/all/GCA/035/183/105/GCA_035183105.1_ASM3518310v1/GCA_035183105.1_ASM3518310v1_genomic.fna.gz,data/raw/assemblies/HPGP_GLOBAL/KOR-007.fna.gz,,,,454825,cda8e9325ace39d77e95d10e9fbe5c2d182fd9cc5867b6abb33dfbd89d4edb2d,6adff0873c7476030e2bfa49847320b4,PASS,downloaded,2026-08-30T09:20:56+00:00,
HPGP_GLOBAL,KOR-008,assembly,GCA_035183085.1,https://ftp.ncbi.nlm.nih.gov/genomes/all/GCA/035/183/085/GCA_035183085.1_ASM3518308v1/GCA_035183085.1_ASM3518308v1_genomic.fna.gz,data/raw/assemblies/HPGP_GLOBAL/KOR-008.fna.gz,,,,454483,e17cf44c1cbbdea2b9c14be07316fec55dbd9aebc86b9660851cb6efb4e67083,532a210f0284f9240e78490400c51896,PASS,downloaded,2026-08-30T09:21:11+00:00,
HPGP_GLOBAL,KOR-010,assembly,GCA_035183045.1,https://ftp.ncbi.nlm.nih.gov/genomes/all/GCA/035/183/045/GCA_035183045.1_ASM3518304v1/GCA_035183045.1_ASM3518304v1_genomic.fna.gz,data/raw/assemblies/HPGP_GLOBAL/KOR-010.fna.gz,,,,456971,2c1e53496635cb7ae400e0920be637e485ffe629bc1f7455a265e3a11c15bb1c,326da69fa6552146f0829e20fc94efa7,PASS,downloaded,2026-08-30T09:21:35+00:00,
HPGP_GLOBAL,KOR-013,assembly,GCA_035069125.1,https://ftp.ncbi.nlm.nih.gov/genomes/all/GCA/035/069/125/GCA_035069125.1_ASM3506912v1/GCA_035069125.1_ASM3506912v1_genomic.fna.gz,data/raw/assemblies/HPGP_GLOBAL/KOR-013.fna.gz,,,,467546,4a71417e82b72b25063d7f8a055e618354e26ccd1dd588e649eb652aeb2b2b7f,8272618dc3940a2955a2ed279b6c76fb,PASS,downloaded,2026-08-30T09:21:36+00:00,
HPGP_GLOBAL,KOR-014,assembly,GCA_035068325.1,https://ftp.ncbi.nlm.nih.gov/genomes/all/GCA/035/068/325/GCA_035068325.1_ASM3506832v1/GCA_035068325.1_ASM3506832v1_genomic.fna.gz,data/raw/assemblies/HPGP_GLOBAL/KOR-014.fna.gz,,,,450130,cadebcd8637a66d6aab3df7b3464eb8a34c69ae9d82e28cdc679ccf70293fa12,da5670b788e8b1f3625322db281a72c7,PASS,downloaded,2026-08-30T09:21:41+00:00,
HPGP_GLOBAL,KOR-019,assembly,GCA_035067645.1,https://ftp.ncbi.nlm.nih.gov/genomes/all/GCA/035/067/645/GCA_035067645.1_ASM3506764v1/GCA_035067645.1_ASM3506764v1_genomic.fna.gz,data/raw/assemblies/HPGP_GLOBAL/KOR-019.fna.gz,,,,468410,47d428302e07d57e46078ce66b62a7e14ae05d81c53300086b3aea161c56a159,bc135a440095c7ca174247b99aa6a369,PASS,downloaded,2026-08-30T09:21:44+00:00,
HPGP_GLOBAL,KOR-022,assembly,GCA_035067585.1,https://ftp.ncbi.nlm.nih.gov/genomes/all/GCA/035/067/585/GCA_035067585.1_ASM3506758v1/GCA_035067585.1_ASM3506758v1_genomic.fna.gz,data/raw/assemblies/HPGP_GLOBAL/KOR-022.fna.gz,,,,453128,f05c26f63858641ab0cf7998bd80b849a72b5de6afb1ceb551aa400a748094e7,5acd26cd1c8e2ba0587fa34d6cc9b2d0,PASS,downloaded,2026-08-30T09:22:01+00:00,
HPGP_GLOBAL,KOR-027,assembly,GCA_035067505.1,https://ftp.ncbi.nlm.nih.gov/genomes/all/GCA/035/067/505/GCA_035067505.1_ASM3506750v1/GCA_035067505.1_ASM3506750v1_genomic.fna.gz,data/raw/assemblies/HPGP_GLOBAL/KOR-027.fna.gz,,,,469086,53a7127c601690b104b71ba71e98c120fffd2dac11bf58d23c2a575ac0d36cf7,ebd9e48eb2876be3555fbf87c27bae15,PASS,downloaded,2026-08-30T09:22:06+00:00,
HPGP_GLOBAL,KOR-028,assembly,GCA_035067485.1,https://ftp.ncbi.nlm.nih.gov/genomes/all/GCA/035/067/485/GCA_035067485.1_ASM3506748v1/GCA_035067485.1_ASM3506748v1_genomic.fna.gz,data/raw/assemblies/HPGP_GLOBAL/KOR-028.fna.gz,,,,454399,a65b9017e31654b72bcb3793872e4de4219f08c91eee7d90b8d5b09127082c1b,905d3439338c81c33eee05448d5e7c5e,PASS,downloaded,2026-08-30T09:22:18+00:00,
HPGP_GLOBAL,KOR-036,assembly,GCA_035182925.1,https://ftp.ncbi.nlm.nih.gov/genomes/all/GCA/035/182/925/GCA_035182925.1_ASM3518292v1/GCA_035182925.1_ASM3518292v1_genomic.fna.gz,data/raw/assemblies/HPGP_GLOBAL/KOR-036.fna.gz,,,,467709,739bd1886e5d81938e5a7b14956e7e2f7bd8406d0d00de21d353a22c31fff359,aae0b3b65bce5998c6781b1f56ab5185,PASS,downloaded,2026-08-30T09:22:12+00:00,
HPGP_GLOBAL,KOR-041,assembly,GCA_035182885.1,https://ftp.ncbi.nlm.nih.gov/genomes/all/GCA/035/182/885/GCA_035182885.1_ASM3518288v1/GCA_035182885.1_ASM3518288v1_genomic.fna.gz,data/raw/assemblies/HPGP_GLOBAL/KOR-041.fna.gz,,,,463856,963cdd68d431495094d9d9d4224a0a137e42e9574be2f2ceb692742362ec474b,7dc8c93d4904a4ccc55f971dce84048d,PASS,downloaded,2026-08-30T09:22:50+00:00,
HPGP_GLOBAL,KOR-042,assembly,GCA_035182865.1,https://ftp.ncbi.nlm.nih.gov/genomes/all/GCA/035/182/865/GCA_035182865.1_ASM3518286v1/GCA_035182865.1_ASM3518286v1_genomic.fna.gz,data/raw/assemblies/HPGP_GLOBAL/KOR-042.fna.gz,,,,460143,18f4d931b8e9394200c8530f844c51b3c598592788ab38f1e6b2ba0b75d332da,cbdecd0e5419051f9222c304b2999c6b,PASS,downloaded,2026-08-30T09:22:32+00:00,
HPGP_GLOBAL,KOR-044,assembly,GCA_035154245.1,https://ftp.ncbi.nlm.nih.gov/genomes/all/GCA/035/154/245/GCA_035154245.1_ASM3515424v1/GCA_035154245.1_ASM3515424v1_genomic.fna.gz,data/raw/assemblies/HPGP_GLOBAL/KOR-044.fna.gz,,,,464525,ec210f8acfb17782cd8256dde62032dbd52f2c2f04da05c31e607ac55ae047e9,3dbd3194b776be2508f3818e93c75c7f,PASS,downloaded,2026-08-30T09:22:58+00:00,
HPGP_GLOBAL,KOR-046,assembly,GCA_035152275.1,https://ftp.ncbi.nlm.nih.gov/genomes/all/GCA/035/152/275/GCA_035152275.1_ASM3515227v1/GCA_035152275.1_ASM3515227v1_genomic.fna.gz,data/raw/assemblies/HPGP_GLOBAL/KOR-046.fna.gz,,,,464098,07c2de7b70f7d465ecfd7a5dfcd62c45457371693f41ef5b9141b4bb70e649b3,38c3100a6a001c1c8109466c3286bf51,PASS,downloaded,2026-08-30T09:22:42+00:00,
HPGP_GLOBAL,KOR-047,assembly,GCA_035151455.1,https://ftp.ncbi.nlm.nih.gov/genomes/all/GCA/035/151/455/GCA_035151455.1_ASM3515145v1/GCA_035151455.1_ASM3515145v1_genomic.fna.gz,data/raw/assemblies/HPGP_GLOBAL/KOR-047.fna.gz,,,,452945,fb0e59b2cdca5d5cb144675a625732f9370b5e14bf2fe199cd82cfcd6d4c7fbf,5764b4ec43c58a52a93f2934ac874ad9,PASS,downloaded,2026-08-30T09:22:58+00:00,
HPGP_GLOBAL,KOR-049,assembly,GCA_035149765.1,https://ftp.ncbi.nlm.nih.gov/genomes/all/GCA/035/149/765/GCA_035149765.1_ASM3514976v1/GCA_035149765.1_ASM3514976v1_genomic.fna.gz,data/raw/assemblies/HPGP_GLOBAL/KOR-049.fna.gz,,,,466217,eaf3bca91e25028676e9ba3be2dbac63c0c6737d7dea1267dedd03e2e93cbc06,3ff2d4c9b5fff2dd956cb6db2e42bc10,PASS,downloaded,2026-08-30T09:23:25+00:00,
HPGP_GLOBAL,KOR-050,assembly,GCA_035148425.1,https://ftp.ncbi.nlm.nih.gov/genomes/all/GCA/035/148/425/GCA_035148425.1_ASM3514842v1/GCA_035148425.1_ASM3514842v1_genomic.fna.gz,data/raw/assemblies/HPGP_GLOBAL/KOR-050.fna.gz,,,,465576,f2b7e0209edc7419c46d0b0184d0bca7566012e90c08d71f4dab713456d712ce,727550f74d4aba27ae27e5b2d3d197e3,PASS,downloaded,2026-08-30T09:23:29+00:00,
HPGP_GLOBAL,KOR-101,assembly,GCA_035147585.1,https://ftp.ncbi.nlm.nih.gov/genomes/all/GCA/035/147/585/GCA_035147585.1_ASM3514758v1/GCA_035147585.1_ASM3514758v1_genomic.fna.gz,data/raw/assemblies/HPGP_GLOBAL/KOR-101.fna.gz,,,,470566,a48a5dd4a22980f175d0517943b37d4d3876484ec06389a20772e252dad0b1e4,131dea1c149e55351e0cbab077395db9,PASS,downloaded,2026-08-30T09:23:25+00:00,
HPGP_GLOBAL,KOR-105,assembly,GCA_035146795.1,https://ftp.ncbi.nlm.nih.gov/genomes/all/GCA/035/146/795/GCA_035146795.1_ASM3514679v1/GCA_035146795.1_ASM3514679v1_genomic.fna.gz,data/raw/assemblies/HPGP_GLOBAL/KOR-105.fna.gz,,,,460239,77b91f2110c106da6fadebfe6cac1331663922146d014ae6d723bb13c70aabf2,2e92957cce03e6ebbe62d025cb48026b,PASS,downloaded,2026-08-30T09:23:26+00:00,
HPGP_GLOBAL,KOR-109,assembly,GCA_035145775.1,https://ftp.ncbi.nlm.nih.gov/genomes/all/GCA/035/145/775/GCA_035145775.1_ASM3514577v1/GCA_035145775.1_ASM3514577v1_genomic.fna.gz,data/raw/assemblies/HPGP_GLOBAL/KOR-109.fna.gz,,,,463926,6c1819c9a95fb7f2efc40b2157de5764e84adefceb7b1d1bf2a0ffc3df96e2ce,990b1a9d8f6e3904d5c9b4355cc17438,PASS,downloaded,2026-08-30T09:23:56+00:00,
HPGP_GLOBAL,KOR-110,assembly,GCA_035144775.1,https://ftp.ncbi.nlm.nih.gov/genomes/all/GCA/035/144/775/GCA_035144775.1_ASM3514477v1/GCA_035144775.1_ASM3514477v1_genomic.fna.gz,data/raw/assemblies/HPGP_GLOBAL/KOR-110.fna.gz,,,,468590,f10cff44d3db5c3439e2e1b7fb128eef94316644d54a2735a0e2d404d3bbc93b,b53a5bb0e167fc7ce82fe205341e9fbf,PASS,downloaded,2026-08-30T09:23:49+00:00,
HPGP_GLOBAL,KOR-116,assembly,GCA_035061705.1,https://ftp.ncbi.nlm.nih.gov/genomes/all/GCA/035/061/705/GCA_035061705.1_ASM3506170v1/GCA_035061705.1_ASM3506170v1_genomic.fna.gz,data/raw/assemblies/HPGP_GLOBAL/KOR-116.fna.gz,,,,479300,777864a9f998b644319543128199927080957723318f73bf18172c3ddde60d33,ca89db4af03188884369525713258a81,PASS,downloaded,2026-08-30T09:23:51+00:00,
HPGP_GLOBAL,LAT-002,assembly,GCA_035143715.1,https://ftp.ncbi.nlm.nih.gov/genomes/all/GCA/035/143/715/GCA_035143715.1_ASM3514371v1/GCA_035143715.1_ASM3514371v1_genomic.fna.gz,data/raw/assemblies/HPGP_GLOBAL/LAT-002.fna.gz,,,,465229,2a6d7e73571ec3ade8537c4e15dacd72eca7ccb88cf4a68937ad309abb66df78,869a1707f7dd25f172f0aecfe231f1eb,PASS,downloaded,2026-08-30T09:24:00+00:00,
HPGP_GLOBAL,LAT-003,assembly,GCA_035064585.1,https://ftp.ncbi.nlm.nih.gov/genomes/all/GCA/035/064/585/GCA_035064585.1_ASM3506458v1/GCA_035064585.1_ASM3506458v1_genomic.fna.gz,data/raw/assemblies/HPGP_GLOBAL/LAT-003.fna.gz,,,,486352,eaf96ee179a726fb05cbd73b7b607e223b928f846a0cb15f17ea802d8a04a6a3,5cf1e7b39b47322653f5eea4c14406fe,PASS,downloaded,2026-08-30T09:24:36+00:00,
HPGP_GLOBAL,LAT-009,assembly,GCA_035139465.1,https://ftp.ncbi.nlm.nih.gov/genomes/all/GCA/035/139/465/GCA_035139465.1_ASM3513946v1/GCA_035139465.1_ASM3513946v1_genomic.fna.gz,data/raw/assemblies/HPGP_GLOBAL/LAT-009.fna.gz,,,,474934,9827f33511403208c788d9ac66525de7022a2c419a9ac6483051cd9e6f79bb0d,6a33311c851acd6fb1d85de003bdcde9,PASS,downloaded,2026-08-30T09:24:21+00:00,
HPGP_GLOBAL,LAT-014,assembly,GCA_035136325.1,https://ftp.ncbi.nlm.nih.gov/genomes/all/GCA/035/136/325/GCA_035136325.1_ASM3513632v1/GCA_035136325.1_ASM3513632v1_genomic.fna.gz,data/raw/assemblies/HPGP_GLOBAL/LAT-014.fna.gz,,,,475289,66f15fc458b8c7d6aa8196fb2b670a47bf6077b0cefd6f3806279743465c3662,718c165c1a5326638b2c2c69f71ae16c,PASS,downloaded,2026-08-30T09:24:27+00:00,
HPGP_GLOBAL,LAT-015,assembly,GCA_035135185.1,https://ftp.ncbi.nlm.nih.gov/genomes/all/GCA/035/135/185/GCA_035135185.1_ASM3513518v1/GCA_035135185.1_ASM3513518v1_genomic.fna.gz,data/raw/assemblies/HPGP_GLOBAL/LAT-015.fna.gz,,,,473466,e4ba315789f7abf8837aedeecebb40b9754d9767eace76a0976807586faae51b,d75181a134a4ef4c59126bc9afa4ee9d,PASS,downloaded,2026-08-30T09:24:39+00:00,
HPGP_GLOBAL,LAT-017,assembly,GCA_035133835.1,https://ftp.ncbi.nlm.nih.gov/genomes/all/GCA/035/133/835/GCA_035133835.1_ASM3513383v1/GCA_035133835.1_ASM3513383v1_genomic.fna.gz,data/raw/assemblies/HPGP_GLOBAL/LAT-017.fna.gz,,,,485434,25cc971241253c81450410facc8ac43edd388fb7a6d65b48a3dd18588bcdd00a,7059adb9e0f94626a24842c028a5488d,PASS,downloaded,2026-08-30T09:24:56+00:00,
HPGP_GLOBAL,LAT-018,assembly,GCA_035064145.1,https://ftp.ncbi.nlm.nih.gov/genomes/all/GCA/035/064/145/GCA_035064145.1_ASM3506414v1/GCA_035064145.1_ASM3506414v1_genomic.fna.gz,data/raw/assemblies/HPGP_GLOBAL/LAT-018.fna.gz,,,,473856,0e1bf819c636adf2cb3c8b2aad2b092e3ced78d985041ec11f20ab2eb2d45be4,6f0b285beadb42cd027a42449b1493a5,PASS,downloaded,2026-08-30T09:24:57+00:00,
HPGP_GLOBAL,LAT-019,assembly,GCA_035133235.1,https://ftp.ncbi.nlm.nih.gov/genomes/all/GCA/035/133/235/GCA_035133235.1_ASM3513323v1/GCA_035133235.1_ASM3513323v1_genomic.fna.gz,data/raw/assemblies/HPGP_GLOBAL/LAT-019.fna.gz,,,,475847,419bbe8bed31140f48c55a0b1a8e386f5281dcdb9229984c1c5d49671163b018,ca8d6194f7474fb67e5a7e6cb5dc8376,PASS,downloaded,2026-08-30T09:25:05+00:00,
HPGP_GLOBAL,LAT-021,assembly,GCA_035131815.1,https://ftp.ncbi.nlm.nih.gov/genomes/all/GCA/035/131/815/GCA_035131815.1_ASM3513181v1/GCA_035131815.1_ASM3513181v1_genomic.fna.gz,data/raw/assemblies/HPGP_GLOBAL/LAT-021.fna.gz,,,,482132,12f7f12265bfd6ca058807ff68d0da7aaf7d516b1e56f536e9deec24dbbe8930,c3ff7d0df4aea0189f761a6ed1409ef7,PASS,downloaded,2026-08-30T09:25:11+00:00,
HPGP_GLOBAL,LAT-023,assembly,GCA_035130095.1,https://ftp.ncbi.nlm.nih.gov/genomes/all/GCA/035/130/095/GCA_035130095.1_ASM3513009v1/GCA_035130095.1_ASM3513009v1_genomic.fna.gz,data/raw/assemblies/HPGP_GLOBAL/LAT-023.fna.gz,,,,475520,55ddc5e4fdfa56dadd1007f9de2b3e82ba9d0d420739e73f5ef6a157892143ad,6a677e76fa441d59fe5e8d24a1c8d45c,PASS,downloaded,2026-08-30T09:25:29+00:00,
HPGP_GLOBAL,LAT-024,assembly,GCA_035128965.1,https://ftp.ncbi.nlm.nih.gov/genomes/all/GCA/035/128/965/GCA_035128965.1_ASM3512896v1/GCA_035128965.1_ASM3512896v1_genomic.fna.gz,data/raw/assemblies/HPGP_GLOBAL/LAT-024.fna.gz,,,,473684,402afc5eabef7485bea6ffd20a24d098fb3b961f2ff22e4d71aaf36cad158f53,d0e6ca6193b3a8fd86a9a66bc2c02320,PASS,downloaded,2026-08-30T09:25:31+00:00,
HPGP_GLOBAL,LAT-026,assembly,GCA_035126575.1,https://ftp.ncbi.nlm.nih.gov/genomes/all/GCA/035/126/575/GCA_035126575.1_ASM3512657v1/GCA_035126575.1_ASM3512657v1_genomic.fna.gz,data/raw/assemblies/HPGP_GLOBAL/LAT-026.fna.gz,,,,479809,c241a5ceccfeeef0f3487f66db1a7ccb3ea7272220191a3d582cdd3cce6c53d5,84e8d23608a56770af5e9400c924d627,PASS,downloaded,2026-08-30T09:25:44+00:00,
HPGP_GLOBAL,LAT-027,assembly,GCA_035125245.1,https://ftp.ncbi.nlm.nih.gov/genomes/all/GCA/035/125/245/GCA_035125245.1_ASM3512524v1/GCA_035125245.1_ASM3512524v1_genomic.fna.gz,data/raw/assemblies/HPGP_GLOBAL/LAT-027.fna.gz,,,,463550,bb0ec57d7ce0eb4d319de3e5d03c8221cc589787701198d41c32873dc0e3038e,d8f9eb74c34ef7a86404b5668334e309,PASS,downloaded,2026-08-30T09:25:49+00:00,
HPGP_GLOBAL,LAT-029,assembly,GCA_035123255.1,https://ftp.ncbi.nlm.nih.gov/genomes/all/GCA/035/123/255/GCA_035123255.1_ASM3512325v1/GCA_035123255.1_ASM3512325v1_genomic.fna.gz,data/raw/assemblies/HPGP_GLOBAL/LAT-029.fna.gz,,,,479713,ab4c33c98f2a22d9f9e522679c66ba7520f34673ba161bc29d324ab3e4b619cc,3c4359cfd959df813d99ff413ad287c9,PASS,downloaded,2026-08-30T09:25:56+00:00,
HPGP_GLOBAL,LIT-001,assembly,GCA_035121615.1,https://ftp.ncbi.nlm.nih.gov/genomes/all/GCA/035/121/615/GCA_035121615.1_ASM3512161v1/GCA_035121615.1_ASM3512161v1_genomic.fna.gz,data/raw/assemblies/HPGP_GLOBAL/LIT-001.fna.gz,,,,483861,ec635777d0a547977f53d916d66712a123467cc84023c04229ef385d2eaffa2a,c3936cb3058893f937df601eb7ed91b2,PASS,downloaded,2026-08-30T09:26:10+00:00,
HPGP_GLOBAL,LIT-003,assembly,GCA_035119535.1,https://ftp.ncbi.nlm.nih.gov/genomes/all/GCA/035/119/535/GCA_035119535.1_ASM3511953v1/GCA_035119535.1_ASM3511953v1_genomic.fna.gz,data/raw/assemblies/HPGP_GLOBAL/LIT-003.fna.gz,,,,477037,0924971e3b5ae3c714aac6eb0b1de76f0cb7fc85e7c0a47dadc7e6e6b071b1ec,66f232dc6d2cdf3cee95cc29509b0a54,PASS,downloaded,2026-08-30T09:26:13+00:00,
HPGP_GLOBAL,LIT-006,assembly,GCA_035117915.1,https://ftp.ncbi.nlm.nih.gov/genomes/all/GCA/035/117/915/GCA_035117915.1_ASM3511791v1/GCA_035117915.1_ASM3511791v1_genomic.fna.gz,data/raw/assemblies/HPGP_GLOBAL/LIT-006.fna.gz,,,,471619,a0087f3e22b2ee931d5ebfd3b01818e9da65a934403df2eb509126ed7fa24483,e43f0114ef2701cb2d0739a93003606c,PASS,downloaded,2026-08-30T09:26:27+00:00,
HPGP_GLOBAL,LIT-008,assembly,GCA_035117875.1,https://ftp.ncbi.nlm.nih.gov/genomes/all/GCA/035/117/875/GCA_035117875.1_ASM3511787v1/GCA_035117875.1_ASM3511787v1_genomic.fna.gz,data/raw/assemblies/HPGP_GLOBAL/LIT-008.fna.gz,,,,448774,7ad997c78aaa0871b773aac022c3f85f1ae1c4a29eb78432e2ce0361f51eaa4c,99da2a9fd9fd8ba595ca395dd9c07eaf,PASS,downloaded,2026-08-30T09:26:32+00:00,
HPGP_GLOBAL,LIT-010,assembly,GCA_035117855.1,https://ftp.ncbi.nlm.nih.gov/genomes/all/GCA/035/117/855/GCA_035117855.1_ASM3511785v1/GCA_035117855.1_ASM3511785v1_genomic.fna.gz,data/raw/assemblies/HPGP_GLOBAL/LIT-010.fna.gz,,,,484132,e649fdba53ec2e76fc47ff0efb9889e74ba0c7e11ec24522bb9ce4b8f00c68b2,9b3f21ab1af320913dd693d1731fa9ec,PASS,downloaded,2026-08-30T09:26:42+00:00,
HPGP_GLOBAL,LIT-013,assembly,GCA_035117815.1,https://ftp.ncbi.nlm.nih.gov/genomes/all/GCA/035/117/815/GCA_035117815.1_ASM3511781v1/GCA_035117815.1_ASM3511781v1_genomic.fna.gz,data/raw/assemblies/HPGP_GLOBAL/LIT-013.fna.gz,,,,477308,316983c8dd899439320e0a07e8935fd47a1f22a5b7bc3c6aacc983e14f30c710,a8ae1fdeb0bcf092cc2f69a89d0b164b,PASS,downloaded,2026-08-30T09:26:45+00:00,
HPGP_GLOBAL,LIT-020,assembly,GCA_035117795.1,https://ftp.ncbi.nlm.nih.gov/genomes/all/GCA/035/117/795/GCA_035117795.1_ASM3511779v1/GCA_035117795.1_ASM3511779v1_genomic.fna.gz,data/raw/assemblies/HPGP_GLOBAL/LIT-020.fna.gz,,,,464750,95967808597d23fce7a34b15bc994097d613d553754a09f1952e63844cf74bd3,7ec14892b2e44dbfdf0c0fd3b7688a56,PASS,downloaded,2026-08-30T09:26:54+00:00,
HPGP_GLOBAL,LIT-021,assembly,GCA_035054865.1,https://ftp.ncbi.nlm.nih.gov/genomes/all/GCA/035/054/865/GCA_035054865.1_ASM3505486v1/GCA_035054865.1_ASM3505486v1_genomic.fna.gz,data/raw/assemblies/HPGP_GLOBAL/LIT-021.fna.gz,,,,486774,ecb88ca42de15304236ac6e127fe3c434a524e6abab4f853293446fbb7f8f456,50403d357f24428dc7081ccffe013f43,PASS,downloaded,2026-08-30T09:27:04+00:00,
HPGP_GLOBAL,LIT-025,assembly,GCA_035117615.1,https://ftp.ncbi.nlm.nih.gov/genomes/all/GCA/035/117/615/GCA_035117615.1_ASM3511761v1/GCA_035117615.1_ASM3511761v1_genomic.fna.gz,data/raw/assemblies/HPGP_GLOBAL/LIT-025.fna.gz,,,,482171,36a7ebf4b093251a54596d8899dea727e18bd23be66d0de95b8d5d263a839401,53b2b9b25f606a4544eb276711b7762a,PASS,downloaded,2026-08-30T09:27:14+00:00,
HPGP_GLOBAL,LIT-028,assembly,GCA_035053025.1,https://ftp.ncbi.nlm.nih.gov/genomes/all/GCA/035/053/025/GCA_035053025.1_ASM3505302v1/GCA_035053025.1_ASM3505302v1_genomic.fna.gz,data/raw/assemblies/HPGP_GLOBAL/LIT-028.fna.gz,,,,482430,c87800008e60dec15ad93ebc7e03f2b8f2e6368ee27d9535997e635951799127,316f47c46e8a7f09dc26b24bab6077c8,PASS,downloaded,2026-08-30T09:27:16+00:00,
HPGP_GLOBAL,LIT-032,assembly,GCA_035051445.1,https://ftp.ncbi.nlm.nih.gov/genomes/all/GCA/035/051/445/GCA_035051445.1_ASM3505144v1/GCA_035051445.1_ASM3505144v1_genomic.fna.gz,data/raw/assemblies/HPGP_GLOBAL/LIT-032.fna.gz,,,,467301,2c1e425a989f6d568c99af24c694f160cb4b36eb32a4fc297a0c0afea4d6cf3f,bc23bddaca24dd7c2a53bd9355974e79,PASS,downloaded,2026-08-30T09:27:24+00:00,
HPGP_GLOBAL,LIT-041,assembly,GCA_035050625.1,https://ftp.ncbi.nlm.nih.gov/genomes/all/GCA/035/050/625/GCA_035050625.1_ASM3505062v1/GCA_035050625.1_ASM3505062v1_genomic.fna.gz,data/raw/assemblies/HPGP_GLOBAL/LIT-041.fna.gz,,,,479109,c87cec706404b838165c5be84a9b9d682ee779a308856506f8f1e9837f4e0a98,bf0a2bc6db5dbce84792a4c81728d4ee,PASS,downloaded,2026-08-30T09:27:43+00:00,
HPGP_GLOBAL,MAL-003,assembly,GCA_035117155.1,https://ftp.ncbi.nlm.nih.gov/genomes/all/GCA/035/117/155/GCA_035117155.1_ASM3511715v1/GCA_035117155.1_ASM3511715v1_genomic.fna.gz,data/raw/assemblies/HPGP_GLOBAL/MAL-003.fna.gz,,,,462815,8c860676e719ea4991849765000bf5f66d3bf81bc223b89758b42dcbcbb37249,945bf3236613a903d093f97f1c316788,PASS,downloaded,2026-08-30T09:27:55+00:00,
HPGP_GLOBAL,MAL-005,assembly,GCA_035117085.1,https://ftp.ncbi.nlm.nih.gov/genomes/all/GCA/035/117/085/GCA_035117085.1_ASM3511708v1/GCA_035117085.1_ASM3511708v1_genomic.fna.gz,data/raw/assemblies/HPGP_GLOBAL/MAL-005.fna.gz,,,,457830,b5682f69926d0f094db01c655de6e1322282b6fb0a3c4a99b12766d3be54c4f8,b0dba53bdf44bfcb4bd17e706dd6bc0d,PASS,downloaded,2026-08-30T09:27:52+00:00,
HPGP_GLOBAL,MAL-006,assembly,GCA_035117065.1,https://ftp.ncbi.nlm.nih.gov/genomes/all/GCA/035/117/065/GCA_035117065.1_ASM3511706v1/GCA_035117065.1_ASM3511706v1_genomic.fna.gz,data/raw/assemblies/HPGP_GLOBAL/MAL-006.fna.gz,,,,480456,51467ef680325148383748a01c8715d8ca659b26c38992ce18adfe0d5d643a48,d2129f70dde4be2e4e33c0824cd88532,PASS,downloaded,2026-08-30T09:27:49+00:00,
HPGP_GLOBAL,MAL-007,assembly,GCA_035117045.1,https://ftp.ncbi.nlm.nih.gov/genomes/all/GCA/035/117/045/GCA_035117045.1_ASM3511704v1/GCA_035117045.1_ASM3511704v1_genomic.fna.gz,data/raw/assemblies/HPGP_GLOBAL/MAL-007.fna.gz,,,,489692,b094b37c191a2647f1ec909a49a45da8379fac610ffe025dbf7fa606dffc9b17,522435082b9ceb77637a597a8de9bbed,PASS,downloaded,2026-08-30T09:30:46+00:00,
HPGP_GLOBAL,MAL-012,assembly,GCA_035115545.1,https://ftp.ncbi.nlm.nih.gov/genomes/all/GCA/035/115/545/GCA_035115545.1_ASM3511554v1/GCA_035115545.1_ASM3511554v1_genomic.fna.gz,data/raw/assemblies/HPGP_GLOBAL/MAL-012.fna.gz,,,,459381,9fd5b53b2a0867362aa34f032d77b25629845ad786823714bb6fe250c341d0bc,02b4afea970163a98193ed87fbbbe4e2,PASS,downloaded,2026-08-30T09:30:44+00:00,
HPGP_GLOBAL,MAL-018,assembly,GCA_035112185.1,https://ftp.ncbi.nlm.nih.gov/genomes/all/GCA/035/112/185/GCA_035112185.1_ASM3511218v1/GCA_035112185.1_ASM3511218v1_genomic.fna.gz,data/raw/assemblies/HPGP_GLOBAL/MAL-018.fna.gz,,,,468610,a05b71c464f094024aeb5ab22784f45a285c8e7b5ee141b31e73bb10e09d04e6,81de5adbfdf36a72c2f9b4e7c68de22b,PASS,downloaded,2026-08-30T09:30:58+00:00,
HPGP_GLOBAL,MAL-019,assembly,GCA_035111225.1,https://ftp.ncbi.nlm.nih.gov/genomes/all/GCA/035/111/225/GCA_035111225.1_ASM3511122v1/GCA_035111225.1_ASM3511122v1_genomic.fna.gz,data/raw/assemblies/HPGP_GLOBAL/MAL-019.fna.gz,,,,467040,cfb79dc7e33239b0208645e4282dee8c80bceb017415183b9cbbb3a034318cd3,08859d17d9bd7947802a1764bb15effa,PASS,downloaded,2026-08-30T09:30:41+00:00,
HPGP_GLOBAL,MAL-021,assembly,GCA_035109285.1,https://ftp.ncbi.nlm.nih.gov/genomes/all/GCA/035/109/285/GCA_035109285.1_ASM3510928v1/GCA_035109285.1_ASM3510928v1_genomic.fna.gz,data/raw/assemblies/HPGP_GLOBAL/MAL-021.fna.gz,,,,478834,79fa1cd8f630d68931f4efc26a9409cc5f857e6eb4f4ab9438368750dbe3699c,84c407789c268c485c3cc8728e22851a,PASS,downloaded,2026-08-30T09:31:14+00:00,
HPGP_GLOBAL,MAL-023,assembly,GCA_035108005.1,https://ftp.ncbi.nlm.nih.gov/genomes/all/GCA/035/108/005/GCA_035108005.1_ASM3510800v1/GCA_035108005.1_ASM3510800v1_genomic.fna.gz,data/raw/assemblies/HPGP_GLOBAL/MAL-023.fna.gz,,,,457061,90f88e87c30f9acb5e3438609915a15689226eeac309e77b5d5e127d8d2daa7b,f31c1d4c0f04429491d40ced182c239c,PASS,downloaded,2026-08-30T09:31:18+00:00,
HPGP_GLOBAL,MEX-001,assembly,GCA_035106305.1,https://ftp.ncbi.nlm.nih.gov/genomes/all/GCA/035/106/305/GCA_035106305.1_ASM3510630v1/GCA_035106305.1_ASM3510630v1_genomic.fna.gz,data/raw/assemblies/HPGP_GLOBAL/MEX-001.fna.gz,,,,492983,7059082618b2216d88ae0da36f1ec0766090bfe2aaf7ca9f9e09c3594daae8d7,c513aa5b6dfbd592e56366e8a2d06d77,PASS,downloaded,2026-08-30T09:31:23+00:00,
HPGP_GLOBAL,MEX-002,assembly,GCA_035105485.1,https://ftp.ncbi.nlm.nih.gov/genomes/all/GCA/035/105/485/GCA_035105485.1_ASM3510548v1/GCA_035105485.1_ASM3510548v1_genomic.fna.gz,data/raw/assemblies/HPGP_GLOBAL/MEX-002.fna.gz,,,,484311,6130d46359ca4e8ef0c4c47fb3df048982d1080c4aa49c7c1069fea03df38d10,f22d85011319768c0bb6f4632a8d6738,PASS,downloaded,2026-08-30T09:31:35+00:00,
HPGP_GLOBAL,MEX-003,assembly,GCA_035104665.1,https://ftp.ncbi.nlm.nih.gov/genomes/all/GCA/035/104/665/GCA_035104665.1_ASM3510466v1/GCA_035104665.1_ASM3510466v1_genomic.fna.gz,data/raw/assemblies/HPGP_GLOBAL/MEX-003.fna.gz,,,,482260,64812e79409a6955748bd36f38e7377b71c0089966752471429c90cb44ab1f65,20879b099bd1c2dcd6eabfe90e397b99,PASS,downloaded,2026-08-30T09:31:46+00:00,
HPGP_GLOBAL,MEX-004,assembly,GCA_035104495.1,https://ftp.ncbi.nlm.nih.gov/genomes/all/GCA/035/104/495/GCA_035104495.1_ASM3510449v1/GCA_035104495.1_ASM3510449v1_genomic.fna.gz,data/raw/assemblies/HPGP_GLOBAL/MEX-004.fna.gz,,,,468808,e1e537e203b75ce1662d6c6ef87a00aff24d655d82e9f35dd662b32284e0cab3,233bbbd4d1202781a39cd585f11a5fcd,PASS,downloaded,2026-08-30T09:31:49+00:00,
HPGP_GLOBAL,MEX-007,assembly,GCA_035103015.1,https://ftp.ncbi.nlm.nih.gov/genomes/all/GCA/035/103/015/GCA_035103015.1_ASM3510301v1/GCA_035103015.1_ASM3510301v1_genomic.fna.gz,data/raw/assemblies/HPGP_GLOBAL/MEX-007.fna.gz,,,,455696,460570b2c9a48fc609ba6889cee7ce1f7a82edb376783bb932ac550368fe2d75,1d06bab048ff136b641a90305e239f32,PASS,downloaded,2026-08-30T09:31:58+00:00,
HPGP_GLOBAL,MEX-008,assembly,GCA_035102095.1,https://ftp.ncbi.nlm.nih.gov/genomes/all/GCA/035/102/095/GCA_035102095.1_ASM3510209v1/GCA_035102095.1_ASM3510209v1_genomic.fna.gz,data/raw/assemblies/HPGP_GLOBAL/MEX-008.fna.gz,,,,474701,8e6983528e9ee5ed1446ac2ebd66a4c9fed6706f0b0b817d255c7da404cd8319,aa44b534d7b9982b4cd4d2381daded79,PASS,downloaded,2026-08-30T09:32:08+00:00,
HPGP_GLOBAL,MEX-009,assembly,GCA_035101275.1,https://ftp.ncbi.nlm.nih.gov/genomes/all/GCA/035/101/275/GCA_035101275.1_ASM3510127v1/GCA_035101275.1_ASM3510127v1_genomic.fna.gz,data/raw/assemblies/HPGP_GLOBAL/MEX-009.fna.gz,,,,453886,d9f0366d212b25837eee446d6318de4637849f5ffc78b21ae3cca6f8f1acf7df,bcd132954e58b0d543fd835408ce943d,PASS,downloaded,2026-08-30T09:32:20+00:00,
HPGP_GLOBAL,MEX-012,assembly,GCA_035099675.1,https://ftp.ncbi.nlm.nih.gov/genomes/all/GCA/035/099/675/GCA_035099675.1_ASM3509967v1/GCA_035099675.1_ASM3509967v1_genomic.fna.gz,data/raw/assemblies/HPGP_GLOBAL/MEX-012.fna.gz,,,,477579,5b792756ea62abe6d7176a9c6d410a15df1bc4519bdce4c9f933f7b4064a1b1f,53e641557680152fd55bab542e7fcb38,PASS,downloaded,2026-08-30T09:32:15+00:00,
HPGP_GLOBAL,MEX-023,assembly,GCA_035099075.1,https://ftp.ncbi.nlm.nih.gov/genomes/all/GCA/035/099/075/GCA_035099075.1_ASM3509907v1/GCA_035099075.1_ASM3509907v1_genomic.fna.gz,data/raw/assemblies/HPGP_GLOBAL/MEX-023.fna.gz,,,,461550,119d7473cadce2ded14c03895d8800ecfe4d263e5289fd4d3cd09796a46c816e,3e1bd71ed45fbdadc4696a6c2393948c,PASS,downloaded,2026-08-30T09:32:33+00:00,
HPGP_GLOBAL,MEX-024,assembly,GCA_035098295.1,https://ftp.ncbi.nlm.nih.gov/genomes/all/GCA/035/098/295/GCA_035098295.1_ASM3509829v1/GCA_035098295.1_ASM3509829v1_genomic.fna.gz,data/raw/assemblies/HPGP_GLOBAL/MEX-024.fna.gz,,,,478078,ab9cb949562b4370cb80c6d0cb8a62ba6fb8e348aaec1f44410a6f9e70fa3f9e,10df6da66b218be317ed789d33ec6916,PASS,downloaded,2026-08-30T09:32:42+00:00,
HPGP_GLOBAL,MEX-027,assembly,GCA_035097795.1,https://ftp.ncbi.nlm.nih.gov/genomes/all/GCA/035/097/795/GCA_035097795.1_ASM3509779v1/GCA_035097795.1_ASM3509779v1_genomic.fna.gz,data/raw/assemblies/HPGP_GLOBAL/MEX-027.fna.gz,,,,480955,f9603f434f4f0315606e56fce32b70a93c59516469db63b53a64ab1a9b4e51bd,365396c334b8b5b6ef80dd8761ba8745,PASS,downloaded,2026-08-30T09:33:16+00:00,
HPGP_GLOBAL,MEX-028,assembly,GCA_035097095.1,https://ftp.ncbi.nlm.nih.gov/genomes/all/GCA/035/097/095/GCA_035097095.1_ASM3509709v1/GCA_035097095.1_ASM3509709v1_genomic.fna.gz,data/raw/assemblies/HPGP_GLOBAL/MEX-028.fna.gz,,,,450975,8086beed51f5d6786eda0458770763b06a47ef072f79911c9f37c3b92fcf6e5e,20ab617d96c534cab1062ad400f67608,PASS,downloaded,2026-08-30T09:32:58+00:00,
HPGP_GLOBAL,MEX-032,assembly,GCA_035096475.1,https://ftp.ncbi.nlm.nih.gov/genomes/all/GCA/035/096/475/GCA_035096475.1_ASM3509647v1/GCA_035096475.1_ASM3509647v1_genomic.fna.gz,data/raw/assemblies/HPGP_GLOBAL/MEX-032.fna.gz,,,,471353,0177528e4d8f9a115c07c64be6b1978a2c92e24aaa19b0d1561a56b4b59960c6,332cfa34353865a83be02e8e92f02f54,PASS,downloaded,2026-08-30T09:33:31+00:00,
HPGP_GLOBAL,MEX-035,assembly,GCA_035095755.1,https://ftp.ncbi.nlm.nih.gov/genomes/all/GCA/035/095/755/GCA_035095755.1_ASM3509575v1/GCA_035095755.1_ASM3509575v1_genomic.fna.gz,data/raw/assemblies/HPGP_GLOBAL/MEX-035.fna.gz,,,,471723,312abd3125ce299641da8f319d2713cb7704e1441a50354e8001d9418563755b,418a8b7d76735c04bc8ea0c16c0c1619,PASS,downloaded,2026-08-30T09:33:42+00:00,
HPGP_GLOBAL,MEX-040,assembly,GCA_035094615.1,https://ftp.ncbi.nlm.nih.gov/genomes/all/GCA/035/094/615/GCA_035094615.1_ASM3509461v1/GCA_035094615.1_ASM3509461v1_genomic.fna.gz,data/raw/assemblies/HPGP_GLOBAL/MEX-040.fna.gz,,,,480058,5bfbc95927f9ece1846f063b472b97911a29ae6d901754464c7396cf8a7a4d28,0c2438209cbe03c28790b3e94250c699,PASS,downloaded,2026-08-30T09:33:47+00:00,
HPGP_GLOBAL,MEX-041,assembly,GCA_035093675.1,https://ftp.ncbi.nlm.nih.gov/genomes/all/GCA/035/093/675/GCA_035093675.1_ASM3509367v1/GCA_035093675.1_ASM3509367v1_genomic.fna.gz,data/raw/assemblies/HPGP_GLOBAL/MEX-041.fna.gz,,,,477409,b612f41d1c0fc5fee0622b96828063f8f82b5206eaceef00c9c066b1900f06ce,d5fbf025eaf8ae70fbfbb65f27555729,PASS,downloaded,2026-08-30T09:33:41+00:00,
HPGP_GLOBAL,MEX-043,assembly,GCA_035093545.1,https://ftp.ncbi.nlm.nih.gov/genomes/all/GCA/035/093/545/GCA_035093545.1_ASM3509354v1/GCA_035093545.1_ASM3509354v1_genomic.fna.gz,data/raw/assemblies/HPGP_GLOBAL/MEX-043.fna.gz,,,,477972,e2016f6aedfe424e8366d4ae54ab8a7c86ac4a205eb7bd5e0e4aeab34b2c93cc,b61e61154c3c8f942035cba675fbf820,PASS,downloaded,2026-08-30T09:33:57+00:00,
HPGP_GLOBAL,MEX-046,assembly,GCA_035048555.1,https://ftp.ncbi.nlm.nih.gov/genomes/all/GCA/035/048/555/GCA_035048555.1_ASM3504855v1/GCA_035048555.1_ASM3504855v1_genomic.fna.gz,data/raw/assemblies/HPGP_GLOBAL/MEX-046.fna.gz,,,,489374,8b1277914df06ac0c347f0f4535ed82dbfea176bc8a753f1fc84568a14be49f1,b2930ece55da9707584d1392a1453af4,PASS,downloaded,2026-08-30T09:34:19+00:00,
HPGP_GLOBAL,NGA-010,assembly,GCA_035033625.1,https://ftp.ncbi.nlm.nih.gov/genomes/all/GCA/035/033/625/GCA_035033625.1_ASM3503362v1/GCA_035033625.1_ASM3503362v1_genomic.fna.gz,data/raw/assemblies/HPGP_GLOBAL/NGA-010.fna.gz,,,,473852,4db38dd606e6daf0cf54c50260e9954ac6dcd7f7f4bc4f7f6f25d274c839376f,de18e8b3e4ac4b06b74f7148a190eb20,PASS,downloaded,2026-08-30T09:34:08+00:00,
HPGP_GLOBAL,NGA-019,assembly,GCA_035031985.1,https://ftp.ncbi.nlm.nih.gov/genomes/all/GCA/035/031/985/GCA_035031985.1_ASM3503198v1/GCA_035031985.1_ASM3503198v1_genomic.fna.gz,data/raw/assemblies/HPGP_GLOBAL/NGA-019.fna.gz,,,,477105,35e2fcecc4b892a4a151c6e18cce9f1f05e9c36d0fae3e8a0a88e734ae73c129,104676b27cb3db0e18f710eb0699cea1,PASS,downloaded,2026-08-30T09:34:11+00:00,
HPGP_GLOBAL,PER-013,assembly,GCA_035063425.1,https://ftp.ncbi.nlm.nih.gov/genomes/all/GCA/035/063/425/GCA_035063425.1_ASM3506342v1/GCA_035063425.1_ASM3506342v1_genomic.fna.gz,data/raw/assemblies/HPGP_GLOBAL/PER-013.fna.gz,,,,487691,fb47239419c91f50e34264c40ff30df3e4e9cb36c0f358b53c95009216c0d8dd,0ead2fe5bed0983970bf02f3f6632c37,PASS,downloaded,2026-08-30T09:34:31+00:00,
HPGP_GLOBAL,PER-017,assembly,GCA_035063365.1,https://ftp.ncbi.nlm.nih.gov/genomes/all/GCA/035/063/365/GCA_035063365.1_ASM3506336v1/GCA_035063365.1_ASM3506336v1_genomic.fna.gz,data/raw/assemblies/HPGP_GLOBAL/PER-017.fna.gz,,,,503287,224fe74713692461d75e87f9a84f285a5554ac195cdca8d2bf4fe2338975f155,65f5d91624b05b216cc2e2621e2b8927,PASS,downloaded,2026-08-30T09:34:35+00:00,
HPGP_GLOBAL,PER-018,assembly,GCA_035063345.1,https://ftp.ncbi.nlm.nih.gov/genomes/all/GCA/035/063/345/GCA_035063345.1_ASM3506334v1/GCA_035063345.1_ASM3506334v1_genomic.fna.gz,data/raw/assemblies/HPGP_GLOBAL/PER-018.fna.gz,,,,480593,63a00492011870a3529cd6f118e8b98fe5a7f9faab4a29317066623414397af0,a50af25994d47ec1f339fe0ff8ec1c0c,PASS,downloaded,2026-08-30T09:34:19+00:00,
HPGP_GLOBAL,PER-020,assembly,GCA_035063305.1,https://ftp.ncbi.nlm.nih.gov/genomes/all/GCA/035/063/305/GCA_035063305.1_ASM3506330v1/GCA_035063305.1_ASM3506330v1_genomic.fna.gz,data/raw/assemblies/HPGP_GLOBAL/PER-020.fna.gz,,,,486826,207cc6b40dd3bb4f9a7fd16f2d04a6cf739521e3e69a2d28120c382b5b7705aa,8ce83246b621c225ae0251820c75c98b,PASS,downloaded,2026-08-30T09:35:48+00:00,
HPGP_GLOBAL,PER-101,assembly,GCA_035017585.1,https://ftp.ncbi.nlm.nih.gov/genomes/all/GCA/035/017/585/GCA_035017585.1_ASM3501758v1/GCA_035017585.1_ASM3501758v1_genomic.fna.gz,data/raw/assemblies/HPGP_GLOBAL/PER-101.fna.gz,,,,475852,1cfe86b93d3a2bcf334c26ee0f339376095431e22b2bef5147c40a5d0477584a,5eb9a8fc9bbcce189f418788b338d639,PASS,downloaded,2026-08-30T09:35:30+00:00,
HPGP_GLOBAL,PER-103,assembly,GCA_035014105.1,https://ftp.ncbi.nlm.nih.gov/genomes/all/GCA/035/014/105/GCA_035014105.1_ASM3501410v1/GCA_035014105.1_ASM3501410v1_genomic.fna.gz,data/raw/assemblies/HPGP_GLOBAL/PER-103.fna.gz,,,,479021,f42fbb44758a7c9c72453c9f3ff0bbc27bebfde25dfbe97e6b90d5414e0f7faa,08d2ce80675659bf0a7aac1a23e8ea6e,PASS,downloaded,2026-08-30T09:35:39+00:00,
HPGP_GLOBAL,PER-104,assembly,GCA_035012125.1,https://ftp.ncbi.nlm.nih.gov/genomes/all/GCA/035/012/125/GCA_035012125.1_ASM3501212v1/GCA_035012125.1_ASM3501212v1_genomic.fna.gz,data/raw/assemblies/HPGP_GLOBAL/PER-104.fna.gz,,,,484595,dfb101af14a70674f29234f9f31ee055ee44a6308d0bb0d2cafdbe5ca59d3064,be90b35ea22a65c15c0ac4dd5e90b35a,PASS,downloaded,2026-08-30T09:35:12+00:00,
HPGP_GLOBAL,PER-107,assembly,GCA_035006465.1,https://ftp.ncbi.nlm.nih.gov/genomes/all/GCA/035/006/465/GCA_035006465.1_ASM3500646v1/GCA_035006465.1_ASM3500646v1_genomic.fna.gz,data/raw/assemblies/HPGP_GLOBAL/PER-107.fna.gz,,,,487225,e3ecfcf4fd9e3ee81fa63b3f4e0af1e83e1d7df3598ab84d5e9b061dc1722c76,12c9a048564c75602169e5e1bef6c099,PASS,downloaded,2026-08-30T09:39:03+00:00,
HPGP_GLOBAL,PER-112,assembly,GCA_034993505.1,https://ftp.ncbi.nlm.nih.gov/genomes/all/GCA/034/993/505/GCA_034993505.1_ASM3499350v1/GCA_034993505.1_ASM3499350v1_genomic.fna.gz,data/raw/assemblies/HPGP_GLOBAL/PER-112.fna.gz,,,,477280,eb41244b8d2a87144ef4819158993744951d88e66128cf95c46a336ee92e979c,589d1e94d33085170e0b8ffe2dbf4ad0,PASS,downloaded,2026-08-30T09:36:01+00:00,
HPGP_GLOBAL,PER-116,assembly,GCA_034986765.1,https://ftp.ncbi.nlm.nih.gov/genomes/all/GCA/034/986/765/GCA_034986765.1_ASM3498676v1/GCA_034986765.1_ASM3498676v1_genomic.fna.gz,data/raw/assemblies/HPGP_GLOBAL/PER-116.fna.gz,,,,488641,61b7879b15f9331051ba78543bb1d533c5591382b25e857f8e24f14642196227,31b27cda4f3a1933d70e5dd2488b8f17,PASS,downloaded,2026-08-30T09:36:08+00:00,
HPGP_GLOBAL,PER-117,assembly,GCA_034985765.1,https://ftp.ncbi.nlm.nih.gov/genomes/all/GCA/034/985/765/GCA_034985765.1_ASM3498576v1/GCA_034985765.1_ASM3498576v1_genomic.fna.gz,data/raw/assemblies/HPGP_GLOBAL/PER-117.fna.gz,,,,488435,09e0b49f06efc46a121602d11017c0b724adb47e92de5dd53100d3e14b9b04ce,59863a425a1ed7632105627f696d1106,PASS,downloaded,2026-08-30T09:36:13+00:00,
HPGP_GLOBAL,PER-124,assembly,GCA_034982865.1,https://ftp.ncbi.nlm.nih.gov/genomes/all/GCA/034/982/865/GCA_034982865.1_ASM3498286v1/GCA_034982865.1_ASM3498286v1_genomic.fna.gz,data/raw/assemblies/HPGP_GLOBAL/PER-124.fna.gz,,,,477002,c498e03de3f43fb80f8564b86be842cb32ca2e651e2b0d71b91d18e3929477d1,7588fbb1715139d7c58d167122514ed0,PASS,downloaded,2026-08-30T09:36:26+00:00,
HPGP_GLOBAL,PER-138,assembly,GCA_034980485.1,https://ftp.ncbi.nlm.nih.gov/genomes/all/GCA/034/980/485/GCA_034980485.1_ASM3498048v1/GCA_034980485.1_ASM3498048v1_genomic.fna.gz,data/raw/assemblies/HPGP_GLOBAL/PER-138.fna.gz,,,,485916,8e997556f450cfa31b1dcff8f4a7877577da028598648a3879b31a5010bf0a2a,0778ec4c5bcecbd89c71dbca48fd4208,PASS,downloaded,2026-08-30T09:36:36+00:00,
HPGP_GLOBAL,PER-140,assembly,GCA_034979705.1,https://ftp.ncbi.nlm.nih.gov/genomes/all/GCA/034/979/705/GCA_034979705.1_ASM3497970v1/GCA_034979705.1_ASM3497970v1_genomic.fna.gz,data/raw/assemblies/HPGP_GLOBAL/PER-140.fna.gz,,,,476266,63df09473fae9c583dfcda7aaf547a99ba328865d35b0695fcaaccd747879c78,b8066a7c46b88d2bf96ef23eccf2ab62,PASS,downloaded,2026-08-30T09:36:49+00:00,
HPGP_GLOBAL,POL-004,assembly,GCA_034976125.1,https://ftp.ncbi.nlm.nih.gov/genomes/all/GCA/034/976/125/GCA_034976125.1_ASM3497612v1/GCA_034976125.1_ASM3497612v1_genomic.fna.gz,data/raw/assemblies/HPGP_GLOBAL/POL-004.fna.gz,,,,460318,8386c4b15fd137070b49f3fc913d99c97eacaea7e268659e004c56362533207b,f1a86c3ce65821b6eb06b606341a6e0e,PASS,downloaded,2026-08-30T09:37:01+00:00,
HPGP_GLOBAL,POL-005,assembly,GCA_034975265.1,https://ftp.ncbi.nlm.nih.gov/genomes/all/GCA/034/975/265/GCA_034975265.1_ASM3497526v1/GCA_034975265.1_ASM3497526v1_genomic.fna.gz,data/raw/assemblies/HPGP_GLOBAL/POL-005.fna.gz,,,,474964,10e1e78aff92de0db0cfa4b72c1a07f86bc8adb93d7b8990125884cd6753b785,be3822e57a98d38c08a46f5498225730,PASS,downloaded,2026-08-30T09:37:12+00:00,
HPGP_GLOBAL,POL-006,assembly,GCA_034974505.1,https://ftp.ncbi.nlm.nih.gov/genomes/all/GCA/034/974/505/GCA_034974505.1_ASM3497450v1/GCA_034974505.1_ASM3497450v1_genomic.fna.gz,data/raw/assemblies/HPGP_GLOBAL/POL-006.fna.gz,,,,450440,f2472b2dd900a5012bd316fa87acdf255f9b706a63d20b4a2a88e78ead1030c4,f628bc7b0521db49d1b46affb31e7ced,PASS,downloaded,2026-08-30T09:37:19+00:00,
HPGP_GLOBAL,POL-007,assembly,GCA_034973925.1,https://ftp.ncbi.nlm.nih.gov/genomes/all/GCA/034/973/925/GCA_034973925.1_ASM3497392v1/GCA_034973925.1_ASM3497392v1_genomic.fna.gz,data/raw/assemblies/HPGP_GLOBAL/POL-007.fna.gz,,,,485466,48f2dc0f7a5c329ac36d49a017f4ab1b5423ab2be7f014602177f396d2a2cffb,21f59c806880750ed4dfa8d00f53f97d,PASS,downloaded,2026-08-30T09:37:29+00:00,
HPGP_GLOBAL,POL-008,assembly,GCA_034972885.1,https://ftp.ncbi.nlm.nih.gov/genomes/all/GCA/034/972/885/GCA_034972885.1_ASM3497288v1/GCA_034972885.1_ASM3497288v1_genomic.fna.gz,data/raw/assemblies/HPGP_GLOBAL/POL-008.fna.gz,,,,456581,c95a052f0627b208f1b9189cfbb56a549c8b3b08496322f3d0c3a3c0632dcc16,acc3098aa715fd6697606e5e776b5b08,PASS,downloaded,2026-08-30T09:37:43+00:00,
HPGP_GLOBAL,POL-009,assembly,GCA_034972065.1,https://ftp.ncbi.nlm.nih.gov/genomes/all/GCA/034/972/065/GCA_034972065.1_ASM3497206v1/GCA_034972065.1_ASM3497206v1_genomic.fna.gz,data/raw/assemblies/HPGP_GLOBAL/POL-009.fna.gz,,,,483169,b8104434a2e69edf06cf72ffa750abdc74cf0ba1c1d3ec9f38f4dc46619b67a2,dbaf2ed6e28bc32c553c0e4942404e4f,PASS,downloaded,2026-08-30T09:37:43+00:00,
HPGP_GLOBAL,POL-010,assembly,GCA_034971265.1,https://ftp.ncbi.nlm.nih.gov/genomes/all/GCA/034/971/265/GCA_034971265.1_ASM3497126v1/GCA_034971265.1_ASM3497126v1_genomic.fna.gz,data/raw/assemblies/HPGP_GLOBAL/POL-010.fna.gz,,,,470687,481313ed7206b8f927887576ff10b71068bf04e13a0221b80ef200f65a19e8fe,2b3b0a42bcd6e9f90865fce013137200,PASS,downloaded,2026-08-30T09:38:07+00:00,
HPGP_GLOBAL,POL-104,assembly,GCA_034967625.1,https://ftp.ncbi.nlm.nih.gov/genomes/all/GCA/034/967/625/GCA_034967625.1_ASM3496762v1/GCA_034967625.1_ASM3496762v1_genomic.fna.gz,data/raw/assemblies/HPGP_GLOBAL/POL-104.fna.gz,,,,482897,f2f447a49286df17b873abade1a35e778c2f364f723ed46f3dc1acc38a57d5f4,8e98ade2439036210b150546ac94e58e,PASS,downloaded,2026-08-30T09:38:53+00:00,
HPGP_GLOBAL,POL-105,assembly,GCA_034966285.1,https://ftp.ncbi.nlm.nih.gov/genomes/all/GCA/034/966/285/GCA_034966285.1_ASM3496628v1/GCA_034966285.1_ASM3496628v1_genomic.fna.gz,data/raw/assemblies/HPGP_GLOBAL/POL-105.fna.gz,,,,449073,0ef4d46af82df74d3a34861333a451b7033f2b416618fd1305e37332d08e6c0e,7d898de7940e930a975c3d0e2729883b,PASS,downloaded,2026-08-30T09:38:12+00:00,
HPGP_GLOBAL,POL-106,assembly,GCA_034965425.1,https://ftp.ncbi.nlm.nih.gov/genomes/all/GCA/034/965/425/GCA_034965425.1_ASM3496542v1/GCA_034965425.1_ASM3496542v1_genomic.fna.gz,data/raw/assemblies/HPGP_GLOBAL/POL-106.fna.gz,,,,451225,8158dc6c1d72cdc2d6e27f6ff805ff6412876d4bdbe4ca55c485a388295a91d6,c56da23bca5dbd0ad80e279ace719a02,PASS,downloaded,2026-08-30T09:40:09+00:00,
HPGP_GLOBAL,POL-108,assembly,GCA_034963805.1,https://ftp.ncbi.nlm.nih.gov/genomes/all/GCA/034/963/805/GCA_034963805.1_ASM3496380v1/GCA_034963805.1_ASM3496380v1_genomic.fna.gz,data/raw/assemblies/HPGP_GLOBAL/POL-108.fna.gz,,,,451231,13e3ab37c92bf7fc0d3de1401f8ce953831c1a326b490f215d272ade799885fd,1cdd38ec6b9320156720f20f2b27fdd8,PASS,downloaded,2026-08-30T09:39:02+00:00,
HPGP_GLOBAL,POL-110,assembly,GCA_034962325.1,https://ftp.ncbi.nlm.nih.gov/genomes/all/GCA/034/962/325/GCA_034962325.1_ASM3496232v1/GCA_034962325.1_ASM3496232v1_genomic.fna.gz,data/raw/assemblies/HPGP_GLOBAL/POL-110.fna.gz,,,,459617,e6ee94e237458a50fdf9db19378e38f055d6ac867c035c42ed9220e79bac1553,d38f4b596b450bad15c697e286c25f52,PASS,downloaded,2026-08-30T09:39:19+00:00,
HPGP_GLOBAL,POR-002,assembly,GCA_035063245.1,https://ftp.ncbi.nlm.nih.gov/genomes/all/GCA/035/063/245/GCA_035063245.1_ASM3506324v1/GCA_035063245.1_ASM3506324v1_genomic.fna.gz,data/raw/assemblies/HPGP_GLOBAL/POR-002.fna.gz,,,,469715,534f280fd11b459be5b553fd6d309e71c1a0cd3674364dabe1312281728df385,be61c474d459eb3bac1272206ab0600b,PASS,downloaded,2026-08-30T09:39:31+00:00,
HPGP_GLOBAL,POR-003,assembly,GCA_035063225.1,https://ftp.ncbi.nlm.nih.gov/genomes/all/GCA/035/063/225/GCA_035063225.1_ASM3506322v1/GCA_035063225.1_ASM3506322v1_genomic.fna.gz,data/raw/assemblies/HPGP_GLOBAL/POR-003.fna.gz,,,,464734,cee00b1d1ca3164e5c6361a82d3f879e02d357754ac19195c93e176414de8515,268d44acdc66fd5aa820a17186700616,PASS,downloaded,2026-08-30T09:39:33+00:00,
HPGP_GLOBAL,POR-004,assembly,GCA_035063205.1,https://ftp.ncbi.nlm.nih.gov/genomes/all/GCA/035/063/205/GCA_035063205.1_ASM3506320v1/GCA_035063205.1_ASM3506320v1_genomic.fna.gz,data/raw/assemblies/HPGP_GLOBAL/POR-004.fna.gz,,,,477334,07e0ad4d6b7c812665044430b64cb092856d39513855c8393f6edd337dfeb36b,af53bee1988e1494e5f34cf092d9a3e0,PASS,downloaded,2026-08-30T09:39:44+00:00,
HPGP_GLOBAL,POR-005,assembly,GCA_035063185.1,https://ftp.ncbi.nlm.nih.gov/genomes/all/GCA/035/063/185/GCA_035063185.1_ASM3506318v1/GCA_035063185.1_ASM3506318v1_genomic.fna.gz,data/raw/assemblies/HPGP_GLOBAL/POR-005.fna.gz,,,,485638,339f353c1375215130a173feb16976bb43d27cdb5ccb37ce604e07402431887f,6f3b8a1c8fafd003b5a81cfff7ac8a72,PASS,downloaded,2026-08-30T09:40:02+00:00,
HPGP_GLOBAL,POR-010,assembly,GCA_035062845.1,https://ftp.ncbi.nlm.nih.gov/genomes/all/GCA/035/062/845/GCA_035062845.1_ASM3506284v1/GCA_035062845.1_ASM3506284v1_genomic.fna.gz,data/raw/assemblies/HPGP_GLOBAL/POR-010.fna.gz,,,,463310,0b38f7e384c75d85118511487107f9f8b0f39b84f25fe1aaaf59636bc273251a,c64922cc47e12d8da17a26f0cbd3e2f7,PASS,downloaded,2026-08-30T09:40:03+00:00,
HPGP_GLOBAL,POR-018,assembly,GCA_035062105.1,https://ftp.ncbi.nlm.nih.gov/genomes/all/GCA/035/062/105/GCA_035062105.1_ASM3506210v1/GCA_035062105.1_ASM3506210v1_genomic.fna.gz,data/raw/assemblies/HPGP_GLOBAL/POR-018.fna.gz,,,,464867,dd263b4a2e76b5901f0c0461fac167853430f5ac4681bb045ab79ed481504262,ecf9574a625b3cc70cefe75c370dd7c2,PASS,downloaded,2026-08-30T09:40:12+00:00,
HPGP_GLOBAL,POR-104,assembly,GCA_034961025.1,https://ftp.ncbi.nlm.nih.gov/genomes/all/GCA/034/961/025/GCA_034961025.1_ASM3496102v1/GCA_034961025.1_ASM3496102v1_genomic.fna.gz,data/raw/assemblies/HPGP_GLOBAL/POR-104.fna.gz,,,,471891,a25f1c058c78b96e5aab49b64bb780e4ddd628525dc36e2ef495142a7f8f7b0d,8d6b8274c61fd560aefac972e7bc7244,PASS,downloaded,2026-08-30T09:40:37+00:00,
HPGP_GLOBAL,POR-105,assembly,GCA_034960305.1,https://ftp.ncbi.nlm.nih.gov/genomes/all/GCA/034/960/305/GCA_034960305.1_ASM3496030v1/GCA_034960305.1_ASM3496030v1_genomic.fna.gz,data/raw/assemblies/HPGP_GLOBAL/POR-105.fna.gz,,,,468580,46ee22e719e174141f0e9fd735bdaaa10d33468274baf616a59aeea084ceea83,59d508410498d3168945d38b93bced60,PASS,downloaded,2026-08-30T09:40:37+00:00,
HPGP_GLOBAL,POR-106,assembly,GCA_034959325.1,https://ftp.ncbi.nlm.nih.gov/genomes/all/GCA/034/959/325/GCA_034959325.1_ASM3495932v1/GCA_034959325.1_ASM3495932v1_genomic.fna.gz,data/raw/assemblies/HPGP_GLOBAL/POR-106.fna.gz,,,,481800,67aea0aa8b7bd659b2462711e75a7253e31e8b30e7adda6e02df88169cfb4824,07c3184489e5e6021e09e527011728d9,PASS,downloaded,2026-08-30T09:40:29+00:00,
HPGP_GLOBAL,POR-107,assembly,GCA_034958265.1,https://ftp.ncbi.nlm.nih.gov/genomes/all/GCA/034/958/265/GCA_034958265.1_ASM3495826v1/GCA_034958265.1_ASM3495826v1_genomic.fna.gz,data/raw/assemblies/HPGP_GLOBAL/POR-107.fna.gz,,,,460691,3b134686b862eb5e5da51d2f1830d738a4080a89768ec71a29e900cd1dd900ec,51b705a0985b589e7384aeed9192d6f6,PASS,downloaded,2026-08-30T09:40:42+00:00,
HPGP_GLOBAL,POR-109,assembly,GCA_034956305.1,https://ftp.ncbi.nlm.nih.gov/genomes/all/GCA/034/956/305/GCA_034956305.1_ASM3495630v1/GCA_034956305.1_ASM3495630v1_genomic.fna.gz,data/raw/assemblies/HPGP_GLOBAL/POR-109.fna.gz,,,,463501,000cf271a6febd0c4b08c4ed1029ba3a4917e69fc5c26b0e3682d65a50ca2248,72d8094ae86e4a2270d1f9d53060c3f7,PASS,downloaded,2026-08-30T09:41:03+00:00,
HPGP_GLOBAL,POR-112,assembly,GCA_034953905.1,https://ftp.ncbi.nlm.nih.gov/genomes/all/GCA/034/953/905/GCA_034953905.1_ASM3495390v1/GCA_034953905.1_ASM3495390v1_genomic.fna.gz,data/raw/assemblies/HPGP_GLOBAL/POR-112.fna.gz,,,,479481,8cd2371b61b0335c63b8a68dd9507babc7088742afcf257f023ade2537ca93f7,9dab7e1c9938458efd25628e33731344,PASS,downloaded,2026-08-30T09:41:06+00:00,
HPGP_GLOBAL,POR-113,assembly,GCA_034953145.1,https://ftp.ncbi.nlm.nih.gov/genomes/all/GCA/034/953/145/GCA_034953145.1_ASM3495314v1/GCA_034953145.1_ASM3495314v1_genomic.fna.gz,data/raw/assemblies/HPGP_GLOBAL/POR-113.fna.gz,,,,481218,e830149f9e5d7100d6f5b500cc904729ed22dfff30baf489c252fc606b4db42a,eeee404ec48a7f056aedd3c2f916e1ec,PASS,downloaded,2026-08-30T09:41:01+00:00,
HPGP_GLOBAL,POR-114,assembly,GCA_034952185.1,https://ftp.ncbi.nlm.nih.gov/genomes/all/GCA/034/952/185/GCA_034952185.1_ASM3495218v1/GCA_034952185.1_ASM3495218v1_genomic.fna.gz,data/raw/assemblies/HPGP_GLOBAL/POR-114.fna.gz,,,,472453,37d38a3001a8840a0ef56d21822ee30b1fb70da50e984f5d5ac15ef710c255e8,b65f86dcf226c8bf2e577b14b860f867,PASS,downloaded,2026-08-30T09:41:02+00:00,
HPGP_GLOBAL,PRI-001,assembly,GCA_034950785.1,https://ftp.ncbi.nlm.nih.gov/genomes/all/GCA/034/950/785/GCA_034950785.1_ASM3495078v1/GCA_034950785.1_ASM3495078v1_genomic.fna.gz,data/raw/assemblies/HPGP_GLOBAL/PRI-001.fna.gz,,,,456565,2e07d626cb878dc3e539af1e3b08a3b8acc2e2bc33ea4e102fff1c3ba595f116,2105e0732ae209df3455b9a7b6436385,PASS,downloaded,2026-08-30T09:41:30+00:00,
HPGP_GLOBAL,PRI-002,assembly,GCA_034950175.1,https://ftp.ncbi.nlm.nih.gov/genomes/all/GCA/034/950/175/GCA_034950175.1_ASM3495017v1/GCA_034950175.1_ASM3495017v1_genomic.fna.gz,data/raw/assemblies/HPGP_GLOBAL/PRI-002.fna.gz,,,,467772,37223546f2c15f3ac3315198404f88e9e45a22ea9c9866231939ca59ab0e706a,358088f749a306db4616b28fda81bf59,PASS,downloaded,2026-08-30T09:41:32+00:00,
HPGP_GLOBAL,PRI-004,assembly,GCA_034949605.1,https://ftp.ncbi.nlm.nih.gov/genomes/all/GCA/034/949/605/GCA_034949605.1_ASM3494960v1/GCA_034949605.1_ASM3494960v1_genomic.fna.gz,data/raw/assemblies/HPGP_GLOBAL/PRI-004.fna.gz,,,,459309,70a7df0259cb0624ab19121029cc7cfbdf6c44b9507a135d1bf64c4c1286aac0,333398b389b921908689aa7c2e2bd31a,PASS,downloaded,2026-08-30T09:41:23+00:00,
HPGP_GLOBAL,PRI-005,assembly,GCA_034939645.1,https://ftp.ncbi.nlm.nih.gov/genomes/all/GCA/034/939/645/GCA_034939645.1_ASM3493964v1/GCA_034939645.1_ASM3493964v1_genomic.fna.gz,data/raw/assemblies/HPGP_GLOBAL/PRI-005.fna.gz,,,,470857,8347b7482586fb9da5196a2421342b47553de5cb60d08024c017e2fe7aa3bb99,c7464344f431bf56cd6ac4137ab1701e,PASS,downloaded,2026-08-30T09:41:39+00:00,
HPGP_GLOBAL,PRI-006,assembly,GCA_034939625.1,https://ftp.ncbi.nlm.nih.gov/genomes/all/GCA/034/939/625/GCA_034939625.1_ASM3493962v1/GCA_034939625.1_ASM3493962v1_genomic.fna.gz,data/raw/assemblies/HPGP_GLOBAL/PRI-006.fna.gz,,,,469845,647b5f05c05493dba93b34a8e5f761eeb4f0f63939eab8d400a7c11d88ee97fe,bbfffd4c469c48d7766c1ea0575b1eff,PASS,downloaded,2026-08-30T09:41:54+00:00,
HPGP_GLOBAL,RUS-001,assembly,GCA_034908465.1,https://ftp.ncbi.nlm.nih.gov/genomes/all/GCA/034/908/465/GCA_034908465.1_ASM3490846v1/GCA_034908465.1_ASM3490846v1_genomic.fna.gz,data/raw/assemblies/HPGP_GLOBAL/RUS-001.fna.gz,,,,473709,082d55dca4b39002cb897b5934c96fa99a85f1ddd47ec4b022f78bee82a816b0,f9d8e16cae2aba27a92623a254d4a4be,PASS,downloaded,2026-08-30T09:42:00+00:00,
HPGP_GLOBAL,RUS-003,assembly,GCA_034906745.1,https://ftp.ncbi.nlm.nih.gov/genomes/all/GCA/034/906/745/GCA_034906745.1_ASM3490674v1/GCA_034906745.1_ASM3490674v1_genomic.fna.gz,data/raw/assemblies/HPGP_GLOBAL/RUS-003.fna.gz,,,,476512,b99ca347914471fca524656c22019ec83c2073a68944aaccfd4be31a4342c278,9ac163bcbb1fb1ab21c6d1a318e34629,PASS,downloaded,2026-08-30T09:42:09+00:00,
HPGP_GLOBAL,RUS-004,assembly,GCA_034905905.1,https://ftp.ncbi.nlm.nih.gov/genomes/all/GCA/034/905/905/GCA_034905905.1_ASM3490590v1/GCA_034905905.1_ASM3490590v1_genomic.fna.gz,data/raw/assemblies/HPGP_GLOBAL/RUS-004.fna.gz,,,,487898,61a87f80cb2792853e2c2e2873255d0587fd1d8ef7fbd8d7c4af12af986fa746,3430a916e97ff069f965da7658765dd1,PASS,downloaded,2026-08-30T09:42:11+00:00,
HPGP_GLOBAL,RUS-007,assembly,GCA_034903945.1,https://ftp.ncbi.nlm.nih.gov/genomes/all/GCA/034/903/945/GCA_034903945.1_ASM3490394v1/GCA_034903945.1_ASM3490394v1_genomic.fna.gz,data/raw/assemblies/HPGP_GLOBAL/RUS-007.fna.gz,,,,476032,2a05d7a329a78b7fefb955a63b724a62d042e71e8e9251bc7f7b2a556e596a77,f45759dc1ff4c2f4f61fdf1aac1166b7,PASS,downloaded,2026-08-30T09:42:19+00:00,
HPGP_GLOBAL,RUS-011,assembly,GCA_034866365.1,https://ftp.ncbi.nlm.nih.gov/genomes/all/GCA/034/866/365/GCA_034866365.1_ASM3486636v1/GCA_034866365.1_ASM3486636v1_genomic.fna.gz,data/raw/assemblies/HPGP_GLOBAL/RUS-011.fna.gz,,,,478830,b4a589ff17addc5a2d2eeeccbd96ff4e3353f9adf1b583707f6b804d3d414bda,c03fea2e73c09d9cf39e01707d8ff233,PASS,downloaded,2026-08-30T09:44:54+00:00,
HPGP_GLOBAL,SPA-003,assembly,GCA_034926895.1,https://ftp.ncbi.nlm.nih.gov/genomes/all/GCA/034/926/895/GCA_034926895.1_ASM3492689v1/GCA_034926895.1_ASM3492689v1_genomic.fna.gz,data/raw/assemblies/HPGP_GLOBAL/SPA-003.fna.gz,,,,457021,e2574672c1db5c0641a9e6ae9dde243b1434ee1883e092d678a7299511190545,6bc8ec5c71d5abb1e5c59b1694bbfb72,PASS,downloaded,2026-08-30T09:45:02+00:00,
HPGP_GLOBAL,SPA-005,assembly,GCA_034924605.1,https://ftp.ncbi.nlm.nih.gov/genomes/all/GCA/034/924/605/GCA_034924605.1_ASM3492460v1/GCA_034924605.1_ASM3492460v1_genomic.fna.gz,data/raw/assemblies/HPGP_GLOBAL/SPA-005.fna.gz,,,,459142,ecf1dcc4c09cbcae178a92137177da1df07772a15347da5014a50d54faabc4c3,181fca34b4ea2138101bfec3fff93eb3,PASS,downloaded,2026-08-30T09:44:52+00:00,
HPGP_GLOBAL,SPA-006,assembly,GCA_034923545.1,https://ftp.ncbi.nlm.nih.gov/genomes/all/GCA/034/923/545/GCA_034923545.1_ASM3492354v1/GCA_034923545.1_ASM3492354v1_genomic.fna.gz,data/raw/assemblies/HPGP_GLOBAL/SPA-006.fna.gz,,,,468171,31cf3f0534286c9766042f61b1a245adb17f12bf70ab072ef45da35d73ca74f9,d60f7bbb399a9c3ab57af2581649b993,PASS,downloaded,2026-08-30T09:44:59+00:00,
HPGP_GLOBAL,SPA-009,assembly,GCA_034920565.1,https://ftp.ncbi.nlm.nih.gov/genomes/all/GCA/034/920/565/GCA_034920565.1_ASM3492056v1/GCA_034920565.1_ASM3492056v1_genomic.fna.gz,data/raw/assemblies/HPGP_GLOBAL/SPA-009.fna.gz,,,,467306,ef590266d70e5b79e8ee9198fe0b6ad4a6d8cea5a26410d8696b1305e36bbd34,b4077ab55bf8a57efe5d8156747428cf,PASS,downloaded,2026-08-30T09:45:13+00:00,
HPGP_GLOBAL,SPA-012,assembly,GCA_034917985.1,https://ftp.ncbi.nlm.nih.gov/genomes/all/GCA/034/917/985/GCA_034917985.1_ASM3491798v1/GCA_034917985.1_ASM3491798v1_genomic.fna.gz,data/raw/assemblies/HPGP_GLOBAL/SPA-012.fna.gz,,,,461060,ecc157b27a9bb86289664745f938007728a1d1b19fb865db09087df2bba78697,6d3186a01ae59bc74526f58c8bf3ec75,PASS,downloaded,2026-08-30T09:45:14+00:00,
HPGP_GLOBAL,SPA-015,assembly,GCA_034915365.1,https://ftp.ncbi.nlm.nih.gov/genomes/all/GCA/034/915/365/GCA_034915365.1_ASM3491536v1/GCA_034915365.1_ASM3491536v1_genomic.fna.gz,data/raw/assemblies/HPGP_GLOBAL/SPA-015.fna.gz,,,,475804,d76c53d01b11a6ab6b27e42564bdf97789293040c99f006a92a2b3ff81ddc5a7,8fd45e2f3d706b557b8dddce91069ad7,PASS,downloaded,2026-08-30T09:45:24+00:00,
HPGP_GLOBAL,SPA-017,assembly,GCA_034913285.1,https://ftp.ncbi.nlm.nih.gov/genomes/all/GCA/034/913/285/GCA_034913285.1_ASM3491328v1/GCA_034913285.1_ASM3491328v1_genomic.fna.gz,data/raw/assemblies/HPGP_GLOBAL/SPA-017.fna.gz,,,,483769,c2ebcab096bf239d4ab42041695c29b10daf72e337258342a15b637bfe3d8b75,4cad13325cf1428f3762f9a7c5f250d2,PASS,downloaded,2026-08-30T09:45:28+00:00,
HPGP_GLOBAL,SPA-101,assembly,GCA_034860465.1,https://ftp.ncbi.nlm.nih.gov/genomes/all/GCA/034/860/465/GCA_034860465.1_ASM3486046v1/GCA_034860465.1_ASM3486046v1_genomic.fna.gz,data/raw/assemblies/HPGP_GLOBAL/SPA-101.fna.gz,,,,486020,1ab6c5e0f56b7dc3c629cf40e21381aa9dd5bd7713ea6fb4db73f3a33bf95a36,a7578cebfabafbec5a95065c0e5d9008,PASS,downloaded,2026-08-30T09:45:42+00:00,
HPGP_GLOBAL,SPA-105,assembly,GCA_034860385.1,https://ftp.ncbi.nlm.nih.gov/genomes/all/GCA/034/860/385/GCA_034860385.1_ASM3486038v1/GCA_034860385.1_ASM3486038v1_genomic.fna.gz,data/raw/assemblies/HPGP_GLOBAL/SPA-105.fna.gz,,,,456300,c69e4a92d182806f629047a7028efec8008a5277d68c7565758af3e12c6678e0,8408a9dc00d526663f0a499ca775ddf7,PASS,downloaded,2026-08-30T09:45:41+00:00,
HPGP_GLOBAL,SPA-108,assembly,GCA_034860345.1,https://ftp.ncbi.nlm.nih.gov/genomes/all/GCA/034/860/345/GCA_034860345.1_ASM3486034v1/GCA_034860345.1_ASM3486034v1_genomic.fna.gz,data/raw/assemblies/HPGP_GLOBAL/SPA-108.fna.gz,,,,465780,f93c3e37d77ddf8d6779e699f719ef494148ce1615b7210cbaac97252a4e965b,1e875c8e0578c3e7cb129baadeb0b2e5,PASS,downloaded,2026-08-30T09:45:57+00:00,
HPGP_GLOBAL,SPA-111,assembly,GCA_034860305.1,https://ftp.ncbi.nlm.nih.gov/genomes/all/GCA/034/860/305/GCA_034860305.1_ASM3486030v1/GCA_034860305.1_ASM3486030v1_genomic.fna.gz,data/raw/assemblies/HPGP_GLOBAL/SPA-111.fna.gz,,,,454099,98f3cd000829c9bffd643b6aee618d35da33d6ee220b370ea206b3d829e91317,1322c27d455d340ee6b15b7f5db9ba88,PASS,downloaded,2026-08-30T09:45:56+00:00,
HPGP_GLOBAL,SPA-201,assembly,GCA_034860285.1,https://ftp.ncbi.nlm.nih.gov/genomes/all/GCA/034/860/285/GCA_034860285.1_ASM3486028v1/GCA_034860285.1_ASM3486028v1_genomic.fna.gz,data/raw/assemblies/HPGP_GLOBAL/SPA-201.fna.gz,,,,484504,be8b28ba2cc1648cb38c784b16285b5e2b40231a4dd8d17a750747cf2e1fe0ae,5a6ce253d908bcf08380e1db158f8e57,PASS,downloaded,2026-08-30T09:46:13+00:00,
HPGP_GLOBAL,SPA-202,assembly,GCA_034860265.1,https://ftp.ncbi.nlm.nih.gov/genomes/all/GCA/034/860/265/GCA_034860265.1_ASM3486026v1/GCA_034860265.1_ASM3486026v1_genomic.fna.gz,data/raw/assemblies/HPGP_GLOBAL/SPA-202.fna.gz,,,,488386,860747cbdf2f504fa451226ded1da404eee9aee9fad206f5b11c8701864eeba2,fd821e38a8d069abbfccfa223d10f5fd,PASS,downloaded,2026-08-30T09:46:25+00:00,
HPGP_GLOBAL,SPA-203,assembly,GCA_034860245.1,https://ftp.ncbi.nlm.nih.gov/genomes/all/GCA/034/860/245/GCA_034860245.1_ASM3486024v1/GCA_034860245.1_ASM3486024v1_genomic.fna.gz,data/raw/assemblies/HPGP_GLOBAL/SPA-203.fna.gz,,,,466753,acbaaba0b3c4f2f765cf2c6546190a79a4de930d90c08744efabf2dfed271b38,b8cfdadad274008bca0985f28e60c313,PASS,downloaded,2026-08-30T09:46:21+00:00,
HPGP_GLOBAL,SPA-205,assembly,GCA_034860205.1,https://ftp.ncbi.nlm.nih.gov/genomes/all/GCA/034/860/205/GCA_034860205.1_ASM3486020v1/GCA_034860205.1_ASM3486020v1_genomic.fna.gz,data/raw/assemblies/HPGP_GLOBAL/SPA-205.fna.gz,,,,455380,6a0bc4fe9ec106cb4dcc172b2bc9b91dfc453a3376ab25f120da6a7455c3e232,b166c79a8176bd6a855296baba5bce8d,PASS,downloaded,2026-08-30T09:46:21+00:00,
HPGP_GLOBAL,SPA-210,assembly,GCA_034860125.1,https://ftp.ncbi.nlm.nih.gov/genomes/all/GCA/034/860/125/GCA_034860125.1_ASM3486012v1/GCA_034860125.1_ASM3486012v1_genomic.fna.gz,data/raw/assemblies/HPGP_GLOBAL/SPA-210.fna.gz,,,,456036,5a4bf58b7964cdc0c3c4059649986eb3dcbfd9118aa355ee851d89e3e266ab99,e6eee2b2da9498fdc8efb6b05cc82b72,PASS,downloaded,2026-08-30T09:46:50+00:00,
HPGP_GLOBAL,SPA-301,assembly,GCA_034860105.1,https://ftp.ncbi.nlm.nih.gov/genomes/all/GCA/034/860/105/GCA_034860105.1_ASM3486010v1/GCA_034860105.1_ASM3486010v1_genomic.fna.gz,data/raw/assemblies/HPGP_GLOBAL/SPA-301.fna.gz,,,,479035,cced1a7c9b6fb8a702674c426b0ceb52d8b2b54932eca1f30c47e58909d9c732,80b8dfe23757cff8b85627cdf1e7c861,PASS,downloaded,2026-08-30T09:47:02+00:00,
HPGP_GLOBAL,SPA-303,assembly,GCA_034860065.1,https://ftp.ncbi.nlm.nih.gov/genomes/all/GCA/034/860/065/GCA_034860065.1_ASM3486006v1/GCA_034860065.1_ASM3486006v1_genomic.fna.gz,data/raw/assemblies/HPGP_GLOBAL/SPA-303.fna.gz,,,,468423,7a288e1767c214876df47378cec32760d7aba6cd940e1a95fe693a42302cadf6,26460b0e09ed611304f3082156a195e4,PASS,downloaded,2026-08-30T09:47:00+00:00,
HPGP_GLOBAL,SPA-311,assembly,GCA_034859905.1,https://ftp.ncbi.nlm.nih.gov/genomes/all/GCA/034/859/905/GCA_034859905.1_ASM3485990v1/GCA_034859905.1_ASM3485990v1_genomic.fna.gz,data/raw/assemblies/HPGP_GLOBAL/SPA-311.fna.gz,,,,467684,cabde153c26e1c3ebc9e75bdb863196407dc5f902fc1cbd13e1c534ff991c7c8,7e3349e4cf205a15eae6d9a74d5fafea,PASS,downloaded,2026-08-30T09:46:59+00:00,
HPGP_GLOBAL,SPA-312,assembly,GCA_034859885.1,https://ftp.ncbi.nlm.nih.gov/genomes/all/GCA/034/859/885/GCA_034859885.1_ASM3485988v1/GCA_034859885.1_ASM3485988v1_genomic.fna.gz,data/raw/assemblies/HPGP_GLOBAL/SPA-312.fna.gz,,,,479754,bd22ad69d2e2c10600212bcf15a0c82fcb0ffd1b3d7340fa89dd5389d2eec175,446c010f3c3a9baaf4a54e75aa9791de,PASS,downloaded,2026-08-30T09:47:16+00:00,
HPGP_GLOBAL,SPA-315,assembly,GCA_034859825.1,https://ftp.ncbi.nlm.nih.gov/genomes/all/GCA/034/859/825/GCA_034859825.1_ASM3485982v1/GCA_034859825.1_ASM3485982v1_genomic.fna.gz,data/raw/assemblies/HPGP_GLOBAL/SPA-315.fna.gz,,,,473960,d138d0f4c6b9cf48b391b938029d3d898346fd363d75238ac585fb46e8463754,59b0dde4fbd4a6543e1892391b413939,PASS,downloaded,2026-08-30T09:47:26+00:00,
HPGP_GLOBAL,SPA-318,assembly,GCA_034859765.1,https://ftp.ncbi.nlm.nih.gov/genomes/all/GCA/034/859/765/GCA_034859765.1_ASM3485976v1/GCA_034859765.1_ASM3485976v1_genomic.fna.gz,data/raw/assemblies/HPGP_GLOBAL/SPA-318.fna.gz,,,,484863,b938339c05b7a2a76c85617d39cf7987459c626a69d3c744bf87f04d181d14be,70ed52ca46fe0b7d494615baa1c4c017,PASS,downloaded,2026-08-30T09:47:39+00:00,
HPGP_GLOBAL,SPA-321,assembly,GCA_034859705.1,https://ftp.ncbi.nlm.nih.gov/genomes/all/GCA/034/859/705/GCA_034859705.1_ASM3485970v1/GCA_034859705.1_ASM3485970v1_genomic.fna.gz,data/raw/assemblies/HPGP_GLOBAL/SPA-321.fna.gz,,,,485137,636e4b86f5056f2c3d711094637a08dc7f52127183ca6f2afa459f30af0dfd26,5518b321a0e874a83f53c237ac5011b6,PASS,downloaded,2026-08-30T09:47:30+00:00,
HPGP_GLOBAL,SPA-401,assembly,GCA_034859015.1,https://ftp.ncbi.nlm.nih.gov/genomes/all/GCA/034/859/015/GCA_034859015.1_ASM3485901v1/GCA_034859015.1_ASM3485901v1_genomic.fna.gz,data/raw/assemblies/HPGP_GLOBAL/SPA-401.fna.gz,,,,464622,4651a16733c1dc395cb2fc2c1986bb5754fb3c69ad786adfb2642173180e9955,d83ea80f6e023690bc0cef44bb0bc2dd,PASS,downloaded,2026-08-30T09:47:47+00:00,
HPGP_GLOBAL,SPA-405,assembly,GCA_034858875.1,https://ftp.ncbi.nlm.nih.gov/genomes/all/GCA/034/858/875/GCA_034858875.1_ASM3485887v1/GCA_034858875.1_ASM3485887v1_genomic.fna.gz,data/raw/assemblies/HPGP_GLOBAL/SPA-405.fna.gz,,,,490065,102c297639278c1e971022a054bfd1c4e6afefc393e799d6468b88fd7ec14c51,e8a88c5053eaf9aa2dfb49f7c8310bdf,PASS,downloaded,2026-08-30T09:48:03+00:00,
HPGP_GLOBAL,SPA-413,assembly,GCA_034858795.1,https://ftp.ncbi.nlm.nih.gov/genomes/all/GCA/034/858/795/GCA_034858795.1_ASM3485879v1/GCA_034858795.1_ASM3485879v1_genomic.fna.gz,data/raw/assemblies/HPGP_GLOBAL/SPA-413.fna.gz,,,,483427,1d6b34874af6dc170b125cf927a33a21b45e493edc2d33a2d172fa6c30e4a9d1,40041eab61ae508eeb6c2fb5ded128b0,PASS,downloaded,2026-08-30T09:48:02+00:00,
HPGP_GLOBAL,SPA-502,assembly,GCA_034858735.1,https://ftp.ncbi.nlm.nih.gov/genomes/all/GCA/034/858/735/GCA_034858735.1_ASM3485873v1/GCA_034858735.1_ASM3485873v1_genomic.fna.gz,data/raw/assemblies/HPGP_GLOBAL/SPA-502.fna.gz,,,,454925,b349c74dde37961808f54eff87ae1835f9144fe39e4d5f8f8c1e95efdf168637,a444379b320d38e2dba1bb1d34e72dad,PASS,downloaded,2026-08-30T09:47:59+00:00,
HPGP_GLOBAL,SPA-504,assembly,GCA_034858695.1,https://ftp.ncbi.nlm.nih.gov/genomes/all/GCA/034/858/695/GCA_034858695.1_ASM3485869v1/GCA_034858695.1_ASM3485869v1_genomic.fna.gz,data/raw/assemblies/HPGP_GLOBAL/SPA-504.fna.gz,,,,474383,4a0bb1d0ee1cfb955ec38a360b36975d6696fe8c2c9e47b559a71986dc4467ff,b40bf13016eb82a2a886355bc809ef2b,PASS,downloaded,2026-08-30T09:48:20+00:00,
HPGP_GLOBAL,SPA-508,assembly,GCA_034858615.1,https://ftp.ncbi.nlm.nih.gov/genomes/all/GCA/034/858/615/GCA_034858615.1_ASM3485861v1/GCA_034858615.1_ASM3485861v1_genomic.fna.gz,data/raw/assemblies/HPGP_GLOBAL/SPA-508.fna.gz,,,,470298,b8d0a0ddc4fc696129ec0480660dbf1c68c48e519e8ef40af1b5a4eb62a0cf51,0172f33c285a866ae94de0b76b9325f9,PASS,downloaded,2026-08-30T09:48:33+00:00,
HPGP_GLOBAL,SPA-509,assembly,GCA_034858595.1,https://ftp.ncbi.nlm.nih.gov/genomes/all/GCA/034/858/595/GCA_034858595.1_ASM3485859v1/GCA_034858595.1_ASM3485859v1_genomic.fna.gz,data/raw/assemblies/HPGP_GLOBAL/SPA-509.fna.gz,,,,477570,bc6cea5f0834f03b6a79cadd70404e248df5baf96f063e975baa8b93251fa1eb,e234ad83e0bf06695d3eb9731995579a,PASS,downloaded,2026-08-30T09:48:32+00:00,
HPGP_GLOBAL,SPA-607,assembly,GCA_034858495.1,https://ftp.ncbi.nlm.nih.gov/genomes/all/GCA/034/858/495/GCA_034858495.1_ASM3485849v1/GCA_034858495.1_ASM3485849v1_genomic.fna.gz,data/raw/assemblies/HPGP_GLOBAL/SPA-607.fna.gz,,,,484894,1f2ce1800e071ecd39652ea8aac3594b7d9a3913770d3197af5b39954788a030,2c537473b8f1477bc870a7a94c26dbf9,PASS,downloaded,2026-08-30T09:48:27+00:00,
HPGP_GLOBAL,SPA-609,assembly,GCA_034858475.1,https://ftp.ncbi.nlm.nih.gov/genomes/all/GCA/034/858/475/GCA_034858475.1_ASM3485847v1/GCA_034858475.1_ASM3485847v1_genomic.fna.gz,data/raw/assemblies/HPGP_GLOBAL/SPA-609.fna.gz,,,,475128,af7bc06f0ca8dfd8f9e18f09a596e2af6dbffc076024b825437262e2f5676b94,7015f1169f3a4f69f3f2687a70ad8eb7,PASS,downloaded,2026-08-30T09:48:45+00:00,
HPGP_GLOBAL,SPA-703,assembly,GCA_034858375.1,https://ftp.ncbi.nlm.nih.gov/genomes/all/GCA/034/858/375/GCA_034858375.1_ASM3485837v1/GCA_034858375.1_ASM3485837v1_genomic.fna.gz,data/raw/assemblies/HPGP_GLOBAL/SPA-703.fna.gz,,,,457285,f9cbbc47e6a6efeb5f63d5c9040d79812ed136c3923463986c3d968ee4039f2f,0c7e0624077a08264d06a71953b38c83,PASS,downloaded,2026-08-30T09:49:02+00:00,
HPGP_GLOBAL,SPA-705,assembly,GCA_034858335.1,https://ftp.ncbi.nlm.nih.gov/genomes/all/GCA/034/858/335/GCA_034858335.1_ASM3485833v1/GCA_034858335.1_ASM3485833v1_genomic.fna.gz,data/raw/assemblies/HPGP_GLOBAL/SPA-705.fna.gz,,,,458768,287bbc7da7fa08bd9632cba51f74fe2a797c769a307f9a257b6c4e946c7951c2,c7bcae09842558089646e70e9cf609a6,PASS,downloaded,2026-08-30T09:49:07+00:00,
HPGP_GLOBAL,SPA-707,assembly,GCA_034858295.1,https://ftp.ncbi.nlm.nih.gov/genomes/all/GCA/034/858/295/GCA_034858295.1_ASM3485829v1/GCA_034858295.1_ASM3485829v1_genomic.fna.gz,data/raw/assemblies/HPGP_GLOBAL/SPA-707.fna.gz,,,,493354,6a4410b1ff9e2a5dce7294cd80669ec93c2a75346ffa0e7d02eda2b4050f1fea,ad6cfa693489ad8b9ffc00529a8f62f4,PASS,downloaded,2026-08-30T09:49:02+00:00,
HPGP_GLOBAL,SPA-801,assembly,GCA_034856515.1,https://ftp.ncbi.nlm.nih.gov/genomes/all/GCA/034/856/515/GCA_034856515.1_ASM3485651v1/GCA_034856515.1_ASM3485651v1_genomic.fna.gz,data/raw/assemblies/HPGP_GLOBAL/SPA-801.fna.gz,,,,484426,4ecd7557d6c11bf5e93dcd5b18759c5dd0c88a0d017b48e82620c95a2687585e,25b2626b295fce025c9fe2b08dc208bb,PASS,downloaded,2026-08-30T09:49:02+00:00,
HPGP_GLOBAL,SPA-803,assembly,GCA_034856475.1,https://ftp.ncbi.nlm.nih.gov/genomes/all/GCA/034/856/475/GCA_034856475.1_ASM3485647v1/GCA_034856475.1_ASM3485647v1_genomic.fna.gz,data/raw/assemblies/HPGP_GLOBAL/SPA-803.fna.gz,,,,469832,9508596a7f34792ef1b38794c8d8d0392d0f3631d3cec43c75941674132dac51,930037dac9a693fac33c2e58f79c507b,PASS,downloaded,2026-08-30T09:49:29+00:00,
HPGP_GLOBAL,SPA-805,assembly,GCA_034856435.1,https://ftp.ncbi.nlm.nih.gov/genomes/all/GCA/034/856/435/GCA_034856435.1_ASM3485643v1/GCA_034856435.1_ASM3485643v1_genomic.fna.gz,data/raw/assemblies/HPGP_GLOBAL/SPA-805.fna.gz,,,,458987,d4c8c5598c5043b410527568750cfa808bf5b65a89acc804de78001d9b387d78,d02975c651ed826df2a9273780278015,PASS,downloaded,2026-08-30T09:49:29+00:00,
HPGP_GLOBAL,SPA-806,assembly,GCA_034856415.1,https://ftp.ncbi.nlm.nih.gov/genomes/all/GCA/034/856/415/GCA_034856415.1_ASM3485641v1/GCA_034856415.1_ASM3485641v1_genomic.fna.gz,data/raw/assemblies/HPGP_GLOBAL/SPA-806.fna.gz,,,,474480,158bf82933474e96f94cb2be62dcf4d5af863f65bd26d101a077b50c409df89e,d53cdfd8492d4bb34584b40feb2316a1,PASS,downloaded,2026-08-30T09:49:33+00:00,
HPGP_GLOBAL,SWE-006,assembly,GCA_034897205.1,https://ftp.ncbi.nlm.nih.gov/genomes/all/GCA/034/897/205/GCA_034897205.1_ASM3489720v1/GCA_034897205.1_ASM3489720v1_genomic.fna.gz,data/raw/assemblies/HPGP_GLOBAL/SWE-006.fna.gz,,,,475054,750dfc50354c8f757ac0d43da90b1e33709698ef62c02c3c23c263aa2fe1bb50,d760de345106021abf13715a5af9bd47,PASS,downloaded,2026-08-30T09:49:38+00:00,
HPGP_GLOBAL,SWE-008,assembly,GCA_034895665.1,https://ftp.ncbi.nlm.nih.gov/genomes/all/GCA/034/895/665/GCA_034895665.1_ASM3489566v1/GCA_034895665.1_ASM3489566v1_genomic.fna.gz,data/raw/assemblies/HPGP_GLOBAL/SWE-008.fna.gz,,,,485213,f2efeadeb66cfe8eee965ea7d11053d95cdd39638ea35d67f092ce2c0b58d4e2,6a86c6fb3042c05492927d75e18ec054,PASS,downloaded,2026-08-30T09:49:51+00:00,
HPGP_GLOBAL,SWE-010,assembly,GCA_034895065.1,https://ftp.ncbi.nlm.nih.gov/genomes/all/GCA/034/895/065/GCA_034895065.1_ASM3489506v1/GCA_034895065.1_ASM3489506v1_genomic.fna.gz,data/raw/assemblies/HPGP_GLOBAL/SWE-010.fna.gz,,,,485903,78c618ae8c87b5bc5b08e6bf4a453ba2a7b9b1c2691b95d531647320e9333740,6c1febaac8ad5404932cb27cc7b0efc5,PASS,downloaded,2026-08-30T09:49:51+00:00,
HPGP_GLOBAL,SWE-015,assembly,GCA_034892165.1,https://ftp.ncbi.nlm.nih.gov/genomes/all/GCA/034/892/165/GCA_034892165.1_ASM3489216v1/GCA_034892165.1_ASM3489216v1_genomic.fna.gz,data/raw/assemblies/HPGP_GLOBAL/SWE-015.fna.gz,,,,472139,3d8ec531fd93a60adecd0af47c2e199e8ed97a49690cf632c3380206b59c2522,d4c43ac8ed52cc2ad3ddf1c5c0462b9f,PASS,downloaded,2026-08-30T09:50:00+00:00,
HPGP_GLOBAL,SWE-016,assembly,GCA_034891065.1,https://ftp.ncbi.nlm.nih.gov/genomes/all/GCA/034/891/065/GCA_034891065.1_ASM3489106v1/GCA_034891065.1_ASM3489106v1_genomic.fna.gz,data/raw/assemblies/HPGP_GLOBAL/SWE-016.fna.gz,,,,467575,a07cbe04102d2770b1b3d0482dbb17006b9426a20844fa7e0adcc72df7483f8d,b7b692bae47affe56a1293bfe51ce208,PASS,downloaded,2026-08-30T09:50:22+00:00,
HPGP_GLOBAL,SWE-026,assembly,GCA_034884265.1,https://ftp.ncbi.nlm.nih.gov/genomes/all/GCA/034/884/265/GCA_034884265.1_ASM3488426v1/GCA_034884265.1_ASM3488426v1_genomic.fna.gz,data/raw/assemblies/HPGP_GLOBAL/SWE-026.fna.gz,,,,477775,1ce5401f742064fa381d7ce52c5583a84f5fda5866bba7914c96b8b60ea5343c,e88ebaebd4c9b715e405de9300b1b7bb,PASS,downloaded,2026-08-30T09:50:22+00:00,
HPGP_GLOBAL,SWE-028,assembly,GCA_034882165.1,https://ftp.ncbi.nlm.nih.gov/genomes/all/GCA/034/882/165/GCA_034882165.1_ASM3488216v1/GCA_034882165.1_ASM3488216v1_genomic.fna.gz,data/raw/assemblies/HPGP_GLOBAL/SWE-028.fna.gz,,,,476805,540ca89541574babe33b9594ecdfadce1e4f40ad5f744b27a1dd73d98e38aca1,ec8fcd3c79772e5bf9284210dc02256c,PASS,downloaded,2026-08-30T09:50:17+00:00,
HPGP_GLOBAL,SWE-031,assembly,GCA_034880085.1,https://ftp.ncbi.nlm.nih.gov/genomes/all/GCA/034/880/085/GCA_034880085.1_ASM3488008v1/GCA_034880085.1_ASM3488008v1_genomic.fna.gz,data/raw/assemblies/HPGP_GLOBAL/SWE-031.fna.gz,,,,475138,5bcaa5e4a0fa396ec9a5a032220048a65d911bce9d53277c464d315d89ebbeed,0fafa0212512d0b6f4617436214e66d9,PASS,downloaded,2026-08-30T09:50:23+00:00,
HPGP_GLOBAL,SWT-001,assembly,GCA_034875585.1,https://ftp.ncbi.nlm.nih.gov/genomes/all/GCA/034/875/585/GCA_034875585.1_ASM3487558v1/GCA_034875585.1_ASM3487558v1_genomic.fna.gz,data/raw/assemblies/HPGP_GLOBAL/SWT-001.fna.gz,,,,481765,e8f0ea50b3cf694bba8b1bc4a268e3378f3b94f1ebe0a717486386ee534895bf,1edbd32f14d8369073b6abe4dd8f4630,PASS,downloaded,2026-08-30T09:50:47+00:00,
HPGP_GLOBAL,SWT-002,assembly,GCA_034874685.1,https://ftp.ncbi.nlm.nih.gov/genomes/all/GCA/034/874/685/GCA_034874685.1_ASM3487468v1/GCA_034874685.1_ASM3487468v1_genomic.fna.gz,data/raw/assemblies/HPGP_GLOBAL/SWT-002.fna.gz,,,,460558,5eb1bcb7d1f68602505e0b544221057764307ef4cf3bb5fc0814e241b2595230,33e49c3ec3730bb933f31560c071a183,PASS,downloaded,2026-08-30T09:50:52+00:00,
HPGP_GLOBAL,SWT-004,assembly,GCA_034873765.1,https://ftp.ncbi.nlm.nih.gov/genomes/all/GCA/034/873/765/GCA_034873765.1_ASM3487376v1/GCA_034873765.1_ASM3487376v1_genomic.fna.gz,data/raw/assemblies/HPGP_GLOBAL/SWT-004.fna.gz,,,,485142,58fd884869b4dfd2708ced9a8b04b8b43a11b3dca4103675adc9621c1507dc45,6c44d53c5f4cafcf92cc9f356cfbeeaa,PASS,downloaded,2026-08-30T09:51:00+00:00,
HPGP_GLOBAL,SWT-005,assembly,GCA_034872705.1,https://ftp.ncbi.nlm.nih.gov/genomes/all/GCA/034/872/705/GCA_034872705.1_ASM3487270v1/GCA_034872705.1_ASM3487270v1_genomic.fna.gz,data/raw/assemblies/HPGP_GLOBAL/SWT-005.fna.gz,,,,485645,f700f5dbd804c5877bbd36c7bdd6e117bf3fca1c3a29f5032d6079063d1d6180,157577f62d5ace3994bb3a59c13c94eb,PASS,downloaded,2026-08-30T09:50:51+00:00,
HPGP_GLOBAL,SWT-006,assembly,GCA_034871625.1,https://ftp.ncbi.nlm.nih.gov/genomes/all/GCA/034/871/625/GCA_034871625.1_ASM3487162v1/GCA_034871625.1_ASM3487162v1_genomic.fna.gz,data/raw/assemblies/HPGP_GLOBAL/SWT-006.fna.gz,,,,465386,cd816bd241ff04c22ce69a7ba900088b25f5aabdb24e4b87215e0f954234b233,501c84b1e3f037bf655fccaf5f5c59a2,PASS,downloaded,2026-08-30T09:51:15+00:00,
HPGP_GLOBAL,SWT-008,assembly,GCA_034869635.1,https://ftp.ncbi.nlm.nih.gov/genomes/all/GCA/034/869/635/GCA_034869635.1_ASM3486963v1/GCA_034869635.1_ASM3486963v1_genomic.fna.gz,data/raw/assemblies/HPGP_GLOBAL/SWT-008.fna.gz,,,,473591,318ee0ef70ccbec53c23b971093de6a1e57b97a3ece31e785d500530629b4753,078b2362bbae9c2d4d2fd83670579fe3,PASS,downloaded,2026-08-30T09:51:21+00:00,
HPGP_GLOBAL,SWT-010,assembly,GCA_034868825.1,https://ftp.ncbi.nlm.nih.gov/genomes/all/GCA/034/868/825/GCA_034868825.1_ASM3486882v1/GCA_034868825.1_ASM3486882v1_genomic.fna.gz,data/raw/assemblies/HPGP_GLOBAL/SWT-010.fna.gz,,,,476237,86ebe6ed8a52c55681314f832ac78038a74e681343825f36ea8888ca9067f3d7,42c43bc3a1d3f8a345aa3d02bedd675f,PASS,downloaded,2026-08-30T09:51:16+00:00,
HPGP_GLOBAL,SWT-011,assembly,GCA_034868145.1,https://ftp.ncbi.nlm.nih.gov/genomes/all/GCA/034/868/145/GCA_034868145.1_ASM3486814v1/GCA_034868145.1_ASM3486814v1_genomic.fna.gz,data/raw/assemblies/HPGP_GLOBAL/SWT-011.fna.gz,,,,475199,4a5f0791794bc8e03d0fcf6eeee92c187565cee77b3236b51c8fc20a100355c3,e27331ffbb01e9bd970ee65379662db9,PASS,downloaded,2026-08-30T09:51:29+00:00,
HPGP_GLOBAL,SWT-012,assembly,GCA_034867325.1,https://ftp.ncbi.nlm.nih.gov/genomes/all/GCA/034/867/325/GCA_034867325.1_ASM3486732v1/GCA_034867325.1_ASM3486732v1_genomic.fna.gz,data/raw/assemblies/HPGP_GLOBAL/SWT-012.fna.gz,,,,464241,4ef2bd249e64d86c789e42e470e3aef7266ac730c9473cd758699158ca7d60c7,c9924cc064f882eb0d6bb4c43ee519e2,PASS,downloaded,2026-08-30T09:51:42+00:00,
HPGP_GLOBAL,SWT-013,assembly,GCA_034866505.1,https://ftp.ncbi.nlm.nih.gov/genomes/all/GCA/034/866/505/GCA_034866505.1_ASM3486650v1/GCA_034866505.1_ASM3486650v1_genomic.fna.gz,data/raw/assemblies/HPGP_GLOBAL/SWT-013.fna.gz,,,,453277,08e699a0044130cf0d0847730988d5191d508f30b7c88bda4fd98eb29e3f62a3,bf92bab5c696ff53cd1af7eb64f53e9a,PASS,downloaded,2026-08-30T09:51:55+00:00,
HPGP_GLOBAL,SWT-014,assembly,GCA_034866485.1,https://ftp.ncbi.nlm.nih.gov/genomes/all/GCA/034/866/485/GCA_034866485.1_ASM3486648v1/GCA_034866485.1_ASM3486648v1_genomic.fna.gz,data/raw/assemblies/HPGP_GLOBAL/SWT-014.fna.gz,,,,472940,7607116f4d364f20021520e440ed857736c1c79faf552cb04be41046e2d3e27e,e8fef1916922141fa78d2c1950dd0bd9,PASS,downloaded,2026-08-30T09:51:46+00:00,
HPGP_GLOBAL,SWT-015,assembly,GCA_034866465.1,https://ftp.ncbi.nlm.nih.gov/genomes/all/GCA/034/866/465/GCA_034866465.1_ASM3486646v1/GCA_034866465.1_ASM3486646v1_genomic.fna.gz,data/raw/assemblies/HPGP_GLOBAL/SWT-015.fna.gz,,,,466235,4fb6d6baf66bf4a76e2f80263b0d31d5c646c0ec3de2f031d7268270a7a03ac9,c496717dc382162eea410b93bc2baeff,PASS,downloaded,2026-08-30T09:51:50+00:00,
HPGP_GLOBAL,SWT-017,assembly,GCA_034866445.1,https://ftp.ncbi.nlm.nih.gov/genomes/all/GCA/034/866/445/GCA_034866445.1_ASM3486644v1/GCA_034866445.1_ASM3486644v1_genomic.fna.gz,data/raw/assemblies/HPGP_GLOBAL/SWT-017.fna.gz,,,,462736,4ca790f7b2313b7f87e4057c5c5857f047c3f7008887add291752f459cc5dc6d,15634948cc7ad77ef66c0432e6ff8e44,PASS,downloaded,2026-08-30T09:52:12+00:00,
HPGP_GLOBAL,TUR-001,assembly,GCA_034856355.1,https://ftp.ncbi.nlm.nih.gov/genomes/all/GCA/034/856/355/GCA_034856355.1_ASM3485635v1/GCA_034856355.1_ASM3485635v1_genomic.fna.gz,data/raw/assemblies/HPGP_GLOBAL/TUR-001.fna.gz,,,,478598,d7e0e3d370c67e0d475f85ac507fdb53718dbf5acac792d5e991184d6f97d5e5,8fa6d781b3dfdf17c1d63057e1544d3a,PASS,downloaded,2026-08-30T09:52:24+00:00,
HPGP_GLOBAL,TUR-002,assembly,GCA_034939585.1,https://ftp.ncbi.nlm.nih.gov/genomes/all/GCA/034/939/585/GCA_034939585.1_ASM3493958v1/GCA_034939585.1_ASM3493958v1_genomic.fna.gz,data/raw/assemblies/HPGP_GLOBAL/TUR-002.fna.gz,,,,458077,13de7b2452b6559a6bcfff8868b942ce9aed7728e9c04e5fc60c0331ff72348e,39500aeb4e9db1bbdc98e108991388b7,PASS,downloaded,2026-08-30T09:52:18+00:00,
HPGP_GLOBAL,TUR-003,assembly,GCA_034939565.1,https://ftp.ncbi.nlm.nih.gov/genomes/all/GCA/034/939/565/GCA_034939565.1_ASM3493956v1/GCA_034939565.1_ASM3493956v1_genomic.fna.gz,data/raw/assemblies/HPGP_GLOBAL/TUR-003.fna.gz,,,,452714,425d25c2bc9ad57fe8c038cb3ab64bec05d3947cdcb64c5d078244947277a4fb,01bae3aeaf19009438d6a0f4cabcce85,PASS,downloaded,2026-08-30T09:52:36+00:00,
HPGP_GLOBAL,TUR-005,assembly,GCA_034939525.1,https://ftp.ncbi.nlm.nih.gov/genomes/all/GCA/034/939/525/GCA_034939525.1_ASM3493952v1/GCA_034939525.1_ASM3493952v1_genomic.fna.gz,data/raw/assemblies/HPGP_GLOBAL/TUR-005.fna.gz,,,,458351,1e7bb675cfbf87e21c1b05a5930e660fc2b7615075c0a11f83311dead4077227,2b10f46a23c5cdcccd59a9c89f20e96e,PASS,downloaded,2026-08-30T09:52:34+00:00,
HPGP_GLOBAL,TUR-008,assembly,GCA_034939465.1,https://ftp.ncbi.nlm.nih.gov/genomes/all/GCA/034/939/465/GCA_034939465.1_ASM3493946v1/GCA_034939465.1_ASM3493946v1_genomic.fna.gz,data/raw/assemblies/HPGP_GLOBAL/TUR-008.fna.gz,,,,482188,dfbde3b38ff14dbccab6fe7bdf24892a2315f5eabbc55415bdf177445265eb30,e6a9c783c5041518baf3445273b410a9,PASS,downloaded,2026-08-30T09:52:48+00:00,
HPGP_GLOBAL,TUR-010,assembly,GCA_034939425.1,https://ftp.ncbi.nlm.nih.gov/genomes/all/GCA/034/939/425/GCA_034939425.1_ASM3493942v1/GCA_034939425.1_ASM3493942v1_genomic.fna.gz,data/raw/assemblies/HPGP_GLOBAL/TUR-010.fna.gz,,,,467787,61332b826d3ad564d1c25bad67fa1407d96f409c06753ad9b9f3eb8c0421b5d5,038738dc2c86966cf99d2c0c2ac301ed,PASS,downloaded,2026-08-30T09:52:51+00:00,
HPGP_GLOBAL,TUR-011,assembly,GCA_034939405.1,https://ftp.ncbi.nlm.nih.gov/genomes/all/GCA/034/939/405/GCA_034939405.1_ASM3493940v1/GCA_034939405.1_ASM3493940v1_genomic.fna.gz,data/raw/assemblies/HPGP_GLOBAL/TUR-011.fna.gz,,,,476362,72c2323b7debff328b66bb93e8a6d1314d1071636883c1a3659a3cf3df4424df,91b3ef2ea38a0114442acdb3d3c90831,PASS,downloaded,2026-08-30T09:52:58+00:00,
HPGP_GLOBAL,TUR-014,assembly,GCA_034938665.1,https://ftp.ncbi.nlm.nih.gov/genomes/all/GCA/034/938/665/GCA_034938665.1_ASM3493866v1/GCA_034938665.1_ASM3493866v1_genomic.fna.gz,data/raw/assemblies/HPGP_GLOBAL/TUR-014.fna.gz,,,,472611,b415b18ba758eb2ef943c64c411ac1e9897c11e027815dca71dd334773722290,2d63c8d2828f673ddadaf399be5343bd,PASS,downloaded,2026-08-30T09:53:05+00:00,
HPGP_GLOBAL,TUR-017,assembly,GCA_034936625.1,https://ftp.ncbi.nlm.nih.gov/genomes/all/GCA/034/936/625/GCA_034936625.1_ASM3493662v1/GCA_034936625.1_ASM3493662v1_genomic.fna.gz,data/raw/assemblies/HPGP_GLOBAL/TUR-017.fna.gz,,,,480737,0e899d34901e205a9f704230a6e067f0d3cbd0ad54050497519b207a953f9542,c4d435a1328dff45a98e14acb671c85f,PASS,downloaded,2026-08-30T09:53:16+00:00,
HPGP_GLOBAL,TUR-023,assembly,GCA_034933665.1,https://ftp.ncbi.nlm.nih.gov/genomes/all/GCA/034/933/665/GCA_034933665.1_ASM3493366v1/GCA_034933665.1_ASM3493366v1_genomic.fna.gz,data/raw/assemblies/HPGP_GLOBAL/TUR-023.fna.gz,,,,480978,ba197e775360f430c79f8b69624a17068050e88269ad34fb3d6f9b75b8ff6257,382b17af011b06b74416925ee4580d58,PASS,downloaded,2026-08-30T09:53:13+00:00,
HPGP_GLOBAL,TWN-001,assembly,GCA_034948945.1,https://ftp.ncbi.nlm.nih.gov/genomes/all/GCA/034/948/945/GCA_034948945.1_ASM3494894v1/GCA_034948945.1_ASM3494894v1_genomic.fna.gz,data/raw/assemblies/HPGP_GLOBAL/TWN-001.fna.gz,,,,466224,f6942adb4016d23603a4bdca76ed69a8de1d45d88e00b61c90b06b3ed8cd7728,991cc9862204e556ce0925ed18372f20,PASS,downloaded,2026-08-30T09:53:27+00:00,
HPGP_GLOBAL,TWN-004,assembly,GCA_034947145.1,https://ftp.ncbi.nlm.nih.gov/genomes/all/GCA/034/947/145/GCA_034947145.1_ASM3494714v1/GCA_034947145.1_ASM3494714v1_genomic.fna.gz,data/raw/assemblies/HPGP_GLOBAL/TWN-004.fna.gz,,,,455819,55a7fc2cb49fd3db1352e6af70c4982a1f17f6336dca1d6920c081b5643732d8,38b7c2aa9af983239f73d1a610f9aae0,PASS,downloaded,2026-08-30T09:53:45+00:00,
HPGP_GLOBAL,TWN-005,assembly,GCA_034946665.1,https://ftp.ncbi.nlm.nih.gov/genomes/all/GCA/034/946/665/GCA_034946665.1_ASM3494666v1/GCA_034946665.1_ASM3494666v1_genomic.fna.gz,data/raw/assemblies/HPGP_GLOBAL/TWN-005.fna.gz,,,,460927,26c7618d3b7627e4fd147edad02e4aea505803cb41d684b7b2299dff58822fad,9a205ad612ddfc9debf93fff7e85db3b,PASS,downloaded,2026-08-30T09:53:43+00:00,
HPGP_GLOBAL,TWN-006,assembly,GCA_034946145.1,https://ftp.ncbi.nlm.nih.gov/genomes/all/GCA/034/946/145/GCA_034946145.1_ASM3494614v1/GCA_034946145.1_ASM3494614v1_genomic.fna.gz,data/raw/assemblies/HPGP_GLOBAL/TWN-006.fna.gz,,,,462040,fddce0a1231716219b193ef7913a848b57de5e0581ce945fcbbce64c49507c73,a549080f34dbaa933495626231b20741,PASS,downloaded,2026-08-30T09:54:06+00:00,
HPGP_GLOBAL,TWN-007,assembly,GCA_034945485.1,https://ftp.ncbi.nlm.nih.gov/genomes/all/GCA/034/945/485/GCA_034945485.1_ASM3494548v1/GCA_034945485.1_ASM3494548v1_genomic.fna.gz,data/raw/assemblies/HPGP_GLOBAL/TWN-007.fna.gz,,,,469556,dce55994852a8b7635aef98011ae72907b1bb5cd6f80266fa44769f6132eac13,e12ceb77fb371b2a6fb055c838f30c38,PASS,downloaded,2026-08-30T09:54:01+00:00,
HPGP_GLOBAL,TWN-008,assembly,GCA_034945065.1,https://ftp.ncbi.nlm.nih.gov/genomes/all/GCA/034/945/065/GCA_034945065.1_ASM3494506v1/GCA_034945065.1_ASM3494506v1_genomic.fna.gz,data/raw/assemblies/HPGP_GLOBAL/TWN-008.fna.gz,,,,458215,cd7b24443249514fb10d492cc3fe6b3d1c181422f8903c03510ac5bf7f75a665,60e45b41a6c0ff3949bd4f2f514c046d,PASS,downloaded,2026-08-30T09:54:15+00:00,
HPGP_GLOBAL,TWN-009,assembly,GCA_034944505.1,https://ftp.ncbi.nlm.nih.gov/genomes/all/GCA/034/944/505/GCA_034944505.1_ASM3494450v1/GCA_034944505.1_ASM3494450v1_genomic.fna.gz,data/raw/assemblies/HPGP_GLOBAL/TWN-009.fna.gz,,,,455177,9d9158952364150c851a556d2eaca37d9fd95cddc1cd2e153485b60014ce92ce,297a044938544df10690445e4ea01dfd,PASS,downloaded,2026-08-30T09:54:16+00:00,
HPGP_GLOBAL,TWN-020,assembly,GCA_034941525.1,https://ftp.ncbi.nlm.nih.gov/genomes/all/GCA/034/941/525/GCA_034941525.1_ASM3494152v1/GCA_034941525.1_ASM3494152v1_genomic.fna.gz,data/raw/assemblies/HPGP_GLOBAL/TWN-020.fna.gz,,,,472021,fe3a64fbc756250d6dabc8b275b0caf2baded9625b2e949e9b74a1ecc15ddf62,616b683d04baa54dd0cf40767b43bd59,PASS,downloaded,2026-08-30T09:54:29+00:00,
HPGP_GLOBAL,TWN-022,assembly,GCA_034940425.1,https://ftp.ncbi.nlm.nih.gov/genomes/all/GCA/034/940/425/GCA_034940425.1_ASM3494042v1/GCA_034940425.1_ASM3494042v1_genomic.fna.gz,data/raw/assemblies/HPGP_GLOBAL/TWN-022.fna.gz,,,,449745,0f2e9678045f950e8e169d9cca0dd8b9305c78e3b340420f354cc7aca59bbc6f,c2b86921a7a9e3cd1a843b9604784318,PASS,downloaded,2026-08-30T09:54:40+00:00,
HPGP_GLOBAL,TWN-023,assembly,GCA_034939685.1,https://ftp.ncbi.nlm.nih.gov/genomes/all/GCA/034/939/685/GCA_034939685.1_ASM3493968v1/GCA_034939685.1_ASM3493968v1_genomic.fna.gz,data/raw/assemblies/HPGP_GLOBAL/TWN-023.fna.gz,,,,450684,5e880d9b1ed36b8fabd37f2ffa3a36a9c2531d8df14db7bfa4b536ec4ba7a737,96f90d9169b85c372238f1bcdbbb3fcd,PASS,downloaded,2026-08-30T09:54:46+00:00,
HPGP_GLOBAL,USA-002,assembly,GCA_034856215.1,https://ftp.ncbi.nlm.nih.gov/genomes/all/GCA/034/856/215/GCA_034856215.1_ASM3485621v1/GCA_034856215.1_ASM3485621v1_genomic.fna.gz,data/raw/assemblies/HPGP_GLOBAL/USA-002.fna.gz,,,,484647,09dc978d6bf836e48d24eb1b3a3d09db0d212bb519d53f92bcd411e453291524,3bbd332986dd9e5038d3af53312c3a8f,PASS,downloaded,2026-08-30T09:54:42+00:00,
HPGP_GLOBAL,USA-003,assembly,GCA_034856195.1,https://ftp.ncbi.nlm.nih.gov/genomes/all/GCA/034/856/195/GCA_034856195.1_ASM3485619v1/GCA_034856195.1_ASM3485619v1_genomic.fna.gz,data/raw/assemblies/HPGP_GLOBAL/USA-003.fna.gz,,,,479236,c4c2f63162b0752ea6011d36dfb3c3bae9bfea160a469d28130bb08ef5b110b1,803f421544605c1b6262344e1ca5ac6c,PASS,downloaded,2026-08-30T09:55:04+00:00,
HPGP_GLOBAL,USA-102,assembly,GCA_034856055.1,https://ftp.ncbi.nlm.nih.gov/genomes/all/GCA/034/856/055/GCA_034856055.1_ASM3485605v1/GCA_034856055.1_ASM3485605v1_genomic.fna.gz,data/raw/assemblies/HPGP_GLOBAL/USA-102.fna.gz,,,,493168,8e2705ef129472df84607c94020d12c7bae355bb3d5f2dfa0f3b78cda8b26759,8975e302becb55c99b8ddbcb94e84ea2,PASS,downloaded,2026-08-30T09:55:09+00:00,
HPGP_GLOBAL,USA-104,assembly,GCA_034856035.1,https://ftp.ncbi.nlm.nih.gov/genomes/all/GCA/034/856/035/GCA_034856035.1_ASM3485603v1/GCA_034856035.1_ASM3485603v1_genomic.fna.gz,data/raw/assemblies/HPGP_GLOBAL/USA-104.fna.gz,,,,472456,8c15849e858d57652bd15c2afa2b0b44d8be55e4aa90686c9abbd859291ee6b8,818d300f6734e6a90866e49c0079ede4,PASS,downloaded,2026-08-30T09:55:14+00:00,
HPGP_GLOBAL,USA-105,assembly,GCA_034856015.1,https://ftp.ncbi.nlm.nih.gov/genomes/all/GCA/034/856/015/GCA_034856015.1_ASM3485601v1/GCA_034856015.1_ASM3485601v1_genomic.fna.gz,data/raw/assemblies/HPGP_GLOBAL/USA-105.fna.gz,,,,481943,f71a80b3b460db4e022e5d2117548514b5c14a13b296a5a19b1e976540e99030,521f157b9e3769352c22c7a833897590,PASS,downloaded,2026-08-30T09:55:17+00:00,
HPGP_GLOBAL,USA-106,assembly,GCA_034855995.1,https://ftp.ncbi.nlm.nih.gov/genomes/all/GCA/034/855/995/GCA_034855995.1_ASM3485599v1/GCA_034855995.1_ASM3485599v1_genomic.fna.gz,data/raw/assemblies/HPGP_GLOBAL/USA-106.fna.gz,,,,477578,1431a19085fab3e1a6523a1937144ed5396df520304fab5491aba80cb3aa22e4,6ac312d7d4b89ba860649552b79fb6c0,PASS,downloaded,2026-08-30T09:55:25+00:00,
HPGP_GLOBAL,USA-202,assembly,GCA_034855855.1,https://ftp.ncbi.nlm.nih.gov/genomes/all/GCA/034/855/855/GCA_034855855.1_ASM3485585v1/GCA_034855855.1_ASM3485585v1_genomic.fna.gz,data/raw/assemblies/HPGP_GLOBAL/USA-202.fna.gz,,,,474190,a23158ae413c67aaa858a8cadfa5af119098247d46c4fd273f12d570607a9e7b,dfd382b20d164d211025b81aec501b6c,PASS,downloaded,2026-08-30T09:55:40+00:00,
HPGP_GLOBAL,USA-204,assembly,GCA_034855815.1,https://ftp.ncbi.nlm.nih.gov/genomes/all/GCA/034/855/815/GCA_034855815.1_ASM3485581v1/GCA_034855815.1_ASM3485581v1_genomic.fna.gz,data/raw/assemblies/HPGP_GLOBAL/USA-204.fna.gz,,,,502318,d44028e94703cfba56fe1c151ef429fcceb5b51a89ea7ab01dfaaab2d6d0336b,0f29a6bac4dfb4cbbf741a3454e83ef2,PASS,downloaded,2026-08-30T09:55:45+00:00,
HPGP_GLOBAL,USA-206,assembly,GCA_034855775.1,https://ftp.ncbi.nlm.nih.gov/genomes/all/GCA/034/855/775/GCA_034855775.1_ASM3485577v1/GCA_034855775.1_ASM3485577v1_genomic.fna.gz,data/raw/assemblies/HPGP_GLOBAL/USA-206.fna.gz,,,,493939,e59080b30b8fb3381651e89e1360c8dcf0eb71072508476a9da80b5006a67c83,4b950a4198ee1f86cf23af9603bc707a,PASS,downloaded,2026-08-30T09:55:52+00:00,
HPGP_GLOBAL,USA-207,assembly,GCA_034855755.1,https://ftp.ncbi.nlm.nih.gov/genomes/all/GCA/034/855/755/GCA_034855755.1_ASM3485575v1/GCA_034855755.1_ASM3485575v1_genomic.fna.gz,data/raw/assemblies/HPGP_GLOBAL/USA-207.fna.gz,,,,453018,242446065b86e91ad3764044ef9b61b4fb4e4edb6a0edd4c3f37c59284c31737,af13f2fb897ffe542539a45998274388,PASS,downloaded,2026-08-30T09:55:51+00:00,
HPGP_GLOBAL,USA-302,assembly,GCA_034855695.1,https://ftp.ncbi.nlm.nih.gov/genomes/all/GCA/034/855/695/GCA_034855695.1_ASM3485569v1/GCA_034855695.1_ASM3485569v1_genomic.fna.gz,data/raw/assemblies/HPGP_GLOBAL/USA-302.fna.gz,,,,479747,0313e6aef7f06224855a43d4c781bcd60dbc131b7fcd040a74a8ec20d3481247,dbc0ce77a8506650a1a1dd0a9bd6ba34,PASS,downloaded,2026-08-30T09:56:03+00:00,
HPGP_GLOBAL,USA-304,assembly,GCA_034855655.1,https://ftp.ncbi.nlm.nih.gov/genomes/all/GCA/034/855/655/GCA_034855655.1_ASM3485565v1/GCA_034855655.1_ASM3485565v1_genomic.fna.gz,data/raw/assemblies/HPGP_GLOBAL/USA-304.fna.gz,,,,471838,b88564f7cf7484fa0dff4ed852970f9051606c2620559aeed07d7bf3d676a5bc,3e3e7579b0cd0d7c7e4e202a069f949a,PASS,downloaded,2026-08-30T09:56:25+00:00,
HPGP_GLOBAL,USA-311,assembly,GCA_034855595.1,https://ftp.ncbi.nlm.nih.gov/genomes/all/GCA/034/855/595/GCA_034855595.1_ASM3485559v1/GCA_034855595.1_ASM3485559v1_genomic.fna.gz,data/raw/assemblies/HPGP_GLOBAL/USA-311.fna.gz,,,,485605,2fa8b9009045cdfa73c3942ce165aaff7a53bbba5262cdd24f224634c6df88b4,4431aa8f66af7d616efcc853131546c5,PASS,downloaded,2026-08-30T09:56:21+00:00,
HPGP_GLOBAL,USA-406,assembly,GCA_034850955.1,https://ftp.ncbi.nlm.nih.gov/genomes/all/GCA/034/850/955/GCA_034850955.1_ASM3485095v1/GCA_034850955.1_ASM3485095v1_genomic.fna.gz,data/raw/assemblies/HPGP_GLOBAL/USA-406.fna.gz,,,,473497,c595de4d05210a4d214dfa0a1d7dc4f40b8b579fc42ffa6ebec1a0681f5a4aac,e64fa0a3153fa1b1deb0c6005a6fe3ec,PASS,downloaded,2026-08-30T09:56:23+00:00,
HPGP_GLOBAL,USA-414,assembly,GCA_034846875.1,https://ftp.ncbi.nlm.nih.gov/genomes/all/GCA/034/846/875/GCA_034846875.1_ASM3484687v1/GCA_034846875.1_ASM3484687v1_genomic.fna.gz,data/raw/assemblies/HPGP_GLOBAL/USA-414.fna.gz,,,,463814,4e24a88221b72f8e8a44fb82865d88216c434f30d3e60b7a872be160f27686f9,f313344ab079dcace4e39d71be420570,PASS,downloaded,2026-08-30T09:56:28+00:00,
HPGP_GLOBAL,ZAF-001,assembly,GCA_034827045.1,https://ftp.ncbi.nlm.nih.gov/genomes/all/GCA/034/827/045/GCA_034827045.1_ASM3482704v1/GCA_034827045.1_ASM3482704v1_genomic.fna.gz,data/raw/assemblies/HPGP_GLOBAL/ZAF-001.fna.gz,,,,494479,d042f6d539dd5928b511f0b5138328603af5e74aec3a749c389559b75ef450c1,abda87747298725675b9094b754b3b0e,PASS,downloaded,2026-08-30T09:56:43+00:00,
HPGP_GLOBAL,ZAF-002,assembly,GCA_034825975.1,https://ftp.ncbi.nlm.nih.gov/genomes/all/GCA/034/825/975/GCA_034825975.1_ASM3482597v1/GCA_034825975.1_ASM3482597v1_genomic.fna.gz,data/raw/assemblies/HPGP_GLOBAL/ZAF-002.fna.gz,,,,497496,42e80569b8dd6b9aa07d7f8688820e069b4541cce6cfa4794571cf3a3452e7a7,4fda8eee33eb3ba9115cabe3525f2dd3,PASS,downloaded,2026-08-30T09:56:47+00:00,
HPGP_GLOBAL,ZAF-004,assembly,GCA_034825105.1,https://ftp.ncbi.nlm.nih.gov/genomes/all/GCA/034/825/105/GCA_034825105.1_ASM3482510v1/GCA_034825105.1_ASM3482510v1_genomic.fna.gz,data/raw/assemblies/HPGP_GLOBAL/ZAF-004.fna.gz,,,,481840,532a35d583f22cd034cf2eb88d7c9e8d2fc6699710c8192c14be26816421d540,0d29290a92ff9cbbefb1c99655c93bd8,PASS,downloaded,2026-08-30T09:56:49+00:00,
HPGP_GLOBAL,ZAF-006,assembly,GCA_034824265.1,https://ftp.ncbi.nlm.nih.gov/genomes/all/GCA/034/824/265/GCA_034824265.1_ASM3482426v1/GCA_034824265.1_ASM3482426v1_genomic.fna.gz,data/raw/assemblies/HPGP_GLOBAL/ZAF-006.fna.gz,,,,473914,127889fa4a2d5b3a08eac0b24dda381a084cdf1050872fe908dbc4f3db558468,a35843379542ae8b061a66706d6e73fd,PASS,downloaded,2026-08-30T09:56:53+00:00,
