dataset_id,antibiotic,replicate,n,tp,tn,fp,fn,sensitivity,specificity,false_susceptible_rate,false_resistant_rate,balanced_accuracy
CHINA_NINGXIA_2022,clarithromycin,1,6,1,5,0,0,1.0,1.0,0.0,0.0,1.0
CHINA_NINGXIA_2022,clarithromycin,2,6,0,6,0,0,,1.0,,0.0,
CHINA_NINGXIA_2022,clarithromycin,3,6,3,3,0,0,1.0,1.0,0.0,0.0,1.0
CHINA_NINGXIA_2022,clarithromycin,4,6,2,4,0,0,1.0,1.0,0.0,0.0,1.0
CHINA_NINGXIA_2022,clarithromycin,5,6,2,4,0,0,1.0,1.0,0.0,0.0,1.0
CHINA_NINGXIA_2022,clarithromycin,6,6,1,5,0,0,1.0,1.0,0.0,0.0,1.0
CHINA_NINGXIA_2022,clarithromycin,7,6,2,4,0,0,1.0,1.0,0.0,0.0,1.0
CHINA_NINGXIA_2022,clarithromycin,8,6,1,5,0,0,1.0,1.0,0.0,0.0,1.0
CHINA_NINGXIA_2022,clarithromycin,9,6,1,5,0,0,1.0,1.0,0.0,0.0,1.0
CHINA_NINGXIA_2022,clarithromycin,10,6,0,6,0,0,,1.0,,0.0,
CHINA_NINGXIA_2022,clarithromycin,11,6,2,4,0,0,1.0,1.0,0.0,0.0,1.0
CHINA_NINGXIA_2022,clarithromycin,12,6,2,4,0,0,1.0,1.0,0.0,0.0,1.0
CHINA_NINGXIA_2022,clarithromycin,13,6,2,4,0,0,1.0,1.0,0.0,0.0,1.0
CHINA_NINGXIA_2022,clarithromycin,14,6,4,2,0,0,1.0,1.0,0.0,0.0,1.0
CHINA_NINGXIA_2022,clarithromycin,15,6,3,3,0,0,1.0,1.0,0.0,0.0,1.0
CHINA_NINGXIA_2022,clarithromycin,16,6,0,6,0,0,,1.0,,0.0,
CHINA_NINGXIA_2022,clarithromycin,17,6,3,3,0,0,1.0,1.0,0.0,0.0,1.0
CHINA_NINGXIA_2022,clarithromycin,18,6,1,5,0,0,1.0,1.0,0.0,0.0,1.0
CHINA_NINGXIA_2022,clarithromycin,19,6,1,5,0,0,1.0,1.0,0.0,0.0,1.0
CHINA_NINGXIA_2022,clarithromycin,20,6,4,2,0,0,1.0,1.0,0.0,0.0,1.0
CHINA_NINGXIA_2022,clarithromycin,21,6,1,5,0,0,1.0,1.0,0.0,0.0,1.0
CHINA_NINGXIA_2022,clarithromycin,22,6,2,4,0,0,1.0,1.0,0.0,0.0,1.0
CHINA_NINGXIA_2022,clarithromycin,23,6,1,5,0,0,1.0,1.0,0.0,0.0,1.0
CHINA_NINGXIA_2022,clarithromycin,24,6,1,5,0,0,1.0,1.0,0.0,0.0,1.0
CHINA_NINGXIA_2022,clarithromycin,25,6,3,3,0,0,1.0,1.0,0.0,0.0,1.0
CHINA_NINGXIA_2022,clarithromycin,26,6,1,5,0,0,1.0,1.0,0.0,0.0,1.0
CHINA_NINGXIA_2022,clarithromycin,27,6,2,4,0,0,1.0,1.0,0.0,0.0,1.0
CHINA_NINGXIA_2022,clarithromycin,28,6,1,5,0,0,1.0,1.0,0.0,0.0,1.0
CHINA_NINGXIA_2022,clarithromycin,29,6,4,2,0,0,1.0,1.0,0.0,0.0,1.0
CHINA_NINGXIA_2022,clarithromycin,30,6,1,5,0,0,1.0,1.0,0.0,0.0,1.0
CHINA_NINGXIA_2022,clarithromycin,31,6,3,3,0,0,1.0,1.0,0.0,0.0,1.0
CHINA_NINGXIA_2022,clarithromycin,32,6,1,5,0,0,1.0,1.0,0.0,0.0,1.0
CHINA_NINGXIA_2022,clarithromycin,33,6,1,5,0,0,1.0,1.0,0.0,0.0,1.0
CHINA_NINGXIA_2022,clarithromycin,34,6,2,4,0,0,1.0,1.0,0.0,0.0,1.0
CHINA_NINGXIA_2022,clarithromycin,35,6,2,4,0,0,1.0,1.0,0.0,0.0,1.0
CHINA_NINGXIA_2022,clarithromycin,36,6,2,4,0,0,1.0,1.0,0.0,0.0,1.0
CHINA_NINGXIA_2022,clarithromycin,37,6,4,2,0,0,1.0,1.0,0.0,0.0,1.0
CHINA_NINGXIA_2022,clarithromycin,38,6,2,4,0,0,1.0,1.0,0.0,0.0,1.0
CHINA_NINGXIA_2022,clarithromycin,39,6,1,5,0,0,1.0,1.0,0.0,0.0,1.0
CHINA_NINGXIA_2022,clarithromycin,40,6,4,2,0,0,1.0,1.0,0.0,0.0,1.0
CHINA_NINGXIA_2022,clarithromycin,41,6,2,4,0,0,1.0,1.0,0.0,0.0,1.0
CHINA_NINGXIA_2022,clarithromycin,42,6,3,3,0,0,1.0,1.0,0.0,0.0,1.0
CHINA_NINGXIA_2022,clarithromycin,43,6,0,6,0,0,,1.0,,0.0,
CHINA_NINGXIA_2022,clarithromycin,44,6,4,2,0,0,1.0,1.0,0.0,0.0,1.0
CHINA_NINGXIA_2022,clarithromycin,45,6,0,6,0,0,,1.0,,0.0,
CHINA_NINGXIA_2022,clarithromycin,46,6,1,5,0,0,1.0,1.0,0.0,0.0,1.0
CHINA_NINGXIA_2022,clarithromycin,47,6,3,3,0,0,1.0,1.0,0.0,0.0,1.0
CHINA_NINGXIA_2022,clarithromycin,48,6,1,5,0,0,1.0,1.0,0.0,0.0,1.0
CHINA_NINGXIA_2022,clarithromycin,49,6,3,3,0,0,1.0,1.0,0.0,0.0,1.0
CHINA_NINGXIA_2022,clarithromycin,50,6,1,5,0,0,1.0,1.0,0.0,0.0,1.0
CHINA_NINGXIA_2022,clarithromycin,51,6,0,6,0,0,,1.0,,0.0,
CHINA_NINGXIA_2022,clarithromycin,52,6,2,4,0,0,1.0,1.0,0.0,0.0,1.0
CHINA_NINGXIA_2022,clarithromycin,53,6,2,4,0,0,1.0,1.0,0.0,0.0,1.0
CHINA_NINGXIA_2022,clarithromycin,54,6,1,5,0,0,1.0,1.0,0.0,0.0,1.0
CHINA_NINGXIA_2022,clarithromycin,55,6,5,1,0,0,1.0,1.0,0.0,0.0,1.0
CHINA_NINGXIA_2022,clarithromycin,56,6,1,5,0,0,1.0,1.0,0.0,0.0,1.0
CHINA_NINGXIA_2022,clarithromycin,57,6,1,5,0,0,1.0,1.0,0.0,0.0,1.0
CHINA_NINGXIA_2022,clarithromycin,58,6,1,5,0,0,1.0,1.0,0.0,0.0,1.0
CHINA_NINGXIA_2022,clarithromycin,59,6,2,4,0,0,1.0,1.0,0.0,0.0,1.0
CHINA_NINGXIA_2022,clarithromycin,60,6,1,5,0,0,1.0,1.0,0.0,0.0,1.0
CHINA_NINGXIA_2022,clarithromycin,61,6,3,3,0,0,1.0,1.0,0.0,0.0,1.0
CHINA_NINGXIA_2022,clarithromycin,62,6,1,5,0,0,1.0,1.0,0.0,0.0,1.0
CHINA_NINGXIA_2022,clarithromycin,63,6,1,5,0,0,1.0,1.0,0.0,0.0,1.0
CHINA_NINGXIA_2022,clarithromycin,64,6,2,4,0,0,1.0,1.0,0.0,0.0,1.0
CHINA_NINGXIA_2022,clarithromycin,65,6,4,2,0,0,1.0,1.0,0.0,0.0,1.0
CHINA_NINGXIA_2022,clarithromycin,66,6,3,3,0,0,1.0,1.0,0.0,0.0,1.0
CHINA_NINGXIA_2022,clarithromycin,67,6,2,4,0,0,1.0,1.0,0.0,0.0,1.0
CHINA_NINGXIA_2022,clarithromycin,68,6,4,2,0,0,1.0,1.0,0.0,0.0,1.0
CHINA_NINGXIA_2022,clarithromycin,69,6,2,4,0,0,1.0,1.0,0.0,0.0,1.0
CHINA_NINGXIA_2022,clarithromycin,70,6,3,3,0,0,1.0,1.0,0.0,0.0,1.0
CHINA_NINGXIA_2022,clarithromycin,71,6,1,5,0,0,1.0,1.0,0.0,0.0,1.0
CHINA_NINGXIA_2022,clarithromycin,72,6,3,3,0,0,1.0,1.0,0.0,0.0,1.0
CHINA_NINGXIA_2022,clarithromycin,73,6,1,5,0,0,1.0,1.0,0.0,0.0,1.0
CHINA_NINGXIA_2022,clarithromycin,74,6,4,2,0,0,1.0,1.0,0.0,0.0,1.0
CHINA_NINGXIA_2022,clarithromycin,75,6,2,4,0,0,1.0,1.0,0.0,0.0,1.0
CHINA_NINGXIA_2022,clarithromycin,76,6,2,4,0,0,1.0,1.0,0.0,0.0,1.0
CHINA_NINGXIA_2022,clarithromycin,77,6,2,4,0,0,1.0,1.0,0.0,0.0,1.0
CHINA_NINGXIA_2022,clarithromycin,78,6,0,6,0,0,,1.0,,0.0,
CHINA_NINGXIA_2022,clarithromycin,79,6,1,5,0,0,1.0,1.0,0.0,0.0,1.0
CHINA_NINGXIA_2022,clarithromycin,80,6,2,4,0,0,1.0,1.0,0.0,0.0,1.0
CHINA_NINGXIA_2022,clarithromycin,81,6,1,5,0,0,1.0,1.0,0.0,0.0,1.0
CHINA_NINGXIA_2022,clarithromycin,82,6,2,4,0,0,1.0,1.0,0.0,0.0,1.0
CHINA_NINGXIA_2022,clarithromycin,83,6,3,3,0,0,1.0,1.0,0.0,0.0,1.0
CHINA_NINGXIA_2022,clarithromycin,84,6,0,6,0,0,,1.0,,0.0,
CHINA_NINGXIA_2022,clarithromycin,85,6,2,4,0,0,1.0,1.0,0.0,0.0,1.0
CHINA_NINGXIA_2022,clarithromycin,86,6,2,4,0,0,1.0,1.0,0.0,0.0,1.0
CHINA_NINGXIA_2022,clarithromycin,87,6,1,5,0,0,1.0,1.0,0.0,0.0,1.0
CHINA_NINGXIA_2022,clarithromycin,88,6,2,4,0,0,1.0,1.0,0.0,0.0,1.0
CHINA_NINGXIA_2022,clarithromycin,89,6,0,6,0,0,,1.0,,0.0,
CHINA_NINGXIA_2022,clarithromycin,90,6,2,4,0,0,1.0,1.0,0.0,0.0,1.0
CHINA_NINGXIA_2022,clarithromycin,91,6,4,2,0,0,1.0,1.0,0.0,0.0,1.0
CHINA_NINGXIA_2022,clarithromycin,92,6,4,2,0,0,1.0,1.0,0.0,0.0,1.0
CHINA_NINGXIA_2022,clarithromycin,93,6,0,6,0,0,,1.0,,0.0,
CHINA_NINGXIA_2022,clarithromycin,94,6,1,5,0,0,1.0,1.0,0.0,0.0,1.0
CHINA_NINGXIA_2022,clarithromycin,95,6,1,5,0,0,1.0,1.0,0.0,0.0,1.0
CHINA_NINGXIA_2022,clarithromycin,96,6,1,5,0,0,1.0,1.0,0.0,0.0,1.0
CHINA_NINGXIA_2022,clarithromycin,97,6,1,5,0,0,1.0,1.0,0.0,0.0,1.0
CHINA_NINGXIA_2022,clarithromycin,98,6,0,6,0,0,,1.0,,0.0,
CHINA_NINGXIA_2022,clarithromycin,99,6,3,3,0,0,1.0,1.0,0.0,0.0,1.0
CHINA_NINGXIA_2022,clarithromycin,100,6,1,5,0,0,1.0,1.0,0.0,0.0,1.0
CHINA_NINGXIA_2022,clarithromycin,101,6,1,5,0,0,1.0,1.0,0.0,0.0,1.0
CHINA_NINGXIA_2022,clarithromycin,102,6,2,4,0,0,1.0,1.0,0.0,0.0,1.0
CHINA_NINGXIA_2022,clarithromycin,103,6,3,3,0,0,1.0,1.0,0.0,0.0,1.0
CHINA_NINGXIA_2022,clarithromycin,104,6,2,4,0,0,1.0,1.0,0.0,0.0,1.0
CHINA_NINGXIA_2022,clarithromycin,105,6,2,4,0,0,1.0,1.0,0.0,0.0,1.0
CHINA_NINGXIA_2022,clarithromycin,106,6,1,5,0,0,1.0,1.0,0.0,0.0,1.0
CHINA_NINGXIA_2022,clarithromycin,107,6,1,5,0,0,1.0,1.0,0.0,0.0,1.0
CHINA_NINGXIA_2022,clarithromycin,108,6,4,2,0,0,1.0,1.0,0.0,0.0,1.0
CHINA_NINGXIA_2022,clarithromycin,109,6,2,4,0,0,1.0,1.0,0.0,0.0,1.0
CHINA_NINGXIA_2022,clarithromycin,110,6,0,6,0,0,,1.0,,0.0,
CHINA_NINGXIA_2022,clarithromycin,111,6,2,4,0,0,1.0,1.0,0.0,0.0,1.0
CHINA_NINGXIA_2022,clarithromycin,112,6,2,4,0,0,1.0,1.0,0.0,0.0,1.0
CHINA_NINGXIA_2022,clarithromycin,113,6,0,6,0,0,,1.0,,0.0,
CHINA_NINGXIA_2022,clarithromycin,114,6,0,6,0,0,,1.0,,0.0,
CHINA_NINGXIA_2022,clarithromycin,115,6,2,4,0,0,1.0,1.0,0.0,0.0,1.0
CHINA_NINGXIA_2022,clarithromycin,116,6,1,5,0,0,1.0,1.0,0.0,0.0,1.0
CHINA_NINGXIA_2022,clarithromycin,117,6,5,1,0,0,1.0,1.0,0.0,0.0,1.0
CHINA_NINGXIA_2022,clarithromycin,118,6,5,1,0,0,1.0,1.0,0.0,0.0,1.0
CHINA_NINGXIA_2022,clarithromycin,119,6,1,5,0,0,1.0,1.0,0.0,0.0,1.0
CHINA_NINGXIA_2022,clarithromycin,120,6,0,6,0,0,,1.0,,0.0,
CHINA_NINGXIA_2022,clarithromycin,121,6,3,3,0,0,1.0,1.0,0.0,0.0,1.0
CHINA_NINGXIA_2022,clarithromycin,122,6,2,4,0,0,1.0,1.0,0.0,0.0,1.0
CHINA_NINGXIA_2022,clarithromycin,123,6,3,3,0,0,1.0,1.0,0.0,0.0,1.0
CHINA_NINGXIA_2022,clarithromycin,124,6,0,6,0,0,,1.0,,0.0,
CHINA_NINGXIA_2022,clarithromycin,125,6,2,4,0,0,1.0,1.0,0.0,0.0,1.0
CHINA_NINGXIA_2022,clarithromycin,126,6,1,5,0,0,1.0,1.0,0.0,0.0,1.0
CHINA_NINGXIA_2022,clarithromycin,127,6,1,5,0,0,1.0,1.0,0.0,0.0,1.0
CHINA_NINGXIA_2022,clarithromycin,128,6,3,3,0,0,1.0,1.0,0.0,0.0,1.0
CHINA_NINGXIA_2022,clarithromycin,129,6,0,6,0,0,,1.0,,0.0,
CHINA_NINGXIA_2022,clarithromycin,130,6,1,5,0,0,1.0,1.0,0.0,0.0,1.0
CHINA_NINGXIA_2022,clarithromycin,131,6,0,6,0,0,,1.0,,0.0,
CHINA_NINGXIA_2022,clarithromycin,132,6,0,6,0,0,,1.0,,0.0,
CHINA_NINGXIA_2022,clarithromycin,133,6,2,4,0,0,1.0,1.0,0.0,0.0,1.0
CHINA_NINGXIA_2022,clarithromycin,134,6,3,3,0,0,1.0,1.0,0.0,0.0,1.0
CHINA_NINGXIA_2022,clarithromycin,135,6,0,6,0,0,,1.0,,0.0,
CHINA_NINGXIA_2022,clarithromycin,136,6,4,2,0,0,1.0,1.0,0.0,0.0,1.0
CHINA_NINGXIA_2022,clarithromycin,137,6,1,5,0,0,1.0,1.0,0.0,0.0,1.0
CHINA_NINGXIA_2022,clarithromycin,138,6,3,3,0,0,1.0,1.0,0.0,0.0,1.0
CHINA_NINGXIA_2022,clarithromycin,139,6,1,5,0,0,1.0,1.0,0.0,0.0,1.0
CHINA_NINGXIA_2022,clarithromycin,140,6,1,5,0,0,1.0,1.0,0.0,0.0,1.0
CHINA_NINGXIA_2022,clarithromycin,141,6,3,3,0,0,1.0,1.0,0.0,0.0,1.0
CHINA_NINGXIA_2022,clarithromycin,142,6,2,4,0,0,1.0,1.0,0.0,0.0,1.0
CHINA_NINGXIA_2022,clarithromycin,143,6,2,4,0,0,1.0,1.0,0.0,0.0,1.0
CHINA_NINGXIA_2022,clarithromycin,144,6,3,3,0,0,1.0,1.0,0.0,0.0,1.0
CHINA_NINGXIA_2022,clarithromycin,145,6,3,3,0,0,1.0,1.0,0.0,0.0,1.0
CHINA_NINGXIA_2022,clarithromycin,146,6,2,4,0,0,1.0,1.0,0.0,0.0,1.0
CHINA_NINGXIA_2022,clarithromycin,147,6,2,4,0,0,1.0,1.0,0.0,0.0,1.0
CHINA_NINGXIA_2022,clarithromycin,148,6,2,4,0,0,1.0,1.0,0.0,0.0,1.0
CHINA_NINGXIA_2022,clarithromycin,149,6,2,4,0,0,1.0,1.0,0.0,0.0,1.0
CHINA_NINGXIA_2022,clarithromycin,150,6,3,3,0,0,1.0,1.0,0.0,0.0,1.0
CHINA_NINGXIA_2022,clarithromycin,151,6,2,4,0,0,1.0,1.0,0.0,0.0,1.0
CHINA_NINGXIA_2022,clarithromycin,152,6,3,3,0,0,1.0,1.0,0.0,0.0,1.0
CHINA_NINGXIA_2022,clarithromycin,153,6,4,2,0,0,1.0,1.0,0.0,0.0,1.0
CHINA_NINGXIA_2022,clarithromycin,154,6,0,6,0,0,,1.0,,0.0,
CHINA_NINGXIA_2022,clarithromycin,155,6,2,4,0,0,1.0,1.0,0.0,0.0,1.0
CHINA_NINGXIA_2022,clarithromycin,156,6,3,3,0,0,1.0,1.0,0.0,0.0,1.0
CHINA_NINGXIA_2022,clarithromycin,157,6,2,4,0,0,1.0,1.0,0.0,0.0,1.0
CHINA_NINGXIA_2022,clarithromycin,158,6,1,5,0,0,1.0,1.0,0.0,0.0,1.0
CHINA_NINGXIA_2022,clarithromycin,159,6,1,5,0,0,1.0,1.0,0.0,0.0,1.0
CHINA_NINGXIA_2022,clarithromycin,160,6,0,6,0,0,,1.0,,0.0,
CHINA_NINGXIA_2022,clarithromycin,161,6,3,3,0,0,1.0,1.0,0.0,0.0,1.0
CHINA_NINGXIA_2022,clarithromycin,162,6,2,4,0,0,1.0,1.0,0.0,0.0,1.0
CHINA_NINGXIA_2022,clarithromycin,163,6,2,4,0,0,1.0,1.0,0.0,0.0,1.0
CHINA_NINGXIA_2022,clarithromycin,164,6,4,2,0,0,1.0,1.0,0.0,0.0,1.0
CHINA_NINGXIA_2022,clarithromycin,165,6,1,5,0,0,1.0,1.0,0.0,0.0,1.0
CHINA_NINGXIA_2022,clarithromycin,166,6,2,4,0,0,1.0,1.0,0.0,0.0,1.0
CHINA_NINGXIA_2022,clarithromycin,167,6,2,4,0,0,1.0,1.0,0.0,0.0,1.0
CHINA_NINGXIA_2022,clarithromycin,168,6,1,5,0,0,1.0,1.0,0.0,0.0,1.0
CHINA_NINGXIA_2022,clarithromycin,169,6,2,4,0,0,1.0,1.0,0.0,0.0,1.0
CHINA_NINGXIA_2022,clarithromycin,170,6,2,4,0,0,1.0,1.0,0.0,0.0,1.0
CHINA_NINGXIA_2022,clarithromycin,171,6,2,4,0,0,1.0,1.0,0.0,0.0,1.0
CHINA_NINGXIA_2022,clarithromycin,172,6,3,3,0,0,1.0,1.0,0.0,0.0,1.0
CHINA_NINGXIA_2022,clarithromycin,173,6,4,2,0,0,1.0,1.0,0.0,0.0,1.0
CHINA_NINGXIA_2022,clarithromycin,174,6,1,5,0,0,1.0,1.0,0.0,0.0,1.0
CHINA_NINGXIA_2022,clarithromycin,175,6,1,5,0,0,1.0,1.0,0.0,0.0,1.0
CHINA_NINGXIA_2022,clarithromycin,176,6,1,5,0,0,1.0,1.0,0.0,0.0,1.0
CHINA_NINGXIA_2022,clarithromycin,177,6,1,5,0,0,1.0,1.0,0.0,0.0,1.0
CHINA_NINGXIA_2022,clarithromycin,178,6,4,2,0,0,1.0,1.0,0.0,0.0,1.0
CHINA_NINGXIA_2022,clarithromycin,179,6,1,5,0,0,1.0,1.0,0.0,0.0,1.0
CHINA_NINGXIA_2022,clarithromycin,180,6,1,5,0,0,1.0,1.0,0.0,0.0,1.0
CHINA_NINGXIA_2022,clarithromycin,181,6,1,5,0,0,1.0,1.0,0.0,0.0,1.0
CHINA_NINGXIA_2022,clarithromycin,182,6,3,3,0,0,1.0,1.0,0.0,0.0,1.0
CHINA_NINGXIA_2022,clarithromycin,183,6,0,6,0,0,,1.0,,0.0,
CHINA_NINGXIA_2022,clarithromycin,184,6,3,3,0,0,1.0,1.0,0.0,0.0,1.0
CHINA_NINGXIA_2022,clarithromycin,185,6,3,3,0,0,1.0,1.0,0.0,0.0,1.0
CHINA_NINGXIA_2022,clarithromycin,186,6,1,5,0,0,1.0,1.0,0.0,0.0,1.0
CHINA_NINGXIA_2022,clarithromycin,187,6,2,4,0,0,1.0,1.0,0.0,0.0,1.0
CHINA_NINGXIA_2022,clarithromycin,188,6,2,4,0,0,1.0,1.0,0.0,0.0,1.0
CHINA_NINGXIA_2022,clarithromycin,189,6,3,3,0,0,1.0,1.0,0.0,0.0,1.0
CHINA_NINGXIA_2022,clarithromycin,190,6,2,4,0,0,1.0,1.0,0.0,0.0,1.0
CHINA_NINGXIA_2022,clarithromycin,191,6,3,3,0,0,1.0,1.0,0.0,0.0,1.0
CHINA_NINGXIA_2022,clarithromycin,192,6,5,1,0,0,1.0,1.0,0.0,0.0,1.0
CHINA_NINGXIA_2022,clarithromycin,193,6,3,3,0,0,1.0,1.0,0.0,0.0,1.0
CHINA_NINGXIA_2022,clarithromycin,194,6,1,5,0,0,1.0,1.0,0.0,0.0,1.0
CHINA_NINGXIA_2022,clarithromycin,195,6,4,2,0,0,1.0,1.0,0.0,0.0,1.0
CHINA_NINGXIA_2022,clarithromycin,196,6,1,5,0,0,1.0,1.0,0.0,0.0,1.0
CHINA_NINGXIA_2022,clarithromycin,197,6,1,5,0,0,1.0,1.0,0.0,0.0,1.0
CHINA_NINGXIA_2022,clarithromycin,198,6,1,5,0,0,1.0,1.0,0.0,0.0,1.0
CHINA_NINGXIA_2022,clarithromycin,199,6,2,4,0,0,1.0,1.0,0.0,0.0,1.0
CHINA_NINGXIA_2022,clarithromycin,200,6,2,4,0,0,1.0,1.0,0.0,0.0,1.0
CHINA_NINGXIA_2022,clarithromycin,201,6,2,4,0,0,1.0,1.0,0.0,0.0,1.0
CHINA_NINGXIA_2022,clarithromycin,202,6,3,3,0,0,1.0,1.0,0.0,0.0,1.0
CHINA_NINGXIA_2022,clarithromycin,203,6,2,4,0,0,1.0,1.0,0.0,0.0,1.0
CHINA_NINGXIA_2022,clarithromycin,204,6,0,6,0,0,,1.0,,0.0,
CHINA_NINGXIA_2022,clarithromycin,205,6,3,3,0,0,1.0,1.0,0.0,0.0,1.0
CHINA_NINGXIA_2022,clarithromycin,206,6,1,5,0,0,1.0,1.0,0.0,0.0,1.0
CHINA_NINGXIA_2022,clarithromycin,207,6,2,4,0,0,1.0,1.0,0.0,0.0,1.0
CHINA_NINGXIA_2022,clarithromycin,208,6,2,4,0,0,1.0,1.0,0.0,0.0,1.0
CHINA_NINGXIA_2022,clarithromycin,209,6,1,5,0,0,1.0,1.0,0.0,0.0,1.0
CHINA_NINGXIA_2022,clarithromycin,210,6,3,3,0,0,1.0,1.0,0.0,0.0,1.0
CHINA_NINGXIA_2022,clarithromycin,211,6,3,3,0,0,1.0,1.0,0.0,0.0,1.0
CHINA_NINGXIA_2022,clarithromycin,212,6,1,5,0,0,1.0,1.0,0.0,0.0,1.0
CHINA_NINGXIA_2022,clarithromycin,213,6,5,1,0,0,1.0,1.0,0.0,0.0,1.0
CHINA_NINGXIA_2022,clarithromycin,214,6,1,5,0,0,1.0,1.0,0.0,0.0,1.0
CHINA_NINGXIA_2022,clarithromycin,215,6,1,5,0,0,1.0,1.0,0.0,0.0,1.0
CHINA_NINGXIA_2022,clarithromycin,216,6,3,3,0,0,1.0,1.0,0.0,0.0,1.0
CHINA_NINGXIA_2022,clarithromycin,217,6,1,5,0,0,1.0,1.0,0.0,0.0,1.0
CHINA_NINGXIA_2022,clarithromycin,218,6,4,2,0,0,1.0,1.0,0.0,0.0,1.0
CHINA_NINGXIA_2022,clarithromycin,219,6,1,5,0,0,1.0,1.0,0.0,0.0,1.0
CHINA_NINGXIA_2022,clarithromycin,220,6,2,4,0,0,1.0,1.0,0.0,0.0,1.0
CHINA_NINGXIA_2022,clarithromycin,221,6,4,2,0,0,1.0,1.0,0.0,0.0,1.0
CHINA_NINGXIA_2022,clarithromycin,222,6,2,4,0,0,1.0,1.0,0.0,0.0,1.0
CHINA_NINGXIA_2022,clarithromycin,223,6,3,3,0,0,1.0,1.0,0.0,0.0,1.0
CHINA_NINGXIA_2022,clarithromycin,224,6,0,6,0,0,,1.0,,0.0,
CHINA_NINGXIA_2022,clarithromycin,225,6,1,5,0,0,1.0,1.0,0.0,0.0,1.0
CHINA_NINGXIA_2022,clarithromycin,226,6,1,5,0,0,1.0,1.0,0.0,0.0,1.0
CHINA_NINGXIA_2022,clarithromycin,227,6,3,3,0,0,1.0,1.0,0.0,0.0,1.0
CHINA_NINGXIA_2022,clarithromycin,228,6,4,2,0,0,1.0,1.0,0.0,0.0,1.0
CHINA_NINGXIA_2022,clarithromycin,229,6,0,6,0,0,,1.0,,0.0,
CHINA_NINGXIA_2022,clarithromycin,230,6,3,3,0,0,1.0,1.0,0.0,0.0,1.0
CHINA_NINGXIA_2022,clarithromycin,231,6,2,4,0,0,1.0,1.0,0.0,0.0,1.0
CHINA_NINGXIA_2022,clarithromycin,232,6,3,3,0,0,1.0,1.0,0.0,0.0,1.0
CHINA_NINGXIA_2022,clarithromycin,233,6,2,4,0,0,1.0,1.0,0.0,0.0,1.0
CHINA_NINGXIA_2022,clarithromycin,234,6,2,4,0,0,1.0,1.0,0.0,0.0,1.0
CHINA_NINGXIA_2022,clarithromycin,235,6,2,4,0,0,1.0,1.0,0.0,0.0,1.0
CHINA_NINGXIA_2022,clarithromycin,236,6,3,3,0,0,1.0,1.0,0.0,0.0,1.0
CHINA_NINGXIA_2022,clarithromycin,237,6,0,6,0,0,,1.0,,0.0,
CHINA_NINGXIA_2022,clarithromycin,238,6,1,5,0,0,1.0,1.0,0.0,0.0,1.0
CHINA_NINGXIA_2022,clarithromycin,239,6,2,4,0,0,1.0,1.0,0.0,0.0,1.0
CHINA_NINGXIA_2022,clarithromycin,240,6,1,5,0,0,1.0,1.0,0.0,0.0,1.0
CHINA_NINGXIA_2022,clarithromycin,241,6,4,2,0,0,1.0,1.0,0.0,0.0,1.0
CHINA_NINGXIA_2022,clarithromycin,242,6,0,6,0,0,,1.0,,0.0,
CHINA_NINGXIA_2022,clarithromycin,243,6,2,4,0,0,1.0,1.0,0.0,0.0,1.0
CHINA_NINGXIA_2022,clarithromycin,244,6,0,6,0,0,,1.0,,0.0,
CHINA_NINGXIA_2022,clarithromycin,245,6,0,6,0,0,,1.0,,0.0,
CHINA_NINGXIA_2022,clarithromycin,246,6,3,3,0,0,1.0,1.0,0.0,0.0,1.0
CHINA_NINGXIA_2022,clarithromycin,247,6,1,5,0,0,1.0,1.0,0.0,0.0,1.0
CHINA_NINGXIA_2022,clarithromycin,248,6,0,6,0,0,,1.0,,0.0,
CHINA_NINGXIA_2022,clarithromycin,249,6,1,5,0,0,1.0,1.0,0.0,0.0,1.0
CHINA_NINGXIA_2022,clarithromycin,250,6,1,5,0,0,1.0,1.0,0.0,0.0,1.0
CHINA_NINGXIA_2022,clarithromycin,251,6,1,5,0,0,1.0,1.0,0.0,0.0,1.0
CHINA_NINGXIA_2022,clarithromycin,252,6,2,4,0,0,1.0,1.0,0.0,0.0,1.0
CHINA_NINGXIA_2022,clarithromycin,253,6,1,5,0,0,1.0,1.0,0.0,0.0,1.0
CHINA_NINGXIA_2022,clarithromycin,254,6,3,3,0,0,1.0,1.0,0.0,0.0,1.0
CHINA_NINGXIA_2022,clarithromycin,255,6,2,4,0,0,1.0,1.0,0.0,0.0,1.0
CHINA_NINGXIA_2022,clarithromycin,256,6,3,3,0,0,1.0,1.0,0.0,0.0,1.0
CHINA_NINGXIA_2022,clarithromycin,257,6,1,5,0,0,1.0,1.0,0.0,0.0,1.0
CHINA_NINGXIA_2022,clarithromycin,258,6,2,4,0,0,1.0,1.0,0.0,0.0,1.0
CHINA_NINGXIA_2022,clarithromycin,259,6,1,5,0,0,1.0,1.0,0.0,0.0,1.0
CHINA_NINGXIA_2022,clarithromycin,260,6,1,5,0,0,1.0,1.0,0.0,0.0,1.0
CHINA_NINGXIA_2022,clarithromycin,261,6,1,5,0,0,1.0,1.0,0.0,0.0,1.0
CHINA_NINGXIA_2022,clarithromycin,262,6,3,3,0,0,1.0,1.0,0.0,0.0,1.0
CHINA_NINGXIA_2022,clarithromycin,263,6,3,3,0,0,1.0,1.0,0.0,0.0,1.0
CHINA_NINGXIA_2022,clarithromycin,264,6,4,2,0,0,1.0,1.0,0.0,0.0,1.0
CHINA_NINGXIA_2022,clarithromycin,265,6,2,4,0,0,1.0,1.0,0.0,0.0,1.0
CHINA_NINGXIA_2022,clarithromycin,266,6,1,5,0,0,1.0,1.0,0.0,0.0,1.0
CHINA_NINGXIA_2022,clarithromycin,267,6,0,6,0,0,,1.0,,0.0,
CHINA_NINGXIA_2022,clarithromycin,268,6,3,3,0,0,1.0,1.0,0.0,0.0,1.0
CHINA_NINGXIA_2022,clarithromycin,269,6,2,4,0,0,1.0,1.0,0.0,0.0,1.0
CHINA_NINGXIA_2022,clarithromycin,270,6,2,4,0,0,1.0,1.0,0.0,0.0,1.0
CHINA_NINGXIA_2022,clarithromycin,271,6,4,2,0,0,1.0,1.0,0.0,0.0,1.0
CHINA_NINGXIA_2022,clarithromycin,272,6,2,4,0,0,1.0,1.0,0.0,0.0,1.0
CHINA_NINGXIA_2022,clarithromycin,273,6,2,4,0,0,1.0,1.0,0.0,0.0,1.0
CHINA_NINGXIA_2022,clarithromycin,274,6,2,4,0,0,1.0,1.0,0.0,0.0,1.0
CHINA_NINGXIA_2022,clarithromycin,275,6,3,3,0,0,1.0,1.0,0.0,0.0,1.0
CHINA_NINGXIA_2022,clarithromycin,276,6,2,4,0,0,1.0,1.0,0.0,0.0,1.0
CHINA_NINGXIA_2022,clarithromycin,277,6,1,5,0,0,1.0,1.0,0.0,0.0,1.0
CHINA_NINGXIA_2022,clarithromycin,278,6,1,5,0,0,1.0,1.0,0.0,0.0,1.0
CHINA_NINGXIA_2022,clarithromycin,279,6,4,2,0,0,1.0,1.0,0.0,0.0,1.0
CHINA_NINGXIA_2022,clarithromycin,280,6,3,3,0,0,1.0,1.0,0.0,0.0,1.0
CHINA_NINGXIA_2022,clarithromycin,281,6,2,4,0,0,1.0,1.0,0.0,0.0,1.0
CHINA_NINGXIA_2022,clarithromycin,282,6,2,4,0,0,1.0,1.0,0.0,0.0,1.0
CHINA_NINGXIA_2022,clarithromycin,283,6,2,4,0,0,1.0,1.0,0.0,0.0,1.0
CHINA_NINGXIA_2022,clarithromycin,284,6,3,3,0,0,1.0,1.0,0.0,0.0,1.0
CHINA_NINGXIA_2022,clarithromycin,285,6,2,4,0,0,1.0,1.0,0.0,0.0,1.0
CHINA_NINGXIA_2022,clarithromycin,286,6,1,5,0,0,1.0,1.0,0.0,0.0,1.0
CHINA_NINGXIA_2022,clarithromycin,287,6,1,5,0,0,1.0,1.0,0.0,0.0,1.0
CHINA_NINGXIA_2022,clarithromycin,288,6,0,6,0,0,,1.0,,0.0,
CHINA_NINGXIA_2022,clarithromycin,289,6,0,6,0,0,,1.0,,0.0,
CHINA_NINGXIA_2022,clarithromycin,290,6,3,3,0,0,1.0,1.0,0.0,0.0,1.0
CHINA_NINGXIA_2022,clarithromycin,291,6,4,2,0,0,1.0,1.0,0.0,0.0,1.0
CHINA_NINGXIA_2022,clarithromycin,292,6,1,5,0,0,1.0,1.0,0.0,0.0,1.0
CHINA_NINGXIA_2022,clarithromycin,293,6,3,3,0,0,1.0,1.0,0.0,0.0,1.0
CHINA_NINGXIA_2022,clarithromycin,294,6,2,4,0,0,1.0,1.0,0.0,0.0,1.0
CHINA_NINGXIA_2022,clarithromycin,295,6,2,4,0,0,1.0,1.0,0.0,0.0,1.0
CHINA_NINGXIA_2022,clarithromycin,296,6,4,2,0,0,1.0,1.0,0.0,0.0,1.0
CHINA_NINGXIA_2022,clarithromycin,297,6,3,3,0,0,1.0,1.0,0.0,0.0,1.0
CHINA_NINGXIA_2022,clarithromycin,298,6,1,5,0,0,1.0,1.0,0.0,0.0,1.0
CHINA_NINGXIA_2022,clarithromycin,299,6,1,5,0,0,1.0,1.0,0.0,0.0,1.0
CHINA_NINGXIA_2022,clarithromycin,300,6,1,5,0,0,1.0,1.0,0.0,0.0,1.0
CHINA_NINGXIA_2022,clarithromycin,301,6,1,5,0,0,1.0,1.0,0.0,0.0,1.0
CHINA_NINGXIA_2022,clarithromycin,302,6,2,4,0,0,1.0,1.0,0.0,0.0,1.0
CHINA_NINGXIA_2022,clarithromycin,303,6,0,6,0,0,,1.0,,0.0,
CHINA_NINGXIA_2022,clarithromycin,304,6,0,6,0,0,,1.0,,0.0,
CHINA_NINGXIA_2022,clarithromycin,305,6,2,4,0,0,1.0,1.0,0.0,0.0,1.0
CHINA_NINGXIA_2022,clarithromycin,306,6,0,6,0,0,,1.0,,0.0,
CHINA_NINGXIA_2022,clarithromycin,307,6,2,4,0,0,1.0,1.0,0.0,0.0,1.0
CHINA_NINGXIA_2022,clarithromycin,308,6,3,3,0,0,1.0,1.0,0.0,0.0,1.0
CHINA_NINGXIA_2022,clarithromycin,309,6,2,4,0,0,1.0,1.0,0.0,0.0,1.0
CHINA_NINGXIA_2022,clarithromycin,310,6,2,4,0,0,1.0,1.0,0.0,0.0,1.0
CHINA_NINGXIA_2022,clarithromycin,311,6,1,5,0,0,1.0,1.0,0.0,0.0,1.0
CHINA_NINGXIA_2022,clarithromycin,312,6,2,4,0,0,1.0,1.0,0.0,0.0,1.0
CHINA_NINGXIA_2022,clarithromycin,313,6,3,3,0,0,1.0,1.0,0.0,0.0,1.0
CHINA_NINGXIA_2022,clarithromycin,314,6,3,3,0,0,1.0,1.0,0.0,0.0,1.0
CHINA_NINGXIA_2022,clarithromycin,315,6,1,5,0,0,1.0,1.0,0.0,0.0,1.0
CHINA_NINGXIA_2022,clarithromycin,316,6,2,4,0,0,1.0,1.0,0.0,0.0,1.0
CHINA_NINGXIA_2022,clarithromycin,317,6,1,5,0,0,1.0,1.0,0.0,0.0,1.0
CHINA_NINGXIA_2022,clarithromycin,318,6,1,5,0,0,1.0,1.0,0.0,0.0,1.0
CHINA_NINGXIA_2022,clarithromycin,319,6,3,3,0,0,1.0,1.0,0.0,0.0,1.0
CHINA_NINGXIA_2022,clarithromycin,320,6,1,5,0,0,1.0,1.0,0.0,0.0,1.0
CHINA_NINGXIA_2022,clarithromycin,321,6,2,4,0,0,1.0,1.0,0.0,0.0,1.0
CHINA_NINGXIA_2022,clarithromycin,322,6,2,4,0,0,1.0,1.0,0.0,0.0,1.0
CHINA_NINGXIA_2022,clarithromycin,323,6,3,3,0,0,1.0,1.0,0.0,0.0,1.0
CHINA_NINGXIA_2022,clarithromycin,324,6,3,3,0,0,1.0,1.0,0.0,0.0,1.0
CHINA_NINGXIA_2022,clarithromycin,325,6,2,4,0,0,1.0,1.0,0.0,0.0,1.0
CHINA_NINGXIA_2022,clarithromycin,326,6,0,6,0,0,,1.0,,0.0,
CHINA_NINGXIA_2022,clarithromycin,327,6,1,5,0,0,1.0,1.0,0.0,0.0,1.0
CHINA_NINGXIA_2022,clarithromycin,328,6,1,5,0,0,1.0,1.0,0.0,0.0,1.0
CHINA_NINGXIA_2022,clarithromycin,329,6,0,6,0,0,,1.0,,0.0,
CHINA_NINGXIA_2022,clarithromycin,330,6,3,3,0,0,1.0,1.0,0.0,0.0,1.0
CHINA_NINGXIA_2022,clarithromycin,331,6,3,3,0,0,1.0,1.0,0.0,0.0,1.0
CHINA_NINGXIA_2022,clarithromycin,332,6,2,4,0,0,1.0,1.0,0.0,0.0,1.0
CHINA_NINGXIA_2022,clarithromycin,333,6,2,4,0,0,1.0,1.0,0.0,0.0,1.0
CHINA_NINGXIA_2022,clarithromycin,334,6,0,6,0,0,,1.0,,0.0,
CHINA_NINGXIA_2022,clarithromycin,335,6,2,4,0,0,1.0,1.0,0.0,0.0,1.0
CHINA_NINGXIA_2022,clarithromycin,336,6,2,4,0,0,1.0,1.0,0.0,0.0,1.0
CHINA_NINGXIA_2022,clarithromycin,337,6,2,4,0,0,1.0,1.0,0.0,0.0,1.0
CHINA_NINGXIA_2022,clarithromycin,338,6,3,3,0,0,1.0,1.0,0.0,0.0,1.0
CHINA_NINGXIA_2022,clarithromycin,339,6,0,6,0,0,,1.0,,0.0,
CHINA_NINGXIA_2022,clarithromycin,340,6,3,3,0,0,1.0,1.0,0.0,0.0,1.0
CHINA_NINGXIA_2022,clarithromycin,341,6,1,5,0,0,1.0,1.0,0.0,0.0,1.0
CHINA_NINGXIA_2022,clarithromycin,342,6,2,4,0,0,1.0,1.0,0.0,0.0,1.0
CHINA_NINGXIA_2022,clarithromycin,343,6,3,3,0,0,1.0,1.0,0.0,0.0,1.0
CHINA_NINGXIA_2022,clarithromycin,344,6,3,3,0,0,1.0,1.0,0.0,0.0,1.0
CHINA_NINGXIA_2022,clarithromycin,345,6,2,4,0,0,1.0,1.0,0.0,0.0,1.0
CHINA_NINGXIA_2022,clarithromycin,346,6,4,2,0,0,1.0,1.0,0.0,0.0,1.0
CHINA_NINGXIA_2022,clarithromycin,347,6,2,4,0,0,1.0,1.0,0.0,0.0,1.0
CHINA_NINGXIA_2022,clarithromycin,348,6,2,4,0,0,1.0,1.0,0.0,0.0,1.0
CHINA_NINGXIA_2022,clarithromycin,349,6,3,3,0,0,1.0,1.0,0.0,0.0,1.0
CHINA_NINGXIA_2022,clarithromycin,350,6,2,4,0,0,1.0,1.0,0.0,0.0,1.0
CHINA_NINGXIA_2022,clarithromycin,351,6,3,3,0,0,1.0,1.0,0.0,0.0,1.0
CHINA_NINGXIA_2022,clarithromycin,352,6,2,4,0,0,1.0,1.0,0.0,0.0,1.0
CHINA_NINGXIA_2022,clarithromycin,353,6,4,2,0,0,1.0,1.0,0.0,0.0,1.0
CHINA_NINGXIA_2022,clarithromycin,354,6,3,3,0,0,1.0,1.0,0.0,0.0,1.0
CHINA_NINGXIA_2022,clarithromycin,355,6,2,4,0,0,1.0,1.0,0.0,0.0,1.0
CHINA_NINGXIA_2022,clarithromycin,356,6,0,6,0,0,,1.0,,0.0,
CHINA_NINGXIA_2022,clarithromycin,357,6,5,1,0,0,1.0,1.0,0.0,0.0,1.0
CHINA_NINGXIA_2022,clarithromycin,358,6,2,4,0,0,1.0,1.0,0.0,0.0,1.0
CHINA_NINGXIA_2022,clarithromycin,359,6,1,5,0,0,1.0,1.0,0.0,0.0,1.0
CHINA_NINGXIA_2022,clarithromycin,360,6,0,6,0,0,,1.0,,0.0,
CHINA_NINGXIA_2022,clarithromycin,361,6,2,4,0,0,1.0,1.0,0.0,0.0,1.0
CHINA_NINGXIA_2022,clarithromycin,362,6,3,3,0,0,1.0,1.0,0.0,0.0,1.0
CHINA_NINGXIA_2022,clarithromycin,363,6,3,3,0,0,1.0,1.0,0.0,0.0,1.0
CHINA_NINGXIA_2022,clarithromycin,364,6,2,4,0,0,1.0,1.0,0.0,0.0,1.0
CHINA_NINGXIA_2022,clarithromycin,365,6,4,2,0,0,1.0,1.0,0.0,0.0,1.0
CHINA_NINGXIA_2022,clarithromycin,366,6,4,2,0,0,1.0,1.0,0.0,0.0,1.0
CHINA_NINGXIA_2022,clarithromycin,367,6,3,3,0,0,1.0,1.0,0.0,0.0,1.0
CHINA_NINGXIA_2022,clarithromycin,368,6,1,5,0,0,1.0,1.0,0.0,0.0,1.0
CHINA_NINGXIA_2022,clarithromycin,369,6,4,2,0,0,1.0,1.0,0.0,0.0,1.0
CHINA_NINGXIA_2022,clarithromycin,370,6,2,4,0,0,1.0,1.0,0.0,0.0,1.0
CHINA_NINGXIA_2022,clarithromycin,371,6,1,5,0,0,1.0,1.0,0.0,0.0,1.0
CHINA_NINGXIA_2022,clarithromycin,372,6,1,5,0,0,1.0,1.0,0.0,0.0,1.0
CHINA_NINGXIA_2022,clarithromycin,373,6,2,4,0,0,1.0,1.0,0.0,0.0,1.0
CHINA_NINGXIA_2022,clarithromycin,374,6,2,4,0,0,1.0,1.0,0.0,0.0,1.0
CHINA_NINGXIA_2022,clarithromycin,375,6,4,2,0,0,1.0,1.0,0.0,0.0,1.0
CHINA_NINGXIA_2022,clarithromycin,376,6,3,3,0,0,1.0,1.0,0.0,0.0,1.0
CHINA_NINGXIA_2022,clarithromycin,377,6,3,3,0,0,1.0,1.0,0.0,0.0,1.0
CHINA_NINGXIA_2022,clarithromycin,378,6,1,5,0,0,1.0,1.0,0.0,0.0,1.0
CHINA_NINGXIA_2022,clarithromycin,379,6,2,4,0,0,1.0,1.0,0.0,0.0,1.0
CHINA_NINGXIA_2022,clarithromycin,380,6,1,5,0,0,1.0,1.0,0.0,0.0,1.0
CHINA_NINGXIA_2022,clarithromycin,381,6,1,5,0,0,1.0,1.0,0.0,0.0,1.0
CHINA_NINGXIA_2022,clarithromycin,382,6,3,3,0,0,1.0,1.0,0.0,0.0,1.0
CHINA_NINGXIA_2022,clarithromycin,383,6,0,6,0,0,,1.0,,0.0,
CHINA_NINGXIA_2022,clarithromycin,384,6,3,3,0,0,1.0,1.0,0.0,0.0,1.0
CHINA_NINGXIA_2022,clarithromycin,385,6,2,4,0,0,1.0,1.0,0.0,0.0,1.0
CHINA_NINGXIA_2022,clarithromycin,386,6,3,3,0,0,1.0,1.0,0.0,0.0,1.0
CHINA_NINGXIA_2022,clarithromycin,387,6,3,3,0,0,1.0,1.0,0.0,0.0,1.0
CHINA_NINGXIA_2022,clarithromycin,388,6,3,3,0,0,1.0,1.0,0.0,0.0,1.0
CHINA_NINGXIA_2022,clarithromycin,389,6,2,4,0,0,1.0,1.0,0.0,0.0,1.0
CHINA_NINGXIA_2022,clarithromycin,390,6,2,4,0,0,1.0,1.0,0.0,0.0,1.0
CHINA_NINGXIA_2022,clarithromycin,391,6,4,2,0,0,1.0,1.0,0.0,0.0,1.0
CHINA_NINGXIA_2022,clarithromycin,392,6,2,4,0,0,1.0,1.0,0.0,0.0,1.0
CHINA_NINGXIA_2022,clarithromycin,393,6,3,3,0,0,1.0,1.0,0.0,0.0,1.0
CHINA_NINGXIA_2022,clarithromycin,394,6,2,4,0,0,1.0,1.0,0.0,0.0,1.0
CHINA_NINGXIA_2022,clarithromycin,395,6,2,4,0,0,1.0,1.0,0.0,0.0,1.0
CHINA_NINGXIA_2022,clarithromycin,396,6,2,4,0,0,1.0,1.0,0.0,0.0,1.0
CHINA_NINGXIA_2022,clarithromycin,397,6,0,6,0,0,,1.0,,0.0,
CHINA_NINGXIA_2022,clarithromycin,398,6,5,1,0,0,1.0,1.0,0.0,0.0,1.0
CHINA_NINGXIA_2022,clarithromycin,399,6,2,4,0,0,1.0,1.0,0.0,0.0,1.0
CHINA_NINGXIA_2022,clarithromycin,400,6,0,6,0,0,,1.0,,0.0,
CHINA_NINGXIA_2022,clarithromycin,401,6,1,5,0,0,1.0,1.0,0.0,0.0,1.0
CHINA_NINGXIA_2022,clarithromycin,402,6,0,6,0,0,,1.0,,0.0,
CHINA_NINGXIA_2022,clarithromycin,403,6,0,6,0,0,,1.0,,0.0,
CHINA_NINGXIA_2022,clarithromycin,404,6,2,4,0,0,1.0,1.0,0.0,0.0,1.0
CHINA_NINGXIA_2022,clarithromycin,405,6,3,3,0,0,1.0,1.0,0.0,0.0,1.0
CHINA_NINGXIA_2022,clarithromycin,406,6,4,2,0,0,1.0,1.0,0.0,0.0,1.0
CHINA_NINGXIA_2022,clarithromycin,407,6,0,6,0,0,,1.0,,0.0,
CHINA_NINGXIA_2022,clarithromycin,408,6,0,6,0,0,,1.0,,0.0,
CHINA_NINGXIA_2022,clarithromycin,409,6,1,5,0,0,1.0,1.0,0.0,0.0,1.0
CHINA_NINGXIA_2022,clarithromycin,410,6,0,6,0,0,,1.0,,0.0,
CHINA_NINGXIA_2022,clarithromycin,411,6,2,4,0,0,1.0,1.0,0.0,0.0,1.0
CHINA_NINGXIA_2022,clarithromycin,412,6,4,2,0,0,1.0,1.0,0.0,0.0,1.0
CHINA_NINGXIA_2022,clarithromycin,413,6,2,4,0,0,1.0,1.0,0.0,0.0,1.0
CHINA_NINGXIA_2022,clarithromycin,414,6,1,5,0,0,1.0,1.0,0.0,0.0,1.0
CHINA_NINGXIA_2022,clarithromycin,415,6,2,4,0,0,1.0,1.0,0.0,0.0,1.0
CHINA_NINGXIA_2022,clarithromycin,416,6,2,4,0,0,1.0,1.0,0.0,0.0,1.0
CHINA_NINGXIA_2022,clarithromycin,417,6,3,3,0,0,1.0,1.0,0.0,0.0,1.0
CHINA_NINGXIA_2022,clarithromycin,418,6,1,5,0,0,1.0,1.0,0.0,0.0,1.0
CHINA_NINGXIA_2022,clarithromycin,419,6,4,2,0,0,1.0,1.0,0.0,0.0,1.0
CHINA_NINGXIA_2022,clarithromycin,420,6,3,3,0,0,1.0,1.0,0.0,0.0,1.0
CHINA_NINGXIA_2022,clarithromycin,421,6,5,1,0,0,1.0,1.0,0.0,0.0,1.0
CHINA_NINGXIA_2022,clarithromycin,422,6,2,4,0,0,1.0,1.0,0.0,0.0,1.0
CHINA_NINGXIA_2022,clarithromycin,423,6,0,6,0,0,,1.0,,0.0,
CHINA_NINGXIA_2022,clarithromycin,424,6,2,4,0,0,1.0,1.0,0.0,0.0,1.0
CHINA_NINGXIA_2022,clarithromycin,425,6,1,5,0,0,1.0,1.0,0.0,0.0,1.0
CHINA_NINGXIA_2022,clarithromycin,426,6,1,5,0,0,1.0,1.0,0.0,0.0,1.0
CHINA_NINGXIA_2022,clarithromycin,427,6,1,5,0,0,1.0,1.0,0.0,0.0,1.0
CHINA_NINGXIA_2022,clarithromycin,428,6,3,3,0,0,1.0,1.0,0.0,0.0,1.0
CHINA_NINGXIA_2022,clarithromycin,429,6,3,3,0,0,1.0,1.0,0.0,0.0,1.0
CHINA_NINGXIA_2022,clarithromycin,430,6,1,5,0,0,1.0,1.0,0.0,0.0,1.0
CHINA_NINGXIA_2022,clarithromycin,431,6,4,2,0,0,1.0,1.0,0.0,0.0,1.0
CHINA_NINGXIA_2022,clarithromycin,432,6,2,4,0,0,1.0,1.0,0.0,0.0,1.0
CHINA_NINGXIA_2022,clarithromycin,433,6,1,5,0,0,1.0,1.0,0.0,0.0,1.0
CHINA_NINGXIA_2022,clarithromycin,434,6,3,3,0,0,1.0,1.0,0.0,0.0,1.0
CHINA_NINGXIA_2022,clarithromycin,435,6,2,4,0,0,1.0,1.0,0.0,0.0,1.0
CHINA_NINGXIA_2022,clarithromycin,436,6,1,5,0,0,1.0,1.0,0.0,0.0,1.0
CHINA_NINGXIA_2022,clarithromycin,437,6,1,5,0,0,1.0,1.0,0.0,0.0,1.0
CHINA_NINGXIA_2022,clarithromycin,438,6,1,5,0,0,1.0,1.0,0.0,0.0,1.0
CHINA_NINGXIA_2022,clarithromycin,439,6,2,4,0,0,1.0,1.0,0.0,0.0,1.0
CHINA_NINGXIA_2022,clarithromycin,440,6,3,3,0,0,1.0,1.0,0.0,0.0,1.0
CHINA_NINGXIA_2022,clarithromycin,441,6,1,5,0,0,1.0,1.0,0.0,0.0,1.0
CHINA_NINGXIA_2022,clarithromycin,442,6,1,5,0,0,1.0,1.0,0.0,0.0,1.0
CHINA_NINGXIA_2022,clarithromycin,443,6,1,5,0,0,1.0,1.0,0.0,0.0,1.0
CHINA_NINGXIA_2022,clarithromycin,444,6,1,5,0,0,1.0,1.0,0.0,0.0,1.0
CHINA_NINGXIA_2022,clarithromycin,445,6,3,3,0,0,1.0,1.0,0.0,0.0,1.0
CHINA_NINGXIA_2022,clarithromycin,446,6,3,3,0,0,1.0,1.0,0.0,0.0,1.0
CHINA_NINGXIA_2022,clarithromycin,447,6,2,4,0,0,1.0,1.0,0.0,0.0,1.0
CHINA_NINGXIA_2022,clarithromycin,448,6,2,4,0,0,1.0,1.0,0.0,0.0,1.0
CHINA_NINGXIA_2022,clarithromycin,449,6,3,3,0,0,1.0,1.0,0.0,0.0,1.0
CHINA_NINGXIA_2022,clarithromycin,450,6,0,6,0,0,,1.0,,0.0,
CHINA_NINGXIA_2022,clarithromycin,451,6,2,4,0,0,1.0,1.0,0.0,0.0,1.0
CHINA_NINGXIA_2022,clarithromycin,452,6,2,4,0,0,1.0,1.0,0.0,0.0,1.0
CHINA_NINGXIA_2022,clarithromycin,453,6,2,4,0,0,1.0,1.0,0.0,0.0,1.0
CHINA_NINGXIA_2022,clarithromycin,454,6,3,3,0,0,1.0,1.0,0.0,0.0,1.0
CHINA_NINGXIA_2022,clarithromycin,455,6,2,4,0,0,1.0,1.0,0.0,0.0,1.0
CHINA_NINGXIA_2022,clarithromycin,456,6,2,4,0,0,1.0,1.0,0.0,0.0,1.0
CHINA_NINGXIA_2022,clarithromycin,457,6,3,3,0,0,1.0,1.0,0.0,0.0,1.0
CHINA_NINGXIA_2022,clarithromycin,458,6,3,3,0,0,1.0,1.0,0.0,0.0,1.0
CHINA_NINGXIA_2022,clarithromycin,459,6,2,4,0,0,1.0,1.0,0.0,0.0,1.0
CHINA_NINGXIA_2022,clarithromycin,460,6,2,4,0,0,1.0,1.0,0.0,0.0,1.0
CHINA_NINGXIA_2022,clarithromycin,461,6,2,4,0,0,1.0,1.0,0.0,0.0,1.0
CHINA_NINGXIA_2022,clarithromycin,462,6,4,2,0,0,1.0,1.0,0.0,0.0,1.0
CHINA_NINGXIA_2022,clarithromycin,463,6,1,5,0,0,1.0,1.0,0.0,0.0,1.0
CHINA_NINGXIA_2022,clarithromycin,464,6,3,3,0,0,1.0,1.0,0.0,0.0,1.0
CHINA_NINGXIA_2022,clarithromycin,465,6,2,4,0,0,1.0,1.0,0.0,0.0,1.0
CHINA_NINGXIA_2022,clarithromycin,466,6,2,4,0,0,1.0,1.0,0.0,0.0,1.0
CHINA_NINGXIA_2022,clarithromycin,467,6,1,5,0,0,1.0,1.0,0.0,0.0,1.0
CHINA_NINGXIA_2022,clarithromycin,468,6,3,3,0,0,1.0,1.0,0.0,0.0,1.0
CHINA_NINGXIA_2022,clarithromycin,469,6,0,6,0,0,,1.0,,0.0,
CHINA_NINGXIA_2022,clarithromycin,470,6,2,4,0,0,1.0,1.0,0.0,0.0,1.0
CHINA_NINGXIA_2022,clarithromycin,471,6,1,5,0,0,1.0,1.0,0.0,0.0,1.0
CHINA_NINGXIA_2022,clarithromycin,472,6,1,5,0,0,1.0,1.0,0.0,0.0,1.0
CHINA_NINGXIA_2022,clarithromycin,473,6,1,5,0,0,1.0,1.0,0.0,0.0,1.0
CHINA_NINGXIA_2022,clarithromycin,474,6,2,4,0,0,1.0,1.0,0.0,0.0,1.0
CHINA_NINGXIA_2022,clarithromycin,475,6,2,4,0,0,1.0,1.0,0.0,0.0,1.0
CHINA_NINGXIA_2022,clarithromycin,476,6,2,4,0,0,1.0,1.0,0.0,0.0,1.0
CHINA_NINGXIA_2022,clarithromycin,477,6,2,4,0,0,1.0,1.0,0.0,0.0,1.0
CHINA_NINGXIA_2022,clarithromycin,478,6,2,4,0,0,1.0,1.0,0.0,0.0,1.0
CHINA_NINGXIA_2022,clarithromycin,479,6,1,5,0,0,1.0,1.0,0.0,0.0,1.0
CHINA_NINGXIA_2022,clarithromycin,480,6,3,3,0,0,1.0,1.0,0.0,0.0,1.0
CHINA_NINGXIA_2022,clarithromycin,481,6,1,5,0,0,1.0,1.0,0.0,0.0,1.0
CHINA_NINGXIA_2022,clarithromycin,482,6,3,3,0,0,1.0,1.0,0.0,0.0,1.0
CHINA_NINGXIA_2022,clarithromycin,483,6,1,5,0,0,1.0,1.0,0.0,0.0,1.0
CHINA_NINGXIA_2022,clarithromycin,484,6,3,3,0,0,1.0,1.0,0.0,0.0,1.0
CHINA_NINGXIA_2022,clarithromycin,485,6,5,1,0,0,1.0,1.0,0.0,0.0,1.0
CHINA_NINGXIA_2022,clarithromycin,486,6,3,3,0,0,1.0,1.0,0.0,0.0,1.0
CHINA_NINGXIA_2022,clarithromycin,487,6,1,5,0,0,1.0,1.0,0.0,0.0,1.0
CHINA_NINGXIA_2022,clarithromycin,488,6,3,3,0,0,1.0,1.0,0.0,0.0,1.0
CHINA_NINGXIA_2022,clarithromycin,489,6,2,4,0,0,1.0,1.0,0.0,0.0,1.0
CHINA_NINGXIA_2022,clarithromycin,490,6,2,4,0,0,1.0,1.0,0.0,0.0,1.0
CHINA_NINGXIA_2022,clarithromycin,491,6,2,4,0,0,1.0,1.0,0.0,0.0,1.0
CHINA_NINGXIA_2022,clarithromycin,492,6,1,5,0,0,1.0,1.0,0.0,0.0,1.0
CHINA_NINGXIA_2022,clarithromycin,493,6,3,3,0,0,1.0,1.0,0.0,0.0,1.0
CHINA_NINGXIA_2022,clarithromycin,494,6,1,5,0,0,1.0,1.0,0.0,0.0,1.0
CHINA_NINGXIA_2022,clarithromycin,495,6,1,5,0,0,1.0,1.0,0.0,0.0,1.0
CHINA_NINGXIA_2022,clarithromycin,496,6,0,6,0,0,,1.0,,0.0,
CHINA_NINGXIA_2022,clarithromycin,497,6,2,4,0,0,1.0,1.0,0.0,0.0,1.0
CHINA_NINGXIA_2022,clarithromycin,498,6,2,4,0,0,1.0,1.0,0.0,0.0,1.0
CHINA_NINGXIA_2022,clarithromycin,499,6,1,5,0,0,1.0,1.0,0.0,0.0,1.0
CHINA_NINGXIA_2022,clarithromycin,500,6,1,5,0,0,1.0,1.0,0.0,0.0,1.0
CHINA_NINGXIA_2022,clarithromycin,501,6,2,4,0,0,1.0,1.0,0.0,0.0,1.0
CHINA_NINGXIA_2022,clarithromycin,502,6,2,4,0,0,1.0,1.0,0.0,0.0,1.0
CHINA_NINGXIA_2022,clarithromycin,503,6,4,2,0,0,1.0,1.0,0.0,0.0,1.0
CHINA_NINGXIA_2022,clarithromycin,504,6,1,5,0,0,1.0,1.0,0.0,0.0,1.0
CHINA_NINGXIA_2022,clarithromycin,505,6,1,5,0,0,1.0,1.0,0.0,0.0,1.0
CHINA_NINGXIA_2022,clarithromycin,506,6,3,3,0,0,1.0,1.0,0.0,0.0,1.0
CHINA_NINGXIA_2022,clarithromycin,507,6,2,4,0,0,1.0,1.0,0.0,0.0,1.0
CHINA_NINGXIA_2022,clarithromycin,508,6,3,3,0,0,1.0,1.0,0.0,0.0,1.0
CHINA_NINGXIA_2022,clarithromycin,509,6,1,5,0,0,1.0,1.0,0.0,0.0,1.0
CHINA_NINGXIA_2022,clarithromycin,510,6,1,5,0,0,1.0,1.0,0.0,0.0,1.0
CHINA_NINGXIA_2022,clarithromycin,511,6,2,4,0,0,1.0,1.0,0.0,0.0,1.0
CHINA_NINGXIA_2022,clarithromycin,512,6,4,2,0,0,1.0,1.0,0.0,0.0,1.0
CHINA_NINGXIA_2022,clarithromycin,513,6,3,3,0,0,1.0,1.0,0.0,0.0,1.0
CHINA_NINGXIA_2022,clarithromycin,514,6,2,4,0,0,1.0,1.0,0.0,0.0,1.0
CHINA_NINGXIA_2022,clarithromycin,515,6,2,4,0,0,1.0,1.0,0.0,0.0,1.0
CHINA_NINGXIA_2022,clarithromycin,516,6,2,4,0,0,1.0,1.0,0.0,0.0,1.0
CHINA_NINGXIA_2022,clarithromycin,517,6,3,3,0,0,1.0,1.0,0.0,0.0,1.0
CHINA_NINGXIA_2022,clarithromycin,518,6,2,4,0,0,1.0,1.0,0.0,0.0,1.0
CHINA_NINGXIA_2022,clarithromycin,519,6,1,5,0,0,1.0,1.0,0.0,0.0,1.0
CHINA_NINGXIA_2022,clarithromycin,520,6,3,3,0,0,1.0,1.0,0.0,0.0,1.0
CHINA_NINGXIA_2022,clarithromycin,521,6,1,5,0,0,1.0,1.0,0.0,0.0,1.0
CHINA_NINGXIA_2022,clarithromycin,522,6,2,4,0,0,1.0,1.0,0.0,0.0,1.0
CHINA_NINGXIA_2022,clarithromycin,523,6,2,4,0,0,1.0,1.0,0.0,0.0,1.0
CHINA_NINGXIA_2022,clarithromycin,524,6,2,4,0,0,1.0,1.0,0.0,0.0,1.0
CHINA_NINGXIA_2022,clarithromycin,525,6,1,5,0,0,1.0,1.0,0.0,0.0,1.0
CHINA_NINGXIA_2022,clarithromycin,526,6,2,4,0,0,1.0,1.0,0.0,0.0,1.0
CHINA_NINGXIA_2022,clarithromycin,527,6,2,4,0,0,1.0,1.0,0.0,0.0,1.0
CHINA_NINGXIA_2022,clarithromycin,528,6,2,4,0,0,1.0,1.0,0.0,0.0,1.0
CHINA_NINGXIA_2022,clarithromycin,529,6,3,3,0,0,1.0,1.0,0.0,0.0,1.0
CHINA_NINGXIA_2022,clarithromycin,530,6,3,3,0,0,1.0,1.0,0.0,0.0,1.0
CHINA_NINGXIA_2022,clarithromycin,531,6,1,5,0,0,1.0,1.0,0.0,0.0,1.0
CHINA_NINGXIA_2022,clarithromycin,532,6,0,6,0,0,,1.0,,0.0,
CHINA_NINGXIA_2022,clarithromycin,533,6,4,2,0,0,1.0,1.0,0.0,0.0,1.0
CHINA_NINGXIA_2022,clarithromycin,534,6,2,4,0,0,1.0,1.0,0.0,0.0,1.0
CHINA_NINGXIA_2022,clarithromycin,535,6,1,5,0,0,1.0,1.0,0.0,0.0,1.0
CHINA_NINGXIA_2022,clarithromycin,536,6,1,5,0,0,1.0,1.0,0.0,0.0,1.0
CHINA_NINGXIA_2022,clarithromycin,537,6,1,5,0,0,1.0,1.0,0.0,0.0,1.0
CHINA_NINGXIA_2022,clarithromycin,538,6,1,5,0,0,1.0,1.0,0.0,0.0,1.0
CHINA_NINGXIA_2022,clarithromycin,539,6,2,4,0,0,1.0,1.0,0.0,0.0,1.0
CHINA_NINGXIA_2022,clarithromycin,540,6,1,5,0,0,1.0,1.0,0.0,0.0,1.0
CHINA_NINGXIA_2022,clarithromycin,541,6,2,4,0,0,1.0,1.0,0.0,0.0,1.0
CHINA_NINGXIA_2022,clarithromycin,542,6,4,2,0,0,1.0,1.0,0.0,0.0,1.0
CHINA_NINGXIA_2022,clarithromycin,543,6,1,5,0,0,1.0,1.0,0.0,0.0,1.0
CHINA_NINGXIA_2022,clarithromycin,544,6,0,6,0,0,,1.0,,0.0,
CHINA_NINGXIA_2022,clarithromycin,545,6,3,3,0,0,1.0,1.0,0.0,0.0,1.0
CHINA_NINGXIA_2022,clarithromycin,546,6,4,2,0,0,1.0,1.0,0.0,0.0,1.0
CHINA_NINGXIA_2022,clarithromycin,547,6,3,3,0,0,1.0,1.0,0.0,0.0,1.0
CHINA_NINGXIA_2022,clarithromycin,548,6,2,4,0,0,1.0,1.0,0.0,0.0,1.0
CHINA_NINGXIA_2022,clarithromycin,549,6,1,5,0,0,1.0,1.0,0.0,0.0,1.0
CHINA_NINGXIA_2022,clarithromycin,550,6,1,5,0,0,1.0,1.0,0.0,0.0,1.0
CHINA_NINGXIA_2022,clarithromycin,551,6,2,4,0,0,1.0,1.0,0.0,0.0,1.0
CHINA_NINGXIA_2022,clarithromycin,552,6,2,4,0,0,1.0,1.0,0.0,0.0,1.0
CHINA_NINGXIA_2022,clarithromycin,553,6,2,4,0,0,1.0,1.0,0.0,0.0,1.0
CHINA_NINGXIA_2022,clarithromycin,554,6,2,4,0,0,1.0,1.0,0.0,0.0,1.0
CHINA_NINGXIA_2022,clarithromycin,555,6,1,5,0,0,1.0,1.0,0.0,0.0,1.0
CHINA_NINGXIA_2022,clarithromycin,556,6,0,6,0,0,,1.0,,0.0,
CHINA_NINGXIA_2022,clarithromycin,557,6,3,3,0,0,1.0,1.0,0.0,0.0,1.0
CHINA_NINGXIA_2022,clarithromycin,558,6,2,4,0,0,1.0,1.0,0.0,0.0,1.0
CHINA_NINGXIA_2022,clarithromycin,559,6,4,2,0,0,1.0,1.0,0.0,0.0,1.0
CHINA_NINGXIA_2022,clarithromycin,560,6,2,4,0,0,1.0,1.0,0.0,0.0,1.0
CHINA_NINGXIA_2022,clarithromycin,561,6,1,5,0,0,1.0,1.0,0.0,0.0,1.0
CHINA_NINGXIA_2022,clarithromycin,562,6,1,5,0,0,1.0,1.0,0.0,0.0,1.0
CHINA_NINGXIA_2022,clarithromycin,563,6,3,3,0,0,1.0,1.0,0.0,0.0,1.0
CHINA_NINGXIA_2022,clarithromycin,564,6,3,3,0,0,1.0,1.0,0.0,0.0,1.0
CHINA_NINGXIA_2022,clarithromycin,565,6,4,2,0,0,1.0,1.0,0.0,0.0,1.0
CHINA_NINGXIA_2022,clarithromycin,566,6,2,4,0,0,1.0,1.0,0.0,0.0,1.0
CHINA_NINGXIA_2022,clarithromycin,567,6,4,2,0,0,1.0,1.0,0.0,0.0,1.0
CHINA_NINGXIA_2022,clarithromycin,568,6,2,4,0,0,1.0,1.0,0.0,0.0,1.0
CHINA_NINGXIA_2022,clarithromycin,569,6,1,5,0,0,1.0,1.0,0.0,0.0,1.0
CHINA_NINGXIA_2022,clarithromycin,570,6,3,3,0,0,1.0,1.0,0.0,0.0,1.0
CHINA_NINGXIA_2022,clarithromycin,571,6,0,6,0,0,,1.0,,0.0,
CHINA_NINGXIA_2022,clarithromycin,572,6,3,3,0,0,1.0,1.0,0.0,0.0,1.0
CHINA_NINGXIA_2022,clarithromycin,573,6,1,5,0,0,1.0,1.0,0.0,0.0,1.0
CHINA_NINGXIA_2022,clarithromycin,574,6,1,5,0,0,1.0,1.0,0.0,0.0,1.0
CHINA_NINGXIA_2022,clarithromycin,575,6,3,3,0,0,1.0,1.0,0.0,0.0,1.0
CHINA_NINGXIA_2022,clarithromycin,576,6,3,3,0,0,1.0,1.0,0.0,0.0,1.0
CHINA_NINGXIA_2022,clarithromycin,577,6,1,5,0,0,1.0,1.0,0.0,0.0,1.0
CHINA_NINGXIA_2022,clarithromycin,578,6,3,3,0,0,1.0,1.0,0.0,0.0,1.0
CHINA_NINGXIA_2022,clarithromycin,579,6,3,3,0,0,1.0,1.0,0.0,0.0,1.0
CHINA_NINGXIA_2022,clarithromycin,580,6,3,3,0,0,1.0,1.0,0.0,0.0,1.0
CHINA_NINGXIA_2022,clarithromycin,581,6,2,4,0,0,1.0,1.0,0.0,0.0,1.0
CHINA_NINGXIA_2022,clarithromycin,582,6,2,4,0,0,1.0,1.0,0.0,0.0,1.0
CHINA_NINGXIA_2022,clarithromycin,583,6,1,5,0,0,1.0,1.0,0.0,0.0,1.0
CHINA_NINGXIA_2022,clarithromycin,584,6,0,6,0,0,,1.0,,0.0,
CHINA_NINGXIA_2022,clarithromycin,585,6,3,3,0,0,1.0,1.0,0.0,0.0,1.0
CHINA_NINGXIA_2022,clarithromycin,586,6,2,4,0,0,1.0,1.0,0.0,0.0,1.0
CHINA_NINGXIA_2022,clarithromycin,587,6,2,4,0,0,1.0,1.0,0.0,0.0,1.0
CHINA_NINGXIA_2022,clarithromycin,588,6,2,4,0,0,1.0,1.0,0.0,0.0,1.0
CHINA_NINGXIA_2022,clarithromycin,589,6,2,4,0,0,1.0,1.0,0.0,0.0,1.0
CHINA_NINGXIA_2022,clarithromycin,590,6,1,5,0,0,1.0,1.0,0.0,0.0,1.0
CHINA_NINGXIA_2022,clarithromycin,591,6,1,5,0,0,1.0,1.0,0.0,0.0,1.0
CHINA_NINGXIA_2022,clarithromycin,592,6,1,5,0,0,1.0,1.0,0.0,0.0,1.0
CHINA_NINGXIA_2022,clarithromycin,593,6,3,3,0,0,1.0,1.0,0.0,0.0,1.0
CHINA_NINGXIA_2022,clarithromycin,594,6,2,4,0,0,1.0,1.0,0.0,0.0,1.0
CHINA_NINGXIA_2022,clarithromycin,595,6,3,3,0,0,1.0,1.0,0.0,0.0,1.0
CHINA_NINGXIA_2022,clarithromycin,596,6,2,4,0,0,1.0,1.0,0.0,0.0,1.0
CHINA_NINGXIA_2022,clarithromycin,597,6,1,5,0,0,1.0,1.0,0.0,0.0,1.0
CHINA_NINGXIA_2022,clarithromycin,598,6,3,3,0,0,1.0,1.0,0.0,0.0,1.0
CHINA_NINGXIA_2022,clarithromycin,599,6,2,4,0,0,1.0,1.0,0.0,0.0,1.0
CHINA_NINGXIA_2022,clarithromycin,600,6,0,6,0,0,,1.0,,0.0,
CHINA_NINGXIA_2022,clarithromycin,601,6,1,5,0,0,1.0,1.0,0.0,0.0,1.0
CHINA_NINGXIA_2022,clarithromycin,602,6,0,6,0,0,,1.0,,0.0,
CHINA_NINGXIA_2022,clarithromycin,603,6,0,6,0,0,,1.0,,0.0,
CHINA_NINGXIA_2022,clarithromycin,604,6,3,3,0,0,1.0,1.0,0.0,0.0,1.0
CHINA_NINGXIA_2022,clarithromycin,605,6,2,4,0,0,1.0,1.0,0.0,0.0,1.0
CHINA_NINGXIA_2022,clarithromycin,606,6,2,4,0,0,1.0,1.0,0.0,0.0,1.0
CHINA_NINGXIA_2022,clarithromycin,607,6,2,4,0,0,1.0,1.0,0.0,0.0,1.0
CHINA_NINGXIA_2022,clarithromycin,608,6,2,4,0,0,1.0,1.0,0.0,0.0,1.0
CHINA_NINGXIA_2022,clarithromycin,609,6,4,2,0,0,1.0,1.0,0.0,0.0,1.0
CHINA_NINGXIA_2022,clarithromycin,610,6,3,3,0,0,1.0,1.0,0.0,0.0,1.0
CHINA_NINGXIA_2022,clarithromycin,611,6,3,3,0,0,1.0,1.0,0.0,0.0,1.0
CHINA_NINGXIA_2022,clarithromycin,612,6,1,5,0,0,1.0,1.0,0.0,0.0,1.0
CHINA_NINGXIA_2022,clarithromycin,613,6,0,6,0,0,,1.0,,0.0,
CHINA_NINGXIA_2022,clarithromycin,614,6,3,3,0,0,1.0,1.0,0.0,0.0,1.0
CHINA_NINGXIA_2022,clarithromycin,615,6,1,5,0,0,1.0,1.0,0.0,0.0,1.0
CHINA_NINGXIA_2022,clarithromycin,616,6,3,3,0,0,1.0,1.0,0.0,0.0,1.0
CHINA_NINGXIA_2022,clarithromycin,617,6,1,5,0,0,1.0,1.0,0.0,0.0,1.0
CHINA_NINGXIA_2022,clarithromycin,618,6,3,3,0,0,1.0,1.0,0.0,0.0,1.0
CHINA_NINGXIA_2022,clarithromycin,619,6,4,2,0,0,1.0,1.0,0.0,0.0,1.0
CHINA_NINGXIA_2022,clarithromycin,620,6,2,4,0,0,1.0,1.0,0.0,0.0,1.0
CHINA_NINGXIA_2022,clarithromycin,621,6,2,4,0,0,1.0,1.0,0.0,0.0,1.0
CHINA_NINGXIA_2022,clarithromycin,622,6,0,6,0,0,,1.0,,0.0,
CHINA_NINGXIA_2022,clarithromycin,623,6,3,3,0,0,1.0,1.0,0.0,0.0,1.0
CHINA_NINGXIA_2022,clarithromycin,624,6,1,5,0,0,1.0,1.0,0.0,0.0,1.0
CHINA_NINGXIA_2022,clarithromycin,625,6,1,5,0,0,1.0,1.0,0.0,0.0,1.0
CHINA_NINGXIA_2022,clarithromycin,626,6,3,3,0,0,1.0,1.0,0.0,0.0,1.0
CHINA_NINGXIA_2022,clarithromycin,627,6,2,4,0,0,1.0,1.0,0.0,0.0,1.0
CHINA_NINGXIA_2022,clarithromycin,628,6,4,2,0,0,1.0,1.0,0.0,0.0,1.0
CHINA_NINGXIA_2022,clarithromycin,629,6,1,5,0,0,1.0,1.0,0.0,0.0,1.0
CHINA_NINGXIA_2022,clarithromycin,630,6,2,4,0,0,1.0,1.0,0.0,0.0,1.0
CHINA_NINGXIA_2022,clarithromycin,631,6,2,4,0,0,1.0,1.0,0.0,0.0,1.0
CHINA_NINGXIA_2022,clarithromycin,632,6,1,5,0,0,1.0,1.0,0.0,0.0,1.0
CHINA_NINGXIA_2022,clarithromycin,633,6,3,3,0,0,1.0,1.0,0.0,0.0,1.0
CHINA_NINGXIA_2022,clarithromycin,634,6,2,4,0,0,1.0,1.0,0.0,0.0,1.0
CHINA_NINGXIA_2022,clarithromycin,635,6,2,4,0,0,1.0,1.0,0.0,0.0,1.0
CHINA_NINGXIA_2022,clarithromycin,636,6,1,5,0,0,1.0,1.0,0.0,0.0,1.0
CHINA_NINGXIA_2022,clarithromycin,637,6,2,4,0,0,1.0,1.0,0.0,0.0,1.0
CHINA_NINGXIA_2022,clarithromycin,638,6,3,3,0,0,1.0,1.0,0.0,0.0,1.0
CHINA_NINGXIA_2022,clarithromycin,639,6,2,4,0,0,1.0,1.0,0.0,0.0,1.0
CHINA_NINGXIA_2022,clarithromycin,640,6,3,3,0,0,1.0,1.0,0.0,0.0,1.0
CHINA_NINGXIA_2022,clarithromycin,641,6,3,3,0,0,1.0,1.0,0.0,0.0,1.0
CHINA_NINGXIA_2022,clarithromycin,642,6,1,5,0,0,1.0,1.0,0.0,0.0,1.0
CHINA_NINGXIA_2022,clarithromycin,643,6,1,5,0,0,1.0,1.0,0.0,0.0,1.0
CHINA_NINGXIA_2022,clarithromycin,644,6,3,3,0,0,1.0,1.0,0.0,0.0,1.0
CHINA_NINGXIA_2022,clarithromycin,645,6,2,4,0,0,1.0,1.0,0.0,0.0,1.0
CHINA_NINGXIA_2022,clarithromycin,646,6,1,5,0,0,1.0,1.0,0.0,0.0,1.0
CHINA_NINGXIA_2022,clarithromycin,647,6,3,3,0,0,1.0,1.0,0.0,0.0,1.0
CHINA_NINGXIA_2022,clarithromycin,648,6,2,4,0,0,1.0,1.0,0.0,0.0,1.0
CHINA_NINGXIA_2022,clarithromycin,649,6,1,5,0,0,1.0,1.0,0.0,0.0,1.0
CHINA_NINGXIA_2022,clarithromycin,650,6,3,3,0,0,1.0,1.0,0.0,0.0,1.0
CHINA_NINGXIA_2022,clarithromycin,651,6,3,3,0,0,1.0,1.0,0.0,0.0,1.0
CHINA_NINGXIA_2022,clarithromycin,652,6,1,5,0,0,1.0,1.0,0.0,0.0,1.0
CHINA_NINGXIA_2022,clarithromycin,653,6,1,5,0,0,1.0,1.0,0.0,0.0,1.0
CHINA_NINGXIA_2022,clarithromycin,654,6,4,2,0,0,1.0,1.0,0.0,0.0,1.0
CHINA_NINGXIA_2022,clarithromycin,655,6,4,2,0,0,1.0,1.0,0.0,0.0,1.0
CHINA_NINGXIA_2022,clarithromycin,656,6,5,1,0,0,1.0,1.0,0.0,0.0,1.0
CHINA_NINGXIA_2022,clarithromycin,657,6,1,5,0,0,1.0,1.0,0.0,0.0,1.0
CHINA_NINGXIA_2022,clarithromycin,658,6,1,5,0,0,1.0,1.0,0.0,0.0,1.0
CHINA_NINGXIA_2022,clarithromycin,659,6,2,4,0,0,1.0,1.0,0.0,0.0,1.0
CHINA_NINGXIA_2022,clarithromycin,660,6,1,5,0,0,1.0,1.0,0.0,0.0,1.0
CHINA_NINGXIA_2022,clarithromycin,661,6,3,3,0,0,1.0,1.0,0.0,0.0,1.0
CHINA_NINGXIA_2022,clarithromycin,662,6,2,4,0,0,1.0,1.0,0.0,0.0,1.0
CHINA_NINGXIA_2022,clarithromycin,663,6,2,4,0,0,1.0,1.0,0.0,0.0,1.0
CHINA_NINGXIA_2022,clarithromycin,664,6,3,3,0,0,1.0,1.0,0.0,0.0,1.0
CHINA_NINGXIA_2022,clarithromycin,665,6,4,2,0,0,1.0,1.0,0.0,0.0,1.0
CHINA_NINGXIA_2022,clarithromycin,666,6,2,4,0,0,1.0,1.0,0.0,0.0,1.0
CHINA_NINGXIA_2022,clarithromycin,667,6,3,3,0,0,1.0,1.0,0.0,0.0,1.0
CHINA_NINGXIA_2022,clarithromycin,668,6,3,3,0,0,1.0,1.0,0.0,0.0,1.0
CHINA_NINGXIA_2022,clarithromycin,669,6,3,3,0,0,1.0,1.0,0.0,0.0,1.0
CHINA_NINGXIA_2022,clarithromycin,670,6,2,4,0,0,1.0,1.0,0.0,0.0,1.0
CHINA_NINGXIA_2022,clarithromycin,671,6,4,2,0,0,1.0,1.0,0.0,0.0,1.0
CHINA_NINGXIA_2022,clarithromycin,672,6,2,4,0,0,1.0,1.0,0.0,0.0,1.0
CHINA_NINGXIA_2022,clarithromycin,673,6,2,4,0,0,1.0,1.0,0.0,0.0,1.0
CHINA_NINGXIA_2022,clarithromycin,674,6,2,4,0,0,1.0,1.0,0.0,0.0,1.0
CHINA_NINGXIA_2022,clarithromycin,675,6,1,5,0,0,1.0,1.0,0.0,0.0,1.0
CHINA_NINGXIA_2022,clarithromycin,676,6,1,5,0,0,1.0,1.0,0.0,0.0,1.0
CHINA_NINGXIA_2022,clarithromycin,677,6,0,6,0,0,,1.0,,0.0,
CHINA_NINGXIA_2022,clarithromycin,678,6,0,6,0,0,,1.0,,0.0,
CHINA_NINGXIA_2022,clarithromycin,679,6,2,4,0,0,1.0,1.0,0.0,0.0,1.0
CHINA_NINGXIA_2022,clarithromycin,680,6,4,2,0,0,1.0,1.0,0.0,0.0,1.0
CHINA_NINGXIA_2022,clarithromycin,681,6,2,4,0,0,1.0,1.0,0.0,0.0,1.0
CHINA_NINGXIA_2022,clarithromycin,682,6,1,5,0,0,1.0,1.0,0.0,0.0,1.0
CHINA_NINGXIA_2022,clarithromycin,683,6,2,4,0,0,1.0,1.0,0.0,0.0,1.0
CHINA_NINGXIA_2022,clarithromycin,684,6,4,2,0,0,1.0,1.0,0.0,0.0,1.0
CHINA_NINGXIA_2022,clarithromycin,685,6,1,5,0,0,1.0,1.0,0.0,0.0,1.0
CHINA_NINGXIA_2022,clarithromycin,686,6,1,5,0,0,1.0,1.0,0.0,0.0,1.0
CHINA_NINGXIA_2022,clarithromycin,687,6,3,3,0,0,1.0,1.0,0.0,0.0,1.0
CHINA_NINGXIA_2022,clarithromycin,688,6,2,4,0,0,1.0,1.0,0.0,0.0,1.0
CHINA_NINGXIA_2022,clarithromycin,689,6,2,4,0,0,1.0,1.0,0.0,0.0,1.0
CHINA_NINGXIA_2022,clarithromycin,690,6,4,2,0,0,1.0,1.0,0.0,0.0,1.0
CHINA_NINGXIA_2022,clarithromycin,691,6,3,3,0,0,1.0,1.0,0.0,0.0,1.0
CHINA_NINGXIA_2022,clarithromycin,692,6,2,4,0,0,1.0,1.0,0.0,0.0,1.0
CHINA_NINGXIA_2022,clarithromycin,693,6,2,4,0,0,1.0,1.0,0.0,0.0,1.0
CHINA_NINGXIA_2022,clarithromycin,694,6,3,3,0,0,1.0,1.0,0.0,0.0,1.0
CHINA_NINGXIA_2022,clarithromycin,695,6,1,5,0,0,1.0,1.0,0.0,0.0,1.0
CHINA_NINGXIA_2022,clarithromycin,696,6,0,6,0,0,,1.0,,0.0,
CHINA_NINGXIA_2022,clarithromycin,697,6,3,3,0,0,1.0,1.0,0.0,0.0,1.0
CHINA_NINGXIA_2022,clarithromycin,698,6,2,4,0,0,1.0,1.0,0.0,0.0,1.0
CHINA_NINGXIA_2022,clarithromycin,699,6,2,4,0,0,1.0,1.0,0.0,0.0,1.0
CHINA_NINGXIA_2022,clarithromycin,700,6,2,4,0,0,1.0,1.0,0.0,0.0,1.0
CHINA_NINGXIA_2022,clarithromycin,701,6,2,4,0,0,1.0,1.0,0.0,0.0,1.0
CHINA_NINGXIA_2022,clarithromycin,702,6,1,5,0,0,1.0,1.0,0.0,0.0,1.0
CHINA_NINGXIA_2022,clarithromycin,703,6,0,6,0,0,,1.0,,0.0,
CHINA_NINGXIA_2022,clarithromycin,704,6,2,4,0,0,1.0,1.0,0.0,0.0,1.0
CHINA_NINGXIA_2022,clarithromycin,705,6,2,4,0,0,1.0,1.0,0.0,0.0,1.0
CHINA_NINGXIA_2022,clarithromycin,706,6,2,4,0,0,1.0,1.0,0.0,0.0,1.0
CHINA_NINGXIA_2022,clarithromycin,707,6,3,3,0,0,1.0,1.0,0.0,0.0,1.0
CHINA_NINGXIA_2022,clarithromycin,708,6,2,4,0,0,1.0,1.0,0.0,0.0,1.0
CHINA_NINGXIA_2022,clarithromycin,709,6,3,3,0,0,1.0,1.0,0.0,0.0,1.0
CHINA_NINGXIA_2022,clarithromycin,710,6,3,3,0,0,1.0,1.0,0.0,0.0,1.0
CHINA_NINGXIA_2022,clarithromycin,711,6,2,4,0,0,1.0,1.0,0.0,0.0,1.0
CHINA_NINGXIA_2022,clarithromycin,712,6,2,4,0,0,1.0,1.0,0.0,0.0,1.0
CHINA_NINGXIA_2022,clarithromycin,713,6,2,4,0,0,1.0,1.0,0.0,0.0,1.0
CHINA_NINGXIA_2022,clarithromycin,714,6,1,5,0,0,1.0,1.0,0.0,0.0,1.0
CHINA_NINGXIA_2022,clarithromycin,715,6,0,6,0,0,,1.0,,0.0,
CHINA_NINGXIA_2022,clarithromycin,716,6,2,4,0,0,1.0,1.0,0.0,0.0,1.0
CHINA_NINGXIA_2022,clarithromycin,717,6,3,3,0,0,1.0,1.0,0.0,0.0,1.0
CHINA_NINGXIA_2022,clarithromycin,718,6,4,2,0,0,1.0,1.0,0.0,0.0,1.0
CHINA_NINGXIA_2022,clarithromycin,719,6,0,6,0,0,,1.0,,0.0,
CHINA_NINGXIA_2022,clarithromycin,720,6,1,5,0,0,1.0,1.0,0.0,0.0,1.0
CHINA_NINGXIA_2022,clarithromycin,721,6,1,5,0,0,1.0,1.0,0.0,0.0,1.0
CHINA_NINGXIA_2022,clarithromycin,722,6,2,4,0,0,1.0,1.0,0.0,0.0,1.0
CHINA_NINGXIA_2022,clarithromycin,723,6,4,2,0,0,1.0,1.0,0.0,0.0,1.0
CHINA_NINGXIA_2022,clarithromycin,724,6,3,3,0,0,1.0,1.0,0.0,0.0,1.0
CHINA_NINGXIA_2022,clarithromycin,725,6,2,4,0,0,1.0,1.0,0.0,0.0,1.0
CHINA_NINGXIA_2022,clarithromycin,726,6,2,4,0,0,1.0,1.0,0.0,0.0,1.0
CHINA_NINGXIA_2022,clarithromycin,727,6,0,6,0,0,,1.0,,0.0,
CHINA_NINGXIA_2022,clarithromycin,728,6,2,4,0,0,1.0,1.0,0.0,0.0,1.0
CHINA_NINGXIA_2022,clarithromycin,729,6,2,4,0,0,1.0,1.0,0.0,0.0,1.0
CHINA_NINGXIA_2022,clarithromycin,730,6,1,5,0,0,1.0,1.0,0.0,0.0,1.0
CHINA_NINGXIA_2022,clarithromycin,731,6,3,3,0,0,1.0,1.0,0.0,0.0,1.0
CHINA_NINGXIA_2022,clarithromycin,732,6,2,4,0,0,1.0,1.0,0.0,0.0,1.0
CHINA_NINGXIA_2022,clarithromycin,733,6,1,5,0,0,1.0,1.0,0.0,0.0,1.0
CHINA_NINGXIA_2022,clarithromycin,734,6,1,5,0,0,1.0,1.0,0.0,0.0,1.0
CHINA_NINGXIA_2022,clarithromycin,735,6,3,3,0,0,1.0,1.0,0.0,0.0,1.0
CHINA_NINGXIA_2022,clarithromycin,736,6,2,4,0,0,1.0,1.0,0.0,0.0,1.0
CHINA_NINGXIA_2022,clarithromycin,737,6,1,5,0,0,1.0,1.0,0.0,0.0,1.0
CHINA_NINGXIA_2022,clarithromycin,738,6,3,3,0,0,1.0,1.0,0.0,0.0,1.0
CHINA_NINGXIA_2022,clarithromycin,739,6,1,5,0,0,1.0,1.0,0.0,0.0,1.0
CHINA_NINGXIA_2022,clarithromycin,740,6,2,4,0,0,1.0,1.0,0.0,0.0,1.0
CHINA_NINGXIA_2022,clarithromycin,741,6,1,5,0,0,1.0,1.0,0.0,0.0,1.0
CHINA_NINGXIA_2022,clarithromycin,742,6,1,5,0,0,1.0,1.0,0.0,0.0,1.0
CHINA_NINGXIA_2022,clarithromycin,743,6,1,5,0,0,1.0,1.0,0.0,0.0,1.0
CHINA_NINGXIA_2022,clarithromycin,744,6,2,4,0,0,1.0,1.0,0.0,0.0,1.0
CHINA_NINGXIA_2022,clarithromycin,745,6,2,4,0,0,1.0,1.0,0.0,0.0,1.0
CHINA_NINGXIA_2022,clarithromycin,746,6,1,5,0,0,1.0,1.0,0.0,0.0,1.0
CHINA_NINGXIA_2022,clarithromycin,747,6,2,4,0,0,1.0,1.0,0.0,0.0,1.0
CHINA_NINGXIA_2022,clarithromycin,748,6,3,3,0,0,1.0,1.0,0.0,0.0,1.0
CHINA_NINGXIA_2022,clarithromycin,749,6,1,5,0,0,1.0,1.0,0.0,0.0,1.0
CHINA_NINGXIA_2022,clarithromycin,750,6,0,6,0,0,,1.0,,0.0,
CHINA_NINGXIA_2022,clarithromycin,751,6,1,5,0,0,1.0,1.0,0.0,0.0,1.0
CHINA_NINGXIA_2022,clarithromycin,752,6,2,4,0,0,1.0,1.0,0.0,0.0,1.0
CHINA_NINGXIA_2022,clarithromycin,753,6,1,5,0,0,1.0,1.0,0.0,0.0,1.0
CHINA_NINGXIA_2022,clarithromycin,754,6,1,5,0,0,1.0,1.0,0.0,0.0,1.0
CHINA_NINGXIA_2022,clarithromycin,755,6,1,5,0,0,1.0,1.0,0.0,0.0,1.0
CHINA_NINGXIA_2022,clarithromycin,756,6,4,2,0,0,1.0,1.0,0.0,0.0,1.0
CHINA_NINGXIA_2022,clarithromycin,757,6,3,3,0,0,1.0,1.0,0.0,0.0,1.0
CHINA_NINGXIA_2022,clarithromycin,758,6,1,5,0,0,1.0,1.0,0.0,0.0,1.0
CHINA_NINGXIA_2022,clarithromycin,759,6,1,5,0,0,1.0,1.0,0.0,0.0,1.0
CHINA_NINGXIA_2022,clarithromycin,760,6,3,3,0,0,1.0,1.0,0.0,0.0,1.0
CHINA_NINGXIA_2022,clarithromycin,761,6,5,1,0,0,1.0,1.0,0.0,0.0,1.0
CHINA_NINGXIA_2022,clarithromycin,762,6,3,3,0,0,1.0,1.0,0.0,0.0,1.0
CHINA_NINGXIA_2022,clarithromycin,763,6,1,5,0,0,1.0,1.0,0.0,0.0,1.0
CHINA_NINGXIA_2022,clarithromycin,764,6,2,4,0,0,1.0,1.0,0.0,0.0,1.0
CHINA_NINGXIA_2022,clarithromycin,765,6,3,3,0,0,1.0,1.0,0.0,0.0,1.0
CHINA_NINGXIA_2022,clarithromycin,766,6,0,6,0,0,,1.0,,0.0,
CHINA_NINGXIA_2022,clarithromycin,767,6,1,5,0,0,1.0,1.0,0.0,0.0,1.0
CHINA_NINGXIA_2022,clarithromycin,768,6,3,3,0,0,1.0,1.0,0.0,0.0,1.0
CHINA_NINGXIA_2022,clarithromycin,769,6,1,5,0,0,1.0,1.0,0.0,0.0,1.0
CHINA_NINGXIA_2022,clarithromycin,770,6,3,3,0,0,1.0,1.0,0.0,0.0,1.0
CHINA_NINGXIA_2022,clarithromycin,771,6,2,4,0,0,1.0,1.0,0.0,0.0,1.0
CHINA_NINGXIA_2022,clarithromycin,772,6,2,4,0,0,1.0,1.0,0.0,0.0,1.0
CHINA_NINGXIA_2022,clarithromycin,773,6,2,4,0,0,1.0,1.0,0.0,0.0,1.0
CHINA_NINGXIA_2022,clarithromycin,774,6,2,4,0,0,1.0,1.0,0.0,0.0,1.0
CHINA_NINGXIA_2022,clarithromycin,775,6,2,4,0,0,1.0,1.0,0.0,0.0,1.0
CHINA_NINGXIA_2022,clarithromycin,776,6,0,6,0,0,,1.0,,0.0,
CHINA_NINGXIA_2022,clarithromycin,777,6,0,6,0,0,,1.0,,0.0,
CHINA_NINGXIA_2022,clarithromycin,778,6,2,4,0,0,1.0,1.0,0.0,0.0,1.0
CHINA_NINGXIA_2022,clarithromycin,779,6,1,5,0,0,1.0,1.0,0.0,0.0,1.0
CHINA_NINGXIA_2022,clarithromycin,780,6,0,6,0,0,,1.0,,0.0,
CHINA_NINGXIA_2022,clarithromycin,781,6,1,5,0,0,1.0,1.0,0.0,0.0,1.0
CHINA_NINGXIA_2022,clarithromycin,782,6,3,3,0,0,1.0,1.0,0.0,0.0,1.0
CHINA_NINGXIA_2022,clarithromycin,783,6,4,2,0,0,1.0,1.0,0.0,0.0,1.0
CHINA_NINGXIA_2022,clarithromycin,784,6,1,5,0,0,1.0,1.0,0.0,0.0,1.0
CHINA_NINGXIA_2022,clarithromycin,785,6,1,5,0,0,1.0,1.0,0.0,0.0,1.0
CHINA_NINGXIA_2022,clarithromycin,786,6,0,6,0,0,,1.0,,0.0,
CHINA_NINGXIA_2022,clarithromycin,787,6,2,4,0,0,1.0,1.0,0.0,0.0,1.0
CHINA_NINGXIA_2022,clarithromycin,788,6,2,4,0,0,1.0,1.0,0.0,0.0,1.0
CHINA_NINGXIA_2022,clarithromycin,789,6,0,6,0,0,,1.0,,0.0,
CHINA_NINGXIA_2022,clarithromycin,790,6,2,4,0,0,1.0,1.0,0.0,0.0,1.0
CHINA_NINGXIA_2022,clarithromycin,791,6,3,3,0,0,1.0,1.0,0.0,0.0,1.0
CHINA_NINGXIA_2022,clarithromycin,792,6,0,6,0,0,,1.0,,0.0,
CHINA_NINGXIA_2022,clarithromycin,793,6,4,2,0,0,1.0,1.0,0.0,0.0,1.0
CHINA_NINGXIA_2022,clarithromycin,794,6,1,5,0,0,1.0,1.0,0.0,0.0,1.0
CHINA_NINGXIA_2022,clarithromycin,795,6,1,5,0,0,1.0,1.0,0.0,0.0,1.0
CHINA_NINGXIA_2022,clarithromycin,796,6,3,3,0,0,1.0,1.0,0.0,0.0,1.0
CHINA_NINGXIA_2022,clarithromycin,797,6,4,2,0,0,1.0,1.0,0.0,0.0,1.0
CHINA_NINGXIA_2022,clarithromycin,798,6,2,4,0,0,1.0,1.0,0.0,0.0,1.0
CHINA_NINGXIA_2022,clarithromycin,799,6,3,3,0,0,1.0,1.0,0.0,0.0,1.0
CHINA_NINGXIA_2022,clarithromycin,800,6,1,5,0,0,1.0,1.0,0.0,0.0,1.0
CHINA_NINGXIA_2022,clarithromycin,801,6,2,4,0,0,1.0,1.0,0.0,0.0,1.0
CHINA_NINGXIA_2022,clarithromycin,802,6,2,4,0,0,1.0,1.0,0.0,0.0,1.0
CHINA_NINGXIA_2022,clarithromycin,803,6,2,4,0,0,1.0,1.0,0.0,0.0,1.0
CHINA_NINGXIA_2022,clarithromycin,804,6,1,5,0,0,1.0,1.0,0.0,0.0,1.0
CHINA_NINGXIA_2022,clarithromycin,805,6,2,4,0,0,1.0,1.0,0.0,0.0,1.0
CHINA_NINGXIA_2022,clarithromycin,806,6,1,5,0,0,1.0,1.0,0.0,0.0,1.0
CHINA_NINGXIA_2022,clarithromycin,807,6,1,5,0,0,1.0,1.0,0.0,0.0,1.0
CHINA_NINGXIA_2022,clarithromycin,808,6,1,5,0,0,1.0,1.0,0.0,0.0,1.0
CHINA_NINGXIA_2022,clarithromycin,809,6,1,5,0,0,1.0,1.0,0.0,0.0,1.0
CHINA_NINGXIA_2022,clarithromycin,810,6,3,3,0,0,1.0,1.0,0.0,0.0,1.0
CHINA_NINGXIA_2022,clarithromycin,811,6,3,3,0,0,1.0,1.0,0.0,0.0,1.0
CHINA_NINGXIA_2022,clarithromycin,812,6,1,5,0,0,1.0,1.0,0.0,0.0,1.0
CHINA_NINGXIA_2022,clarithromycin,813,6,1,5,0,0,1.0,1.0,0.0,0.0,1.0
CHINA_NINGXIA_2022,clarithromycin,814,6,2,4,0,0,1.0,1.0,0.0,0.0,1.0
CHINA_NINGXIA_2022,clarithromycin,815,6,3,3,0,0,1.0,1.0,0.0,0.0,1.0
CHINA_NINGXIA_2022,clarithromycin,816,6,2,4,0,0,1.0,1.0,0.0,0.0,1.0
CHINA_NINGXIA_2022,clarithromycin,817,6,1,5,0,0,1.0,1.0,0.0,0.0,1.0
CHINA_NINGXIA_2022,clarithromycin,818,6,1,5,0,0,1.0,1.0,0.0,0.0,1.0
CHINA_NINGXIA_2022,clarithromycin,819,6,2,4,0,0,1.0,1.0,0.0,0.0,1.0
CHINA_NINGXIA_2022,clarithromycin,820,6,1,5,0,0,1.0,1.0,0.0,0.0,1.0
CHINA_NINGXIA_2022,clarithromycin,821,6,2,4,0,0,1.0,1.0,0.0,0.0,1.0
CHINA_NINGXIA_2022,clarithromycin,822,6,2,4,0,0,1.0,1.0,0.0,0.0,1.0
CHINA_NINGXIA_2022,clarithromycin,823,6,2,4,0,0,1.0,1.0,0.0,0.0,1.0
CHINA_NINGXIA_2022,clarithromycin,824,6,2,4,0,0,1.0,1.0,0.0,0.0,1.0
CHINA_NINGXIA_2022,clarithromycin,825,6,0,6,0,0,,1.0,,0.0,
CHINA_NINGXIA_2022,clarithromycin,826,6,3,3,0,0,1.0,1.0,0.0,0.0,1.0
CHINA_NINGXIA_2022,clarithromycin,827,6,0,6,0,0,,1.0,,0.0,
CHINA_NINGXIA_2022,clarithromycin,828,6,3,3,0,0,1.0,1.0,0.0,0.0,1.0
CHINA_NINGXIA_2022,clarithromycin,829,6,1,5,0,0,1.0,1.0,0.0,0.0,1.0
CHINA_NINGXIA_2022,clarithromycin,830,6,1,5,0,0,1.0,1.0,0.0,0.0,1.0
CHINA_NINGXIA_2022,clarithromycin,831,6,0,6,0,0,,1.0,,0.0,
CHINA_NINGXIA_2022,clarithromycin,832,6,1,5,0,0,1.0,1.0,0.0,0.0,1.0
CHINA_NINGXIA_2022,clarithromycin,833,6,2,4,0,0,1.0,1.0,0.0,0.0,1.0
CHINA_NINGXIA_2022,clarithromycin,834,6,1,5,0,0,1.0,1.0,0.0,0.0,1.0
CHINA_NINGXIA_2022,clarithromycin,835,6,2,4,0,0,1.0,1.0,0.0,0.0,1.0
CHINA_NINGXIA_2022,clarithromycin,836,6,2,4,0,0,1.0,1.0,0.0,0.0,1.0
CHINA_NINGXIA_2022,clarithromycin,837,6,2,4,0,0,1.0,1.0,0.0,0.0,1.0
CHINA_NINGXIA_2022,clarithromycin,838,6,3,3,0,0,1.0,1.0,0.0,0.0,1.0
CHINA_NINGXIA_2022,clarithromycin,839,6,2,4,0,0,1.0,1.0,0.0,0.0,1.0
CHINA_NINGXIA_2022,clarithromycin,840,6,3,3,0,0,1.0,1.0,0.0,0.0,1.0
CHINA_NINGXIA_2022,clarithromycin,841,6,2,4,0,0,1.0,1.0,0.0,0.0,1.0
CHINA_NINGXIA_2022,clarithromycin,842,6,1,5,0,0,1.0,1.0,0.0,0.0,1.0
CHINA_NINGXIA_2022,clarithromycin,843,6,2,4,0,0,1.0,1.0,0.0,0.0,1.0
CHINA_NINGXIA_2022,clarithromycin,844,6,1,5,0,0,1.0,1.0,0.0,0.0,1.0
CHINA_NINGXIA_2022,clarithromycin,845,6,4,2,0,0,1.0,1.0,0.0,0.0,1.0
CHINA_NINGXIA_2022,clarithromycin,846,6,0,6,0,0,,1.0,,0.0,
CHINA_NINGXIA_2022,clarithromycin,847,6,4,2,0,0,1.0,1.0,0.0,0.0,1.0
CHINA_NINGXIA_2022,clarithromycin,848,6,2,4,0,0,1.0,1.0,0.0,0.0,1.0
CHINA_NINGXIA_2022,clarithromycin,849,6,1,5,0,0,1.0,1.0,0.0,0.0,1.0
CHINA_NINGXIA_2022,clarithromycin,850,6,4,2,0,0,1.0,1.0,0.0,0.0,1.0
CHINA_NINGXIA_2022,clarithromycin,851,6,2,4,0,0,1.0,1.0,0.0,0.0,1.0
CHINA_NINGXIA_2022,clarithromycin,852,6,0,6,0,0,,1.0,,0.0,
CHINA_NINGXIA_2022,clarithromycin,853,6,0,6,0,0,,1.0,,0.0,
CHINA_NINGXIA_2022,clarithromycin,854,6,2,4,0,0,1.0,1.0,0.0,0.0,1.0
CHINA_NINGXIA_2022,clarithromycin,855,6,2,4,0,0,1.0,1.0,0.0,0.0,1.0
CHINA_NINGXIA_2022,clarithromycin,856,6,1,5,0,0,1.0,1.0,0.0,0.0,1.0
CHINA_NINGXIA_2022,clarithromycin,857,6,2,4,0,0,1.0,1.0,0.0,0.0,1.0
CHINA_NINGXIA_2022,clarithromycin,858,6,1,5,0,0,1.0,1.0,0.0,0.0,1.0
CHINA_NINGXIA_2022,clarithromycin,859,6,3,3,0,0,1.0,1.0,0.0,0.0,1.0
CHINA_NINGXIA_2022,clarithromycin,860,6,2,4,0,0,1.0,1.0,0.0,0.0,1.0
CHINA_NINGXIA_2022,clarithromycin,861,6,4,2,0,0,1.0,1.0,0.0,0.0,1.0
CHINA_NINGXIA_2022,clarithromycin,862,6,3,3,0,0,1.0,1.0,0.0,0.0,1.0
CHINA_NINGXIA_2022,clarithromycin,863,6,2,4,0,0,1.0,1.0,0.0,0.0,1.0
CHINA_NINGXIA_2022,clarithromycin,864,6,3,3,0,0,1.0,1.0,0.0,0.0,1.0
CHINA_NINGXIA_2022,clarithromycin,865,6,1,5,0,0,1.0,1.0,0.0,0.0,1.0
CHINA_NINGXIA_2022,clarithromycin,866,6,1,5,0,0,1.0,1.0,0.0,0.0,1.0
CHINA_NINGXIA_2022,clarithromycin,867,6,1,5,0,0,1.0,1.0,0.0,0.0,1.0
CHINA_NINGXIA_2022,clarithromycin,868,6,0,6,0,0,,1.0,,0.0,
CHINA_NINGXIA_2022,clarithromycin,869,6,3,3,0,0,1.0,1.0,0.0,0.0,1.0
CHINA_NINGXIA_2022,clarithromycin,870,6,2,4,0,0,1.0,1.0,0.0,0.0,1.0
CHINA_NINGXIA_2022,clarithromycin,871,6,0,6,0,0,,1.0,,0.0,
CHINA_NINGXIA_2022,clarithromycin,872,6,3,3,0,0,1.0,1.0,0.0,0.0,1.0
CHINA_NINGXIA_2022,clarithromycin,873,6,1,5,0,0,1.0,1.0,0.0,0.0,1.0
CHINA_NINGXIA_2022,clarithromycin,874,6,2,4,0,0,1.0,1.0,0.0,0.0,1.0
CHINA_NINGXIA_2022,clarithromycin,875,6,1,5,0,0,1.0,1.0,0.0,0.0,1.0
CHINA_NINGXIA_2022,clarithromycin,876,6,2,4,0,0,1.0,1.0,0.0,0.0,1.0
CHINA_NINGXIA_2022,clarithromycin,877,6,2,4,0,0,1.0,1.0,0.0,0.0,1.0
CHINA_NINGXIA_2022,clarithromycin,878,6,2,4,0,0,1.0,1.0,0.0,0.0,1.0
CHINA_NINGXIA_2022,clarithromycin,879,6,0,6,0,0,,1.0,,0.0,
CHINA_NINGXIA_2022,clarithromycin,880,6,3,3,0,0,1.0,1.0,0.0,0.0,1.0
CHINA_NINGXIA_2022,clarithromycin,881,6,2,4,0,0,1.0,1.0,0.0,0.0,1.0
CHINA_NINGXIA_2022,clarithromycin,882,6,2,4,0,0,1.0,1.0,0.0,0.0,1.0
CHINA_NINGXIA_2022,clarithromycin,883,6,2,4,0,0,1.0,1.0,0.0,0.0,1.0
CHINA_NINGXIA_2022,clarithromycin,884,6,1,5,0,0,1.0,1.0,0.0,0.0,1.0
CHINA_NINGXIA_2022,clarithromycin,885,6,3,3,0,0,1.0,1.0,0.0,0.0,1.0
CHINA_NINGXIA_2022,clarithromycin,886,6,1,5,0,0,1.0,1.0,0.0,0.0,1.0
CHINA_NINGXIA_2022,clarithromycin,887,6,0,6,0,0,,1.0,,0.0,
CHINA_NINGXIA_2022,clarithromycin,888,6,1,5,0,0,1.0,1.0,0.0,0.0,1.0
CHINA_NINGXIA_2022,clarithromycin,889,6,1,5,0,0,1.0,1.0,0.0,0.0,1.0
CHINA_NINGXIA_2022,clarithromycin,890,6,1,5,0,0,1.0,1.0,0.0,0.0,1.0
CHINA_NINGXIA_2022,clarithromycin,891,6,3,3,0,0,1.0,1.0,0.0,0.0,1.0
CHINA_NINGXIA_2022,clarithromycin,892,6,2,4,0,0,1.0,1.0,0.0,0.0,1.0
CHINA_NINGXIA_2022,clarithromycin,893,6,0,6,0,0,,1.0,,0.0,
CHINA_NINGXIA_2022,clarithromycin,894,6,2,4,0,0,1.0,1.0,0.0,0.0,1.0
CHINA_NINGXIA_2022,clarithromycin,895,6,3,3,0,0,1.0,1.0,0.0,0.0,1.0
CHINA_NINGXIA_2022,clarithromycin,896,6,2,4,0,0,1.0,1.0,0.0,0.0,1.0
CHINA_NINGXIA_2022,clarithromycin,897,6,0,6,0,0,,1.0,,0.0,
CHINA_NINGXIA_2022,clarithromycin,898,6,1,5,0,0,1.0,1.0,0.0,0.0,1.0
CHINA_NINGXIA_2022,clarithromycin,899,6,3,3,0,0,1.0,1.0,0.0,0.0,1.0
CHINA_NINGXIA_2022,clarithromycin,900,6,3,3,0,0,1.0,1.0,0.0,0.0,1.0
CHINA_NINGXIA_2022,clarithromycin,901,6,1,5,0,0,1.0,1.0,0.0,0.0,1.0
CHINA_NINGXIA_2022,clarithromycin,902,6,4,2,0,0,1.0,1.0,0.0,0.0,1.0
CHINA_NINGXIA_2022,clarithromycin,903,6,3,3,0,0,1.0,1.0,0.0,0.0,1.0
CHINA_NINGXIA_2022,clarithromycin,904,6,2,4,0,0,1.0,1.0,0.0,0.0,1.0
CHINA_NINGXIA_2022,clarithromycin,905,6,0,6,0,0,,1.0,,0.0,
CHINA_NINGXIA_2022,clarithromycin,906,6,1,5,0,0,1.0,1.0,0.0,0.0,1.0
CHINA_NINGXIA_2022,clarithromycin,907,6,3,3,0,0,1.0,1.0,0.0,0.0,1.0
CHINA_NINGXIA_2022,clarithromycin,908,6,1,5,0,0,1.0,1.0,0.0,0.0,1.0
CHINA_NINGXIA_2022,clarithromycin,909,6,2,4,0,0,1.0,1.0,0.0,0.0,1.0
CHINA_NINGXIA_2022,clarithromycin,910,6,1,5,0,0,1.0,1.0,0.0,0.0,1.0
CHINA_NINGXIA_2022,clarithromycin,911,6,1,5,0,0,1.0,1.0,0.0,0.0,1.0
CHINA_NINGXIA_2022,clarithromycin,912,6,1,5,0,0,1.0,1.0,0.0,0.0,1.0
CHINA_NINGXIA_2022,clarithromycin,913,6,1,5,0,0,1.0,1.0,0.0,0.0,1.0
CHINA_NINGXIA_2022,clarithromycin,914,6,0,6,0,0,,1.0,,0.0,
CHINA_NINGXIA_2022,clarithromycin,915,6,0,6,0,0,,1.0,,0.0,
CHINA_NINGXIA_2022,clarithromycin,916,6,3,3,0,0,1.0,1.0,0.0,0.0,1.0
CHINA_NINGXIA_2022,clarithromycin,917,6,3,3,0,0,1.0,1.0,0.0,0.0,1.0
CHINA_NINGXIA_2022,clarithromycin,918,6,2,4,0,0,1.0,1.0,0.0,0.0,1.0
CHINA_NINGXIA_2022,clarithromycin,919,6,3,3,0,0,1.0,1.0,0.0,0.0,1.0
CHINA_NINGXIA_2022,clarithromycin,920,6,0,6,0,0,,1.0,,0.0,
CHINA_NINGXIA_2022,clarithromycin,921,6,2,4,0,0,1.0,1.0,0.0,0.0,1.0
CHINA_NINGXIA_2022,clarithromycin,922,6,3,3,0,0,1.0,1.0,0.0,0.0,1.0
CHINA_NINGXIA_2022,clarithromycin,923,6,3,3,0,0,1.0,1.0,0.0,0.0,1.0
CHINA_NINGXIA_2022,clarithromycin,924,6,3,3,0,0,1.0,1.0,0.0,0.0,1.0
CHINA_NINGXIA_2022,clarithromycin,925,6,3,3,0,0,1.0,1.0,0.0,0.0,1.0
CHINA_NINGXIA_2022,clarithromycin,926,6,2,4,0,0,1.0,1.0,0.0,0.0,1.0
CHINA_NINGXIA_2022,clarithromycin,927,6,2,4,0,0,1.0,1.0,0.0,0.0,1.0
CHINA_NINGXIA_2022,clarithromycin,928,6,3,3,0,0,1.0,1.0,0.0,0.0,1.0
CHINA_NINGXIA_2022,clarithromycin,929,6,3,3,0,0,1.0,1.0,0.0,0.0,1.0
CHINA_NINGXIA_2022,clarithromycin,930,6,1,5,0,0,1.0,1.0,0.0,0.0,1.0
CHINA_NINGXIA_2022,clarithromycin,931,6,3,3,0,0,1.0,1.0,0.0,0.0,1.0
CHINA_NINGXIA_2022,clarithromycin,932,6,2,4,0,0,1.0,1.0,0.0,0.0,1.0
CHINA_NINGXIA_2022,clarithromycin,933,6,2,4,0,0,1.0,1.0,0.0,0.0,1.0
CHINA_NINGXIA_2022,clarithromycin,934,6,2,4,0,0,1.0,1.0,0.0,0.0,1.0
CHINA_NINGXIA_2022,clarithromycin,935,6,2,4,0,0,1.0,1.0,0.0,0.0,1.0
CHINA_NINGXIA_2022,clarithromycin,936,6,0,6,0,0,,1.0,,0.0,
CHINA_NINGXIA_2022,clarithromycin,937,6,2,4,0,0,1.0,1.0,0.0,0.0,1.0
CHINA_NINGXIA_2022,clarithromycin,938,6,1,5,0,0,1.0,1.0,0.0,0.0,1.0
CHINA_NINGXIA_2022,clarithromycin,939,6,2,4,0,0,1.0,1.0,0.0,0.0,1.0
CHINA_NINGXIA_2022,clarithromycin,940,6,1,5,0,0,1.0,1.0,0.0,0.0,1.0
CHINA_NINGXIA_2022,clarithromycin,941,6,2,4,0,0,1.0,1.0,0.0,0.0,1.0
CHINA_NINGXIA_2022,clarithromycin,942,6,1,5,0,0,1.0,1.0,0.0,0.0,1.0
CHINA_NINGXIA_2022,clarithromycin,943,6,2,4,0,0,1.0,1.0,0.0,0.0,1.0
CHINA_NINGXIA_2022,clarithromycin,944,6,3,3,0,0,1.0,1.0,0.0,0.0,1.0
CHINA_NINGXIA_2022,clarithromycin,945,6,1,5,0,0,1.0,1.0,0.0,0.0,1.0
CHINA_NINGXIA_2022,clarithromycin,946,6,2,4,0,0,1.0,1.0,0.0,0.0,1.0
CHINA_NINGXIA_2022,clarithromycin,947,6,0,6,0,0,,1.0,,0.0,
CHINA_NINGXIA_2022,clarithromycin,948,6,0,6,0,0,,1.0,,0.0,
CHINA_NINGXIA_2022,clarithromycin,949,6,2,4,0,0,1.0,1.0,0.0,0.0,1.0
CHINA_NINGXIA_2022,clarithromycin,950,6,2,4,0,0,1.0,1.0,0.0,0.0,1.0
CHINA_NINGXIA_2022,clarithromycin,951,6,3,3,0,0,1.0,1.0,0.0,0.0,1.0
CHINA_NINGXIA_2022,clarithromycin,952,6,1,5,0,0,1.0,1.0,0.0,0.0,1.0
CHINA_NINGXIA_2022,clarithromycin,953,6,2,4,0,0,1.0,1.0,0.0,0.0,1.0
CHINA_NINGXIA_2022,clarithromycin,954,6,3,3,0,0,1.0,1.0,0.0,0.0,1.0
CHINA_NINGXIA_2022,clarithromycin,955,6,5,1,0,0,1.0,1.0,0.0,0.0,1.0
CHINA_NINGXIA_2022,clarithromycin,956,6,2,4,0,0,1.0,1.0,0.0,0.0,1.0
CHINA_NINGXIA_2022,clarithromycin,957,6,1,5,0,0,1.0,1.0,0.0,0.0,1.0
CHINA_NINGXIA_2022,clarithromycin,958,6,2,4,0,0,1.0,1.0,0.0,0.0,1.0
CHINA_NINGXIA_2022,clarithromycin,959,6,2,4,0,0,1.0,1.0,0.0,0.0,1.0
CHINA_NINGXIA_2022,clarithromycin,960,6,4,2,0,0,1.0,1.0,0.0,0.0,1.0
CHINA_NINGXIA_2022,clarithromycin,961,6,2,4,0,0,1.0,1.0,0.0,0.0,1.0
CHINA_NINGXIA_2022,clarithromycin,962,6,2,4,0,0,1.0,1.0,0.0,0.0,1.0
CHINA_NINGXIA_2022,clarithromycin,963,6,0,6,0,0,,1.0,,0.0,
CHINA_NINGXIA_2022,clarithromycin,964,6,2,4,0,0,1.0,1.0,0.0,0.0,1.0
CHINA_NINGXIA_2022,clarithromycin,965,6,3,3,0,0,1.0,1.0,0.0,0.0,1.0
CHINA_NINGXIA_2022,clarithromycin,966,6,1,5,0,0,1.0,1.0,0.0,0.0,1.0
CHINA_NINGXIA_2022,clarithromycin,967,6,4,2,0,0,1.0,1.0,0.0,0.0,1.0
CHINA_NINGXIA_2022,clarithromycin,968,6,1,5,0,0,1.0,1.0,0.0,0.0,1.0
CHINA_NINGXIA_2022,clarithromycin,969,6,1,5,0,0,1.0,1.0,0.0,0.0,1.0
CHINA_NINGXIA_2022,clarithromycin,970,6,1,5,0,0,1.0,1.0,0.0,0.0,1.0
CHINA_NINGXIA_2022,clarithromycin,971,6,1,5,0,0,1.0,1.0,0.0,0.0,1.0
CHINA_NINGXIA_2022,clarithromycin,972,6,0,6,0,0,,1.0,,0.0,
CHINA_NINGXIA_2022,clarithromycin,973,6,2,4,0,0,1.0,1.0,0.0,0.0,1.0
CHINA_NINGXIA_2022,clarithromycin,974,6,2,4,0,0,1.0,1.0,0.0,0.0,1.0
CHINA_NINGXIA_2022,clarithromycin,975,6,1,5,0,0,1.0,1.0,0.0,0.0,1.0
CHINA_NINGXIA_2022,clarithromycin,976,6,3,3,0,0,1.0,1.0,0.0,0.0,1.0
CHINA_NINGXIA_2022,clarithromycin,977,6,3,3,0,0,1.0,1.0,0.0,0.0,1.0
CHINA_NINGXIA_2022,clarithromycin,978,6,1,5,0,0,1.0,1.0,0.0,0.0,1.0
CHINA_NINGXIA_2022,clarithromycin,979,6,1,5,0,0,1.0,1.0,0.0,0.0,1.0
CHINA_NINGXIA_2022,clarithromycin,980,6,1,5,0,0,1.0,1.0,0.0,0.0,1.0
CHINA_NINGXIA_2022,clarithromycin,981,6,1,5,0,0,1.0,1.0,0.0,0.0,1.0
CHINA_NINGXIA_2022,clarithromycin,982,6,2,4,0,0,1.0,1.0,0.0,0.0,1.0
CHINA_NINGXIA_2022,clarithromycin,983,6,3,3,0,0,1.0,1.0,0.0,0.0,1.0
CHINA_NINGXIA_2022,clarithromycin,984,6,3,3,0,0,1.0,1.0,0.0,0.0,1.0
CHINA_NINGXIA_2022,clarithromycin,985,6,1,5,0,0,1.0,1.0,0.0,0.0,1.0
CHINA_NINGXIA_2022,clarithromycin,986,6,0,6,0,0,,1.0,,0.0,
CHINA_NINGXIA_2022,clarithromycin,987,6,3,3,0,0,1.0,1.0,0.0,0.0,1.0
CHINA_NINGXIA_2022,clarithromycin,988,6,2,4,0,0,1.0,1.0,0.0,0.0,1.0
CHINA_NINGXIA_2022,clarithromycin,989,6,2,4,0,0,1.0,1.0,0.0,0.0,1.0
CHINA_NINGXIA_2022,clarithromycin,990,6,1,5,0,0,1.0,1.0,0.0,0.0,1.0
CHINA_NINGXIA_2022,clarithromycin,991,6,3,3,0,0,1.0,1.0,0.0,0.0,1.0
CHINA_NINGXIA_2022,clarithromycin,992,6,1,5,0,0,1.0,1.0,0.0,0.0,1.0
CHINA_NINGXIA_2022,clarithromycin,993,6,3,3,0,0,1.0,1.0,0.0,0.0,1.0
CHINA_NINGXIA_2022,clarithromycin,994,6,3,3,0,0,1.0,1.0,0.0,0.0,1.0
CHINA_NINGXIA_2022,clarithromycin,995,6,2,4,0,0,1.0,1.0,0.0,0.0,1.0
CHINA_NINGXIA_2022,clarithromycin,996,6,2,4,0,0,1.0,1.0,0.0,0.0,1.0
CHINA_NINGXIA_2022,clarithromycin,997,6,2,4,0,0,1.0,1.0,0.0,0.0,1.0
CHINA_NINGXIA_2022,clarithromycin,998,6,1,5,0,0,1.0,1.0,0.0,0.0,1.0
CHINA_NINGXIA_2022,clarithromycin,999,6,2,4,0,0,1.0,1.0,0.0,0.0,1.0
CHINA_NINGXIA_2022,clarithromycin,1000,6,2,4,0,0,1.0,1.0,0.0,0.0,1.0
CHINA_NINGXIA_2022,clarithromycin,1001,6,1,5,0,0,1.0,1.0,0.0,0.0,1.0
CHINA_NINGXIA_2022,clarithromycin,1002,6,1,5,0,0,1.0,1.0,0.0,0.0,1.0
CHINA_NINGXIA_2022,clarithromycin,1003,6,1,5,0,0,1.0,1.0,0.0,0.0,1.0
CHINA_NINGXIA_2022,clarithromycin,1004,6,0,6,0,0,,1.0,,0.0,
CHINA_NINGXIA_2022,clarithromycin,1005,6,1,5,0,0,1.0,1.0,0.0,0.0,1.0
CHINA_NINGXIA_2022,clarithromycin,1006,6,1,5,0,0,1.0,1.0,0.0,0.0,1.0
CHINA_NINGXIA_2022,clarithromycin,1007,6,5,1,0,0,1.0,1.0,0.0,0.0,1.0
CHINA_NINGXIA_2022,clarithromycin,1008,6,4,2,0,0,1.0,1.0,0.0,0.0,1.0
CHINA_NINGXIA_2022,clarithromycin,1009,6,1,5,0,0,1.0,1.0,0.0,0.0,1.0
CHINA_NINGXIA_2022,clarithromycin,1010,6,1,5,0,0,1.0,1.0,0.0,0.0,1.0
CHINA_NINGXIA_2022,clarithromycin,1011,6,4,2,0,0,1.0,1.0,0.0,0.0,1.0
CHINA_NINGXIA_2022,clarithromycin,1012,6,2,4,0,0,1.0,1.0,0.0,0.0,1.0
CHINA_NINGXIA_2022,clarithromycin,1013,6,5,1,0,0,1.0,1.0,0.0,0.0,1.0
CHINA_NINGXIA_2022,clarithromycin,1014,6,1,5,0,0,1.0,1.0,0.0,0.0,1.0
CHINA_NINGXIA_2022,clarithromycin,1015,6,2,4,0,0,1.0,1.0,0.0,0.0,1.0
CHINA_NINGXIA_2022,clarithromycin,1016,6,4,2,0,0,1.0,1.0,0.0,0.0,1.0
CHINA_NINGXIA_2022,clarithromycin,1017,6,0,6,0,0,,1.0,,0.0,
CHINA_NINGXIA_2022,clarithromycin,1018,6,1,5,0,0,1.0,1.0,0.0,0.0,1.0
CHINA_NINGXIA_2022,clarithromycin,1019,6,3,3,0,0,1.0,1.0,0.0,0.0,1.0
CHINA_NINGXIA_2022,clarithromycin,1020,6,3,3,0,0,1.0,1.0,0.0,0.0,1.0
CHINA_NINGXIA_2022,clarithromycin,1021,6,2,4,0,0,1.0,1.0,0.0,0.0,1.0
CHINA_NINGXIA_2022,clarithromycin,1022,6,2,4,0,0,1.0,1.0,0.0,0.0,1.0
CHINA_NINGXIA_2022,clarithromycin,1023,6,3,3,0,0,1.0,1.0,0.0,0.0,1.0
CHINA_NINGXIA_2022,clarithromycin,1024,6,1,5,0,0,1.0,1.0,0.0,0.0,1.0
CHINA_NINGXIA_2022,clarithromycin,1025,6,3,3,0,0,1.0,1.0,0.0,0.0,1.0
CHINA_NINGXIA_2022,clarithromycin,1026,6,0,6,0,0,,1.0,,0.0,
CHINA_NINGXIA_2022,clarithromycin,1027,6,2,4,0,0,1.0,1.0,0.0,0.0,1.0
CHINA_NINGXIA_2022,clarithromycin,1028,6,2,4,0,0,1.0,1.0,0.0,0.0,1.0
CHINA_NINGXIA_2022,clarithromycin,1029,6,1,5,0,0,1.0,1.0,0.0,0.0,1.0
CHINA_NINGXIA_2022,clarithromycin,1030,6,3,3,0,0,1.0,1.0,0.0,0.0,1.0
CHINA_NINGXIA_2022,clarithromycin,1031,6,0,6,0,0,,1.0,,0.0,
CHINA_NINGXIA_2022,clarithromycin,1032,6,0,6,0,0,,1.0,,0.0,
CHINA_NINGXIA_2022,clarithromycin,1033,6,3,3,0,0,1.0,1.0,0.0,0.0,1.0
CHINA_NINGXIA_2022,clarithromycin,1034,6,2,4,0,0,1.0,1.0,0.0,0.0,1.0
CHINA_NINGXIA_2022,clarithromycin,1035,6,2,4,0,0,1.0,1.0,0.0,0.0,1.0
CHINA_NINGXIA_2022,clarithromycin,1036,6,1,5,0,0,1.0,1.0,0.0,0.0,1.0
CHINA_NINGXIA_2022,clarithromycin,1037,6,4,2,0,0,1.0,1.0,0.0,0.0,1.0
CHINA_NINGXIA_2022,clarithromycin,1038,6,3,3,0,0,1.0,1.0,0.0,0.0,1.0
CHINA_NINGXIA_2022,clarithromycin,1039,6,1,5,0,0,1.0,1.0,0.0,0.0,1.0
CHINA_NINGXIA_2022,clarithromycin,1040,6,3,3,0,0,1.0,1.0,0.0,0.0,1.0
CHINA_NINGXIA_2022,clarithromycin,1041,6,2,4,0,0,1.0,1.0,0.0,0.0,1.0
CHINA_NINGXIA_2022,clarithromycin,1042,6,2,4,0,0,1.0,1.0,0.0,0.0,1.0
CHINA_NINGXIA_2022,clarithromycin,1043,6,0,6,0,0,,1.0,,0.0,
CHINA_NINGXIA_2022,clarithromycin,1044,6,1,5,0,0,1.0,1.0,0.0,0.0,1.0
CHINA_NINGXIA_2022,clarithromycin,1045,6,1,5,0,0,1.0,1.0,0.0,0.0,1.0
CHINA_NINGXIA_2022,clarithromycin,1046,6,2,4,0,0,1.0,1.0,0.0,0.0,1.0
CHINA_NINGXIA_2022,clarithromycin,1047,6,4,2,0,0,1.0,1.0,0.0,0.0,1.0
CHINA_NINGXIA_2022,clarithromycin,1048,6,2,4,0,0,1.0,1.0,0.0,0.0,1.0
CHINA_NINGXIA_2022,clarithromycin,1049,6,5,1,0,0,1.0,1.0,0.0,0.0,1.0
CHINA_NINGXIA_2022,clarithromycin,1050,6,3,3,0,0,1.0,1.0,0.0,0.0,1.0
CHINA_NINGXIA_2022,clarithromycin,1051,6,3,3,0,0,1.0,1.0,0.0,0.0,1.0
CHINA_NINGXIA_2022,clarithromycin,1052,6,1,5,0,0,1.0,1.0,0.0,0.0,1.0
CHINA_NINGXIA_2022,clarithromycin,1053,6,2,4,0,0,1.0,1.0,0.0,0.0,1.0
CHINA_NINGXIA_2022,clarithromycin,1054,6,3,3,0,0,1.0,1.0,0.0,0.0,1.0
CHINA_NINGXIA_2022,clarithromycin,1055,6,1,5,0,0,1.0,1.0,0.0,0.0,1.0
CHINA_NINGXIA_2022,clarithromycin,1056,6,5,1,0,0,1.0,1.0,0.0,0.0,1.0
CHINA_NINGXIA_2022,clarithromycin,1057,6,1,5,0,0,1.0,1.0,0.0,0.0,1.0
CHINA_NINGXIA_2022,clarithromycin,1058,6,0,6,0,0,,1.0,,0.0,
CHINA_NINGXIA_2022,clarithromycin,1059,6,2,4,0,0,1.0,1.0,0.0,0.0,1.0
CHINA_NINGXIA_2022,clarithromycin,1060,6,1,5,0,0,1.0,1.0,0.0,0.0,1.0
CHINA_NINGXIA_2022,clarithromycin,1061,6,1,5,0,0,1.0,1.0,0.0,0.0,1.0
CHINA_NINGXIA_2022,clarithromycin,1062,6,2,4,0,0,1.0,1.0,0.0,0.0,1.0
CHINA_NINGXIA_2022,clarithromycin,1063,6,1,5,0,0,1.0,1.0,0.0,0.0,1.0
CHINA_NINGXIA_2022,clarithromycin,1064,6,3,3,0,0,1.0,1.0,0.0,0.0,1.0
CHINA_NINGXIA_2022,clarithromycin,1065,6,2,4,0,0,1.0,1.0,0.0,0.0,1.0
CHINA_NINGXIA_2022,clarithromycin,1066,6,1,5,0,0,1.0,1.0,0.0,0.0,1.0
CHINA_NINGXIA_2022,clarithromycin,1067,6,1,5,0,0,1.0,1.0,0.0,0.0,1.0
CHINA_NINGXIA_2022,clarithromycin,1068,6,2,4,0,0,1.0,1.0,0.0,0.0,1.0
CHINA_NINGXIA_2022,clarithromycin,1069,6,4,2,0,0,1.0,1.0,0.0,0.0,1.0
CHINA_NINGXIA_2022,clarithromycin,1070,6,4,2,0,0,1.0,1.0,0.0,0.0,1.0
CHINA_NINGXIA_2022,clarithromycin,1071,6,2,4,0,0,1.0,1.0,0.0,0.0,1.0
CHINA_NINGXIA_2022,clarithromycin,1072,6,3,3,0,0,1.0,1.0,0.0,0.0,1.0
CHINA_NINGXIA_2022,clarithromycin,1073,6,2,4,0,0,1.0,1.0,0.0,0.0,1.0
CHINA_NINGXIA_2022,clarithromycin,1074,6,2,4,0,0,1.0,1.0,0.0,0.0,1.0
CHINA_NINGXIA_2022,clarithromycin,1075,6,1,5,0,0,1.0,1.0,0.0,0.0,1.0
CHINA_NINGXIA_2022,clarithromycin,1076,6,1,5,0,0,1.0,1.0,0.0,0.0,1.0
CHINA_NINGXIA_2022,clarithromycin,1077,6,3,3,0,0,1.0,1.0,0.0,0.0,1.0
CHINA_NINGXIA_2022,clarithromycin,1078,6,3,3,0,0,1.0,1.0,0.0,0.0,1.0
CHINA_NINGXIA_2022,clarithromycin,1079,6,3,3,0,0,1.0,1.0,0.0,0.0,1.0
CHINA_NINGXIA_2022,clarithromycin,1080,6,2,4,0,0,1.0,1.0,0.0,0.0,1.0
CHINA_NINGXIA_2022,clarithromycin,1081,6,4,2,0,0,1.0,1.0,0.0,0.0,1.0
CHINA_NINGXIA_2022,clarithromycin,1082,6,3,3,0,0,1.0,1.0,0.0,0.0,1.0
CHINA_NINGXIA_2022,clarithromycin,1083,6,2,4,0,0,1.0,1.0,0.0,0.0,1.0
CHINA_NINGXIA_2022,clarithromycin,1084,6,1,5,0,0,1.0,1.0,0.0,0.0,1.0
CHINA_NINGXIA_2022,clarithromycin,1085,6,3,3,0,0,1.0,1.0,0.0,0.0,1.0
CHINA_NINGXIA_2022,clarithromycin,1086,6,3,3,0,0,1.0,1.0,0.0,0.0,1.0
CHINA_NINGXIA_2022,clarithromycin,1087,6,3,3,0,0,1.0,1.0,0.0,0.0,1.0
CHINA_NINGXIA_2022,clarithromycin,1088,6,2,4,0,0,1.0,1.0,0.0,0.0,1.0
CHINA_NINGXIA_2022,clarithromycin,1089,6,3,3,0,0,1.0,1.0,0.0,0.0,1.0
CHINA_NINGXIA_2022,clarithromycin,1090,6,2,4,0,0,1.0,1.0,0.0,0.0,1.0
CHINA_NINGXIA_2022,clarithromycin,1091,6,4,2,0,0,1.0,1.0,0.0,0.0,1.0
CHINA_NINGXIA_2022,clarithromycin,1092,6,3,3,0,0,1.0,1.0,0.0,0.0,1.0
CHINA_NINGXIA_2022,clarithromycin,1093,6,1,5,0,0,1.0,1.0,0.0,0.0,1.0
CHINA_NINGXIA_2022,clarithromycin,1094,6,2,4,0,0,1.0,1.0,0.0,0.0,1.0
CHINA_NINGXIA_2022,clarithromycin,1095,6,2,4,0,0,1.0,1.0,0.0,0.0,1.0
CHINA_NINGXIA_2022,clarithromycin,1096,6,1,5,0,0,1.0,1.0,0.0,0.0,1.0
CHINA_NINGXIA_2022,clarithromycin,1097,6,1,5,0,0,1.0,1.0,0.0,0.0,1.0
CHINA_NINGXIA_2022,clarithromycin,1098,6,2,4,0,0,1.0,1.0,0.0,0.0,1.0
CHINA_NINGXIA_2022,clarithromycin,1099,6,1,5,0,0,1.0,1.0,0.0,0.0,1.0
CHINA_NINGXIA_2022,clarithromycin,1100,6,4,2,0,0,1.0,1.0,0.0,0.0,1.0
CHINA_NINGXIA_2022,clarithromycin,1101,6,4,2,0,0,1.0,1.0,0.0,0.0,1.0
CHINA_NINGXIA_2022,clarithromycin,1102,6,2,4,0,0,1.0,1.0,0.0,0.0,1.0
CHINA_NINGXIA_2022,clarithromycin,1103,6,1,5,0,0,1.0,1.0,0.0,0.0,1.0
CHINA_NINGXIA_2022,clarithromycin,1104,6,3,3,0,0,1.0,1.0,0.0,0.0,1.0
CHINA_NINGXIA_2022,clarithromycin,1105,6,3,3,0,0,1.0,1.0,0.0,0.0,1.0
CHINA_NINGXIA_2022,clarithromycin,1106,6,3,3,0,0,1.0,1.0,0.0,0.0,1.0
CHINA_NINGXIA_2022,clarithromycin,1107,6,2,4,0,0,1.0,1.0,0.0,0.0,1.0
CHINA_NINGXIA_2022,clarithromycin,1108,6,1,5,0,0,1.0,1.0,0.0,0.0,1.0
CHINA_NINGXIA_2022,clarithromycin,1109,6,2,4,0,0,1.0,1.0,0.0,0.0,1.0
CHINA_NINGXIA_2022,clarithromycin,1110,6,1,5,0,0,1.0,1.0,0.0,0.0,1.0
CHINA_NINGXIA_2022,clarithromycin,1111,6,2,4,0,0,1.0,1.0,0.0,0.0,1.0
CHINA_NINGXIA_2022,clarithromycin,1112,6,2,4,0,0,1.0,1.0,0.0,0.0,1.0
CHINA_NINGXIA_2022,clarithromycin,1113,6,1,5,0,0,1.0,1.0,0.0,0.0,1.0
CHINA_NINGXIA_2022,clarithromycin,1114,6,1,5,0,0,1.0,1.0,0.0,0.0,1.0
CHINA_NINGXIA_2022,clarithromycin,1115,6,3,3,0,0,1.0,1.0,0.0,0.0,1.0
CHINA_NINGXIA_2022,clarithromycin,1116,6,1,5,0,0,1.0,1.0,0.0,0.0,1.0
CHINA_NINGXIA_2022,clarithromycin,1117,6,2,4,0,0,1.0,1.0,0.0,0.0,1.0
CHINA_NINGXIA_2022,clarithromycin,1118,6,2,4,0,0,1.0,1.0,0.0,0.0,1.0
CHINA_NINGXIA_2022,clarithromycin,1119,6,3,3,0,0,1.0,1.0,0.0,0.0,1.0
CHINA_NINGXIA_2022,clarithromycin,1120,6,1,5,0,0,1.0,1.0,0.0,0.0,1.0
CHINA_NINGXIA_2022,clarithromycin,1121,6,3,3,0,0,1.0,1.0,0.0,0.0,1.0
CHINA_NINGXIA_2022,clarithromycin,1122,6,1,5,0,0,1.0,1.0,0.0,0.0,1.0
CHINA_NINGXIA_2022,clarithromycin,1123,6,0,6,0,0,,1.0,,0.0,
CHINA_NINGXIA_2022,clarithromycin,1124,6,1,5,0,0,1.0,1.0,0.0,0.0,1.0
CHINA_NINGXIA_2022,clarithromycin,1125,6,4,2,0,0,1.0,1.0,0.0,0.0,1.0
CHINA_NINGXIA_2022,clarithromycin,1126,6,1,5,0,0,1.0,1.0,0.0,0.0,1.0
CHINA_NINGXIA_2022,clarithromycin,1127,6,3,3,0,0,1.0,1.0,0.0,0.0,1.0
CHINA_NINGXIA_2022,clarithromycin,1128,6,3,3,0,0,1.0,1.0,0.0,0.0,1.0
CHINA_NINGXIA_2022,clarithromycin,1129,6,3,3,0,0,1.0,1.0,0.0,0.0,1.0
CHINA_NINGXIA_2022,clarithromycin,1130,6,1,5,0,0,1.0,1.0,0.0,0.0,1.0
CHINA_NINGXIA_2022,clarithromycin,1131,6,5,1,0,0,1.0,1.0,0.0,0.0,1.0
CHINA_NINGXIA_2022,clarithromycin,1132,6,2,4,0,0,1.0,1.0,0.0,0.0,1.0
CHINA_NINGXIA_2022,clarithromycin,1133,6,1,5,0,0,1.0,1.0,0.0,0.0,1.0
CHINA_NINGXIA_2022,clarithromycin,1134,6,1,5,0,0,1.0,1.0,0.0,0.0,1.0
CHINA_NINGXIA_2022,clarithromycin,1135,6,2,4,0,0,1.0,1.0,0.0,0.0,1.0
CHINA_NINGXIA_2022,clarithromycin,1136,6,3,3,0,0,1.0,1.0,0.0,0.0,1.0
CHINA_NINGXIA_2022,clarithromycin,1137,6,2,4,0,0,1.0,1.0,0.0,0.0,1.0
CHINA_NINGXIA_2022,clarithromycin,1138,6,1,5,0,0,1.0,1.0,0.0,0.0,1.0
CHINA_NINGXIA_2022,clarithromycin,1139,6,4,2,0,0,1.0,1.0,0.0,0.0,1.0
CHINA_NINGXIA_2022,clarithromycin,1140,6,3,3,0,0,1.0,1.0,0.0,0.0,1.0
CHINA_NINGXIA_2022,clarithromycin,1141,6,2,4,0,0,1.0,1.0,0.0,0.0,1.0
CHINA_NINGXIA_2022,clarithromycin,1142,6,1,5,0,0,1.0,1.0,0.0,0.0,1.0
CHINA_NINGXIA_2022,clarithromycin,1143,6,2,4,0,0,1.0,1.0,0.0,0.0,1.0
CHINA_NINGXIA_2022,clarithromycin,1144,6,3,3,0,0,1.0,1.0,0.0,0.0,1.0
CHINA_NINGXIA_2022,clarithromycin,1145,6,3,3,0,0,1.0,1.0,0.0,0.0,1.0
CHINA_NINGXIA_2022,clarithromycin,1146,6,3,3,0,0,1.0,1.0,0.0,0.0,1.0
CHINA_NINGXIA_2022,clarithromycin,1147,6,2,4,0,0,1.0,1.0,0.0,0.0,1.0
CHINA_NINGXIA_2022,clarithromycin,1148,6,2,4,0,0,1.0,1.0,0.0,0.0,1.0
CHINA_NINGXIA_2022,clarithromycin,1149,6,1,5,0,0,1.0,1.0,0.0,0.0,1.0
CHINA_NINGXIA_2022,clarithromycin,1150,6,1,5,0,0,1.0,1.0,0.0,0.0,1.0
CHINA_NINGXIA_2022,clarithromycin,1151,6,2,4,0,0,1.0,1.0,0.0,0.0,1.0
CHINA_NINGXIA_2022,clarithromycin,1152,6,3,3,0,0,1.0,1.0,0.0,0.0,1.0
CHINA_NINGXIA_2022,clarithromycin,1153,6,0,6,0,0,,1.0,,0.0,
CHINA_NINGXIA_2022,clarithromycin,1154,6,1,5,0,0,1.0,1.0,0.0,0.0,1.0
CHINA_NINGXIA_2022,clarithromycin,1155,6,3,3,0,0,1.0,1.0,0.0,0.0,1.0
CHINA_NINGXIA_2022,clarithromycin,1156,6,1,5,0,0,1.0,1.0,0.0,0.0,1.0
CHINA_NINGXIA_2022,clarithromycin,1157,6,1,5,0,0,1.0,1.0,0.0,0.0,1.0
CHINA_NINGXIA_2022,clarithromycin,1158,6,2,4,0,0,1.0,1.0,0.0,0.0,1.0
CHINA_NINGXIA_2022,clarithromycin,1159,6,4,2,0,0,1.0,1.0,0.0,0.0,1.0
CHINA_NINGXIA_2022,clarithromycin,1160,6,1,5,0,0,1.0,1.0,0.0,0.0,1.0
CHINA_NINGXIA_2022,clarithromycin,1161,6,3,3,0,0,1.0,1.0,0.0,0.0,1.0
CHINA_NINGXIA_2022,clarithromycin,1162,6,0,6,0,0,,1.0,,0.0,
CHINA_NINGXIA_2022,clarithromycin,1163,6,2,4,0,0,1.0,1.0,0.0,0.0,1.0
CHINA_NINGXIA_2022,clarithromycin,1164,6,1,5,0,0,1.0,1.0,0.0,0.0,1.0
CHINA_NINGXIA_2022,clarithromycin,1165,6,2,4,0,0,1.0,1.0,0.0,0.0,1.0
CHINA_NINGXIA_2022,clarithromycin,1166,6,1,5,0,0,1.0,1.0,0.0,0.0,1.0
CHINA_NINGXIA_2022,clarithromycin,1167,6,3,3,0,0,1.0,1.0,0.0,0.0,1.0
CHINA_NINGXIA_2022,clarithromycin,1168,6,2,4,0,0,1.0,1.0,0.0,0.0,1.0
CHINA_NINGXIA_2022,clarithromycin,1169,6,1,5,0,0,1.0,1.0,0.0,0.0,1.0
CHINA_NINGXIA_2022,clarithromycin,1170,6,2,4,0,0,1.0,1.0,0.0,0.0,1.0
CHINA_NINGXIA_2022,clarithromycin,1171,6,2,4,0,0,1.0,1.0,0.0,0.0,1.0
CHINA_NINGXIA_2022,clarithromycin,1172,6,2,4,0,0,1.0,1.0,0.0,0.0,1.0
CHINA_NINGXIA_2022,clarithromycin,1173,6,3,3,0,0,1.0,1.0,0.0,0.0,1.0
CHINA_NINGXIA_2022,clarithromycin,1174,6,0,6,0,0,,1.0,,0.0,
CHINA_NINGXIA_2022,clarithromycin,1175,6,2,4,0,0,1.0,1.0,0.0,0.0,1.0
CHINA_NINGXIA_2022,clarithromycin,1176,6,1,5,0,0,1.0,1.0,0.0,0.0,1.0
CHINA_NINGXIA_2022,clarithromycin,1177,6,0,6,0,0,,1.0,,0.0,
CHINA_NINGXIA_2022,clarithromycin,1178,6,1,5,0,0,1.0,1.0,0.0,0.0,1.0
CHINA_NINGXIA_2022,clarithromycin,1179,6,3,3,0,0,1.0,1.0,0.0,0.0,1.0
CHINA_NINGXIA_2022,clarithromycin,1180,6,1,5,0,0,1.0,1.0,0.0,0.0,1.0
CHINA_NINGXIA_2022,clarithromycin,1181,6,4,2,0,0,1.0,1.0,0.0,0.0,1.0
CHINA_NINGXIA_2022,clarithromycin,1182,6,3,3,0,0,1.0,1.0,0.0,0.0,1.0
CHINA_NINGXIA_2022,clarithromycin,1183,6,1,5,0,0,1.0,1.0,0.0,0.0,1.0
CHINA_NINGXIA_2022,clarithromycin,1184,6,4,2,0,0,1.0,1.0,0.0,0.0,1.0
CHINA_NINGXIA_2022,clarithromycin,1185,6,3,3,0,0,1.0,1.0,0.0,0.0,1.0
CHINA_NINGXIA_2022,clarithromycin,1186,6,2,4,0,0,1.0,1.0,0.0,0.0,1.0
CHINA_NINGXIA_2022,clarithromycin,1187,6,3,3,0,0,1.0,1.0,0.0,0.0,1.0
CHINA_NINGXIA_2022,clarithromycin,1188,6,2,4,0,0,1.0,1.0,0.0,0.0,1.0
CHINA_NINGXIA_2022,clarithromycin,1189,6,2,4,0,0,1.0,1.0,0.0,0.0,1.0
CHINA_NINGXIA_2022,clarithromycin,1190,6,2,4,0,0,1.0,1.0,0.0,0.0,1.0
CHINA_NINGXIA_2022,clarithromycin,1191,6,1,5,0,0,1.0,1.0,0.0,0.0,1.0
CHINA_NINGXIA_2022,clarithromycin,1192,6,3,3,0,0,1.0,1.0,0.0,0.0,1.0
CHINA_NINGXIA_2022,clarithromycin,1193,6,3,3,0,0,1.0,1.0,0.0,0.0,1.0
CHINA_NINGXIA_2022,clarithromycin,1194,6,2,4,0,0,1.0,1.0,0.0,0.0,1.0
CHINA_NINGXIA_2022,clarithromycin,1195,6,2,4,0,0,1.0,1.0,0.0,0.0,1.0
CHINA_NINGXIA_2022,clarithromycin,1196,6,0,6,0,0,,1.0,,0.0,
CHINA_NINGXIA_2022,clarithromycin,1197,6,0,6,0,0,,1.0,,0.0,
CHINA_NINGXIA_2022,clarithromycin,1198,6,1,5,0,0,1.0,1.0,0.0,0.0,1.0
CHINA_NINGXIA_2022,clarithromycin,1199,6,3,3,0,0,1.0,1.0,0.0,0.0,1.0
CHINA_NINGXIA_2022,clarithromycin,1200,6,2,4,0,0,1.0,1.0,0.0,0.0,1.0
CHINA_NINGXIA_2022,clarithromycin,1201,6,1,5,0,0,1.0,1.0,0.0,0.0,1.0
CHINA_NINGXIA_2022,clarithromycin,1202,6,3,3,0,0,1.0,1.0,0.0,0.0,1.0
CHINA_NINGXIA_2022,clarithromycin,1203,6,3,3,0,0,1.0,1.0,0.0,0.0,1.0
CHINA_NINGXIA_2022,clarithromycin,1204,6,2,4,0,0,1.0,1.0,0.0,0.0,1.0
CHINA_NINGXIA_2022,clarithromycin,1205,6,2,4,0,0,1.0,1.0,0.0,0.0,1.0
CHINA_NINGXIA_2022,clarithromycin,1206,6,2,4,0,0,1.0,1.0,0.0,0.0,1.0
CHINA_NINGXIA_2022,clarithromycin,1207,6,3,3,0,0,1.0,1.0,0.0,0.0,1.0
CHINA_NINGXIA_2022,clarithromycin,1208,6,2,4,0,0,1.0,1.0,0.0,0.0,1.0
CHINA_NINGXIA_2022,clarithromycin,1209,6,2,4,0,0,1.0,1.0,0.0,0.0,1.0
CHINA_NINGXIA_2022,clarithromycin,1210,6,2,4,0,0,1.0,1.0,0.0,0.0,1.0
CHINA_NINGXIA_2022,clarithromycin,1211,6,2,4,0,0,1.0,1.0,0.0,0.0,1.0
CHINA_NINGXIA_2022,clarithromycin,1212,6,0,6,0,0,,1.0,,0.0,
CHINA_NINGXIA_2022,clarithromycin,1213,6,2,4,0,0,1.0,1.0,0.0,0.0,1.0
CHINA_NINGXIA_2022,clarithromycin,1214,6,3,3,0,0,1.0,1.0,0.0,0.0,1.0
CHINA_NINGXIA_2022,clarithromycin,1215,6,1,5,0,0,1.0,1.0,0.0,0.0,1.0
CHINA_NINGXIA_2022,clarithromycin,1216,6,2,4,0,0,1.0,1.0,0.0,0.0,1.0
CHINA_NINGXIA_2022,clarithromycin,1217,6,1,5,0,0,1.0,1.0,0.0,0.0,1.0
CHINA_NINGXIA_2022,clarithromycin,1218,6,1,5,0,0,1.0,1.0,0.0,0.0,1.0
CHINA_NINGXIA_2022,clarithromycin,1219,6,1,5,0,0,1.0,1.0,0.0,0.0,1.0
CHINA_NINGXIA_2022,clarithromycin,1220,6,0,6,0,0,,1.0,,0.0,
CHINA_NINGXIA_2022,clarithromycin,1221,6,2,4,0,0,1.0,1.0,0.0,0.0,1.0
CHINA_NINGXIA_2022,clarithromycin,1222,6,5,1,0,0,1.0,1.0,0.0,0.0,1.0
CHINA_NINGXIA_2022,clarithromycin,1223,6,0,6,0,0,,1.0,,0.0,
CHINA_NINGXIA_2022,clarithromycin,1224,6,3,3,0,0,1.0,1.0,0.0,0.0,1.0
CHINA_NINGXIA_2022,clarithromycin,1225,6,3,3,0,0,1.0,1.0,0.0,0.0,1.0
CHINA_NINGXIA_2022,clarithromycin,1226,6,1,5,0,0,1.0,1.0,0.0,0.0,1.0
CHINA_NINGXIA_2022,clarithromycin,1227,6,0,6,0,0,,1.0,,0.0,
CHINA_NINGXIA_2022,clarithromycin,1228,6,1,5,0,0,1.0,1.0,0.0,0.0,1.0
CHINA_NINGXIA_2022,clarithromycin,1229,6,2,4,0,0,1.0,1.0,0.0,0.0,1.0
CHINA_NINGXIA_2022,clarithromycin,1230,6,1,5,0,0,1.0,1.0,0.0,0.0,1.0
CHINA_NINGXIA_2022,clarithromycin,1231,6,3,3,0,0,1.0,1.0,0.0,0.0,1.0
CHINA_NINGXIA_2022,clarithromycin,1232,6,3,3,0,0,1.0,1.0,0.0,0.0,1.0
CHINA_NINGXIA_2022,clarithromycin,1233,6,3,3,0,0,1.0,1.0,0.0,0.0,1.0
CHINA_NINGXIA_2022,clarithromycin,1234,6,2,4,0,0,1.0,1.0,0.0,0.0,1.0
CHINA_NINGXIA_2022,clarithromycin,1235,6,0,6,0,0,,1.0,,0.0,
CHINA_NINGXIA_2022,clarithromycin,1236,6,4,2,0,0,1.0,1.0,0.0,0.0,1.0
CHINA_NINGXIA_2022,clarithromycin,1237,6,1,5,0,0,1.0,1.0,0.0,0.0,1.0
CHINA_NINGXIA_2022,clarithromycin,1238,6,2,4,0,0,1.0,1.0,0.0,0.0,1.0
CHINA_NINGXIA_2022,clarithromycin,1239,6,1,5,0,0,1.0,1.0,0.0,0.0,1.0
CHINA_NINGXIA_2022,clarithromycin,1240,6,1,5,0,0,1.0,1.0,0.0,0.0,1.0
CHINA_NINGXIA_2022,clarithromycin,1241,6,2,4,0,0,1.0,1.0,0.0,0.0,1.0
CHINA_NINGXIA_2022,clarithromycin,1242,6,1,5,0,0,1.0,1.0,0.0,0.0,1.0
CHINA_NINGXIA_2022,clarithromycin,1243,6,3,3,0,0,1.0,1.0,0.0,0.0,1.0
CHINA_NINGXIA_2022,clarithromycin,1244,6,0,6,0,0,,1.0,,0.0,
CHINA_NINGXIA_2022,clarithromycin,1245,6,1,5,0,0,1.0,1.0,0.0,0.0,1.0
CHINA_NINGXIA_2022,clarithromycin,1246,6,1,5,0,0,1.0,1.0,0.0,0.0,1.0
CHINA_NINGXIA_2022,clarithromycin,1247,6,0,6,0,0,,1.0,,0.0,
CHINA_NINGXIA_2022,clarithromycin,1248,6,1,5,0,0,1.0,1.0,0.0,0.0,1.0
CHINA_NINGXIA_2022,clarithromycin,1249,6,2,4,0,0,1.0,1.0,0.0,0.0,1.0
CHINA_NINGXIA_2022,clarithromycin,1250,6,2,4,0,0,1.0,1.0,0.0,0.0,1.0
CHINA_NINGXIA_2022,clarithromycin,1251,6,3,3,0,0,1.0,1.0,0.0,0.0,1.0
CHINA_NINGXIA_2022,clarithromycin,1252,6,2,4,0,0,1.0,1.0,0.0,0.0,1.0
CHINA_NINGXIA_2022,clarithromycin,1253,6,1,5,0,0,1.0,1.0,0.0,0.0,1.0
CHINA_NINGXIA_2022,clarithromycin,1254,6,2,4,0,0,1.0,1.0,0.0,0.0,1.0
CHINA_NINGXIA_2022,clarithromycin,1255,6,0,6,0,0,,1.0,,0.0,
CHINA_NINGXIA_2022,clarithromycin,1256,6,2,4,0,0,1.0,1.0,0.0,0.0,1.0
CHINA_NINGXIA_2022,clarithromycin,1257,6,3,3,0,0,1.0,1.0,0.0,0.0,1.0
CHINA_NINGXIA_2022,clarithromycin,1258,6,3,3,0,0,1.0,1.0,0.0,0.0,1.0
CHINA_NINGXIA_2022,clarithromycin,1259,6,1,5,0,0,1.0,1.0,0.0,0.0,1.0
CHINA_NINGXIA_2022,clarithromycin,1260,6,2,4,0,0,1.0,1.0,0.0,0.0,1.0
CHINA_NINGXIA_2022,clarithromycin,1261,6,2,4,0,0,1.0,1.0,0.0,0.0,1.0
CHINA_NINGXIA_2022,clarithromycin,1262,6,3,3,0,0,1.0,1.0,0.0,0.0,1.0
CHINA_NINGXIA_2022,clarithromycin,1263,6,3,3,0,0,1.0,1.0,0.0,0.0,1.0
CHINA_NINGXIA_2022,clarithromycin,1264,6,2,4,0,0,1.0,1.0,0.0,0.0,1.0
CHINA_NINGXIA_2022,clarithromycin,1265,6,1,5,0,0,1.0,1.0,0.0,0.0,1.0
CHINA_NINGXIA_2022,clarithromycin,1266,6,4,2,0,0,1.0,1.0,0.0,0.0,1.0
CHINA_NINGXIA_2022,clarithromycin,1267,6,1,5,0,0,1.0,1.0,0.0,0.0,1.0
CHINA_NINGXIA_2022,clarithromycin,1268,6,2,4,0,0,1.0,1.0,0.0,0.0,1.0
CHINA_NINGXIA_2022,clarithromycin,1269,6,2,4,0,0,1.0,1.0,0.0,0.0,1.0
CHINA_NINGXIA_2022,clarithromycin,1270,6,4,2,0,0,1.0,1.0,0.0,0.0,1.0
CHINA_NINGXIA_2022,clarithromycin,1271,6,2,4,0,0,1.0,1.0,0.0,0.0,1.0
CHINA_NINGXIA_2022,clarithromycin,1272,6,2,4,0,0,1.0,1.0,0.0,0.0,1.0
CHINA_NINGXIA_2022,clarithromycin,1273,6,1,5,0,0,1.0,1.0,0.0,0.0,1.0
CHINA_NINGXIA_2022,clarithromycin,1274,6,1,5,0,0,1.0,1.0,0.0,0.0,1.0
CHINA_NINGXIA_2022,clarithromycin,1275,6,1,5,0,0,1.0,1.0,0.0,0.0,1.0
CHINA_NINGXIA_2022,clarithromycin,1276,6,1,5,0,0,1.0,1.0,0.0,0.0,1.0
CHINA_NINGXIA_2022,clarithromycin,1277,6,3,3,0,0,1.0,1.0,0.0,0.0,1.0
CHINA_NINGXIA_2022,clarithromycin,1278,6,3,3,0,0,1.0,1.0,0.0,0.0,1.0
CHINA_NINGXIA_2022,clarithromycin,1279,6,2,4,0,0,1.0,1.0,0.0,0.0,1.0
CHINA_NINGXIA_2022,clarithromycin,1280,6,4,2,0,0,1.0,1.0,0.0,0.0,1.0
CHINA_NINGXIA_2022,clarithromycin,1281,6,1,5,0,0,1.0,1.0,0.0,0.0,1.0
CHINA_NINGXIA_2022,clarithromycin,1282,6,0,6,0,0,,1.0,,0.0,
CHINA_NINGXIA_2022,clarithromycin,1283,6,5,1,0,0,1.0,1.0,0.0,0.0,1.0
CHINA_NINGXIA_2022,clarithromycin,1284,6,4,2,0,0,1.0,1.0,0.0,0.0,1.0
CHINA_NINGXIA_2022,clarithromycin,1285,6,3,3,0,0,1.0,1.0,0.0,0.0,1.0
CHINA_NINGXIA_2022,clarithromycin,1286,6,0,6,0,0,,1.0,,0.0,
CHINA_NINGXIA_2022,clarithromycin,1287,6,0,6,0,0,,1.0,,0.0,
CHINA_NINGXIA_2022,clarithromycin,1288,6,3,3,0,0,1.0,1.0,0.0,0.0,1.0
CHINA_NINGXIA_2022,clarithromycin,1289,6,2,4,0,0,1.0,1.0,0.0,0.0,1.0
CHINA_NINGXIA_2022,clarithromycin,1290,6,2,4,0,0,1.0,1.0,0.0,0.0,1.0
CHINA_NINGXIA_2022,clarithromycin,1291,6,2,4,0,0,1.0,1.0,0.0,0.0,1.0
CHINA_NINGXIA_2022,clarithromycin,1292,6,3,3,0,0,1.0,1.0,0.0,0.0,1.0
CHINA_NINGXIA_2022,clarithromycin,1293,6,2,4,0,0,1.0,1.0,0.0,0.0,1.0
CHINA_NINGXIA_2022,clarithromycin,1294,6,1,5,0,0,1.0,1.0,0.0,0.0,1.0
CHINA_NINGXIA_2022,clarithromycin,1295,6,1,5,0,0,1.0,1.0,0.0,0.0,1.0
CHINA_NINGXIA_2022,clarithromycin,1296,6,3,3,0,0,1.0,1.0,0.0,0.0,1.0
CHINA_NINGXIA_2022,clarithromycin,1297,6,4,2,0,0,1.0,1.0,0.0,0.0,1.0
CHINA_NINGXIA_2022,clarithromycin,1298,6,1,5,0,0,1.0,1.0,0.0,0.0,1.0
CHINA_NINGXIA_2022,clarithromycin,1299,6,3,3,0,0,1.0,1.0,0.0,0.0,1.0
CHINA_NINGXIA_2022,clarithromycin,1300,6,2,4,0,0,1.0,1.0,0.0,0.0,1.0
CHINA_NINGXIA_2022,clarithromycin,1301,6,3,3,0,0,1.0,1.0,0.0,0.0,1.0
CHINA_NINGXIA_2022,clarithromycin,1302,6,2,4,0,0,1.0,1.0,0.0,0.0,1.0
CHINA_NINGXIA_2022,clarithromycin,1303,6,0,6,0,0,,1.0,,0.0,
CHINA_NINGXIA_2022,clarithromycin,1304,6,4,2,0,0,1.0,1.0,0.0,0.0,1.0
CHINA_NINGXIA_2022,clarithromycin,1305,6,4,2,0,0,1.0,1.0,0.0,0.0,1.0
CHINA_NINGXIA_2022,clarithromycin,1306,6,2,4,0,0,1.0,1.0,0.0,0.0,1.0
CHINA_NINGXIA_2022,clarithromycin,1307,6,2,4,0,0,1.0,1.0,0.0,0.0,1.0
CHINA_NINGXIA_2022,clarithromycin,1308,6,2,4,0,0,1.0,1.0,0.0,0.0,1.0
CHINA_NINGXIA_2022,clarithromycin,1309,6,2,4,0,0,1.0,1.0,0.0,0.0,1.0
CHINA_NINGXIA_2022,clarithromycin,1310,6,2,4,0,0,1.0,1.0,0.0,0.0,1.0
CHINA_NINGXIA_2022,clarithromycin,1311,6,3,3,0,0,1.0,1.0,0.0,0.0,1.0
CHINA_NINGXIA_2022,clarithromycin,1312,6,1,5,0,0,1.0,1.0,0.0,0.0,1.0
CHINA_NINGXIA_2022,clarithromycin,1313,6,4,2,0,0,1.0,1.0,0.0,0.0,1.0
CHINA_NINGXIA_2022,clarithromycin,1314,6,3,3,0,0,1.0,1.0,0.0,0.0,1.0
CHINA_NINGXIA_2022,clarithromycin,1315,6,1,5,0,0,1.0,1.0,0.0,0.0,1.0
CHINA_NINGXIA_2022,clarithromycin,1316,6,1,5,0,0,1.0,1.0,0.0,0.0,1.0
CHINA_NINGXIA_2022,clarithromycin,1317,6,1,5,0,0,1.0,1.0,0.0,0.0,1.0
CHINA_NINGXIA_2022,clarithromycin,1318,6,2,4,0,0,1.0,1.0,0.0,0.0,1.0
CHINA_NINGXIA_2022,clarithromycin,1319,6,3,3,0,0,1.0,1.0,0.0,0.0,1.0
CHINA_NINGXIA_2022,clarithromycin,1320,6,2,4,0,0,1.0,1.0,0.0,0.0,1.0
CHINA_NINGXIA_2022,clarithromycin,1321,6,3,3,0,0,1.0,1.0,0.0,0.0,1.0
CHINA_NINGXIA_2022,clarithromycin,1322,6,2,4,0,0,1.0,1.0,0.0,0.0,1.0
CHINA_NINGXIA_2022,clarithromycin,1323,6,0,6,0,0,,1.0,,0.0,
CHINA_NINGXIA_2022,clarithromycin,1324,6,0,6,0,0,,1.0,,0.0,
CHINA_NINGXIA_2022,clarithromycin,1325,6,1,5,0,0,1.0,1.0,0.0,0.0,1.0
CHINA_NINGXIA_2022,clarithromycin,1326,6,2,4,0,0,1.0,1.0,0.0,0.0,1.0
CHINA_NINGXIA_2022,clarithromycin,1327,6,1,5,0,0,1.0,1.0,0.0,0.0,1.0
CHINA_NINGXIA_2022,clarithromycin,1328,6,3,3,0,0,1.0,1.0,0.0,0.0,1.0
CHINA_NINGXIA_2022,clarithromycin,1329,6,2,4,0,0,1.0,1.0,0.0,0.0,1.0
CHINA_NINGXIA_2022,clarithromycin,1330,6,4,2,0,0,1.0,1.0,0.0,0.0,1.0
CHINA_NINGXIA_2022,clarithromycin,1331,6,3,3,0,0,1.0,1.0,0.0,0.0,1.0
CHINA_NINGXIA_2022,clarithromycin,1332,6,5,1,0,0,1.0,1.0,0.0,0.0,1.0
CHINA_NINGXIA_2022,clarithromycin,1333,6,2,4,0,0,1.0,1.0,0.0,0.0,1.0
CHINA_NINGXIA_2022,clarithromycin,1334,6,2,4,0,0,1.0,1.0,0.0,0.0,1.0
CHINA_NINGXIA_2022,clarithromycin,1335,6,2,4,0,0,1.0,1.0,0.0,0.0,1.0
CHINA_NINGXIA_2022,clarithromycin,1336,6,4,2,0,0,1.0,1.0,0.0,0.0,1.0
CHINA_NINGXIA_2022,clarithromycin,1337,6,1,5,0,0,1.0,1.0,0.0,0.0,1.0
CHINA_NINGXIA_2022,clarithromycin,1338,6,3,3,0,0,1.0,1.0,0.0,0.0,1.0
CHINA_NINGXIA_2022,clarithromycin,1339,6,2,4,0,0,1.0,1.0,0.0,0.0,1.0
CHINA_NINGXIA_2022,clarithromycin,1340,6,0,6,0,0,,1.0,,0.0,
CHINA_NINGXIA_2022,clarithromycin,1341,6,2,4,0,0,1.0,1.0,0.0,0.0,1.0
CHINA_NINGXIA_2022,clarithromycin,1342,6,2,4,0,0,1.0,1.0,0.0,0.0,1.0
CHINA_NINGXIA_2022,clarithromycin,1343,6,2,4,0,0,1.0,1.0,0.0,0.0,1.0
CHINA_NINGXIA_2022,clarithromycin,1344,6,3,3,0,0,1.0,1.0,0.0,0.0,1.0
CHINA_NINGXIA_2022,clarithromycin,1345,6,2,4,0,0,1.0,1.0,0.0,0.0,1.0
CHINA_NINGXIA_2022,clarithromycin,1346,6,4,2,0,0,1.0,1.0,0.0,0.0,1.0
CHINA_NINGXIA_2022,clarithromycin,1347,6,2,4,0,0,1.0,1.0,0.0,0.0,1.0
CHINA_NINGXIA_2022,clarithromycin,1348,6,3,3,0,0,1.0,1.0,0.0,0.0,1.0
CHINA_NINGXIA_2022,clarithromycin,1349,6,1,5,0,0,1.0,1.0,0.0,0.0,1.0
CHINA_NINGXIA_2022,clarithromycin,1350,6,3,3,0,0,1.0,1.0,0.0,0.0,1.0
CHINA_NINGXIA_2022,clarithromycin,1351,6,4,2,0,0,1.0,1.0,0.0,0.0,1.0
CHINA_NINGXIA_2022,clarithromycin,1352,6,1,5,0,0,1.0,1.0,0.0,0.0,1.0
CHINA_NINGXIA_2022,clarithromycin,1353,6,3,3,0,0,1.0,1.0,0.0,0.0,1.0
CHINA_NINGXIA_2022,clarithromycin,1354,6,2,4,0,0,1.0,1.0,0.0,0.0,1.0
CHINA_NINGXIA_2022,clarithromycin,1355,6,1,5,0,0,1.0,1.0,0.0,0.0,1.0
CHINA_NINGXIA_2022,clarithromycin,1356,6,1,5,0,0,1.0,1.0,0.0,0.0,1.0
CHINA_NINGXIA_2022,clarithromycin,1357,6,2,4,0,0,1.0,1.0,0.0,0.0,1.0
CHINA_NINGXIA_2022,clarithromycin,1358,6,2,4,0,0,1.0,1.0,0.0,0.0,1.0
CHINA_NINGXIA_2022,clarithromycin,1359,6,1,5,0,0,1.0,1.0,0.0,0.0,1.0
CHINA_NINGXIA_2022,clarithromycin,1360,6,4,2,0,0,1.0,1.0,0.0,0.0,1.0
CHINA_NINGXIA_2022,clarithromycin,1361,6,1,5,0,0,1.0,1.0,0.0,0.0,1.0
CHINA_NINGXIA_2022,clarithromycin,1362,6,1,5,0,0,1.0,1.0,0.0,0.0,1.0
CHINA_NINGXIA_2022,clarithromycin,1363,6,3,3,0,0,1.0,1.0,0.0,0.0,1.0
CHINA_NINGXIA_2022,clarithromycin,1364,6,3,3,0,0,1.0,1.0,0.0,0.0,1.0
CHINA_NINGXIA_2022,clarithromycin,1365,6,1,5,0,0,1.0,1.0,0.0,0.0,1.0
CHINA_NINGXIA_2022,clarithromycin,1366,6,3,3,0,0,1.0,1.0,0.0,0.0,1.0
CHINA_NINGXIA_2022,clarithromycin,1367,6,3,3,0,0,1.0,1.0,0.0,0.0,1.0
CHINA_NINGXIA_2022,clarithromycin,1368,6,2,4,0,0,1.0,1.0,0.0,0.0,1.0
CHINA_NINGXIA_2022,clarithromycin,1369,6,2,4,0,0,1.0,1.0,0.0,0.0,1.0
CHINA_NINGXIA_2022,clarithromycin,1370,6,4,2,0,0,1.0,1.0,0.0,0.0,1.0
CHINA_NINGXIA_2022,clarithromycin,1371,6,2,4,0,0,1.0,1.0,0.0,0.0,1.0
CHINA_NINGXIA_2022,clarithromycin,1372,6,1,5,0,0,1.0,1.0,0.0,0.0,1.0
CHINA_NINGXIA_2022,clarithromycin,1373,6,4,2,0,0,1.0,1.0,0.0,0.0,1.0
CHINA_NINGXIA_2022,clarithromycin,1374,6,1,5,0,0,1.0,1.0,0.0,0.0,1.0
CHINA_NINGXIA_2022,clarithromycin,1375,6,2,4,0,0,1.0,1.0,0.0,0.0,1.0
CHINA_NINGXIA_2022,clarithromycin,1376,6,2,4,0,0,1.0,1.0,0.0,0.0,1.0
CHINA_NINGXIA_2022,clarithromycin,1377,6,1,5,0,0,1.0,1.0,0.0,0.0,1.0
CHINA_NINGXIA_2022,clarithromycin,1378,6,0,6,0,0,,1.0,,0.0,
CHINA_NINGXIA_2022,clarithromycin,1379,6,4,2,0,0,1.0,1.0,0.0,0.0,1.0
CHINA_NINGXIA_2022,clarithromycin,1380,6,2,4,0,0,1.0,1.0,0.0,0.0,1.0
CHINA_NINGXIA_2022,clarithromycin,1381,6,2,4,0,0,1.0,1.0,0.0,0.0,1.0
CHINA_NINGXIA_2022,clarithromycin,1382,6,1,5,0,0,1.0,1.0,0.0,0.0,1.0
CHINA_NINGXIA_2022,clarithromycin,1383,6,4,2,0,0,1.0,1.0,0.0,0.0,1.0
CHINA_NINGXIA_2022,clarithromycin,1384,6,3,3,0,0,1.0,1.0,0.0,0.0,1.0
CHINA_NINGXIA_2022,clarithromycin,1385,6,4,2,0,0,1.0,1.0,0.0,0.0,1.0
CHINA_NINGXIA_2022,clarithromycin,1386,6,2,4,0,0,1.0,1.0,0.0,0.0,1.0
CHINA_NINGXIA_2022,clarithromycin,1387,6,3,3,0,0,1.0,1.0,0.0,0.0,1.0
CHINA_NINGXIA_2022,clarithromycin,1388,6,2,4,0,0,1.0,1.0,0.0,0.0,1.0
CHINA_NINGXIA_2022,clarithromycin,1389,6,1,5,0,0,1.0,1.0,0.0,0.0,1.0
CHINA_NINGXIA_2022,clarithromycin,1390,6,2,4,0,0,1.0,1.0,0.0,0.0,1.0
CHINA_NINGXIA_2022,clarithromycin,1391,6,0,6,0,0,,1.0,,0.0,
CHINA_NINGXIA_2022,clarithromycin,1392,6,2,4,0,0,1.0,1.0,0.0,0.0,1.0
CHINA_NINGXIA_2022,clarithromycin,1393,6,0,6,0,0,,1.0,,0.0,
CHINA_NINGXIA_2022,clarithromycin,1394,6,2,4,0,0,1.0,1.0,0.0,0.0,1.0
CHINA_NINGXIA_2022,clarithromycin,1395,6,1,5,0,0,1.0,1.0,0.0,0.0,1.0
CHINA_NINGXIA_2022,clarithromycin,1396,6,0,6,0,0,,1.0,,0.0,
CHINA_NINGXIA_2022,clarithromycin,1397,6,3,3,0,0,1.0,1.0,0.0,0.0,1.0
CHINA_NINGXIA_2022,clarithromycin,1398,6,2,4,0,0,1.0,1.0,0.0,0.0,1.0
CHINA_NINGXIA_2022,clarithromycin,1399,6,1,5,0,0,1.0,1.0,0.0,0.0,1.0
CHINA_NINGXIA_2022,clarithromycin,1400,6,1,5,0,0,1.0,1.0,0.0,0.0,1.0
CHINA_NINGXIA_2022,clarithromycin,1401,6,3,3,0,0,1.0,1.0,0.0,0.0,1.0
CHINA_NINGXIA_2022,clarithromycin,1402,6,2,4,0,0,1.0,1.0,0.0,0.0,1.0
CHINA_NINGXIA_2022,clarithromycin,1403,6,1,5,0,0,1.0,1.0,0.0,0.0,1.0
CHINA_NINGXIA_2022,clarithromycin,1404,6,1,5,0,0,1.0,1.0,0.0,0.0,1.0
CHINA_NINGXIA_2022,clarithromycin,1405,6,1,5,0,0,1.0,1.0,0.0,0.0,1.0
CHINA_NINGXIA_2022,clarithromycin,1406,6,2,4,0,0,1.0,1.0,0.0,0.0,1.0
CHINA_NINGXIA_2022,clarithromycin,1407,6,3,3,0,0,1.0,1.0,0.0,0.0,1.0
CHINA_NINGXIA_2022,clarithromycin,1408,6,3,3,0,0,1.0,1.0,0.0,0.0,1.0
CHINA_NINGXIA_2022,clarithromycin,1409,6,2,4,0,0,1.0,1.0,0.0,0.0,1.0
CHINA_NINGXIA_2022,clarithromycin,1410,6,2,4,0,0,1.0,1.0,0.0,0.0,1.0
CHINA_NINGXIA_2022,clarithromycin,1411,6,2,4,0,0,1.0,1.0,0.0,0.0,1.0
CHINA_NINGXIA_2022,clarithromycin,1412,6,3,3,0,0,1.0,1.0,0.0,0.0,1.0
CHINA_NINGXIA_2022,clarithromycin,1413,6,1,5,0,0,1.0,1.0,0.0,0.0,1.0
CHINA_NINGXIA_2022,clarithromycin,1414,6,4,2,0,0,1.0,1.0,0.0,0.0,1.0
CHINA_NINGXIA_2022,clarithromycin,1415,6,0,6,0,0,,1.0,,0.0,
CHINA_NINGXIA_2022,clarithromycin,1416,6,3,3,0,0,1.0,1.0,0.0,0.0,1.0
CHINA_NINGXIA_2022,clarithromycin,1417,6,2,4,0,0,1.0,1.0,0.0,0.0,1.0
CHINA_NINGXIA_2022,clarithromycin,1418,6,2,4,0,0,1.0,1.0,0.0,0.0,1.0
CHINA_NINGXIA_2022,clarithromycin,1419,6,1,5,0,0,1.0,1.0,0.0,0.0,1.0
CHINA_NINGXIA_2022,clarithromycin,1420,6,3,3,0,0,1.0,1.0,0.0,0.0,1.0
CHINA_NINGXIA_2022,clarithromycin,1421,6,1,5,0,0,1.0,1.0,0.0,0.0,1.0
CHINA_NINGXIA_2022,clarithromycin,1422,6,1,5,0,0,1.0,1.0,0.0,0.0,1.0
CHINA_NINGXIA_2022,clarithromycin,1423,6,1,5,0,0,1.0,1.0,0.0,0.0,1.0
CHINA_NINGXIA_2022,clarithromycin,1424,6,1,5,0,0,1.0,1.0,0.0,0.0,1.0
CHINA_NINGXIA_2022,clarithromycin,1425,6,1,5,0,0,1.0,1.0,0.0,0.0,1.0
CHINA_NINGXIA_2022,clarithromycin,1426,6,4,2,0,0,1.0,1.0,0.0,0.0,1.0
CHINA_NINGXIA_2022,clarithromycin,1427,6,3,3,0,0,1.0,1.0,0.0,0.0,1.0
CHINA_NINGXIA_2022,clarithromycin,1428,6,1,5,0,0,1.0,1.0,0.0,0.0,1.0
CHINA_NINGXIA_2022,clarithromycin,1429,6,2,4,0,0,1.0,1.0,0.0,0.0,1.0
CHINA_NINGXIA_2022,clarithromycin,1430,6,3,3,0,0,1.0,1.0,0.0,0.0,1.0
CHINA_NINGXIA_2022,clarithromycin,1431,6,1,5,0,0,1.0,1.0,0.0,0.0,1.0
CHINA_NINGXIA_2022,clarithromycin,1432,6,3,3,0,0,1.0,1.0,0.0,0.0,1.0
CHINA_NINGXIA_2022,clarithromycin,1433,6,1,5,0,0,1.0,1.0,0.0,0.0,1.0
CHINA_NINGXIA_2022,clarithromycin,1434,6,0,6,0,0,,1.0,,0.0,
CHINA_NINGXIA_2022,clarithromycin,1435,6,2,4,0,0,1.0,1.0,0.0,0.0,1.0
CHINA_NINGXIA_2022,clarithromycin,1436,6,1,5,0,0,1.0,1.0,0.0,0.0,1.0
CHINA_NINGXIA_2022,clarithromycin,1437,6,1,5,0,0,1.0,1.0,0.0,0.0,1.0
CHINA_NINGXIA_2022,clarithromycin,1438,6,4,2,0,0,1.0,1.0,0.0,0.0,1.0
CHINA_NINGXIA_2022,clarithromycin,1439,6,1,5,0,0,1.0,1.0,0.0,0.0,1.0
CHINA_NINGXIA_2022,clarithromycin,1440,6,1,5,0,0,1.0,1.0,0.0,0.0,1.0
CHINA_NINGXIA_2022,clarithromycin,1441,6,1,5,0,0,1.0,1.0,0.0,0.0,1.0
CHINA_NINGXIA_2022,clarithromycin,1442,6,0,6,0,0,,1.0,,0.0,
CHINA_NINGXIA_2022,clarithromycin,1443,6,1,5,0,0,1.0,1.0,0.0,0.0,1.0
CHINA_NINGXIA_2022,clarithromycin,1444,6,2,4,0,0,1.0,1.0,0.0,0.0,1.0
CHINA_NINGXIA_2022,clarithromycin,1445,6,4,2,0,0,1.0,1.0,0.0,0.0,1.0
CHINA_NINGXIA_2022,clarithromycin,1446,6,3,3,0,0,1.0,1.0,0.0,0.0,1.0
CHINA_NINGXIA_2022,clarithromycin,1447,6,3,3,0,0,1.0,1.0,0.0,0.0,1.0
CHINA_NINGXIA_2022,clarithromycin,1448,6,3,3,0,0,1.0,1.0,0.0,0.0,1.0
CHINA_NINGXIA_2022,clarithromycin,1449,6,2,4,0,0,1.0,1.0,0.0,0.0,1.0
CHINA_NINGXIA_2022,clarithromycin,1450,6,3,3,0,0,1.0,1.0,0.0,0.0,1.0
CHINA_NINGXIA_2022,clarithromycin,1451,6,1,5,0,0,1.0,1.0,0.0,0.0,1.0
CHINA_NINGXIA_2022,clarithromycin,1452,6,1,5,0,0,1.0,1.0,0.0,0.0,1.0
CHINA_NINGXIA_2022,clarithromycin,1453,6,2,4,0,0,1.0,1.0,0.0,0.0,1.0
CHINA_NINGXIA_2022,clarithromycin,1454,6,3,3,0,0,1.0,1.0,0.0,0.0,1.0
CHINA_NINGXIA_2022,clarithromycin,1455,6,2,4,0,0,1.0,1.0,0.0,0.0,1.0
CHINA_NINGXIA_2022,clarithromycin,1456,6,1,5,0,0,1.0,1.0,0.0,0.0,1.0
CHINA_NINGXIA_2022,clarithromycin,1457,6,1,5,0,0,1.0,1.0,0.0,0.0,1.0
CHINA_NINGXIA_2022,clarithromycin,1458,6,2,4,0,0,1.0,1.0,0.0,0.0,1.0
CHINA_NINGXIA_2022,clarithromycin,1459,6,3,3,0,0,1.0,1.0,0.0,0.0,1.0
CHINA_NINGXIA_2022,clarithromycin,1460,6,2,4,0,0,1.0,1.0,0.0,0.0,1.0
CHINA_NINGXIA_2022,clarithromycin,1461,6,3,3,0,0,1.0,1.0,0.0,0.0,1.0
CHINA_NINGXIA_2022,clarithromycin,1462,6,1,5,0,0,1.0,1.0,0.0,0.0,1.0
CHINA_NINGXIA_2022,clarithromycin,1463,6,3,3,0,0,1.0,1.0,0.0,0.0,1.0
CHINA_NINGXIA_2022,clarithromycin,1464,6,2,4,0,0,1.0,1.0,0.0,0.0,1.0
CHINA_NINGXIA_2022,clarithromycin,1465,6,2,4,0,0,1.0,1.0,0.0,0.0,1.0
CHINA_NINGXIA_2022,clarithromycin,1466,6,3,3,0,0,1.0,1.0,0.0,0.0,1.0
CHINA_NINGXIA_2022,clarithromycin,1467,6,1,5,0,0,1.0,1.0,0.0,0.0,1.0
CHINA_NINGXIA_2022,clarithromycin,1468,6,0,6,0,0,,1.0,,0.0,
CHINA_NINGXIA_2022,clarithromycin,1469,6,0,6,0,0,,1.0,,0.0,
CHINA_NINGXIA_2022,clarithromycin,1470,6,4,2,0,0,1.0,1.0,0.0,0.0,1.0
CHINA_NINGXIA_2022,clarithromycin,1471,6,5,1,0,0,1.0,1.0,0.0,0.0,1.0
CHINA_NINGXIA_2022,clarithromycin,1472,6,1,5,0,0,1.0,1.0,0.0,0.0,1.0
CHINA_NINGXIA_2022,clarithromycin,1473,6,2,4,0,0,1.0,1.0,0.0,0.0,1.0
CHINA_NINGXIA_2022,clarithromycin,1474,6,2,4,0,0,1.0,1.0,0.0,0.0,1.0
CHINA_NINGXIA_2022,clarithromycin,1475,6,3,3,0,0,1.0,1.0,0.0,0.0,1.0
CHINA_NINGXIA_2022,clarithromycin,1476,6,2,4,0,0,1.0,1.0,0.0,0.0,1.0
CHINA_NINGXIA_2022,clarithromycin,1477,6,2,4,0,0,1.0,1.0,0.0,0.0,1.0
CHINA_NINGXIA_2022,clarithromycin,1478,6,3,3,0,0,1.0,1.0,0.0,0.0,1.0
CHINA_NINGXIA_2022,clarithromycin,1479,6,3,3,0,0,1.0,1.0,0.0,0.0,1.0
CHINA_NINGXIA_2022,clarithromycin,1480,6,2,4,0,0,1.0,1.0,0.0,0.0,1.0
CHINA_NINGXIA_2022,clarithromycin,1481,6,0,6,0,0,,1.0,,0.0,
CHINA_NINGXIA_2022,clarithromycin,1482,6,2,4,0,0,1.0,1.0,0.0,0.0,1.0
CHINA_NINGXIA_2022,clarithromycin,1483,6,2,4,0,0,1.0,1.0,0.0,0.0,1.0
CHINA_NINGXIA_2022,clarithromycin,1484,6,2,4,0,0,1.0,1.0,0.0,0.0,1.0
CHINA_NINGXIA_2022,clarithromycin,1485,6,2,4,0,0,1.0,1.0,0.0,0.0,1.0
CHINA_NINGXIA_2022,clarithromycin,1486,6,4,2,0,0,1.0,1.0,0.0,0.0,1.0
CHINA_NINGXIA_2022,clarithromycin,1487,6,3,3,0,0,1.0,1.0,0.0,0.0,1.0
CHINA_NINGXIA_2022,clarithromycin,1488,6,2,4,0,0,1.0,1.0,0.0,0.0,1.0
CHINA_NINGXIA_2022,clarithromycin,1489,6,3,3,0,0,1.0,1.0,0.0,0.0,1.0
CHINA_NINGXIA_2022,clarithromycin,1490,6,4,2,0,0,1.0,1.0,0.0,0.0,1.0
CHINA_NINGXIA_2022,clarithromycin,1491,6,2,4,0,0,1.0,1.0,0.0,0.0,1.0
CHINA_NINGXIA_2022,clarithromycin,1492,6,3,3,0,0,1.0,1.0,0.0,0.0,1.0
CHINA_NINGXIA_2022,clarithromycin,1493,6,2,4,0,0,1.0,1.0,0.0,0.0,1.0
CHINA_NINGXIA_2022,clarithromycin,1494,6,2,4,0,0,1.0,1.0,0.0,0.0,1.0
CHINA_NINGXIA_2022,clarithromycin,1495,6,3,3,0,0,1.0,1.0,0.0,0.0,1.0
CHINA_NINGXIA_2022,clarithromycin,1496,6,3,3,0,0,1.0,1.0,0.0,0.0,1.0
CHINA_NINGXIA_2022,clarithromycin,1497,6,3,3,0,0,1.0,1.0,0.0,0.0,1.0
CHINA_NINGXIA_2022,clarithromycin,1498,6,2,4,0,0,1.0,1.0,0.0,0.0,1.0
CHINA_NINGXIA_2022,clarithromycin,1499,6,4,2,0,0,1.0,1.0,0.0,0.0,1.0
CHINA_NINGXIA_2022,clarithromycin,1500,6,1,5,0,0,1.0,1.0,0.0,0.0,1.0
CHINA_NINGXIA_2022,clarithromycin,1501,6,2,4,0,0,1.0,1.0,0.0,0.0,1.0
CHINA_NINGXIA_2022,clarithromycin,1502,6,3,3,0,0,1.0,1.0,0.0,0.0,1.0
CHINA_NINGXIA_2022,clarithromycin,1503,6,2,4,0,0,1.0,1.0,0.0,0.0,1.0
CHINA_NINGXIA_2022,clarithromycin,1504,6,3,3,0,0,1.0,1.0,0.0,0.0,1.0
CHINA_NINGXIA_2022,clarithromycin,1505,6,5,1,0,0,1.0,1.0,0.0,0.0,1.0
CHINA_NINGXIA_2022,clarithromycin,1506,6,2,4,0,0,1.0,1.0,0.0,0.0,1.0
CHINA_NINGXIA_2022,clarithromycin,1507,6,1,5,0,0,1.0,1.0,0.0,0.0,1.0
CHINA_NINGXIA_2022,clarithromycin,1508,6,4,2,0,0,1.0,1.0,0.0,0.0,1.0
CHINA_NINGXIA_2022,clarithromycin,1509,6,2,4,0,0,1.0,1.0,0.0,0.0,1.0
CHINA_NINGXIA_2022,clarithromycin,1510,6,4,2,0,0,1.0,1.0,0.0,0.0,1.0
CHINA_NINGXIA_2022,clarithromycin,1511,6,0,6,0,0,,1.0,,0.0,
CHINA_NINGXIA_2022,clarithromycin,1512,6,0,6,0,0,,1.0,,0.0,
CHINA_NINGXIA_2022,clarithromycin,1513,6,2,4,0,0,1.0,1.0,0.0,0.0,1.0
CHINA_NINGXIA_2022,clarithromycin,1514,6,2,4,0,0,1.0,1.0,0.0,0.0,1.0
CHINA_NINGXIA_2022,clarithromycin,1515,6,3,3,0,0,1.0,1.0,0.0,0.0,1.0
CHINA_NINGXIA_2022,clarithromycin,1516,6,2,4,0,0,1.0,1.0,0.0,0.0,1.0
CHINA_NINGXIA_2022,clarithromycin,1517,6,0,6,0,0,,1.0,,0.0,
CHINA_NINGXIA_2022,clarithromycin,1518,6,0,6,0,0,,1.0,,0.0,
CHINA_NINGXIA_2022,clarithromycin,1519,6,2,4,0,0,1.0,1.0,0.0,0.0,1.0
CHINA_NINGXIA_2022,clarithromycin,1520,6,2,4,0,0,1.0,1.0,0.0,0.0,1.0
CHINA_NINGXIA_2022,clarithromycin,1521,6,4,2,0,0,1.0,1.0,0.0,0.0,1.0
CHINA_NINGXIA_2022,clarithromycin,1522,6,5,1,0,0,1.0,1.0,0.0,0.0,1.0
CHINA_NINGXIA_2022,clarithromycin,1523,6,3,3,0,0,1.0,1.0,0.0,0.0,1.0
CHINA_NINGXIA_2022,clarithromycin,1524,6,2,4,0,0,1.0,1.0,0.0,0.0,1.0
CHINA_NINGXIA_2022,clarithromycin,1525,6,2,4,0,0,1.0,1.0,0.0,0.0,1.0
CHINA_NINGXIA_2022,clarithromycin,1526,6,3,3,0,0,1.0,1.0,0.0,0.0,1.0
CHINA_NINGXIA_2022,clarithromycin,1527,6,3,3,0,0,1.0,1.0,0.0,0.0,1.0
CHINA_NINGXIA_2022,clarithromycin,1528,6,2,4,0,0,1.0,1.0,0.0,0.0,1.0
CHINA_NINGXIA_2022,clarithromycin,1529,6,0,6,0,0,,1.0,,0.0,
CHINA_NINGXIA_2022,clarithromycin,1530,6,1,5,0,0,1.0,1.0,0.0,0.0,1.0
CHINA_NINGXIA_2022,clarithromycin,1531,6,3,3,0,0,1.0,1.0,0.0,0.0,1.0
CHINA_NINGXIA_2022,clarithromycin,1532,6,2,4,0,0,1.0,1.0,0.0,0.0,1.0
CHINA_NINGXIA_2022,clarithromycin,1533,6,3,3,0,0,1.0,1.0,0.0,0.0,1.0
CHINA_NINGXIA_2022,clarithromycin,1534,6,4,2,0,0,1.0,1.0,0.0,0.0,1.0
CHINA_NINGXIA_2022,clarithromycin,1535,6,1,5,0,0,1.0,1.0,0.0,0.0,1.0
CHINA_NINGXIA_2022,clarithromycin,1536,6,4,2,0,0,1.0,1.0,0.0,0.0,1.0
CHINA_NINGXIA_2022,clarithromycin,1537,6,3,3,0,0,1.0,1.0,0.0,0.0,1.0
CHINA_NINGXIA_2022,clarithromycin,1538,6,3,3,0,0,1.0,1.0,0.0,0.0,1.0
CHINA_NINGXIA_2022,clarithromycin,1539,6,1,5,0,0,1.0,1.0,0.0,0.0,1.0
CHINA_NINGXIA_2022,clarithromycin,1540,6,2,4,0,0,1.0,1.0,0.0,0.0,1.0
CHINA_NINGXIA_2022,clarithromycin,1541,6,4,2,0,0,1.0,1.0,0.0,0.0,1.0
CHINA_NINGXIA_2022,clarithromycin,1542,6,2,4,0,0,1.0,1.0,0.0,0.0,1.0
CHINA_NINGXIA_2022,clarithromycin,1543,6,2,4,0,0,1.0,1.0,0.0,0.0,1.0
CHINA_NINGXIA_2022,clarithromycin,1544,6,2,4,0,0,1.0,1.0,0.0,0.0,1.0
CHINA_NINGXIA_2022,clarithromycin,1545,6,2,4,0,0,1.0,1.0,0.0,0.0,1.0
CHINA_NINGXIA_2022,clarithromycin,1546,6,3,3,0,0,1.0,1.0,0.0,0.0,1.0
CHINA_NINGXIA_2022,clarithromycin,1547,6,3,3,0,0,1.0,1.0,0.0,0.0,1.0
CHINA_NINGXIA_2022,clarithromycin,1548,6,2,4,0,0,1.0,1.0,0.0,0.0,1.0
CHINA_NINGXIA_2022,clarithromycin,1549,6,1,5,0,0,1.0,1.0,0.0,0.0,1.0
CHINA_NINGXIA_2022,clarithromycin,1550,6,2,4,0,0,1.0,1.0,0.0,0.0,1.0
CHINA_NINGXIA_2022,clarithromycin,1551,6,3,3,0,0,1.0,1.0,0.0,0.0,1.0
CHINA_NINGXIA_2022,clarithromycin,1552,6,1,5,0,0,1.0,1.0,0.0,0.0,1.0
CHINA_NINGXIA_2022,clarithromycin,1553,6,2,4,0,0,1.0,1.0,0.0,0.0,1.0
CHINA_NINGXIA_2022,clarithromycin,1554,6,3,3,0,0,1.0,1.0,0.0,0.0,1.0
CHINA_NINGXIA_2022,clarithromycin,1555,6,2,4,0,0,1.0,1.0,0.0,0.0,1.0
CHINA_NINGXIA_2022,clarithromycin,1556,6,1,5,0,0,1.0,1.0,0.0,0.0,1.0
CHINA_NINGXIA_2022,clarithromycin,1557,6,1,5,0,0,1.0,1.0,0.0,0.0,1.0
CHINA_NINGXIA_2022,clarithromycin,1558,6,3,3,0,0,1.0,1.0,0.0,0.0,1.0
CHINA_NINGXIA_2022,clarithromycin,1559,6,2,4,0,0,1.0,1.0,0.0,0.0,1.0
CHINA_NINGXIA_2022,clarithromycin,1560,6,4,2,0,0,1.0,1.0,0.0,0.0,1.0
CHINA_NINGXIA_2022,clarithromycin,1561,6,2,4,0,0,1.0,1.0,0.0,0.0,1.0
CHINA_NINGXIA_2022,clarithromycin,1562,6,1,5,0,0,1.0,1.0,0.0,0.0,1.0
CHINA_NINGXIA_2022,clarithromycin,1563,6,3,3,0,0,1.0,1.0,0.0,0.0,1.0
CHINA_NINGXIA_2022,clarithromycin,1564,6,0,6,0,0,,1.0,,0.0,
CHINA_NINGXIA_2022,clarithromycin,1565,6,1,5,0,0,1.0,1.0,0.0,0.0,1.0
CHINA_NINGXIA_2022,clarithromycin,1566,6,1,5,0,0,1.0,1.0,0.0,0.0,1.0
CHINA_NINGXIA_2022,clarithromycin,1567,6,1,5,0,0,1.0,1.0,0.0,0.0,1.0
CHINA_NINGXIA_2022,clarithromycin,1568,6,2,4,0,0,1.0,1.0,0.0,0.0,1.0
CHINA_NINGXIA_2022,clarithromycin,1569,6,1,5,0,0,1.0,1.0,0.0,0.0,1.0
CHINA_NINGXIA_2022,clarithromycin,1570,6,2,4,0,0,1.0,1.0,0.0,0.0,1.0
CHINA_NINGXIA_2022,clarithromycin,1571,6,2,4,0,0,1.0,1.0,0.0,0.0,1.0
CHINA_NINGXIA_2022,clarithromycin,1572,6,1,5,0,0,1.0,1.0,0.0,0.0,1.0
CHINA_NINGXIA_2022,clarithromycin,1573,6,4,2,0,0,1.0,1.0,0.0,0.0,1.0
CHINA_NINGXIA_2022,clarithromycin,1574,6,1,5,0,0,1.0,1.0,0.0,0.0,1.0
CHINA_NINGXIA_2022,clarithromycin,1575,6,2,4,0,0,1.0,1.0,0.0,0.0,1.0
CHINA_NINGXIA_2022,clarithromycin,1576,6,2,4,0,0,1.0,1.0,0.0,0.0,1.0
CHINA_NINGXIA_2022,clarithromycin,1577,6,2,4,0,0,1.0,1.0,0.0,0.0,1.0
CHINA_NINGXIA_2022,clarithromycin,1578,6,1,5,0,0,1.0,1.0,0.0,0.0,1.0
CHINA_NINGXIA_2022,clarithromycin,1579,6,2,4,0,0,1.0,1.0,0.0,0.0,1.0
CHINA_NINGXIA_2022,clarithromycin,1580,6,3,3,0,0,1.0,1.0,0.0,0.0,1.0
CHINA_NINGXIA_2022,clarithromycin,1581,6,2,4,0,0,1.0,1.0,0.0,0.0,1.0
CHINA_NINGXIA_2022,clarithromycin,1582,6,1,5,0,0,1.0,1.0,0.0,0.0,1.0
CHINA_NINGXIA_2022,clarithromycin,1583,6,1,5,0,0,1.0,1.0,0.0,0.0,1.0
CHINA_NINGXIA_2022,clarithromycin,1584,6,1,5,0,0,1.0,1.0,0.0,0.0,1.0
CHINA_NINGXIA_2022,clarithromycin,1585,6,4,2,0,0,1.0,1.0,0.0,0.0,1.0
CHINA_NINGXIA_2022,clarithromycin,1586,6,2,4,0,0,1.0,1.0,0.0,0.0,1.0
CHINA_NINGXIA_2022,clarithromycin,1587,6,3,3,0,0,1.0,1.0,0.0,0.0,1.0
CHINA_NINGXIA_2022,clarithromycin,1588,6,1,5,0,0,1.0,1.0,0.0,0.0,1.0
CHINA_NINGXIA_2022,clarithromycin,1589,6,4,2,0,0,1.0,1.0,0.0,0.0,1.0
CHINA_NINGXIA_2022,clarithromycin,1590,6,2,4,0,0,1.0,1.0,0.0,0.0,1.0
CHINA_NINGXIA_2022,clarithromycin,1591,6,1,5,0,0,1.0,1.0,0.0,0.0,1.0
CHINA_NINGXIA_2022,clarithromycin,1592,6,3,3,0,0,1.0,1.0,0.0,0.0,1.0
CHINA_NINGXIA_2022,clarithromycin,1593,6,0,6,0,0,,1.0,,0.0,
CHINA_NINGXIA_2022,clarithromycin,1594,6,1,5,0,0,1.0,1.0,0.0,0.0,1.0
CHINA_NINGXIA_2022,clarithromycin,1595,6,1,5,0,0,1.0,1.0,0.0,0.0,1.0
CHINA_NINGXIA_2022,clarithromycin,1596,6,1,5,0,0,1.0,1.0,0.0,0.0,1.0
CHINA_NINGXIA_2022,clarithromycin,1597,6,2,4,0,0,1.0,1.0,0.0,0.0,1.0
CHINA_NINGXIA_2022,clarithromycin,1598,6,2,4,0,0,1.0,1.0,0.0,0.0,1.0
CHINA_NINGXIA_2022,clarithromycin,1599,6,1,5,0,0,1.0,1.0,0.0,0.0,1.0
CHINA_NINGXIA_2022,clarithromycin,1600,6,2,4,0,0,1.0,1.0,0.0,0.0,1.0
CHINA_NINGXIA_2022,clarithromycin,1601,6,2,4,0,0,1.0,1.0,0.0,0.0,1.0
CHINA_NINGXIA_2022,clarithromycin,1602,6,4,2,0,0,1.0,1.0,0.0,0.0,1.0
CHINA_NINGXIA_2022,clarithromycin,1603,6,2,4,0,0,1.0,1.0,0.0,0.0,1.0
CHINA_NINGXIA_2022,clarithromycin,1604,6,1,5,0,0,1.0,1.0,0.0,0.0,1.0
CHINA_NINGXIA_2022,clarithromycin,1605,6,2,4,0,0,1.0,1.0,0.0,0.0,1.0
CHINA_NINGXIA_2022,clarithromycin,1606,6,1,5,0,0,1.0,1.0,0.0,0.0,1.0
CHINA_NINGXIA_2022,clarithromycin,1607,6,1,5,0,0,1.0,1.0,0.0,0.0,1.0
CHINA_NINGXIA_2022,clarithromycin,1608,6,1,5,0,0,1.0,1.0,0.0,0.0,1.0
CHINA_NINGXIA_2022,clarithromycin,1609,6,4,2,0,0,1.0,1.0,0.0,0.0,1.0
CHINA_NINGXIA_2022,clarithromycin,1610,6,1,5,0,0,1.0,1.0,0.0,0.0,1.0
CHINA_NINGXIA_2022,clarithromycin,1611,6,2,4,0,0,1.0,1.0,0.0,0.0,1.0
CHINA_NINGXIA_2022,clarithromycin,1612,6,0,6,0,0,,1.0,,0.0,
CHINA_NINGXIA_2022,clarithromycin,1613,6,1,5,0,0,1.0,1.0,0.0,0.0,1.0
CHINA_NINGXIA_2022,clarithromycin,1614,6,3,3,0,0,1.0,1.0,0.0,0.0,1.0
CHINA_NINGXIA_2022,clarithromycin,1615,6,1,5,0,0,1.0,1.0,0.0,0.0,1.0
CHINA_NINGXIA_2022,clarithromycin,1616,6,2,4,0,0,1.0,1.0,0.0,0.0,1.0
CHINA_NINGXIA_2022,clarithromycin,1617,6,2,4,0,0,1.0,1.0,0.0,0.0,1.0
CHINA_NINGXIA_2022,clarithromycin,1618,6,1,5,0,0,1.0,1.0,0.0,0.0,1.0
CHINA_NINGXIA_2022,clarithromycin,1619,6,1,5,0,0,1.0,1.0,0.0,0.0,1.0
CHINA_NINGXIA_2022,clarithromycin,1620,6,2,4,0,0,1.0,1.0,0.0,0.0,1.0
CHINA_NINGXIA_2022,clarithromycin,1621,6,0,6,0,0,,1.0,,0.0,
CHINA_NINGXIA_2022,clarithromycin,1622,6,0,6,0,0,,1.0,,0.0,
CHINA_NINGXIA_2022,clarithromycin,1623,6,2,4,0,0,1.0,1.0,0.0,0.0,1.0
CHINA_NINGXIA_2022,clarithromycin,1624,6,2,4,0,0,1.0,1.0,0.0,0.0,1.0
CHINA_NINGXIA_2022,clarithromycin,1625,6,3,3,0,0,1.0,1.0,0.0,0.0,1.0
CHINA_NINGXIA_2022,clarithromycin,1626,6,2,4,0,0,1.0,1.0,0.0,0.0,1.0
CHINA_NINGXIA_2022,clarithromycin,1627,6,1,5,0,0,1.0,1.0,0.0,0.0,1.0
CHINA_NINGXIA_2022,clarithromycin,1628,6,2,4,0,0,1.0,1.0,0.0,0.0,1.0
CHINA_NINGXIA_2022,clarithromycin,1629,6,2,4,0,0,1.0,1.0,0.0,0.0,1.0
CHINA_NINGXIA_2022,clarithromycin,1630,6,1,5,0,0,1.0,1.0,0.0,0.0,1.0
CHINA_NINGXIA_2022,clarithromycin,1631,6,2,4,0,0,1.0,1.0,0.0,0.0,1.0
CHINA_NINGXIA_2022,clarithromycin,1632,6,2,4,0,0,1.0,1.0,0.0,0.0,1.0
CHINA_NINGXIA_2022,clarithromycin,1633,6,4,2,0,0,1.0,1.0,0.0,0.0,1.0
CHINA_NINGXIA_2022,clarithromycin,1634,6,0,6,0,0,,1.0,,0.0,
CHINA_NINGXIA_2022,clarithromycin,1635,6,1,5,0,0,1.0,1.0,0.0,0.0,1.0
CHINA_NINGXIA_2022,clarithromycin,1636,6,1,5,0,0,1.0,1.0,0.0,0.0,1.0
CHINA_NINGXIA_2022,clarithromycin,1637,6,3,3,0,0,1.0,1.0,0.0,0.0,1.0
CHINA_NINGXIA_2022,clarithromycin,1638,6,3,3,0,0,1.0,1.0,0.0,0.0,1.0
CHINA_NINGXIA_2022,clarithromycin,1639,6,3,3,0,0,1.0,1.0,0.0,0.0,1.0
CHINA_NINGXIA_2022,clarithromycin,1640,6,2,4,0,0,1.0,1.0,0.0,0.0,1.0
CHINA_NINGXIA_2022,clarithromycin,1641,6,2,4,0,0,1.0,1.0,0.0,0.0,1.0
CHINA_NINGXIA_2022,clarithromycin,1642,6,2,4,0,0,1.0,1.0,0.0,0.0,1.0
CHINA_NINGXIA_2022,clarithromycin,1643,6,1,5,0,0,1.0,1.0,0.0,0.0,1.0
CHINA_NINGXIA_2022,clarithromycin,1644,6,4,2,0,0,1.0,1.0,0.0,0.0,1.0
CHINA_NINGXIA_2022,clarithromycin,1645,6,2,4,0,0,1.0,1.0,0.0,0.0,1.0
CHINA_NINGXIA_2022,clarithromycin,1646,6,0,6,0,0,,1.0,,0.0,
CHINA_NINGXIA_2022,clarithromycin,1647,6,2,4,0,0,1.0,1.0,0.0,0.0,1.0
CHINA_NINGXIA_2022,clarithromycin,1648,6,2,4,0,0,1.0,1.0,0.0,0.0,1.0
CHINA_NINGXIA_2022,clarithromycin,1649,6,0,6,0,0,,1.0,,0.0,
CHINA_NINGXIA_2022,clarithromycin,1650,6,2,4,0,0,1.0,1.0,0.0,0.0,1.0
CHINA_NINGXIA_2022,clarithromycin,1651,6,0,6,0,0,,1.0,,0.0,
CHINA_NINGXIA_2022,clarithromycin,1652,6,3,3,0,0,1.0,1.0,0.0,0.0,1.0
CHINA_NINGXIA_2022,clarithromycin,1653,6,2,4,0,0,1.0,1.0,0.0,0.0,1.0
CHINA_NINGXIA_2022,clarithromycin,1654,6,1,5,0,0,1.0,1.0,0.0,0.0,1.0
CHINA_NINGXIA_2022,clarithromycin,1655,6,2,4,0,0,1.0,1.0,0.0,0.0,1.0
CHINA_NINGXIA_2022,clarithromycin,1656,6,1,5,0,0,1.0,1.0,0.0,0.0,1.0
CHINA_NINGXIA_2022,clarithromycin,1657,6,2,4,0,0,1.0,1.0,0.0,0.0,1.0
CHINA_NINGXIA_2022,clarithromycin,1658,6,0,6,0,0,,1.0,,0.0,
CHINA_NINGXIA_2022,clarithromycin,1659,6,0,6,0,0,,1.0,,0.0,
CHINA_NINGXIA_2022,clarithromycin,1660,6,3,3,0,0,1.0,1.0,0.0,0.0,1.0
CHINA_NINGXIA_2022,clarithromycin,1661,6,3,3,0,0,1.0,1.0,0.0,0.0,1.0
CHINA_NINGXIA_2022,clarithromycin,1662,6,0,6,0,0,,1.0,,0.0,
CHINA_NINGXIA_2022,clarithromycin,1663,6,1,5,0,0,1.0,1.0,0.0,0.0,1.0
CHINA_NINGXIA_2022,clarithromycin,1664,6,2,4,0,0,1.0,1.0,0.0,0.0,1.0
CHINA_NINGXIA_2022,clarithromycin,1665,6,3,3,0,0,1.0,1.0,0.0,0.0,1.0
CHINA_NINGXIA_2022,clarithromycin,1666,6,3,3,0,0,1.0,1.0,0.0,0.0,1.0
CHINA_NINGXIA_2022,clarithromycin,1667,6,3,3,0,0,1.0,1.0,0.0,0.0,1.0
CHINA_NINGXIA_2022,clarithromycin,1668,6,3,3,0,0,1.0,1.0,0.0,0.0,1.0
CHINA_NINGXIA_2022,clarithromycin,1669,6,1,5,0,0,1.0,1.0,0.0,0.0,1.0
CHINA_NINGXIA_2022,clarithromycin,1670,6,2,4,0,0,1.0,1.0,0.0,0.0,1.0
CHINA_NINGXIA_2022,clarithromycin,1671,6,2,4,0,0,1.0,1.0,0.0,0.0,1.0
CHINA_NINGXIA_2022,clarithromycin,1672,6,3,3,0,0,1.0,1.0,0.0,0.0,1.0
CHINA_NINGXIA_2022,clarithromycin,1673,6,2,4,0,0,1.0,1.0,0.0,0.0,1.0
CHINA_NINGXIA_2022,clarithromycin,1674,6,2,4,0,0,1.0,1.0,0.0,0.0,1.0
CHINA_NINGXIA_2022,clarithromycin,1675,6,4,2,0,0,1.0,1.0,0.0,0.0,1.0
CHINA_NINGXIA_2022,clarithromycin,1676,6,3,3,0,0,1.0,1.0,0.0,0.0,1.0
CHINA_NINGXIA_2022,clarithromycin,1677,6,3,3,0,0,1.0,1.0,0.0,0.0,1.0
CHINA_NINGXIA_2022,clarithromycin,1678,6,3,3,0,0,1.0,1.0,0.0,0.0,1.0
CHINA_NINGXIA_2022,clarithromycin,1679,6,2,4,0,0,1.0,1.0,0.0,0.0,1.0
CHINA_NINGXIA_2022,clarithromycin,1680,6,2,4,0,0,1.0,1.0,0.0,0.0,1.0
CHINA_NINGXIA_2022,clarithromycin,1681,6,2,4,0,0,1.0,1.0,0.0,0.0,1.0
CHINA_NINGXIA_2022,clarithromycin,1682,6,0,6,0,0,,1.0,,0.0,
CHINA_NINGXIA_2022,clarithromycin,1683,6,4,2,0,0,1.0,1.0,0.0,0.0,1.0
CHINA_NINGXIA_2022,clarithromycin,1684,6,2,4,0,0,1.0,1.0,0.0,0.0,1.0
CHINA_NINGXIA_2022,clarithromycin,1685,6,1,5,0,0,1.0,1.0,0.0,0.0,1.0
CHINA_NINGXIA_2022,clarithromycin,1686,6,2,4,0,0,1.0,1.0,0.0,0.0,1.0
CHINA_NINGXIA_2022,clarithromycin,1687,6,4,2,0,0,1.0,1.0,0.0,0.0,1.0
CHINA_NINGXIA_2022,clarithromycin,1688,6,2,4,0,0,1.0,1.0,0.0,0.0,1.0
CHINA_NINGXIA_2022,clarithromycin,1689,6,3,3,0,0,1.0,1.0,0.0,0.0,1.0
CHINA_NINGXIA_2022,clarithromycin,1690,6,2,4,0,0,1.0,1.0,0.0,0.0,1.0
CHINA_NINGXIA_2022,clarithromycin,1691,6,2,4,0,0,1.0,1.0,0.0,0.0,1.0
CHINA_NINGXIA_2022,clarithromycin,1692,6,1,5,0,0,1.0,1.0,0.0,0.0,1.0
CHINA_NINGXIA_2022,clarithromycin,1693,6,1,5,0,0,1.0,1.0,0.0,0.0,1.0
CHINA_NINGXIA_2022,clarithromycin,1694,6,2,4,0,0,1.0,1.0,0.0,0.0,1.0
CHINA_NINGXIA_2022,clarithromycin,1695,6,0,6,0,0,,1.0,,0.0,
CHINA_NINGXIA_2022,clarithromycin,1696,6,1,5,0,0,1.0,1.0,0.0,0.0,1.0
CHINA_NINGXIA_2022,clarithromycin,1697,6,3,3,0,0,1.0,1.0,0.0,0.0,1.0
CHINA_NINGXIA_2022,clarithromycin,1698,6,1,5,0,0,1.0,1.0,0.0,0.0,1.0
CHINA_NINGXIA_2022,clarithromycin,1699,6,2,4,0,0,1.0,1.0,0.0,0.0,1.0
CHINA_NINGXIA_2022,clarithromycin,1700,6,3,3,0,0,1.0,1.0,0.0,0.0,1.0
CHINA_NINGXIA_2022,clarithromycin,1701,6,3,3,0,0,1.0,1.0,0.0,0.0,1.0
CHINA_NINGXIA_2022,clarithromycin,1702,6,2,4,0,0,1.0,1.0,0.0,0.0,1.0
CHINA_NINGXIA_2022,clarithromycin,1703,6,1,5,0,0,1.0,1.0,0.0,0.0,1.0
CHINA_NINGXIA_2022,clarithromycin,1704,6,2,4,0,0,1.0,1.0,0.0,0.0,1.0
CHINA_NINGXIA_2022,clarithromycin,1705,6,1,5,0,0,1.0,1.0,0.0,0.0,1.0
CHINA_NINGXIA_2022,clarithromycin,1706,6,2,4,0,0,1.0,1.0,0.0,0.0,1.0
CHINA_NINGXIA_2022,clarithromycin,1707,6,2,4,0,0,1.0,1.0,0.0,0.0,1.0
CHINA_NINGXIA_2022,clarithromycin,1708,6,1,5,0,0,1.0,1.0,0.0,0.0,1.0
CHINA_NINGXIA_2022,clarithromycin,1709,6,0,6,0,0,,1.0,,0.0,
CHINA_NINGXIA_2022,clarithromycin,1710,6,1,5,0,0,1.0,1.0,0.0,0.0,1.0
CHINA_NINGXIA_2022,clarithromycin,1711,6,2,4,0,0,1.0,1.0,0.0,0.0,1.0
CHINA_NINGXIA_2022,clarithromycin,1712,6,2,4,0,0,1.0,1.0,0.0,0.0,1.0
CHINA_NINGXIA_2022,clarithromycin,1713,6,2,4,0,0,1.0,1.0,0.0,0.0,1.0
CHINA_NINGXIA_2022,clarithromycin,1714,6,1,5,0,0,1.0,1.0,0.0,0.0,1.0
CHINA_NINGXIA_2022,clarithromycin,1715,6,2,4,0,0,1.0,1.0,0.0,0.0,1.0
CHINA_NINGXIA_2022,clarithromycin,1716,6,2,4,0,0,1.0,1.0,0.0,0.0,1.0
CHINA_NINGXIA_2022,clarithromycin,1717,6,0,6,0,0,,1.0,,0.0,
CHINA_NINGXIA_2022,clarithromycin,1718,6,0,6,0,0,,1.0,,0.0,
CHINA_NINGXIA_2022,clarithromycin,1719,6,4,2,0,0,1.0,1.0,0.0,0.0,1.0
CHINA_NINGXIA_2022,clarithromycin,1720,6,3,3,0,0,1.0,1.0,0.0,0.0,1.0
CHINA_NINGXIA_2022,clarithromycin,1721,6,2,4,0,0,1.0,1.0,0.0,0.0,1.0
CHINA_NINGXIA_2022,clarithromycin,1722,6,3,3,0,0,1.0,1.0,0.0,0.0,1.0
CHINA_NINGXIA_2022,clarithromycin,1723,6,3,3,0,0,1.0,1.0,0.0,0.0,1.0
CHINA_NINGXIA_2022,clarithromycin,1724,6,4,2,0,0,1.0,1.0,0.0,0.0,1.0
CHINA_NINGXIA_2022,clarithromycin,1725,6,3,3,0,0,1.0,1.0,0.0,0.0,1.0
CHINA_NINGXIA_2022,clarithromycin,1726,6,3,3,0,0,1.0,1.0,0.0,0.0,1.0
CHINA_NINGXIA_2022,clarithromycin,1727,6,3,3,0,0,1.0,1.0,0.0,0.0,1.0
CHINA_NINGXIA_2022,clarithromycin,1728,6,2,4,0,0,1.0,1.0,0.0,0.0,1.0
CHINA_NINGXIA_2022,clarithromycin,1729,6,1,5,0,0,1.0,1.0,0.0,0.0,1.0
CHINA_NINGXIA_2022,clarithromycin,1730,6,2,4,0,0,1.0,1.0,0.0,0.0,1.0
CHINA_NINGXIA_2022,clarithromycin,1731,6,2,4,0,0,1.0,1.0,0.0,0.0,1.0
CHINA_NINGXIA_2022,clarithromycin,1732,6,2,4,0,0,1.0,1.0,0.0,0.0,1.0
CHINA_NINGXIA_2022,clarithromycin,1733,6,2,4,0,0,1.0,1.0,0.0,0.0,1.0
CHINA_NINGXIA_2022,clarithromycin,1734,6,2,4,0,0,1.0,1.0,0.0,0.0,1.0
CHINA_NINGXIA_2022,clarithromycin,1735,6,1,5,0,0,1.0,1.0,0.0,0.0,1.0
CHINA_NINGXIA_2022,clarithromycin,1736,6,1,5,0,0,1.0,1.0,0.0,0.0,1.0
CHINA_NINGXIA_2022,clarithromycin,1737,6,4,2,0,0,1.0,1.0,0.0,0.0,1.0
CHINA_NINGXIA_2022,clarithromycin,1738,6,5,1,0,0,1.0,1.0,0.0,0.0,1.0
CHINA_NINGXIA_2022,clarithromycin,1739,6,2,4,0,0,1.0,1.0,0.0,0.0,1.0
CHINA_NINGXIA_2022,clarithromycin,1740,6,0,6,0,0,,1.0,,0.0,
CHINA_NINGXIA_2022,clarithromycin,1741,6,2,4,0,0,1.0,1.0,0.0,0.0,1.0
CHINA_NINGXIA_2022,clarithromycin,1742,6,2,4,0,0,1.0,1.0,0.0,0.0,1.0
CHINA_NINGXIA_2022,clarithromycin,1743,6,0,6,0,0,,1.0,,0.0,
CHINA_NINGXIA_2022,clarithromycin,1744,6,2,4,0,0,1.0,1.0,0.0,0.0,1.0
CHINA_NINGXIA_2022,clarithromycin,1745,6,4,2,0,0,1.0,1.0,0.0,0.0,1.0
CHINA_NINGXIA_2022,clarithromycin,1746,6,2,4,0,0,1.0,1.0,0.0,0.0,1.0
CHINA_NINGXIA_2022,clarithromycin,1747,6,1,5,0,0,1.0,1.0,0.0,0.0,1.0
CHINA_NINGXIA_2022,clarithromycin,1748,6,0,6,0,0,,1.0,,0.0,
CHINA_NINGXIA_2022,clarithromycin,1749,6,1,5,0,0,1.0,1.0,0.0,0.0,1.0
CHINA_NINGXIA_2022,clarithromycin,1750,6,3,3,0,0,1.0,1.0,0.0,0.0,1.0
CHINA_NINGXIA_2022,clarithromycin,1751,6,1,5,0,0,1.0,1.0,0.0,0.0,1.0
CHINA_NINGXIA_2022,clarithromycin,1752,6,3,3,0,0,1.0,1.0,0.0,0.0,1.0
CHINA_NINGXIA_2022,clarithromycin,1753,6,2,4,0,0,1.0,1.0,0.0,0.0,1.0
CHINA_NINGXIA_2022,clarithromycin,1754,6,2,4,0,0,1.0,1.0,0.0,0.0,1.0
CHINA_NINGXIA_2022,clarithromycin,1755,6,2,4,0,0,1.0,1.0,0.0,0.0,1.0
CHINA_NINGXIA_2022,clarithromycin,1756,6,1,5,0,0,1.0,1.0,0.0,0.0,1.0
CHINA_NINGXIA_2022,clarithromycin,1757,6,2,4,0,0,1.0,1.0,0.0,0.0,1.0
CHINA_NINGXIA_2022,clarithromycin,1758,6,2,4,0,0,1.0,1.0,0.0,0.0,1.0
CHINA_NINGXIA_2022,clarithromycin,1759,6,3,3,0,0,1.0,1.0,0.0,0.0,1.0
CHINA_NINGXIA_2022,clarithromycin,1760,6,1,5,0,0,1.0,1.0,0.0,0.0,1.0
CHINA_NINGXIA_2022,clarithromycin,1761,6,1,5,0,0,1.0,1.0,0.0,0.0,1.0
CHINA_NINGXIA_2022,clarithromycin,1762,6,1,5,0,0,1.0,1.0,0.0,0.0,1.0
CHINA_NINGXIA_2022,clarithromycin,1763,6,0,6,0,0,,1.0,,0.0,
CHINA_NINGXIA_2022,clarithromycin,1764,6,4,2,0,0,1.0,1.0,0.0,0.0,1.0
CHINA_NINGXIA_2022,clarithromycin,1765,6,2,4,0,0,1.0,1.0,0.0,0.0,1.0
CHINA_NINGXIA_2022,clarithromycin,1766,6,1,5,0,0,1.0,1.0,0.0,0.0,1.0
CHINA_NINGXIA_2022,clarithromycin,1767,6,4,2,0,0,1.0,1.0,0.0,0.0,1.0
CHINA_NINGXIA_2022,clarithromycin,1768,6,1,5,0,0,1.0,1.0,0.0,0.0,1.0
CHINA_NINGXIA_2022,clarithromycin,1769,6,3,3,0,0,1.0,1.0,0.0,0.0,1.0
CHINA_NINGXIA_2022,clarithromycin,1770,6,3,3,0,0,1.0,1.0,0.0,0.0,1.0
CHINA_NINGXIA_2022,clarithromycin,1771,6,1,5,0,0,1.0,1.0,0.0,0.0,1.0
CHINA_NINGXIA_2022,clarithromycin,1772,6,2,4,0,0,1.0,1.0,0.0,0.0,1.0
CHINA_NINGXIA_2022,clarithromycin,1773,6,3,3,0,0,1.0,1.0,0.0,0.0,1.0
CHINA_NINGXIA_2022,clarithromycin,1774,6,3,3,0,0,1.0,1.0,0.0,0.0,1.0
CHINA_NINGXIA_2022,clarithromycin,1775,6,2,4,0,0,1.0,1.0,0.0,0.0,1.0
CHINA_NINGXIA_2022,clarithromycin,1776,6,2,4,0,0,1.0,1.0,0.0,0.0,1.0
CHINA_NINGXIA_2022,clarithromycin,1777,6,0,6,0,0,,1.0,,0.0,
CHINA_NINGXIA_2022,clarithromycin,1778,6,1,5,0,0,1.0,1.0,0.0,0.0,1.0
CHINA_NINGXIA_2022,clarithromycin,1779,6,1,5,0,0,1.0,1.0,0.0,0.0,1.0
CHINA_NINGXIA_2022,clarithromycin,1780,6,0,6,0,0,,1.0,,0.0,
CHINA_NINGXIA_2022,clarithromycin,1781,6,1,5,0,0,1.0,1.0,0.0,0.0,1.0
CHINA_NINGXIA_2022,clarithromycin,1782,6,2,4,0,0,1.0,1.0,0.0,0.0,1.0
CHINA_NINGXIA_2022,clarithromycin,1783,6,3,3,0,0,1.0,1.0,0.0,0.0,1.0
CHINA_NINGXIA_2022,clarithromycin,1784,6,3,3,0,0,1.0,1.0,0.0,0.0,1.0
CHINA_NINGXIA_2022,clarithromycin,1785,6,2,4,0,0,1.0,1.0,0.0,0.0,1.0
CHINA_NINGXIA_2022,clarithromycin,1786,6,0,6,0,0,,1.0,,0.0,
CHINA_NINGXIA_2022,clarithromycin,1787,6,0,6,0,0,,1.0,,0.0,
CHINA_NINGXIA_2022,clarithromycin,1788,6,4,2,0,0,1.0,1.0,0.0,0.0,1.0
CHINA_NINGXIA_2022,clarithromycin,1789,6,1,5,0,0,1.0,1.0,0.0,0.0,1.0
CHINA_NINGXIA_2022,clarithromycin,1790,6,2,4,0,0,1.0,1.0,0.0,0.0,1.0
CHINA_NINGXIA_2022,clarithromycin,1791,6,3,3,0,0,1.0,1.0,0.0,0.0,1.0
CHINA_NINGXIA_2022,clarithromycin,1792,6,1,5,0,0,1.0,1.0,0.0,0.0,1.0
CHINA_NINGXIA_2022,clarithromycin,1793,6,0,6,0,0,,1.0,,0.0,
CHINA_NINGXIA_2022,clarithromycin,1794,6,2,4,0,0,1.0,1.0,0.0,0.0,1.0
CHINA_NINGXIA_2022,clarithromycin,1795,6,4,2,0,0,1.0,1.0,0.0,0.0,1.0
CHINA_NINGXIA_2022,clarithromycin,1796,6,1,5,0,0,1.0,1.0,0.0,0.0,1.0
CHINA_NINGXIA_2022,clarithromycin,1797,6,3,3,0,0,1.0,1.0,0.0,0.0,1.0
CHINA_NINGXIA_2022,clarithromycin,1798,6,2,4,0,0,1.0,1.0,0.0,0.0,1.0
CHINA_NINGXIA_2022,clarithromycin,1799,6,3,3,0,0,1.0,1.0,0.0,0.0,1.0
CHINA_NINGXIA_2022,clarithromycin,1800,6,0,6,0,0,,1.0,,0.0,
CHINA_NINGXIA_2022,clarithromycin,1801,6,1,5,0,0,1.0,1.0,0.0,0.0,1.0
CHINA_NINGXIA_2022,clarithromycin,1802,6,2,4,0,0,1.0,1.0,0.0,0.0,1.0
CHINA_NINGXIA_2022,clarithromycin,1803,6,1,5,0,0,1.0,1.0,0.0,0.0,1.0
CHINA_NINGXIA_2022,clarithromycin,1804,6,2,4,0,0,1.0,1.0,0.0,0.0,1.0
CHINA_NINGXIA_2022,clarithromycin,1805,6,3,3,0,0,1.0,1.0,0.0,0.0,1.0
CHINA_NINGXIA_2022,clarithromycin,1806,6,2,4,0,0,1.0,1.0,0.0,0.0,1.0
CHINA_NINGXIA_2022,clarithromycin,1807,6,1,5,0,0,1.0,1.0,0.0,0.0,1.0
CHINA_NINGXIA_2022,clarithromycin,1808,6,2,4,0,0,1.0,1.0,0.0,0.0,1.0
CHINA_NINGXIA_2022,clarithromycin,1809,6,1,5,0,0,1.0,1.0,0.0,0.0,1.0
CHINA_NINGXIA_2022,clarithromycin,1810,6,3,3,0,0,1.0,1.0,0.0,0.0,1.0
CHINA_NINGXIA_2022,clarithromycin,1811,6,1,5,0,0,1.0,1.0,0.0,0.0,1.0
CHINA_NINGXIA_2022,clarithromycin,1812,6,1,5,0,0,1.0,1.0,0.0,0.0,1.0
CHINA_NINGXIA_2022,clarithromycin,1813,6,2,4,0,0,1.0,1.0,0.0,0.0,1.0
CHINA_NINGXIA_2022,clarithromycin,1814,6,1,5,0,0,1.0,1.0,0.0,0.0,1.0
CHINA_NINGXIA_2022,clarithromycin,1815,6,3,3,0,0,1.0,1.0,0.0,0.0,1.0
CHINA_NINGXIA_2022,clarithromycin,1816,6,2,4,0,0,1.0,1.0,0.0,0.0,1.0
CHINA_NINGXIA_2022,clarithromycin,1817,6,1,5,0,0,1.0,1.0,0.0,0.0,1.0
CHINA_NINGXIA_2022,clarithromycin,1818,6,2,4,0,0,1.0,1.0,0.0,0.0,1.0
CHINA_NINGXIA_2022,clarithromycin,1819,6,1,5,0,0,1.0,1.0,0.0,0.0,1.0
CHINA_NINGXIA_2022,clarithromycin,1820,6,3,3,0,0,1.0,1.0,0.0,0.0,1.0
CHINA_NINGXIA_2022,clarithromycin,1821,6,3,3,0,0,1.0,1.0,0.0,0.0,1.0
CHINA_NINGXIA_2022,clarithromycin,1822,6,3,3,0,0,1.0,1.0,0.0,0.0,1.0
CHINA_NINGXIA_2022,clarithromycin,1823,6,2,4,0,0,1.0,1.0,0.0,0.0,1.0
CHINA_NINGXIA_2022,clarithromycin,1824,6,0,6,0,0,,1.0,,0.0,
CHINA_NINGXIA_2022,clarithromycin,1825,6,3,3,0,0,1.0,1.0,0.0,0.0,1.0
CHINA_NINGXIA_2022,clarithromycin,1826,6,1,5,0,0,1.0,1.0,0.0,0.0,1.0
CHINA_NINGXIA_2022,clarithromycin,1827,6,2,4,0,0,1.0,1.0,0.0,0.0,1.0
CHINA_NINGXIA_2022,clarithromycin,1828,6,2,4,0,0,1.0,1.0,0.0,0.0,1.0
CHINA_NINGXIA_2022,clarithromycin,1829,6,1,5,0,0,1.0,1.0,0.0,0.0,1.0
CHINA_NINGXIA_2022,clarithromycin,1830,6,2,4,0,0,1.0,1.0,0.0,0.0,1.0
CHINA_NINGXIA_2022,clarithromycin,1831,6,4,2,0,0,1.0,1.0,0.0,0.0,1.0
CHINA_NINGXIA_2022,clarithromycin,1832,6,0,6,0,0,,1.0,,0.0,
CHINA_NINGXIA_2022,clarithromycin,1833,6,3,3,0,0,1.0,1.0,0.0,0.0,1.0
CHINA_NINGXIA_2022,clarithromycin,1834,6,1,5,0,0,1.0,1.0,0.0,0.0,1.0
CHINA_NINGXIA_2022,clarithromycin,1835,6,2,4,0,0,1.0,1.0,0.0,0.0,1.0
CHINA_NINGXIA_2022,clarithromycin,1836,6,3,3,0,0,1.0,1.0,0.0,0.0,1.0
CHINA_NINGXIA_2022,clarithromycin,1837,6,3,3,0,0,1.0,1.0,0.0,0.0,1.0
CHINA_NINGXIA_2022,clarithromycin,1838,6,0,6,0,0,,1.0,,0.0,
CHINA_NINGXIA_2022,clarithromycin,1839,6,1,5,0,0,1.0,1.0,0.0,0.0,1.0
CHINA_NINGXIA_2022,clarithromycin,1840,6,0,6,0,0,,1.0,,0.0,
CHINA_NINGXIA_2022,clarithromycin,1841,6,3,3,0,0,1.0,1.0,0.0,0.0,1.0
CHINA_NINGXIA_2022,clarithromycin,1842,6,2,4,0,0,1.0,1.0,0.0,0.0,1.0
CHINA_NINGXIA_2022,clarithromycin,1843,6,2,4,0,0,1.0,1.0,0.0,0.0,1.0
CHINA_NINGXIA_2022,clarithromycin,1844,6,3,3,0,0,1.0,1.0,0.0,0.0,1.0
CHINA_NINGXIA_2022,clarithromycin,1845,6,3,3,0,0,1.0,1.0,0.0,0.0,1.0
CHINA_NINGXIA_2022,clarithromycin,1846,6,2,4,0,0,1.0,1.0,0.0,0.0,1.0
CHINA_NINGXIA_2022,clarithromycin,1847,6,2,4,0,0,1.0,1.0,0.0,0.0,1.0
CHINA_NINGXIA_2022,clarithromycin,1848,6,1,5,0,0,1.0,1.0,0.0,0.0,1.0
CHINA_NINGXIA_2022,clarithromycin,1849,6,3,3,0,0,1.0,1.0,0.0,0.0,1.0
CHINA_NINGXIA_2022,clarithromycin,1850,6,2,4,0,0,1.0,1.0,0.0,0.0,1.0
CHINA_NINGXIA_2022,clarithromycin,1851,6,2,4,0,0,1.0,1.0,0.0,0.0,1.0
CHINA_NINGXIA_2022,clarithromycin,1852,6,2,4,0,0,1.0,1.0,0.0,0.0,1.0
CHINA_NINGXIA_2022,clarithromycin,1853,6,2,4,0,0,1.0,1.0,0.0,0.0,1.0
CHINA_NINGXIA_2022,clarithromycin,1854,6,1,5,0,0,1.0,1.0,0.0,0.0,1.0
CHINA_NINGXIA_2022,clarithromycin,1855,6,3,3,0,0,1.0,1.0,0.0,0.0,1.0
CHINA_NINGXIA_2022,clarithromycin,1856,6,3,3,0,0,1.0,1.0,0.0,0.0,1.0
CHINA_NINGXIA_2022,clarithromycin,1857,6,2,4,0,0,1.0,1.0,0.0,0.0,1.0
CHINA_NINGXIA_2022,clarithromycin,1858,6,3,3,0,0,1.0,1.0,0.0,0.0,1.0
CHINA_NINGXIA_2022,clarithromycin,1859,6,1,5,0,0,1.0,1.0,0.0,0.0,1.0
CHINA_NINGXIA_2022,clarithromycin,1860,6,4,2,0,0,1.0,1.0,0.0,0.0,1.0
CHINA_NINGXIA_2022,clarithromycin,1861,6,5,1,0,0,1.0,1.0,0.0,0.0,1.0
CHINA_NINGXIA_2022,clarithromycin,1862,6,4,2,0,0,1.0,1.0,0.0,0.0,1.0
CHINA_NINGXIA_2022,clarithromycin,1863,6,2,4,0,0,1.0,1.0,0.0,0.0,1.0
CHINA_NINGXIA_2022,clarithromycin,1864,6,3,3,0,0,1.0,1.0,0.0,0.0,1.0
CHINA_NINGXIA_2022,clarithromycin,1865,6,1,5,0,0,1.0,1.0,0.0,0.0,1.0
CHINA_NINGXIA_2022,clarithromycin,1866,6,3,3,0,0,1.0,1.0,0.0,0.0,1.0
CHINA_NINGXIA_2022,clarithromycin,1867,6,2,4,0,0,1.0,1.0,0.0,0.0,1.0
CHINA_NINGXIA_2022,clarithromycin,1868,6,4,2,0,0,1.0,1.0,0.0,0.0,1.0
CHINA_NINGXIA_2022,clarithromycin,1869,6,4,2,0,0,1.0,1.0,0.0,0.0,1.0
CHINA_NINGXIA_2022,clarithromycin,1870,6,0,6,0,0,,1.0,,0.0,
CHINA_NINGXIA_2022,clarithromycin,1871,6,4,2,0,0,1.0,1.0,0.0,0.0,1.0
CHINA_NINGXIA_2022,clarithromycin,1872,6,3,3,0,0,1.0,1.0,0.0,0.0,1.0
CHINA_NINGXIA_2022,clarithromycin,1873,6,2,4,0,0,1.0,1.0,0.0,0.0,1.0
CHINA_NINGXIA_2022,clarithromycin,1874,6,1,5,0,0,1.0,1.0,0.0,0.0,1.0
CHINA_NINGXIA_2022,clarithromycin,1875,6,4,2,0,0,1.0,1.0,0.0,0.0,1.0
CHINA_NINGXIA_2022,clarithromycin,1876,6,2,4,0,0,1.0,1.0,0.0,0.0,1.0
CHINA_NINGXIA_2022,clarithromycin,1877,6,0,6,0,0,,1.0,,0.0,
CHINA_NINGXIA_2022,clarithromycin,1878,6,1,5,0,0,1.0,1.0,0.0,0.0,1.0
CHINA_NINGXIA_2022,clarithromycin,1879,6,2,4,0,0,1.0,1.0,0.0,0.0,1.0
CHINA_NINGXIA_2022,clarithromycin,1880,6,0,6,0,0,,1.0,,0.0,
CHINA_NINGXIA_2022,clarithromycin,1881,6,2,4,0,0,1.0,1.0,0.0,0.0,1.0
CHINA_NINGXIA_2022,clarithromycin,1882,6,2,4,0,0,1.0,1.0,0.0,0.0,1.0
CHINA_NINGXIA_2022,clarithromycin,1883,6,3,3,0,0,1.0,1.0,0.0,0.0,1.0
CHINA_NINGXIA_2022,clarithromycin,1884,6,1,5,0,0,1.0,1.0,0.0,0.0,1.0
CHINA_NINGXIA_2022,clarithromycin,1885,6,2,4,0,0,1.0,1.0,0.0,0.0,1.0
CHINA_NINGXIA_2022,clarithromycin,1886,6,1,5,0,0,1.0,1.0,0.0,0.0,1.0
CHINA_NINGXIA_2022,clarithromycin,1887,6,2,4,0,0,1.0,1.0,0.0,0.0,1.0
CHINA_NINGXIA_2022,clarithromycin,1888,6,4,2,0,0,1.0,1.0,0.0,0.0,1.0
CHINA_NINGXIA_2022,clarithromycin,1889,6,1,5,0,0,1.0,1.0,0.0,0.0,1.0
CHINA_NINGXIA_2022,clarithromycin,1890,6,3,3,0,0,1.0,1.0,0.0,0.0,1.0
CHINA_NINGXIA_2022,clarithromycin,1891,6,2,4,0,0,1.0,1.0,0.0,0.0,1.0
CHINA_NINGXIA_2022,clarithromycin,1892,6,3,3,0,0,1.0,1.0,0.0,0.0,1.0
CHINA_NINGXIA_2022,clarithromycin,1893,6,1,5,0,0,1.0,1.0,0.0,0.0,1.0
CHINA_NINGXIA_2022,clarithromycin,1894,6,3,3,0,0,1.0,1.0,0.0,0.0,1.0
CHINA_NINGXIA_2022,clarithromycin,1895,6,0,6,0,0,,1.0,,0.0,
CHINA_NINGXIA_2022,clarithromycin,1896,6,4,2,0,0,1.0,1.0,0.0,0.0,1.0
CHINA_NINGXIA_2022,clarithromycin,1897,6,2,4,0,0,1.0,1.0,0.0,0.0,1.0
CHINA_NINGXIA_2022,clarithromycin,1898,6,0,6,0,0,,1.0,,0.0,
CHINA_NINGXIA_2022,clarithromycin,1899,6,2,4,0,0,1.0,1.0,0.0,0.0,1.0
CHINA_NINGXIA_2022,clarithromycin,1900,6,2,4,0,0,1.0,1.0,0.0,0.0,1.0
CHINA_NINGXIA_2022,clarithromycin,1901,6,1,5,0,0,1.0,1.0,0.0,0.0,1.0
CHINA_NINGXIA_2022,clarithromycin,1902,6,3,3,0,0,1.0,1.0,0.0,0.0,1.0
CHINA_NINGXIA_2022,clarithromycin,1903,6,1,5,0,0,1.0,1.0,0.0,0.0,1.0
CHINA_NINGXIA_2022,clarithromycin,1904,6,2,4,0,0,1.0,1.0,0.0,0.0,1.0
CHINA_NINGXIA_2022,clarithromycin,1905,6,4,2,0,0,1.0,1.0,0.0,0.0,1.0
CHINA_NINGXIA_2022,clarithromycin,1906,6,2,4,0,0,1.0,1.0,0.0,0.0,1.0
CHINA_NINGXIA_2022,clarithromycin,1907,6,3,3,0,0,1.0,1.0,0.0,0.0,1.0
CHINA_NINGXIA_2022,clarithromycin,1908,6,3,3,0,0,1.0,1.0,0.0,0.0,1.0
CHINA_NINGXIA_2022,clarithromycin,1909,6,2,4,0,0,1.0,1.0,0.0,0.0,1.0
CHINA_NINGXIA_2022,clarithromycin,1910,6,1,5,0,0,1.0,1.0,0.0,0.0,1.0
CHINA_NINGXIA_2022,clarithromycin,1911,6,3,3,0,0,1.0,1.0,0.0,0.0,1.0
CHINA_NINGXIA_2022,clarithromycin,1912,6,3,3,0,0,1.0,1.0,0.0,0.0,1.0
CHINA_NINGXIA_2022,clarithromycin,1913,6,3,3,0,0,1.0,1.0,0.0,0.0,1.0
CHINA_NINGXIA_2022,clarithromycin,1914,6,1,5,0,0,1.0,1.0,0.0,0.0,1.0
CHINA_NINGXIA_2022,clarithromycin,1915,6,2,4,0,0,1.0,1.0,0.0,0.0,1.0
CHINA_NINGXIA_2022,clarithromycin,1916,6,1,5,0,0,1.0,1.0,0.0,0.0,1.0
CHINA_NINGXIA_2022,clarithromycin,1917,6,1,5,0,0,1.0,1.0,0.0,0.0,1.0
CHINA_NINGXIA_2022,clarithromycin,1918,6,2,4,0,0,1.0,1.0,0.0,0.0,1.0
CHINA_NINGXIA_2022,clarithromycin,1919,6,3,3,0,0,1.0,1.0,0.0,0.0,1.0
CHINA_NINGXIA_2022,clarithromycin,1920,6,0,6,0,0,,1.0,,0.0,
CHINA_NINGXIA_2022,clarithromycin,1921,6,3,3,0,0,1.0,1.0,0.0,0.0,1.0
CHINA_NINGXIA_2022,clarithromycin,1922,6,1,5,0,0,1.0,1.0,0.0,0.0,1.0
CHINA_NINGXIA_2022,clarithromycin,1923,6,0,6,0,0,,1.0,,0.0,
CHINA_NINGXIA_2022,clarithromycin,1924,6,2,4,0,0,1.0,1.0,0.0,0.0,1.0
CHINA_NINGXIA_2022,clarithromycin,1925,6,1,5,0,0,1.0,1.0,0.0,0.0,1.0
CHINA_NINGXIA_2022,clarithromycin,1926,6,0,6,0,0,,1.0,,0.0,
CHINA_NINGXIA_2022,clarithromycin,1927,6,1,5,0,0,1.0,1.0,0.0,0.0,1.0
CHINA_NINGXIA_2022,clarithromycin,1928,6,1,5,0,0,1.0,1.0,0.0,0.0,1.0
CHINA_NINGXIA_2022,clarithromycin,1929,6,3,3,0,0,1.0,1.0,0.0,0.0,1.0
CHINA_NINGXIA_2022,clarithromycin,1930,6,0,6,0,0,,1.0,,0.0,
CHINA_NINGXIA_2022,clarithromycin,1931,6,3,3,0,0,1.0,1.0,0.0,0.0,1.0
CHINA_NINGXIA_2022,clarithromycin,1932,6,2,4,0,0,1.0,1.0,0.0,0.0,1.0
CHINA_NINGXIA_2022,clarithromycin,1933,6,1,5,0,0,1.0,1.0,0.0,0.0,1.0
CHINA_NINGXIA_2022,clarithromycin,1934,6,4,2,0,0,1.0,1.0,0.0,0.0,1.0
CHINA_NINGXIA_2022,clarithromycin,1935,6,1,5,0,0,1.0,1.0,0.0,0.0,1.0
CHINA_NINGXIA_2022,clarithromycin,1936,6,4,2,0,0,1.0,1.0,0.0,0.0,1.0
CHINA_NINGXIA_2022,clarithromycin,1937,6,3,3,0,0,1.0,1.0,0.0,0.0,1.0
CHINA_NINGXIA_2022,clarithromycin,1938,6,2,4,0,0,1.0,1.0,0.0,0.0,1.0
CHINA_NINGXIA_2022,clarithromycin,1939,6,4,2,0,0,1.0,1.0,0.0,0.0,1.0
CHINA_NINGXIA_2022,clarithromycin,1940,6,2,4,0,0,1.0,1.0,0.0,0.0,1.0
CHINA_NINGXIA_2022,clarithromycin,1941,6,0,6,0,0,,1.0,,0.0,
CHINA_NINGXIA_2022,clarithromycin,1942,6,2,4,0,0,1.0,1.0,0.0,0.0,1.0
CHINA_NINGXIA_2022,clarithromycin,1943,6,1,5,0,0,1.0,1.0,0.0,0.0,1.0
CHINA_NINGXIA_2022,clarithromycin,1944,6,3,3,0,0,1.0,1.0,0.0,0.0,1.0
CHINA_NINGXIA_2022,clarithromycin,1945,6,2,4,0,0,1.0,1.0,0.0,0.0,1.0
CHINA_NINGXIA_2022,clarithromycin,1946,6,1,5,0,0,1.0,1.0,0.0,0.0,1.0
CHINA_NINGXIA_2022,clarithromycin,1947,6,4,2,0,0,1.0,1.0,0.0,0.0,1.0
CHINA_NINGXIA_2022,clarithromycin,1948,6,0,6,0,0,,1.0,,0.0,
CHINA_NINGXIA_2022,clarithromycin,1949,6,5,1,0,0,1.0,1.0,0.0,0.0,1.0
CHINA_NINGXIA_2022,clarithromycin,1950,6,1,5,0,0,1.0,1.0,0.0,0.0,1.0
CHINA_NINGXIA_2022,clarithromycin,1951,6,3,3,0,0,1.0,1.0,0.0,0.0,1.0
CHINA_NINGXIA_2022,clarithromycin,1952,6,0,6,0,0,,1.0,,0.0,
CHINA_NINGXIA_2022,clarithromycin,1953,6,4,2,0,0,1.0,1.0,0.0,0.0,1.0
CHINA_NINGXIA_2022,clarithromycin,1954,6,4,2,0,0,1.0,1.0,0.0,0.0,1.0
CHINA_NINGXIA_2022,clarithromycin,1955,6,0,6,0,0,,1.0,,0.0,
CHINA_NINGXIA_2022,clarithromycin,1956,6,3,3,0,0,1.0,1.0,0.0,0.0,1.0
CHINA_NINGXIA_2022,clarithromycin,1957,6,2,4,0,0,1.0,1.0,0.0,0.0,1.0
CHINA_NINGXIA_2022,clarithromycin,1958,6,2,4,0,0,1.0,1.0,0.0,0.0,1.0
CHINA_NINGXIA_2022,clarithromycin,1959,6,1,5,0,0,1.0,1.0,0.0,0.0,1.0
CHINA_NINGXIA_2022,clarithromycin,1960,6,2,4,0,0,1.0,1.0,0.0,0.0,1.0
CHINA_NINGXIA_2022,clarithromycin,1961,6,1,5,0,0,1.0,1.0,0.0,0.0,1.0
CHINA_NINGXIA_2022,clarithromycin,1962,6,1,5,0,0,1.0,1.0,0.0,0.0,1.0
CHINA_NINGXIA_2022,clarithromycin,1963,6,3,3,0,0,1.0,1.0,0.0,0.0,1.0
CHINA_NINGXIA_2022,clarithromycin,1964,6,2,4,0,0,1.0,1.0,0.0,0.0,1.0
CHINA_NINGXIA_2022,clarithromycin,1965,6,3,3,0,0,1.0,1.0,0.0,0.0,1.0
CHINA_NINGXIA_2022,clarithromycin,1966,6,1,5,0,0,1.0,1.0,0.0,0.0,1.0
CHINA_NINGXIA_2022,clarithromycin,1967,6,3,3,0,0,1.0,1.0,0.0,0.0,1.0
CHINA_NINGXIA_2022,clarithromycin,1968,6,2,4,0,0,1.0,1.0,0.0,0.0,1.0
CHINA_NINGXIA_2022,clarithromycin,1969,6,2,4,0,0,1.0,1.0,0.0,0.0,1.0
CHINA_NINGXIA_2022,clarithromycin,1970,6,1,5,0,0,1.0,1.0,0.0,0.0,1.0
CHINA_NINGXIA_2022,clarithromycin,1971,6,2,4,0,0,1.0,1.0,0.0,0.0,1.0
CHINA_NINGXIA_2022,clarithromycin,1972,6,3,3,0,0,1.0,1.0,0.0,0.0,1.0
CHINA_NINGXIA_2022,clarithromycin,1973,6,3,3,0,0,1.0,1.0,0.0,0.0,1.0
CHINA_NINGXIA_2022,clarithromycin,1974,6,3,3,0,0,1.0,1.0,0.0,0.0,1.0
CHINA_NINGXIA_2022,clarithromycin,1975,6,3,3,0,0,1.0,1.0,0.0,0.0,1.0
CHINA_NINGXIA_2022,clarithromycin,1976,6,2,4,0,0,1.0,1.0,0.0,0.0,1.0
CHINA_NINGXIA_2022,clarithromycin,1977,6,2,4,0,0,1.0,1.0,0.0,0.0,1.0
CHINA_NINGXIA_2022,clarithromycin,1978,6,2,4,0,0,1.0,1.0,0.0,0.0,1.0
CHINA_NINGXIA_2022,clarithromycin,1979,6,1,5,0,0,1.0,1.0,0.0,0.0,1.0
CHINA_NINGXIA_2022,clarithromycin,1980,6,2,4,0,0,1.0,1.0,0.0,0.0,1.0
CHINA_NINGXIA_2022,clarithromycin,1981,6,2,4,0,0,1.0,1.0,0.0,0.0,1.0
CHINA_NINGXIA_2022,clarithromycin,1982,6,4,2,0,0,1.0,1.0,0.0,0.0,1.0
CHINA_NINGXIA_2022,clarithromycin,1983,6,4,2,0,0,1.0,1.0,0.0,0.0,1.0
CHINA_NINGXIA_2022,clarithromycin,1984,6,2,4,0,0,1.0,1.0,0.0,0.0,1.0
CHINA_NINGXIA_2022,clarithromycin,1985,6,0,6,0,0,,1.0,,0.0,
CHINA_NINGXIA_2022,clarithromycin,1986,6,1,5,0,0,1.0,1.0,0.0,0.0,1.0
CHINA_NINGXIA_2022,clarithromycin,1987,6,2,4,0,0,1.0,1.0,0.0,0.0,1.0
CHINA_NINGXIA_2022,clarithromycin,1988,6,3,3,0,0,1.0,1.0,0.0,0.0,1.0
CHINA_NINGXIA_2022,clarithromycin,1989,6,3,3,0,0,1.0,1.0,0.0,0.0,1.0
CHINA_NINGXIA_2022,clarithromycin,1990,6,1,5,0,0,1.0,1.0,0.0,0.0,1.0
CHINA_NINGXIA_2022,clarithromycin,1991,6,1,5,0,0,1.0,1.0,0.0,0.0,1.0
CHINA_NINGXIA_2022,clarithromycin,1992,6,2,4,0,0,1.0,1.0,0.0,0.0,1.0
CHINA_NINGXIA_2022,clarithromycin,1993,6,1,5,0,0,1.0,1.0,0.0,0.0,1.0
CHINA_NINGXIA_2022,clarithromycin,1994,6,1,5,0,0,1.0,1.0,0.0,0.0,1.0
CHINA_NINGXIA_2022,clarithromycin,1995,6,3,3,0,0,1.0,1.0,0.0,0.0,1.0
CHINA_NINGXIA_2022,clarithromycin,1996,6,1,5,0,0,1.0,1.0,0.0,0.0,1.0
CHINA_NINGXIA_2022,clarithromycin,1997,6,2,4,0,0,1.0,1.0,0.0,0.0,1.0
CHINA_NINGXIA_2022,clarithromycin,1998,6,3,3,0,0,1.0,1.0,0.0,0.0,1.0
CHINA_NINGXIA_2022,clarithromycin,1999,6,3,3,0,0,1.0,1.0,0.0,0.0,1.0
CHINA_NINGXIA_2022,clarithromycin,2000,6,2,4,0,0,1.0,1.0,0.0,0.0,1.0
CHINA_NINGXIA_2022,levofloxacin,1,57,10,19,11,17,0.37037037037037035,0.6333333333333333,0.6296296296296297,0.36666666666666664,0.5018518518518518
CHINA_NINGXIA_2022,levofloxacin,2,57,10,20,8,19,0.3448275862068966,0.7142857142857143,0.6551724137931034,0.2857142857142857,0.5295566502463054
CHINA_NINGXIA_2022,levofloxacin,3,57,6,29,8,14,0.3,0.7837837837837838,0.7,0.21621621621621623,0.5418918918918919
CHINA_NINGXIA_2022,levofloxacin,4,57,11,21,13,12,0.4782608695652174,0.6176470588235294,0.5217391304347826,0.38235294117647056,0.5479539641943734
CHINA_NINGXIA_2022,levofloxacin,5,57,18,18,7,14,0.5625,0.72,0.4375,0.28,0.64125
CHINA_NINGXIA_2022,levofloxacin,6,57,10,25,8,14,0.4166666666666667,0.7575757575757576,0.5833333333333334,0.24242424242424243,0.5871212121212122
CHINA_NINGXIA_2022,levofloxacin,7,57,13,24,8,12,0.52,0.75,0.48,0.25,0.635
CHINA_NINGXIA_2022,levofloxacin,8,57,11,19,13,14,0.44,0.59375,0.56,0.40625,0.516875
CHINA_NINGXIA_2022,levofloxacin,9,57,10,19,7,21,0.3225806451612903,0.7307692307692307,0.6774193548387096,0.2692307692307692,0.5266749379652605
CHINA_NINGXIA_2022,levofloxacin,10,57,14,26,6,11,0.56,0.8125,0.44,0.1875,0.68625
CHINA_NINGXIA_2022,levofloxacin,11,57,10,26,6,15,0.4,0.8125,0.6,0.1875,0.60625
CHINA_NINGXIA_2022,levofloxacin,12,57,8,27,9,13,0.38095238095238093,0.75,0.6190476190476191,0.25,0.5654761904761905
CHINA_NINGXIA_2022,levofloxacin,13,57,13,18,8,18,0.41935483870967744,0.6923076923076923,0.5806451612903226,0.3076923076923077,0.5558312655086849
CHINA_NINGXIA_2022,levofloxacin,14,57,13,24,10,10,0.5652173913043478,0.7058823529411765,0.4347826086956521,0.29411764705882354,0.6355498721227621
CHINA_NINGXIA_2022,levofloxacin,15,57,13,22,5,17,0.43333333333333335,0.8148148148148148,0.5666666666666667,0.18518518518518517,0.624074074074074
CHINA_NINGXIA_2022,levofloxacin,16,57,10,23,6,18,0.35714285714285715,0.7931034482758621,0.6428571428571429,0.20689655172413793,0.5751231527093597
CHINA_NINGXIA_2022,levofloxacin,17,57,14,20,9,14,0.5,0.6896551724137931,0.5,0.3103448275862069,0.5948275862068966
CHINA_NINGXIA_2022,levofloxacin,18,57,14,19,8,16,0.4666666666666667,0.7037037037037037,0.5333333333333333,0.2962962962962963,0.5851851851851853
CHINA_NINGXIA_2022,levofloxacin,19,57,10,24,4,19,0.3448275862068966,0.8571428571428571,0.6551724137931034,0.14285714285714285,0.6009852216748768
CHINA_NINGXIA_2022,levofloxacin,20,57,10,20,10,17,0.37037037037037035,0.6666666666666666,0.6296296296296297,0.3333333333333333,0.5185185185185185
CHINA_NINGXIA_2022,levofloxacin,21,57,13,24,2,18,0.41935483870967744,0.9230769230769231,0.5806451612903226,0.07692307692307693,0.6712158808933003
CHINA_NINGXIA_2022,levofloxacin,22,57,10,18,11,18,0.35714285714285715,0.6206896551724138,0.6428571428571429,0.3793103448275862,0.4889162561576354
CHINA_NINGXIA_2022,levofloxacin,23,57,13,26,3,15,0.4642857142857143,0.896551724137931,0.5357142857142857,0.10344827586206896,0.6804187192118227
CHINA_NINGXIA_2022,levofloxacin,24,57,12,23,5,17,0.41379310344827586,0.8214285714285714,0.5862068965517241,0.17857142857142858,0.6176108374384236
CHINA_NINGXIA_2022,levofloxacin,25,57,14,24,9,10,0.5833333333333334,0.7272727272727273,0.4166666666666667,0.2727272727272727,0.6553030303030303
CHINA_NINGXIA_2022,levofloxacin,26,57,12,20,12,13,0.48,0.625,0.52,0.375,0.5525
CHINA_NINGXIA_2022,levofloxacin,27,57,12,27,7,11,0.5217391304347826,0.7941176470588235,0.4782608695652174,0.20588235294117646,0.657928388746803
CHINA_NINGXIA_2022,levofloxacin,28,57,9,25,8,15,0.375,0.7575757575757576,0.625,0.24242424242424243,0.5662878787878788
CHINA_NINGXIA_2022,levofloxacin,29,57,17,19,4,17,0.5,0.8260869565217391,0.5,0.17391304347826086,0.6630434782608696
CHINA_NINGXIA_2022,levofloxacin,30,57,15,21,9,12,0.5555555555555556,0.7,0.4444444444444444,0.3,0.6277777777777778
CHINA_NINGXIA_2022,levofloxacin,31,57,13,22,10,12,0.52,0.6875,0.48,0.3125,0.60375
CHINA_NINGXIA_2022,levofloxacin,32,57,7,19,9,22,0.2413793103448276,0.6785714285714286,0.7586206896551724,0.32142857142857145,0.4599753694581281
CHINA_NINGXIA_2022,levofloxacin,33,57,16,16,11,14,0.5333333333333333,0.5925925925925926,0.4666666666666667,0.4074074074074074,0.5629629629629629
CHINA_NINGXIA_2022,levofloxacin,34,57,10,24,5,18,0.35714285714285715,0.8275862068965517,0.6428571428571429,0.1724137931034483,0.5923645320197044
CHINA_NINGXIA_2022,levofloxacin,35,57,17,21,7,12,0.5862068965517241,0.75,0.4137931034482758,0.25,0.6681034482758621
CHINA_NINGXIA_2022,levofloxacin,36,57,23,22,4,8,0.7419354838709677,0.8461538461538461,0.2580645161290322,0.15384615384615385,0.7940446650124069
CHINA_NINGXIA_2022,levofloxacin,37,57,11,27,4,15,0.4230769230769231,0.8709677419354839,0.5769230769230769,0.12903225806451613,0.6470223325062034
CHINA_NINGXIA_2022,levofloxacin,38,57,11,27,6,13,0.4583333333333333,0.8181818181818182,0.5416666666666666,0.18181818181818182,0.6382575757575758
CHINA_NINGXIA_2022,levofloxacin,39,57,14,17,10,16,0.4666666666666667,0.6296296296296297,0.5333333333333333,0.37037037037037035,0.5481481481481482
CHINA_NINGXIA_2022,levofloxacin,40,57,10,29,7,11,0.47619047619047616,0.8055555555555556,0.5238095238095238,0.19444444444444445,0.6408730158730158
CHINA_NINGXIA_2022,levofloxacin,41,57,10,23,6,18,0.35714285714285715,0.7931034482758621,0.6428571428571429,0.20689655172413793,0.5751231527093597
CHINA_NINGXIA_2022,levofloxacin,42,57,12,19,10,16,0.42857142857142855,0.6551724137931034,0.5714285714285714,0.3448275862068966,0.541871921182266
CHINA_NINGXIA_2022,levofloxacin,43,57,12,23,9,13,0.48,0.71875,0.52,0.28125,0.599375
CHINA_NINGXIA_2022,levofloxacin,44,57,9,23,9,16,0.36,0.71875,0.64,0.28125,0.5393749999999999
CHINA_NINGXIA_2022,levofloxacin,45,57,10,23,7,17,0.37037037037037035,0.7666666666666667,0.6296296296296297,0.23333333333333334,0.5685185185185185
CHINA_NINGXIA_2022,levofloxacin,46,57,11,19,5,22,0.3333333333333333,0.7916666666666666,0.6666666666666666,0.20833333333333334,0.5625
CHINA_NINGXIA_2022,levofloxacin,47,57,13,23,8,13,0.5,0.7419354838709677,0.5,0.25806451612903225,0.6209677419354839
CHINA_NINGXIA_2022,levofloxacin,48,57,12,16,10,19,0.3870967741935484,0.6153846153846154,0.6129032258064516,0.38461538461538464,0.501240694789082
CHINA_NINGXIA_2022,levofloxacin,49,57,15,23,4,15,0.5,0.8518518518518519,0.5,0.14814814814814814,0.6759259259259259
CHINA_NINGXIA_2022,levofloxacin,50,57,8,27,8,14,0.36363636363636365,0.7714285714285715,0.6363636363636364,0.22857142857142856,0.5675324675324676
CHINA_NINGXIA_2022,levofloxacin,51,57,14,20,7,16,0.4666666666666667,0.7407407407407407,0.5333333333333333,0.25925925925925924,0.6037037037037036
CHINA_NINGXIA_2022,levofloxacin,52,57,9,20,10,18,0.3333333333333333,0.6666666666666666,0.6666666666666666,0.3333333333333333,0.5
CHINA_NINGXIA_2022,levofloxacin,53,57,13,22,6,16,0.4482758620689655,0.7857142857142857,0.5517241379310345,0.21428571428571427,0.6169950738916257
CHINA_NINGXIA_2022,levofloxacin,54,57,15,19,8,15,0.5,0.7037037037037037,0.5,0.2962962962962963,0.6018518518518519
CHINA_NINGXIA_2022,levofloxacin,55,57,15,18,6,18,0.45454545454545453,0.75,0.5454545454545454,0.25,0.6022727272727273
CHINA_NINGXIA_2022,levofloxacin,56,57,16,16,2,23,0.41025641025641024,0.8888888888888888,0.5897435897435898,0.1111111111111111,0.6495726495726495
CHINA_NINGXIA_2022,levofloxacin,57,57,13,23,7,14,0.48148148148148145,0.7666666666666667,0.5185185185185185,0.23333333333333334,0.6240740740740741
CHINA_NINGXIA_2022,levofloxacin,58,57,10,19,10,18,0.35714285714285715,0.6551724137931034,0.6428571428571429,0.3448275862068966,0.5061576354679803
CHINA_NINGXIA_2022,levofloxacin,59,57,12,25,5,15,0.4444444444444444,0.8333333333333334,0.5555555555555556,0.16666666666666666,0.6388888888888888
CHINA_NINGXIA_2022,levofloxacin,60,57,17,26,2,12,0.5862068965517241,0.9285714285714286,0.4137931034482758,0.07142857142857142,0.7573891625615763
CHINA_NINGXIA_2022,levofloxacin,61,57,11,22,11,13,0.4583333333333333,0.6666666666666666,0.5416666666666666,0.3333333333333333,0.5625
CHINA_NINGXIA_2022,levofloxacin,62,57,15,21,6,15,0.5,0.7777777777777778,0.5,0.2222222222222222,0.6388888888888888
CHINA_NINGXIA_2022,levofloxacin,63,57,9,21,11,16,0.36,0.65625,0.64,0.34375,0.5081249999999999
CHINA_NINGXIA_2022,levofloxacin,64,57,17,19,6,15,0.53125,0.76,0.46875,0.24,0.645625
CHINA_NINGXIA_2022,levofloxacin,65,57,7,32,6,12,0.3684210526315789,0.8421052631578947,0.631578947368421,0.15789473684210525,0.6052631578947368
CHINA_NINGXIA_2022,levofloxacin,66,57,12,19,9,17,0.41379310344827586,0.6785714285714286,0.5862068965517241,0.32142857142857145,0.5461822660098522
CHINA_NINGXIA_2022,levofloxacin,67,57,19,17,7,14,0.5757575757575758,0.7083333333333334,0.4242424242424242,0.2916666666666667,0.6420454545454546
CHINA_NINGXIA_2022,levofloxacin,68,57,13,22,5,17,0.43333333333333335,0.8148148148148148,0.5666666666666667,0.18518518518518517,0.624074074074074
CHINA_NINGXIA_2022,levofloxacin,69,57,10,22,8,17,0.37037037037037035,0.7333333333333333,0.6296296296296297,0.26666666666666666,0.5518518518518518
CHINA_NINGXIA_2022,levofloxacin,70,57,14,21,9,13,0.5185185185185185,0.7,0.4814814814814814,0.3,0.6092592592592592
CHINA_NINGXIA_2022,levofloxacin,71,57,7,28,7,15,0.3181818181818182,0.8,0.6818181818181818,0.2,0.5590909090909091
CHINA_NINGXIA_2022,levofloxacin,72,57,18,19,4,16,0.5294117647058824,0.8260869565217391,0.4705882352941176,0.17391304347826086,0.6777493606138107
CHINA_NINGXIA_2022,levofloxacin,73,57,15,21,6,15,0.5,0.7777777777777778,0.5,0.2222222222222222,0.6388888888888888
CHINA_NINGXIA_2022,levofloxacin,74,57,15,19,6,17,0.46875,0.76,0.53125,0.24,0.614375
CHINA_NINGXIA_2022,levofloxacin,75,57,10,26,3,18,0.35714285714285715,0.896551724137931,0.6428571428571429,0.10344827586206896,0.6268472906403941
CHINA_NINGXIA_2022,levofloxacin,76,57,11,22,4,20,0.3548387096774194,0.8461538461538461,0.6451612903225806,0.15384615384615385,0.6004962779156328
CHINA_NINGXIA_2022,levofloxacin,77,57,21,13,12,11,0.65625,0.52,0.34375,0.48,0.588125
CHINA_NINGXIA_2022,levofloxacin,78,57,8,26,12,11,0.42105263157894735,0.6842105263157895,0.5789473684210527,0.3157894736842105,0.5526315789473684
CHINA_NINGXIA_2022,levofloxacin,79,57,14,25,4,14,0.5,0.8620689655172413,0.5,0.13793103448275862,0.6810344827586207
CHINA_NINGXIA_2022,levofloxacin,80,57,8,22,9,18,0.3076923076923077,0.7096774193548387,0.6923076923076923,0.2903225806451613,0.5086848635235732
CHINA_NINGXIA_2022,levofloxacin,81,57,6,25,6,20,0.23076923076923078,0.8064516129032258,0.7692307692307693,0.1935483870967742,0.5186104218362283
CHINA_NINGXIA_2022,levofloxacin,82,57,12,21,4,20,0.375,0.84,0.625,0.16,0.6074999999999999
CHINA_NINGXIA_2022,levofloxacin,83,57,13,17,6,21,0.38235294117647056,0.7391304347826086,0.6176470588235294,0.2608695652173913,0.5607416879795396
CHINA_NINGXIA_2022,levofloxacin,84,57,12,24,6,15,0.4444444444444444,0.8,0.5555555555555556,0.2,0.6222222222222222
CHINA_NINGXIA_2022,levofloxacin,85,57,15,21,6,15,0.5,0.7777777777777778,0.5,0.2222222222222222,0.6388888888888888
CHINA_NINGXIA_2022,levofloxacin,86,57,9,21,12,15,0.375,0.6363636363636364,0.625,0.36363636363636365,0.5056818181818181
CHINA_NINGXIA_2022,levofloxacin,87,57,10,19,12,16,0.38461538461538464,0.6129032258064516,0.6153846153846154,0.3870967741935484,0.4987593052109181
CHINA_NINGXIA_2022,levofloxacin,88,57,13,25,6,13,0.5,0.8064516129032258,0.5,0.1935483870967742,0.6532258064516129
CHINA_NINGXIA_2022,levofloxacin,89,57,9,21,14,13,0.4090909090909091,0.6,0.5909090909090909,0.4,0.5045454545454545
CHINA_NINGXIA_2022,levofloxacin,90,57,8,28,5,16,0.3333333333333333,0.8484848484848485,0.6666666666666666,0.15151515151515152,0.5909090909090909
CHINA_NINGXIA_2022,levofloxacin,91,57,10,22,10,15,0.4,0.6875,0.6,0.3125,0.54375
CHINA_NINGXIA_2022,levofloxacin,92,57,11,25,6,15,0.4230769230769231,0.8064516129032258,0.5769230769230769,0.1935483870967742,0.6147642679900744
CHINA_NINGXIA_2022,levofloxacin,93,57,9,26,4,18,0.3333333333333333,0.8666666666666667,0.6666666666666666,0.13333333333333333,0.6
CHINA_NINGXIA_2022,levofloxacin,94,57,16,15,6,20,0.4444444444444444,0.7142857142857143,0.5555555555555556,0.2857142857142857,0.5793650793650793
CHINA_NINGXIA_2022,levofloxacin,95,57,13,22,9,13,0.5,0.7096774193548387,0.5,0.2903225806451613,0.6048387096774194
CHINA_NINGXIA_2022,levofloxacin,96,57,13,18,7,19,0.40625,0.72,0.59375,0.28,0.563125
CHINA_NINGXIA_2022,levofloxacin,97,57,16,16,4,21,0.43243243243243246,0.8,0.5675675675675675,0.2,0.6162162162162163
CHINA_NINGXIA_2022,levofloxacin,98,57,18,21,5,13,0.5806451612903226,0.8076923076923077,0.4193548387096774,0.19230769230769232,0.6941687344913152
CHINA_NINGXIA_2022,levofloxacin,99,57,14,21,10,12,0.5384615384615384,0.6774193548387096,0.4615384615384615,0.3225806451612903,0.607940446650124
CHINA_NINGXIA_2022,levofloxacin,100,57,13,20,5,19,0.40625,0.8,0.59375,0.2,0.603125
CHINA_NINGXIA_2022,levofloxacin,101,57,11,24,5,17,0.39285714285714285,0.8275862068965517,0.6071428571428571,0.1724137931034483,0.6102216748768473
CHINA_NINGXIA_2022,levofloxacin,102,57,15,20,5,17,0.46875,0.8,0.53125,0.2,0.634375
CHINA_NINGXIA_2022,levofloxacin,103,57,10,23,10,14,0.4166666666666667,0.696969696969697,0.5833333333333334,0.30303030303030304,0.5568181818181819
CHINA_NINGXIA_2022,levofloxacin,104,57,14,16,11,16,0.4666666666666667,0.5925925925925926,0.5333333333333333,0.4074074074074074,0.5296296296296297
CHINA_NINGXIA_2022,levofloxacin,105,57,8,26,5,18,0.3076923076923077,0.8387096774193549,0.6923076923076923,0.16129032258064516,0.5732009925558312
CHINA_NINGXIA_2022,levofloxacin,106,57,6,19,5,27,0.18181818181818182,0.7916666666666666,0.8181818181818182,0.20833333333333334,0.4867424242424242
CHINA_NINGXIA_2022,levofloxacin,107,57,10,16,9,22,0.3125,0.64,0.6875,0.36,0.47625
CHINA_NINGXIA_2022,levofloxacin,108,57,7,25,9,16,0.30434782608695654,0.7352941176470589,0.6956521739130435,0.2647058823529412,0.5198209718670077
CHINA_NINGXIA_2022,levofloxacin,109,57,7,21,11,18,0.28,0.65625,0.72,0.34375,0.468125
CHINA_NINGXIA_2022,levofloxacin,110,57,18,20,4,15,0.5454545454545454,0.8333333333333334,0.4545454545454545,0.16666666666666666,0.6893939393939394
CHINA_NINGXIA_2022,levofloxacin,111,57,8,19,8,22,0.26666666666666666,0.7037037037037037,0.7333333333333333,0.2962962962962963,0.4851851851851851
CHINA_NINGXIA_2022,levofloxacin,112,57,11,23,3,20,0.3548387096774194,0.8846153846153846,0.6451612903225806,0.11538461538461539,0.619727047146402
CHINA_NINGXIA_2022,levofloxacin,113,57,14,21,3,19,0.42424242424242425,0.875,0.5757575757575758,0.125,0.6496212121212122
CHINA_NINGXIA_2022,levofloxacin,114,57,11,24,7,15,0.4230769230769231,0.7741935483870968,0.5769230769230769,0.22580645161290322,0.5986352357320099
CHINA_NINGXIA_2022,levofloxacin,115,57,9,22,6,20,0.3103448275862069,0.7857142857142857,0.6896551724137931,0.21428571428571427,0.5480295566502463
CHINA_NINGXIA_2022,levofloxacin,116,57,11,24,4,18,0.3793103448275862,0.8571428571428571,0.6206896551724138,0.14285714285714285,0.6182266009852216
CHINA_NINGXIA_2022,levofloxacin,117,57,13,25,6,13,0.5,0.8064516129032258,0.5,0.1935483870967742,0.6532258064516129
CHINA_NINGXIA_2022,levofloxacin,118,57,14,19,4,20,0.4117647058823529,0.8260869565217391,0.5882352941176471,0.17391304347826086,0.618925831202046
CHINA_NINGXIA_2022,levofloxacin,119,57,11,17,8,21,0.34375,0.68,0.65625,0.32,0.5118750000000001
CHINA_NINGXIA_2022,levofloxacin,120,57,12,29,4,12,0.5,0.8787878787878788,0.5,0.12121212121212122,0.6893939393939394
CHINA_NINGXIA_2022,levofloxacin,121,57,10,24,10,13,0.43478260869565216,0.7058823529411765,0.5652173913043478,0.29411764705882354,0.5703324808184144
CHINA_NINGXIA_2022,levofloxacin,122,57,14,21,8,14,0.5,0.7241379310344828,0.5,0.27586206896551724,0.6120689655172413
CHINA_NINGXIA_2022,levofloxacin,123,57,13,18,7,19,0.40625,0.72,0.59375,0.28,0.563125
CHINA_NINGXIA_2022,levofloxacin,124,57,17,20,12,8,0.68,0.625,0.32,0.375,0.6525000000000001
CHINA_NINGXIA_2022,levofloxacin,125,57,9,28,7,13,0.4090909090909091,0.8,0.5909090909090909,0.2,0.6045454545454546
CHINA_NINGXIA_2022,levofloxacin,126,57,12,25,6,14,0.46153846153846156,0.8064516129032258,0.5384615384615384,0.1935483870967742,0.6339950372208436
CHINA_NINGXIA_2022,levofloxacin,127,57,11,29,4,13,0.4583333333333333,0.8787878787878788,0.5416666666666666,0.12121212121212122,0.6685606060606061
CHINA_NINGXIA_2022,levofloxacin,128,57,15,19,7,16,0.4838709677419355,0.7307692307692307,0.5161290322580645,0.2692307692307692,0.6073200992555832
CHINA_NINGXIA_2022,levofloxacin,129,57,12,23,4,18,0.4,0.8518518518518519,0.6,0.14814814814814814,0.625925925925926
CHINA_NINGXIA_2022,levofloxacin,130,57,15,14,10,18,0.45454545454545453,0.5833333333333334,0.5454545454545454,0.4166666666666667,0.5189393939393939
CHINA_NINGXIA_2022,levofloxacin,131,57,8,25,10,14,0.36363636363636365,0.7142857142857143,0.6363636363636364,0.2857142857142857,0.538961038961039
CHINA_NINGXIA_2022,levofloxacin,132,57,14,22,6,15,0.4827586206896552,0.7857142857142857,0.5172413793103449,0.21428571428571427,0.6342364532019704
CHINA_NINGXIA_2022,levofloxacin,133,57,6,24,6,21,0.2222222222222222,0.8,0.7777777777777778,0.2,0.5111111111111111
CHINA_NINGXIA_2022,levofloxacin,134,57,14,23,8,12,0.5384615384615384,0.7419354838709677,0.4615384615384615,0.25806451612903225,0.6401985111662531
CHINA_NINGXIA_2022,levofloxacin,135,57,7,29,8,13,0.35,0.7837837837837838,0.65,0.21621621621621623,0.5668918918918919
CHINA_NINGXIA_2022,levofloxacin,136,57,15,20,6,16,0.4838709677419355,0.7692307692307693,0.5161290322580645,0.23076923076923078,0.6265508684863523
CHINA_NINGXIA_2022,levofloxacin,137,57,12,25,7,13,0.48,0.78125,0.52,0.21875,0.630625
CHINA_NINGXIA_2022,levofloxacin,138,57,13,15,11,18,0.41935483870967744,0.5769230769230769,0.5806451612903226,0.4230769230769231,0.4981389578163772
CHINA_NINGXIA_2022,levofloxacin,139,57,12,23,11,11,0.5217391304347826,0.6764705882352942,0.4782608695652174,0.3235294117647059,0.5991048593350383
CHINA_NINGXIA_2022,levofloxacin,140,57,13,19,2,23,0.3611111111111111,0.9047619047619048,0.6388888888888888,0.09523809523809523,0.6329365079365079
CHINA_NINGXIA_2022,levofloxacin,141,57,8,25,9,15,0.34782608695652173,0.7352941176470589,0.6521739130434783,0.2647058823529412,0.5415601023017903
CHINA_NINGXIA_2022,levofloxacin,142,57,11,25,7,14,0.44,0.78125,0.56,0.21875,0.610625
CHINA_NINGXIA_2022,levofloxacin,143,57,17,16,2,22,0.4358974358974359,0.8888888888888888,0.5641025641025641,0.1111111111111111,0.6623931623931624
CHINA_NINGXIA_2022,levofloxacin,144,57,12,21,7,17,0.41379310344827586,0.75,0.5862068965517241,0.25,0.5818965517241379
CHINA_NINGXIA_2022,levofloxacin,145,57,10,24,5,18,0.35714285714285715,0.8275862068965517,0.6428571428571429,0.1724137931034483,0.5923645320197044
CHINA_NINGXIA_2022,levofloxacin,146,57,8,22,6,21,0.27586206896551724,0.7857142857142857,0.7241379310344828,0.21428571428571427,0.5307881773399015
CHINA_NINGXIA_2022,levofloxacin,147,57,11,23,5,18,0.3793103448275862,0.8214285714285714,0.6206896551724138,0.17857142857142858,0.6003694581280787
CHINA_NINGXIA_2022,levofloxacin,148,57,11,19,15,12,0.4782608695652174,0.5588235294117647,0.5217391304347826,0.4411764705882353,0.5185421994884911
CHINA_NINGXIA_2022,levofloxacin,149,57,15,22,9,11,0.5769230769230769,0.7096774193548387,0.4230769230769231,0.2903225806451613,0.6433002481389578
CHINA_NINGXIA_2022,levofloxacin,150,57,9,23,13,12,0.42857142857142855,0.6388888888888888,0.5714285714285714,0.3611111111111111,0.5337301587301587
CHINA_NINGXIA_2022,levofloxacin,151,57,10,25,2,20,0.3333333333333333,0.9259259259259259,0.6666666666666666,0.07407407407407407,0.6296296296296297
CHINA_NINGXIA_2022,levofloxacin,152,57,18,17,6,16,0.5294117647058824,0.7391304347826086,0.4705882352941176,0.2608695652173913,0.6342710997442456
CHINA_NINGXIA_2022,levofloxacin,153,57,15,16,15,11,0.5769230769230769,0.5161290322580645,0.4230769230769231,0.4838709677419355,0.5465260545905707
CHINA_NINGXIA_2022,levofloxacin,154,57,13,20,4,20,0.3939393939393939,0.8333333333333334,0.6060606060606061,0.16666666666666666,0.6136363636363636
CHINA_NINGXIA_2022,levofloxacin,155,57,14,24,4,15,0.4827586206896552,0.8571428571428571,0.5172413793103449,0.14285714285714285,0.6699507389162561
CHINA_NINGXIA_2022,levofloxacin,156,57,9,27,7,14,0.391304347826087,0.7941176470588235,0.6086956521739131,0.20588235294117646,0.5927109974424553
CHINA_NINGXIA_2022,levofloxacin,157,57,13,18,10,16,0.4482758620689655,0.6428571428571429,0.5517241379310345,0.35714285714285715,0.5455665024630543
CHINA_NINGXIA_2022,levofloxacin,158,57,11,22,8,16,0.4074074074074074,0.7333333333333333,0.5925925925925926,0.26666666666666666,0.5703703703703703
CHINA_NINGXIA_2022,levofloxacin,159,57,12,20,2,23,0.34285714285714286,0.9090909090909091,0.6571428571428571,0.09090909090909091,0.625974025974026
CHINA_NINGXIA_2022,levofloxacin,160,57,15,21,4,17,0.46875,0.84,0.53125,0.16,0.6543749999999999
CHINA_NINGXIA_2022,levofloxacin,161,57,10,24,8,15,0.4,0.75,0.6,0.25,0.575
CHINA_NINGXIA_2022,levofloxacin,162,57,16,18,4,19,0.45714285714285713,0.8181818181818182,0.5428571428571428,0.18181818181818182,0.6376623376623377
CHINA_NINGXIA_2022,levofloxacin,163,57,11,21,5,20,0.3548387096774194,0.8076923076923077,0.6451612903225806,0.19230769230769232,0.5812655086848635
CHINA_NINGXIA_2022,levofloxacin,164,57,10,26,6,15,0.4,0.8125,0.6,0.1875,0.60625
CHINA_NINGXIA_2022,levofloxacin,165,57,15,18,6,18,0.45454545454545453,0.75,0.5454545454545454,0.25,0.6022727272727273
CHINA_NINGXIA_2022,levofloxacin,166,57,11,30,5,11,0.5,0.8571428571428571,0.5,0.14285714285714285,0.6785714285714286
CHINA_NINGXIA_2022,levofloxacin,167,57,11,22,7,17,0.39285714285714285,0.7586206896551724,0.6071428571428571,0.2413793103448276,0.5757389162561576
CHINA_NINGXIA_2022,levofloxacin,168,57,5,31,8,13,0.2777777777777778,0.7948717948717948,0.7222222222222222,0.20512820512820512,0.5363247863247863
CHINA_NINGXIA_2022,levofloxacin,169,57,12,23,8,14,0.46153846153846156,0.7419354838709677,0.5384615384615384,0.25806451612903225,0.6017369727047146
CHINA_NINGXIA_2022,levofloxacin,170,57,12,21,4,20,0.375,0.84,0.625,0.16,0.6074999999999999
CHINA_NINGXIA_2022,levofloxacin,171,57,17,21,10,9,0.6538461538461539,0.6774193548387096,0.3461538461538461,0.3225806451612903,0.6656327543424317
CHINA_NINGXIA_2022,levofloxacin,172,57,13,20,8,16,0.4482758620689655,0.7142857142857143,0.5517241379310345,0.2857142857142857,0.5812807881773399
CHINA_NINGXIA_2022,levofloxacin,173,57,10,22,7,18,0.35714285714285715,0.7586206896551724,0.6428571428571429,0.2413793103448276,0.5578817733990148
CHINA_NINGXIA_2022,levofloxacin,174,57,11,22,4,20,0.3548387096774194,0.8461538461538461,0.6451612903225806,0.15384615384615385,0.6004962779156328
CHINA_NINGXIA_2022,levofloxacin,175,57,8,20,12,17,0.32,0.625,0.68,0.375,0.4725
CHINA_NINGXIA_2022,levofloxacin,176,57,10,25,7,15,0.4,0.78125,0.6,0.21875,0.590625
CHINA_NINGXIA_2022,levofloxacin,177,57,11,20,5,21,0.34375,0.8,0.65625,0.2,0.571875
CHINA_NINGXIA_2022,levofloxacin,178,57,14,24,5,14,0.5,0.8275862068965517,0.5,0.1724137931034483,0.6637931034482758
CHINA_NINGXIA_2022,levofloxacin,179,57,12,20,7,18,0.4,0.7407407407407407,0.6,0.25925925925925924,0.5703703703703704
CHINA_NINGXIA_2022,levofloxacin,180,57,14,20,5,18,0.4375,0.8,0.5625,0.2,0.61875
CHINA_NINGXIA_2022,levofloxacin,181,57,13,18,6,20,0.3939393939393939,0.75,0.6060606060606061,0.25,0.571969696969697
CHINA_NINGXIA_2022,levofloxacin,182,57,9,26,6,16,0.36,0.8125,0.64,0.1875,0.5862499999999999
CHINA_NINGXIA_2022,levofloxacin,183,57,18,18,10,11,0.6206896551724138,0.6428571428571429,0.3793103448275862,0.35714285714285715,0.6317733990147784
CHINA_NINGXIA_2022,levofloxacin,184,57,12,20,4,21,0.36363636363636365,0.8333333333333334,0.6363636363636364,0.16666666666666666,0.5984848484848485
CHINA_NINGXIA_2022,levofloxacin,185,57,11,21,9,16,0.4074074074074074,0.7,0.5925925925925926,0.3,0.5537037037037037
CHINA_NINGXIA_2022,levofloxacin,186,57,14,26,6,11,0.56,0.8125,0.44,0.1875,0.68625
CHINA_NINGXIA_2022,levofloxacin,187,57,11,25,10,11,0.5,0.7142857142857143,0.5,0.2857142857142857,0.6071428571428572
CHINA_NINGXIA_2022,levofloxacin,188,57,10,33,2,12,0.45454545454545453,0.9428571428571428,0.5454545454545454,0.05714285714285714,0.6987012987012987
CHINA_NINGXIA_2022,levofloxacin,189,57,10,25,7,15,0.4,0.78125,0.6,0.21875,0.590625
CHINA_NINGXIA_2022,levofloxacin,190,57,13,25,8,11,0.5416666666666666,0.7575757575757576,0.4583333333333333,0.24242424242424243,0.6496212121212122
CHINA_NINGXIA_2022,levofloxacin,191,57,14,24,2,17,0.45161290322580644,0.9230769230769231,0.5483870967741935,0.07692307692307693,0.6873449131513648
CHINA_NINGXIA_2022,levofloxacin,192,57,7,18,9,23,0.23333333333333334,0.6666666666666666,0.7666666666666667,0.3333333333333333,0.4499999999999999
CHINA_NINGXIA_2022,levofloxacin,193,57,15,25,6,11,0.5769230769230769,0.8064516129032258,0.4230769230769231,0.1935483870967742,0.6916873449131513
CHINA_NINGXIA_2022,levofloxacin,194,57,10,20,4,23,0.30303030303030304,0.8333333333333334,0.696969696969697,0.16666666666666666,0.5681818181818182
CHINA_NINGXIA_2022,levofloxacin,195,57,15,19,9,14,0.5172413793103449,0.6785714285714286,0.4827586206896552,0.32142857142857145,0.5979064039408868
CHINA_NINGXIA_2022,levofloxacin,196,57,13,22,7,15,0.4642857142857143,0.7586206896551724,0.5357142857142857,0.2413793103448276,0.6114532019704433
CHINA_NINGXIA_2022,levofloxacin,197,57,14,23,7,13,0.5185185185185185,0.7666666666666667,0.4814814814814814,0.23333333333333334,0.6425925925925926
CHINA_NINGXIA_2022,levofloxacin,198,57,12,19,3,23,0.34285714285714286,0.8636363636363636,0.6571428571428571,0.13636363636363635,0.6032467532467533
CHINA_NINGXIA_2022,levofloxacin,199,57,9,24,5,19,0.32142857142857145,0.8275862068965517,0.6785714285714286,0.1724137931034483,0.5745073891625616
CHINA_NINGXIA_2022,levofloxacin,200,57,9,34,2,12,0.42857142857142855,0.9444444444444444,0.5714285714285714,0.05555555555555555,0.6865079365079365
CHINA_NINGXIA_2022,levofloxacin,201,57,10,24,7,16,0.38461538461538464,0.7741935483870968,0.6153846153846154,0.22580645161290322,0.5794044665012407
CHINA_NINGXIA_2022,levofloxacin,202,57,13,19,10,15,0.4642857142857143,0.6551724137931034,0.5357142857142857,0.3448275862068966,0.5597290640394088
CHINA_NINGXIA_2022,levofloxacin,203,57,13,20,7,17,0.43333333333333335,0.7407407407407407,0.5666666666666667,0.25925925925925924,0.587037037037037
CHINA_NINGXIA_2022,levofloxacin,204,57,11,25,7,14,0.44,0.78125,0.56,0.21875,0.610625
CHINA_NINGXIA_2022,levofloxacin,205,57,15,22,5,15,0.5,0.8148148148148148,0.5,0.18518518518518517,0.6574074074074074
CHINA_NINGXIA_2022,levofloxacin,206,57,12,22,10,13,0.48,0.6875,0.52,0.3125,0.58375
CHINA_NINGXIA_2022,levofloxacin,207,57,12,20,9,16,0.42857142857142855,0.6896551724137931,0.5714285714285714,0.3103448275862069,0.5591133004926109
CHINA_NINGXIA_2022,levofloxacin,208,57,12,20,9,16,0.42857142857142855,0.6896551724137931,0.5714285714285714,0.3103448275862069,0.5591133004926109
CHINA_NINGXIA_2022,levofloxacin,209,57,11,25,12,9,0.55,0.6756756756756757,0.45,0.32432432432432434,0.6128378378378379
CHINA_NINGXIA_2022,levofloxacin,210,57,11,20,6,20,0.3548387096774194,0.7692307692307693,0.6451612903225806,0.23076923076923078,0.5620347394540943
CHINA_NINGXIA_2022,levofloxacin,211,57,9,23,6,19,0.32142857142857145,0.7931034482758621,0.6785714285714286,0.20689655172413793,0.5572660098522167
CHINA_NINGXIA_2022,levofloxacin,212,57,10,18,12,17,0.37037037037037035,0.6,0.6296296296296297,0.4,0.4851851851851851
CHINA_NINGXIA_2022,levofloxacin,213,57,12,18,8,19,0.3870967741935484,0.6923076923076923,0.6129032258064516,0.3076923076923077,0.5397022332506203
CHINA_NINGXIA_2022,levofloxacin,214,57,9,22,11,15,0.375,0.6666666666666666,0.625,0.3333333333333333,0.5208333333333333
CHINA_NINGXIA_2022,levofloxacin,215,57,13,19,6,19,0.40625,0.76,0.59375,0.24,0.583125
CHINA_NINGXIA_2022,levofloxacin,216,57,10,24,8,15,0.4,0.75,0.6,0.25,0.575
CHINA_NINGXIA_2022,levofloxacin,217,57,8,23,10,16,0.3333333333333333,0.696969696969697,0.6666666666666666,0.30303030303030304,0.5151515151515151
CHINA_NINGXIA_2022,levofloxacin,218,57,14,14,9,20,0.4117647058823529,0.6086956521739131,0.5882352941176471,0.391304347826087,0.510230179028133
CHINA_NINGXIA_2022,levofloxacin,219,57,12,20,10,15,0.4444444444444444,0.6666666666666666,0.5555555555555556,0.3333333333333333,0.5555555555555556
CHINA_NINGXIA_2022,levofloxacin,220,57,21,22,4,10,0.6774193548387096,0.8461538461538461,0.3225806451612903,0.15384615384615385,0.7617866004962779
CHINA_NINGXIA_2022,levofloxacin,221,57,11,25,8,13,0.4583333333333333,0.7575757575757576,0.5416666666666666,0.24242424242424243,0.6079545454545454
CHINA_NINGXIA_2022,levofloxacin,222,57,14,21,5,17,0.45161290322580644,0.8076923076923077,0.5483870967741935,0.19230769230769232,0.6296526054590571
CHINA_NINGXIA_2022,levofloxacin,223,57,11,18,12,16,0.4074074074074074,0.6,0.5925925925925926,0.4,0.5037037037037037
CHINA_NINGXIA_2022,levofloxacin,224,57,11,23,3,20,0.3548387096774194,0.8846153846153846,0.6451612903225806,0.11538461538461539,0.619727047146402
CHINA_NINGXIA_2022,levofloxacin,225,57,10,27,3,17,0.37037037037037035,0.9,0.6296296296296297,0.1,0.6351851851851852
CHINA_NINGXIA_2022,levofloxacin,226,57,12,27,3,15,0.4444444444444444,0.9,0.5555555555555556,0.1,0.6722222222222223
CHINA_NINGXIA_2022,levofloxacin,227,57,14,20,8,15,0.4827586206896552,0.7142857142857143,0.5172413793103449,0.2857142857142857,0.5985221674876847
CHINA_NINGXIA_2022,levofloxacin,228,57,14,18,6,19,0.42424242424242425,0.75,0.5757575757575758,0.25,0.5871212121212122
CHINA_NINGXIA_2022,levofloxacin,229,57,8,22,10,17,0.32,0.6875,0.68,0.3125,0.50375
CHINA_NINGXIA_2022,levofloxacin,230,57,15,17,8,17,0.46875,0.68,0.53125,0.32,0.5743750000000001
CHINA_NINGXIA_2022,levofloxacin,231,57,10,26,7,14,0.4166666666666667,0.7878787878787878,0.5833333333333334,0.21212121212121213,0.6022727272727273
CHINA_NINGXIA_2022,levofloxacin,232,57,12,22,9,14,0.46153846153846156,0.7096774193548387,0.5384615384615384,0.2903225806451613,0.5856079404466501
CHINA_NINGXIA_2022,levofloxacin,233,57,10,25,7,15,0.4,0.78125,0.6,0.21875,0.590625
CHINA_NINGXIA_2022,levofloxacin,234,57,14,21,9,13,0.5185185185185185,0.7,0.4814814814814814,0.3,0.6092592592592592
CHINA_NINGXIA_2022,levofloxacin,235,57,7,20,7,23,0.23333333333333334,0.7407407407407407,0.7666666666666667,0.25925925925925924,0.487037037037037
CHINA_NINGXIA_2022,levofloxacin,236,57,10,22,10,15,0.4,0.6875,0.6,0.3125,0.54375
CHINA_NINGXIA_2022,levofloxacin,237,57,14,24,3,16,0.4666666666666667,0.8888888888888888,0.5333333333333333,0.1111111111111111,0.6777777777777778
CHINA_NINGXIA_2022,levofloxacin,238,57,16,18,4,19,0.45714285714285713,0.8181818181818182,0.5428571428571428,0.18181818181818182,0.6376623376623377
CHINA_NINGXIA_2022,levofloxacin,239,57,9,29,6,13,0.4090909090909091,0.8285714285714286,0.5909090909090909,0.17142857142857143,0.6188311688311688
CHINA_NINGXIA_2022,levofloxacin,240,57,14,26,4,13,0.5185185185185185,0.8666666666666667,0.4814814814814814,0.13333333333333333,0.6925925925925926
CHINA_NINGXIA_2022,levofloxacin,241,57,12,15,4,26,0.3157894736842105,0.7894736842105263,0.6842105263157895,0.21052631578947367,0.5526315789473684
CHINA_NINGXIA_2022,levofloxacin,242,57,16,21,7,13,0.5517241379310345,0.75,0.4482758620689655,0.25,0.6508620689655172
CHINA_NINGXIA_2022,levofloxacin,243,57,10,23,8,16,0.38461538461538464,0.7419354838709677,0.6153846153846154,0.25806451612903225,0.5632754342431762
CHINA_NINGXIA_2022,levofloxacin,244,57,11,27,8,11,0.5,0.7714285714285715,0.5,0.22857142857142856,0.6357142857142857
CHINA_NINGXIA_2022,levofloxacin,245,57,12,20,4,21,0.36363636363636365,0.8333333333333334,0.6363636363636364,0.16666666666666666,0.5984848484848485
CHINA_NINGXIA_2022,levofloxacin,246,57,10,21,7,19,0.3448275862068966,0.75,0.6551724137931034,0.25,0.5474137931034483
CHINA_NINGXIA_2022,levofloxacin,247,57,13,20,5,19,0.40625,0.8,0.59375,0.2,0.603125
CHINA_NINGXIA_2022,levofloxacin,248,57,19,17,9,12,0.6129032258064516,0.6538461538461539,0.3870967741935484,0.34615384615384615,0.6333746898263027
CHINA_NINGXIA_2022,levofloxacin,249,57,13,19,6,19,0.40625,0.76,0.59375,0.24,0.583125
CHINA_NINGXIA_2022,levofloxacin,250,57,19,11,10,17,0.5277777777777778,0.5238095238095238,0.4722222222222222,0.47619047619047616,0.5257936507936508
CHINA_NINGXIA_2022,levofloxacin,251,57,16,12,10,19,0.45714285714285713,0.5454545454545454,0.5428571428571428,0.45454545454545453,0.5012987012987012
CHINA_NINGXIA_2022,levofloxacin,252,57,10,15,12,20,0.3333333333333333,0.5555555555555556,0.6666666666666666,0.4444444444444444,0.4444444444444444
CHINA_NINGXIA_2022,levofloxacin,253,57,7,23,10,17,0.2916666666666667,0.696969696969697,0.7083333333333334,0.30303030303030304,0.4943181818181819
CHINA_NINGXIA_2022,levofloxacin,254,57,15,17,3,22,0.40540540540540543,0.85,0.5945945945945946,0.15,0.6277027027027027
CHINA_NINGXIA_2022,levofloxacin,255,57,10,23,6,18,0.35714285714285715,0.7931034482758621,0.6428571428571429,0.20689655172413793,0.5751231527093597
CHINA_NINGXIA_2022,levofloxacin,256,57,6,26,8,17,0.2608695652173913,0.7647058823529411,0.7391304347826086,0.23529411764705882,0.5127877237851662
CHINA_NINGXIA_2022,levofloxacin,257,57,12,24,6,15,0.4444444444444444,0.8,0.5555555555555556,0.2,0.6222222222222222
CHINA_NINGXIA_2022,levofloxacin,258,57,14,20,7,16,0.4666666666666667,0.7407407407407407,0.5333333333333333,0.25925925925925924,0.6037037037037036
CHINA_NINGXIA_2022,levofloxacin,259,57,10,21,3,23,0.30303030303030304,0.875,0.696969696969697,0.125,0.5890151515151515
CHINA_NINGXIA_2022,levofloxacin,260,57,13,20,7,17,0.43333333333333335,0.7407407407407407,0.5666666666666667,0.25925925925925924,0.587037037037037
CHINA_NINGXIA_2022,levofloxacin,261,57,13,22,6,16,0.4482758620689655,0.7857142857142857,0.5517241379310345,0.21428571428571427,0.6169950738916257
CHINA_NINGXIA_2022,levofloxacin,262,57,16,26,7,8,0.6666666666666666,0.7878787878787878,0.3333333333333333,0.21212121212121213,0.7272727272727273
CHINA_NINGXIA_2022,levofloxacin,263,57,13,20,8,16,0.4482758620689655,0.7142857142857143,0.5517241379310345,0.2857142857142857,0.5812807881773399
CHINA_NINGXIA_2022,levofloxacin,264,57,10,22,4,21,0.3225806451612903,0.8461538461538461,0.6774193548387096,0.15384615384615385,0.5843672456575683
CHINA_NINGXIA_2022,levofloxacin,265,57,12,19,8,18,0.4,0.7037037037037037,0.6,0.2962962962962963,0.5518518518518518
CHINA_NINGXIA_2022,levofloxacin,266,57,12,26,6,13,0.48,0.8125,0.52,0.1875,0.64625
CHINA_NINGXIA_2022,levofloxacin,267,57,12,19,7,19,0.3870967741935484,0.7307692307692307,0.6129032258064516,0.2692307692307692,0.5589330024813896
CHINA_NINGXIA_2022,levofloxacin,268,57,12,23,7,15,0.4444444444444444,0.7666666666666667,0.5555555555555556,0.23333333333333334,0.6055555555555556
CHINA_NINGXIA_2022,levofloxacin,269,57,13,24,5,15,0.4642857142857143,0.8275862068965517,0.5357142857142857,0.1724137931034483,0.645935960591133
CHINA_NINGXIA_2022,levofloxacin,270,57,14,24,5,14,0.5,0.8275862068965517,0.5,0.1724137931034483,0.6637931034482758
CHINA_NINGXIA_2022,levofloxacin,271,57,17,27,3,10,0.6296296296296297,0.9,0.3703703703703703,0.1,0.7648148148148148
CHINA_NINGXIA_2022,levofloxacin,272,57,14,25,7,11,0.56,0.78125,0.44,0.21875,0.670625
CHINA_NINGXIA_2022,levofloxacin,273,57,17,19,6,15,0.53125,0.76,0.46875,0.24,0.645625
CHINA_NINGXIA_2022,levofloxacin,274,57,7,20,8,22,0.2413793103448276,0.7142857142857143,0.7586206896551724,0.2857142857142857,0.4778325123152709
CHINA_NINGXIA_2022,levofloxacin,275,57,13,23,12,9,0.5909090909090909,0.6571428571428571,0.4090909090909091,0.34285714285714286,0.624025974025974
CHINA_NINGXIA_2022,levofloxacin,276,57,14,21,9,13,0.5185185185185185,0.7,0.4814814814814814,0.3,0.6092592592592592
CHINA_NINGXIA_2022,levofloxacin,277,57,11,22,5,19,0.36666666666666664,0.8148148148148148,0.6333333333333333,0.18518518518518517,0.5907407407407407
CHINA_NINGXIA_2022,levofloxacin,278,57,16,15,9,17,0.48484848484848486,0.625,0.5151515151515151,0.375,0.5549242424242424
CHINA_NINGXIA_2022,levofloxacin,279,57,9,26,6,16,0.36,0.8125,0.64,0.1875,0.5862499999999999
CHINA_NINGXIA_2022,levofloxacin,280,57,11,22,8,16,0.4074074074074074,0.7333333333333333,0.5925925925925926,0.26666666666666666,0.5703703703703703
CHINA_NINGXIA_2022,levofloxacin,281,57,11,18,7,21,0.34375,0.72,0.65625,0.28,0.531875
CHINA_NINGXIA_2022,levofloxacin,282,57,12,25,5,15,0.4444444444444444,0.8333333333333334,0.5555555555555556,0.16666666666666666,0.6388888888888888
CHINA_NINGXIA_2022,levofloxacin,283,57,13,21,3,20,0.3939393939393939,0.875,0.6060606060606061,0.125,0.634469696969697
CHINA_NINGXIA_2022,levofloxacin,284,57,12,23,8,14,0.46153846153846156,0.7419354838709677,0.5384615384615384,0.25806451612903225,0.6017369727047146
CHINA_NINGXIA_2022,levofloxacin,285,57,13,23,6,15,0.4642857142857143,0.7931034482758621,0.5357142857142857,0.20689655172413793,0.6286945812807883
CHINA_NINGXIA_2022,levofloxacin,286,57,10,21,7,19,0.3448275862068966,0.75,0.6551724137931034,0.25,0.5474137931034483
CHINA_NINGXIA_2022,levofloxacin,287,57,8,25,9,15,0.34782608695652173,0.7352941176470589,0.6521739130434783,0.2647058823529412,0.5415601023017903
CHINA_NINGXIA_2022,levofloxacin,288,57,14,20,5,18,0.4375,0.8,0.5625,0.2,0.61875
CHINA_NINGXIA_2022,levofloxacin,289,57,14,25,4,14,0.5,0.8620689655172413,0.5,0.13793103448275862,0.6810344827586207
CHINA_NINGXIA_2022,levofloxacin,290,57,16,19,5,17,0.48484848484848486,0.7916666666666666,0.5151515151515151,0.20833333333333334,0.6382575757575757
CHINA_NINGXIA_2022,levofloxacin,291,57,13,15,9,20,0.3939393939393939,0.625,0.6060606060606061,0.375,0.509469696969697
CHINA_NINGXIA_2022,levofloxacin,292,57,11,25,8,13,0.4583333333333333,0.7575757575757576,0.5416666666666666,0.24242424242424243,0.6079545454545454
CHINA_NINGXIA_2022,levofloxacin,293,57,19,18,6,14,0.5757575757575758,0.75,0.4242424242424242,0.25,0.6628787878787878
CHINA_NINGXIA_2022,levofloxacin,294,57,6,20,9,22,0.21428571428571427,0.6896551724137931,0.7857142857142857,0.3103448275862069,0.4519704433497537
CHINA_NINGXIA_2022,levofloxacin,295,57,17,16,5,19,0.4722222222222222,0.7619047619047619,0.5277777777777778,0.23809523809523808,0.6170634920634921
CHINA_NINGXIA_2022,levofloxacin,296,57,11,25,5,16,0.4074074074074074,0.8333333333333334,0.5925925925925926,0.16666666666666666,0.6203703703703703
CHINA_NINGXIA_2022,levofloxacin,297,57,14,16,8,19,0.42424242424242425,0.6666666666666666,0.5757575757575758,0.3333333333333333,0.5454545454545454
CHINA_NINGXIA_2022,levofloxacin,298,57,14,21,8,14,0.5,0.7241379310344828,0.5,0.27586206896551724,0.6120689655172413
CHINA_NINGXIA_2022,levofloxacin,299,57,11,23,8,15,0.4230769230769231,0.7419354838709677,0.5769230769230769,0.25806451612903225,0.5825062034739454
CHINA_NINGXIA_2022,levofloxacin,300,57,10,19,13,15,0.4,0.59375,0.6,0.40625,0.496875
CHINA_NINGXIA_2022,levofloxacin,301,57,8,28,3,18,0.3076923076923077,0.9032258064516129,0.6923076923076923,0.0967741935483871,0.6054590570719602
CHINA_NINGXIA_2022,levofloxacin,302,57,15,20,4,18,0.45454545454545453,0.8333333333333334,0.5454545454545454,0.16666666666666666,0.6439393939393939
CHINA_NINGXIA_2022,levofloxacin,303,57,12,22,8,15,0.4444444444444444,0.7333333333333333,0.5555555555555556,0.26666666666666666,0.5888888888888888
CHINA_NINGXIA_2022,levofloxacin,304,57,16,17,6,18,0.47058823529411764,0.7391304347826086,0.5294117647058824,0.2608695652173913,0.6048593350383631
CHINA_NINGXIA_2022,levofloxacin,305,57,12,19,6,20,0.375,0.76,0.625,0.24,0.5675
CHINA_NINGXIA_2022,levofloxacin,306,57,12,28,4,13,0.48,0.875,0.52,0.125,0.6775
CHINA_NINGXIA_2022,levofloxacin,307,57,13,16,5,23,0.3611111111111111,0.7619047619047619,0.6388888888888888,0.23809523809523808,0.5615079365079365
CHINA_NINGXIA_2022,levofloxacin,308,57,12,29,6,10,0.5454545454545454,0.8285714285714286,0.4545454545454545,0.17142857142857143,0.6870129870129871
CHINA_NINGXIA_2022,levofloxacin,309,57,12,25,4,16,0.42857142857142855,0.8620689655172413,0.5714285714285714,0.13793103448275862,0.645320197044335
CHINA_NINGXIA_2022,levofloxacin,310,57,14,18,11,14,0.5,0.6206896551724138,0.5,0.3793103448275862,0.5603448275862069
CHINA_NINGXIA_2022,levofloxacin,311,57,16,27,1,13,0.5517241379310345,0.9642857142857143,0.4482758620689655,0.03571428571428571,0.7580049261083743
CHINA_NINGXIA_2022,levofloxacin,312,57,11,29,4,13,0.4583333333333333,0.8787878787878788,0.5416666666666666,0.12121212121212122,0.6685606060606061
CHINA_NINGXIA_2022,levofloxacin,313,57,15,19,9,14,0.5172413793103449,0.6785714285714286,0.4827586206896552,0.32142857142857145,0.5979064039408868
CHINA_NINGXIA_2022,levofloxacin,314,57,13,17,7,20,0.3939393939393939,0.7083333333333334,0.6060606060606061,0.2916666666666667,0.5511363636363636
CHINA_NINGXIA_2022,levofloxacin,315,57,12,22,5,18,0.4,0.8148148148148148,0.6,0.18518518518518517,0.6074074074074074
CHINA_NINGXIA_2022,levofloxacin,316,57,12,16,12,17,0.41379310344827586,0.5714285714285714,0.5862068965517241,0.42857142857142855,0.4926108374384236
CHINA_NINGXIA_2022,levofloxacin,317,57,12,18,8,19,0.3870967741935484,0.6923076923076923,0.6129032258064516,0.3076923076923077,0.5397022332506203
CHINA_NINGXIA_2022,levofloxacin,318,57,13,22,9,13,0.5,0.7096774193548387,0.5,0.2903225806451613,0.6048387096774194
CHINA_NINGXIA_2022,levofloxacin,319,57,8,25,9,15,0.34782608695652173,0.7352941176470589,0.6521739130434783,0.2647058823529412,0.5415601023017903
CHINA_NINGXIA_2022,levofloxacin,320,57,8,22,10,17,0.32,0.6875,0.68,0.3125,0.50375
CHINA_NINGXIA_2022,levofloxacin,321,57,12,18,9,18,0.4,0.6666666666666666,0.6,0.3333333333333333,0.5333333333333333
CHINA_NINGXIA_2022,levofloxacin,322,57,14,22,4,17,0.45161290322580644,0.8461538461538461,0.5483870967741935,0.15384615384615385,0.6488833746898263
CHINA_NINGXIA_2022,levofloxacin,323,57,9,25,8,15,0.375,0.7575757575757576,0.625,0.24242424242424243,0.5662878787878788
CHINA_NINGXIA_2022,levofloxacin,324,57,10,22,8,17,0.37037037037037035,0.7333333333333333,0.6296296296296297,0.26666666666666666,0.5518518518518518
CHINA_NINGXIA_2022,levofloxacin,325,57,11,21,5,20,0.3548387096774194,0.8076923076923077,0.6451612903225806,0.19230769230769232,0.5812655086848635
CHINA_NINGXIA_2022,levofloxacin,326,57,8,23,9,17,0.32,0.71875,0.68,0.28125,0.519375
CHINA_NINGXIA_2022,levofloxacin,327,57,12,25,5,15,0.4444444444444444,0.8333333333333334,0.5555555555555556,0.16666666666666666,0.6388888888888888
CHINA_NINGXIA_2022,levofloxacin,328,57,12,23,3,19,0.3870967741935484,0.8846153846153846,0.6129032258064516,0.11538461538461539,0.6358560794044665
CHINA_NINGXIA_2022,levofloxacin,329,57,14,22,8,13,0.5185185185185185,0.7333333333333333,0.4814814814814814,0.26666666666666666,0.6259259259259259
CHINA_NINGXIA_2022,levofloxacin,330,57,9,22,4,22,0.2903225806451613,0.8461538461538461,0.7096774193548387,0.15384615384615385,0.5682382133995038
CHINA_NINGXIA_2022,levofloxacin,331,57,9,28,8,12,0.42857142857142855,0.7777777777777778,0.5714285714285714,0.2222222222222222,0.6031746031746031
CHINA_NINGXIA_2022,levofloxacin,332,57,10,22,9,16,0.38461538461538464,0.7096774193548387,0.6153846153846154,0.2903225806451613,0.5471464019851117
CHINA_NINGXIA_2022,levofloxacin,333,57,14,16,11,16,0.4666666666666667,0.5925925925925926,0.5333333333333333,0.4074074074074074,0.5296296296296297
CHINA_NINGXIA_2022,levofloxacin,334,57,13,18,11,15,0.4642857142857143,0.6206896551724138,0.5357142857142857,0.3793103448275862,0.5424876847290641
CHINA_NINGXIA_2022,levofloxacin,335,57,11,25,5,16,0.4074074074074074,0.8333333333333334,0.5925925925925926,0.16666666666666666,0.6203703703703703
CHINA_NINGXIA_2022,levofloxacin,336,57,15,20,7,15,0.5,0.7407407407407407,0.5,0.25925925925925924,0.6203703703703703
CHINA_NINGXIA_2022,levofloxacin,337,57,9,16,11,21,0.3,0.5925925925925926,0.7,0.4074074074074074,0.4462962962962963
CHINA_NINGXIA_2022,levofloxacin,338,57,11,29,3,14,0.44,0.90625,0.56,0.09375,0.673125
CHINA_NINGXIA_2022,levofloxacin,339,57,16,27,2,12,0.5714285714285714,0.9310344827586207,0.4285714285714285,0.06896551724137931,0.7512315270935961
CHINA_NINGXIA_2022,levofloxacin,340,57,10,20,9,18,0.35714285714285715,0.6896551724137931,0.6428571428571429,0.3103448275862069,0.5233990147783252
CHINA_NINGXIA_2022,levofloxacin,341,57,10,20,8,19,0.3448275862068966,0.7142857142857143,0.6551724137931034,0.2857142857142857,0.5295566502463054
CHINA_NINGXIA_2022,levofloxacin,342,57,8,24,10,15,0.34782608695652173,0.7058823529411765,0.6521739130434783,0.29411764705882354,0.5268542199488491
CHINA_NINGXIA_2022,levofloxacin,343,57,16,20,7,14,0.5333333333333333,0.7407407407407407,0.4666666666666667,0.25925925925925924,0.6370370370370371
CHINA_NINGXIA_2022,levofloxacin,344,57,11,19,3,24,0.3142857142857143,0.8636363636363636,0.6857142857142857,0.13636363636363635,0.5889610389610389
CHINA_NINGXIA_2022,levofloxacin,345,57,12,18,10,17,0.41379310344827586,0.6428571428571429,0.5862068965517241,0.35714285714285715,0.5283251231527094
CHINA_NINGXIA_2022,levofloxacin,346,57,16,16,6,19,0.45714285714285713,0.7272727272727273,0.5428571428571428,0.2727272727272727,0.5922077922077922
CHINA_NINGXIA_2022,levofloxacin,347,57,16,24,5,12,0.5714285714285714,0.8275862068965517,0.4285714285714285,0.1724137931034483,0.6995073891625616
CHINA_NINGXIA_2022,levofloxacin,348,57,15,22,7,13,0.5357142857142857,0.7586206896551724,0.4642857142857143,0.2413793103448276,0.6471674876847291
CHINA_NINGXIA_2022,levofloxacin,349,57,7,22,8,20,0.25925925925925924,0.7333333333333333,0.7407407407407407,0.26666666666666666,0.4962962962962962
CHINA_NINGXIA_2022,levofloxacin,350,57,12,26,6,13,0.48,0.8125,0.52,0.1875,0.64625
CHINA_NINGXIA_2022,levofloxacin,351,57,19,20,3,15,0.5588235294117647,0.8695652173913043,0.4411764705882353,0.13043478260869565,0.7141943734015346
CHINA_NINGXIA_2022,levofloxacin,352,57,11,25,7,14,0.44,0.78125,0.56,0.21875,0.610625
CHINA_NINGXIA_2022,levofloxacin,353,57,11,24,7,15,0.4230769230769231,0.7741935483870968,0.5769230769230769,0.22580645161290322,0.5986352357320099
CHINA_NINGXIA_2022,levofloxacin,354,57,18,20,4,15,0.5454545454545454,0.8333333333333334,0.4545454545454545,0.16666666666666666,0.6893939393939394
CHINA_NINGXIA_2022,levofloxacin,355,57,16,15,9,17,0.48484848484848486,0.625,0.5151515151515151,0.375,0.5549242424242424
CHINA_NINGXIA_2022,levofloxacin,356,57,12,20,9,16,0.42857142857142855,0.6896551724137931,0.5714285714285714,0.3103448275862069,0.5591133004926109
CHINA_NINGXIA_2022,levofloxacin,357,57,9,26,7,15,0.375,0.7878787878787878,0.625,0.21212121212121213,0.5814393939393939
CHINA_NINGXIA_2022,levofloxacin,358,57,14,22,10,11,0.56,0.6875,0.44,0.3125,0.62375
CHINA_NINGXIA_2022,levofloxacin,359,57,17,25,4,11,0.6071428571428571,0.8620689655172413,0.3928571428571428,0.13793103448275862,0.7346059113300492
CHINA_NINGXIA_2022,levofloxacin,360,57,14,17,8,18,0.4375,0.68,0.5625,0.32,0.5587500000000001
CHINA_NINGXIA_2022,levofloxacin,361,57,12,19,6,20,0.375,0.76,0.625,0.24,0.5675
CHINA_NINGXIA_2022,levofloxacin,362,57,18,23,2,14,0.5625,0.92,0.4375,0.08,0.74125
CHINA_NINGXIA_2022,levofloxacin,363,57,10,25,9,13,0.43478260869565216,0.7352941176470589,0.5652173913043478,0.2647058823529412,0.5850383631713555
CHINA_NINGXIA_2022,levofloxacin,364,57,9,25,9,14,0.391304347826087,0.7352941176470589,0.6086956521739131,0.2647058823529412,0.5632992327365729
CHINA_NINGXIA_2022,levofloxacin,365,57,15,20,7,15,0.5,0.7407407407407407,0.5,0.25925925925925924,0.6203703703703703
CHINA_NINGXIA_2022,levofloxacin,366,57,15,20,9,13,0.5357142857142857,0.6896551724137931,0.4642857142857143,0.3103448275862069,0.6126847290640394
CHINA_NINGXIA_2022,levofloxacin,367,57,9,20,8,20,0.3103448275862069,0.7142857142857143,0.6896551724137931,0.2857142857142857,0.5123152709359606
CHINA_NINGXIA_2022,levofloxacin,368,57,16,16,8,17,0.48484848484848486,0.6666666666666666,0.5151515151515151,0.3333333333333333,0.5757575757575757
CHINA_NINGXIA_2022,levofloxacin,369,57,13,22,5,17,0.43333333333333335,0.8148148148148148,0.5666666666666667,0.18518518518518517,0.624074074074074
CHINA_NINGXIA_2022,levofloxacin,370,57,10,18,8,21,0.3225806451612903,0.6923076923076923,0.6774193548387096,0.3076923076923077,0.5074441687344913
CHINA_NINGXIA_2022,levofloxacin,371,57,8,27,8,14,0.36363636363636365,0.7714285714285715,0.6363636363636364,0.22857142857142856,0.5675324675324676
CHINA_NINGXIA_2022,levofloxacin,372,57,13,19,13,12,0.52,0.59375,0.48,0.40625,0.556875
CHINA_NINGXIA_2022,levofloxacin,373,57,15,25,5,12,0.5555555555555556,0.8333333333333334,0.4444444444444444,0.16666666666666666,0.6944444444444444
CHINA_NINGXIA_2022,levofloxacin,374,57,14,20,6,17,0.45161290322580644,0.7692307692307693,0.5483870967741935,0.23076923076923078,0.6104218362282878
CHINA_NINGXIA_2022,levofloxacin,375,57,12,29,1,15,0.4444444444444444,0.9666666666666667,0.5555555555555556,0.03333333333333333,0.7055555555555555
CHINA_NINGXIA_2022,levofloxacin,376,57,8,22,8,19,0.2962962962962963,0.7333333333333333,0.7037037037037037,0.26666666666666666,0.5148148148148148
CHINA_NINGXIA_2022,levofloxacin,377,57,10,20,10,17,0.37037037037037035,0.6666666666666666,0.6296296296296297,0.3333333333333333,0.5185185185185185
CHINA_NINGXIA_2022,levofloxacin,378,57,7,23,7,20,0.25925925925925924,0.7666666666666667,0.7407407407407407,0.23333333333333334,0.512962962962963
CHINA_NINGXIA_2022,levofloxacin,379,57,8,27,9,13,0.38095238095238093,0.75,0.6190476190476191,0.25,0.5654761904761905
CHINA_NINGXIA_2022,levofloxacin,380,57,12,20,8,17,0.41379310344827586,0.7142857142857143,0.5862068965517241,0.2857142857142857,0.5640394088669951
CHINA_NINGXIA_2022,levofloxacin,381,57,12,19,6,20,0.375,0.76,0.625,0.24,0.5675
CHINA_NINGXIA_2022,levofloxacin,382,57,5,31,6,15,0.25,0.8378378378378378,0.75,0.16216216216216217,0.5439189189189189
CHINA_NINGXIA_2022,levofloxacin,383,57,11,21,10,15,0.4230769230769231,0.6774193548387096,0.5769230769230769,0.3225806451612903,0.5502481389578163
CHINA_NINGXIA_2022,levofloxacin,384,57,10,22,7,18,0.35714285714285715,0.7586206896551724,0.6428571428571429,0.2413793103448276,0.5578817733990148
CHINA_NINGXIA_2022,levofloxacin,385,57,5,24,8,20,0.2,0.75,0.8,0.25,0.475
CHINA_NINGXIA_2022,levofloxacin,386,57,10,19,9,19,0.3448275862068966,0.6785714285714286,0.6551724137931034,0.32142857142857145,0.5116995073891626
CHINA_NINGXIA_2022,levofloxacin,387,57,12,26,3,16,0.42857142857142855,0.896551724137931,0.5714285714285714,0.10344827586206896,0.6625615763546798
CHINA_NINGXIA_2022,levofloxacin,388,57,14,22,6,15,0.4827586206896552,0.7857142857142857,0.5172413793103449,0.21428571428571427,0.6342364532019704
CHINA_NINGXIA_2022,levofloxacin,389,57,12,20,10,15,0.4444444444444444,0.6666666666666666,0.5555555555555556,0.3333333333333333,0.5555555555555556
CHINA_NINGXIA_2022,levofloxacin,390,57,18,21,9,9,0.6666666666666666,0.7,0.3333333333333333,0.3,0.6833333333333333
CHINA_NINGXIA_2022,levofloxacin,391,57,9,25,6,17,0.34615384615384615,0.8064516129032258,0.6538461538461539,0.1935483870967742,0.5763027295285359
CHINA_NINGXIA_2022,levofloxacin,392,57,14,16,6,21,0.4,0.7272727272727273,0.6,0.2727272727272727,0.5636363636363637
CHINA_NINGXIA_2022,levofloxacin,393,57,13,22,9,13,0.5,0.7096774193548387,0.5,0.2903225806451613,0.6048387096774194
CHINA_NINGXIA_2022,levofloxacin,394,57,16,17,4,20,0.4444444444444444,0.8095238095238095,0.5555555555555556,0.19047619047619047,0.626984126984127
CHINA_NINGXIA_2022,levofloxacin,395,57,11,22,5,19,0.36666666666666664,0.8148148148148148,0.6333333333333333,0.18518518518518517,0.5907407407407407
CHINA_NINGXIA_2022,levofloxacin,396,57,10,27,3,17,0.37037037037037035,0.9,0.6296296296296297,0.1,0.6351851851851852
CHINA_NINGXIA_2022,levofloxacin,397,57,9,26,5,17,0.34615384615384615,0.8387096774193549,0.6538461538461539,0.16129032258064516,0.5924317617866005
CHINA_NINGXIA_2022,levofloxacin,398,57,8,22,16,11,0.42105263157894735,0.5789473684210527,0.5789473684210527,0.42105263157894735,0.5
CHINA_NINGXIA_2022,levofloxacin,399,57,14,22,5,16,0.4666666666666667,0.8148148148148148,0.5333333333333333,0.18518518518518517,0.6407407407407407
CHINA_NINGXIA_2022,levofloxacin,400,57,11,24,10,12,0.4782608695652174,0.7058823529411765,0.5217391304347826,0.29411764705882354,0.592071611253197
CHINA_NINGXIA_2022,levofloxacin,401,57,12,26,4,15,0.4444444444444444,0.8666666666666667,0.5555555555555556,0.13333333333333333,0.6555555555555556
CHINA_NINGXIA_2022,levofloxacin,402,57,9,23,9,16,0.36,0.71875,0.64,0.28125,0.5393749999999999
CHINA_NINGXIA_2022,levofloxacin,403,57,13,23,9,12,0.52,0.71875,0.48,0.28125,0.619375
CHINA_NINGXIA_2022,levofloxacin,404,57,10,22,9,16,0.38461538461538464,0.7096774193548387,0.6153846153846154,0.2903225806451613,0.5471464019851117
CHINA_NINGXIA_2022,levofloxacin,405,57,10,24,3,20,0.3333333333333333,0.8888888888888888,0.6666666666666666,0.1111111111111111,0.611111111111111
CHINA_NINGXIA_2022,levofloxacin,406,57,11,26,7,13,0.4583333333333333,0.7878787878787878,0.5416666666666666,0.21212121212121213,0.6231060606060606
CHINA_NINGXIA_2022,levofloxacin,407,57,9,19,12,17,0.34615384615384615,0.6129032258064516,0.6538461538461539,0.3870967741935484,0.4795285359801489
CHINA_NINGXIA_2022,levofloxacin,408,57,8,27,8,14,0.36363636363636365,0.7714285714285715,0.6363636363636364,0.22857142857142856,0.5675324675324676
CHINA_NINGXIA_2022,levofloxacin,409,57,7,24,11,15,0.3181818181818182,0.6857142857142857,0.6818181818181818,0.3142857142857143,0.5019480519480519
CHINA_NINGXIA_2022,levofloxacin,410,57,14,23,5,15,0.4827586206896552,0.8214285714285714,0.5172413793103449,0.17857142857142858,0.6520935960591133
CHINA_NINGXIA_2022,levofloxacin,411,57,12,25,6,14,0.46153846153846156,0.8064516129032258,0.5384615384615384,0.1935483870967742,0.6339950372208436
CHINA_NINGXIA_2022,levofloxacin,412,57,8,30,4,15,0.34782608695652173,0.8823529411764706,0.6521739130434783,0.11764705882352941,0.6150895140664961
CHINA_NINGXIA_2022,levofloxacin,413,57,12,21,13,11,0.5217391304347826,0.6176470588235294,0.4782608695652174,0.38235294117647056,0.5696930946291561
CHINA_NINGXIA_2022,levofloxacin,414,57,16,15,8,18,0.47058823529411764,0.6521739130434783,0.5294117647058824,0.34782608695652173,0.5613810741687979
CHINA_NINGXIA_2022,levofloxacin,415,57,5,22,11,19,0.20833333333333334,0.6666666666666666,0.7916666666666666,0.3333333333333333,0.4375
CHINA_NINGXIA_2022,levofloxacin,416,57,12,19,5,21,0.36363636363636365,0.7916666666666666,0.6363636363636364,0.20833333333333334,0.5776515151515151
CHINA_NINGXIA_2022,levofloxacin,417,57,17,17,7,16,0.5151515151515151,0.7083333333333334,0.4848484848484848,0.2916666666666667,0.6117424242424243
CHINA_NINGXIA_2022,levofloxacin,418,57,12,17,11,17,0.41379310344827586,0.6071428571428571,0.5862068965517241,0.39285714285714285,0.5104679802955665
CHINA_NINGXIA_2022,levofloxacin,419,57,13,20,7,17,0.43333333333333335,0.7407407407407407,0.5666666666666667,0.25925925925925924,0.587037037037037
CHINA_NINGXIA_2022,levofloxacin,420,57,10,22,5,20,0.3333333333333333,0.8148148148148148,0.6666666666666666,0.18518518518518517,0.5740740740740741
CHINA_NINGXIA_2022,levofloxacin,421,57,21,15,5,16,0.5675675675675675,0.75,0.4324324324324324,0.25,0.6587837837837838
CHINA_NINGXIA_2022,levofloxacin,422,57,15,19,10,13,0.5357142857142857,0.6551724137931034,0.4642857142857143,0.3448275862068966,0.5954433497536946
CHINA_NINGXIA_2022,levofloxacin,423,57,9,24,7,17,0.34615384615384615,0.7741935483870968,0.6538461538461539,0.22580645161290322,0.5601736972704714
CHINA_NINGXIA_2022,levofloxacin,424,57,11,20,9,17,0.39285714285714285,0.6896551724137931,0.6071428571428571,0.3103448275862069,0.541256157635468
CHINA_NINGXIA_2022,levofloxacin,425,57,10,25,7,15,0.4,0.78125,0.6,0.21875,0.590625
CHINA_NINGXIA_2022,levofloxacin,426,57,12,20,11,14,0.46153846153846156,0.6451612903225806,0.5384615384615384,0.3548387096774194,0.5533498759305211
CHINA_NINGXIA_2022,levofloxacin,427,57,11,20,5,21,0.34375,0.8,0.65625,0.2,0.571875
CHINA_NINGXIA_2022,levofloxacin,428,57,10,23,4,20,0.3333333333333333,0.8518518518518519,0.6666666666666666,0.14814814814814814,0.5925925925925926
CHINA_NINGXIA_2022,levofloxacin,429,57,12,21,14,10,0.5454545454545454,0.6,0.4545454545454545,0.4,0.5727272727272728
CHINA_NINGXIA_2022,levofloxacin,430,57,15,22,5,15,0.5,0.8148148148148148,0.5,0.18518518518518517,0.6574074074074074
CHINA_NINGXIA_2022,levofloxacin,431,57,16,21,3,17,0.48484848484848486,0.875,0.5151515151515151,0.125,0.6799242424242424
CHINA_NINGXIA_2022,levofloxacin,432,57,15,25,9,8,0.6521739130434783,0.7352941176470589,0.3478260869565217,0.2647058823529412,0.6937340153452686
CHINA_NINGXIA_2022,levofloxacin,433,57,14,19,7,17,0.45161290322580644,0.7307692307692307,0.5483870967741935,0.2692307692307692,0.5911910669975186
CHINA_NINGXIA_2022,levofloxacin,434,57,11,28,5,13,0.4583333333333333,0.8484848484848485,0.5416666666666666,0.15151515151515152,0.6534090909090909
CHINA_NINGXIA_2022,levofloxacin,435,57,13,23,5,16,0.4482758620689655,0.8214285714285714,0.5517241379310345,0.17857142857142858,0.6348522167487685
CHINA_NINGXIA_2022,levofloxacin,436,57,11,26,5,15,0.4230769230769231,0.8387096774193549,0.5769230769230769,0.16129032258064516,0.6308933002481389
CHINA_NINGXIA_2022,levofloxacin,437,57,8,27,8,14,0.36363636363636365,0.7714285714285715,0.6363636363636364,0.22857142857142856,0.5675324675324676
CHINA_NINGXIA_2022,levofloxacin,438,57,12,19,4,22,0.35294117647058826,0.8260869565217391,0.6470588235294118,0.17391304347826086,0.5895140664961637
CHINA_NINGXIA_2022,levofloxacin,439,57,13,21,7,16,0.4482758620689655,0.75,0.5517241379310345,0.25,0.5991379310344828
CHINA_NINGXIA_2022,levofloxacin,440,57,10,30,8,9,0.5263157894736842,0.7894736842105263,0.4736842105263157,0.21052631578947367,0.6578947368421053
CHINA_NINGXIA_2022,levofloxacin,441,57,16,19,5,17,0.48484848484848486,0.7916666666666666,0.5151515151515151,0.20833333333333334,0.6382575757575757
CHINA_NINGXIA_2022,levofloxacin,442,57,9,18,11,19,0.32142857142857145,0.6206896551724138,0.6785714285714286,0.3793103448275862,0.4710591133004926
CHINA_NINGXIA_2022,levofloxacin,443,57,15,17,3,22,0.40540540540540543,0.85,0.5945945945945946,0.15,0.6277027027027027
CHINA_NINGXIA_2022,levofloxacin,444,57,12,21,9,15,0.4444444444444444,0.7,0.5555555555555556,0.3,0.5722222222222222
CHINA_NINGXIA_2022,levofloxacin,445,57,14,16,7,20,0.4117647058823529,0.6956521739130435,0.5882352941176471,0.30434782608695654,0.5537084398976981
CHINA_NINGXIA_2022,levofloxacin,446,57,9,27,4,17,0.34615384615384615,0.8709677419354839,0.6538461538461539,0.12903225806451613,0.608560794044665
CHINA_NINGXIA_2022,levofloxacin,447,57,9,18,9,21,0.3,0.6666666666666666,0.7,0.3333333333333333,0.4833333333333333
CHINA_NINGXIA_2022,levofloxacin,448,57,8,26,6,17,0.32,0.8125,0.68,0.1875,0.56625
CHINA_NINGXIA_2022,levofloxacin,449,57,17,15,10,15,0.53125,0.6,0.46875,0.4,0.565625
CHINA_NINGXIA_2022,levofloxacin,450,57,9,21,5,22,0.2903225806451613,0.8076923076923077,0.7096774193548387,0.19230769230769232,0.5490074441687345
CHINA_NINGXIA_2022,levofloxacin,451,57,10,27,6,14,0.4166666666666667,0.8181818181818182,0.5833333333333334,0.18181818181818182,0.6174242424242424
CHINA_NINGXIA_2022,levofloxacin,452,57,13,21,6,17,0.43333333333333335,0.7777777777777778,0.5666666666666667,0.2222222222222222,0.6055555555555556
CHINA_NINGXIA_2022,levofloxacin,453,57,8,32,7,10,0.4444444444444444,0.8205128205128205,0.5555555555555556,0.1794871794871795,0.6324786324786325
CHINA_NINGXIA_2022,levofloxacin,454,57,11,23,6,17,0.39285714285714285,0.7931034482758621,0.6071428571428571,0.20689655172413793,0.5929802955665024
CHINA_NINGXIA_2022,levofloxacin,455,57,17,15,7,18,0.4857142857142857,0.6818181818181818,0.5142857142857142,0.3181818181818182,0.5837662337662337
CHINA_NINGXIA_2022,levofloxacin,456,57,15,15,6,21,0.4166666666666667,0.7142857142857143,0.5833333333333334,0.2857142857142857,0.5654761904761905
CHINA_NINGXIA_2022,levofloxacin,457,57,15,18,6,18,0.45454545454545453,0.75,0.5454545454545454,0.25,0.6022727272727273
CHINA_NINGXIA_2022,levofloxacin,458,57,6,22,3,26,0.1875,0.88,0.8125,0.12,0.53375
CHINA_NINGXIA_2022,levofloxacin,459,57,10,26,7,14,0.4166666666666667,0.7878787878787878,0.5833333333333334,0.21212121212121213,0.6022727272727273
CHINA_NINGXIA_2022,levofloxacin,460,57,15,24,6,12,0.5555555555555556,0.8,0.4444444444444444,0.2,0.6777777777777778
CHINA_NINGXIA_2022,levofloxacin,461,57,16,17,7,17,0.48484848484848486,0.7083333333333334,0.5151515151515151,0.2916666666666667,0.5965909090909092
CHINA_NINGXIA_2022,levofloxacin,462,57,13,25,6,13,0.5,0.8064516129032258,0.5,0.1935483870967742,0.6532258064516129
CHINA_NINGXIA_2022,levofloxacin,463,57,7,19,6,25,0.21875,0.76,0.78125,0.24,0.489375
CHINA_NINGXIA_2022,levofloxacin,464,57,11,27,6,13,0.4583333333333333,0.8181818181818182,0.5416666666666666,0.18181818181818182,0.6382575757575758
CHINA_NINGXIA_2022,levofloxacin,465,57,8,27,3,19,0.2962962962962963,0.9,0.7037037037037037,0.1,0.5981481481481481
CHINA_NINGXIA_2022,levofloxacin,466,57,14,21,5,17,0.45161290322580644,0.8076923076923077,0.5483870967741935,0.19230769230769232,0.6296526054590571
CHINA_NINGXIA_2022,levofloxacin,467,57,13,22,8,14,0.48148148148148145,0.7333333333333333,0.5185185185185185,0.26666666666666666,0.6074074074074074
CHINA_NINGXIA_2022,levofloxacin,468,57,15,20,5,17,0.46875,0.8,0.53125,0.2,0.634375
CHINA_NINGXIA_2022,levofloxacin,469,57,12,24,6,15,0.4444444444444444,0.8,0.5555555555555556,0.2,0.6222222222222222
CHINA_NINGXIA_2022,levofloxacin,470,57,15,18,6,18,0.45454545454545453,0.75,0.5454545454545454,0.25,0.6022727272727273
CHINA_NINGXIA_2022,levofloxacin,471,57,9,25,8,15,0.375,0.7575757575757576,0.625,0.24242424242424243,0.5662878787878788
CHINA_NINGXIA_2022,levofloxacin,472,57,15,21,8,13,0.5357142857142857,0.7241379310344828,0.4642857142857143,0.27586206896551724,0.6299261083743842
CHINA_NINGXIA_2022,levofloxacin,473,57,9,23,10,15,0.375,0.696969696969697,0.625,0.30303030303030304,0.5359848484848485
CHINA_NINGXIA_2022,levofloxacin,474,57,14,19,12,12,0.5384615384615384,0.6129032258064516,0.4615384615384615,0.3870967741935484,0.575682382133995
CHINA_NINGXIA_2022,levofloxacin,475,57,8,24,7,18,0.3076923076923077,0.7741935483870968,0.6923076923076923,0.22580645161290322,0.5409429280397022
CHINA_NINGXIA_2022,levofloxacin,476,57,18,20,5,14,0.5625,0.8,0.4375,0.2,0.68125
CHINA_NINGXIA_2022,levofloxacin,477,57,13,18,9,17,0.43333333333333335,0.6666666666666666,0.5666666666666667,0.3333333333333333,0.55
CHINA_NINGXIA_2022,levofloxacin,478,57,15,21,6,15,0.5,0.7777777777777778,0.5,0.2222222222222222,0.6388888888888888
CHINA_NINGXIA_2022,levofloxacin,479,57,13,24,4,16,0.4482758620689655,0.8571428571428571,0.5517241379310345,0.14285714285714285,0.6527093596059113
CHINA_NINGXIA_2022,levofloxacin,480,57,13,23,12,9,0.5909090909090909,0.6571428571428571,0.4090909090909091,0.34285714285714286,0.624025974025974
CHINA_NINGXIA_2022,levofloxacin,481,57,15,20,11,11,0.5769230769230769,0.6451612903225806,0.4230769230769231,0.3548387096774194,0.6110421836228288
CHINA_NINGXIA_2022,levofloxacin,482,57,9,34,3,11,0.45,0.918918918918919,0.55,0.08108108108108109,0.6844594594594595
CHINA_NINGXIA_2022,levofloxacin,483,57,13,20,7,17,0.43333333333333335,0.7407407407407407,0.5666666666666667,0.25925925925925924,0.587037037037037
CHINA_NINGXIA_2022,levofloxacin,484,57,16,17,9,15,0.5161290322580645,0.6538461538461539,0.4838709677419355,0.34615384615384615,0.5849875930521091
CHINA_NINGXIA_2022,levofloxacin,485,57,11,22,8,16,0.4074074074074074,0.7333333333333333,0.5925925925925926,0.26666666666666666,0.5703703703703703
CHINA_NINGXIA_2022,levofloxacin,486,57,11,20,7,19,0.36666666666666664,0.7407407407407407,0.6333333333333333,0.25925925925925924,0.5537037037037037
CHINA_NINGXIA_2022,levofloxacin,487,57,11,16,11,19,0.36666666666666664,0.5925925925925926,0.6333333333333333,0.4074074074074074,0.4796296296296296
CHINA_NINGXIA_2022,levofloxacin,488,57,12,20,8,17,0.41379310344827586,0.7142857142857143,0.5862068965517241,0.2857142857142857,0.5640394088669951
CHINA_NINGXIA_2022,levofloxacin,489,57,7,22,8,20,0.25925925925925924,0.7333333333333333,0.7407407407407407,0.26666666666666666,0.4962962962962962
CHINA_NINGXIA_2022,levofloxacin,490,57,9,21,9,18,0.3333333333333333,0.7,0.6666666666666666,0.3,0.5166666666666666
CHINA_NINGXIA_2022,levofloxacin,491,57,15,15,9,18,0.45454545454545453,0.625,0.5454545454545454,0.375,0.5397727272727273
CHINA_NINGXIA_2022,levofloxacin,492,57,4,25,12,16,0.2,0.6756756756756757,0.8,0.32432432432432434,0.4378378378378378
CHINA_NINGXIA_2022,levofloxacin,493,57,8,25,7,17,0.32,0.78125,0.68,0.21875,0.550625
CHINA_NINGXIA_2022,levofloxacin,494,57,11,20,9,17,0.39285714285714285,0.6896551724137931,0.6071428571428571,0.3103448275862069,0.541256157635468
CHINA_NINGXIA_2022,levofloxacin,495,57,11,19,6,21,0.34375,0.76,0.65625,0.24,0.551875
CHINA_NINGXIA_2022,levofloxacin,496,57,10,25,6,16,0.38461538461538464,0.8064516129032258,0.6153846153846154,0.1935483870967742,0.5955334987593052
CHINA_NINGXIA_2022,levofloxacin,497,57,9,24,8,16,0.36,0.75,0.64,0.25,0.5549999999999999
CHINA_NINGXIA_2022,levofloxacin,498,57,10,27,4,16,0.38461538461538464,0.8709677419354839,0.6153846153846154,0.12903225806451613,0.6277915632754343
CHINA_NINGXIA_2022,levofloxacin,499,57,11,23,5,18,0.3793103448275862,0.8214285714285714,0.6206896551724138,0.17857142857142858,0.6003694581280787
CHINA_NINGXIA_2022,levofloxacin,500,57,8,26,10,13,0.38095238095238093,0.7222222222222222,0.6190476190476191,0.2777777777777778,0.5515873015873016
CHINA_NINGXIA_2022,levofloxacin,501,57,12,20,6,19,0.3870967741935484,0.7692307692307693,0.6129032258064516,0.23076923076923078,0.5781637717121588
CHINA_NINGXIA_2022,levofloxacin,502,57,9,24,7,17,0.34615384615384615,0.7741935483870968,0.6538461538461539,0.22580645161290322,0.5601736972704714
CHINA_NINGXIA_2022,levofloxacin,503,57,11,16,8,22,0.3333333333333333,0.6666666666666666,0.6666666666666666,0.3333333333333333,0.5
CHINA_NINGXIA_2022,levofloxacin,504,57,10,22,9,16,0.38461538461538464,0.7096774193548387,0.6153846153846154,0.2903225806451613,0.5471464019851117
CHINA_NINGXIA_2022,levofloxacin,505,57,14,21,5,17,0.45161290322580644,0.8076923076923077,0.5483870967741935,0.19230769230769232,0.6296526054590571
CHINA_NINGXIA_2022,levofloxacin,506,57,10,20,6,21,0.3225806451612903,0.7692307692307693,0.6774193548387096,0.23076923076923078,0.5459057071960298
CHINA_NINGXIA_2022,levofloxacin,507,57,11,19,8,19,0.36666666666666664,0.7037037037037037,0.6333333333333333,0.2962962962962963,0.5351851851851852
CHINA_NINGXIA_2022,levofloxacin,508,57,9,22,9,17,0.34615384615384615,0.7096774193548387,0.6538461538461539,0.2903225806451613,0.5279156327543424
CHINA_NINGXIA_2022,levofloxacin,509,57,14,22,7,14,0.5,0.7586206896551724,0.5,0.2413793103448276,0.6293103448275862
CHINA_NINGXIA_2022,levofloxacin,510,57,9,24,8,16,0.36,0.75,0.64,0.25,0.5549999999999999
CHINA_NINGXIA_2022,levofloxacin,511,57,11,22,5,19,0.36666666666666664,0.8148148148148148,0.6333333333333333,0.18518518518518517,0.5907407407407407
CHINA_NINGXIA_2022,levofloxacin,512,57,10,21,7,19,0.3448275862068966,0.75,0.6551724137931034,0.25,0.5474137931034483
CHINA_NINGXIA_2022,levofloxacin,513,57,11,24,3,19,0.36666666666666664,0.8888888888888888,0.6333333333333333,0.1111111111111111,0.6277777777777778
CHINA_NINGXIA_2022,levofloxacin,514,57,14,23,4,16,0.4666666666666667,0.8518518518518519,0.5333333333333333,0.14814814814814814,0.6592592592592592
CHINA_NINGXIA_2022,levofloxacin,515,57,17,22,2,16,0.5151515151515151,0.9166666666666666,0.4848484848484848,0.08333333333333333,0.7159090909090908
CHINA_NINGXIA_2022,levofloxacin,516,57,10,19,7,21,0.3225806451612903,0.7307692307692307,0.6774193548387096,0.2692307692307692,0.5266749379652605
CHINA_NINGXIA_2022,levofloxacin,517,57,16,17,6,18,0.47058823529411764,0.7391304347826086,0.5294117647058824,0.2608695652173913,0.6048593350383631
CHINA_NINGXIA_2022,levofloxacin,518,57,21,18,4,14,0.6,0.8181818181818182,0.4,0.18181818181818182,0.7090909090909091
CHINA_NINGXIA_2022,levofloxacin,519,57,13,28,5,11,0.5416666666666666,0.8484848484848485,0.4583333333333333,0.15151515151515152,0.6950757575757576
CHINA_NINGXIA_2022,levofloxacin,520,57,11,25,5,16,0.4074074074074074,0.8333333333333334,0.5925925925925926,0.16666666666666666,0.6203703703703703
CHINA_NINGXIA_2022,levofloxacin,521,57,16,22,3,16,0.5,0.88,0.5,0.12,0.69
CHINA_NINGXIA_2022,levofloxacin,522,57,12,27,3,15,0.4444444444444444,0.9,0.5555555555555556,0.1,0.6722222222222223
CHINA_NINGXIA_2022,levofloxacin,523,57,19,19,4,15,0.5588235294117647,0.8260869565217391,0.4411764705882353,0.17391304347826086,0.6924552429667519
CHINA_NINGXIA_2022,levofloxacin,524,57,9,29,8,11,0.45,0.7837837837837838,0.55,0.21621621621621623,0.6168918918918919
CHINA_NINGXIA_2022,levofloxacin,525,57,13,19,7,18,0.41935483870967744,0.7307692307692307,0.5806451612903226,0.2692307692307692,0.575062034739454
CHINA_NINGXIA_2022,levofloxacin,526,57,15,19,4,19,0.4411764705882353,0.8260869565217391,0.5588235294117647,0.17391304347826086,0.6336317135549872
CHINA_NINGXIA_2022,levofloxacin,527,57,9,25,9,14,0.391304347826087,0.7352941176470589,0.6086956521739131,0.2647058823529412,0.5632992327365729
CHINA_NINGXIA_2022,levofloxacin,528,57,13,22,8,14,0.48148148148148145,0.7333333333333333,0.5185185185185185,0.26666666666666666,0.6074074074074074
CHINA_NINGXIA_2022,levofloxacin,529,57,13,18,6,20,0.3939393939393939,0.75,0.6060606060606061,0.25,0.571969696969697
CHINA_NINGXIA_2022,levofloxacin,530,57,15,18,9,15,0.5,0.6666666666666666,0.5,0.3333333333333333,0.5833333333333333
CHINA_NINGXIA_2022,levofloxacin,531,57,11,27,7,12,0.4782608695652174,0.7941176470588235,0.5217391304347826,0.20588235294117646,0.6361892583120204
CHINA_NINGXIA_2022,levofloxacin,532,57,11,17,5,24,0.3142857142857143,0.7727272727272727,0.6857142857142857,0.22727272727272727,0.5435064935064935
CHINA_NINGXIA_2022,levofloxacin,533,57,9,27,8,13,0.4090909090909091,0.7714285714285715,0.5909090909090909,0.22857142857142856,0.5902597402597403
CHINA_NINGXIA_2022,levofloxacin,534,57,13,24,5,15,0.4642857142857143,0.8275862068965517,0.5357142857142857,0.1724137931034483,0.645935960591133
CHINA_NINGXIA_2022,levofloxacin,535,57,12,24,5,16,0.42857142857142855,0.8275862068965517,0.5714285714285714,0.1724137931034483,0.6280788177339901
CHINA_NINGXIA_2022,levofloxacin,536,57,12,21,6,18,0.4,0.7777777777777778,0.6,0.2222222222222222,0.5888888888888889
CHINA_NINGXIA_2022,levofloxacin,537,57,16,19,7,15,0.5161290322580645,0.7307692307692307,0.4838709677419355,0.2692307692307692,0.6234491315136477
CHINA_NINGXIA_2022,levofloxacin,538,57,12,18,8,19,0.3870967741935484,0.6923076923076923,0.6129032258064516,0.3076923076923077,0.5397022332506203
CHINA_NINGXIA_2022,levofloxacin,539,57,14,24,6,13,0.5185185185185185,0.8,0.4814814814814814,0.2,0.6592592592592592
CHINA_NINGXIA_2022,levofloxacin,540,57,11,28,6,12,0.4782608695652174,0.8235294117647058,0.5217391304347826,0.17647058823529413,0.6508951406649617
CHINA_NINGXIA_2022,levofloxacin,541,57,17,27,3,10,0.6296296296296297,0.9,0.3703703703703703,0.1,0.7648148148148148
CHINA_NINGXIA_2022,levofloxacin,542,57,15,16,7,19,0.4411764705882353,0.6956521739130435,0.5588235294117647,0.30434782608695654,0.5684143222506394
CHINA_NINGXIA_2022,levofloxacin,543,57,8,19,4,26,0.23529411764705882,0.8260869565217391,0.7647058823529411,0.17391304347826086,0.530690537084399
CHINA_NINGXIA_2022,levofloxacin,544,57,15,19,8,15,0.5,0.7037037037037037,0.5,0.2962962962962963,0.6018518518518519
CHINA_NINGXIA_2022,levofloxacin,545,57,15,18,7,17,0.46875,0.72,0.53125,0.28,0.594375
CHINA_NINGXIA_2022,levofloxacin,546,57,12,22,8,15,0.4444444444444444,0.7333333333333333,0.5555555555555556,0.26666666666666666,0.5888888888888888
CHINA_NINGXIA_2022,levofloxacin,547,57,14,12,6,25,0.358974358974359,0.6666666666666666,0.6410256410256411,0.3333333333333333,0.5128205128205128
CHINA_NINGXIA_2022,levofloxacin,548,57,12,23,5,17,0.41379310344827586,0.8214285714285714,0.5862068965517241,0.17857142857142858,0.6176108374384236
CHINA_NINGXIA_2022,levofloxacin,549,57,12,28,2,15,0.4444444444444444,0.9333333333333333,0.5555555555555556,0.06666666666666667,0.6888888888888889
CHINA_NINGXIA_2022,levofloxacin,550,57,17,20,9,11,0.6071428571428571,0.6896551724137931,0.3928571428571428,0.3103448275862069,0.6483990147783252
CHINA_NINGXIA_2022,levofloxacin,551,57,18,18,8,13,0.5806451612903226,0.6923076923076923,0.4193548387096774,0.3076923076923077,0.6364764267990075
CHINA_NINGXIA_2022,levofloxacin,552,57,6,25,9,17,0.2608695652173913,0.7352941176470589,0.7391304347826086,0.2647058823529412,0.4980818414322251
CHINA_NINGXIA_2022,levofloxacin,553,57,14,22,9,12,0.5384615384615384,0.7096774193548387,0.4615384615384615,0.2903225806451613,0.6240694789081886
CHINA_NINGXIA_2022,levofloxacin,554,57,11,31,6,9,0.55,0.8378378378378378,0.45,0.16216216216216217,0.693918918918919
CHINA_NINGXIA_2022,levofloxacin,555,57,11,24,6,16,0.4074074074074074,0.8,0.5925925925925926,0.2,0.6037037037037037
CHINA_NINGXIA_2022,levofloxacin,556,57,13,22,5,17,0.43333333333333335,0.8148148148148148,0.5666666666666667,0.18518518518518517,0.624074074074074
CHINA_NINGXIA_2022,levofloxacin,557,57,11,25,4,17,0.39285714285714285,0.8620689655172413,0.6071428571428571,0.13793103448275862,0.6274630541871921
CHINA_NINGXIA_2022,levofloxacin,558,57,9,20,4,24,0.2727272727272727,0.8333333333333334,0.7272727272727273,0.16666666666666666,0.553030303030303
CHINA_NINGXIA_2022,levofloxacin,559,57,10,26,7,14,0.4166666666666667,0.7878787878787878,0.5833333333333334,0.21212121212121213,0.6022727272727273
CHINA_NINGXIA_2022,levofloxacin,560,57,17,18,10,12,0.5862068965517241,0.6428571428571429,0.4137931034482758,0.35714285714285715,0.6145320197044335
CHINA_NINGXIA_2022,levofloxacin,561,57,16,24,7,10,0.6153846153846154,0.7741935483870968,0.3846153846153846,0.22580645161290322,0.6947890818858561
CHINA_NINGXIA_2022,levofloxacin,562,57,14,18,10,15,0.4827586206896552,0.6428571428571429,0.5172413793103449,0.35714285714285715,0.562807881773399
CHINA_NINGXIA_2022,levofloxacin,563,57,15,21,3,18,0.45454545454545453,0.875,0.5454545454545454,0.125,0.6647727272727273
CHINA_NINGXIA_2022,levofloxacin,564,57,16,23,6,12,0.5714285714285714,0.7931034482758621,0.4285714285714285,0.20689655172413793,0.6822660098522167
CHINA_NINGXIA_2022,levofloxacin,565,57,16,21,5,15,0.5161290322580645,0.8076923076923077,0.4838709677419355,0.19230769230769232,0.6619106699751861
CHINA_NINGXIA_2022,levofloxacin,566,57,13,19,4,21,0.38235294117647056,0.8260869565217391,0.6176470588235294,0.17391304347826086,0.6042199488491049
CHINA_NINGXIA_2022,levofloxacin,567,57,10,20,8,19,0.3448275862068966,0.7142857142857143,0.6551724137931034,0.2857142857142857,0.5295566502463054
CHINA_NINGXIA_2022,levofloxacin,568,57,13,20,6,18,0.41935483870967744,0.7692307692307693,0.5806451612903226,0.23076923076923078,0.5942928039702233
CHINA_NINGXIA_2022,levofloxacin,569,57,1,24,10,22,0.043478260869565216,0.7058823529411765,0.9565217391304348,0.29411764705882354,0.3746803069053708
CHINA_NINGXIA_2022,levofloxacin,570,57,12,21,9,15,0.4444444444444444,0.7,0.5555555555555556,0.3,0.5722222222222222
CHINA_NINGXIA_2022,levofloxacin,571,57,13,22,7,15,0.4642857142857143,0.7586206896551724,0.5357142857142857,0.2413793103448276,0.6114532019704433
CHINA_NINGXIA_2022,levofloxacin,572,57,8,24,9,16,0.3333333333333333,0.7272727272727273,0.6666666666666666,0.2727272727272727,0.5303030303030303
CHINA_NINGXIA_2022,levofloxacin,573,57,6,26,8,17,0.2608695652173913,0.7647058823529411,0.7391304347826086,0.23529411764705882,0.5127877237851662
CHINA_NINGXIA_2022,levofloxacin,574,57,11,23,8,15,0.4230769230769231,0.7419354838709677,0.5769230769230769,0.25806451612903225,0.5825062034739454
CHINA_NINGXIA_2022,levofloxacin,575,57,13,17,9,18,0.41935483870967744,0.6538461538461539,0.5806451612903226,0.34615384615384615,0.5366004962779156
CHINA_NINGXIA_2022,levofloxacin,576,57,11,25,6,15,0.4230769230769231,0.8064516129032258,0.5769230769230769,0.1935483870967742,0.6147642679900744
CHINA_NINGXIA_2022,levofloxacin,577,57,8,16,10,23,0.25806451612903225,0.6153846153846154,0.7419354838709677,0.38461538461538464,0.4367245657568238
CHINA_NINGXIA_2022,levofloxacin,578,57,9,27,4,17,0.34615384615384615,0.8709677419354839,0.6538461538461539,0.12903225806451613,0.608560794044665
CHINA_NINGXIA_2022,levofloxacin,579,57,13,18,6,20,0.3939393939393939,0.75,0.6060606060606061,0.25,0.571969696969697
CHINA_NINGXIA_2022,levofloxacin,580,57,15,19,11,12,0.5555555555555556,0.6333333333333333,0.4444444444444444,0.36666666666666664,0.5944444444444444
CHINA_NINGXIA_2022,levofloxacin,581,57,15,20,7,15,0.5,0.7407407407407407,0.5,0.25925925925925924,0.6203703703703703
CHINA_NINGXIA_2022,levofloxacin,582,57,7,27,6,17,0.2916666666666667,0.8181818181818182,0.7083333333333334,0.18181818181818182,0.5549242424242424
CHINA_NINGXIA_2022,levofloxacin,583,57,12,19,9,17,0.41379310344827586,0.6785714285714286,0.5862068965517241,0.32142857142857145,0.5461822660098522
CHINA_NINGXIA_2022,levofloxacin,584,57,9,21,8,19,0.32142857142857145,0.7241379310344828,0.6785714285714286,0.27586206896551724,0.5227832512315271
CHINA_NINGXIA_2022,levofloxacin,585,57,6,23,11,17,0.2608695652173913,0.6764705882352942,0.7391304347826086,0.3235294117647059,0.4686700767263427
CHINA_NINGXIA_2022,levofloxacin,586,57,8,30,6,13,0.38095238095238093,0.8333333333333334,0.6190476190476191,0.16666666666666666,0.6071428571428572
CHINA_NINGXIA_2022,levofloxacin,587,57,8,25,7,17,0.32,0.78125,0.68,0.21875,0.550625
CHINA_NINGXIA_2022,levofloxacin,588,57,15,18,9,15,0.5,0.6666666666666666,0.5,0.3333333333333333,0.5833333333333333
CHINA_NINGXIA_2022,levofloxacin,589,57,13,19,7,18,0.41935483870967744,0.7307692307692307,0.5806451612903226,0.2692307692307692,0.575062034739454
CHINA_NINGXIA_2022,levofloxacin,590,57,16,22,8,11,0.5925925925925926,0.7333333333333333,0.4074074074074074,0.26666666666666666,0.662962962962963
CHINA_NINGXIA_2022,levofloxacin,591,57,10,29,3,15,0.4,0.90625,0.6,0.09375,0.653125
CHINA_NINGXIA_2022,levofloxacin,592,57,12,25,8,12,0.5,0.7575757575757576,0.5,0.24242424242424243,0.6287878787878788
CHINA_NINGXIA_2022,levofloxacin,593,57,7,24,8,18,0.28,0.75,0.72,0.25,0.515
CHINA_NINGXIA_2022,levofloxacin,594,57,7,27,7,16,0.30434782608695654,0.7941176470588235,0.6956521739130435,0.20588235294117646,0.54923273657289
CHINA_NINGXIA_2022,levofloxacin,595,57,9,24,5,19,0.32142857142857145,0.8275862068965517,0.6785714285714286,0.1724137931034483,0.5745073891625616
CHINA_NINGXIA_2022,levofloxacin,596,57,15,16,6,20,0.42857142857142855,0.7272727272727273,0.5714285714285714,0.2727272727272727,0.577922077922078
CHINA_NINGXIA_2022,levofloxacin,597,57,12,20,9,16,0.42857142857142855,0.6896551724137931,0.5714285714285714,0.3103448275862069,0.5591133004926109
CHINA_NINGXIA_2022,levofloxacin,598,57,10,20,6,21,0.3225806451612903,0.7692307692307693,0.6774193548387096,0.23076923076923078,0.5459057071960298
CHINA_NINGXIA_2022,levofloxacin,599,57,13,19,8,17,0.43333333333333335,0.7037037037037037,0.5666666666666667,0.2962962962962963,0.5685185185185185
CHINA_NINGXIA_2022,levofloxacin,600,57,14,23,7,13,0.5185185185185185,0.7666666666666667,0.4814814814814814,0.23333333333333334,0.6425925925925926
CHINA_NINGXIA_2022,levofloxacin,601,57,11,26,11,9,0.55,0.7027027027027027,0.45,0.2972972972972973,0.6263513513513514
CHINA_NINGXIA_2022,levofloxacin,602,57,10,24,3,20,0.3333333333333333,0.8888888888888888,0.6666666666666666,0.1111111111111111,0.611111111111111
CHINA_NINGXIA_2022,levofloxacin,603,57,16,20,6,15,0.5161290322580645,0.7692307692307693,0.4838709677419355,0.23076923076923078,0.6426799007444168
CHINA_NINGXIA_2022,levofloxacin,604,57,10,25,10,12,0.45454545454545453,0.7142857142857143,0.5454545454545454,0.2857142857142857,0.5844155844155844
CHINA_NINGXIA_2022,levofloxacin,605,57,15,20,7,15,0.5,0.7407407407407407,0.5,0.25925925925925924,0.6203703703703703
CHINA_NINGXIA_2022,levofloxacin,606,57,10,25,5,17,0.37037037037037035,0.8333333333333334,0.6296296296296297,0.16666666666666666,0.6018518518518519
CHINA_NINGXIA_2022,levofloxacin,607,57,12,24,9,12,0.5,0.7272727272727273,0.5,0.2727272727272727,0.6136363636363636
CHINA_NINGXIA_2022,levofloxacin,608,57,13,18,9,17,0.43333333333333335,0.6666666666666666,0.5666666666666667,0.3333333333333333,0.55
CHINA_NINGXIA_2022,levofloxacin,609,57,10,23,4,20,0.3333333333333333,0.8518518518518519,0.6666666666666666,0.14814814814814814,0.5925925925925926
CHINA_NINGXIA_2022,levofloxacin,610,57,14,21,7,15,0.4827586206896552,0.75,0.5172413793103449,0.25,0.6163793103448276
CHINA_NINGXIA_2022,levofloxacin,611,57,14,31,5,7,0.6666666666666666,0.8611111111111112,0.3333333333333333,0.1388888888888889,0.7638888888888888
CHINA_NINGXIA_2022,levofloxacin,612,57,12,18,9,18,0.4,0.6666666666666666,0.6,0.3333333333333333,0.5333333333333333
CHINA_NINGXIA_2022,levofloxacin,613,57,14,21,8,14,0.5,0.7241379310344828,0.5,0.27586206896551724,0.6120689655172413
CHINA_NINGXIA_2022,levofloxacin,614,57,14,19,8,16,0.4666666666666667,0.7037037037037037,0.5333333333333333,0.2962962962962963,0.5851851851851853
CHINA_NINGXIA_2022,levofloxacin,615,57,5,25,4,23,0.17857142857142858,0.8620689655172413,0.8214285714285714,0.13793103448275862,0.520320197044335
CHINA_NINGXIA_2022,levofloxacin,616,57,12,22,5,18,0.4,0.8148148148148148,0.6,0.18518518518518517,0.6074074074074074
CHINA_NINGXIA_2022,levofloxacin,617,57,9,25,4,19,0.32142857142857145,0.8620689655172413,0.6785714285714286,0.13793103448275862,0.5917487684729064
CHINA_NINGXIA_2022,levofloxacin,618,57,8,26,7,16,0.3333333333333333,0.7878787878787878,0.6666666666666666,0.21212121212121213,0.5606060606060606
CHINA_NINGXIA_2022,levofloxacin,619,57,12,25,6,14,0.46153846153846156,0.8064516129032258,0.5384615384615384,0.1935483870967742,0.6339950372208436
CHINA_NINGXIA_2022,levofloxacin,620,57,14,20,9,14,0.5,0.6896551724137931,0.5,0.3103448275862069,0.5948275862068966
CHINA_NINGXIA_2022,levofloxacin,621,57,14,25,4,14,0.5,0.8620689655172413,0.5,0.13793103448275862,0.6810344827586207
CHINA_NINGXIA_2022,levofloxacin,622,57,14,22,11,10,0.5833333333333334,0.6666666666666666,0.4166666666666667,0.3333333333333333,0.625
CHINA_NINGXIA_2022,levofloxacin,623,57,13,17,5,22,0.37142857142857144,0.7727272727272727,0.6285714285714286,0.22727272727272727,0.5720779220779221
CHINA_NINGXIA_2022,levofloxacin,624,57,16,22,8,11,0.5925925925925926,0.7333333333333333,0.4074074074074074,0.26666666666666666,0.662962962962963
CHINA_NINGXIA_2022,levofloxacin,625,57,16,17,9,15,0.5161290322580645,0.6538461538461539,0.4838709677419355,0.34615384615384615,0.5849875930521091
CHINA_NINGXIA_2022,levofloxacin,626,57,9,22,10,16,0.36,0.6875,0.64,0.3125,0.5237499999999999
CHINA_NINGXIA_2022,levofloxacin,627,57,16,23,3,15,0.5161290322580645,0.8846153846153846,0.4838709677419355,0.11538461538461539,0.7003722084367245
CHINA_NINGXIA_2022,levofloxacin,628,57,10,28,4,15,0.4,0.875,0.6,0.125,0.6375
CHINA_NINGXIA_2022,levofloxacin,629,57,9,21,5,22,0.2903225806451613,0.8076923076923077,0.7096774193548387,0.19230769230769232,0.5490074441687345
CHINA_NINGXIA_2022,levofloxacin,630,57,10,20,9,18,0.35714285714285715,0.6896551724137931,0.6428571428571429,0.3103448275862069,0.5233990147783252
CHINA_NINGXIA_2022,levofloxacin,631,57,10,24,10,13,0.43478260869565216,0.7058823529411765,0.5652173913043478,0.29411764705882354,0.5703324808184144
CHINA_NINGXIA_2022,levofloxacin,632,57,12,23,5,17,0.41379310344827586,0.8214285714285714,0.5862068965517241,0.17857142857142858,0.6176108374384236
CHINA_NINGXIA_2022,levofloxacin,633,57,10,30,8,9,0.5263157894736842,0.7894736842105263,0.4736842105263157,0.21052631578947367,0.6578947368421053
CHINA_NINGXIA_2022,levofloxacin,634,57,13,16,5,23,0.3611111111111111,0.7619047619047619,0.6388888888888888,0.23809523809523808,0.5615079365079365
CHINA_NINGXIA_2022,levofloxacin,635,57,9,21,12,15,0.375,0.6363636363636364,0.625,0.36363636363636365,0.5056818181818181
CHINA_NINGXIA_2022,levofloxacin,636,57,11,19,9,18,0.3793103448275862,0.6785714285714286,0.6206896551724138,0.32142857142857145,0.5289408866995073
CHINA_NINGXIA_2022,levofloxacin,637,57,14,18,10,15,0.4827586206896552,0.6428571428571429,0.5172413793103449,0.35714285714285715,0.562807881773399
CHINA_NINGXIA_2022,levofloxacin,638,57,16,25,3,13,0.5517241379310345,0.8928571428571429,0.4482758620689655,0.10714285714285714,0.7222906403940887
CHINA_NINGXIA_2022,levofloxacin,639,57,7,29,4,17,0.2916666666666667,0.8787878787878788,0.7083333333333334,0.12121212121212122,0.5852272727272727
CHINA_NINGXIA_2022,levofloxacin,640,57,8,23,7,19,0.2962962962962963,0.7666666666666667,0.7037037037037037,0.23333333333333334,0.5314814814814814
CHINA_NINGXIA_2022,levofloxacin,641,57,11,21,7,18,0.3793103448275862,0.75,0.6206896551724138,0.25,0.5646551724137931
CHINA_NINGXIA_2022,levofloxacin,642,57,10,23,6,18,0.35714285714285715,0.7931034482758621,0.6428571428571429,0.20689655172413793,0.5751231527093597
CHINA_NINGXIA_2022,levofloxacin,643,57,13,22,9,13,0.5,0.7096774193548387,0.5,0.2903225806451613,0.6048387096774194
CHINA_NINGXIA_2022,levofloxacin,644,57,10,22,2,23,0.30303030303030304,0.9166666666666666,0.696969696969697,0.08333333333333333,0.6098484848484849
CHINA_NINGXIA_2022,levofloxacin,645,57,17,21,8,11,0.6071428571428571,0.7241379310344828,0.3928571428571428,0.27586206896551724,0.6656403940886699
CHINA_NINGXIA_2022,levofloxacin,646,57,8,23,11,15,0.34782608695652173,0.6764705882352942,0.6521739130434783,0.3235294117647059,0.5121483375959079
CHINA_NINGXIA_2022,levofloxacin,647,57,12,25,6,14,0.46153846153846156,0.8064516129032258,0.5384615384615384,0.1935483870967742,0.6339950372208436
CHINA_NINGXIA_2022,levofloxacin,648,57,13,27,6,11,0.5416666666666666,0.8181818181818182,0.4583333333333333,0.18181818181818182,0.6799242424242424
CHINA_NINGXIA_2022,levofloxacin,649,57,12,15,8,22,0.35294117647058826,0.6521739130434783,0.6470588235294118,0.34782608695652173,0.5025575447570333
CHINA_NINGXIA_2022,levofloxacin,650,57,11,17,9,20,0.3548387096774194,0.6538461538461539,0.6451612903225806,0.34615384615384615,0.5043424317617866
CHINA_NINGXIA_2022,levofloxacin,651,57,9,28,8,12,0.42857142857142855,0.7777777777777778,0.5714285714285714,0.2222222222222222,0.6031746031746031
CHINA_NINGXIA_2022,levofloxacin,652,57,8,16,12,21,0.27586206896551724,0.5714285714285714,0.7241379310344828,0.42857142857142855,0.4236453201970443
CHINA_NINGXIA_2022,levofloxacin,653,57,11,21,7,18,0.3793103448275862,0.75,0.6206896551724138,0.25,0.5646551724137931
CHINA_NINGXIA_2022,levofloxacin,654,57,10,21,10,16,0.38461538461538464,0.6774193548387096,0.6153846153846154,0.3225806451612903,0.5310173697270472
CHINA_NINGXIA_2022,levofloxacin,655,57,11,25,3,18,0.3793103448275862,0.8928571428571429,0.6206896551724138,0.10714285714285714,0.6360837438423645
CHINA_NINGXIA_2022,levofloxacin,656,57,16,21,5,15,0.5161290322580645,0.8076923076923077,0.4838709677419355,0.19230769230769232,0.6619106699751861
CHINA_NINGXIA_2022,levofloxacin,657,57,15,20,9,13,0.5357142857142857,0.6896551724137931,0.4642857142857143,0.3103448275862069,0.6126847290640394
CHINA_NINGXIA_2022,levofloxacin,658,57,11,22,8,16,0.4074074074074074,0.7333333333333333,0.5925925925925926,0.26666666666666666,0.5703703703703703
CHINA_NINGXIA_2022,levofloxacin,659,57,12,21,5,19,0.3870967741935484,0.8076923076923077,0.6129032258064516,0.19230769230769232,0.597394540942928
CHINA_NINGXIA_2022,levofloxacin,660,57,12,23,7,15,0.4444444444444444,0.7666666666666667,0.5555555555555556,0.23333333333333334,0.6055555555555556
CHINA_NINGXIA_2022,levofloxacin,661,57,8,24,6,19,0.2962962962962963,0.8,0.7037037037037037,0.2,0.5481481481481482
CHINA_NINGXIA_2022,levofloxacin,662,57,8,22,11,16,0.3333333333333333,0.6666666666666666,0.6666666666666666,0.3333333333333333,0.5
CHINA_NINGXIA_2022,levofloxacin,663,57,12,22,6,17,0.41379310344827586,0.7857142857142857,0.5862068965517241,0.21428571428571427,0.5997536945812808
CHINA_NINGXIA_2022,levofloxacin,664,57,13,22,5,17,0.43333333333333335,0.8148148148148148,0.5666666666666667,0.18518518518518517,0.624074074074074
CHINA_NINGXIA_2022,levofloxacin,665,57,10,19,7,21,0.3225806451612903,0.7307692307692307,0.6774193548387096,0.2692307692307692,0.5266749379652605
CHINA_NINGXIA_2022,levofloxacin,666,57,10,24,7,16,0.38461538461538464,0.7741935483870968,0.6153846153846154,0.22580645161290322,0.5794044665012407
CHINA_NINGXIA_2022,levofloxacin,667,57,15,22,6,14,0.5172413793103449,0.7857142857142857,0.4827586206896552,0.21428571428571427,0.6514778325123153
CHINA_NINGXIA_2022,levofloxacin,668,57,13,19,7,18,0.41935483870967744,0.7307692307692307,0.5806451612903226,0.2692307692307692,0.575062034739454
CHINA_NINGXIA_2022,levofloxacin,669,57,15,16,4,22,0.40540540540540543,0.8,0.5945945945945946,0.2,0.6027027027027028
CHINA_NINGXIA_2022,levofloxacin,670,57,9,31,8,9,0.5,0.7948717948717948,0.5,0.20512820512820512,0.6474358974358974
CHINA_NINGXIA_2022,levofloxacin,671,57,7,25,9,16,0.30434782608695654,0.7352941176470589,0.6956521739130435,0.2647058823529412,0.5198209718670077
CHINA_NINGXIA_2022,levofloxacin,672,57,13,22,9,13,0.5,0.7096774193548387,0.5,0.2903225806451613,0.6048387096774194
CHINA_NINGXIA_2022,levofloxacin,673,57,9,26,8,14,0.391304347826087,0.7647058823529411,0.6086956521739131,0.23529411764705882,0.578005115089514
CHINA_NINGXIA_2022,levofloxacin,674,57,15,24,4,14,0.5172413793103449,0.8571428571428571,0.4827586206896552,0.14285714285714285,0.687192118226601
CHINA_NINGXIA_2022,levofloxacin,675,57,10,20,5,22,0.3125,0.8,0.6875,0.2,0.55625
CHINA_NINGXIA_2022,levofloxacin,676,57,15,18,9,15,0.5,0.6666666666666666,0.5,0.3333333333333333,0.5833333333333333
CHINA_NINGXIA_2022,levofloxacin,677,57,17,14,8,18,0.4857142857142857,0.6363636363636364,0.5142857142857142,0.36363636363636365,0.561038961038961
CHINA_NINGXIA_2022,levofloxacin,678,57,9,21,10,17,0.34615384615384615,0.6774193548387096,0.6538461538461539,0.3225806451612903,0.5117866004962779
CHINA_NINGXIA_2022,levofloxacin,679,57,15,21,4,17,0.46875,0.84,0.53125,0.16,0.6543749999999999
CHINA_NINGXIA_2022,levofloxacin,680,57,9,27,7,14,0.391304347826087,0.7941176470588235,0.6086956521739131,0.20588235294117646,0.5927109974424553
CHINA_NINGXIA_2022,levofloxacin,681,57,15,20,9,13,0.5357142857142857,0.6896551724137931,0.4642857142857143,0.3103448275862069,0.6126847290640394
CHINA_NINGXIA_2022,levofloxacin,682,57,15,25,4,13,0.5357142857142857,0.8620689655172413,0.4642857142857143,0.13793103448275862,0.6988916256157636
CHINA_NINGXIA_2022,levofloxacin,683,57,9,23,10,15,0.375,0.696969696969697,0.625,0.30303030303030304,0.5359848484848485
CHINA_NINGXIA_2022,levofloxacin,684,57,11,25,7,14,0.44,0.78125,0.56,0.21875,0.610625
CHINA_NINGXIA_2022,levofloxacin,685,57,10,22,5,20,0.3333333333333333,0.8148148148148148,0.6666666666666666,0.18518518518518517,0.5740740740740741
CHINA_NINGXIA_2022,levofloxacin,686,57,11,25,7,14,0.44,0.78125,0.56,0.21875,0.610625
CHINA_NINGXIA_2022,levofloxacin,687,57,12,22,9,14,0.46153846153846156,0.7096774193548387,0.5384615384615384,0.2903225806451613,0.5856079404466501
CHINA_NINGXIA_2022,levofloxacin,688,57,12,25,5,15,0.4444444444444444,0.8333333333333334,0.5555555555555556,0.16666666666666666,0.6388888888888888
CHINA_NINGXIA_2022,levofloxacin,689,57,6,17,7,27,0.18181818181818182,0.7083333333333334,0.8181818181818182,0.2916666666666667,0.4450757575757575
CHINA_NINGXIA_2022,levofloxacin,690,57,9,30,8,10,0.47368421052631576,0.7894736842105263,0.5263157894736842,0.21052631578947367,0.631578947368421
CHINA_NINGXIA_2022,levofloxacin,691,57,9,17,13,18,0.3333333333333333,0.5666666666666667,0.6666666666666666,0.43333333333333335,0.4499999999999999
CHINA_NINGXIA_2022,levofloxacin,692,57,11,19,12,15,0.4230769230769231,0.6129032258064516,0.5769230769230769,0.3870967741935484,0.5179900744416873
CHINA_NINGXIA_2022,levofloxacin,693,57,10,20,8,19,0.3448275862068966,0.7142857142857143,0.6551724137931034,0.2857142857142857,0.5295566502463054
CHINA_NINGXIA_2022,levofloxacin,694,57,13,23,8,13,0.5,0.7419354838709677,0.5,0.25806451612903225,0.6209677419354839
CHINA_NINGXIA_2022,levofloxacin,695,57,15,22,4,16,0.4838709677419355,0.8461538461538461,0.5161290322580645,0.15384615384615385,0.6650124069478909
CHINA_NINGXIA_2022,levofloxacin,696,57,6,25,11,15,0.2857142857142857,0.6944444444444444,0.7142857142857143,0.3055555555555556,0.490079365079365
CHINA_NINGXIA_2022,levofloxacin,697,57,11,20,13,13,0.4583333333333333,0.6060606060606061,0.5416666666666666,0.3939393939393939,0.5321969696969697
CHINA_NINGXIA_2022,levofloxacin,698,57,13,23,8,13,0.5,0.7419354838709677,0.5,0.25806451612903225,0.6209677419354839
CHINA_NINGXIA_2022,levofloxacin,699,57,8,22,5,22,0.26666666666666666,0.8148148148148148,0.7333333333333333,0.18518518518518517,0.5407407407407407
CHINA_NINGXIA_2022,levofloxacin,700,57,12,22,9,14,0.46153846153846156,0.7096774193548387,0.5384615384615384,0.2903225806451613,0.5856079404466501
CHINA_NINGXIA_2022,levofloxacin,701,57,14,25,8,10,0.5833333333333334,0.7575757575757576,0.4166666666666667,0.24242424242424243,0.6704545454545454
CHINA_NINGXIA_2022,levofloxacin,702,57,15,27,3,12,0.5555555555555556,0.9,0.4444444444444444,0.1,0.7277777777777779
CHINA_NINGXIA_2022,levofloxacin,703,57,12,24,7,14,0.46153846153846156,0.7741935483870968,0.5384615384615384,0.22580645161290322,0.6178660049627791
CHINA_NINGXIA_2022,levofloxacin,704,57,14,22,9,12,0.5384615384615384,0.7096774193548387,0.4615384615384615,0.2903225806451613,0.6240694789081886
CHINA_NINGXIA_2022,levofloxacin,705,57,14,19,9,15,0.4827586206896552,0.6785714285714286,0.5172413793103449,0.32142857142857145,0.5806650246305419
CHINA_NINGXIA_2022,levofloxacin,706,57,10,21,7,19,0.3448275862068966,0.75,0.6551724137931034,0.25,0.5474137931034483
CHINA_NINGXIA_2022,levofloxacin,707,57,11,25,8,13,0.4583333333333333,0.7575757575757576,0.5416666666666666,0.24242424242424243,0.6079545454545454
CHINA_NINGXIA_2022,levofloxacin,708,57,16,19,9,13,0.5517241379310345,0.6785714285714286,0.4482758620689655,0.32142857142857145,0.6151477832512315
CHINA_NINGXIA_2022,levofloxacin,709,57,14,18,11,14,0.5,0.6206896551724138,0.5,0.3793103448275862,0.5603448275862069
CHINA_NINGXIA_2022,levofloxacin,710,57,8,23,9,17,0.32,0.71875,0.68,0.28125,0.519375
CHINA_NINGXIA_2022,levofloxacin,711,57,15,16,6,20,0.42857142857142855,0.7272727272727273,0.5714285714285714,0.2727272727272727,0.577922077922078
CHINA_NINGXIA_2022,levofloxacin,712,57,10,26,7,14,0.4166666666666667,0.7878787878787878,0.5833333333333334,0.21212121212121213,0.6022727272727273
CHINA_NINGXIA_2022,levofloxacin,713,57,9,20,10,18,0.3333333333333333,0.6666666666666666,0.6666666666666666,0.3333333333333333,0.5
CHINA_NINGXIA_2022,levofloxacin,714,57,12,23,7,15,0.4444444444444444,0.7666666666666667,0.5555555555555556,0.23333333333333334,0.6055555555555556
CHINA_NINGXIA_2022,levofloxacin,715,57,11,18,11,17,0.39285714285714285,0.6206896551724138,0.6071428571428571,0.3793103448275862,0.5067733990147784
CHINA_NINGXIA_2022,levofloxacin,716,57,14,24,4,15,0.4827586206896552,0.8571428571428571,0.5172413793103449,0.14285714285714285,0.6699507389162561
CHINA_NINGXIA_2022,levofloxacin,717,57,13,21,5,18,0.41935483870967744,0.8076923076923077,0.5806451612903226,0.19230769230769232,0.6135235732009926
CHINA_NINGXIA_2022,levofloxacin,718,57,8,25,5,19,0.2962962962962963,0.8333333333333334,0.7037037037037037,0.16666666666666666,0.5648148148148149
CHINA_NINGXIA_2022,levofloxacin,719,57,19,21,4,13,0.59375,0.84,0.40625,0.16,0.7168749999999999
CHINA_NINGXIA_2022,levofloxacin,720,57,12,17,5,23,0.34285714285714286,0.7727272727272727,0.6571428571428571,0.22727272727272727,0.5577922077922077
CHINA_NINGXIA_2022,levofloxacin,721,57,11,20,6,20,0.3548387096774194,0.7692307692307693,0.6451612903225806,0.23076923076923078,0.5620347394540943
CHINA_NINGXIA_2022,levofloxacin,722,57,12,22,3,20,0.375,0.88,0.625,0.12,0.6275
CHINA_NINGXIA_2022,levofloxacin,723,57,12,17,11,17,0.41379310344827586,0.6071428571428571,0.5862068965517241,0.39285714285714285,0.5104679802955665
CHINA_NINGXIA_2022,levofloxacin,724,57,11,22,7,17,0.39285714285714285,0.7586206896551724,0.6071428571428571,0.2413793103448276,0.5757389162561576
CHINA_NINGXIA_2022,levofloxacin,725,57,11,21,7,18,0.3793103448275862,0.75,0.6206896551724138,0.25,0.5646551724137931
CHINA_NINGXIA_2022,levofloxacin,726,57,15,19,8,15,0.5,0.7037037037037037,0.5,0.2962962962962963,0.6018518518518519
CHINA_NINGXIA_2022,levofloxacin,727,57,14,18,4,21,0.4,0.8181818181818182,0.6,0.18181818181818182,0.6090909090909091
CHINA_NINGXIA_2022,levofloxacin,728,57,10,20,11,16,0.38461538461538464,0.6451612903225806,0.6153846153846154,0.3548387096774194,0.5148883374689827
CHINA_NINGXIA_2022,levofloxacin,729,57,10,26,8,13,0.43478260869565216,0.7647058823529411,0.5652173913043478,0.23529411764705882,0.5997442455242966
CHINA_NINGXIA_2022,levofloxacin,730,57,8,26,8,15,0.34782608695652173,0.7647058823529411,0.6521739130434783,0.23529411764705882,0.5562659846547314
CHINA_NINGXIA_2022,levofloxacin,731,57,11,26,6,14,0.44,0.8125,0.56,0.1875,0.62625
CHINA_NINGXIA_2022,levofloxacin,732,57,11,27,4,15,0.4230769230769231,0.8709677419354839,0.5769230769230769,0.12903225806451613,0.6470223325062034
CHINA_NINGXIA_2022,levofloxacin,733,57,4,27,9,17,0.19047619047619047,0.75,0.8095238095238095,0.25,0.4702380952380952
CHINA_NINGXIA_2022,levofloxacin,734,57,6,26,7,18,0.25,0.7878787878787878,0.75,0.21212121212121213,0.5189393939393939
CHINA_NINGXIA_2022,levofloxacin,735,57,9,22,5,21,0.3,0.8148148148148148,0.7,0.18518518518518517,0.5574074074074074
CHINA_NINGXIA_2022,levofloxacin,736,57,10,26,7,14,0.4166666666666667,0.7878787878787878,0.5833333333333334,0.21212121212121213,0.6022727272727273
CHINA_NINGXIA_2022,levofloxacin,737,57,11,25,8,13,0.4583333333333333,0.7575757575757576,0.5416666666666666,0.24242424242424243,0.6079545454545454
CHINA_NINGXIA_2022,levofloxacin,738,57,11,27,8,11,0.5,0.7714285714285715,0.5,0.22857142857142856,0.6357142857142857
CHINA_NINGXIA_2022,levofloxacin,739,57,11,25,5,16,0.4074074074074074,0.8333333333333334,0.5925925925925926,0.16666666666666666,0.6203703703703703
CHINA_NINGXIA_2022,levofloxacin,740,57,14,19,5,19,0.42424242424242425,0.7916666666666666,0.5757575757575758,0.20833333333333334,0.6079545454545454
CHINA_NINGXIA_2022,levofloxacin,741,57,11,19,9,18,0.3793103448275862,0.6785714285714286,0.6206896551724138,0.32142857142857145,0.5289408866995073
CHINA_NINGXIA_2022,levofloxacin,742,57,10,29,6,12,0.45454545454545453,0.8285714285714286,0.5454545454545454,0.17142857142857143,0.6415584415584416
CHINA_NINGXIA_2022,levofloxacin,743,57,10,23,9,15,0.4,0.71875,0.6,0.28125,0.559375
CHINA_NINGXIA_2022,levofloxacin,744,57,19,18,2,18,0.5135135135135135,0.9,0.4864864864864865,0.1,0.7067567567567568
CHINA_NINGXIA_2022,levofloxacin,745,57,12,17,11,17,0.41379310344827586,0.6071428571428571,0.5862068965517241,0.39285714285714285,0.5104679802955665
CHINA_NINGXIA_2022,levofloxacin,746,57,20,20,3,14,0.5882352941176471,0.8695652173913043,0.4117647058823529,0.13043478260869565,0.7289002557544757
CHINA_NINGXIA_2022,levofloxacin,747,57,13,24,10,10,0.5652173913043478,0.7058823529411765,0.4347826086956521,0.29411764705882354,0.6355498721227621
CHINA_NINGXIA_2022,levofloxacin,748,57,9,20,12,16,0.36,0.625,0.64,0.375,0.4925
CHINA_NINGXIA_2022,levofloxacin,749,57,7,25,7,18,0.28,0.78125,0.72,0.21875,0.530625
CHINA_NINGXIA_2022,levofloxacin,750,57,14,20,6,17,0.45161290322580644,0.7692307692307693,0.5483870967741935,0.23076923076923078,0.6104218362282878
CHINA_NINGXIA_2022,levofloxacin,751,57,11,20,8,18,0.3793103448275862,0.7142857142857143,0.6206896551724138,0.2857142857142857,0.5467980295566502
CHINA_NINGXIA_2022,levofloxacin,752,57,10,21,4,22,0.3125,0.84,0.6875,0.16,0.5762499999999999
CHINA_NINGXIA_2022,levofloxacin,753,57,15,22,8,12,0.5555555555555556,0.7333333333333333,0.4444444444444444,0.26666666666666666,0.6444444444444444
CHINA_NINGXIA_2022,levofloxacin,754,57,10,23,9,15,0.4,0.71875,0.6,0.28125,0.559375
CHINA_NINGXIA_2022,levofloxacin,755,57,9,25,7,16,0.36,0.78125,0.64,0.21875,0.5706249999999999
CHINA_NINGXIA_2022,levofloxacin,756,57,15,28,5,9,0.625,0.8484848484848485,0.375,0.15151515151515152,0.7367424242424243
CHINA_NINGXIA_2022,levofloxacin,757,57,10,28,5,14,0.4166666666666667,0.8484848484848485,0.5833333333333334,0.15151515151515152,0.6325757575757576
CHINA_NINGXIA_2022,levofloxacin,758,57,16,23,8,10,0.6153846153846154,0.7419354838709677,0.3846153846153846,0.25806451612903225,0.6786600496277916
CHINA_NINGXIA_2022,levofloxacin,759,57,12,23,5,17,0.41379310344827586,0.8214285714285714,0.5862068965517241,0.17857142857142858,0.6176108374384236
CHINA_NINGXIA_2022,levofloxacin,760,57,16,26,6,9,0.64,0.8125,0.36,0.1875,0.7262500000000001
CHINA_NINGXIA_2022,levofloxacin,761,57,19,21,5,12,0.6129032258064516,0.8076923076923077,0.3870967741935484,0.19230769230769232,0.7102977667493797
CHINA_NINGXIA_2022,levofloxacin,762,57,15,16,3,23,0.39473684210526316,0.8421052631578947,0.6052631578947368,0.15789473684210525,0.618421052631579
CHINA_NINGXIA_2022,levofloxacin,763,57,8,25,6,18,0.3076923076923077,0.8064516129032258,0.6923076923076923,0.1935483870967742,0.5570719602977667
CHINA_NINGXIA_2022,levofloxacin,764,57,18,17,7,15,0.5454545454545454,0.7083333333333334,0.4545454545454545,0.2916666666666667,0.6268939393939394
CHINA_NINGXIA_2022,levofloxacin,765,57,6,25,9,17,0.2608695652173913,0.7352941176470589,0.7391304347826086,0.2647058823529412,0.4980818414322251
CHINA_NINGXIA_2022,levofloxacin,766,57,13,21,7,16,0.4482758620689655,0.75,0.5517241379310345,0.25,0.5991379310344828
CHINA_NINGXIA_2022,levofloxacin,767,57,8,30,6,13,0.38095238095238093,0.8333333333333334,0.6190476190476191,0.16666666666666666,0.6071428571428572
CHINA_NINGXIA_2022,levofloxacin,768,57,12,27,2,16,0.42857142857142855,0.9310344827586207,0.5714285714285714,0.06896551724137931,0.6798029556650246
CHINA_NINGXIA_2022,levofloxacin,769,57,9,29,8,11,0.45,0.7837837837837838,0.55,0.21621621621621623,0.6168918918918919
CHINA_NINGXIA_2022,levofloxacin,770,57,6,31,7,13,0.3157894736842105,0.8157894736842105,0.6842105263157895,0.18421052631578946,0.5657894736842105
CHINA_NINGXIA_2022,levofloxacin,771,57,5,24,5,23,0.17857142857142858,0.8275862068965517,0.8214285714285714,0.1724137931034483,0.5030788177339901
CHINA_NINGXIA_2022,levofloxacin,772,57,7,31,4,15,0.3181818181818182,0.8857142857142857,0.6818181818181818,0.11428571428571428,0.6019480519480519
CHINA_NINGXIA_2022,levofloxacin,773,57,8,23,6,20,0.2857142857142857,0.7931034482758621,0.7142857142857143,0.20689655172413793,0.5394088669950738
CHINA_NINGXIA_2022,levofloxacin,774,57,14,22,6,15,0.4827586206896552,0.7857142857142857,0.5172413793103449,0.21428571428571427,0.6342364532019704
CHINA_NINGXIA_2022,levofloxacin,775,57,13,17,7,20,0.3939393939393939,0.7083333333333334,0.6060606060606061,0.2916666666666667,0.5511363636363636
CHINA_NINGXIA_2022,levofloxacin,776,57,13,18,7,19,0.40625,0.72,0.59375,0.28,0.563125
CHINA_NINGXIA_2022,levofloxacin,777,57,12,22,9,14,0.46153846153846156,0.7096774193548387,0.5384615384615384,0.2903225806451613,0.5856079404466501
CHINA_NINGXIA_2022,levofloxacin,778,57,11,23,9,14,0.44,0.71875,0.56,0.28125,0.579375
CHINA_NINGXIA_2022,levofloxacin,779,57,12,16,8,21,0.36363636363636365,0.6666666666666666,0.6363636363636364,0.3333333333333333,0.5151515151515151
CHINA_NINGXIA_2022,levofloxacin,780,57,17,25,5,10,0.6296296296296297,0.8333333333333334,0.3703703703703703,0.16666666666666666,0.7314814814814815
CHINA_NINGXIA_2022,levofloxacin,781,57,10,22,3,22,0.3125,0.88,0.6875,0.12,0.59625
CHINA_NINGXIA_2022,levofloxacin,782,57,9,22,7,19,0.32142857142857145,0.7586206896551724,0.6785714285714286,0.2413793103448276,0.5400246305418719
CHINA_NINGXIA_2022,levofloxacin,783,57,11,22,4,20,0.3548387096774194,0.8461538461538461,0.6451612903225806,0.15384615384615385,0.6004962779156328
CHINA_NINGXIA_2022,levofloxacin,784,57,13,26,3,15,0.4642857142857143,0.896551724137931,0.5357142857142857,0.10344827586206896,0.6804187192118227
CHINA_NINGXIA_2022,levofloxacin,785,57,10,20,9,18,0.35714285714285715,0.6896551724137931,0.6428571428571429,0.3103448275862069,0.5233990147783252
CHINA_NINGXIA_2022,levofloxacin,786,57,19,18,7,13,0.59375,0.72,0.40625,0.28,0.656875
CHINA_NINGXIA_2022,levofloxacin,787,57,13,20,5,19,0.40625,0.8,0.59375,0.2,0.603125
CHINA_NINGXIA_2022,levofloxacin,788,57,10,25,5,17,0.37037037037037035,0.8333333333333334,0.6296296296296297,0.16666666666666666,0.6018518518518519
CHINA_NINGXIA_2022,levofloxacin,789,57,15,17,4,21,0.4166666666666667,0.8095238095238095,0.5833333333333334,0.19047619047619047,0.6130952380952381
CHINA_NINGXIA_2022,levofloxacin,790,57,15,19,6,17,0.46875,0.76,0.53125,0.24,0.614375
CHINA_NINGXIA_2022,levofloxacin,791,57,13,20,6,18,0.41935483870967744,0.7692307692307693,0.5806451612903226,0.23076923076923078,0.5942928039702233
CHINA_NINGXIA_2022,levofloxacin,792,57,17,19,7,14,0.5483870967741935,0.7307692307692307,0.4516129032258064,0.2692307692307692,0.6395781637717122
CHINA_NINGXIA_2022,levofloxacin,793,57,7,29,8,13,0.35,0.7837837837837838,0.65,0.21621621621621623,0.5668918918918919
CHINA_NINGXIA_2022,levofloxacin,794,57,11,19,9,18,0.3793103448275862,0.6785714285714286,0.6206896551724138,0.32142857142857145,0.5289408866995073
CHINA_NINGXIA_2022,levofloxacin,795,57,15,22,3,17,0.46875,0.88,0.53125,0.12,0.674375
CHINA_NINGXIA_2022,levofloxacin,796,57,8,25,7,17,0.32,0.78125,0.68,0.21875,0.550625
CHINA_NINGXIA_2022,levofloxacin,797,57,12,16,10,19,0.3870967741935484,0.6153846153846154,0.6129032258064516,0.38461538461538464,0.501240694789082
CHINA_NINGXIA_2022,levofloxacin,798,57,9,22,7,19,0.32142857142857145,0.7586206896551724,0.6785714285714286,0.2413793103448276,0.5400246305418719
CHINA_NINGXIA_2022,levofloxacin,799,57,10,21,6,20,0.3333333333333333,0.7777777777777778,0.6666666666666666,0.2222222222222222,0.5555555555555556
CHINA_NINGXIA_2022,levofloxacin,800,57,11,30,8,8,0.5789473684210527,0.7894736842105263,0.4210526315789473,0.21052631578947367,0.6842105263157895
CHINA_NINGXIA_2022,levofloxacin,801,57,15,27,2,13,0.5357142857142857,0.9310344827586207,0.4642857142857143,0.06896551724137931,0.7333743842364532
CHINA_NINGXIA_2022,levofloxacin,802,57,10,26,4,17,0.37037037037037035,0.8666666666666667,0.6296296296296297,0.13333333333333333,0.6185185185185185
CHINA_NINGXIA_2022,levofloxacin,803,57,11,21,5,20,0.3548387096774194,0.8076923076923077,0.6451612903225806,0.19230769230769232,0.5812655086848635
CHINA_NINGXIA_2022,levofloxacin,804,57,13,26,6,12,0.52,0.8125,0.48,0.1875,0.66625
CHINA_NINGXIA_2022,levofloxacin,805,57,16,17,7,17,0.48484848484848486,0.7083333333333334,0.5151515151515151,0.2916666666666667,0.5965909090909092
CHINA_NINGXIA_2022,levofloxacin,806,57,13,16,8,20,0.3939393939393939,0.6666666666666666,0.6060606060606061,0.3333333333333333,0.5303030303030303
CHINA_NINGXIA_2022,levofloxacin,807,57,10,26,7,14,0.4166666666666667,0.7878787878787878,0.5833333333333334,0.21212121212121213,0.6022727272727273
CHINA_NINGXIA_2022,levofloxacin,808,57,13,18,9,17,0.43333333333333335,0.6666666666666666,0.5666666666666667,0.3333333333333333,0.55
CHINA_NINGXIA_2022,levofloxacin,809,57,10,29,6,12,0.45454545454545453,0.8285714285714286,0.5454545454545454,0.17142857142857143,0.6415584415584416
CHINA_NINGXIA_2022,levofloxacin,810,57,10,24,7,16,0.38461538461538464,0.7741935483870968,0.6153846153846154,0.22580645161290322,0.5794044665012407
CHINA_NINGXIA_2022,levofloxacin,811,57,10,20,11,16,0.38461538461538464,0.6451612903225806,0.6153846153846154,0.3548387096774194,0.5148883374689827
CHINA_NINGXIA_2022,levofloxacin,812,57,13,29,5,10,0.5652173913043478,0.8529411764705882,0.4347826086956521,0.14705882352941177,0.709079283887468
CHINA_NINGXIA_2022,levofloxacin,813,57,15,21,5,16,0.4838709677419355,0.8076923076923077,0.5161290322580645,0.19230769230769232,0.6457816377171216
CHINA_NINGXIA_2022,levofloxacin,814,57,8,27,7,15,0.34782608695652173,0.7941176470588235,0.6521739130434783,0.20588235294117646,0.5709718670076727
CHINA_NINGXIA_2022,levofloxacin,815,57,9,26,7,15,0.375,0.7878787878787878,0.625,0.21212121212121213,0.5814393939393939
CHINA_NINGXIA_2022,levofloxacin,816,57,10,20,8,19,0.3448275862068966,0.7142857142857143,0.6551724137931034,0.2857142857142857,0.5295566502463054
CHINA_NINGXIA_2022,levofloxacin,817,57,17,20,3,17,0.5,0.8695652173913043,0.5,0.13043478260869565,0.6847826086956521
CHINA_NINGXIA_2022,levofloxacin,818,57,13,24,6,14,0.48148148148148145,0.8,0.5185185185185185,0.2,0.6407407407407407
CHINA_NINGXIA_2022,levofloxacin,819,57,11,17,7,22,0.3333333333333333,0.7083333333333334,0.6666666666666666,0.2916666666666667,0.5208333333333334
CHINA_NINGXIA_2022,levofloxacin,820,57,11,22,3,21,0.34375,0.88,0.65625,0.12,0.611875
CHINA_NINGXIA_2022,levofloxacin,821,57,13,22,8,14,0.48148148148148145,0.7333333333333333,0.5185185185185185,0.26666666666666666,0.6074074074074074
CHINA_NINGXIA_2022,levofloxacin,822,57,11,18,12,16,0.4074074074074074,0.6,0.5925925925925926,0.4,0.5037037037037037
CHINA_NINGXIA_2022,levofloxacin,823,57,12,27,7,11,0.5217391304347826,0.7941176470588235,0.4782608695652174,0.20588235294117646,0.657928388746803
CHINA_NINGXIA_2022,levofloxacin,824,57,10,17,8,22,0.3125,0.68,0.6875,0.32,0.49625
CHINA_NINGXIA_2022,levofloxacin,825,57,13,25,8,11,0.5416666666666666,0.7575757575757576,0.4583333333333333,0.24242424242424243,0.6496212121212122
CHINA_NINGXIA_2022,levofloxacin,826,57,9,27,6,15,0.375,0.8181818181818182,0.625,0.18181818181818182,0.5965909090909092
CHINA_NINGXIA_2022,levofloxacin,827,57,11,24,8,14,0.44,0.75,0.56,0.25,0.595
CHINA_NINGXIA_2022,levofloxacin,828,57,14,26,4,13,0.5185185185185185,0.8666666666666667,0.4814814814814814,0.13333333333333333,0.6925925925925926
CHINA_NINGXIA_2022,levofloxacin,829,57,9,24,7,17,0.34615384615384615,0.7741935483870968,0.6538461538461539,0.22580645161290322,0.5601736972704714
CHINA_NINGXIA_2022,levofloxacin,830,57,13,24,6,14,0.48148148148148145,0.8,0.5185185185185185,0.2,0.6407407407407407
CHINA_NINGXIA_2022,levofloxacin,831,57,14,24,5,14,0.5,0.8275862068965517,0.5,0.1724137931034483,0.6637931034482758
CHINA_NINGXIA_2022,levofloxacin,832,57,13,21,5,18,0.41935483870967744,0.8076923076923077,0.5806451612903226,0.19230769230769232,0.6135235732009926
CHINA_NINGXIA_2022,levofloxacin,833,57,11,19,12,15,0.4230769230769231,0.6129032258064516,0.5769230769230769,0.3870967741935484,0.5179900744416873
CHINA_NINGXIA_2022,levofloxacin,834,57,14,19,5,19,0.42424242424242425,0.7916666666666666,0.5757575757575758,0.20833333333333334,0.6079545454545454
CHINA_NINGXIA_2022,levofloxacin,835,57,13,25,10,9,0.5909090909090909,0.7142857142857143,0.4090909090909091,0.2857142857142857,0.6525974025974026
CHINA_NINGXIA_2022,levofloxacin,836,57,11,25,10,11,0.5,0.7142857142857143,0.5,0.2857142857142857,0.6071428571428572
CHINA_NINGXIA_2022,levofloxacin,837,57,8,26,6,17,0.32,0.8125,0.68,0.1875,0.56625
CHINA_NINGXIA_2022,levofloxacin,838,57,14,28,5,10,0.5833333333333334,0.8484848484848485,0.4166666666666667,0.15151515151515152,0.7159090909090909
CHINA_NINGXIA_2022,levofloxacin,839,57,13,25,2,17,0.43333333333333335,0.9259259259259259,0.5666666666666667,0.07407407407407407,0.6796296296296296
CHINA_NINGXIA_2022,levofloxacin,840,57,9,23,9,16,0.36,0.71875,0.64,0.28125,0.5393749999999999
CHINA_NINGXIA_2022,levofloxacin,841,57,13,18,11,15,0.4642857142857143,0.6206896551724138,0.5357142857142857,0.3793103448275862,0.5424876847290641
CHINA_NINGXIA_2022,levofloxacin,842,57,10,28,7,12,0.45454545454545453,0.8,0.5454545454545454,0.2,0.6272727272727273
CHINA_NINGXIA_2022,levofloxacin,843,57,14,19,4,20,0.4117647058823529,0.8260869565217391,0.5882352941176471,0.17391304347826086,0.618925831202046
CHINA_NINGXIA_2022,levofloxacin,844,57,18,17,5,17,0.5142857142857142,0.7727272727272727,0.4857142857142857,0.22727272727272727,0.6435064935064935
CHINA_NINGXIA_2022,levofloxacin,845,57,9,24,4,20,0.3103448275862069,0.8571428571428571,0.6896551724137931,0.14285714285714285,0.583743842364532
CHINA_NINGXIA_2022,levofloxacin,846,57,15,18,5,19,0.4411764705882353,0.782608695652174,0.5588235294117647,0.21739130434782608,0.6118925831202047
CHINA_NINGXIA_2022,levofloxacin,847,57,14,19,6,18,0.4375,0.76,0.5625,0.24,0.59875
CHINA_NINGXIA_2022,levofloxacin,848,57,13,14,4,26,0.3333333333333333,0.7777777777777778,0.6666666666666666,0.2222222222222222,0.5555555555555556
CHINA_NINGXIA_2022,levofloxacin,849,57,9,20,7,21,0.3,0.7407407407407407,0.7,0.25925925925925924,0.5203703703703704
CHINA_NINGXIA_2022,levofloxacin,850,57,10,28,5,14,0.4166666666666667,0.8484848484848485,0.5833333333333334,0.15151515151515152,0.6325757575757576
CHINA_NINGXIA_2022,levofloxacin,851,57,13,21,12,11,0.5416666666666666,0.6363636363636364,0.4583333333333333,0.36363636363636365,0.5890151515151515
CHINA_NINGXIA_2022,levofloxacin,852,57,9,20,12,16,0.36,0.625,0.64,0.375,0.4925
CHINA_NINGXIA_2022,levofloxacin,853,57,8,24,6,19,0.2962962962962963,0.8,0.7037037037037037,0.2,0.5481481481481482
CHINA_NINGXIA_2022,levofloxacin,854,57,15,22,6,14,0.5172413793103449,0.7857142857142857,0.4827586206896552,0.21428571428571427,0.6514778325123153
CHINA_NINGXIA_2022,levofloxacin,855,57,11,16,8,22,0.3333333333333333,0.6666666666666666,0.6666666666666666,0.3333333333333333,0.5
CHINA_NINGXIA_2022,levofloxacin,856,57,16,21,8,12,0.5714285714285714,0.7241379310344828,0.4285714285714285,0.27586206896551724,0.6477832512315271
CHINA_NINGXIA_2022,levofloxacin,857,57,7,23,12,15,0.3181818181818182,0.6571428571428571,0.6818181818181818,0.34285714285714286,0.4876623376623377
CHINA_NINGXIA_2022,levofloxacin,858,57,12,23,9,13,0.48,0.71875,0.52,0.28125,0.599375
CHINA_NINGXIA_2022,levofloxacin,859,57,11,21,6,19,0.36666666666666664,0.7777777777777778,0.6333333333333333,0.2222222222222222,0.5722222222222222
CHINA_NINGXIA_2022,levofloxacin,860,57,13,20,7,17,0.43333333333333335,0.7407407407407407,0.5666666666666667,0.25925925925925924,0.587037037037037
CHINA_NINGXIA_2022,levofloxacin,861,57,10,24,6,17,0.37037037037037035,0.8,0.6296296296296297,0.2,0.5851851851851853
CHINA_NINGXIA_2022,levofloxacin,862,57,11,19,8,19,0.36666666666666664,0.7037037037037037,0.6333333333333333,0.2962962962962963,0.5351851851851852
CHINA_NINGXIA_2022,levofloxacin,863,57,12,22,7,16,0.42857142857142855,0.7586206896551724,0.5714285714285714,0.2413793103448276,0.5935960591133005
CHINA_NINGXIA_2022,levofloxacin,864,57,18,19,5,15,0.5454545454545454,0.7916666666666666,0.4545454545454545,0.20833333333333334,0.668560606060606
CHINA_NINGXIA_2022,levofloxacin,865,57,18,15,7,17,0.5142857142857142,0.6818181818181818,0.4857142857142857,0.3181818181818182,0.598051948051948
CHINA_NINGXIA_2022,levofloxacin,866,57,13,18,12,14,0.48148148148148145,0.6,0.5185185185185185,0.4,0.5407407407407407
CHINA_NINGXIA_2022,levofloxacin,867,57,9,26,6,16,0.36,0.8125,0.64,0.1875,0.5862499999999999
CHINA_NINGXIA_2022,levofloxacin,868,57,13,23,5,16,0.4482758620689655,0.8214285714285714,0.5517241379310345,0.17857142857142858,0.6348522167487685
CHINA_NINGXIA_2022,levofloxacin,869,57,8,27,5,17,0.32,0.84375,0.68,0.15625,0.581875
CHINA_NINGXIA_2022,levofloxacin,870,57,11,14,12,20,0.3548387096774194,0.5384615384615384,0.6451612903225806,0.46153846153846156,0.4466501240694789
CHINA_NINGXIA_2022,levofloxacin,871,57,11,27,9,10,0.5238095238095238,0.75,0.4761904761904761,0.25,0.6369047619047619
CHINA_NINGXIA_2022,levofloxacin,872,57,11,19,9,18,0.3793103448275862,0.6785714285714286,0.6206896551724138,0.32142857142857145,0.5289408866995073
CHINA_NINGXIA_2022,levofloxacin,873,57,10,23,6,18,0.35714285714285715,0.7931034482758621,0.6428571428571429,0.20689655172413793,0.5751231527093597
CHINA_NINGXIA_2022,levofloxacin,874,57,6,27,5,19,0.24,0.84375,0.76,0.15625,0.541875
CHINA_NINGXIA_2022,levofloxacin,875,57,14,22,5,16,0.4666666666666667,0.8148148148148148,0.5333333333333333,0.18518518518518517,0.6407407407407407
CHINA_NINGXIA_2022,levofloxacin,876,57,12,20,5,20,0.375,0.8,0.625,0.2,0.5875
CHINA_NINGXIA_2022,levofloxacin,877,57,17,21,4,15,0.53125,0.84,0.46875,0.16,0.6856249999999999
CHINA_NINGXIA_2022,levofloxacin,878,57,12,21,6,18,0.4,0.7777777777777778,0.6,0.2222222222222222,0.5888888888888889
CHINA_NINGXIA_2022,levofloxacin,879,57,14,23,5,15,0.4827586206896552,0.8214285714285714,0.5172413793103449,0.17857142857142858,0.6520935960591133
CHINA_NINGXIA_2022,levofloxacin,880,57,19,13,7,18,0.5135135135135135,0.65,0.4864864864864865,0.35,0.5817567567567568
CHINA_NINGXIA_2022,levofloxacin,881,57,12,22,5,18,0.4,0.8148148148148148,0.6,0.18518518518518517,0.6074074074074074
CHINA_NINGXIA_2022,levofloxacin,882,57,13,17,6,21,0.38235294117647056,0.7391304347826086,0.6176470588235294,0.2608695652173913,0.5607416879795396
CHINA_NINGXIA_2022,levofloxacin,883,57,10,23,5,19,0.3448275862068966,0.8214285714285714,0.6551724137931034,0.17857142857142858,0.583128078817734
CHINA_NINGXIA_2022,levofloxacin,884,57,11,16,6,24,0.3142857142857143,0.7272727272727273,0.6857142857142857,0.2727272727272727,0.5207792207792208
CHINA_NINGXIA_2022,levofloxacin,885,57,10,28,3,16,0.38461538461538464,0.9032258064516129,0.6153846153846154,0.0967741935483871,0.6439205955334988
CHINA_NINGXIA_2022,levofloxacin,886,57,17,23,9,8,0.68,0.71875,0.32,0.28125,0.6993750000000001
CHINA_NINGXIA_2022,levofloxacin,887,57,8,24,9,16,0.3333333333333333,0.7272727272727273,0.6666666666666666,0.2727272727272727,0.5303030303030303
CHINA_NINGXIA_2022,levofloxacin,888,57,13,21,9,14,0.48148148148148145,0.7,0.5185185185185185,0.3,0.5907407407407407
CHINA_NINGXIA_2022,levofloxacin,889,57,12,22,5,18,0.4,0.8148148148148148,0.6,0.18518518518518517,0.6074074074074074
CHINA_NINGXIA_2022,levofloxacin,890,57,11,19,8,19,0.36666666666666664,0.7037037037037037,0.6333333333333333,0.2962962962962963,0.5351851851851852
CHINA_NINGXIA_2022,levofloxacin,891,57,11,24,7,15,0.4230769230769231,0.7741935483870968,0.5769230769230769,0.22580645161290322,0.5986352357320099
CHINA_NINGXIA_2022,levofloxacin,892,57,10,22,8,17,0.37037037037037035,0.7333333333333333,0.6296296296296297,0.26666666666666666,0.5518518518518518
CHINA_NINGXIA_2022,levofloxacin,893,57,10,17,8,22,0.3125,0.68,0.6875,0.32,0.49625
CHINA_NINGXIA_2022,levofloxacin,894,57,7,22,11,17,0.2916666666666667,0.6666666666666666,0.7083333333333334,0.3333333333333333,0.4791666666666666
CHINA_NINGXIA_2022,levofloxacin,895,57,13,23,11,10,0.5652173913043478,0.6764705882352942,0.4347826086956521,0.3235294117647059,0.620843989769821
CHINA_NINGXIA_2022,levofloxacin,896,57,10,22,2,23,0.30303030303030304,0.9166666666666666,0.696969696969697,0.08333333333333333,0.6098484848484849
CHINA_NINGXIA_2022,levofloxacin,897,57,11,21,18,7,0.6111111111111112,0.5384615384615384,0.3888888888888889,0.46153846153846156,0.5747863247863247
CHINA_NINGXIA_2022,levofloxacin,898,57,8,28,5,16,0.3333333333333333,0.8484848484848485,0.6666666666666666,0.15151515151515152,0.5909090909090909
CHINA_NINGXIA_2022,levofloxacin,899,57,13,19,3,22,0.37142857142857144,0.8636363636363636,0.6285714285714286,0.13636363636363635,0.6175324675324676
CHINA_NINGXIA_2022,levofloxacin,900,57,9,20,8,20,0.3103448275862069,0.7142857142857143,0.6896551724137931,0.2857142857142857,0.5123152709359606
CHINA_NINGXIA_2022,levofloxacin,901,57,10,21,6,20,0.3333333333333333,0.7777777777777778,0.6666666666666666,0.2222222222222222,0.5555555555555556
CHINA_NINGXIA_2022,levofloxacin,902,57,17,18,3,19,0.4722222222222222,0.8571428571428571,0.5277777777777778,0.14285714285714285,0.6646825396825397
CHINA_NINGXIA_2022,levofloxacin,903,57,17,20,8,12,0.5862068965517241,0.7142857142857143,0.4137931034482758,0.2857142857142857,0.6502463054187192
CHINA_NINGXIA_2022,levofloxacin,904,57,12,27,7,11,0.5217391304347826,0.7941176470588235,0.4782608695652174,0.20588235294117646,0.657928388746803
CHINA_NINGXIA_2022,levofloxacin,905,57,12,26,6,13,0.48,0.8125,0.52,0.1875,0.64625
CHINA_NINGXIA_2022,levofloxacin,906,57,8,28,5,16,0.3333333333333333,0.8484848484848485,0.6666666666666666,0.15151515151515152,0.5909090909090909
CHINA_NINGXIA_2022,levofloxacin,907,57,14,25,7,11,0.56,0.78125,0.44,0.21875,0.670625
CHINA_NINGXIA_2022,levofloxacin,908,57,10,20,10,17,0.37037037037037035,0.6666666666666666,0.6296296296296297,0.3333333333333333,0.5185185185185185
CHINA_NINGXIA_2022,levofloxacin,909,57,13,20,8,16,0.4482758620689655,0.7142857142857143,0.5517241379310345,0.2857142857142857,0.5812807881773399
CHINA_NINGXIA_2022,levofloxacin,910,57,10,29,3,15,0.4,0.90625,0.6,0.09375,0.653125
CHINA_NINGXIA_2022,levofloxacin,911,57,7,27,7,16,0.30434782608695654,0.7941176470588235,0.6956521739130435,0.20588235294117646,0.54923273657289
CHINA_NINGXIA_2022,levofloxacin,912,57,14,17,10,16,0.4666666666666667,0.6296296296296297,0.5333333333333333,0.37037037037037035,0.5481481481481482
CHINA_NINGXIA_2022,levofloxacin,913,57,9,23,7,18,0.3333333333333333,0.7666666666666667,0.6666666666666666,0.23333333333333334,0.55
CHINA_NINGXIA_2022,levofloxacin,914,57,14,17,10,16,0.4666666666666667,0.6296296296296297,0.5333333333333333,0.37037037037037035,0.5481481481481482
CHINA_NINGXIA_2022,levofloxacin,915,57,19,15,6,17,0.5277777777777778,0.7142857142857143,0.4722222222222222,0.2857142857142857,0.621031746031746
CHINA_NINGXIA_2022,levofloxacin,916,57,10,23,5,19,0.3448275862068966,0.8214285714285714,0.6551724137931034,0.17857142857142858,0.583128078817734
CHINA_NINGXIA_2022,levofloxacin,917,57,11,26,4,16,0.4074074074074074,0.8666666666666667,0.5925925925925926,0.13333333333333333,0.6370370370370371
CHINA_NINGXIA_2022,levofloxacin,918,57,9,24,5,19,0.32142857142857145,0.8275862068965517,0.6785714285714286,0.1724137931034483,0.5745073891625616
CHINA_NINGXIA_2022,levofloxacin,919,57,9,18,12,18,0.3333333333333333,0.6,0.6666666666666666,0.4,0.4666666666666667
CHINA_NINGXIA_2022,levofloxacin,920,57,9,24,6,18,0.3333333333333333,0.8,0.6666666666666666,0.2,0.5666666666666667
CHINA_NINGXIA_2022,levofloxacin,921,57,9,19,9,20,0.3103448275862069,0.6785714285714286,0.6896551724137931,0.32142857142857145,0.4944581280788177
CHINA_NINGXIA_2022,levofloxacin,922,57,16,18,11,12,0.5714285714285714,0.6206896551724138,0.4285714285714285,0.3793103448275862,0.5960591133004927
CHINA_NINGXIA_2022,levofloxacin,923,57,7,30,6,14,0.3333333333333333,0.8333333333333334,0.6666666666666666,0.16666666666666666,0.5833333333333334
CHINA_NINGXIA_2022,levofloxacin,924,57,16,16,7,18,0.47058823529411764,0.6956521739130435,0.5294117647058824,0.30434782608695654,0.5831202046035806
CHINA_NINGXIA_2022,levofloxacin,925,57,12,19,4,22,0.35294117647058826,0.8260869565217391,0.6470588235294118,0.17391304347826086,0.5895140664961637
CHINA_NINGXIA_2022,levofloxacin,926,57,13,20,8,16,0.4482758620689655,0.7142857142857143,0.5517241379310345,0.2857142857142857,0.5812807881773399
CHINA_NINGXIA_2022,levofloxacin,927,57,10,26,5,16,0.38461538461538464,0.8387096774193549,0.6153846153846154,0.16129032258064516,0.6116625310173698
CHINA_NINGXIA_2022,levofloxacin,928,57,9,27,7,14,0.391304347826087,0.7941176470588235,0.6086956521739131,0.20588235294117646,0.5927109974424553
CHINA_NINGXIA_2022,levofloxacin,929,57,14,25,5,13,0.5185185185185185,0.8333333333333334,0.4814814814814814,0.16666666666666666,0.6759259259259259
CHINA_NINGXIA_2022,levofloxacin,930,57,14,21,9,13,0.5185185185185185,0.7,0.4814814814814814,0.3,0.6092592592592592
CHINA_NINGXIA_2022,levofloxacin,931,57,9,23,8,17,0.34615384615384615,0.7419354838709677,0.6538461538461539,0.25806451612903225,0.5440446650124069
CHINA_NINGXIA_2022,levofloxacin,932,57,16,24,7,10,0.6153846153846154,0.7741935483870968,0.3846153846153846,0.22580645161290322,0.6947890818858561
CHINA_NINGXIA_2022,levofloxacin,933,57,12,20,4,21,0.36363636363636365,0.8333333333333334,0.6363636363636364,0.16666666666666666,0.5984848484848485
CHINA_NINGXIA_2022,levofloxacin,934,57,12,22,8,15,0.4444444444444444,0.7333333333333333,0.5555555555555556,0.26666666666666666,0.5888888888888888
CHINA_NINGXIA_2022,levofloxacin,935,57,9,23,12,13,0.4090909090909091,0.6571428571428571,0.5909090909090909,0.34285714285714286,0.5331168831168831
CHINA_NINGXIA_2022,levofloxacin,936,57,11,27,9,10,0.5238095238095238,0.75,0.4761904761904761,0.25,0.6369047619047619
CHINA_NINGXIA_2022,levofloxacin,937,57,6,29,11,11,0.35294117647058826,0.725,0.6470588235294118,0.275,0.5389705882352941
CHINA_NINGXIA_2022,levofloxacin,938,57,4,28,11,14,0.2222222222222222,0.717948717948718,0.7777777777777778,0.28205128205128205,0.4700854700854701
CHINA_NINGXIA_2022,levofloxacin,939,57,15,23,5,14,0.5172413793103449,0.8214285714285714,0.4827586206896552,0.17857142857142858,0.6693349753694582
CHINA_NINGXIA_2022,levofloxacin,940,57,6,26,11,14,0.3,0.7027027027027027,0.7,0.2972972972972973,0.5013513513513513
CHINA_NINGXIA_2022,levofloxacin,941,57,13,24,4,16,0.4482758620689655,0.8571428571428571,0.5517241379310345,0.14285714285714285,0.6527093596059113
CHINA_NINGXIA_2022,levofloxacin,942,57,13,19,10,15,0.4642857142857143,0.6551724137931034,0.5357142857142857,0.3448275862068966,0.5597290640394088
CHINA_NINGXIA_2022,levofloxacin,943,57,14,21,6,16,0.4666666666666667,0.7777777777777778,0.5333333333333333,0.2222222222222222,0.6222222222222222
CHINA_NINGXIA_2022,levofloxacin,944,57,18,19,10,10,0.6428571428571429,0.6551724137931034,0.3571428571428571,0.3448275862068966,0.6490147783251232
CHINA_NINGXIA_2022,levofloxacin,945,57,13,27,7,10,0.5652173913043478,0.7941176470588235,0.4347826086956521,0.20588235294117646,0.6796675191815856
CHINA_NINGXIA_2022,levofloxacin,946,57,13,18,9,17,0.43333333333333335,0.6666666666666666,0.5666666666666667,0.3333333333333333,0.55
CHINA_NINGXIA_2022,levofloxacin,947,57,8,21,6,22,0.26666666666666666,0.7777777777777778,0.7333333333333333,0.2222222222222222,0.5222222222222223
CHINA_NINGXIA_2022,levofloxacin,948,57,11,30,5,11,0.5,0.8571428571428571,0.5,0.14285714285714285,0.6785714285714286
CHINA_NINGXIA_2022,levofloxacin,949,57,11,25,7,14,0.44,0.78125,0.56,0.21875,0.610625
CHINA_NINGXIA_2022,levofloxacin,950,57,7,22,6,22,0.2413793103448276,0.7857142857142857,0.7586206896551724,0.21428571428571427,0.5135467980295566
CHINA_NINGXIA_2022,levofloxacin,951,57,12,22,7,16,0.42857142857142855,0.7586206896551724,0.5714285714285714,0.2413793103448276,0.5935960591133005
CHINA_NINGXIA_2022,levofloxacin,952,57,13,24,6,14,0.48148148148148145,0.8,0.5185185185185185,0.2,0.6407407407407407
CHINA_NINGXIA_2022,levofloxacin,953,57,7,25,9,16,0.30434782608695654,0.7352941176470589,0.6956521739130435,0.2647058823529412,0.5198209718670077
CHINA_NINGXIA_2022,levofloxacin,954,57,5,25,10,17,0.22727272727272727,0.7142857142857143,0.7727272727272727,0.2857142857142857,0.4707792207792208
CHINA_NINGXIA_2022,levofloxacin,955,57,10,25,8,14,0.4166666666666667,0.7575757575757576,0.5833333333333334,0.24242424242424243,0.5871212121212122
CHINA_NINGXIA_2022,levofloxacin,956,57,10,28,5,14,0.4166666666666667,0.8484848484848485,0.5833333333333334,0.15151515151515152,0.6325757575757576
CHINA_NINGXIA_2022,levofloxacin,957,57,13,29,4,11,0.5416666666666666,0.8787878787878788,0.4583333333333333,0.12121212121212122,0.7102272727272727
CHINA_NINGXIA_2022,levofloxacin,958,57,9,29,4,15,0.375,0.8787878787878788,0.625,0.12121212121212122,0.6268939393939394
CHINA_NINGXIA_2022,levofloxacin,959,57,9,21,8,19,0.32142857142857145,0.7241379310344828,0.6785714285714286,0.27586206896551724,0.5227832512315271
CHINA_NINGXIA_2022,levofloxacin,960,57,8,26,11,12,0.4,0.7027027027027027,0.6,0.2972972972972973,0.5513513513513514
CHINA_NINGXIA_2022,levofloxacin,961,57,13,20,7,17,0.43333333333333335,0.7407407407407407,0.5666666666666667,0.25925925925925924,0.587037037037037
CHINA_NINGXIA_2022,levofloxacin,962,57,8,25,4,20,0.2857142857142857,0.8620689655172413,0.7142857142857143,0.13793103448275862,0.5738916256157636
CHINA_NINGXIA_2022,levofloxacin,963,57,15,23,7,12,0.5555555555555556,0.7666666666666667,0.4444444444444444,0.23333333333333334,0.6611111111111112
CHINA_NINGXIA_2022,levofloxacin,964,57,7,25,7,18,0.28,0.78125,0.72,0.21875,0.530625
CHINA_NINGXIA_2022,levofloxacin,965,57,10,21,7,19,0.3448275862068966,0.75,0.6551724137931034,0.25,0.5474137931034483
CHINA_NINGXIA_2022,levofloxacin,966,57,12,18,7,20,0.375,0.72,0.625,0.28,0.5475
CHINA_NINGXIA_2022,levofloxacin,967,57,13,24,6,14,0.48148148148148145,0.8,0.5185185185185185,0.2,0.6407407407407407
CHINA_NINGXIA_2022,levofloxacin,968,57,12,27,5,13,0.48,0.84375,0.52,0.15625,0.661875
CHINA_NINGXIA_2022,levofloxacin,969,57,11,19,9,18,0.3793103448275862,0.6785714285714286,0.6206896551724138,0.32142857142857145,0.5289408866995073
CHINA_NINGXIA_2022,levofloxacin,970,57,21,18,9,9,0.7,0.6666666666666666,0.3,0.3333333333333333,0.6833333333333333
CHINA_NINGXIA_2022,levofloxacin,971,57,9,26,8,14,0.391304347826087,0.7647058823529411,0.6086956521739131,0.23529411764705882,0.578005115089514
CHINA_NINGXIA_2022,levofloxacin,972,57,12,25,4,16,0.42857142857142855,0.8620689655172413,0.5714285714285714,0.13793103448275862,0.645320197044335
CHINA_NINGXIA_2022,levofloxacin,973,57,13,22,7,15,0.4642857142857143,0.7586206896551724,0.5357142857142857,0.2413793103448276,0.6114532019704433
CHINA_NINGXIA_2022,levofloxacin,974,57,13,24,5,15,0.4642857142857143,0.8275862068965517,0.5357142857142857,0.1724137931034483,0.645935960591133
CHINA_NINGXIA_2022,levofloxacin,975,57,16,16,11,14,0.5333333333333333,0.5925925925925926,0.4666666666666667,0.4074074074074074,0.5629629629629629
CHINA_NINGXIA_2022,levofloxacin,976,57,11,21,7,18,0.3793103448275862,0.75,0.6206896551724138,0.25,0.5646551724137931
CHINA_NINGXIA_2022,levofloxacin,977,57,16,21,5,15,0.5161290322580645,0.8076923076923077,0.4838709677419355,0.19230769230769232,0.6619106699751861
CHINA_NINGXIA_2022,levofloxacin,978,57,15,21,7,14,0.5172413793103449,0.75,0.4827586206896552,0.25,0.6336206896551724
CHINA_NINGXIA_2022,levofloxacin,979,57,10,28,6,13,0.43478260869565216,0.8235294117647058,0.5652173913043478,0.17647058823529413,0.629156010230179
CHINA_NINGXIA_2022,levofloxacin,980,57,6,28,7,16,0.2727272727272727,0.8,0.7272727272727273,0.2,0.5363636363636364
CHINA_NINGXIA_2022,levofloxacin,981,57,13,14,13,17,0.43333333333333335,0.5185185185185185,0.5666666666666667,0.48148148148148145,0.4759259259259259
CHINA_NINGXIA_2022,levofloxacin,982,57,12,20,10,15,0.4444444444444444,0.6666666666666666,0.5555555555555556,0.3333333333333333,0.5555555555555556
CHINA_NINGXIA_2022,levofloxacin,983,57,11,21,6,19,0.36666666666666664,0.7777777777777778,0.6333333333333333,0.2222222222222222,0.5722222222222222
CHINA_NINGXIA_2022,levofloxacin,984,57,14,23,6,14,0.5,0.7931034482758621,0.5,0.20689655172413793,0.646551724137931
CHINA_NINGXIA_2022,levofloxacin,985,57,17,23,8,9,0.6538461538461539,0.7419354838709677,0.3461538461538461,0.25806451612903225,0.6978908188585609
CHINA_NINGXIA_2022,levofloxacin,986,57,8,25,6,18,0.3076923076923077,0.8064516129032258,0.6923076923076923,0.1935483870967742,0.5570719602977667
CHINA_NINGXIA_2022,levofloxacin,987,57,10,24,7,16,0.38461538461538464,0.7741935483870968,0.6153846153846154,0.22580645161290322,0.5794044665012407
CHINA_NINGXIA_2022,levofloxacin,988,57,12,29,6,10,0.5454545454545454,0.8285714285714286,0.4545454545454545,0.17142857142857143,0.6870129870129871
CHINA_NINGXIA_2022,levofloxacin,989,57,11,25,6,15,0.4230769230769231,0.8064516129032258,0.5769230769230769,0.1935483870967742,0.6147642679900744
CHINA_NINGXIA_2022,levofloxacin,990,57,12,24,3,18,0.4,0.8888888888888888,0.6,0.1111111111111111,0.6444444444444444
CHINA_NINGXIA_2022,levofloxacin,991,57,12,26,6,13,0.48,0.8125,0.52,0.1875,0.64625
CHINA_NINGXIA_2022,levofloxacin,992,57,20,16,3,18,0.5263157894736842,0.8421052631578947,0.4736842105263157,0.15789473684210525,0.6842105263157894
CHINA_NINGXIA_2022,levofloxacin,993,57,14,27,6,10,0.5833333333333334,0.8181818181818182,0.4166666666666667,0.18181818181818182,0.7007575757575758
CHINA_NINGXIA_2022,levofloxacin,994,57,13,22,3,19,0.40625,0.88,0.59375,0.12,0.643125
CHINA_NINGXIA_2022,levofloxacin,995,57,9,22,8,18,0.3333333333333333,0.7333333333333333,0.6666666666666666,0.26666666666666666,0.5333333333333333
CHINA_NINGXIA_2022,levofloxacin,996,57,9,26,4,18,0.3333333333333333,0.8666666666666667,0.6666666666666666,0.13333333333333333,0.6
CHINA_NINGXIA_2022,levofloxacin,997,57,12,24,6,15,0.4444444444444444,0.8,0.5555555555555556,0.2,0.6222222222222222
CHINA_NINGXIA_2022,levofloxacin,998,57,10,19,6,22,0.3125,0.76,0.6875,0.24,0.53625
CHINA_NINGXIA_2022,levofloxacin,999,57,12,20,6,19,0.3870967741935484,0.7692307692307693,0.6129032258064516,0.23076923076923078,0.5781637717121588
CHINA_NINGXIA_2022,levofloxacin,1000,57,12,20,11,14,0.46153846153846156,0.6451612903225806,0.5384615384615384,0.3548387096774194,0.5533498759305211
CHINA_NINGXIA_2022,levofloxacin,1001,57,15,22,5,15,0.5,0.8148148148148148,0.5,0.18518518518518517,0.6574074074074074
CHINA_NINGXIA_2022,levofloxacin,1002,57,14,19,6,18,0.4375,0.76,0.5625,0.24,0.59875
CHINA_NINGXIA_2022,levofloxacin,1003,57,18,15,11,13,0.5806451612903226,0.5769230769230769,0.4193548387096774,0.4230769230769231,0.5787841191066998
CHINA_NINGXIA_2022,levofloxacin,1004,57,12,18,13,14,0.46153846153846156,0.5806451612903226,0.5384615384615384,0.41935483870967744,0.5210918114143921
CHINA_NINGXIA_2022,levofloxacin,1005,57,12,27,7,11,0.5217391304347826,0.7941176470588235,0.4782608695652174,0.20588235294117646,0.657928388746803
CHINA_NINGXIA_2022,levofloxacin,1006,57,17,19,3,18,0.4857142857142857,0.8636363636363636,0.5142857142857142,0.13636363636363635,0.6746753246753247
CHINA_NINGXIA_2022,levofloxacin,1007,57,7,19,9,22,0.2413793103448276,0.6785714285714286,0.7586206896551724,0.32142857142857145,0.4599753694581281
CHINA_NINGXIA_2022,levofloxacin,1008,57,9,26,5,17,0.34615384615384615,0.8387096774193549,0.6538461538461539,0.16129032258064516,0.5924317617866005
CHINA_NINGXIA_2022,levofloxacin,1009,57,10,21,9,17,0.37037037037037035,0.7,0.6296296296296297,0.3,0.5351851851851852
CHINA_NINGXIA_2022,levofloxacin,1010,57,6,30,6,15,0.2857142857142857,0.8333333333333334,0.7142857142857143,0.16666666666666666,0.5595238095238095
CHINA_NINGXIA_2022,levofloxacin,1011,57,8,23,7,19,0.2962962962962963,0.7666666666666667,0.7037037037037037,0.23333333333333334,0.5314814814814814
CHINA_NINGXIA_2022,levofloxacin,1012,57,17,17,6,17,0.5,0.7391304347826086,0.5,0.2608695652173913,0.6195652173913043
CHINA_NINGXIA_2022,levofloxacin,1013,57,12,24,7,14,0.46153846153846156,0.7741935483870968,0.5384615384615384,0.22580645161290322,0.6178660049627791
CHINA_NINGXIA_2022,levofloxacin,1014,57,7,22,8,20,0.25925925925925924,0.7333333333333333,0.7407407407407407,0.26666666666666666,0.4962962962962962
CHINA_NINGXIA_2022,levofloxacin,1015,57,16,16,9,16,0.5,0.64,0.5,0.36,0.5700000000000001
CHINA_NINGXIA_2022,levofloxacin,1016,57,11,24,3,19,0.36666666666666664,0.8888888888888888,0.6333333333333333,0.1111111111111111,0.6277777777777778
CHINA_NINGXIA_2022,levofloxacin,1017,57,12,16,10,19,0.3870967741935484,0.6153846153846154,0.6129032258064516,0.38461538461538464,0.501240694789082
CHINA_NINGXIA_2022,levofloxacin,1018,57,6,31,7,13,0.3157894736842105,0.8157894736842105,0.6842105263157895,0.18421052631578946,0.5657894736842105
CHINA_NINGXIA_2022,levofloxacin,1019,57,7,26,8,16,0.30434782608695654,0.7647058823529411,0.6956521739130435,0.23529411764705882,0.5345268542199488
CHINA_NINGXIA_2022,levofloxacin,1020,57,11,20,11,15,0.4230769230769231,0.6451612903225806,0.5769230769230769,0.3548387096774194,0.5341191066997518
CHINA_NINGXIA_2022,levofloxacin,1021,57,9,18,8,22,0.2903225806451613,0.6923076923076923,0.7096774193548387,0.3076923076923077,0.4913151364764268
CHINA_NINGXIA_2022,levofloxacin,1022,57,7,28,5,17,0.2916666666666667,0.8484848484848485,0.7083333333333334,0.15151515151515152,0.5700757575757576
CHINA_NINGXIA_2022,levofloxacin,1023,57,12,24,8,13,0.48,0.75,0.52,0.25,0.615
CHINA_NINGXIA_2022,levofloxacin,1024,57,12,24,6,15,0.4444444444444444,0.8,0.5555555555555556,0.2,0.6222222222222222
CHINA_NINGXIA_2022,levofloxacin,1025,57,11,21,6,19,0.36666666666666664,0.7777777777777778,0.6333333333333333,0.2222222222222222,0.5722222222222222
CHINA_NINGXIA_2022,levofloxacin,1026,57,11,23,4,19,0.36666666666666664,0.8518518518518519,0.6333333333333333,0.14814814814814814,0.6092592592592593
CHINA_NINGXIA_2022,levofloxacin,1027,57,4,25,6,22,0.15384615384615385,0.8064516129032258,0.8461538461538461,0.1935483870967742,0.4801488833746898
CHINA_NINGXIA_2022,levofloxacin,1028,57,8,24,11,14,0.36363636363636365,0.6857142857142857,0.6363636363636364,0.3142857142857143,0.5246753246753246
CHINA_NINGXIA_2022,levofloxacin,1029,57,18,17,5,17,0.5142857142857142,0.7727272727272727,0.4857142857142857,0.22727272727272727,0.6435064935064935
CHINA_NINGXIA_2022,levofloxacin,1030,57,17,28,4,8,0.68,0.875,0.32,0.125,0.7775000000000001
CHINA_NINGXIA_2022,levofloxacin,1031,57,11,22,7,17,0.39285714285714285,0.7586206896551724,0.6071428571428571,0.2413793103448276,0.5757389162561576
CHINA_NINGXIA_2022,levofloxacin,1032,57,17,24,7,9,0.6538461538461539,0.7741935483870968,0.3461538461538461,0.22580645161290322,0.7140198511166254
CHINA_NINGXIA_2022,levofloxacin,1033,57,13,17,7,20,0.3939393939393939,0.7083333333333334,0.6060606060606061,0.2916666666666667,0.5511363636363636
CHINA_NINGXIA_2022,levofloxacin,1034,57,16,17,10,14,0.5333333333333333,0.6296296296296297,0.4666666666666667,0.37037037037037035,0.5814814814814815
CHINA_NINGXIA_2022,levofloxacin,1035,57,1,29,7,20,0.047619047619047616,0.8055555555555556,0.9523809523809524,0.19444444444444445,0.4265873015873016
CHINA_NINGXIA_2022,levofloxacin,1036,57,15,27,5,10,0.6,0.84375,0.4,0.15625,0.721875
CHINA_NINGXIA_2022,levofloxacin,1037,57,8,19,9,21,0.27586206896551724,0.6785714285714286,0.7241379310344828,0.32142857142857145,0.4772167487684729
CHINA_NINGXIA_2022,levofloxacin,1038,57,18,17,7,15,0.5454545454545454,0.7083333333333334,0.4545454545454545,0.2916666666666667,0.6268939393939394
CHINA_NINGXIA_2022,levofloxacin,1039,57,9,24,9,15,0.375,0.7272727272727273,0.625,0.2727272727272727,0.5511363636363636
CHINA_NINGXIA_2022,levofloxacin,1040,57,16,14,7,20,0.4444444444444444,0.6666666666666666,0.5555555555555556,0.3333333333333333,0.5555555555555556
CHINA_NINGXIA_2022,levofloxacin,1041,57,14,19,7,17,0.45161290322580644,0.7307692307692307,0.5483870967741935,0.2692307692307692,0.5911910669975186
CHINA_NINGXIA_2022,levofloxacin,1042,57,13,24,5,15,0.4642857142857143,0.8275862068965517,0.5357142857142857,0.1724137931034483,0.645935960591133
CHINA_NINGXIA_2022,levofloxacin,1043,57,9,23,10,15,0.375,0.696969696969697,0.625,0.30303030303030304,0.5359848484848485
CHINA_NINGXIA_2022,levofloxacin,1044,57,11,33,3,10,0.5238095238095238,0.9166666666666666,0.4761904761904761,0.08333333333333333,0.7202380952380952
CHINA_NINGXIA_2022,levofloxacin,1045,57,16,19,7,15,0.5161290322580645,0.7307692307692307,0.4838709677419355,0.2692307692307692,0.6234491315136477
CHINA_NINGXIA_2022,levofloxacin,1046,57,19,19,6,13,0.59375,0.76,0.40625,0.24,0.676875
CHINA_NINGXIA_2022,levofloxacin,1047,57,11,26,6,14,0.44,0.8125,0.56,0.1875,0.62625
CHINA_NINGXIA_2022,levofloxacin,1048,57,11,23,9,14,0.44,0.71875,0.56,0.28125,0.579375
CHINA_NINGXIA_2022,levofloxacin,1049,57,15,17,9,16,0.4838709677419355,0.6538461538461539,0.5161290322580645,0.34615384615384615,0.5688585607940446
CHINA_NINGXIA_2022,levofloxacin,1050,57,8,22,7,20,0.2857142857142857,0.7586206896551724,0.7142857142857143,0.2413793103448276,0.5221674876847291
CHINA_NINGXIA_2022,levofloxacin,1051,57,12,20,8,17,0.41379310344827586,0.7142857142857143,0.5862068965517241,0.2857142857142857,0.5640394088669951
CHINA_NINGXIA_2022,levofloxacin,1052,57,15,22,3,17,0.46875,0.88,0.53125,0.12,0.674375
CHINA_NINGXIA_2022,levofloxacin,1053,57,9,22,6,20,0.3103448275862069,0.7857142857142857,0.6896551724137931,0.21428571428571427,0.5480295566502463
CHINA_NINGXIA_2022,levofloxacin,1054,57,13,19,8,17,0.43333333333333335,0.7037037037037037,0.5666666666666667,0.2962962962962963,0.5685185185185185
CHINA_NINGXIA_2022,levofloxacin,1055,57,12,17,5,23,0.34285714285714286,0.7727272727272727,0.6571428571428571,0.22727272727272727,0.5577922077922077
CHINA_NINGXIA_2022,levofloxacin,1056,57,9,25,7,16,0.36,0.78125,0.64,0.21875,0.5706249999999999
CHINA_NINGXIA_2022,levofloxacin,1057,57,17,17,5,18,0.4857142857142857,0.7727272727272727,0.5142857142857142,0.22727272727272727,0.6292207792207792
CHINA_NINGXIA_2022,levofloxacin,1058,57,12,21,10,14,0.46153846153846156,0.6774193548387096,0.5384615384615384,0.3225806451612903,0.5694789081885856
CHINA_NINGXIA_2022,levofloxacin,1059,57,8,30,6,13,0.38095238095238093,0.8333333333333334,0.6190476190476191,0.16666666666666666,0.6071428571428572
CHINA_NINGXIA_2022,levofloxacin,1060,57,11,20,10,16,0.4074074074074074,0.6666666666666666,0.5925925925925926,0.3333333333333333,0.537037037037037
CHINA_NINGXIA_2022,levofloxacin,1061,57,17,24,5,11,0.6071428571428571,0.8275862068965517,0.3928571428571428,0.1724137931034483,0.7173645320197044
CHINA_NINGXIA_2022,levofloxacin,1062,57,18,16,8,15,0.5454545454545454,0.6666666666666666,0.4545454545454545,0.3333333333333333,0.606060606060606
CHINA_NINGXIA_2022,levofloxacin,1063,57,15,25,5,12,0.5555555555555556,0.8333333333333334,0.4444444444444444,0.16666666666666666,0.6944444444444444
CHINA_NINGXIA_2022,levofloxacin,1064,57,15,21,7,14,0.5172413793103449,0.75,0.4827586206896552,0.25,0.6336206896551724
CHINA_NINGXIA_2022,levofloxacin,1065,57,5,24,9,19,0.20833333333333334,0.7272727272727273,0.7916666666666666,0.2727272727272727,0.4678030303030303
CHINA_NINGXIA_2022,levofloxacin,1066,57,5,28,4,20,0.2,0.875,0.8,0.125,0.5375
CHINA_NINGXIA_2022,levofloxacin,1067,57,12,18,8,19,0.3870967741935484,0.6923076923076923,0.6129032258064516,0.3076923076923077,0.5397022332506203
CHINA_NINGXIA_2022,levofloxacin,1068,57,17,22,5,13,0.5666666666666667,0.8148148148148148,0.4333333333333333,0.18518518518518517,0.6907407407407407
CHINA_NINGXIA_2022,levofloxacin,1069,57,12,27,5,13,0.48,0.84375,0.52,0.15625,0.661875
CHINA_NINGXIA_2022,levofloxacin,1070,57,12,21,7,17,0.41379310344827586,0.75,0.5862068965517241,0.25,0.5818965517241379
CHINA_NINGXIA_2022,levofloxacin,1071,57,7,29,9,12,0.3684210526315789,0.7631578947368421,0.631578947368421,0.23684210526315788,0.5657894736842105
CHINA_NINGXIA_2022,levofloxacin,1072,57,10,20,10,17,0.37037037037037035,0.6666666666666666,0.6296296296296297,0.3333333333333333,0.5185185185185185
CHINA_NINGXIA_2022,levofloxacin,1073,57,9,26,6,16,0.36,0.8125,0.64,0.1875,0.5862499999999999
CHINA_NINGXIA_2022,levofloxacin,1074,57,16,18,11,12,0.5714285714285714,0.6206896551724138,0.4285714285714285,0.3793103448275862,0.5960591133004927
CHINA_NINGXIA_2022,levofloxacin,1075,57,8,26,8,15,0.34782608695652173,0.7647058823529411,0.6521739130434783,0.23529411764705882,0.5562659846547314
CHINA_NINGXIA_2022,levofloxacin,1076,57,11,19,7,20,0.3548387096774194,0.7307692307692307,0.6451612903225806,0.2692307692307692,0.542803970223325
CHINA_NINGXIA_2022,levofloxacin,1077,57,5,19,9,24,0.1724137931034483,0.6785714285714286,0.8275862068965517,0.32142857142857145,0.4254926108374384
CHINA_NINGXIA_2022,levofloxacin,1078,57,11,22,7,17,0.39285714285714285,0.7586206896551724,0.6071428571428571,0.2413793103448276,0.5757389162561576
CHINA_NINGXIA_2022,levofloxacin,1079,57,11,19,5,22,0.3333333333333333,0.7916666666666666,0.6666666666666666,0.20833333333333334,0.5625
CHINA_NINGXIA_2022,levofloxacin,1080,57,18,26,7,6,0.75,0.7878787878787878,0.25,0.21212121212121213,0.7689393939393939
CHINA_NINGXIA_2022,levofloxacin,1081,57,14,22,7,14,0.5,0.7586206896551724,0.5,0.2413793103448276,0.6293103448275862
CHINA_NINGXIA_2022,levofloxacin,1082,57,9,27,7,14,0.391304347826087,0.7941176470588235,0.6086956521739131,0.20588235294117646,0.5927109974424553
CHINA_NINGXIA_2022,levofloxacin,1083,57,17,18,6,16,0.5151515151515151,0.75,0.4848484848484848,0.25,0.6325757575757576
CHINA_NINGXIA_2022,levofloxacin,1084,57,13,25,6,13,0.5,0.8064516129032258,0.5,0.1935483870967742,0.6532258064516129
CHINA_NINGXIA_2022,levofloxacin,1085,57,9,18,7,23,0.28125,0.72,0.71875,0.28,0.500625
CHINA_NINGXIA_2022,levofloxacin,1086,57,15,21,8,13,0.5357142857142857,0.7241379310344828,0.4642857142857143,0.27586206896551724,0.6299261083743842
CHINA_NINGXIA_2022,levofloxacin,1087,57,13,22,7,15,0.4642857142857143,0.7586206896551724,0.5357142857142857,0.2413793103448276,0.6114532019704433
CHINA_NINGXIA_2022,levofloxacin,1088,57,9,23,7,18,0.3333333333333333,0.7666666666666667,0.6666666666666666,0.23333333333333334,0.55
CHINA_NINGXIA_2022,levofloxacin,1089,57,9,24,8,16,0.36,0.75,0.64,0.25,0.5549999999999999
CHINA_NINGXIA_2022,levofloxacin,1090,57,12,17,9,19,0.3870967741935484,0.6538461538461539,0.6129032258064516,0.34615384615384615,0.5204714640198511
CHINA_NINGXIA_2022,levofloxacin,1091,57,13,22,5,17,0.43333333333333335,0.8148148148148148,0.5666666666666667,0.18518518518518517,0.624074074074074
CHINA_NINGXIA_2022,levofloxacin,1092,57,11,19,4,23,0.3235294117647059,0.8260869565217391,0.6764705882352942,0.17391304347826086,0.5748081841432225
CHINA_NINGXIA_2022,levofloxacin,1093,57,9,25,9,14,0.391304347826087,0.7352941176470589,0.6086956521739131,0.2647058823529412,0.5632992327365729
CHINA_NINGXIA_2022,levofloxacin,1094,57,17,24,3,13,0.5666666666666667,0.8888888888888888,0.4333333333333333,0.1111111111111111,0.7277777777777777
CHINA_NINGXIA_2022,levofloxacin,1095,57,7,24,8,18,0.28,0.75,0.72,0.25,0.515
CHINA_NINGXIA_2022,levofloxacin,1096,57,13,13,10,21,0.38235294117647056,0.5652173913043478,0.6176470588235294,0.43478260869565216,0.4737851662404092
CHINA_NINGXIA_2022,levofloxacin,1097,57,7,24,9,17,0.2916666666666667,0.7272727272727273,0.7083333333333334,0.2727272727272727,0.509469696969697
CHINA_NINGXIA_2022,levofloxacin,1098,57,11,28,7,11,0.5,0.8,0.5,0.2,0.65
CHINA_NINGXIA_2022,levofloxacin,1099,57,11,22,7,17,0.39285714285714285,0.7586206896551724,0.6071428571428571,0.2413793103448276,0.5757389162561576
CHINA_NINGXIA_2022,levofloxacin,1100,57,10,28,5,14,0.4166666666666667,0.8484848484848485,0.5833333333333334,0.15151515151515152,0.6325757575757576
CHINA_NINGXIA_2022,levofloxacin,1101,57,14,16,8,19,0.42424242424242425,0.6666666666666666,0.5757575757575758,0.3333333333333333,0.5454545454545454
CHINA_NINGXIA_2022,levofloxacin,1102,57,11,21,7,18,0.3793103448275862,0.75,0.6206896551724138,0.25,0.5646551724137931
CHINA_NINGXIA_2022,levofloxacin,1103,57,8,28,8,13,0.38095238095238093,0.7777777777777778,0.6190476190476191,0.2222222222222222,0.5793650793650793
CHINA_NINGXIA_2022,levofloxacin,1104,57,12,18,9,18,0.4,0.6666666666666666,0.6,0.3333333333333333,0.5333333333333333
CHINA_NINGXIA_2022,levofloxacin,1105,57,14,19,4,20,0.4117647058823529,0.8260869565217391,0.5882352941176471,0.17391304347826086,0.618925831202046
CHINA_NINGXIA_2022,levofloxacin,1106,57,15,20,5,17,0.46875,0.8,0.53125,0.2,0.634375
CHINA_NINGXIA_2022,levofloxacin,1107,57,8,28,11,10,0.4444444444444444,0.717948717948718,0.5555555555555556,0.28205128205128205,0.5811965811965811
CHINA_NINGXIA_2022,levofloxacin,1108,57,17,19,5,16,0.5151515151515151,0.7916666666666666,0.4848484848484848,0.20833333333333334,0.6534090909090908
CHINA_NINGXIA_2022,levofloxacin,1109,57,11,28,7,11,0.5,0.8,0.5,0.2,0.65
CHINA_NINGXIA_2022,levofloxacin,1110,57,14,21,9,13,0.5185185185185185,0.7,0.4814814814814814,0.3,0.6092592592592592
CHINA_NINGXIA_2022,levofloxacin,1111,57,12,18,9,18,0.4,0.6666666666666666,0.6,0.3333333333333333,0.5333333333333333
CHINA_NINGXIA_2022,levofloxacin,1112,57,9,25,11,12,0.42857142857142855,0.6944444444444444,0.5714285714285714,0.3055555555555556,0.5615079365079365
CHINA_NINGXIA_2022,levofloxacin,1113,57,10,28,10,9,0.5263157894736842,0.7368421052631579,0.4736842105263157,0.2631578947368421,0.631578947368421
CHINA_NINGXIA_2022,levofloxacin,1114,57,14,21,6,16,0.4666666666666667,0.7777777777777778,0.5333333333333333,0.2222222222222222,0.6222222222222222
CHINA_NINGXIA_2022,levofloxacin,1115,57,15,22,8,12,0.5555555555555556,0.7333333333333333,0.4444444444444444,0.26666666666666666,0.6444444444444444
CHINA_NINGXIA_2022,levofloxacin,1116,57,15,26,5,11,0.5769230769230769,0.8387096774193549,0.4230769230769231,0.16129032258064516,0.7078163771712158
CHINA_NINGXIA_2022,levofloxacin,1117,57,17,17,11,12,0.5862068965517241,0.6071428571428571,0.4137931034482758,0.39285714285714285,0.5966748768472906
CHINA_NINGXIA_2022,levofloxacin,1118,57,9,23,9,16,0.36,0.71875,0.64,0.28125,0.5393749999999999
CHINA_NINGXIA_2022,levofloxacin,1119,57,10,25,6,16,0.38461538461538464,0.8064516129032258,0.6153846153846154,0.1935483870967742,0.5955334987593052
CHINA_NINGXIA_2022,levofloxacin,1120,57,17,18,6,16,0.5151515151515151,0.75,0.4848484848484848,0.25,0.6325757575757576
CHINA_NINGXIA_2022,levofloxacin,1121,57,15,23,4,15,0.5,0.8518518518518519,0.5,0.14814814814814814,0.6759259259259259
CHINA_NINGXIA_2022,levofloxacin,1122,57,18,18,5,16,0.5294117647058824,0.782608695652174,0.4705882352941176,0.21739130434782608,0.6560102301790282
CHINA_NINGXIA_2022,levofloxacin,1123,57,11,24,10,12,0.4782608695652174,0.7058823529411765,0.5217391304347826,0.29411764705882354,0.592071611253197
CHINA_NINGXIA_2022,levofloxacin,1124,57,13,18,12,14,0.48148148148148145,0.6,0.5185185185185185,0.4,0.5407407407407407
CHINA_NINGXIA_2022,levofloxacin,1125,57,15,26,3,13,0.5357142857142857,0.896551724137931,0.4642857142857143,0.10344827586206896,0.7161330049261083
CHINA_NINGXIA_2022,levofloxacin,1126,57,10,24,10,13,0.43478260869565216,0.7058823529411765,0.5652173913043478,0.29411764705882354,0.5703324808184144
CHINA_NINGXIA_2022,levofloxacin,1127,57,11,21,5,20,0.3548387096774194,0.8076923076923077,0.6451612903225806,0.19230769230769232,0.5812655086848635
CHINA_NINGXIA_2022,levofloxacin,1128,57,8,22,10,17,0.32,0.6875,0.68,0.3125,0.50375
CHINA_NINGXIA_2022,levofloxacin,1129,57,10,24,7,16,0.38461538461538464,0.7741935483870968,0.6153846153846154,0.22580645161290322,0.5794044665012407
CHINA_NINGXIA_2022,levofloxacin,1130,57,10,25,10,12,0.45454545454545453,0.7142857142857143,0.5454545454545454,0.2857142857142857,0.5844155844155844
CHINA_NINGXIA_2022,levofloxacin,1131,57,15,26,8,8,0.6521739130434783,0.7647058823529411,0.3478260869565217,0.23529411764705882,0.7084398976982097
CHINA_NINGXIA_2022,levofloxacin,1132,57,11,27,3,16,0.4074074074074074,0.9,0.5925925925925926,0.1,0.6537037037037037
CHINA_NINGXIA_2022,levofloxacin,1133,57,18,16,8,15,0.5454545454545454,0.6666666666666666,0.4545454545454545,0.3333333333333333,0.606060606060606
CHINA_NINGXIA_2022,levofloxacin,1134,57,8,21,10,18,0.3076923076923077,0.6774193548387096,0.6923076923076923,0.3225806451612903,0.4925558312655086
CHINA_NINGXIA_2022,levofloxacin,1135,57,13,20,6,18,0.41935483870967744,0.7692307692307693,0.5806451612903226,0.23076923076923078,0.5942928039702233
CHINA_NINGXIA_2022,levofloxacin,1136,57,11,28,8,10,0.5238095238095238,0.7777777777777778,0.4761904761904761,0.2222222222222222,0.6507936507936508
CHINA_NINGXIA_2022,levofloxacin,1137,57,17,23,5,12,0.5862068965517241,0.8214285714285714,0.4137931034482758,0.17857142857142858,0.7038177339901477
CHINA_NINGXIA_2022,levofloxacin,1138,57,13,25,2,17,0.43333333333333335,0.9259259259259259,0.5666666666666667,0.07407407407407407,0.6796296296296296
CHINA_NINGXIA_2022,levofloxacin,1139,57,19,18,5,15,0.5588235294117647,0.782608695652174,0.4411764705882353,0.21739130434782608,0.6707161125319694
CHINA_NINGXIA_2022,levofloxacin,1140,57,14,13,9,21,0.4,0.5909090909090909,0.6,0.4090909090909091,0.4954545454545455
CHINA_NINGXIA_2022,levofloxacin,1141,57,13,24,6,14,0.48148148148148145,0.8,0.5185185185185185,0.2,0.6407407407407407
CHINA_NINGXIA_2022,levofloxacin,1142,57,17,19,8,13,0.5666666666666667,0.7037037037037037,0.4333333333333333,0.2962962962962963,0.6351851851851852
CHINA_NINGXIA_2022,levofloxacin,1143,57,6,20,8,23,0.20689655172413793,0.7142857142857143,0.7931034482758621,0.2857142857142857,0.4605911330049261
CHINA_NINGXIA_2022,levofloxacin,1144,57,13,23,7,14,0.48148148148148145,0.7666666666666667,0.5185185185185185,0.23333333333333334,0.6240740740740741
CHINA_NINGXIA_2022,levofloxacin,1145,57,14,18,4,21,0.4,0.8181818181818182,0.6,0.18181818181818182,0.6090909090909091
CHINA_NINGXIA_2022,levofloxacin,1146,57,10,23,9,15,0.4,0.71875,0.6,0.28125,0.559375
CHINA_NINGXIA_2022,levofloxacin,1147,57,14,24,5,14,0.5,0.8275862068965517,0.5,0.1724137931034483,0.6637931034482758
CHINA_NINGXIA_2022,levofloxacin,1148,57,8,22,9,18,0.3076923076923077,0.7096774193548387,0.6923076923076923,0.2903225806451613,0.5086848635235732
CHINA_NINGXIA_2022,levofloxacin,1149,57,8,23,9,17,0.32,0.71875,0.68,0.28125,0.519375
CHINA_NINGXIA_2022,levofloxacin,1150,57,10,18,5,24,0.29411764705882354,0.782608695652174,0.7058823529411765,0.21739130434782608,0.5383631713554987
CHINA_NINGXIA_2022,levofloxacin,1151,57,14,23,12,8,0.6363636363636364,0.6571428571428571,0.3636363636363636,0.34285714285714286,0.6467532467532467
CHINA_NINGXIA_2022,levofloxacin,1152,57,5,26,11,15,0.25,0.7027027027027027,0.75,0.2972972972972973,0.4763513513513513
CHINA_NINGXIA_2022,levofloxacin,1153,57,11,23,2,21,0.34375,0.92,0.65625,0.08,0.631875
CHINA_NINGXIA_2022,levofloxacin,1154,57,11,16,6,24,0.3142857142857143,0.7272727272727273,0.6857142857142857,0.2727272727272727,0.5207792207792208
CHINA_NINGXIA_2022,levofloxacin,1155,57,7,23,4,23,0.23333333333333334,0.8518518518518519,0.7666666666666667,0.14814814814814814,0.5425925925925926
CHINA_NINGXIA_2022,levofloxacin,1156,57,14,23,9,11,0.56,0.71875,0.44,0.28125,0.639375
CHINA_NINGXIA_2022,levofloxacin,1157,57,13,24,7,13,0.5,0.7741935483870968,0.5,0.22580645161290322,0.6370967741935484
CHINA_NINGXIA_2022,levofloxacin,1158,57,13,20,13,11,0.5416666666666666,0.6060606060606061,0.4583333333333333,0.3939393939393939,0.5738636363636364
CHINA_NINGXIA_2022,levofloxacin,1159,57,11,25,7,14,0.44,0.78125,0.56,0.21875,0.610625
CHINA_NINGXIA_2022,levofloxacin,1160,57,14,18,6,19,0.42424242424242425,0.75,0.5757575757575758,0.25,0.5871212121212122
CHINA_NINGXIA_2022,levofloxacin,1161,57,10,22,7,18,0.35714285714285715,0.7586206896551724,0.6428571428571429,0.2413793103448276,0.5578817733990148
CHINA_NINGXIA_2022,levofloxacin,1162,57,14,26,8,9,0.6086956521739131,0.7647058823529411,0.391304347826087,0.23529411764705882,0.6867007672634271
CHINA_NINGXIA_2022,levofloxacin,1163,57,15,18,8,16,0.4838709677419355,0.6923076923076923,0.5161290322580645,0.3076923076923077,0.5880893300248139
CHINA_NINGXIA_2022,levofloxacin,1164,57,15,21,4,17,0.46875,0.84,0.53125,0.16,0.6543749999999999
CHINA_NINGXIA_2022,levofloxacin,1165,57,13,22,7,15,0.4642857142857143,0.7586206896551724,0.5357142857142857,0.2413793103448276,0.6114532019704433
CHINA_NINGXIA_2022,levofloxacin,1166,57,12,20,6,19,0.3870967741935484,0.7692307692307693,0.6129032258064516,0.23076923076923078,0.5781637717121588
CHINA_NINGXIA_2022,levofloxacin,1167,57,13,22,7,15,0.4642857142857143,0.7586206896551724,0.5357142857142857,0.2413793103448276,0.6114532019704433
CHINA_NINGXIA_2022,levofloxacin,1168,57,15,21,5,16,0.4838709677419355,0.8076923076923077,0.5161290322580645,0.19230769230769232,0.6457816377171216
CHINA_NINGXIA_2022,levofloxacin,1169,57,8,25,9,15,0.34782608695652173,0.7352941176470589,0.6521739130434783,0.2647058823529412,0.5415601023017903
CHINA_NINGXIA_2022,levofloxacin,1170,57,9,24,6,18,0.3333333333333333,0.8,0.6666666666666666,0.2,0.5666666666666667
CHINA_NINGXIA_2022,levofloxacin,1171,57,13,17,6,21,0.38235294117647056,0.7391304347826086,0.6176470588235294,0.2608695652173913,0.5607416879795396
CHINA_NINGXIA_2022,levofloxacin,1172,57,11,28,4,14,0.44,0.875,0.56,0.125,0.6575
CHINA_NINGXIA_2022,levofloxacin,1173,57,10,27,8,12,0.45454545454545453,0.7714285714285715,0.5454545454545454,0.22857142857142856,0.612987012987013
CHINA_NINGXIA_2022,levofloxacin,1174,57,6,25,9,17,0.2608695652173913,0.7352941176470589,0.7391304347826086,0.2647058823529412,0.4980818414322251
CHINA_NINGXIA_2022,levofloxacin,1175,57,11,21,8,17,0.39285714285714285,0.7241379310344828,0.6071428571428571,0.27586206896551724,0.5584975369458128
CHINA_NINGXIA_2022,levofloxacin,1176,57,6,21,10,20,0.23076923076923078,0.6774193548387096,0.7692307692307693,0.3225806451612903,0.4540942928039702
CHINA_NINGXIA_2022,levofloxacin,1177,57,19,21,7,10,0.6551724137931034,0.75,0.3448275862068966,0.25,0.7025862068965517
CHINA_NINGXIA_2022,levofloxacin,1178,57,13,23,8,13,0.5,0.7419354838709677,0.5,0.25806451612903225,0.6209677419354839
CHINA_NINGXIA_2022,levofloxacin,1179,57,15,23,8,11,0.5769230769230769,0.7419354838709677,0.4230769230769231,0.25806451612903225,0.6594292803970223
CHINA_NINGXIA_2022,levofloxacin,1180,57,14,30,4,9,0.6086956521739131,0.8823529411764706,0.391304347826087,0.11764705882352941,0.7455242966751918
CHINA_NINGXIA_2022,levofloxacin,1181,57,15,22,4,16,0.4838709677419355,0.8461538461538461,0.5161290322580645,0.15384615384615385,0.6650124069478909
CHINA_NINGXIA_2022,levofloxacin,1182,57,8,26,4,19,0.2962962962962963,0.8666666666666667,0.7037037037037037,0.13333333333333333,0.5814814814814815
CHINA_NINGXIA_2022,levofloxacin,1183,57,15,19,10,13,0.5357142857142857,0.6551724137931034,0.4642857142857143,0.3448275862068966,0.5954433497536946
CHINA_NINGXIA_2022,levofloxacin,1184,57,8,25,7,17,0.32,0.78125,0.68,0.21875,0.550625
CHINA_NINGXIA_2022,levofloxacin,1185,57,15,28,5,9,0.625,0.8484848484848485,0.375,0.15151515151515152,0.7367424242424243
CHINA_NINGXIA_2022,levofloxacin,1186,57,8,23,7,19,0.2962962962962963,0.7666666666666667,0.7037037037037037,0.23333333333333334,0.5314814814814814
CHINA_NINGXIA_2022,levofloxacin,1187,57,12,17,8,20,0.375,0.68,0.625,0.32,0.5275000000000001
CHINA_NINGXIA_2022,levofloxacin,1188,57,12,24,6,15,0.4444444444444444,0.8,0.5555555555555556,0.2,0.6222222222222222
CHINA_NINGXIA_2022,levofloxacin,1189,57,14,19,7,17,0.45161290322580644,0.7307692307692307,0.5483870967741935,0.2692307692307692,0.5911910669975186
CHINA_NINGXIA_2022,levofloxacin,1190,57,12,33,6,6,0.6666666666666666,0.8461538461538461,0.3333333333333333,0.15384615384615385,0.7564102564102564
CHINA_NINGXIA_2022,levofloxacin,1191,57,13,23,3,18,0.41935483870967744,0.8846153846153846,0.5806451612903226,0.11538461538461539,0.651985111662531
CHINA_NINGXIA_2022,levofloxacin,1192,57,14,21,7,15,0.4827586206896552,0.75,0.5172413793103449,0.25,0.6163793103448276
CHINA_NINGXIA_2022,levofloxacin,1193,57,12,18,4,23,0.34285714285714286,0.8181818181818182,0.6571428571428571,0.18181818181818182,0.5805194805194805
CHINA_NINGXIA_2022,levofloxacin,1194,57,9,22,8,18,0.3333333333333333,0.7333333333333333,0.6666666666666666,0.26666666666666666,0.5333333333333333
CHINA_NINGXIA_2022,levofloxacin,1195,57,13,20,14,10,0.5652173913043478,0.5882352941176471,0.4347826086956521,0.4117647058823529,0.5767263427109974
CHINA_NINGXIA_2022,levofloxacin,1196,57,11,21,11,14,0.44,0.65625,0.56,0.34375,0.548125
CHINA_NINGXIA_2022,levofloxacin,1197,57,13,19,9,16,0.4482758620689655,0.6785714285714286,0.5517241379310345,0.32142857142857145,0.5634236453201971
CHINA_NINGXIA_2022,levofloxacin,1198,57,6,27,10,14,0.3,0.7297297297297297,0.7,0.2702702702702703,0.5148648648648648
CHINA_NINGXIA_2022,levofloxacin,1199,57,10,20,7,20,0.3333333333333333,0.7407407407407407,0.6666666666666666,0.25925925925925924,0.537037037037037
CHINA_NINGXIA_2022,levofloxacin,1200,57,10,26,6,15,0.4,0.8125,0.6,0.1875,0.60625
CHINA_NINGXIA_2022,levofloxacin,1201,57,9,22,12,14,0.391304347826087,0.6470588235294118,0.6086956521739131,0.35294117647058826,0.5191815856777494
CHINA_NINGXIA_2022,levofloxacin,1202,57,10,18,9,20,0.3333333333333333,0.6666666666666666,0.6666666666666666,0.3333333333333333,0.5
CHINA_NINGXIA_2022,levofloxacin,1203,57,8,32,4,13,0.38095238095238093,0.8888888888888888,0.6190476190476191,0.1111111111111111,0.6349206349206349
CHINA_NINGXIA_2022,levofloxacin,1204,57,11,25,5,16,0.4074074074074074,0.8333333333333334,0.5925925925925926,0.16666666666666666,0.6203703703703703
CHINA_NINGXIA_2022,levofloxacin,1205,57,12,16,5,24,0.3333333333333333,0.7619047619047619,0.6666666666666666,0.23809523809523808,0.5476190476190476
CHINA_NINGXIA_2022,levofloxacin,1206,57,9,29,9,10,0.47368421052631576,0.7631578947368421,0.5263157894736842,0.23684210526315788,0.618421052631579
CHINA_NINGXIA_2022,levofloxacin,1207,57,8,21,11,17,0.32,0.65625,0.68,0.34375,0.488125
CHINA_NINGXIA_2022,levofloxacin,1208,57,11,23,9,14,0.44,0.71875,0.56,0.28125,0.579375
CHINA_NINGXIA_2022,levofloxacin,1209,57,15,16,7,19,0.4411764705882353,0.6956521739130435,0.5588235294117647,0.30434782608695654,0.5684143222506394
CHINA_NINGXIA_2022,levofloxacin,1210,57,13,20,14,10,0.5652173913043478,0.5882352941176471,0.4347826086956521,0.4117647058823529,0.5767263427109974
CHINA_NINGXIA_2022,levofloxacin,1211,57,12,25,5,15,0.4444444444444444,0.8333333333333334,0.5555555555555556,0.16666666666666666,0.6388888888888888
CHINA_NINGXIA_2022,levofloxacin,1212,57,10,27,6,14,0.4166666666666667,0.8181818181818182,0.5833333333333334,0.18181818181818182,0.6174242424242424
CHINA_NINGXIA_2022,levofloxacin,1213,57,12,20,8,17,0.41379310344827586,0.7142857142857143,0.5862068965517241,0.2857142857142857,0.5640394088669951
CHINA_NINGXIA_2022,levofloxacin,1214,57,9,26,4,18,0.3333333333333333,0.8666666666666667,0.6666666666666666,0.13333333333333333,0.6
CHINA_NINGXIA_2022,levofloxacin,1215,57,7,25,8,17,0.2916666666666667,0.7575757575757576,0.7083333333333334,0.24242424242424243,0.5246212121212122
CHINA_NINGXIA_2022,levofloxacin,1216,57,11,21,8,17,0.39285714285714285,0.7241379310344828,0.6071428571428571,0.27586206896551724,0.5584975369458128
CHINA_NINGXIA_2022,levofloxacin,1217,57,11,25,5,16,0.4074074074074074,0.8333333333333334,0.5925925925925926,0.16666666666666666,0.6203703703703703
CHINA_NINGXIA_2022,levofloxacin,1218,57,17,24,2,14,0.5483870967741935,0.9230769230769231,0.4516129032258064,0.07692307692307693,0.7357320099255583
CHINA_NINGXIA_2022,levofloxacin,1219,57,6,29,3,19,0.24,0.90625,0.76,0.09375,0.573125
CHINA_NINGXIA_2022,levofloxacin,1220,57,11,26,7,13,0.4583333333333333,0.7878787878787878,0.5416666666666666,0.21212121212121213,0.6231060606060606
CHINA_NINGXIA_2022,levofloxacin,1221,57,12,27,8,10,0.5454545454545454,0.7714285714285715,0.4545454545454545,0.22857142857142856,0.6584415584415584
CHINA_NINGXIA_2022,levofloxacin,1222,57,16,23,6,12,0.5714285714285714,0.7931034482758621,0.4285714285714285,0.20689655172413793,0.6822660098522167
CHINA_NINGXIA_2022,levofloxacin,1223,57,9,20,9,19,0.32142857142857145,0.6896551724137931,0.6785714285714286,0.3103448275862069,0.5055418719211823
CHINA_NINGXIA_2022,levofloxacin,1224,57,14,22,4,17,0.45161290322580644,0.8461538461538461,0.5483870967741935,0.15384615384615385,0.6488833746898263
CHINA_NINGXIA_2022,levofloxacin,1225,57,4,28,9,16,0.2,0.7567567567567568,0.8,0.24324324324324326,0.4783783783783784
CHINA_NINGXIA_2022,levofloxacin,1226,57,8,23,7,19,0.2962962962962963,0.7666666666666667,0.7037037037037037,0.23333333333333334,0.5314814814814814
CHINA_NINGXIA_2022,levofloxacin,1227,57,9,27,6,15,0.375,0.8181818181818182,0.625,0.18181818181818182,0.5965909090909092
CHINA_NINGXIA_2022,levofloxacin,1228,57,11,24,6,16,0.4074074074074074,0.8,0.5925925925925926,0.2,0.6037037037037037
CHINA_NINGXIA_2022,levofloxacin,1229,57,11,28,5,13,0.4583333333333333,0.8484848484848485,0.5416666666666666,0.15151515151515152,0.6534090909090909
CHINA_NINGXIA_2022,levofloxacin,1230,57,16,13,4,24,0.4,0.7647058823529411,0.6,0.23529411764705882,0.5823529411764705
CHINA_NINGXIA_2022,levofloxacin,1231,57,14,21,11,11,0.56,0.65625,0.44,0.34375,0.608125
CHINA_NINGXIA_2022,levofloxacin,1232,57,8,26,7,16,0.3333333333333333,0.7878787878787878,0.6666666666666666,0.21212121212121213,0.5606060606060606
CHINA_NINGXIA_2022,levofloxacin,1233,57,11,16,8,22,0.3333333333333333,0.6666666666666666,0.6666666666666666,0.3333333333333333,0.5
CHINA_NINGXIA_2022,levofloxacin,1234,57,9,23,10,15,0.375,0.696969696969697,0.625,0.30303030303030304,0.5359848484848485
CHINA_NINGXIA_2022,levofloxacin,1235,57,12,22,4,19,0.3870967741935484,0.8461538461538461,0.6129032258064516,0.15384615384615385,0.6166253101736973
CHINA_NINGXIA_2022,levofloxacin,1236,57,16,23,5,13,0.5517241379310345,0.8214285714285714,0.4482758620689655,0.17857142857142858,0.6865763546798029
CHINA_NINGXIA_2022,levofloxacin,1237,57,10,26,7,14,0.4166666666666667,0.7878787878787878,0.5833333333333334,0.21212121212121213,0.6022727272727273
CHINA_NINGXIA_2022,levofloxacin,1238,57,12,21,6,18,0.4,0.7777777777777778,0.6,0.2222222222222222,0.5888888888888889
CHINA_NINGXIA_2022,levofloxacin,1239,57,14,20,7,16,0.4666666666666667,0.7407407407407407,0.5333333333333333,0.25925925925925924,0.6037037037037036
CHINA_NINGXIA_2022,levofloxacin,1240,57,10,19,8,20,0.3333333333333333,0.7037037037037037,0.6666666666666666,0.2962962962962963,0.5185185185185185
CHINA_NINGXIA_2022,levofloxacin,1241,57,8,28,7,14,0.36363636363636365,0.8,0.6363636363636364,0.2,0.5818181818181818
CHINA_NINGXIA_2022,levofloxacin,1242,57,12,20,6,19,0.3870967741935484,0.7692307692307693,0.6129032258064516,0.23076923076923078,0.5781637717121588
CHINA_NINGXIA_2022,levofloxacin,1243,57,11,18,12,16,0.4074074074074074,0.6,0.5925925925925926,0.4,0.5037037037037037
CHINA_NINGXIA_2022,levofloxacin,1244,57,11,23,5,18,0.3793103448275862,0.8214285714285714,0.6206896551724138,0.17857142857142858,0.6003694581280787
CHINA_NINGXIA_2022,levofloxacin,1245,57,12,20,7,18,0.4,0.7407407407407407,0.6,0.25925925925925924,0.5703703703703704
CHINA_NINGXIA_2022,levofloxacin,1246,57,11,16,15,15,0.4230769230769231,0.5161290322580645,0.5769230769230769,0.4838709677419355,0.4696029776674938
CHINA_NINGXIA_2022,levofloxacin,1247,57,13,19,9,16,0.4482758620689655,0.6785714285714286,0.5517241379310345,0.32142857142857145,0.5634236453201971
CHINA_NINGXIA_2022,levofloxacin,1248,57,23,15,3,16,0.5897435897435898,0.8333333333333334,0.4102564102564102,0.16666666666666666,0.7115384615384616
CHINA_NINGXIA_2022,levofloxacin,1249,57,12,25,4,16,0.42857142857142855,0.8620689655172413,0.5714285714285714,0.13793103448275862,0.645320197044335
CHINA_NINGXIA_2022,levofloxacin,1250,57,11,16,6,24,0.3142857142857143,0.7272727272727273,0.6857142857142857,0.2727272727272727,0.5207792207792208
CHINA_NINGXIA_2022,levofloxacin,1251,57,12,23,11,11,0.5217391304347826,0.6764705882352942,0.4782608695652174,0.3235294117647059,0.5991048593350383
CHINA_NINGXIA_2022,levofloxacin,1252,57,7,27,7,16,0.30434782608695654,0.7941176470588235,0.6956521739130435,0.20588235294117646,0.54923273657289
CHINA_NINGXIA_2022,levofloxacin,1253,57,14,23,3,17,0.45161290322580644,0.8846153846153846,0.5483870967741935,0.11538461538461539,0.6681141439205955
CHINA_NINGXIA_2022,levofloxacin,1254,57,7,32,5,13,0.35,0.8648648648648649,0.65,0.13513513513513514,0.6074324324324325
CHINA_NINGXIA_2022,levofloxacin,1255,57,16,23,5,13,0.5517241379310345,0.8214285714285714,0.4482758620689655,0.17857142857142858,0.6865763546798029
CHINA_NINGXIA_2022,levofloxacin,1256,57,14,19,11,13,0.5185185185185185,0.6333333333333333,0.4814814814814814,0.36666666666666664,0.575925925925926
CHINA_NINGXIA_2022,levofloxacin,1257,57,16,18,8,15,0.5161290322580645,0.6923076923076923,0.4838709677419355,0.3076923076923077,0.6042183622828784
CHINA_NINGXIA_2022,levofloxacin,1258,57,11,19,7,20,0.3548387096774194,0.7307692307692307,0.6451612903225806,0.2692307692307692,0.542803970223325
CHINA_NINGXIA_2022,levofloxacin,1259,57,7,20,10,20,0.25925925925925924,0.6666666666666666,0.7407407407407407,0.3333333333333333,0.4629629629629629
CHINA_NINGXIA_2022,levofloxacin,1260,57,14,24,6,13,0.5185185185185185,0.8,0.4814814814814814,0.2,0.6592592592592592
CHINA_NINGXIA_2022,levofloxacin,1261,57,16,24,6,11,0.5925925925925926,0.8,0.4074074074074074,0.2,0.6962962962962963
CHINA_NINGXIA_2022,levofloxacin,1262,57,12,20,4,21,0.36363636363636365,0.8333333333333334,0.6363636363636364,0.16666666666666666,0.5984848484848485
CHINA_NINGXIA_2022,levofloxacin,1263,57,16,23,9,9,0.64,0.71875,0.36,0.28125,0.6793750000000001
CHINA_NINGXIA_2022,levofloxacin,1264,57,9,17,11,20,0.3103448275862069,0.6071428571428571,0.6896551724137931,0.39285714285714285,0.458743842364532
CHINA_NINGXIA_2022,levofloxacin,1265,57,9,26,8,14,0.391304347826087,0.7647058823529411,0.6086956521739131,0.23529411764705882,0.578005115089514
CHINA_NINGXIA_2022,levofloxacin,1266,57,17,26,3,11,0.6071428571428571,0.896551724137931,0.3928571428571428,0.10344827586206896,0.7518472906403941
CHINA_NINGXIA_2022,levofloxacin,1267,57,13,12,7,25,0.34210526315789475,0.631578947368421,0.6578947368421053,0.3684210526315789,0.4868421052631578
CHINA_NINGXIA_2022,levofloxacin,1268,57,13,14,13,17,0.43333333333333335,0.5185185185185185,0.5666666666666667,0.48148148148148145,0.4759259259259259
CHINA_NINGXIA_2022,levofloxacin,1269,57,15,15,11,16,0.4838709677419355,0.5769230769230769,0.5161290322580645,0.4230769230769231,0.5303970223325062
CHINA_NINGXIA_2022,levofloxacin,1270,57,9,24,7,17,0.34615384615384615,0.7741935483870968,0.6538461538461539,0.22580645161290322,0.5601736972704714
CHINA_NINGXIA_2022,levofloxacin,1271,57,9,21,12,15,0.375,0.6363636363636364,0.625,0.36363636363636365,0.5056818181818181
CHINA_NINGXIA_2022,levofloxacin,1272,57,11,19,8,19,0.36666666666666664,0.7037037037037037,0.6333333333333333,0.2962962962962963,0.5351851851851852
CHINA_NINGXIA_2022,levofloxacin,1273,57,12,16,9,20,0.375,0.64,0.625,0.36,0.5075000000000001
CHINA_NINGXIA_2022,levofloxacin,1274,57,10,22,5,20,0.3333333333333333,0.8148148148148148,0.6666666666666666,0.18518518518518517,0.5740740740740741
CHINA_NINGXIA_2022,levofloxacin,1275,57,8,22,8,19,0.2962962962962963,0.7333333333333333,0.7037037037037037,0.26666666666666666,0.5148148148148148
CHINA_NINGXIA_2022,levofloxacin,1276,57,7,30,9,11,0.3888888888888889,0.7692307692307693,0.6111111111111112,0.23076923076923078,0.5790598290598291
CHINA_NINGXIA_2022,levofloxacin,1277,57,6,22,14,15,0.2857142857142857,0.6111111111111112,0.7142857142857143,0.3888888888888889,0.4484126984126984
CHINA_NINGXIA_2022,levofloxacin,1278,57,10,26,7,14,0.4166666666666667,0.7878787878787878,0.5833333333333334,0.21212121212121213,0.6022727272727273
CHINA_NINGXIA_2022,levofloxacin,1279,57,12,20,7,18,0.4,0.7407407407407407,0.6,0.25925925925925924,0.5703703703703704
CHINA_NINGXIA_2022,levofloxacin,1280,57,9,23,7,18,0.3333333333333333,0.7666666666666667,0.6666666666666666,0.23333333333333334,0.55
CHINA_NINGXIA_2022,levofloxacin,1281,57,10,26,8,13,0.43478260869565216,0.7647058823529411,0.5652173913043478,0.23529411764705882,0.5997442455242966
CHINA_NINGXIA_2022,levofloxacin,1282,57,18,13,5,21,0.46153846153846156,0.7222222222222222,0.5384615384615384,0.2777777777777778,0.5918803418803419
CHINA_NINGXIA_2022,levofloxacin,1283,57,16,25,6,10,0.6153846153846154,0.8064516129032258,0.3846153846153846,0.1935483870967742,0.7109181141439206
CHINA_NINGXIA_2022,levofloxacin,1284,57,16,22,5,14,0.5333333333333333,0.8148148148148148,0.4666666666666667,0.18518518518518517,0.674074074074074
CHINA_NINGXIA_2022,levofloxacin,1285,57,10,20,4,23,0.30303030303030304,0.8333333333333334,0.696969696969697,0.16666666666666666,0.5681818181818182
CHINA_NINGXIA_2022,levofloxacin,1286,57,11,28,9,9,0.55,0.7567567567567568,0.45,0.24324324324324326,0.6533783783783784
CHINA_NINGXIA_2022,levofloxacin,1287,57,7,24,10,16,0.30434782608695654,0.7058823529411765,0.6956521739130435,0.29411764705882354,0.5051150895140666
CHINA_NINGXIA_2022,levofloxacin,1288,57,12,21,6,18,0.4,0.7777777777777778,0.6,0.2222222222222222,0.5888888888888889
CHINA_NINGXIA_2022,levofloxacin,1289,57,12,24,8,13,0.48,0.75,0.52,0.25,0.615
CHINA_NINGXIA_2022,levofloxacin,1290,57,9,26,3,19,0.32142857142857145,0.896551724137931,0.6785714285714286,0.10344827586206896,0.6089901477832512
CHINA_NINGXIA_2022,levofloxacin,1291,57,14,22,4,17,0.45161290322580644,0.8461538461538461,0.5483870967741935,0.15384615384615385,0.6488833746898263
CHINA_NINGXIA_2022,levofloxacin,1292,57,16,23,6,12,0.5714285714285714,0.7931034482758621,0.4285714285714285,0.20689655172413793,0.6822660098522167
CHINA_NINGXIA_2022,levofloxacin,1293,57,14,27,1,15,0.4827586206896552,0.9642857142857143,0.5172413793103449,0.03571428571428571,0.7235221674876847
CHINA_NINGXIA_2022,levofloxacin,1294,57,5,16,15,21,0.19230769230769232,0.5161290322580645,0.8076923076923077,0.4838709677419355,0.3542183622828784
CHINA_NINGXIA_2022,levofloxacin,1295,57,9,26,7,15,0.375,0.7878787878787878,0.625,0.21212121212121213,0.5814393939393939
CHINA_NINGXIA_2022,levofloxacin,1296,57,15,23,6,13,0.5357142857142857,0.7931034482758621,0.4642857142857143,0.20689655172413793,0.6644088669950738
CHINA_NINGXIA_2022,levofloxacin,1297,57,15,22,11,9,0.625,0.6666666666666666,0.375,0.3333333333333333,0.6458333333333333
CHINA_NINGXIA_2022,levofloxacin,1298,57,9,22,10,16,0.36,0.6875,0.64,0.3125,0.5237499999999999
CHINA_NINGXIA_2022,levofloxacin,1299,57,13,19,7,18,0.41935483870967744,0.7307692307692307,0.5806451612903226,0.2692307692307692,0.575062034739454
CHINA_NINGXIA_2022,levofloxacin,1300,57,9,19,12,17,0.34615384615384615,0.6129032258064516,0.6538461538461539,0.3870967741935484,0.4795285359801489
CHINA_NINGXIA_2022,levofloxacin,1301,57,15,25,5,12,0.5555555555555556,0.8333333333333334,0.4444444444444444,0.16666666666666666,0.6944444444444444
CHINA_NINGXIA_2022,levofloxacin,1302,57,11,20,7,19,0.36666666666666664,0.7407407407407407,0.6333333333333333,0.25925925925925924,0.5537037037037037
CHINA_NINGXIA_2022,levofloxacin,1303,57,19,16,3,19,0.5,0.8421052631578947,0.5,0.15789473684210525,0.6710526315789473
CHINA_NINGXIA_2022,levofloxacin,1304,57,9,27,8,13,0.4090909090909091,0.7714285714285715,0.5909090909090909,0.22857142857142856,0.5902597402597403
CHINA_NINGXIA_2022,levofloxacin,1305,57,13,24,7,13,0.5,0.7741935483870968,0.5,0.22580645161290322,0.6370967741935484
CHINA_NINGXIA_2022,levofloxacin,1306,57,16,18,4,19,0.45714285714285713,0.8181818181818182,0.5428571428571428,0.18181818181818182,0.6376623376623377
CHINA_NINGXIA_2022,levofloxacin,1307,57,7,30,5,15,0.3181818181818182,0.8571428571428571,0.6818181818181818,0.14285714285714285,0.5876623376623377
CHINA_NINGXIA_2022,levofloxacin,1308,57,15,24,6,12,0.5555555555555556,0.8,0.4444444444444444,0.2,0.6777777777777778
CHINA_NINGXIA_2022,levofloxacin,1309,57,12,24,6,15,0.4444444444444444,0.8,0.5555555555555556,0.2,0.6222222222222222
CHINA_NINGXIA_2022,levofloxacin,1310,57,11,22,5,19,0.36666666666666664,0.8148148148148148,0.6333333333333333,0.18518518518518517,0.5907407407407407
CHINA_NINGXIA_2022,levofloxacin,1311,57,8,22,9,18,0.3076923076923077,0.7096774193548387,0.6923076923076923,0.2903225806451613,0.5086848635235732
CHINA_NINGXIA_2022,levofloxacin,1312,57,16,19,6,16,0.5,0.76,0.5,0.24,0.63
CHINA_NINGXIA_2022,levofloxacin,1313,57,12,20,4,21,0.36363636363636365,0.8333333333333334,0.6363636363636364,0.16666666666666666,0.5984848484848485
CHINA_NINGXIA_2022,levofloxacin,1314,57,22,21,5,9,0.7096774193548387,0.8076923076923077,0.2903225806451613,0.19230769230769232,0.7586848635235732
CHINA_NINGXIA_2022,levofloxacin,1315,57,13,19,10,15,0.4642857142857143,0.6551724137931034,0.5357142857142857,0.3448275862068966,0.5597290640394088
CHINA_NINGXIA_2022,levofloxacin,1316,57,11,22,8,16,0.4074074074074074,0.7333333333333333,0.5925925925925926,0.26666666666666666,0.5703703703703703
CHINA_NINGXIA_2022,levofloxacin,1317,57,16,18,10,13,0.5517241379310345,0.6428571428571429,0.4482758620689655,0.35714285714285715,0.5972906403940887
CHINA_NINGXIA_2022,levofloxacin,1318,57,9,26,6,16,0.36,0.8125,0.64,0.1875,0.5862499999999999
CHINA_NINGXIA_2022,levofloxacin,1319,57,13,21,7,16,0.4482758620689655,0.75,0.5517241379310345,0.25,0.5991379310344828
CHINA_NINGXIA_2022,levofloxacin,1320,57,8,18,6,25,0.24242424242424243,0.75,0.7575757575757576,0.25,0.4962121212121212
CHINA_NINGXIA_2022,levofloxacin,1321,57,12,20,8,17,0.41379310344827586,0.7142857142857143,0.5862068965517241,0.2857142857142857,0.5640394088669951
CHINA_NINGXIA_2022,levofloxacin,1322,57,16,19,2,20,0.4444444444444444,0.9047619047619048,0.5555555555555556,0.09523809523809523,0.6746031746031746
CHINA_NINGXIA_2022,levofloxacin,1323,57,12,18,10,17,0.41379310344827586,0.6428571428571429,0.5862068965517241,0.35714285714285715,0.5283251231527094
CHINA_NINGXIA_2022,levofloxacin,1324,57,13,21,8,15,0.4642857142857143,0.7241379310344828,0.5357142857142857,0.27586206896551724,0.5942118226600985
CHINA_NINGXIA_2022,levofloxacin,1325,57,11,25,7,14,0.44,0.78125,0.56,0.21875,0.610625
CHINA_NINGXIA_2022,levofloxacin,1326,57,9,23,8,17,0.34615384615384615,0.7419354838709677,0.6538461538461539,0.25806451612903225,0.5440446650124069
CHINA_NINGXIA_2022,levofloxacin,1327,57,12,24,5,16,0.42857142857142855,0.8275862068965517,0.5714285714285714,0.1724137931034483,0.6280788177339901
CHINA_NINGXIA_2022,levofloxacin,1328,57,9,24,8,16,0.36,0.75,0.64,0.25,0.5549999999999999
CHINA_NINGXIA_2022,levofloxacin,1329,57,13,17,9,18,0.41935483870967744,0.6538461538461539,0.5806451612903226,0.34615384615384615,0.5366004962779156
CHINA_NINGXIA_2022,levofloxacin,1330,57,14,17,8,18,0.4375,0.68,0.5625,0.32,0.5587500000000001
CHINA_NINGXIA_2022,levofloxacin,1331,57,12,18,10,17,0.41379310344827586,0.6428571428571429,0.5862068965517241,0.35714285714285715,0.5283251231527094
CHINA_NINGXIA_2022,levofloxacin,1332,57,7,23,6,21,0.25,0.7931034482758621,0.75,0.20689655172413793,0.521551724137931
CHINA_NINGXIA_2022,levofloxacin,1333,57,11,19,8,19,0.36666666666666664,0.7037037037037037,0.6333333333333333,0.2962962962962963,0.5351851851851852
CHINA_NINGXIA_2022,levofloxacin,1334,57,10,24,6,17,0.37037037037037035,0.8,0.6296296296296297,0.2,0.5851851851851853
CHINA_NINGXIA_2022,levofloxacin,1335,57,12,28,4,13,0.48,0.875,0.52,0.125,0.6775
CHINA_NINGXIA_2022,levofloxacin,1336,57,9,26,11,11,0.45,0.7027027027027027,0.55,0.2972972972972973,0.5763513513513514
CHINA_NINGXIA_2022,levofloxacin,1337,57,6,25,9,17,0.2608695652173913,0.7352941176470589,0.7391304347826086,0.2647058823529412,0.4980818414322251
CHINA_NINGXIA_2022,levofloxacin,1338,57,9,29,6,13,0.4090909090909091,0.8285714285714286,0.5909090909090909,0.17142857142857143,0.6188311688311688
CHINA_NINGXIA_2022,levofloxacin,1339,57,5,29,6,17,0.22727272727272727,0.8285714285714286,0.7727272727272727,0.17142857142857143,0.5279220779220779
CHINA_NINGXIA_2022,levofloxacin,1340,57,11,20,6,20,0.3548387096774194,0.7692307692307693,0.6451612903225806,0.23076923076923078,0.5620347394540943
CHINA_NINGXIA_2022,levofloxacin,1341,57,6,20,8,23,0.20689655172413793,0.7142857142857143,0.7931034482758621,0.2857142857142857,0.4605911330049261
CHINA_NINGXIA_2022,levofloxacin,1342,57,16,19,5,17,0.48484848484848486,0.7916666666666666,0.5151515151515151,0.20833333333333334,0.6382575757575757
CHINA_NINGXIA_2022,levofloxacin,1343,57,10,21,6,20,0.3333333333333333,0.7777777777777778,0.6666666666666666,0.2222222222222222,0.5555555555555556
CHINA_NINGXIA_2022,levofloxacin,1344,57,10,25,9,13,0.43478260869565216,0.7352941176470589,0.5652173913043478,0.2647058823529412,0.5850383631713555
CHINA_NINGXIA_2022,levofloxacin,1345,57,13,15,8,21,0.38235294117647056,0.6521739130434783,0.6176470588235294,0.34782608695652173,0.5172634271099744
CHINA_NINGXIA_2022,levofloxacin,1346,57,17,21,4,15,0.53125,0.84,0.46875,0.16,0.6856249999999999
CHINA_NINGXIA_2022,levofloxacin,1347,57,14,25,3,15,0.4827586206896552,0.8928571428571429,0.5172413793103449,0.10714285714285714,0.687807881773399
CHINA_NINGXIA_2022,levofloxacin,1348,57,6,25,9,17,0.2608695652173913,0.7352941176470589,0.7391304347826086,0.2647058823529412,0.4980818414322251
CHINA_NINGXIA_2022,levofloxacin,1349,57,14,25,3,15,0.4827586206896552,0.8928571428571429,0.5172413793103449,0.10714285714285714,0.687807881773399
CHINA_NINGXIA_2022,levofloxacin,1350,57,14,18,8,17,0.45161290322580644,0.6923076923076923,0.5483870967741935,0.3076923076923077,0.5719602977667494
CHINA_NINGXIA_2022,levofloxacin,1351,57,19,19,5,14,0.5757575757575758,0.7916666666666666,0.4242424242424242,0.20833333333333334,0.6837121212121212
CHINA_NINGXIA_2022,levofloxacin,1352,57,15,28,1,13,0.5357142857142857,0.9655172413793104,0.4642857142857143,0.034482758620689655,0.750615763546798
CHINA_NINGXIA_2022,levofloxacin,1353,57,10,19,5,23,0.30303030303030304,0.7916666666666666,0.696969696969697,0.20833333333333334,0.5473484848484849
CHINA_NINGXIA_2022,levofloxacin,1354,57,7,23,8,19,0.2692307692307692,0.7419354838709677,0.7307692307692307,0.25806451612903225,0.5055831265508685
CHINA_NINGXIA_2022,levofloxacin,1355,57,9,22,5,21,0.3,0.8148148148148148,0.7,0.18518518518518517,0.5574074074074074
CHINA_NINGXIA_2022,levofloxacin,1356,57,9,26,4,18,0.3333333333333333,0.8666666666666667,0.6666666666666666,0.13333333333333333,0.6
CHINA_NINGXIA_2022,levofloxacin,1357,57,16,17,6,18,0.47058823529411764,0.7391304347826086,0.5294117647058824,0.2608695652173913,0.6048593350383631
CHINA_NINGXIA_2022,levofloxacin,1358,57,15,23,5,14,0.5172413793103449,0.8214285714285714,0.4827586206896552,0.17857142857142858,0.6693349753694582
CHINA_NINGXIA_2022,levofloxacin,1359,57,13,22,6,16,0.4482758620689655,0.7857142857142857,0.5517241379310345,0.21428571428571427,0.6169950738916257
CHINA_NINGXIA_2022,levofloxacin,1360,57,10,22,7,18,0.35714285714285715,0.7586206896551724,0.6428571428571429,0.2413793103448276,0.5578817733990148
CHINA_NINGXIA_2022,levofloxacin,1361,57,7,24,8,18,0.28,0.75,0.72,0.25,0.515
CHINA_NINGXIA_2022,levofloxacin,1362,57,15,20,6,16,0.4838709677419355,0.7692307692307693,0.5161290322580645,0.23076923076923078,0.6265508684863523
CHINA_NINGXIA_2022,levofloxacin,1363,57,9,16,7,25,0.2647058823529412,0.6956521739130435,0.7352941176470589,0.30434782608695654,0.4801790281329923
CHINA_NINGXIA_2022,levofloxacin,1364,57,13,18,11,15,0.4642857142857143,0.6206896551724138,0.5357142857142857,0.3793103448275862,0.5424876847290641
CHINA_NINGXIA_2022,levofloxacin,1365,57,17,17,7,16,0.5151515151515151,0.7083333333333334,0.4848484848484848,0.2916666666666667,0.6117424242424243
CHINA_NINGXIA_2022,levofloxacin,1366,57,15,18,9,15,0.5,0.6666666666666666,0.5,0.3333333333333333,0.5833333333333333
CHINA_NINGXIA_2022,levofloxacin,1367,57,18,23,6,10,0.6428571428571429,0.7931034482758621,0.3571428571428571,0.20689655172413793,0.7179802955665024
CHINA_NINGXIA_2022,levofloxacin,1368,57,12,18,9,18,0.4,0.6666666666666666,0.6,0.3333333333333333,0.5333333333333333
CHINA_NINGXIA_2022,levofloxacin,1369,57,12,19,9,17,0.41379310344827586,0.6785714285714286,0.5862068965517241,0.32142857142857145,0.5461822660098522
CHINA_NINGXIA_2022,levofloxacin,1370,57,10,25,10,12,0.45454545454545453,0.7142857142857143,0.5454545454545454,0.2857142857142857,0.5844155844155844
CHINA_NINGXIA_2022,levofloxacin,1371,57,13,24,6,14,0.48148148148148145,0.8,0.5185185185185185,0.2,0.6407407407407407
CHINA_NINGXIA_2022,levofloxacin,1372,57,13,16,7,21,0.38235294117647056,0.6956521739130435,0.6176470588235294,0.30434782608695654,0.539002557544757
CHINA_NINGXIA_2022,levofloxacin,1373,57,11,18,9,19,0.36666666666666664,0.6666666666666666,0.6333333333333333,0.3333333333333333,0.5166666666666666
CHINA_NINGXIA_2022,levofloxacin,1374,57,13,21,9,14,0.48148148148148145,0.7,0.5185185185185185,0.3,0.5907407407407407
CHINA_NINGXIA_2022,levofloxacin,1375,57,16,18,6,17,0.48484848484848486,0.75,0.5151515151515151,0.25,0.6174242424242424
CHINA_NINGXIA_2022,levofloxacin,1376,57,14,17,11,15,0.4827586206896552,0.6071428571428571,0.5172413793103449,0.39285714285714285,0.5449507389162561
CHINA_NINGXIA_2022,levofloxacin,1377,57,14,23,5,15,0.4827586206896552,0.8214285714285714,0.5172413793103449,0.17857142857142858,0.6520935960591133
CHINA_NINGXIA_2022,levofloxacin,1378,57,9,30,6,12,0.42857142857142855,0.8333333333333334,0.5714285714285714,0.16666666666666666,0.6309523809523809
CHINA_NINGXIA_2022,levofloxacin,1379,57,15,20,7,15,0.5,0.7407407407407407,0.5,0.25925925925925924,0.6203703703703703
CHINA_NINGXIA_2022,levofloxacin,1380,57,14,24,6,13,0.5185185185185185,0.8,0.4814814814814814,0.2,0.6592592592592592
CHINA_NINGXIA_2022,levofloxacin,1381,57,9,19,7,22,0.2903225806451613,0.7307692307692307,0.7096774193548387,0.2692307692307692,0.510545905707196
CHINA_NINGXIA_2022,levofloxacin,1382,57,13,21,8,15,0.4642857142857143,0.7241379310344828,0.5357142857142857,0.27586206896551724,0.5942118226600985
CHINA_NINGXIA_2022,levofloxacin,1383,57,9,25,8,15,0.375,0.7575757575757576,0.625,0.24242424242424243,0.5662878787878788
CHINA_NINGXIA_2022,levofloxacin,1384,57,16,20,5,16,0.5,0.8,0.5,0.2,0.65
CHINA_NINGXIA_2022,levofloxacin,1385,57,12,15,14,16,0.42857142857142855,0.5172413793103449,0.5714285714285714,0.4827586206896552,0.4729064039408867
CHINA_NINGXIA_2022,levofloxacin,1386,57,12,24,7,14,0.46153846153846156,0.7741935483870968,0.5384615384615384,0.22580645161290322,0.6178660049627791
CHINA_NINGXIA_2022,levofloxacin,1387,57,9,28,4,16,0.36,0.875,0.64,0.125,0.6174999999999999
CHINA_NINGXIA_2022,levofloxacin,1388,57,11,21,7,18,0.3793103448275862,0.75,0.6206896551724138,0.25,0.5646551724137931
CHINA_NINGXIA_2022,levofloxacin,1389,57,15,25,6,11,0.5769230769230769,0.8064516129032258,0.4230769230769231,0.1935483870967742,0.6916873449131513
CHINA_NINGXIA_2022,levofloxacin,1390,57,12,24,3,18,0.4,0.8888888888888888,0.6,0.1111111111111111,0.6444444444444444
CHINA_NINGXIA_2022,levofloxacin,1391,57,8,27,5,17,0.32,0.84375,0.68,0.15625,0.581875
CHINA_NINGXIA_2022,levofloxacin,1392,57,15,21,4,17,0.46875,0.84,0.53125,0.16,0.6543749999999999
CHINA_NINGXIA_2022,levofloxacin,1393,57,15,22,3,17,0.46875,0.88,0.53125,0.12,0.674375
CHINA_NINGXIA_2022,levofloxacin,1394,57,8,31,5,13,0.38095238095238093,0.8611111111111112,0.6190476190476191,0.1388888888888889,0.621031746031746
CHINA_NINGXIA_2022,levofloxacin,1395,57,12,20,8,17,0.41379310344827586,0.7142857142857143,0.5862068965517241,0.2857142857142857,0.5640394088669951
CHINA_NINGXIA_2022,levofloxacin,1396,57,11,23,6,17,0.39285714285714285,0.7931034482758621,0.6071428571428571,0.20689655172413793,0.5929802955665024
CHINA_NINGXIA_2022,levofloxacin,1397,57,12,21,4,20,0.375,0.84,0.625,0.16,0.6074999999999999
CHINA_NINGXIA_2022,levofloxacin,1398,57,15,24,3,15,0.5,0.8888888888888888,0.5,0.1111111111111111,0.6944444444444444
CHINA_NINGXIA_2022,levofloxacin,1399,57,14,23,8,12,0.5384615384615384,0.7419354838709677,0.4615384615384615,0.25806451612903225,0.6401985111662531
CHINA_NINGXIA_2022,levofloxacin,1400,57,9,21,8,19,0.32142857142857145,0.7241379310344828,0.6785714285714286,0.27586206896551724,0.5227832512315271
CHINA_NINGXIA_2022,levofloxacin,1401,57,19,17,7,14,0.5757575757575758,0.7083333333333334,0.4242424242424242,0.2916666666666667,0.6420454545454546
CHINA_NINGXIA_2022,levofloxacin,1402,57,17,16,6,18,0.4857142857142857,0.7272727272727273,0.5142857142857142,0.2727272727272727,0.6064935064935065
CHINA_NINGXIA_2022,levofloxacin,1403,57,15,20,9,13,0.5357142857142857,0.6896551724137931,0.4642857142857143,0.3103448275862069,0.6126847290640394
CHINA_NINGXIA_2022,levofloxacin,1404,57,11,26,6,14,0.44,0.8125,0.56,0.1875,0.62625
CHINA_NINGXIA_2022,levofloxacin,1405,57,12,19,9,17,0.41379310344827586,0.6785714285714286,0.5862068965517241,0.32142857142857145,0.5461822660098522
CHINA_NINGXIA_2022,levofloxacin,1406,57,15,19,11,12,0.5555555555555556,0.6333333333333333,0.4444444444444444,0.36666666666666664,0.5944444444444444
CHINA_NINGXIA_2022,levofloxacin,1407,57,11,22,6,18,0.3793103448275862,0.7857142857142857,0.6206896551724138,0.21428571428571427,0.5825123152709359
CHINA_NINGXIA_2022,levofloxacin,1408,57,17,22,7,11,0.6071428571428571,0.7586206896551724,0.3928571428571428,0.2413793103448276,0.6828817733990147
CHINA_NINGXIA_2022,levofloxacin,1409,57,10,22,7,18,0.35714285714285715,0.7586206896551724,0.6428571428571429,0.2413793103448276,0.5578817733990148
CHINA_NINGXIA_2022,levofloxacin,1410,57,9,20,10,18,0.3333333333333333,0.6666666666666666,0.6666666666666666,0.3333333333333333,0.5
CHINA_NINGXIA_2022,levofloxacin,1411,57,9,20,11,17,0.34615384615384615,0.6451612903225806,0.6538461538461539,0.3548387096774194,0.4956575682382134
CHINA_NINGXIA_2022,levofloxacin,1412,57,17,19,6,15,0.53125,0.76,0.46875,0.24,0.645625
CHINA_NINGXIA_2022,levofloxacin,1413,57,9,16,9,23,0.28125,0.64,0.71875,0.36,0.460625
CHINA_NINGXIA_2022,levofloxacin,1414,57,9,27,9,12,0.42857142857142855,0.75,0.5714285714285714,0.25,0.5892857142857143
CHINA_NINGXIA_2022,levofloxacin,1415,57,17,22,7,11,0.6071428571428571,0.7586206896551724,0.3928571428571428,0.2413793103448276,0.6828817733990147
CHINA_NINGXIA_2022,levofloxacin,1416,57,11,27,3,16,0.4074074074074074,0.9,0.5925925925925926,0.1,0.6537037037037037
CHINA_NINGXIA_2022,levofloxacin,1417,57,9,28,3,17,0.34615384615384615,0.9032258064516129,0.6538461538461539,0.0967741935483871,0.6246898263027295
CHINA_NINGXIA_2022,levofloxacin,1418,57,9,21,7,20,0.3103448275862069,0.75,0.6896551724137931,0.25,0.5301724137931034
CHINA_NINGXIA_2022,levofloxacin,1419,57,11,22,11,13,0.4583333333333333,0.6666666666666666,0.5416666666666666,0.3333333333333333,0.5625
CHINA_NINGXIA_2022,levofloxacin,1420,57,9,27,7,14,0.391304347826087,0.7941176470588235,0.6086956521739131,0.20588235294117646,0.5927109974424553
CHINA_NINGXIA_2022,levofloxacin,1421,57,8,21,8,20,0.2857142857142857,0.7241379310344828,0.7142857142857143,0.27586206896551724,0.5049261083743842
CHINA_NINGXIA_2022,levofloxacin,1422,57,17,21,8,11,0.6071428571428571,0.7241379310344828,0.3928571428571428,0.27586206896551724,0.6656403940886699
CHINA_NINGXIA_2022,levofloxacin,1423,57,11,25,6,15,0.4230769230769231,0.8064516129032258,0.5769230769230769,0.1935483870967742,0.6147642679900744
CHINA_NINGXIA_2022,levofloxacin,1424,57,15,19,11,12,0.5555555555555556,0.6333333333333333,0.4444444444444444,0.36666666666666664,0.5944444444444444
CHINA_NINGXIA_2022,levofloxacin,1425,57,10,27,5,15,0.4,0.84375,0.6,0.15625,0.621875
CHINA_NINGXIA_2022,levofloxacin,1426,57,13,22,5,17,0.43333333333333335,0.8148148148148148,0.5666666666666667,0.18518518518518517,0.624074074074074
CHINA_NINGXIA_2022,levofloxacin,1427,57,18,23,2,14,0.5625,0.92,0.4375,0.08,0.74125
CHINA_NINGXIA_2022,levofloxacin,1428,57,15,28,7,7,0.6818181818181818,0.8,0.3181818181818182,0.2,0.740909090909091
CHINA_NINGXIA_2022,levofloxacin,1429,57,13,24,8,12,0.52,0.75,0.48,0.25,0.635
CHINA_NINGXIA_2022,levofloxacin,1430,57,16,22,3,16,0.5,0.88,0.5,0.12,0.69
CHINA_NINGXIA_2022,levofloxacin,1431,57,11,18,9,19,0.36666666666666664,0.6666666666666666,0.6333333333333333,0.3333333333333333,0.5166666666666666
CHINA_NINGXIA_2022,levofloxacin,1432,57,6,27,6,18,0.25,0.8181818181818182,0.75,0.18181818181818182,0.5340909090909092
CHINA_NINGXIA_2022,levofloxacin,1433,57,12,19,8,18,0.4,0.7037037037037037,0.6,0.2962962962962963,0.5518518518518518
CHINA_NINGXIA_2022,levofloxacin,1434,57,12,18,9,18,0.4,0.6666666666666666,0.6,0.3333333333333333,0.5333333333333333
CHINA_NINGXIA_2022,levofloxacin,1435,57,14,24,7,12,0.5384615384615384,0.7741935483870968,0.4615384615384615,0.22580645161290322,0.6563275434243176
CHINA_NINGXIA_2022,levofloxacin,1436,57,7,24,8,18,0.28,0.75,0.72,0.25,0.515
CHINA_NINGXIA_2022,levofloxacin,1437,57,16,18,6,17,0.48484848484848486,0.75,0.5151515151515151,0.25,0.6174242424242424
CHINA_NINGXIA_2022,levofloxacin,1438,57,3,26,8,20,0.13043478260869565,0.7647058823529411,0.8695652173913043,0.23529411764705882,0.4475703324808184
CHINA_NINGXIA_2022,levofloxacin,1439,57,15,20,7,15,0.5,0.7407407407407407,0.5,0.25925925925925924,0.6203703703703703
CHINA_NINGXIA_2022,levofloxacin,1440,57,16,22,6,13,0.5517241379310345,0.7857142857142857,0.4482758620689655,0.21428571428571427,0.6687192118226601
CHINA_NINGXIA_2022,levofloxacin,1441,57,17,16,7,17,0.5,0.6956521739130435,0.5,0.30434782608695654,0.5978260869565217
CHINA_NINGXIA_2022,levofloxacin,1442,57,11,23,7,16,0.4074074074074074,0.7666666666666667,0.5925925925925926,0.23333333333333334,0.587037037037037
CHINA_NINGXIA_2022,levofloxacin,1443,57,11,21,10,15,0.4230769230769231,0.6774193548387096,0.5769230769230769,0.3225806451612903,0.5502481389578163
CHINA_NINGXIA_2022,levofloxacin,1444,57,14,25,6,12,0.5384615384615384,0.8064516129032258,0.4615384615384615,0.1935483870967742,0.6724565756823822
CHINA_NINGXIA_2022,levofloxacin,1445,57,12,16,8,21,0.36363636363636365,0.6666666666666666,0.6363636363636364,0.3333333333333333,0.5151515151515151
CHINA_NINGXIA_2022,levofloxacin,1446,57,8,19,5,25,0.24242424242424243,0.7916666666666666,0.7575757575757576,0.20833333333333334,0.5170454545454546
CHINA_NINGXIA_2022,levofloxacin,1447,57,11,21,6,19,0.36666666666666664,0.7777777777777778,0.6333333333333333,0.2222222222222222,0.5722222222222222
CHINA_NINGXIA_2022,levofloxacin,1448,57,15,22,5,15,0.5,0.8148148148148148,0.5,0.18518518518518517,0.6574074074074074
CHINA_NINGXIA_2022,levofloxacin,1449,57,6,25,11,15,0.2857142857142857,0.6944444444444444,0.7142857142857143,0.3055555555555556,0.490079365079365
CHINA_NINGXIA_2022,levofloxacin,1450,57,14,24,8,11,0.56,0.75,0.44,0.25,0.655
CHINA_NINGXIA_2022,levofloxacin,1451,57,12,25,4,16,0.42857142857142855,0.8620689655172413,0.5714285714285714,0.13793103448275862,0.645320197044335
CHINA_NINGXIA_2022,levofloxacin,1452,57,12,23,8,14,0.46153846153846156,0.7419354838709677,0.5384615384615384,0.25806451612903225,0.6017369727047146
CHINA_NINGXIA_2022,levofloxacin,1453,57,11,22,7,17,0.39285714285714285,0.7586206896551724,0.6071428571428571,0.2413793103448276,0.5757389162561576
CHINA_NINGXIA_2022,levofloxacin,1454,57,13,24,5,15,0.4642857142857143,0.8275862068965517,0.5357142857142857,0.1724137931034483,0.645935960591133
CHINA_NINGXIA_2022,levofloxacin,1455,57,6,22,9,20,0.23076923076923078,0.7096774193548387,0.7692307692307693,0.2903225806451613,0.4702233250620348
CHINA_NINGXIA_2022,levofloxacin,1456,57,15,16,5,21,0.4166666666666667,0.7619047619047619,0.5833333333333334,0.23809523809523808,0.5892857142857143
CHINA_NINGXIA_2022,levofloxacin,1457,57,10,17,8,22,0.3125,0.68,0.6875,0.32,0.49625
CHINA_NINGXIA_2022,levofloxacin,1458,57,13,18,6,20,0.3939393939393939,0.75,0.6060606060606061,0.25,0.571969696969697
CHINA_NINGXIA_2022,levofloxacin,1459,57,15,18,9,15,0.5,0.6666666666666666,0.5,0.3333333333333333,0.5833333333333333
CHINA_NINGXIA_2022,levofloxacin,1460,57,10,23,6,18,0.35714285714285715,0.7931034482758621,0.6428571428571429,0.20689655172413793,0.5751231527093597
CHINA_NINGXIA_2022,levofloxacin,1461,57,15,24,5,13,0.5357142857142857,0.8275862068965517,0.4642857142857143,0.1724137931034483,0.6816502463054187
CHINA_NINGXIA_2022,levofloxacin,1462,57,6,17,9,25,0.1935483870967742,0.6538461538461539,0.8064516129032258,0.34615384615384615,0.423697270471464
CHINA_NINGXIA_2022,levofloxacin,1463,57,19,18,3,17,0.5277777777777778,0.8571428571428571,0.4722222222222222,0.14285714285714285,0.6924603174603174
CHINA_NINGXIA_2022,levofloxacin,1464,57,17,17,12,11,0.6071428571428571,0.5862068965517241,0.3928571428571428,0.41379310344827586,0.5966748768472906
CHINA_NINGXIA_2022,levofloxacin,1465,57,16,26,6,9,0.64,0.8125,0.36,0.1875,0.7262500000000001
CHINA_NINGXIA_2022,levofloxacin,1466,57,9,26,10,12,0.42857142857142855,0.7222222222222222,0.5714285714285714,0.2777777777777778,0.5753968253968254
CHINA_NINGXIA_2022,levofloxacin,1467,57,9,18,9,21,0.3,0.6666666666666666,0.7,0.3333333333333333,0.4833333333333333
CHINA_NINGXIA_2022,levofloxacin,1468,57,9,24,4,20,0.3103448275862069,0.8571428571428571,0.6896551724137931,0.14285714285714285,0.583743842364532
CHINA_NINGXIA_2022,levofloxacin,1469,57,10,25,4,18,0.35714285714285715,0.8620689655172413,0.6428571428571429,0.13793103448275862,0.6096059113300493
CHINA_NINGXIA_2022,levofloxacin,1470,57,8,22,6,21,0.27586206896551724,0.7857142857142857,0.7241379310344828,0.21428571428571427,0.5307881773399015
CHINA_NINGXIA_2022,levofloxacin,1471,57,9,26,7,15,0.375,0.7878787878787878,0.625,0.21212121212121213,0.5814393939393939
CHINA_NINGXIA_2022,levofloxacin,1472,57,12,25,5,15,0.4444444444444444,0.8333333333333334,0.5555555555555556,0.16666666666666666,0.6388888888888888
CHINA_NINGXIA_2022,levofloxacin,1473,57,12,21,8,16,0.42857142857142855,0.7241379310344828,0.5714285714285714,0.27586206896551724,0.5763546798029556
CHINA_NINGXIA_2022,levofloxacin,1474,57,9,23,7,18,0.3333333333333333,0.7666666666666667,0.6666666666666666,0.23333333333333334,0.55
CHINA_NINGXIA_2022,levofloxacin,1475,57,7,28,6,16,0.30434782608695654,0.8235294117647058,0.6956521739130435,0.17647058823529413,0.5639386189258312
CHINA_NINGXIA_2022,levofloxacin,1476,57,9,20,9,19,0.32142857142857145,0.6896551724137931,0.6785714285714286,0.3103448275862069,0.5055418719211823
CHINA_NINGXIA_2022,levofloxacin,1477,57,16,11,8,22,0.42105263157894735,0.5789473684210527,0.5789473684210527,0.42105263157894735,0.5
CHINA_NINGXIA_2022,levofloxacin,1478,57,11,20,9,17,0.39285714285714285,0.6896551724137931,0.6071428571428571,0.3103448275862069,0.541256157635468
CHINA_NINGXIA_2022,levofloxacin,1479,57,12,22,5,18,0.4,0.8148148148148148,0.6,0.18518518518518517,0.6074074074074074
CHINA_NINGXIA_2022,levofloxacin,1480,57,10,29,6,12,0.45454545454545453,0.8285714285714286,0.5454545454545454,0.17142857142857143,0.6415584415584416
CHINA_NINGXIA_2022,levofloxacin,1481,57,9,25,5,18,0.3333333333333333,0.8333333333333334,0.6666666666666666,0.16666666666666666,0.5833333333333334
CHINA_NINGXIA_2022,levofloxacin,1482,57,8,26,8,15,0.34782608695652173,0.7647058823529411,0.6521739130434783,0.23529411764705882,0.5562659846547314
CHINA_NINGXIA_2022,levofloxacin,1483,57,17,14,13,13,0.5666666666666667,0.5185185185185185,0.4333333333333333,0.48148148148148145,0.5425925925925925
CHINA_NINGXIA_2022,levofloxacin,1484,57,11,23,6,17,0.39285714285714285,0.7931034482758621,0.6071428571428571,0.20689655172413793,0.5929802955665024
CHINA_NINGXIA_2022,levofloxacin,1485,57,13,29,6,9,0.5909090909090909,0.8285714285714286,0.4090909090909091,0.17142857142857143,0.7097402597402598
CHINA_NINGXIA_2022,levofloxacin,1486,57,14,23,7,13,0.5185185185185185,0.7666666666666667,0.4814814814814814,0.23333333333333334,0.6425925925925926
CHINA_NINGXIA_2022,levofloxacin,1487,57,12,23,5,17,0.41379310344827586,0.8214285714285714,0.5862068965517241,0.17857142857142858,0.6176108374384236
CHINA_NINGXIA_2022,levofloxacin,1488,57,10,27,6,14,0.4166666666666667,0.8181818181818182,0.5833333333333334,0.18181818181818182,0.6174242424242424
CHINA_NINGXIA_2022,levofloxacin,1489,57,8,21,7,21,0.27586206896551724,0.75,0.7241379310344828,0.25,0.5129310344827587
CHINA_NINGXIA_2022,levofloxacin,1490,57,10,23,9,15,0.4,0.71875,0.6,0.28125,0.559375
CHINA_NINGXIA_2022,levofloxacin,1491,57,15,15,12,15,0.5,0.5555555555555556,0.5,0.4444444444444444,0.5277777777777778
CHINA_NINGXIA_2022,levofloxacin,1492,57,11,23,7,16,0.4074074074074074,0.7666666666666667,0.5925925925925926,0.23333333333333334,0.587037037037037
CHINA_NINGXIA_2022,levofloxacin,1493,57,14,27,7,9,0.6086956521739131,0.7941176470588235,0.391304347826087,0.20588235294117646,0.7014066496163682
CHINA_NINGXIA_2022,levofloxacin,1494,57,7,24,6,20,0.25925925925925924,0.8,0.7407407407407407,0.2,0.5296296296296297
CHINA_NINGXIA_2022,levofloxacin,1495,57,11,26,8,12,0.4782608695652174,0.7647058823529411,0.5217391304347826,0.23529411764705882,0.6214833759590792
CHINA_NINGXIA_2022,levofloxacin,1496,57,11,23,12,11,0.5,0.6571428571428571,0.5,0.34285714285714286,0.5785714285714285
CHINA_NINGXIA_2022,levofloxacin,1497,57,8,24,11,14,0.36363636363636365,0.6857142857142857,0.6363636363636364,0.3142857142857143,0.5246753246753246
CHINA_NINGXIA_2022,levofloxacin,1498,57,8,25,8,16,0.3333333333333333,0.7575757575757576,0.6666666666666666,0.24242424242424243,0.5454545454545454
CHINA_NINGXIA_2022,levofloxacin,1499,57,8,23,13,13,0.38095238095238093,0.6388888888888888,0.6190476190476191,0.3611111111111111,0.5099206349206349
CHINA_NINGXIA_2022,levofloxacin,1500,57,17,22,4,14,0.5483870967741935,0.8461538461538461,0.4516129032258064,0.15384615384615385,0.6972704714640199
CHINA_NINGXIA_2022,levofloxacin,1501,57,5,21,10,21,0.19230769230769232,0.6774193548387096,0.8076923076923077,0.3225806451612903,0.4348635235732009
CHINA_NINGXIA_2022,levofloxacin,1502,57,13,23,6,15,0.4642857142857143,0.7931034482758621,0.5357142857142857,0.20689655172413793,0.6286945812807883
CHINA_NINGXIA_2022,levofloxacin,1503,57,12,27,3,15,0.4444444444444444,0.9,0.5555555555555556,0.1,0.6722222222222223
CHINA_NINGXIA_2022,levofloxacin,1504,57,17,24,5,11,0.6071428571428571,0.8275862068965517,0.3928571428571428,0.1724137931034483,0.7173645320197044
CHINA_NINGXIA_2022,levofloxacin,1505,57,15,19,9,14,0.5172413793103449,0.6785714285714286,0.4827586206896552,0.32142857142857145,0.5979064039408868
CHINA_NINGXIA_2022,levofloxacin,1506,57,13,21,7,16,0.4482758620689655,0.75,0.5517241379310345,0.25,0.5991379310344828
CHINA_NINGXIA_2022,levofloxacin,1507,57,14,21,5,17,0.45161290322580644,0.8076923076923077,0.5483870967741935,0.19230769230769232,0.6296526054590571
CHINA_NINGXIA_2022,levofloxacin,1508,57,10,21,10,16,0.38461538461538464,0.6774193548387096,0.6153846153846154,0.3225806451612903,0.5310173697270472
CHINA_NINGXIA_2022,levofloxacin,1509,57,19,16,5,17,0.5277777777777778,0.7619047619047619,0.4722222222222222,0.23809523809523808,0.6448412698412698
CHINA_NINGXIA_2022,levofloxacin,1510,57,8,20,2,27,0.22857142857142856,0.9090909090909091,0.7714285714285715,0.09090909090909091,0.5688311688311688
CHINA_NINGXIA_2022,levofloxacin,1511,57,9,24,4,20,0.3103448275862069,0.8571428571428571,0.6896551724137931,0.14285714285714285,0.583743842364532
CHINA_NINGXIA_2022,levofloxacin,1512,57,12,21,7,17,0.41379310344827586,0.75,0.5862068965517241,0.25,0.5818965517241379
CHINA_NINGXIA_2022,levofloxacin,1513,57,13,24,5,15,0.4642857142857143,0.8275862068965517,0.5357142857142857,0.1724137931034483,0.645935960591133
CHINA_NINGXIA_2022,levofloxacin,1514,57,10,24,5,18,0.35714285714285715,0.8275862068965517,0.6428571428571429,0.1724137931034483,0.5923645320197044
CHINA_NINGXIA_2022,levofloxacin,1515,57,12,27,6,12,0.5,0.8181818181818182,0.5,0.18181818181818182,0.6590909090909092
CHINA_NINGXIA_2022,levofloxacin,1516,57,9,20,6,22,0.2903225806451613,0.7692307692307693,0.7096774193548387,0.23076923076923078,0.5297766749379653
CHINA_NINGXIA_2022,levofloxacin,1517,57,12,22,4,19,0.3870967741935484,0.8461538461538461,0.6129032258064516,0.15384615384615385,0.6166253101736973
CHINA_NINGXIA_2022,levofloxacin,1518,57,16,20,5,16,0.5,0.8,0.5,0.2,0.65
CHINA_NINGXIA_2022,levofloxacin,1519,57,14,26,10,7,0.6666666666666666,0.7222222222222222,0.3333333333333333,0.2777777777777778,0.6944444444444444
CHINA_NINGXIA_2022,levofloxacin,1520,57,13,21,5,18,0.41935483870967744,0.8076923076923077,0.5806451612903226,0.19230769230769232,0.6135235732009926
CHINA_NINGXIA_2022,levofloxacin,1521,57,10,26,5,16,0.38461538461538464,0.8387096774193549,0.6153846153846154,0.16129032258064516,0.6116625310173698
CHINA_NINGXIA_2022,levofloxacin,1522,57,7,27,5,18,0.28,0.84375,0.72,0.15625,0.561875
CHINA_NINGXIA_2022,levofloxacin,1523,57,8,20,8,21,0.27586206896551724,0.7142857142857143,0.7241379310344828,0.2857142857142857,0.4950738916256157
CHINA_NINGXIA_2022,levofloxacin,1524,57,9,22,9,17,0.34615384615384615,0.7096774193548387,0.6538461538461539,0.2903225806451613,0.5279156327543424
CHINA_NINGXIA_2022,levofloxacin,1525,57,14,13,7,23,0.3783783783783784,0.65,0.6216216216216216,0.35,0.5141891891891892
CHINA_NINGXIA_2022,levofloxacin,1526,57,14,20,6,17,0.45161290322580644,0.7692307692307693,0.5483870967741935,0.23076923076923078,0.6104218362282878
CHINA_NINGXIA_2022,levofloxacin,1527,57,11,25,7,14,0.44,0.78125,0.56,0.21875,0.610625
CHINA_NINGXIA_2022,levofloxacin,1528,57,14,18,5,20,0.4117647058823529,0.782608695652174,0.5882352941176471,0.21739130434782608,0.5971867007672634
CHINA_NINGXIA_2022,levofloxacin,1529,57,12,20,9,16,0.42857142857142855,0.6896551724137931,0.5714285714285714,0.3103448275862069,0.5591133004926109
CHINA_NINGXIA_2022,levofloxacin,1530,57,8,23,10,16,0.3333333333333333,0.696969696969697,0.6666666666666666,0.30303030303030304,0.5151515151515151
CHINA_NINGXIA_2022,levofloxacin,1531,57,16,26,5,10,0.6153846153846154,0.8387096774193549,0.3846153846153846,0.16129032258064516,0.7270471464019852
CHINA_NINGXIA_2022,levofloxacin,1532,57,13,26,8,10,0.5652173913043478,0.7647058823529411,0.4347826086956521,0.23529411764705882,0.6649616368286444
CHINA_NINGXIA_2022,levofloxacin,1533,57,11,24,7,15,0.4230769230769231,0.7741935483870968,0.5769230769230769,0.22580645161290322,0.5986352357320099
CHINA_NINGXIA_2022,levofloxacin,1534,57,14,22,6,15,0.4827586206896552,0.7857142857142857,0.5172413793103449,0.21428571428571427,0.6342364532019704
CHINA_NINGXIA_2022,levofloxacin,1535,57,14,24,5,14,0.5,0.8275862068965517,0.5,0.1724137931034483,0.6637931034482758
CHINA_NINGXIA_2022,levofloxacin,1536,57,13,25,11,8,0.6190476190476191,0.6944444444444444,0.3809523809523809,0.3055555555555556,0.6567460317460317
CHINA_NINGXIA_2022,levofloxacin,1537,57,14,24,8,11,0.56,0.75,0.44,0.25,0.655
CHINA_NINGXIA_2022,levofloxacin,1538,57,12,24,8,13,0.48,0.75,0.52,0.25,0.615
CHINA_NINGXIA_2022,levofloxacin,1539,57,15,25,6,11,0.5769230769230769,0.8064516129032258,0.4230769230769231,0.1935483870967742,0.6916873449131513
CHINA_NINGXIA_2022,levofloxacin,1540,57,11,18,11,17,0.39285714285714285,0.6206896551724138,0.6071428571428571,0.3793103448275862,0.5067733990147784
CHINA_NINGXIA_2022,levofloxacin,1541,57,13,28,5,11,0.5416666666666666,0.8484848484848485,0.4583333333333333,0.15151515151515152,0.6950757575757576
CHINA_NINGXIA_2022,levofloxacin,1542,57,15,18,6,18,0.45454545454545453,0.75,0.5454545454545454,0.25,0.6022727272727273
CHINA_NINGXIA_2022,levofloxacin,1543,57,16,26,2,13,0.5517241379310345,0.9285714285714286,0.4482758620689655,0.07142857142857142,0.7401477832512315
CHINA_NINGXIA_2022,levofloxacin,1544,57,13,25,8,11,0.5416666666666666,0.7575757575757576,0.4583333333333333,0.24242424242424243,0.6496212121212122
CHINA_NINGXIA_2022,levofloxacin,1545,57,15,21,6,15,0.5,0.7777777777777778,0.5,0.2222222222222222,0.6388888888888888
CHINA_NINGXIA_2022,levofloxacin,1546,57,11,23,9,14,0.44,0.71875,0.56,0.28125,0.579375
CHINA_NINGXIA_2022,levofloxacin,1547,57,13,20,12,12,0.52,0.625,0.48,0.375,0.5725
CHINA_NINGXIA_2022,levofloxacin,1548,57,7,31,5,14,0.3333333333333333,0.8611111111111112,0.6666666666666666,0.1388888888888889,0.5972222222222222
CHINA_NINGXIA_2022,levofloxacin,1549,57,9,21,11,16,0.36,0.65625,0.64,0.34375,0.5081249999999999
CHINA_NINGXIA_2022,levofloxacin,1550,57,12,24,6,15,0.4444444444444444,0.8,0.5555555555555556,0.2,0.6222222222222222
CHINA_NINGXIA_2022,levofloxacin,1551,57,12,22,9,14,0.46153846153846156,0.7096774193548387,0.5384615384615384,0.2903225806451613,0.5856079404466501
CHINA_NINGXIA_2022,levofloxacin,1552,57,4,25,13,15,0.21052631578947367,0.6578947368421053,0.7894736842105263,0.34210526315789475,0.4342105263157895
CHINA_NINGXIA_2022,levofloxacin,1553,57,12,20,4,21,0.36363636363636365,0.8333333333333334,0.6363636363636364,0.16666666666666666,0.5984848484848485
CHINA_NINGXIA_2022,levofloxacin,1554,57,15,25,7,10,0.6,0.78125,0.4,0.21875,0.690625
CHINA_NINGXIA_2022,levofloxacin,1555,57,15,15,9,18,0.45454545454545453,0.625,0.5454545454545454,0.375,0.5397727272727273
CHINA_NINGXIA_2022,levofloxacin,1556,57,8,24,6,19,0.2962962962962963,0.8,0.7037037037037037,0.2,0.5481481481481482
CHINA_NINGXIA_2022,levofloxacin,1557,57,13,20,9,15,0.4642857142857143,0.6896551724137931,0.5357142857142857,0.3103448275862069,0.5769704433497538
CHINA_NINGXIA_2022,levofloxacin,1558,57,8,32,6,11,0.42105263157894735,0.8421052631578947,0.5789473684210527,0.15789473684210525,0.631578947368421
CHINA_NINGXIA_2022,levofloxacin,1559,57,13,21,8,15,0.4642857142857143,0.7241379310344828,0.5357142857142857,0.27586206896551724,0.5942118226600985
CHINA_NINGXIA_2022,levofloxacin,1560,57,13,22,9,13,0.5,0.7096774193548387,0.5,0.2903225806451613,0.6048387096774194
CHINA_NINGXIA_2022,levofloxacin,1561,57,10,19,6,22,0.3125,0.76,0.6875,0.24,0.53625
CHINA_NINGXIA_2022,levofloxacin,1562,57,16,18,5,18,0.47058823529411764,0.782608695652174,0.5294117647058824,0.21739130434782608,0.6265984654731458
CHINA_NINGXIA_2022,levofloxacin,1563,57,13,24,6,14,0.48148148148148145,0.8,0.5185185185185185,0.2,0.6407407407407407
CHINA_NINGXIA_2022,levofloxacin,1564,57,14,17,10,16,0.4666666666666667,0.6296296296296297,0.5333333333333333,0.37037037037037035,0.5481481481481482
CHINA_NINGXIA_2022,levofloxacin,1565,57,12,22,10,13,0.48,0.6875,0.52,0.3125,0.58375
CHINA_NINGXIA_2022,levofloxacin,1566,57,13,28,3,13,0.5,0.9032258064516129,0.5,0.0967741935483871,0.7016129032258065
CHINA_NINGXIA_2022,levofloxacin,1567,57,15,24,4,14,0.5172413793103449,0.8571428571428571,0.4827586206896552,0.14285714285714285,0.687192118226601
CHINA_NINGXIA_2022,levofloxacin,1568,57,17,21,7,12,0.5862068965517241,0.75,0.4137931034482758,0.25,0.6681034482758621
CHINA_NINGXIA_2022,levofloxacin,1569,57,10,30,9,8,0.5555555555555556,0.7692307692307693,0.4444444444444444,0.23076923076923078,0.6623931623931625
CHINA_NINGXIA_2022,levofloxacin,1570,57,10,21,4,22,0.3125,0.84,0.6875,0.16,0.5762499999999999
CHINA_NINGXIA_2022,levofloxacin,1571,57,18,19,4,16,0.5294117647058824,0.8260869565217391,0.4705882352941176,0.17391304347826086,0.6777493606138107
CHINA_NINGXIA_2022,levofloxacin,1572,57,14,26,7,10,0.5833333333333334,0.7878787878787878,0.4166666666666667,0.21212121212121213,0.6856060606060606
CHINA_NINGXIA_2022,levofloxacin,1573,57,14,27,5,11,0.56,0.84375,0.44,0.15625,0.701875
CHINA_NINGXIA_2022,levofloxacin,1574,57,10,23,10,14,0.4166666666666667,0.696969696969697,0.5833333333333334,0.30303030303030304,0.5568181818181819
CHINA_NINGXIA_2022,levofloxacin,1575,57,10,24,12,11,0.47619047619047616,0.6666666666666666,0.5238095238095238,0.3333333333333333,0.5714285714285714
CHINA_NINGXIA_2022,levofloxacin,1576,57,13,24,6,14,0.48148148148148145,0.8,0.5185185185185185,0.2,0.6407407407407407
CHINA_NINGXIA_2022,levofloxacin,1577,57,11,29,6,11,0.5,0.8285714285714286,0.5,0.17142857142857143,0.6642857142857144
CHINA_NINGXIA_2022,levofloxacin,1578,57,11,27,5,14,0.44,0.84375,0.56,0.15625,0.641875
CHINA_NINGXIA_2022,levofloxacin,1579,57,11,26,4,16,0.4074074074074074,0.8666666666666667,0.5925925925925926,0.13333333333333333,0.6370370370370371
CHINA_NINGXIA_2022,levofloxacin,1580,57,10,25,9,13,0.43478260869565216,0.7352941176470589,0.5652173913043478,0.2647058823529412,0.5850383631713555
CHINA_NINGXIA_2022,levofloxacin,1581,57,8,17,12,20,0.2857142857142857,0.5862068965517241,0.7142857142857143,0.41379310344827586,0.4359605911330049
CHINA_NINGXIA_2022,levofloxacin,1582,57,11,21,3,22,0.3333333333333333,0.875,0.6666666666666666,0.125,0.6041666666666666
CHINA_NINGXIA_2022,levofloxacin,1583,57,10,21,4,22,0.3125,0.84,0.6875,0.16,0.5762499999999999
CHINA_NINGXIA_2022,levofloxacin,1584,57,10,23,7,17,0.37037037037037035,0.7666666666666667,0.6296296296296297,0.23333333333333334,0.5685185185185185
CHINA_NINGXIA_2022,levofloxacin,1585,57,11,22,8,16,0.4074074074074074,0.7333333333333333,0.5925925925925926,0.26666666666666666,0.5703703703703703
CHINA_NINGXIA_2022,levofloxacin,1586,57,10,25,5,17,0.37037037037037035,0.8333333333333334,0.6296296296296297,0.16666666666666666,0.6018518518518519
CHINA_NINGXIA_2022,levofloxacin,1587,57,15,15,7,20,0.42857142857142855,0.6818181818181818,0.5714285714285714,0.3181818181818182,0.5551948051948051
CHINA_NINGXIA_2022,levofloxacin,1588,57,10,23,9,15,0.4,0.71875,0.6,0.28125,0.559375
CHINA_NINGXIA_2022,levofloxacin,1589,57,14,29,5,9,0.6086956521739131,0.8529411764705882,0.391304347826087,0.14705882352941177,0.7308184143222507
CHINA_NINGXIA_2022,levofloxacin,1590,57,15,20,6,16,0.4838709677419355,0.7692307692307693,0.5161290322580645,0.23076923076923078,0.6265508684863523
CHINA_NINGXIA_2022,levofloxacin,1591,57,4,30,5,18,0.18181818181818182,0.8571428571428571,0.8181818181818182,0.14285714285714285,0.5194805194805194
CHINA_NINGXIA_2022,levofloxacin,1592,57,8,25,6,18,0.3076923076923077,0.8064516129032258,0.6923076923076923,0.1935483870967742,0.5570719602977667
CHINA_NINGXIA_2022,levofloxacin,1593,57,10,18,8,21,0.3225806451612903,0.6923076923076923,0.6774193548387096,0.3076923076923077,0.5074441687344913
CHINA_NINGXIA_2022,levofloxacin,1594,57,12,27,5,13,0.48,0.84375,0.52,0.15625,0.661875
CHINA_NINGXIA_2022,levofloxacin,1595,57,11,22,7,17,0.39285714285714285,0.7586206896551724,0.6071428571428571,0.2413793103448276,0.5757389162561576
CHINA_NINGXIA_2022,levofloxacin,1596,57,16,19,8,14,0.5333333333333333,0.7037037037037037,0.4666666666666667,0.2962962962962963,0.6185185185185185
CHINA_NINGXIA_2022,levofloxacin,1597,57,20,12,4,21,0.4878048780487805,0.75,0.5121951219512195,0.25,0.6189024390243902
CHINA_NINGXIA_2022,levofloxacin,1598,57,10,28,5,14,0.4166666666666667,0.8484848484848485,0.5833333333333334,0.15151515151515152,0.6325757575757576
CHINA_NINGXIA_2022,levofloxacin,1599,57,12,24,5,16,0.42857142857142855,0.8275862068965517,0.5714285714285714,0.1724137931034483,0.6280788177339901
CHINA_NINGXIA_2022,levofloxacin,1600,57,12,19,5,21,0.36363636363636365,0.7916666666666666,0.6363636363636364,0.20833333333333334,0.5776515151515151
CHINA_NINGXIA_2022,levofloxacin,1601,57,18,18,4,17,0.5142857142857142,0.8181818181818182,0.4857142857142857,0.18181818181818182,0.6662337662337663
CHINA_NINGXIA_2022,levofloxacin,1602,57,13,22,12,10,0.5652173913043478,0.6470588235294118,0.4347826086956521,0.35294117647058826,0.6061381074168798
CHINA_NINGXIA_2022,levofloxacin,1603,57,16,20,7,14,0.5333333333333333,0.7407407407407407,0.4666666666666667,0.25925925925925924,0.6370370370370371
CHINA_NINGXIA_2022,levofloxacin,1604,57,13,21,5,18,0.41935483870967744,0.8076923076923077,0.5806451612903226,0.19230769230769232,0.6135235732009926
CHINA_NINGXIA_2022,levofloxacin,1605,57,8,26,6,17,0.32,0.8125,0.68,0.1875,0.56625
CHINA_NINGXIA_2022,levofloxacin,1606,57,12,25,10,10,0.5454545454545454,0.7142857142857143,0.4545454545454545,0.2857142857142857,0.6298701298701299
CHINA_NINGXIA_2022,levofloxacin,1607,57,12,18,8,19,0.3870967741935484,0.6923076923076923,0.6129032258064516,0.3076923076923077,0.5397022332506203
CHINA_NINGXIA_2022,levofloxacin,1608,57,9,25,7,16,0.36,0.78125,0.64,0.21875,0.5706249999999999
CHINA_NINGXIA_2022,levofloxacin,1609,57,12,23,3,19,0.3870967741935484,0.8846153846153846,0.6129032258064516,0.11538461538461539,0.6358560794044665
CHINA_NINGXIA_2022,levofloxacin,1610,57,15,23,9,10,0.6,0.71875,0.4,0.28125,0.659375
CHINA_NINGXIA_2022,levofloxacin,1611,57,13,18,8,18,0.41935483870967744,0.6923076923076923,0.5806451612903226,0.3076923076923077,0.5558312655086849
CHINA_NINGXIA_2022,levofloxacin,1612,57,14,21,4,18,0.4375,0.84,0.5625,0.16,0.6387499999999999
CHINA_NINGXIA_2022,levofloxacin,1613,57,9,23,6,19,0.32142857142857145,0.7931034482758621,0.6785714285714286,0.20689655172413793,0.5572660098522167
CHINA_NINGXIA_2022,levofloxacin,1614,57,10,30,3,14,0.4166666666666667,0.9090909090909091,0.5833333333333334,0.09090909090909091,0.6628787878787878
CHINA_NINGXIA_2022,levofloxacin,1615,57,14,23,6,14,0.5,0.7931034482758621,0.5,0.20689655172413793,0.646551724137931
CHINA_NINGXIA_2022,levofloxacin,1616,57,12,22,12,11,0.5217391304347826,0.6470588235294118,0.4782608695652174,0.35294117647058826,0.5843989769820972
CHINA_NINGXIA_2022,levofloxacin,1617,57,10,26,5,16,0.38461538461538464,0.8387096774193549,0.6153846153846154,0.16129032258064516,0.6116625310173698
CHINA_NINGXIA_2022,levofloxacin,1618,57,12,22,8,15,0.4444444444444444,0.7333333333333333,0.5555555555555556,0.26666666666666666,0.5888888888888888
CHINA_NINGXIA_2022,levofloxacin,1619,57,9,25,7,16,0.36,0.78125,0.64,0.21875,0.5706249999999999
CHINA_NINGXIA_2022,levofloxacin,1620,57,12,19,5,21,0.36363636363636365,0.7916666666666666,0.6363636363636364,0.20833333333333334,0.5776515151515151
CHINA_NINGXIA_2022,levofloxacin,1621,57,14,17,8,18,0.4375,0.68,0.5625,0.32,0.5587500000000001
CHINA_NINGXIA_2022,levofloxacin,1622,57,14,20,9,14,0.5,0.6896551724137931,0.5,0.3103448275862069,0.5948275862068966
CHINA_NINGXIA_2022,levofloxacin,1623,57,10,24,6,17,0.37037037037037035,0.8,0.6296296296296297,0.2,0.5851851851851853
CHINA_NINGXIA_2022,levofloxacin,1624,57,14,27,3,13,0.5185185185185185,0.9,0.4814814814814814,0.1,0.7092592592592593
CHINA_NINGXIA_2022,levofloxacin,1625,57,13,21,5,18,0.41935483870967744,0.8076923076923077,0.5806451612903226,0.19230769230769232,0.6135235732009926
CHINA_NINGXIA_2022,levofloxacin,1626,57,10,23,7,17,0.37037037037037035,0.7666666666666667,0.6296296296296297,0.23333333333333334,0.5685185185185185
CHINA_NINGXIA_2022,levofloxacin,1627,57,10,24,6,17,0.37037037037037035,0.8,0.6296296296296297,0.2,0.5851851851851853
CHINA_NINGXIA_2022,levofloxacin,1628,57,9,21,10,17,0.34615384615384615,0.6774193548387096,0.6538461538461539,0.3225806451612903,0.5117866004962779
CHINA_NINGXIA_2022,levofloxacin,1629,57,12,21,7,17,0.41379310344827586,0.75,0.5862068965517241,0.25,0.5818965517241379
CHINA_NINGXIA_2022,levofloxacin,1630,57,9,25,11,12,0.42857142857142855,0.6944444444444444,0.5714285714285714,0.3055555555555556,0.5615079365079365
CHINA_NINGXIA_2022,levofloxacin,1631,57,12,19,9,17,0.41379310344827586,0.6785714285714286,0.5862068965517241,0.32142857142857145,0.5461822660098522
CHINA_NINGXIA_2022,levofloxacin,1632,57,10,18,9,20,0.3333333333333333,0.6666666666666666,0.6666666666666666,0.3333333333333333,0.5
CHINA_NINGXIA_2022,levofloxacin,1633,57,6,34,8,9,0.4,0.8095238095238095,0.6,0.19047619047619047,0.6047619047619048
CHINA_NINGXIA_2022,levofloxacin,1634,57,8,26,3,20,0.2857142857142857,0.896551724137931,0.7142857142857143,0.10344827586206896,0.5911330049261083
CHINA_NINGXIA_2022,levofloxacin,1635,57,16,22,5,14,0.5333333333333333,0.8148148148148148,0.4666666666666667,0.18518518518518517,0.674074074074074
CHINA_NINGXIA_2022,levofloxacin,1636,57,13,22,7,15,0.4642857142857143,0.7586206896551724,0.5357142857142857,0.2413793103448276,0.6114532019704433
CHINA_NINGXIA_2022,levofloxacin,1637,57,13,20,8,16,0.4482758620689655,0.7142857142857143,0.5517241379310345,0.2857142857142857,0.5812807881773399
CHINA_NINGXIA_2022,levofloxacin,1638,57,13,20,10,14,0.48148148148148145,0.6666666666666666,0.5185185185185185,0.3333333333333333,0.5740740740740741
CHINA_NINGXIA_2022,levofloxacin,1639,57,16,23,4,14,0.5333333333333333,0.8518518518518519,0.4666666666666667,0.14814814814814814,0.6925925925925926
CHINA_NINGXIA_2022,levofloxacin,1640,57,19,14,5,19,0.5,0.7368421052631579,0.5,0.2631578947368421,0.618421052631579
CHINA_NINGXIA_2022,levofloxacin,1641,57,15,21,6,15,0.5,0.7777777777777778,0.5,0.2222222222222222,0.6388888888888888
CHINA_NINGXIA_2022,levofloxacin,1642,57,12,27,5,13,0.48,0.84375,0.52,0.15625,0.661875
CHINA_NINGXIA_2022,levofloxacin,1643,57,16,24,5,12,0.5714285714285714,0.8275862068965517,0.4285714285714285,0.1724137931034483,0.6995073891625616
CHINA_NINGXIA_2022,levofloxacin,1644,57,14,22,4,17,0.45161290322580644,0.8461538461538461,0.5483870967741935,0.15384615384615385,0.6488833746898263
CHINA_NINGXIA_2022,levofloxacin,1645,57,11,25,6,15,0.4230769230769231,0.8064516129032258,0.5769230769230769,0.1935483870967742,0.6147642679900744
CHINA_NINGXIA_2022,levofloxacin,1646,57,14,23,12,8,0.6363636363636364,0.6571428571428571,0.3636363636363636,0.34285714285714286,0.6467532467532467
CHINA_NINGXIA_2022,levofloxacin,1647,57,8,21,9,19,0.2962962962962963,0.7,0.7037037037037037,0.3,0.4981481481481481
CHINA_NINGXIA_2022,levofloxacin,1648,57,15,22,5,15,0.5,0.8148148148148148,0.5,0.18518518518518517,0.6574074074074074
CHINA_NINGXIA_2022,levofloxacin,1649,57,9,20,5,23,0.28125,0.8,0.71875,0.2,0.540625
CHINA_NINGXIA_2022,levofloxacin,1650,57,12,23,5,17,0.41379310344827586,0.8214285714285714,0.5862068965517241,0.17857142857142858,0.6176108374384236
CHINA_NINGXIA_2022,levofloxacin,1651,57,17,23,7,10,0.6296296296296297,0.7666666666666667,0.3703703703703703,0.23333333333333334,0.6981481481481482
CHINA_NINGXIA_2022,levofloxacin,1652,57,13,24,3,17,0.43333333333333335,0.8888888888888888,0.5666666666666667,0.1111111111111111,0.6611111111111111
CHINA_NINGXIA_2022,levofloxacin,1653,57,12,16,12,17,0.41379310344827586,0.5714285714285714,0.5862068965517241,0.42857142857142855,0.4926108374384236
CHINA_NINGXIA_2022,levofloxacin,1654,57,13,16,10,18,0.41935483870967744,0.6153846153846154,0.5806451612903226,0.38461538461538464,0.5173697270471465
CHINA_NINGXIA_2022,levofloxacin,1655,57,10,18,4,25,0.2857142857142857,0.8181818181818182,0.7142857142857143,0.18181818181818182,0.551948051948052
CHINA_NINGXIA_2022,levofloxacin,1656,57,19,18,5,15,0.5588235294117647,0.782608695652174,0.4411764705882353,0.21739130434782608,0.6707161125319694
CHINA_NINGXIA_2022,levofloxacin,1657,57,6,28,9,14,0.3,0.7567567567567568,0.7,0.24324324324324326,0.5283783783783784
CHINA_NINGXIA_2022,levofloxacin,1658,57,13,24,5,15,0.4642857142857143,0.8275862068965517,0.5357142857142857,0.1724137931034483,0.645935960591133
CHINA_NINGXIA_2022,levofloxacin,1659,57,8,23,5,21,0.27586206896551724,0.8214285714285714,0.7241379310344828,0.17857142857142858,0.5486453201970443
CHINA_NINGXIA_2022,levofloxacin,1660,57,13,22,8,14,0.48148148148148145,0.7333333333333333,0.5185185185185185,0.26666666666666666,0.6074074074074074
CHINA_NINGXIA_2022,levofloxacin,1661,57,8,25,11,13,0.38095238095238093,0.6944444444444444,0.6190476190476191,0.3055555555555556,0.5376984126984127
CHINA_NINGXIA_2022,levofloxacin,1662,57,14,19,8,16,0.4666666666666667,0.7037037037037037,0.5333333333333333,0.2962962962962963,0.5851851851851853
CHINA_NINGXIA_2022,levofloxacin,1663,57,15,24,6,12,0.5555555555555556,0.8,0.4444444444444444,0.2,0.6777777777777778
CHINA_NINGXIA_2022,levofloxacin,1664,57,9,19,10,19,0.32142857142857145,0.6551724137931034,0.6785714285714286,0.3448275862068966,0.4883004926108374
CHINA_NINGXIA_2022,levofloxacin,1665,57,12,23,8,14,0.46153846153846156,0.7419354838709677,0.5384615384615384,0.25806451612903225,0.6017369727047146
CHINA_NINGXIA_2022,levofloxacin,1666,57,12,21,10,14,0.46153846153846156,0.6774193548387096,0.5384615384615384,0.3225806451612903,0.5694789081885856
CHINA_NINGXIA_2022,levofloxacin,1667,57,12,18,7,20,0.375,0.72,0.625,0.28,0.5475
CHINA_NINGXIA_2022,levofloxacin,1668,57,15,20,7,15,0.5,0.7407407407407407,0.5,0.25925925925925924,0.6203703703703703
CHINA_NINGXIA_2022,levofloxacin,1669,57,10,26,7,14,0.4166666666666667,0.7878787878787878,0.5833333333333334,0.21212121212121213,0.6022727272727273
CHINA_NINGXIA_2022,levofloxacin,1670,57,8,25,10,14,0.36363636363636365,0.7142857142857143,0.6363636363636364,0.2857142857142857,0.538961038961039
CHINA_NINGXIA_2022,levofloxacin,1671,57,9,23,10,15,0.375,0.696969696969697,0.625,0.30303030303030304,0.5359848484848485
CHINA_NINGXIA_2022,levofloxacin,1672,57,8,21,10,18,0.3076923076923077,0.6774193548387096,0.6923076923076923,0.3225806451612903,0.4925558312655086
CHINA_NINGXIA_2022,levofloxacin,1673,57,13,21,8,15,0.4642857142857143,0.7241379310344828,0.5357142857142857,0.27586206896551724,0.5942118226600985
CHINA_NINGXIA_2022,levofloxacin,1674,57,11,26,9,11,0.5,0.7428571428571429,0.5,0.2571428571428571,0.6214285714285714
CHINA_NINGXIA_2022,levofloxacin,1675,57,15,21,5,16,0.4838709677419355,0.8076923076923077,0.5161290322580645,0.19230769230769232,0.6457816377171216
CHINA_NINGXIA_2022,levofloxacin,1676,57,11,19,6,21,0.34375,0.76,0.65625,0.24,0.551875
CHINA_NINGXIA_2022,levofloxacin,1677,57,17,20,6,14,0.5483870967741935,0.7692307692307693,0.4516129032258064,0.23076923076923078,0.6588089330024813
CHINA_NINGXIA_2022,levofloxacin,1678,57,11,22,7,17,0.39285714285714285,0.7586206896551724,0.6071428571428571,0.2413793103448276,0.5757389162561576
CHINA_NINGXIA_2022,levofloxacin,1679,57,10,25,5,17,0.37037037037037035,0.8333333333333334,0.6296296296296297,0.16666666666666666,0.6018518518518519
CHINA_NINGXIA_2022,levofloxacin,1680,57,11,22,8,16,0.4074074074074074,0.7333333333333333,0.5925925925925926,0.26666666666666666,0.5703703703703703
CHINA_NINGXIA_2022,levofloxacin,1681,57,15,25,2,15,0.5,0.9259259259259259,0.5,0.07407407407407407,0.712962962962963
CHINA_NINGXIA_2022,levofloxacin,1682,57,11,24,9,13,0.4583333333333333,0.7272727272727273,0.5416666666666666,0.2727272727272727,0.5928030303030303
CHINA_NINGXIA_2022,levofloxacin,1683,57,15,14,2,26,0.36585365853658536,0.875,0.6341463414634146,0.125,0.6204268292682926
CHINA_NINGXIA_2022,levofloxacin,1684,57,12,21,11,13,0.48,0.65625,0.52,0.34375,0.568125
CHINA_NINGXIA_2022,levofloxacin,1685,57,16,19,3,19,0.45714285714285713,0.8636363636363636,0.5428571428571428,0.13636363636363635,0.6603896103896104
CHINA_NINGXIA_2022,levofloxacin,1686,57,16,19,8,14,0.5333333333333333,0.7037037037037037,0.4666666666666667,0.2962962962962963,0.6185185185185185
CHINA_NINGXIA_2022,levofloxacin,1687,57,17,25,5,10,0.6296296296296297,0.8333333333333334,0.3703703703703703,0.16666666666666666,0.7314814814814815
CHINA_NINGXIA_2022,levofloxacin,1688,57,16,18,3,20,0.4444444444444444,0.8571428571428571,0.5555555555555556,0.14285714285714285,0.6507936507936507
CHINA_NINGXIA_2022,levofloxacin,1689,57,8,25,14,10,0.4444444444444444,0.6410256410256411,0.5555555555555556,0.358974358974359,0.5427350427350428
CHINA_NINGXIA_2022,levofloxacin,1690,57,8,21,5,23,0.25806451612903225,0.8076923076923077,0.7419354838709677,0.19230769230769232,0.53287841191067
CHINA_NINGXIA_2022,levofloxacin,1691,57,15,22,5,15,0.5,0.8148148148148148,0.5,0.18518518518518517,0.6574074074074074
CHINA_NINGXIA_2022,levofloxacin,1692,57,7,23,9,18,0.28,0.71875,0.72,0.28125,0.499375
CHINA_NINGXIA_2022,levofloxacin,1693,57,14,22,4,17,0.45161290322580644,0.8461538461538461,0.5483870967741935,0.15384615384615385,0.6488833746898263
CHINA_NINGXIA_2022,levofloxacin,1694,57,12,19,8,18,0.4,0.7037037037037037,0.6,0.2962962962962963,0.5518518518518518
CHINA_NINGXIA_2022,levofloxacin,1695,57,14,25,4,14,0.5,0.8620689655172413,0.5,0.13793103448275862,0.6810344827586207
CHINA_NINGXIA_2022,levofloxacin,1696,57,17,22,5,13,0.5666666666666667,0.8148148148148148,0.4333333333333333,0.18518518518518517,0.6907407407407407
CHINA_NINGXIA_2022,levofloxacin,1697,57,19,18,8,12,0.6129032258064516,0.6923076923076923,0.3870967741935484,0.3076923076923077,0.652605459057072
CHINA_NINGXIA_2022,levofloxacin,1698,57,16,16,8,17,0.48484848484848486,0.6666666666666666,0.5151515151515151,0.3333333333333333,0.5757575757575757
CHINA_NINGXIA_2022,levofloxacin,1699,57,14,20,7,16,0.4666666666666667,0.7407407407407407,0.5333333333333333,0.25925925925925924,0.6037037037037036
CHINA_NINGXIA_2022,levofloxacin,1700,57,14,24,4,15,0.4827586206896552,0.8571428571428571,0.5172413793103449,0.14285714285714285,0.6699507389162561
CHINA_NINGXIA_2022,levofloxacin,1701,57,11,24,5,17,0.39285714285714285,0.8275862068965517,0.6071428571428571,0.1724137931034483,0.6102216748768473
CHINA_NINGXIA_2022,levofloxacin,1702,57,11,22,10,14,0.44,0.6875,0.56,0.3125,0.56375
CHINA_NINGXIA_2022,levofloxacin,1703,57,13,22,5,17,0.43333333333333335,0.8148148148148148,0.5666666666666667,0.18518518518518517,0.624074074074074
CHINA_NINGXIA_2022,levofloxacin,1704,57,10,28,7,12,0.45454545454545453,0.8,0.5454545454545454,0.2,0.6272727272727273
CHINA_NINGXIA_2022,levofloxacin,1705,57,12,19,11,15,0.4444444444444444,0.6333333333333333,0.5555555555555556,0.36666666666666664,0.5388888888888889
CHINA_NINGXIA_2022,levofloxacin,1706,57,14,25,4,14,0.5,0.8620689655172413,0.5,0.13793103448275862,0.6810344827586207
CHINA_NINGXIA_2022,levofloxacin,1707,57,12,24,4,17,0.41379310344827586,0.8571428571428571,0.5862068965517241,0.14285714285714285,0.6354679802955665
CHINA_NINGXIA_2022,levofloxacin,1708,57,11,22,6,18,0.3793103448275862,0.7857142857142857,0.6206896551724138,0.21428571428571427,0.5825123152709359
CHINA_NINGXIA_2022,levofloxacin,1709,57,11,23,4,19,0.36666666666666664,0.8518518518518519,0.6333333333333333,0.14814814814814814,0.6092592592592593
CHINA_NINGXIA_2022,levofloxacin,1710,57,11,28,3,15,0.4230769230769231,0.9032258064516129,0.5769230769230769,0.0967741935483871,0.663151364764268
CHINA_NINGXIA_2022,levofloxacin,1711,57,5,25,8,19,0.20833333333333334,0.7575757575757576,0.7916666666666666,0.24242424242424243,0.4829545454545454
CHINA_NINGXIA_2022,levofloxacin,1712,57,19,16,3,19,0.5,0.8421052631578947,0.5,0.15789473684210525,0.6710526315789473
CHINA_NINGXIA_2022,levofloxacin,1713,57,13,24,7,13,0.5,0.7741935483870968,0.5,0.22580645161290322,0.6370967741935484
CHINA_NINGXIA_2022,levofloxacin,1714,57,11,23,6,17,0.39285714285714285,0.7931034482758621,0.6071428571428571,0.20689655172413793,0.5929802955665024
CHINA_NINGXIA_2022,levofloxacin,1715,57,10,22,8,17,0.37037037037037035,0.7333333333333333,0.6296296296296297,0.26666666666666666,0.5518518518518518
CHINA_NINGXIA_2022,levofloxacin,1716,57,20,17,5,15,0.5714285714285714,0.7727272727272727,0.4285714285714285,0.22727272727272727,0.672077922077922
CHINA_NINGXIA_2022,levofloxacin,1717,57,13,24,3,17,0.43333333333333335,0.8888888888888888,0.5666666666666667,0.1111111111111111,0.6611111111111111
CHINA_NINGXIA_2022,levofloxacin,1718,57,9,22,12,14,0.391304347826087,0.6470588235294118,0.6086956521739131,0.35294117647058826,0.5191815856777494
CHINA_NINGXIA_2022,levofloxacin,1719,57,13,19,7,18,0.41935483870967744,0.7307692307692307,0.5806451612903226,0.2692307692307692,0.575062034739454
CHINA_NINGXIA_2022,levofloxacin,1720,57,20,17,6,14,0.5882352941176471,0.7391304347826086,0.4117647058823529,0.2608695652173913,0.6636828644501278
CHINA_NINGXIA_2022,levofloxacin,1721,57,15,20,3,19,0.4411764705882353,0.8695652173913043,0.5588235294117647,0.13043478260869565,0.6553708439897699
CHINA_NINGXIA_2022,levofloxacin,1722,57,10,19,7,21,0.3225806451612903,0.7307692307692307,0.6774193548387096,0.2692307692307692,0.5266749379652605
CHINA_NINGXIA_2022,levofloxacin,1723,57,17,17,7,16,0.5151515151515151,0.7083333333333334,0.4848484848484848,0.2916666666666667,0.6117424242424243
CHINA_NINGXIA_2022,levofloxacin,1724,57,11,27,6,13,0.4583333333333333,0.8181818181818182,0.5416666666666666,0.18181818181818182,0.6382575757575758
CHINA_NINGXIA_2022,levofloxacin,1725,57,20,20,4,13,0.6060606060606061,0.8333333333333334,0.3939393939393939,0.16666666666666666,0.7196969696969697
CHINA_NINGXIA_2022,levofloxacin,1726,57,7,21,11,18,0.28,0.65625,0.72,0.34375,0.468125
CHINA_NINGXIA_2022,levofloxacin,1727,57,12,23,7,15,0.4444444444444444,0.7666666666666667,0.5555555555555556,0.23333333333333334,0.6055555555555556
CHINA_NINGXIA_2022,levofloxacin,1728,57,21,18,9,9,0.7,0.6666666666666666,0.3,0.3333333333333333,0.6833333333333333
CHINA_NINGXIA_2022,levofloxacin,1729,57,20,17,5,15,0.5714285714285714,0.7727272727272727,0.4285714285714285,0.22727272727272727,0.672077922077922
CHINA_NINGXIA_2022,levofloxacin,1730,57,14,22,9,12,0.5384615384615384,0.7096774193548387,0.4615384615384615,0.2903225806451613,0.6240694789081886
CHINA_NINGXIA_2022,levofloxacin,1731,57,19,17,5,16,0.5428571428571428,0.7727272727272727,0.4571428571428571,0.22727272727272727,0.6577922077922078
CHINA_NINGXIA_2022,levofloxacin,1732,57,17,18,7,15,0.53125,0.72,0.46875,0.28,0.625625
CHINA_NINGXIA_2022,levofloxacin,1733,57,8,21,10,18,0.3076923076923077,0.6774193548387096,0.6923076923076923,0.3225806451612903,0.4925558312655086
CHINA_NINGXIA_2022,levofloxacin,1734,57,11,18,9,19,0.36666666666666664,0.6666666666666666,0.6333333333333333,0.3333333333333333,0.5166666666666666
CHINA_NINGXIA_2022,levofloxacin,1735,57,10,22,11,14,0.4166666666666667,0.6666666666666666,0.5833333333333334,0.3333333333333333,0.5416666666666666
CHINA_NINGXIA_2022,levofloxacin,1736,57,13,25,2,17,0.43333333333333335,0.9259259259259259,0.5666666666666667,0.07407407407407407,0.6796296296296296
CHINA_NINGXIA_2022,levofloxacin,1737,57,10,18,10,19,0.3448275862068966,0.6428571428571429,0.6551724137931034,0.35714285714285715,0.4938423645320197
CHINA_NINGXIA_2022,levofloxacin,1738,57,16,26,6,9,0.64,0.8125,0.36,0.1875,0.7262500000000001
CHINA_NINGXIA_2022,levofloxacin,1739,57,11,25,6,15,0.4230769230769231,0.8064516129032258,0.5769230769230769,0.1935483870967742,0.6147642679900744
CHINA_NINGXIA_2022,levofloxacin,1740,57,13,24,11,9,0.5909090909090909,0.6857142857142857,0.4090909090909091,0.3142857142857143,0.6383116883116884
CHINA_NINGXIA_2022,levofloxacin,1741,57,10,23,6,18,0.35714285714285715,0.7931034482758621,0.6428571428571429,0.20689655172413793,0.5751231527093597
CHINA_NINGXIA_2022,levofloxacin,1742,57,18,21,6,12,0.6,0.7777777777777778,0.4,0.2222222222222222,0.6888888888888889
CHINA_NINGXIA_2022,levofloxacin,1743,57,17,17,10,13,0.5666666666666667,0.6296296296296297,0.4333333333333333,0.37037037037037035,0.5981481481481481
CHINA_NINGXIA_2022,levofloxacin,1744,57,16,17,7,17,0.48484848484848486,0.7083333333333334,0.5151515151515151,0.2916666666666667,0.5965909090909092
CHINA_NINGXIA_2022,levofloxacin,1745,57,15,20,7,15,0.5,0.7407407407407407,0.5,0.25925925925925924,0.6203703703703703
CHINA_NINGXIA_2022,levofloxacin,1746,57,3,30,4,20,0.13043478260869565,0.8823529411764706,0.8695652173913043,0.11764705882352941,0.5063938618925831
CHINA_NINGXIA_2022,levofloxacin,1747,57,17,25,4,11,0.6071428571428571,0.8620689655172413,0.3928571428571428,0.13793103448275862,0.7346059113300492
CHINA_NINGXIA_2022,levofloxacin,1748,57,11,23,5,18,0.3793103448275862,0.8214285714285714,0.6206896551724138,0.17857142857142858,0.6003694581280787
CHINA_NINGXIA_2022,levofloxacin,1749,57,11,23,6,17,0.39285714285714285,0.7931034482758621,0.6071428571428571,0.20689655172413793,0.5929802955665024
CHINA_NINGXIA_2022,levofloxacin,1750,57,12,15,8,22,0.35294117647058826,0.6521739130434783,0.6470588235294118,0.34782608695652173,0.5025575447570333
CHINA_NINGXIA_2022,levofloxacin,1751,57,14,22,5,16,0.4666666666666667,0.8148148148148148,0.5333333333333333,0.18518518518518517,0.6407407407407407
CHINA_NINGXIA_2022,levofloxacin,1752,57,12,18,8,19,0.3870967741935484,0.6923076923076923,0.6129032258064516,0.3076923076923077,0.5397022332506203
CHINA_NINGXIA_2022,levofloxacin,1753,57,12,21,9,15,0.4444444444444444,0.7,0.5555555555555556,0.3,0.5722222222222222
CHINA_NINGXIA_2022,levofloxacin,1754,57,13,23,4,17,0.43333333333333335,0.8518518518518519,0.5666666666666667,0.14814814814814814,0.6425925925925926
CHINA_NINGXIA_2022,levofloxacin,1755,57,15,24,10,8,0.6521739130434783,0.7058823529411765,0.3478260869565217,0.29411764705882354,0.6790281329923273
CHINA_NINGXIA_2022,levofloxacin,1756,57,11,21,9,16,0.4074074074074074,0.7,0.5925925925925926,0.3,0.5537037037037037
CHINA_NINGXIA_2022,levofloxacin,1757,57,14,20,5,18,0.4375,0.8,0.5625,0.2,0.61875
CHINA_NINGXIA_2022,levofloxacin,1758,57,13,20,6,18,0.41935483870967744,0.7692307692307693,0.5806451612903226,0.23076923076923078,0.5942928039702233
CHINA_NINGXIA_2022,levofloxacin,1759,57,11,29,5,12,0.4782608695652174,0.8529411764705882,0.5217391304347826,0.14705882352941177,0.6656010230179028
CHINA_NINGXIA_2022,levofloxacin,1760,57,12,24,6,15,0.4444444444444444,0.8,0.5555555555555556,0.2,0.6222222222222222
CHINA_NINGXIA_2022,levofloxacin,1761,57,7,27,8,15,0.3181818181818182,0.7714285714285715,0.6818181818181818,0.22857142857142856,0.5448051948051948
CHINA_NINGXIA_2022,levofloxacin,1762,57,13,20,5,19,0.40625,0.8,0.59375,0.2,0.603125
CHINA_NINGXIA_2022,levofloxacin,1763,57,12,26,10,9,0.5714285714285714,0.7222222222222222,0.4285714285714285,0.2777777777777778,0.6468253968253967
CHINA_NINGXIA_2022,levofloxacin,1764,57,16,13,13,15,0.5161290322580645,0.5,0.4838709677419355,0.5,0.5080645161290323
CHINA_NINGXIA_2022,levofloxacin,1765,57,15,20,7,15,0.5,0.7407407407407407,0.5,0.25925925925925924,0.6203703703703703
CHINA_NINGXIA_2022,levofloxacin,1766,57,9,27,5,16,0.36,0.84375,0.64,0.15625,0.6018749999999999
CHINA_NINGXIA_2022,levofloxacin,1767,57,12,24,9,12,0.5,0.7272727272727273,0.5,0.2727272727272727,0.6136363636363636
CHINA_NINGXIA_2022,levofloxacin,1768,57,15,20,6,16,0.4838709677419355,0.7692307692307693,0.5161290322580645,0.23076923076923078,0.6265508684863523
CHINA_NINGXIA_2022,levofloxacin,1769,57,7,28,8,14,0.3333333333333333,0.7777777777777778,0.6666666666666666,0.2222222222222222,0.5555555555555556
CHINA_NINGXIA_2022,levofloxacin,1770,57,14,21,6,16,0.4666666666666667,0.7777777777777778,0.5333333333333333,0.2222222222222222,0.6222222222222222
CHINA_NINGXIA_2022,levofloxacin,1771,57,14,18,7,18,0.4375,0.72,0.5625,0.28,0.57875
CHINA_NINGXIA_2022,levofloxacin,1772,57,16,21,4,16,0.5,0.84,0.5,0.16,0.6699999999999999
CHINA_NINGXIA_2022,levofloxacin,1773,57,18,18,8,13,0.5806451612903226,0.6923076923076923,0.4193548387096774,0.3076923076923077,0.6364764267990075
CHINA_NINGXIA_2022,levofloxacin,1774,57,11,22,8,16,0.4074074074074074,0.7333333333333333,0.5925925925925926,0.26666666666666666,0.5703703703703703
CHINA_NINGXIA_2022,levofloxacin,1775,57,15,16,8,18,0.45454545454545453,0.6666666666666666,0.5454545454545454,0.3333333333333333,0.5606060606060606
CHINA_NINGXIA_2022,levofloxacin,1776,57,11,20,4,22,0.3333333333333333,0.8333333333333334,0.6666666666666666,0.16666666666666666,0.5833333333333334
CHINA_NINGXIA_2022,levofloxacin,1777,57,14,21,7,15,0.4827586206896552,0.75,0.5172413793103449,0.25,0.6163793103448276
CHINA_NINGXIA_2022,levofloxacin,1778,57,11,16,9,21,0.34375,0.64,0.65625,0.36,0.491875
CHINA_NINGXIA_2022,levofloxacin,1779,57,14,21,9,13,0.5185185185185185,0.7,0.4814814814814814,0.3,0.6092592592592592
CHINA_NINGXIA_2022,levofloxacin,1780,57,13,19,9,16,0.4482758620689655,0.6785714285714286,0.5517241379310345,0.32142857142857145,0.5634236453201971
CHINA_NINGXIA_2022,levofloxacin,1781,57,14,26,5,12,0.5384615384615384,0.8387096774193549,0.4615384615384615,0.16129032258064516,0.6885856079404467
CHINA_NINGXIA_2022,levofloxacin,1782,57,17,21,7,12,0.5862068965517241,0.75,0.4137931034482758,0.25,0.6681034482758621
CHINA_NINGXIA_2022,levofloxacin,1783,57,9,27,3,18,0.3333333333333333,0.9,0.6666666666666666,0.1,0.6166666666666667
CHINA_NINGXIA_2022,levofloxacin,1784,57,12,23,8,14,0.46153846153846156,0.7419354838709677,0.5384615384615384,0.25806451612903225,0.6017369727047146
CHINA_NINGXIA_2022,levofloxacin,1785,57,11,22,9,15,0.4230769230769231,0.7096774193548387,0.5769230769230769,0.2903225806451613,0.5663771712158809
CHINA_NINGXIA_2022,levofloxacin,1786,57,15,25,6,11,0.5769230769230769,0.8064516129032258,0.4230769230769231,0.1935483870967742,0.6916873449131513
CHINA_NINGXIA_2022,levofloxacin,1787,57,13,23,3,18,0.41935483870967744,0.8846153846153846,0.5806451612903226,0.11538461538461539,0.651985111662531
CHINA_NINGXIA_2022,levofloxacin,1788,57,14,22,5,16,0.4666666666666667,0.8148148148148148,0.5333333333333333,0.18518518518518517,0.6407407407407407
CHINA_NINGXIA_2022,levofloxacin,1789,57,12,26,4,15,0.4444444444444444,0.8666666666666667,0.5555555555555556,0.13333333333333333,0.6555555555555556
CHINA_NINGXIA_2022,levofloxacin,1790,57,12,20,11,14,0.46153846153846156,0.6451612903225806,0.5384615384615384,0.3548387096774194,0.5533498759305211
CHINA_NINGXIA_2022,levofloxacin,1791,57,6,28,9,14,0.3,0.7567567567567568,0.7,0.24324324324324326,0.5283783783783784
CHINA_NINGXIA_2022,levofloxacin,1792,57,15,17,4,21,0.4166666666666667,0.8095238095238095,0.5833333333333334,0.19047619047619047,0.6130952380952381
CHINA_NINGXIA_2022,levofloxacin,1793,57,15,24,4,14,0.5172413793103449,0.8571428571428571,0.4827586206896552,0.14285714285714285,0.687192118226601
CHINA_NINGXIA_2022,levofloxacin,1794,57,15,24,5,13,0.5357142857142857,0.8275862068965517,0.4642857142857143,0.1724137931034483,0.6816502463054187
CHINA_NINGXIA_2022,levofloxacin,1795,57,14,25,3,15,0.4827586206896552,0.8928571428571429,0.5172413793103449,0.10714285714285714,0.687807881773399
CHINA_NINGXIA_2022,levofloxacin,1796,57,13,17,7,20,0.3939393939393939,0.7083333333333334,0.6060606060606061,0.2916666666666667,0.5511363636363636
CHINA_NINGXIA_2022,levofloxacin,1797,57,17,19,7,14,0.5483870967741935,0.7307692307692307,0.4516129032258064,0.2692307692307692,0.6395781637717122
CHINA_NINGXIA_2022,levofloxacin,1798,57,16,19,8,14,0.5333333333333333,0.7037037037037037,0.4666666666666667,0.2962962962962963,0.6185185185185185
CHINA_NINGXIA_2022,levofloxacin,1799,57,8,33,3,13,0.38095238095238093,0.9166666666666666,0.6190476190476191,0.08333333333333333,0.6488095238095237
CHINA_NINGXIA_2022,levofloxacin,1800,57,13,20,8,16,0.4482758620689655,0.7142857142857143,0.5517241379310345,0.2857142857142857,0.5812807881773399
CHINA_NINGXIA_2022,levofloxacin,1801,57,15,23,5,14,0.5172413793103449,0.8214285714285714,0.4827586206896552,0.17857142857142858,0.6693349753694582
CHINA_NINGXIA_2022,levofloxacin,1802,57,11,26,3,17,0.39285714285714285,0.896551724137931,0.6071428571428571,0.10344827586206896,0.6447044334975369
CHINA_NINGXIA_2022,levofloxacin,1803,57,12,18,8,19,0.3870967741935484,0.6923076923076923,0.6129032258064516,0.3076923076923077,0.5397022332506203
CHINA_NINGXIA_2022,levofloxacin,1804,57,9,20,6,22,0.2903225806451613,0.7692307692307693,0.7096774193548387,0.23076923076923078,0.5297766749379653
CHINA_NINGXIA_2022,levofloxacin,1805,57,12,26,7,12,0.5,0.7878787878787878,0.5,0.21212121212121213,0.6439393939393939
CHINA_NINGXIA_2022,levofloxacin,1806,57,12,27,4,14,0.46153846153846156,0.8709677419354839,0.5384615384615384,0.12903225806451613,0.6662531017369727
CHINA_NINGXIA_2022,levofloxacin,1807,57,12,21,4,20,0.375,0.84,0.625,0.16,0.6074999999999999
CHINA_NINGXIA_2022,levofloxacin,1808,57,13,23,10,11,0.5416666666666666,0.696969696969697,0.4583333333333333,0.30303030303030304,0.6193181818181819
CHINA_NINGXIA_2022,levofloxacin,1809,57,14,24,4,15,0.4827586206896552,0.8571428571428571,0.5172413793103449,0.14285714285714285,0.6699507389162561
CHINA_NINGXIA_2022,levofloxacin,1810,57,14,26,1,16,0.4666666666666667,0.9629629629629629,0.5333333333333333,0.037037037037037035,0.7148148148148148
CHINA_NINGXIA_2022,levofloxacin,1811,57,13,21,10,13,0.5,0.6774193548387096,0.5,0.3225806451612903,0.5887096774193548
CHINA_NINGXIA_2022,levofloxacin,1812,57,7,26,4,20,0.25925925925925924,0.8666666666666667,0.7407407407407407,0.13333333333333333,0.562962962962963
CHINA_NINGXIA_2022,levofloxacin,1813,57,17,21,2,17,0.5,0.9130434782608695,0.5,0.08695652173913043,0.7065217391304348
CHINA_NINGXIA_2022,levofloxacin,1814,57,11,30,5,11,0.5,0.8571428571428571,0.5,0.14285714285714285,0.6785714285714286
CHINA_NINGXIA_2022,levofloxacin,1815,57,14,17,10,16,0.4666666666666667,0.6296296296296297,0.5333333333333333,0.37037037037037035,0.5481481481481482
CHINA_NINGXIA_2022,levofloxacin,1816,57,13,22,7,15,0.4642857142857143,0.7586206896551724,0.5357142857142857,0.2413793103448276,0.6114532019704433
CHINA_NINGXIA_2022,levofloxacin,1817,57,15,16,7,19,0.4411764705882353,0.6956521739130435,0.5588235294117647,0.30434782608695654,0.5684143222506394
CHINA_NINGXIA_2022,levofloxacin,1818,57,11,24,6,16,0.4074074074074074,0.8,0.5925925925925926,0.2,0.6037037037037037
CHINA_NINGXIA_2022,levofloxacin,1819,57,13,14,10,20,0.3939393939393939,0.5833333333333334,0.6060606060606061,0.4166666666666667,0.4886363636363636
CHINA_NINGXIA_2022,levofloxacin,1820,57,12,24,7,14,0.46153846153846156,0.7741935483870968,0.5384615384615384,0.22580645161290322,0.6178660049627791
CHINA_NINGXIA_2022,levofloxacin,1821,57,13,15,9,20,0.3939393939393939,0.625,0.6060606060606061,0.375,0.509469696969697
CHINA_NINGXIA_2022,levofloxacin,1822,57,12,28,3,14,0.46153846153846156,0.9032258064516129,0.5384615384615384,0.0967741935483871,0.6823821339950372
CHINA_NINGXIA_2022,levofloxacin,1823,57,13,24,4,16,0.4482758620689655,0.8571428571428571,0.5517241379310345,0.14285714285714285,0.6527093596059113
CHINA_NINGXIA_2022,levofloxacin,1824,57,12,19,7,19,0.3870967741935484,0.7307692307692307,0.6129032258064516,0.2692307692307692,0.5589330024813896
CHINA_NINGXIA_2022,levofloxacin,1825,57,12,23,9,13,0.48,0.71875,0.52,0.28125,0.599375
CHINA_NINGXIA_2022,levofloxacin,1826,57,7,26,10,14,0.3333333333333333,0.7222222222222222,0.6666666666666666,0.2777777777777778,0.5277777777777778
CHINA_NINGXIA_2022,levofloxacin,1827,57,13,24,3,17,0.43333333333333335,0.8888888888888888,0.5666666666666667,0.1111111111111111,0.6611111111111111
CHINA_NINGXIA_2022,levofloxacin,1828,57,11,23,6,17,0.39285714285714285,0.7931034482758621,0.6071428571428571,0.20689655172413793,0.5929802955665024
CHINA_NINGXIA_2022,levofloxacin,1829,57,13,16,12,16,0.4482758620689655,0.5714285714285714,0.5517241379310345,0.42857142857142855,0.5098522167487685
CHINA_NINGXIA_2022,levofloxacin,1830,57,8,25,6,18,0.3076923076923077,0.8064516129032258,0.6923076923076923,0.1935483870967742,0.5570719602977667
CHINA_NINGXIA_2022,levofloxacin,1831,57,10,23,10,14,0.4166666666666667,0.696969696969697,0.5833333333333334,0.30303030303030304,0.5568181818181819
CHINA_NINGXIA_2022,levofloxacin,1832,57,16,15,7,19,0.45714285714285713,0.6818181818181818,0.5428571428571428,0.3181818181818182,0.5694805194805195
CHINA_NINGXIA_2022,levofloxacin,1833,57,7,28,10,12,0.3684210526315789,0.7368421052631579,0.631578947368421,0.2631578947368421,0.5526315789473684
CHINA_NINGXIA_2022,levofloxacin,1834,57,15,18,6,18,0.45454545454545453,0.75,0.5454545454545454,0.25,0.6022727272727273
CHINA_NINGXIA_2022,levofloxacin,1835,57,4,25,7,21,0.16,0.78125,0.84,0.21875,0.470625
CHINA_NINGXIA_2022,levofloxacin,1836,57,13,23,7,14,0.48148148148148145,0.7666666666666667,0.5185185185185185,0.23333333333333334,0.6240740740740741
CHINA_NINGXIA_2022,levofloxacin,1837,57,12,27,5,13,0.48,0.84375,0.52,0.15625,0.661875
CHINA_NINGXIA_2022,levofloxacin,1838,57,17,27,4,9,0.6538461538461539,0.8709677419354839,0.3461538461538461,0.12903225806451613,0.7624069478908189
CHINA_NINGXIA_2022,levofloxacin,1839,57,11,18,8,20,0.3548387096774194,0.6923076923076923,0.6451612903225806,0.3076923076923077,0.5235732009925558
CHINA_NINGXIA_2022,levofloxacin,1840,57,13,20,7,17,0.43333333333333335,0.7407407407407407,0.5666666666666667,0.25925925925925924,0.587037037037037
CHINA_NINGXIA_2022,levofloxacin,1841,57,9,25,5,18,0.3333333333333333,0.8333333333333334,0.6666666666666666,0.16666666666666666,0.5833333333333334
CHINA_NINGXIA_2022,levofloxacin,1842,57,14,20,6,17,0.45161290322580644,0.7692307692307693,0.5483870967741935,0.23076923076923078,0.6104218362282878
CHINA_NINGXIA_2022,levofloxacin,1843,57,11,24,7,15,0.4230769230769231,0.7741935483870968,0.5769230769230769,0.22580645161290322,0.5986352357320099
CHINA_NINGXIA_2022,levofloxacin,1844,57,15,23,6,13,0.5357142857142857,0.7931034482758621,0.4642857142857143,0.20689655172413793,0.6644088669950738
CHINA_NINGXIA_2022,levofloxacin,1845,57,13,24,8,12,0.52,0.75,0.48,0.25,0.635
CHINA_NINGXIA_2022,levofloxacin,1846,57,11,17,10,19,0.36666666666666664,0.6296296296296297,0.6333333333333333,0.37037037037037035,0.4981481481481481
CHINA_NINGXIA_2022,levofloxacin,1847,57,11,28,8,10,0.5238095238095238,0.7777777777777778,0.4761904761904761,0.2222222222222222,0.6507936507936508
CHINA_NINGXIA_2022,levofloxacin,1848,57,12,24,5,16,0.42857142857142855,0.8275862068965517,0.5714285714285714,0.1724137931034483,0.6280788177339901
CHINA_NINGXIA_2022,levofloxacin,1849,57,17,19,7,14,0.5483870967741935,0.7307692307692307,0.4516129032258064,0.2692307692307692,0.6395781637717122
CHINA_NINGXIA_2022,levofloxacin,1850,57,12,22,9,14,0.46153846153846156,0.7096774193548387,0.5384615384615384,0.2903225806451613,0.5856079404466501
CHINA_NINGXIA_2022,levofloxacin,1851,57,12,24,6,15,0.4444444444444444,0.8,0.5555555555555556,0.2,0.6222222222222222
CHINA_NINGXIA_2022,levofloxacin,1852,57,16,22,3,16,0.5,0.88,0.5,0.12,0.69
CHINA_NINGXIA_2022,levofloxacin,1853,57,11,25,8,13,0.4583333333333333,0.7575757575757576,0.5416666666666666,0.24242424242424243,0.6079545454545454
CHINA_NINGXIA_2022,levofloxacin,1854,57,12,21,8,16,0.42857142857142855,0.7241379310344828,0.5714285714285714,0.27586206896551724,0.5763546798029556
CHINA_NINGXIA_2022,levofloxacin,1855,57,16,19,6,16,0.5,0.76,0.5,0.24,0.63
CHINA_NINGXIA_2022,levofloxacin,1856,57,16,22,5,14,0.5333333333333333,0.8148148148148148,0.4666666666666667,0.18518518518518517,0.674074074074074
CHINA_NINGXIA_2022,levofloxacin,1857,57,7,21,6,23,0.23333333333333334,0.7777777777777778,0.7666666666666667,0.2222222222222222,0.5055555555555555
CHINA_NINGXIA_2022,levofloxacin,1858,57,16,16,8,17,0.48484848484848486,0.6666666666666666,0.5151515151515151,0.3333333333333333,0.5757575757575757
CHINA_NINGXIA_2022,levofloxacin,1859,57,7,31,9,10,0.4117647058823529,0.775,0.5882352941176471,0.225,0.5933823529411765
CHINA_NINGXIA_2022,levofloxacin,1860,57,9,22,8,18,0.3333333333333333,0.7333333333333333,0.6666666666666666,0.26666666666666666,0.5333333333333333
CHINA_NINGXIA_2022,levofloxacin,1861,57,14,21,8,14,0.5,0.7241379310344828,0.5,0.27586206896551724,0.6120689655172413
CHINA_NINGXIA_2022,levofloxacin,1862,57,11,15,10,21,0.34375,0.6,0.65625,0.4,0.471875
CHINA_NINGXIA_2022,levofloxacin,1863,57,11,28,9,9,0.55,0.7567567567567568,0.45,0.24324324324324326,0.6533783783783784
CHINA_NINGXIA_2022,levofloxacin,1864,57,8,23,7,19,0.2962962962962963,0.7666666666666667,0.7037037037037037,0.23333333333333334,0.5314814814814814
CHINA_NINGXIA_2022,levofloxacin,1865,57,14,18,8,17,0.45161290322580644,0.6923076923076923,0.5483870967741935,0.3076923076923077,0.5719602977667494
CHINA_NINGXIA_2022,levofloxacin,1866,57,12,20,14,11,0.5217391304347826,0.5882352941176471,0.4782608695652174,0.4117647058823529,0.5549872122762148
CHINA_NINGXIA_2022,levofloxacin,1867,57,8,16,7,26,0.23529411764705882,0.6956521739130435,0.7647058823529411,0.30434782608695654,0.4654731457800511
CHINA_NINGXIA_2022,levofloxacin,1868,57,11,19,7,20,0.3548387096774194,0.7307692307692307,0.6451612903225806,0.2692307692307692,0.542803970223325
CHINA_NINGXIA_2022,levofloxacin,1869,57,12,20,10,15,0.4444444444444444,0.6666666666666666,0.5555555555555556,0.3333333333333333,0.5555555555555556
CHINA_NINGXIA_2022,levofloxacin,1870,57,7,28,4,18,0.28,0.875,0.72,0.125,0.5775
CHINA_NINGXIA_2022,levofloxacin,1871,57,9,27,9,12,0.42857142857142855,0.75,0.5714285714285714,0.25,0.5892857142857143
CHINA_NINGXIA_2022,levofloxacin,1872,57,6,28,8,15,0.2857142857142857,0.7777777777777778,0.7142857142857143,0.2222222222222222,0.5317460317460317
CHINA_NINGXIA_2022,levofloxacin,1873,57,17,20,9,11,0.6071428571428571,0.6896551724137931,0.3928571428571428,0.3103448275862069,0.6483990147783252
CHINA_NINGXIA_2022,levofloxacin,1874,57,10,29,6,12,0.45454545454545453,0.8285714285714286,0.5454545454545454,0.17142857142857143,0.6415584415584416
CHINA_NINGXIA_2022,levofloxacin,1875,57,13,28,6,10,0.5652173913043478,0.8235294117647058,0.4347826086956521,0.17647058823529413,0.6943734015345269
CHINA_NINGXIA_2022,levofloxacin,1876,57,12,20,11,14,0.46153846153846156,0.6451612903225806,0.5384615384615384,0.3548387096774194,0.5533498759305211
CHINA_NINGXIA_2022,levofloxacin,1877,57,16,18,6,17,0.48484848484848486,0.75,0.5151515151515151,0.25,0.6174242424242424
CHINA_NINGXIA_2022,levofloxacin,1878,57,14,14,8,21,0.4,0.6363636363636364,0.6,0.36363636363636365,0.5181818181818182
CHINA_NINGXIA_2022,levofloxacin,1879,57,10,24,4,19,0.3448275862068966,0.8571428571428571,0.6551724137931034,0.14285714285714285,0.6009852216748768
CHINA_NINGXIA_2022,levofloxacin,1880,57,13,22,5,17,0.43333333333333335,0.8148148148148148,0.5666666666666667,0.18518518518518517,0.624074074074074
CHINA_NINGXIA_2022,levofloxacin,1881,57,13,23,8,13,0.5,0.7419354838709677,0.5,0.25806451612903225,0.6209677419354839
CHINA_NINGXIA_2022,levofloxacin,1882,57,13,19,5,20,0.3939393939393939,0.7916666666666666,0.6060606060606061,0.20833333333333334,0.5928030303030303
CHINA_NINGXIA_2022,levofloxacin,1883,57,15,18,7,17,0.46875,0.72,0.53125,0.28,0.594375
CHINA_NINGXIA_2022,levofloxacin,1884,57,11,21,5,20,0.3548387096774194,0.8076923076923077,0.6451612903225806,0.19230769230769232,0.5812655086848635
CHINA_NINGXIA_2022,levofloxacin,1885,57,16,20,6,15,0.5161290322580645,0.7692307692307693,0.4838709677419355,0.23076923076923078,0.6426799007444168
CHINA_NINGXIA_2022,levofloxacin,1886,57,9,31,7,10,0.47368421052631576,0.8157894736842105,0.5263157894736842,0.18421052631578946,0.6447368421052632
CHINA_NINGXIA_2022,levofloxacin,1887,57,9,21,9,18,0.3333333333333333,0.7,0.6666666666666666,0.3,0.5166666666666666
CHINA_NINGXIA_2022,levofloxacin,1888,57,15,23,4,15,0.5,0.8518518518518519,0.5,0.14814814814814814,0.6759259259259259
CHINA_NINGXIA_2022,levofloxacin,1889,57,16,19,8,14,0.5333333333333333,0.7037037037037037,0.4666666666666667,0.2962962962962963,0.6185185185185185
CHINA_NINGXIA_2022,levofloxacin,1890,57,8,23,8,18,0.3076923076923077,0.7419354838709677,0.6923076923076923,0.25806451612903225,0.5248138957816377
CHINA_NINGXIA_2022,levofloxacin,1891,57,13,24,4,16,0.4482758620689655,0.8571428571428571,0.5517241379310345,0.14285714285714285,0.6527093596059113
CHINA_NINGXIA_2022,levofloxacin,1892,57,12,22,11,12,0.5,0.6666666666666666,0.5,0.3333333333333333,0.5833333333333333
CHINA_NINGXIA_2022,levofloxacin,1893,57,10,16,10,21,0.3225806451612903,0.6153846153846154,0.6774193548387096,0.38461538461538464,0.4689826302729528
CHINA_NINGXIA_2022,levofloxacin,1894,57,17,22,0,18,0.4857142857142857,1.0,0.5142857142857142,0.0,0.7428571428571429
CHINA_NINGXIA_2022,levofloxacin,1895,57,10,23,5,19,0.3448275862068966,0.8214285714285714,0.6551724137931034,0.17857142857142858,0.583128078817734
CHINA_NINGXIA_2022,levofloxacin,1896,57,10,23,5,19,0.3448275862068966,0.8214285714285714,0.6551724137931034,0.17857142857142858,0.583128078817734
CHINA_NINGXIA_2022,levofloxacin,1897,57,9,24,8,16,0.36,0.75,0.64,0.25,0.5549999999999999
CHINA_NINGXIA_2022,levofloxacin,1898,57,14,20,7,16,0.4666666666666667,0.7407407407407407,0.5333333333333333,0.25925925925925924,0.6037037037037036
CHINA_NINGXIA_2022,levofloxacin,1899,57,10,23,8,16,0.38461538461538464,0.7419354838709677,0.6153846153846154,0.25806451612903225,0.5632754342431762
CHINA_NINGXIA_2022,levofloxacin,1900,57,17,12,9,19,0.4722222222222222,0.5714285714285714,0.5277777777777778,0.42857142857142855,0.5218253968253967
CHINA_NINGXIA_2022,levofloxacin,1901,57,11,21,6,19,0.36666666666666664,0.7777777777777778,0.6333333333333333,0.2222222222222222,0.5722222222222222
CHINA_NINGXIA_2022,levofloxacin,1902,57,12,23,7,15,0.4444444444444444,0.7666666666666667,0.5555555555555556,0.23333333333333334,0.6055555555555556
CHINA_NINGXIA_2022,levofloxacin,1903,57,14,18,9,16,0.4666666666666667,0.6666666666666666,0.5333333333333333,0.3333333333333333,0.5666666666666667
CHINA_NINGXIA_2022,levofloxacin,1904,57,8,25,9,15,0.34782608695652173,0.7352941176470589,0.6521739130434783,0.2647058823529412,0.5415601023017903
CHINA_NINGXIA_2022,levofloxacin,1905,57,12,23,5,17,0.41379310344827586,0.8214285714285714,0.5862068965517241,0.17857142857142858,0.6176108374384236
CHINA_NINGXIA_2022,levofloxacin,1906,57,7,26,6,18,0.28,0.8125,0.72,0.1875,0.54625
CHINA_NINGXIA_2022,levofloxacin,1907,57,8,19,11,19,0.2962962962962963,0.6333333333333333,0.7037037037037037,0.36666666666666664,0.4648148148148148
CHINA_NINGXIA_2022,levofloxacin,1908,57,10,18,6,23,0.30303030303030304,0.75,0.696969696969697,0.25,0.5265151515151515
CHINA_NINGXIA_2022,levofloxacin,1909,57,20,18,7,12,0.625,0.72,0.375,0.28,0.6725
CHINA_NINGXIA_2022,levofloxacin,1910,57,16,22,6,13,0.5517241379310345,0.7857142857142857,0.4482758620689655,0.21428571428571427,0.6687192118226601
CHINA_NINGXIA_2022,levofloxacin,1911,57,12,18,10,17,0.41379310344827586,0.6428571428571429,0.5862068965517241,0.35714285714285715,0.5283251231527094
CHINA_NINGXIA_2022,levofloxacin,1912,57,15,21,9,12,0.5555555555555556,0.7,0.4444444444444444,0.3,0.6277777777777778
CHINA_NINGXIA_2022,levofloxacin,1913,57,14,18,9,16,0.4666666666666667,0.6666666666666666,0.5333333333333333,0.3333333333333333,0.5666666666666667
CHINA_NINGXIA_2022,levofloxacin,1914,57,10,31,4,12,0.45454545454545453,0.8857142857142857,0.5454545454545454,0.11428571428571428,0.6701298701298701
CHINA_NINGXIA_2022,levofloxacin,1915,57,8,23,6,20,0.2857142857142857,0.7931034482758621,0.7142857142857143,0.20689655172413793,0.5394088669950738
CHINA_NINGXIA_2022,levofloxacin,1916,57,10,25,7,15,0.4,0.78125,0.6,0.21875,0.590625
CHINA_NINGXIA_2022,levofloxacin,1917,57,12,26,4,15,0.4444444444444444,0.8666666666666667,0.5555555555555556,0.13333333333333333,0.6555555555555556
CHINA_NINGXIA_2022,levofloxacin,1918,57,15,25,8,9,0.625,0.7575757575757576,0.375,0.24242424242424243,0.6912878787878788
CHINA_NINGXIA_2022,levofloxacin,1919,57,15,20,10,12,0.5555555555555556,0.6666666666666666,0.4444444444444444,0.3333333333333333,0.6111111111111112
CHINA_NINGXIA_2022,levofloxacin,1920,57,10,18,6,23,0.30303030303030304,0.75,0.696969696969697,0.25,0.5265151515151515
CHINA_NINGXIA_2022,levofloxacin,1921,57,12,22,7,16,0.42857142857142855,0.7586206896551724,0.5714285714285714,0.2413793103448276,0.5935960591133005
CHINA_NINGXIA_2022,levofloxacin,1922,57,15,23,4,15,0.5,0.8518518518518519,0.5,0.14814814814814814,0.6759259259259259
CHINA_NINGXIA_2022,levofloxacin,1923,57,10,24,7,16,0.38461538461538464,0.7741935483870968,0.6153846153846154,0.22580645161290322,0.5794044665012407
CHINA_NINGXIA_2022,levofloxacin,1924,57,11,20,6,20,0.3548387096774194,0.7692307692307693,0.6451612903225806,0.23076923076923078,0.5620347394540943
CHINA_NINGXIA_2022,levofloxacin,1925,57,14,22,7,14,0.5,0.7586206896551724,0.5,0.2413793103448276,0.6293103448275862
CHINA_NINGXIA_2022,levofloxacin,1926,57,15,18,10,14,0.5172413793103449,0.6428571428571429,0.4827586206896552,0.35714285714285715,0.5800492610837439
CHINA_NINGXIA_2022,levofloxacin,1927,57,12,22,6,17,0.41379310344827586,0.7857142857142857,0.5862068965517241,0.21428571428571427,0.5997536945812808
CHINA_NINGXIA_2022,levofloxacin,1928,57,15,19,7,16,0.4838709677419355,0.7307692307692307,0.5161290322580645,0.2692307692307692,0.6073200992555832
CHINA_NINGXIA_2022,levofloxacin,1929,57,8,23,9,17,0.32,0.71875,0.68,0.28125,0.519375
CHINA_NINGXIA_2022,levofloxacin,1930,57,16,12,8,21,0.43243243243243246,0.6,0.5675675675675675,0.4,0.5162162162162163
CHINA_NINGXIA_2022,levofloxacin,1931,57,14,17,5,21,0.4,0.7727272727272727,0.6,0.22727272727272727,0.5863636363636364
CHINA_NINGXIA_2022,levofloxacin,1932,57,19,15,9,14,0.5757575757575758,0.625,0.4242424242424242,0.375,0.6003787878787878
CHINA_NINGXIA_2022,levofloxacin,1933,57,14,18,8,17,0.45161290322580644,0.6923076923076923,0.5483870967741935,0.3076923076923077,0.5719602977667494
CHINA_NINGXIA_2022,levofloxacin,1934,57,14,31,2,10,0.5833333333333334,0.9393939393939394,0.4166666666666667,0.06060606060606061,0.7613636363636365
CHINA_NINGXIA_2022,levofloxacin,1935,57,11,24,5,17,0.39285714285714285,0.8275862068965517,0.6071428571428571,0.1724137931034483,0.6102216748768473
CHINA_NINGXIA_2022,levofloxacin,1936,57,12,24,3,18,0.4,0.8888888888888888,0.6,0.1111111111111111,0.6444444444444444
CHINA_NINGXIA_2022,levofloxacin,1937,57,11,27,4,15,0.4230769230769231,0.8709677419354839,0.5769230769230769,0.12903225806451613,0.6470223325062034
CHINA_NINGXIA_2022,levofloxacin,1938,57,10,26,5,16,0.38461538461538464,0.8387096774193549,0.6153846153846154,0.16129032258064516,0.6116625310173698
CHINA_NINGXIA_2022,levofloxacin,1939,57,12,24,6,15,0.4444444444444444,0.8,0.5555555555555556,0.2,0.6222222222222222
CHINA_NINGXIA_2022,levofloxacin,1940,57,12,20,9,16,0.42857142857142855,0.6896551724137931,0.5714285714285714,0.3103448275862069,0.5591133004926109
CHINA_NINGXIA_2022,levofloxacin,1941,57,17,20,5,15,0.53125,0.8,0.46875,0.2,0.665625
CHINA_NINGXIA_2022,levofloxacin,1942,57,12,22,4,19,0.3870967741935484,0.8461538461538461,0.6129032258064516,0.15384615384615385,0.6166253101736973
CHINA_NINGXIA_2022,levofloxacin,1943,57,9,16,13,19,0.32142857142857145,0.5517241379310345,0.6785714285714286,0.4482758620689655,0.4365763546798029
CHINA_NINGXIA_2022,levofloxacin,1944,57,13,22,8,14,0.48148148148148145,0.7333333333333333,0.5185185185185185,0.26666666666666666,0.6074074074074074
CHINA_NINGXIA_2022,levofloxacin,1945,57,10,24,8,15,0.4,0.75,0.6,0.25,0.575
CHINA_NINGXIA_2022,levofloxacin,1946,57,16,24,7,10,0.6153846153846154,0.7741935483870968,0.3846153846153846,0.22580645161290322,0.6947890818858561
CHINA_NINGXIA_2022,levofloxacin,1947,57,10,28,8,11,0.47619047619047616,0.7777777777777778,0.5238095238095238,0.2222222222222222,0.626984126984127
CHINA_NINGXIA_2022,levofloxacin,1948,57,18,15,7,17,0.5142857142857142,0.6818181818181818,0.4857142857142857,0.3181818181818182,0.598051948051948
CHINA_NINGXIA_2022,levofloxacin,1949,57,11,14,15,17,0.39285714285714285,0.4827586206896552,0.6071428571428571,0.5172413793103449,0.437807881773399
CHINA_NINGXIA_2022,levofloxacin,1950,57,7,24,8,18,0.28,0.75,0.72,0.25,0.515
CHINA_NINGXIA_2022,levofloxacin,1951,57,10,25,4,18,0.35714285714285715,0.8620689655172413,0.6428571428571429,0.13793103448275862,0.6096059113300493
CHINA_NINGXIA_2022,levofloxacin,1952,57,10,23,7,17,0.37037037037037035,0.7666666666666667,0.6296296296296297,0.23333333333333334,0.5685185185185185
CHINA_NINGXIA_2022,levofloxacin,1953,57,8,20,6,23,0.25806451612903225,0.7692307692307693,0.7419354838709677,0.23076923076923078,0.5136476426799008
CHINA_NINGXIA_2022,levofloxacin,1954,57,16,17,6,18,0.47058823529411764,0.7391304347826086,0.5294117647058824,0.2608695652173913,0.6048593350383631
CHINA_NINGXIA_2022,levofloxacin,1955,57,13,16,6,22,0.37142857142857144,0.7272727272727273,0.6285714285714286,0.2727272727272727,0.5493506493506494
CHINA_NINGXIA_2022,levofloxacin,1956,57,10,26,8,13,0.43478260869565216,0.7647058823529411,0.5652173913043478,0.23529411764705882,0.5997442455242966
CHINA_NINGXIA_2022,levofloxacin,1957,57,7,24,11,15,0.3181818181818182,0.6857142857142857,0.6818181818181818,0.3142857142857143,0.5019480519480519
CHINA_NINGXIA_2022,levofloxacin,1958,57,15,21,6,15,0.5,0.7777777777777778,0.5,0.2222222222222222,0.6388888888888888
CHINA_NINGXIA_2022,levofloxacin,1959,57,13,18,9,17,0.43333333333333335,0.6666666666666666,0.5666666666666667,0.3333333333333333,0.55
CHINA_NINGXIA_2022,levofloxacin,1960,57,11,22,6,18,0.3793103448275862,0.7857142857142857,0.6206896551724138,0.21428571428571427,0.5825123152709359
CHINA_NINGXIA_2022,levofloxacin,1961,57,12,17,12,16,0.42857142857142855,0.5862068965517241,0.5714285714285714,0.41379310344827586,0.5073891625615763
CHINA_NINGXIA_2022,levofloxacin,1962,57,16,20,7,14,0.5333333333333333,0.7407407407407407,0.4666666666666667,0.25925925925925924,0.6370370370370371
CHINA_NINGXIA_2022,levofloxacin,1963,57,17,17,7,16,0.5151515151515151,0.7083333333333334,0.4848484848484848,0.2916666666666667,0.6117424242424243
CHINA_NINGXIA_2022,levofloxacin,1964,57,10,25,2,20,0.3333333333333333,0.9259259259259259,0.6666666666666666,0.07407407407407407,0.6296296296296297
CHINA_NINGXIA_2022,levofloxacin,1965,57,15,24,7,11,0.5769230769230769,0.7741935483870968,0.4230769230769231,0.22580645161290322,0.6755583126550868
CHINA_NINGXIA_2022,levofloxacin,1966,57,9,27,3,18,0.3333333333333333,0.9,0.6666666666666666,0.1,0.6166666666666667
CHINA_NINGXIA_2022,levofloxacin,1967,57,12,22,6,17,0.41379310344827586,0.7857142857142857,0.5862068965517241,0.21428571428571427,0.5997536945812808
CHINA_NINGXIA_2022,levofloxacin,1968,57,10,26,6,15,0.4,0.8125,0.6,0.1875,0.60625
CHINA_NINGXIA_2022,levofloxacin,1969,57,12,23,10,12,0.5,0.696969696969697,0.5,0.30303030303030304,0.5984848484848485
CHINA_NINGXIA_2022,levofloxacin,1970,57,10,25,8,14,0.4166666666666667,0.7575757575757576,0.5833333333333334,0.24242424242424243,0.5871212121212122
CHINA_NINGXIA_2022,levofloxacin,1971,57,5,28,7,17,0.22727272727272727,0.8,0.7727272727272727,0.2,0.5136363636363637
CHINA_NINGXIA_2022,levofloxacin,1972,57,12,23,6,16,0.42857142857142855,0.7931034482758621,0.5714285714285714,0.20689655172413793,0.6108374384236454
CHINA_NINGXIA_2022,levofloxacin,1973,57,9,23,4,21,0.3,0.8518518518518519,0.7,0.14814814814814814,0.575925925925926
CHINA_NINGXIA_2022,levofloxacin,1974,57,14,18,12,13,0.5185185185185185,0.6,0.4814814814814814,0.4,0.5592592592592592
CHINA_NINGXIA_2022,levofloxacin,1975,57,11,16,12,18,0.3793103448275862,0.5714285714285714,0.6206896551724138,0.42857142857142855,0.4753694581280788
CHINA_NINGXIA_2022,levofloxacin,1976,57,10,20,7,20,0.3333333333333333,0.7407407407407407,0.6666666666666666,0.25925925925925924,0.537037037037037
CHINA_NINGXIA_2022,levofloxacin,1977,57,6,19,8,24,0.2,0.7037037037037037,0.8,0.2962962962962963,0.4518518518518518
CHINA_NINGXIA_2022,levofloxacin,1978,57,15,19,8,15,0.5,0.7037037037037037,0.5,0.2962962962962963,0.6018518518518519
CHINA_NINGXIA_2022,levofloxacin,1979,57,5,29,7,16,0.23809523809523808,0.8055555555555556,0.7619047619047619,0.19444444444444445,0.5218253968253969
CHINA_NINGXIA_2022,levofloxacin,1980,57,14,16,7,20,0.4117647058823529,0.6956521739130435,0.5882352941176471,0.30434782608695654,0.5537084398976981
CHINA_NINGXIA_2022,levofloxacin,1981,57,11,26,8,12,0.4782608695652174,0.7647058823529411,0.5217391304347826,0.23529411764705882,0.6214833759590792
CHINA_NINGXIA_2022,levofloxacin,1982,57,19,19,7,12,0.6129032258064516,0.7307692307692307,0.3870967741935484,0.2692307692307692,0.6718362282878412
CHINA_NINGXIA_2022,levofloxacin,1983,57,9,22,6,20,0.3103448275862069,0.7857142857142857,0.6896551724137931,0.21428571428571427,0.5480295566502463
CHINA_NINGXIA_2022,levofloxacin,1984,57,12,22,8,15,0.4444444444444444,0.7333333333333333,0.5555555555555556,0.26666666666666666,0.5888888888888888
CHINA_NINGXIA_2022,levofloxacin,1985,57,10,21,14,12,0.45454545454545453,0.6,0.5454545454545454,0.4,0.5272727272727272
CHINA_NINGXIA_2022,levofloxacin,1986,57,15,18,7,17,0.46875,0.72,0.53125,0.28,0.594375
CHINA_NINGXIA_2022,levofloxacin,1987,57,10,22,4,21,0.3225806451612903,0.8461538461538461,0.6774193548387096,0.15384615384615385,0.5843672456575683
CHINA_NINGXIA_2022,levofloxacin,1988,57,15,16,9,17,0.46875,0.64,0.53125,0.36,0.5543750000000001
CHINA_NINGXIA_2022,levofloxacin,1989,57,15,24,6,12,0.5555555555555556,0.8,0.4444444444444444,0.2,0.6777777777777778
CHINA_NINGXIA_2022,levofloxacin,1990,57,14,16,11,16,0.4666666666666667,0.5925925925925926,0.5333333333333333,0.4074074074074074,0.5296296296296297
CHINA_NINGXIA_2022,levofloxacin,1991,57,13,22,3,19,0.40625,0.88,0.59375,0.12,0.643125
CHINA_NINGXIA_2022,levofloxacin,1992,57,11,26,6,14,0.44,0.8125,0.56,0.1875,0.62625
CHINA_NINGXIA_2022,levofloxacin,1993,57,15,20,7,15,0.5,0.7407407407407407,0.5,0.25925925925925924,0.6203703703703703
CHINA_NINGXIA_2022,levofloxacin,1994,57,15,22,8,12,0.5555555555555556,0.7333333333333333,0.4444444444444444,0.26666666666666666,0.6444444444444444
CHINA_NINGXIA_2022,levofloxacin,1995,57,13,21,8,15,0.4642857142857143,0.7241379310344828,0.5357142857142857,0.27586206896551724,0.5942118226600985
CHINA_NINGXIA_2022,levofloxacin,1996,57,11,23,8,15,0.4230769230769231,0.7419354838709677,0.5769230769230769,0.25806451612903225,0.5825062034739454
CHINA_NINGXIA_2022,levofloxacin,1997,57,13,22,9,13,0.5,0.7096774193548387,0.5,0.2903225806451613,0.6048387096774194
CHINA_NINGXIA_2022,levofloxacin,1998,57,10,26,2,19,0.3448275862068966,0.9285714285714286,0.6551724137931034,0.07142857142857142,0.6366995073891626
CHINA_NINGXIA_2022,levofloxacin,1999,57,18,20,4,15,0.5454545454545454,0.8333333333333334,0.4545454545454545,0.16666666666666666,0.6893939393939394
CHINA_NINGXIA_2022,levofloxacin,2000,57,15,23,4,15,0.5,0.8518518518518519,0.5,0.14814814814814814,0.6759259259259259
ZENODO_10369064,clarithromycin,1,44,16,27,1,0,1.0,0.9642857142857143,0.0,0.03571428571428571,0.9821428571428572
ZENODO_10369064,clarithromycin,2,44,13,27,1,3,0.8125,0.9642857142857143,0.1875,0.03571428571428571,0.8883928571428572
ZENODO_10369064,clarithromycin,3,44,16,25,1,2,0.8888888888888888,0.9615384615384616,0.1111111111111111,0.038461538461538464,0.9252136752136751
ZENODO_10369064,clarithromycin,4,44,20,20,1,3,0.8695652173913043,0.9523809523809523,0.1304347826086956,0.047619047619047616,0.9109730848861284
ZENODO_10369064,clarithromycin,5,44,20,23,0,1,0.9523809523809523,1.0,0.0476190476190476,0.0,0.9761904761904762
ZENODO_10369064,clarithromycin,6,44,18,22,1,3,0.8571428571428571,0.9565217391304348,0.1428571428571428,0.043478260869565216,0.906832298136646
ZENODO_10369064,clarithromycin,7,44,17,25,1,1,0.9444444444444444,0.9615384615384616,0.0555555555555555,0.038461538461538464,0.9529914529914528
ZENODO_10369064,clarithromycin,8,44,16,24,1,3,0.8421052631578947,0.96,0.1578947368421052,0.04,0.9010526315789472
ZENODO_10369064,clarithromycin,9,44,16,22,3,3,0.8421052631578947,0.88,0.1578947368421052,0.12,0.8610526315789473
ZENODO_10369064,clarithromycin,10,44,19,23,1,1,0.95,0.9583333333333334,0.05,0.041666666666666664,0.9541666666666666
ZENODO_10369064,clarithromycin,11,44,15,26,1,2,0.8823529411764706,0.9629629629629629,0.1176470588235294,0.037037037037037035,0.9226579520697168
ZENODO_10369064,clarithromycin,12,44,21,22,1,0,1.0,0.9565217391304348,0.0,0.043478260869565216,0.9782608695652174
ZENODO_10369064,clarithromycin,13,44,18,22,2,2,0.9,0.9166666666666666,0.1,0.08333333333333333,0.9083333333333332
ZENODO_10369064,clarithromycin,14,44,13,27,1,3,0.8125,0.9642857142857143,0.1875,0.03571428571428571,0.8883928571428572
ZENODO_10369064,clarithromycin,15,44,16,23,1,4,0.8,0.9583333333333334,0.2,0.041666666666666664,0.8791666666666667
ZENODO_10369064,clarithromycin,16,44,15,22,3,4,0.7894736842105263,0.88,0.2105263157894736,0.12,0.8347368421052632
ZENODO_10369064,clarithromycin,17,44,22,18,2,2,0.9166666666666666,0.9,0.0833333333333333,0.1,0.9083333333333332
ZENODO_10369064,clarithromycin,18,44,18,23,1,2,0.9,0.9583333333333334,0.1,0.041666666666666664,0.9291666666666668
ZENODO_10369064,clarithromycin,19,44,27,15,0,2,0.9310344827586207,1.0,0.0689655172413793,0.0,0.9655172413793104
ZENODO_10369064,clarithromycin,20,44,18,22,2,2,0.9,0.9166666666666666,0.1,0.08333333333333333,0.9083333333333332
ZENODO_10369064,clarithromycin,21,44,16,25,3,0,1.0,0.8928571428571429,0.0,0.10714285714285714,0.9464285714285714
ZENODO_10369064,clarithromycin,22,44,17,25,0,2,0.8947368421052632,1.0,0.1052631578947368,0.0,0.9473684210526316
ZENODO_10369064,clarithromycin,23,44,19,23,1,1,0.95,0.9583333333333334,0.05,0.041666666666666664,0.9541666666666666
ZENODO_10369064,clarithromycin,24,44,13,26,1,4,0.7647058823529411,0.9629629629629629,0.2352941176470588,0.037037037037037035,0.863834422657952
ZENODO_10369064,clarithromycin,25,44,16,23,1,4,0.8,0.9583333333333334,0.2,0.041666666666666664,0.8791666666666667
ZENODO_10369064,clarithromycin,26,44,11,28,0,5,0.6875,1.0,0.3125,0.0,0.84375
ZENODO_10369064,clarithromycin,27,44,20,21,2,1,0.9523809523809523,0.9130434782608695,0.0476190476190476,0.08695652173913043,0.9327122153209108
ZENODO_10369064,clarithromycin,28,44,21,20,1,2,0.9130434782608695,0.9523809523809523,0.0869565217391304,0.047619047619047616,0.9327122153209108
ZENODO_10369064,clarithromycin,29,44,19,22,1,2,0.9047619047619048,0.9565217391304348,0.0952380952380952,0.043478260869565216,0.9306418219461698
ZENODO_10369064,clarithromycin,30,44,20,23,1,0,1.0,0.9583333333333334,0.0,0.041666666666666664,0.9791666666666669
ZENODO_10369064,clarithromycin,31,44,15,27,0,2,0.8823529411764706,1.0,0.1176470588235294,0.0,0.9411764705882352
ZENODO_10369064,clarithromycin,32,44,17,24,1,2,0.8947368421052632,0.96,0.1052631578947368,0.04,0.9273684210526316
ZENODO_10369064,clarithromycin,33,44,16,23,2,3,0.8421052631578947,0.92,0.1578947368421052,0.08,0.8810526315789473
ZENODO_10369064,clarithromycin,34,44,18,21,2,3,0.8571428571428571,0.9130434782608695,0.1428571428571428,0.08695652173913043,0.8850931677018633
ZENODO_10369064,clarithromycin,35,44,14,27,0,3,0.8235294117647058,1.0,0.1764705882352941,0.0,0.9117647058823528
ZENODO_10369064,clarithromycin,36,44,15,24,1,4,0.7894736842105263,0.96,0.2105263157894736,0.04,0.8747368421052631
ZENODO_10369064,clarithromycin,37,44,16,24,1,3,0.8421052631578947,0.96,0.1578947368421052,0.04,0.9010526315789472
ZENODO_10369064,clarithromycin,38,44,19,24,1,0,1.0,0.96,0.0,0.04,0.98
ZENODO_10369064,clarithromycin,39,44,21,21,1,1,0.9545454545454546,0.9545454545454546,0.0454545454545454,0.045454545454545456,0.9545454545454546
ZENODO_10369064,clarithromycin,40,44,13,27,0,4,0.7647058823529411,1.0,0.2352941176470588,0.0,0.8823529411764706
ZENODO_10369064,clarithromycin,41,44,23,18,0,3,0.8846153846153846,1.0,0.1153846153846153,0.0,0.9423076923076924
ZENODO_10369064,clarithromycin,42,44,18,23,1,2,0.9,0.9583333333333334,0.1,0.041666666666666664,0.9291666666666668
ZENODO_10369064,clarithromycin,43,44,21,22,0,1,0.9545454545454546,1.0,0.0454545454545454,0.0,0.9772727272727272
ZENODO_10369064,clarithromycin,44,44,19,23,2,0,1.0,0.92,0.0,0.08,0.96
ZENODO_10369064,clarithromycin,45,44,22,20,0,2,0.9166666666666666,1.0,0.0833333333333333,0.0,0.9583333333333331
ZENODO_10369064,clarithromycin,46,44,16,23,3,2,0.8888888888888888,0.8846153846153846,0.1111111111111111,0.11538461538461539,0.8867521367521367
ZENODO_10369064,clarithromycin,47,44,21,20,1,2,0.9130434782608695,0.9523809523809523,0.0869565217391304,0.047619047619047616,0.9327122153209108
ZENODO_10369064,clarithromycin,48,44,20,21,2,1,0.9523809523809523,0.9130434782608695,0.0476190476190476,0.08695652173913043,0.9327122153209108
ZENODO_10369064,clarithromycin,49,44,20,20,0,4,0.8333333333333334,1.0,0.1666666666666666,0.0,0.9166666666666669
ZENODO_10369064,clarithromycin,50,44,13,28,1,2,0.8666666666666667,0.9655172413793104,0.1333333333333333,0.034482758620689655,0.9160919540229886
ZENODO_10369064,clarithromycin,51,44,16,22,2,4,0.8,0.9166666666666666,0.2,0.08333333333333333,0.8583333333333334
ZENODO_10369064,clarithromycin,52,44,23,19,0,2,0.92,1.0,0.08,0.0,0.96
ZENODO_10369064,clarithromycin,53,44,15,28,0,1,0.9375,1.0,0.0625,0.0,0.96875
ZENODO_10369064,clarithromycin,54,44,17,23,0,4,0.8095238095238095,1.0,0.1904761904761904,0.0,0.9047619047619048
ZENODO_10369064,clarithromycin,55,44,17,21,0,6,0.7391304347826086,1.0,0.2608695652173913,0.0,0.8695652173913043
ZENODO_10369064,clarithromycin,56,44,19,22,2,1,0.95,0.9166666666666666,0.05,0.08333333333333333,0.9333333333333332
ZENODO_10369064,clarithromycin,57,44,20,22,1,1,0.9523809523809523,0.9565217391304348,0.0476190476190476,0.043478260869565216,0.9544513457556936
ZENODO_10369064,clarithromycin,58,44,15,27,1,1,0.9375,0.9642857142857143,0.0625,0.03571428571428571,0.9508928571428572
ZENODO_10369064,clarithromycin,59,44,10,27,2,5,0.6666666666666666,0.9310344827586207,0.3333333333333333,0.06896551724137931,0.7988505747126436
ZENODO_10369064,clarithromycin,60,44,22,20,0,2,0.9166666666666666,1.0,0.0833333333333333,0.0,0.9583333333333331
ZENODO_10369064,clarithromycin,61,44,22,22,0,0,1.0,1.0,0.0,0.0,1.0
ZENODO_10369064,clarithromycin,62,44,15,26,1,2,0.8823529411764706,0.9629629629629629,0.1176470588235294,0.037037037037037035,0.9226579520697168
ZENODO_10369064,clarithromycin,63,44,13,27,0,4,0.7647058823529411,1.0,0.2352941176470588,0.0,0.8823529411764706
ZENODO_10369064,clarithromycin,64,44,17,26,1,0,1.0,0.9629629629629629,0.0,0.037037037037037035,0.9814814814814814
ZENODO_10369064,clarithromycin,65,44,17,25,0,2,0.8947368421052632,1.0,0.1052631578947368,0.0,0.9473684210526316
ZENODO_10369064,clarithromycin,66,44,16,24,1,3,0.8421052631578947,0.96,0.1578947368421052,0.04,0.9010526315789472
ZENODO_10369064,clarithromycin,67,44,23,18,2,1,0.9583333333333334,0.9,0.0416666666666666,0.1,0.9291666666666668
ZENODO_10369064,clarithromycin,68,44,17,25,1,1,0.9444444444444444,0.9615384615384616,0.0555555555555555,0.038461538461538464,0.9529914529914528
ZENODO_10369064,clarithromycin,69,44,14,28,2,0,1.0,0.9333333333333333,0.0,0.06666666666666667,0.9666666666666668
ZENODO_10369064,clarithromycin,70,44,17,25,0,2,0.8947368421052632,1.0,0.1052631578947368,0.0,0.9473684210526316
ZENODO_10369064,clarithromycin,71,44,21,21,0,2,0.9130434782608695,1.0,0.0869565217391304,0.0,0.9565217391304348
ZENODO_10369064,clarithromycin,72,44,14,25,2,3,0.8235294117647058,0.9259259259259259,0.1764705882352941,0.07407407407407407,0.8747276688453158
ZENODO_10369064,clarithromycin,73,44,18,26,0,0,1.0,1.0,0.0,0.0,1.0
ZENODO_10369064,clarithromycin,74,44,16,24,1,3,0.8421052631578947,0.96,0.1578947368421052,0.04,0.9010526315789472
ZENODO_10369064,clarithromycin,75,44,17,25,0,2,0.8947368421052632,1.0,0.1052631578947368,0.0,0.9473684210526316
ZENODO_10369064,clarithromycin,76,44,17,24,0,3,0.85,1.0,0.15,0.0,0.925
ZENODO_10369064,clarithromycin,77,44,19,21,0,4,0.8260869565217391,1.0,0.1739130434782608,0.0,0.9130434782608696
ZENODO_10369064,clarithromycin,78,44,16,28,0,0,1.0,1.0,0.0,0.0,1.0
ZENODO_10369064,clarithromycin,79,44,22,21,0,1,0.9565217391304348,1.0,0.0434782608695652,0.0,0.9782608695652174
ZENODO_10369064,clarithromycin,80,44,18,22,1,3,0.8571428571428571,0.9565217391304348,0.1428571428571428,0.043478260869565216,0.906832298136646
ZENODO_10369064,clarithromycin,81,44,18,24,1,1,0.9473684210526315,0.96,0.0526315789473684,0.04,0.9536842105263156
ZENODO_10369064,clarithromycin,82,44,16,27,0,1,0.9411764705882353,1.0,0.0588235294117647,0.0,0.9705882352941176
ZENODO_10369064,clarithromycin,83,44,24,17,0,3,0.8888888888888888,1.0,0.1111111111111111,0.0,0.9444444444444444
ZENODO_10369064,clarithromycin,84,44,20,21,2,1,0.9523809523809523,0.9130434782608695,0.0476190476190476,0.08695652173913043,0.9327122153209108
ZENODO_10369064,clarithromycin,85,44,16,25,0,3,0.8421052631578947,1.0,0.1578947368421052,0.0,0.9210526315789472
ZENODO_10369064,clarithromycin,86,44,16,24,1,3,0.8421052631578947,0.96,0.1578947368421052,0.04,0.9010526315789472
ZENODO_10369064,clarithromycin,87,44,19,24,0,1,0.95,1.0,0.05,0.0,0.975
ZENODO_10369064,clarithromycin,88,44,13,29,0,2,0.8666666666666667,1.0,0.1333333333333333,0.0,0.9333333333333332
ZENODO_10369064,clarithromycin,89,44,13,27,2,2,0.8666666666666667,0.9310344827586207,0.1333333333333333,0.06896551724137931,0.8988505747126436
ZENODO_10369064,clarithromycin,90,44,14,27,0,3,0.8235294117647058,1.0,0.1764705882352941,0.0,0.9117647058823528
ZENODO_10369064,clarithromycin,91,44,19,22,1,2,0.9047619047619048,0.9565217391304348,0.0952380952380952,0.043478260869565216,0.9306418219461698
ZENODO_10369064,clarithromycin,92,44,17,23,2,2,0.8947368421052632,0.92,0.1052631578947368,0.08,0.9073684210526316
ZENODO_10369064,clarithromycin,93,44,23,18,1,2,0.92,0.9473684210526315,0.08,0.05263157894736842,0.9336842105263158
ZENODO_10369064,clarithromycin,94,44,12,27,2,3,0.8,0.9310344827586207,0.2,0.06896551724137931,0.8655172413793104
ZENODO_10369064,clarithromycin,95,44,21,19,3,1,0.9545454545454546,0.8636363636363636,0.0454545454545454,0.13636363636363635,0.9090909090909092
ZENODO_10369064,clarithromycin,96,44,22,20,1,1,0.9565217391304348,0.9523809523809523,0.0434782608695652,0.047619047619047616,0.9544513457556936
ZENODO_10369064,clarithromycin,97,44,18,22,3,1,0.9473684210526315,0.88,0.0526315789473684,0.12,0.9136842105263158
ZENODO_10369064,clarithromycin,98,44,19,23,0,2,0.9047619047619048,1.0,0.0952380952380952,0.0,0.9523809523809524
ZENODO_10369064,clarithromycin,99,44,19,23,1,1,0.95,0.9583333333333334,0.05,0.041666666666666664,0.9541666666666666
ZENODO_10369064,clarithromycin,100,44,19,19,3,3,0.8636363636363636,0.8636363636363636,0.1363636363636363,0.13636363636363635,0.8636363636363636
ZENODO_10369064,clarithromycin,101,44,14,28,2,0,1.0,0.9333333333333333,0.0,0.06666666666666667,0.9666666666666668
ZENODO_10369064,clarithromycin,102,44,16,22,0,6,0.7272727272727273,1.0,0.2727272727272727,0.0,0.8636363636363636
ZENODO_10369064,clarithromycin,103,44,21,21,1,1,0.9545454545454546,0.9545454545454546,0.0454545454545454,0.045454545454545456,0.9545454545454546
ZENODO_10369064,clarithromycin,104,44,15,26,1,2,0.8823529411764706,0.9629629629629629,0.1176470588235294,0.037037037037037035,0.9226579520697168
ZENODO_10369064,clarithromycin,105,44,19,22,1,2,0.9047619047619048,0.9565217391304348,0.0952380952380952,0.043478260869565216,0.9306418219461698
ZENODO_10369064,clarithromycin,106,44,16,26,0,2,0.8888888888888888,1.0,0.1111111111111111,0.0,0.9444444444444444
ZENODO_10369064,clarithromycin,107,44,18,22,1,3,0.8571428571428571,0.9565217391304348,0.1428571428571428,0.043478260869565216,0.906832298136646
ZENODO_10369064,clarithromycin,108,44,20,22,0,2,0.9090909090909091,1.0,0.0909090909090909,0.0,0.9545454545454546
ZENODO_10369064,clarithromycin,109,44,16,24,0,4,0.8,1.0,0.2,0.0,0.9
ZENODO_10369064,clarithromycin,110,44,15,21,1,7,0.6818181818181818,0.9545454545454546,0.3181818181818182,0.045454545454545456,0.8181818181818181
ZENODO_10369064,clarithromycin,111,44,18,22,1,3,0.8571428571428571,0.9565217391304348,0.1428571428571428,0.043478260869565216,0.906832298136646
ZENODO_10369064,clarithromycin,112,44,17,26,1,0,1.0,0.9629629629629629,0.0,0.037037037037037035,0.9814814814814814
ZENODO_10369064,clarithromycin,113,44,14,27,0,3,0.8235294117647058,1.0,0.1764705882352941,0.0,0.9117647058823528
ZENODO_10369064,clarithromycin,114,44,22,20,0,2,0.9166666666666666,1.0,0.0833333333333333,0.0,0.9583333333333331
ZENODO_10369064,clarithromycin,115,44,15,26,2,1,0.9375,0.9285714285714286,0.0625,0.07142857142857142,0.9330357142857144
ZENODO_10369064,clarithromycin,116,44,21,20,2,1,0.9545454545454546,0.9090909090909091,0.0454545454545454,0.09090909090909091,0.931818181818182
ZENODO_10369064,clarithromycin,117,44,17,25,1,1,0.9444444444444444,0.9615384615384616,0.0555555555555555,0.038461538461538464,0.9529914529914528
ZENODO_10369064,clarithromycin,118,44,17,24,1,2,0.8947368421052632,0.96,0.1052631578947368,0.04,0.9273684210526316
ZENODO_10369064,clarithromycin,119,44,15,26,1,2,0.8823529411764706,0.9629629629629629,0.1176470588235294,0.037037037037037035,0.9226579520697168
ZENODO_10369064,clarithromycin,120,44,24,19,1,0,1.0,0.95,0.0,0.05,0.975
ZENODO_10369064,clarithromycin,121,44,21,22,0,1,0.9545454545454546,1.0,0.0454545454545454,0.0,0.9772727272727272
ZENODO_10369064,clarithromycin,122,44,18,21,1,4,0.8181818181818182,0.9545454545454546,0.1818181818181818,0.045454545454545456,0.8863636363636365
ZENODO_10369064,clarithromycin,123,44,18,22,2,2,0.9,0.9166666666666666,0.1,0.08333333333333333,0.9083333333333332
ZENODO_10369064,clarithromycin,124,44,22,20,1,1,0.9565217391304348,0.9523809523809523,0.0434782608695652,0.047619047619047616,0.9544513457556936
ZENODO_10369064,clarithromycin,125,44,19,23,1,1,0.95,0.9583333333333334,0.05,0.041666666666666664,0.9541666666666666
ZENODO_10369064,clarithromycin,126,44,10,32,0,2,0.8333333333333334,1.0,0.1666666666666666,0.0,0.9166666666666669
ZENODO_10369064,clarithromycin,127,44,28,15,0,1,0.9655172413793104,1.0,0.0344827586206896,0.0,0.9827586206896552
ZENODO_10369064,clarithromycin,128,44,22,18,1,3,0.88,0.9473684210526315,0.12,0.05263157894736842,0.9136842105263158
ZENODO_10369064,clarithromycin,129,44,17,22,1,4,0.8095238095238095,0.9565217391304348,0.1904761904761904,0.043478260869565216,0.8830227743271222
ZENODO_10369064,clarithromycin,130,44,15,28,0,1,0.9375,1.0,0.0625,0.0,0.96875
ZENODO_10369064,clarithromycin,131,44,18,24,0,2,0.9,1.0,0.1,0.0,0.95
ZENODO_10369064,clarithromycin,132,44,13,28,1,2,0.8666666666666667,0.9655172413793104,0.1333333333333333,0.034482758620689655,0.9160919540229886
ZENODO_10369064,clarithromycin,133,44,15,26,1,2,0.8823529411764706,0.9629629629629629,0.1176470588235294,0.037037037037037035,0.9226579520697168
ZENODO_10369064,clarithromycin,134,44,21,20,0,3,0.875,1.0,0.125,0.0,0.9375
ZENODO_10369064,clarithromycin,135,44,16,23,1,4,0.8,0.9583333333333334,0.2,0.041666666666666664,0.8791666666666667
ZENODO_10369064,clarithromycin,136,44,16,22,5,1,0.9411764705882353,0.8148148148148148,0.0588235294117647,0.18518518518518517,0.877995642701525
ZENODO_10369064,clarithromycin,137,44,18,23,2,1,0.9473684210526315,0.92,0.0526315789473684,0.08,0.9336842105263158
ZENODO_10369064,clarithromycin,138,44,19,23,0,2,0.9047619047619048,1.0,0.0952380952380952,0.0,0.9523809523809524
ZENODO_10369064,clarithromycin,139,44,12,27,2,3,0.8,0.9310344827586207,0.2,0.06896551724137931,0.8655172413793104
ZENODO_10369064,clarithromycin,140,44,25,17,1,1,0.9615384615384616,0.9444444444444444,0.0384615384615384,0.05555555555555555,0.9529914529914528
ZENODO_10369064,clarithromycin,141,44,17,23,1,3,0.85,0.9583333333333334,0.15,0.041666666666666664,0.9041666666666668
ZENODO_10369064,clarithromycin,142,44,15,25,3,1,0.9375,0.8928571428571429,0.0625,0.10714285714285714,0.9151785714285714
ZENODO_10369064,clarithromycin,143,44,17,20,4,3,0.85,0.8333333333333334,0.15,0.16666666666666666,0.8416666666666667
ZENODO_10369064,clarithromycin,144,44,19,22,2,1,0.95,0.9166666666666666,0.05,0.08333333333333333,0.9333333333333332
ZENODO_10369064,clarithromycin,145,44,17,24,1,2,0.8947368421052632,0.96,0.1052631578947368,0.04,0.9273684210526316
ZENODO_10369064,clarithromycin,146,44,15,23,2,4,0.7894736842105263,0.92,0.2105263157894736,0.08,0.8547368421052632
ZENODO_10369064,clarithromycin,147,44,17,24,2,1,0.9444444444444444,0.9230769230769231,0.0555555555555555,0.07692307692307693,0.9337606837606838
ZENODO_10369064,clarithromycin,148,44,16,24,2,2,0.8888888888888888,0.9230769230769231,0.1111111111111111,0.07692307692307693,0.905982905982906
ZENODO_10369064,clarithromycin,149,44,18,23,0,3,0.8571428571428571,1.0,0.1428571428571428,0.0,0.9285714285714286
ZENODO_10369064,clarithromycin,150,44,19,23,0,2,0.9047619047619048,1.0,0.0952380952380952,0.0,0.9523809523809524
ZENODO_10369064,clarithromycin,151,44,18,20,4,2,0.9,0.8333333333333334,0.1,0.16666666666666666,0.8666666666666667
ZENODO_10369064,clarithromycin,152,44,20,24,0,0,1.0,1.0,0.0,0.0,1.0
ZENODO_10369064,clarithromycin,153,44,15,26,1,2,0.8823529411764706,0.9629629629629629,0.1176470588235294,0.037037037037037035,0.9226579520697168
ZENODO_10369064,clarithromycin,154,44,17,26,1,0,1.0,0.9629629629629629,0.0,0.037037037037037035,0.9814814814814814
ZENODO_10369064,clarithromycin,155,44,14,27,1,2,0.875,0.9642857142857143,0.125,0.03571428571428571,0.9196428571428572
ZENODO_10369064,clarithromycin,156,44,22,20,1,1,0.9565217391304348,0.9523809523809523,0.0434782608695652,0.047619047619047616,0.9544513457556936
ZENODO_10369064,clarithromycin,157,44,16,24,2,2,0.8888888888888888,0.9230769230769231,0.1111111111111111,0.07692307692307693,0.905982905982906
ZENODO_10369064,clarithromycin,158,44,16,23,1,4,0.8,0.9583333333333334,0.2,0.041666666666666664,0.8791666666666667
ZENODO_10369064,clarithromycin,159,44,18,24,0,2,0.9,1.0,0.1,0.0,0.95
ZENODO_10369064,clarithromycin,160,44,15,25,0,4,0.7894736842105263,1.0,0.2105263157894736,0.0,0.8947368421052632
ZENODO_10369064,clarithromycin,161,44,13,26,2,3,0.8125,0.9285714285714286,0.1875,0.07142857142857142,0.8705357142857143
ZENODO_10369064,clarithromycin,162,44,19,21,0,4,0.8260869565217391,1.0,0.1739130434782608,0.0,0.9130434782608696
ZENODO_10369064,clarithromycin,163,44,16,27,1,0,1.0,0.9642857142857143,0.0,0.03571428571428571,0.9821428571428572
ZENODO_10369064,clarithromycin,164,44,17,23,0,4,0.8095238095238095,1.0,0.1904761904761904,0.0,0.9047619047619048
ZENODO_10369064,clarithromycin,165,44,17,23,2,2,0.8947368421052632,0.92,0.1052631578947368,0.08,0.9073684210526316
ZENODO_10369064,clarithromycin,166,44,17,24,1,2,0.8947368421052632,0.96,0.1052631578947368,0.04,0.9273684210526316
ZENODO_10369064,clarithromycin,167,44,17,24,2,1,0.9444444444444444,0.9230769230769231,0.0555555555555555,0.07692307692307693,0.9337606837606838
ZENODO_10369064,clarithromycin,168,44,28,15,0,1,0.9655172413793104,1.0,0.0344827586206896,0.0,0.9827586206896552
ZENODO_10369064,clarithromycin,169,44,18,24,1,1,0.9473684210526315,0.96,0.0526315789473684,0.04,0.9536842105263156
ZENODO_10369064,clarithromycin,170,44,20,21,1,2,0.9090909090909091,0.9545454545454546,0.0909090909090909,0.045454545454545456,0.931818181818182
ZENODO_10369064,clarithromycin,171,44,11,31,1,1,0.9166666666666666,0.96875,0.0833333333333333,0.03125,0.9427083333333331
ZENODO_10369064,clarithromycin,172,44,16,24,2,2,0.8888888888888888,0.9230769230769231,0.1111111111111111,0.07692307692307693,0.905982905982906
ZENODO_10369064,clarithromycin,173,44,19,20,2,3,0.8636363636363636,0.9090909090909091,0.1363636363636363,0.09090909090909091,0.8863636363636364
ZENODO_10369064,clarithromycin,174,44,17,23,0,4,0.8095238095238095,1.0,0.1904761904761904,0.0,0.9047619047619048
ZENODO_10369064,clarithromycin,175,44,19,24,0,1,0.95,1.0,0.05,0.0,0.975
ZENODO_10369064,clarithromycin,176,44,14,30,0,0,1.0,1.0,0.0,0.0,1.0
ZENODO_10369064,clarithromycin,177,44,17,22,1,4,0.8095238095238095,0.9565217391304348,0.1904761904761904,0.043478260869565216,0.8830227743271222
ZENODO_10369064,clarithromycin,178,44,19,22,0,3,0.8636363636363636,1.0,0.1363636363636363,0.0,0.931818181818182
ZENODO_10369064,clarithromycin,179,44,17,23,1,3,0.85,0.9583333333333334,0.15,0.041666666666666664,0.9041666666666668
ZENODO_10369064,clarithromycin,180,44,11,27,3,3,0.7857142857142857,0.9,0.2142857142857142,0.1,0.8428571428571429
ZENODO_10369064,clarithromycin,181,44,16,26,0,2,0.8888888888888888,1.0,0.1111111111111111,0.0,0.9444444444444444
ZENODO_10369064,clarithromycin,182,44,15,23,3,3,0.8333333333333334,0.8846153846153846,0.1666666666666666,0.11538461538461539,0.858974358974359
ZENODO_10369064,clarithromycin,183,44,24,17,0,3,0.8888888888888888,1.0,0.1111111111111111,0.0,0.9444444444444444
ZENODO_10369064,clarithromycin,184,44,20,22,0,2,0.9090909090909091,1.0,0.0909090909090909,0.0,0.9545454545454546
ZENODO_10369064,clarithromycin,185,44,19,20,0,5,0.7916666666666666,1.0,0.2083333333333333,0.0,0.8958333333333333
ZENODO_10369064,clarithromycin,186,44,17,26,0,1,0.9444444444444444,1.0,0.0555555555555555,0.0,0.9722222222222222
ZENODO_10369064,clarithromycin,187,44,15,26,2,1,0.9375,0.9285714285714286,0.0625,0.07142857142857142,0.9330357142857144
ZENODO_10369064,clarithromycin,188,44,19,20,1,4,0.8260869565217391,0.9523809523809523,0.1739130434782608,0.047619047619047616,0.8892339544513457
ZENODO_10369064,clarithromycin,189,44,7,33,1,3,0.7,0.9705882352941176,0.3,0.029411764705882353,0.8352941176470587
ZENODO_10369064,clarithromycin,190,44,14,28,1,1,0.9333333333333333,0.9655172413793104,0.0666666666666666,0.034482758620689655,0.9494252873563218
ZENODO_10369064,clarithromycin,191,44,20,23,1,0,1.0,0.9583333333333334,0.0,0.041666666666666664,0.9791666666666669
ZENODO_10369064,clarithromycin,192,44,21,19,1,3,0.875,0.95,0.125,0.05,0.9125
ZENODO_10369064,clarithromycin,193,44,18,23,0,3,0.8571428571428571,1.0,0.1428571428571428,0.0,0.9285714285714286
ZENODO_10369064,clarithromycin,194,44,22,19,1,2,0.9166666666666666,0.95,0.0833333333333333,0.05,0.9333333333333332
ZENODO_10369064,clarithromycin,195,44,17,23,1,3,0.85,0.9583333333333334,0.15,0.041666666666666664,0.9041666666666668
ZENODO_10369064,clarithromycin,196,44,17,24,0,3,0.85,1.0,0.15,0.0,0.925
ZENODO_10369064,clarithromycin,197,44,19,24,0,1,0.95,1.0,0.05,0.0,0.975
ZENODO_10369064,clarithromycin,198,44,19,21,1,3,0.8636363636363636,0.9545454545454546,0.1363636363636363,0.045454545454545456,0.9090909090909092
ZENODO_10369064,clarithromycin,199,44,20,22,1,1,0.9523809523809523,0.9565217391304348,0.0476190476190476,0.043478260869565216,0.9544513457556936
ZENODO_10369064,clarithromycin,200,44,17,26,1,0,1.0,0.9629629629629629,0.0,0.037037037037037035,0.9814814814814814
ZENODO_10369064,clarithromycin,201,44,19,21,2,2,0.9047619047619048,0.9130434782608695,0.0952380952380952,0.08695652173913043,0.9089026915113873
ZENODO_10369064,clarithromycin,202,44,17,26,0,1,0.9444444444444444,1.0,0.0555555555555555,0.0,0.9722222222222222
ZENODO_10369064,clarithromycin,203,44,18,22,3,1,0.9473684210526315,0.88,0.0526315789473684,0.12,0.9136842105263158
ZENODO_10369064,clarithromycin,204,44,17,22,1,4,0.8095238095238095,0.9565217391304348,0.1904761904761904,0.043478260869565216,0.8830227743271222
ZENODO_10369064,clarithromycin,205,44,17,23,1,3,0.85,0.9583333333333334,0.15,0.041666666666666664,0.9041666666666668
ZENODO_10369064,clarithromycin,206,44,21,18,0,5,0.8076923076923077,1.0,0.1923076923076923,0.0,0.903846153846154
ZENODO_10369064,clarithromycin,207,44,15,23,1,5,0.75,0.9583333333333334,0.25,0.041666666666666664,0.8541666666666667
ZENODO_10369064,clarithromycin,208,44,18,26,0,0,1.0,1.0,0.0,0.0,1.0
ZENODO_10369064,clarithromycin,209,44,20,21,0,3,0.8695652173913043,1.0,0.1304347826086956,0.0,0.934782608695652
ZENODO_10369064,clarithromycin,210,44,21,17,2,4,0.84,0.8947368421052632,0.16,0.10526315789473684,0.8673684210526316
ZENODO_10369064,clarithromycin,211,44,21,21,1,1,0.9545454545454546,0.9545454545454546,0.0454545454545454,0.045454545454545456,0.9545454545454546
ZENODO_10369064,clarithromycin,212,44,13,29,1,1,0.9285714285714286,0.9666666666666667,0.0714285714285714,0.03333333333333333,0.9476190476190476
ZENODO_10369064,clarithromycin,213,44,21,18,3,2,0.9130434782608695,0.8571428571428571,0.0869565217391304,0.14285714285714285,0.8850931677018633
ZENODO_10369064,clarithromycin,214,44,19,21,0,4,0.8260869565217391,1.0,0.1739130434782608,0.0,0.9130434782608696
ZENODO_10369064,clarithromycin,215,44,14,24,1,5,0.7368421052631579,0.96,0.2631578947368421,0.04,0.848421052631579
ZENODO_10369064,clarithromycin,216,44,9,30,3,2,0.8181818181818182,0.9090909090909091,0.1818181818181818,0.09090909090909091,0.8636363636363636
ZENODO_10369064,clarithromycin,217,44,17,27,0,0,1.0,1.0,0.0,0.0,1.0
ZENODO_10369064,clarithromycin,218,44,12,29,1,2,0.8571428571428571,0.9666666666666667,0.1428571428571428,0.03333333333333333,0.911904761904762
ZENODO_10369064,clarithromycin,219,44,17,26,0,1,0.9444444444444444,1.0,0.0555555555555555,0.0,0.9722222222222222
ZENODO_10369064,clarithromycin,220,44,19,22,0,3,0.8636363636363636,1.0,0.1363636363636363,0.0,0.931818181818182
ZENODO_10369064,clarithromycin,221,44,12,24,4,4,0.75,0.8571428571428571,0.25,0.14285714285714285,0.8035714285714286
ZENODO_10369064,clarithromycin,222,44,20,21,1,2,0.9090909090909091,0.9545454545454546,0.0909090909090909,0.045454545454545456,0.931818181818182
ZENODO_10369064,clarithromycin,223,44,24,18,1,1,0.96,0.9473684210526315,0.04,0.05263157894736842,0.9536842105263156
ZENODO_10369064,clarithromycin,224,44,21,18,2,3,0.875,0.9,0.125,0.1,0.8875
ZENODO_10369064,clarithromycin,225,44,22,14,3,5,0.8148148148148148,0.8235294117647058,0.1851851851851851,0.17647058823529413,0.8191721132897603
ZENODO_10369064,clarithromycin,226,44,14,27,2,1,0.9333333333333333,0.9310344827586207,0.0666666666666666,0.06896551724137931,0.9321839080459772
ZENODO_10369064,clarithromycin,227,44,18,24,0,2,0.9,1.0,0.1,0.0,0.95
ZENODO_10369064,clarithromycin,228,44,20,21,1,2,0.9090909090909091,0.9545454545454546,0.0909090909090909,0.045454545454545456,0.931818181818182
ZENODO_10369064,clarithromycin,229,44,13,28,1,2,0.8666666666666667,0.9655172413793104,0.1333333333333333,0.034482758620689655,0.9160919540229886
ZENODO_10369064,clarithromycin,230,44,20,21,3,0,1.0,0.875,0.0,0.125,0.9375
ZENODO_10369064,clarithromycin,231,44,12,24,5,3,0.8,0.8275862068965517,0.2,0.1724137931034483,0.8137931034482759
ZENODO_10369064,clarithromycin,232,44,8,30,4,2,0.8,0.8823529411764706,0.2,0.11764705882352941,0.8411764705882353
ZENODO_10369064,clarithromycin,233,44,15,28,0,1,0.9375,1.0,0.0625,0.0,0.96875
ZENODO_10369064,clarithromycin,234,44,20,22,0,2,0.9090909090909091,1.0,0.0909090909090909,0.0,0.9545454545454546
ZENODO_10369064,clarithromycin,235,44,21,20,0,3,0.875,1.0,0.125,0.0,0.9375
ZENODO_10369064,clarithromycin,236,44,20,21,0,3,0.8695652173913043,1.0,0.1304347826086956,0.0,0.934782608695652
ZENODO_10369064,clarithromycin,237,44,16,26,0,2,0.8888888888888888,1.0,0.1111111111111111,0.0,0.9444444444444444
ZENODO_10369064,clarithromycin,238,44,15,26,3,0,1.0,0.896551724137931,0.0,0.10344827586206896,0.9482758620689656
ZENODO_10369064,clarithromycin,239,44,17,24,2,1,0.9444444444444444,0.9230769230769231,0.0555555555555555,0.07692307692307693,0.9337606837606838
ZENODO_10369064,clarithromycin,240,44,20,22,0,2,0.9090909090909091,1.0,0.0909090909090909,0.0,0.9545454545454546
ZENODO_10369064,clarithromycin,241,44,24,16,0,4,0.8571428571428571,1.0,0.1428571428571428,0.0,0.9285714285714286
ZENODO_10369064,clarithromycin,242,44,17,20,2,5,0.7727272727272727,0.9090909090909091,0.2272727272727272,0.09090909090909091,0.8409090909090908
ZENODO_10369064,clarithromycin,243,44,20,21,1,2,0.9090909090909091,0.9545454545454546,0.0909090909090909,0.045454545454545456,0.931818181818182
ZENODO_10369064,clarithromycin,244,44,13,26,3,2,0.8666666666666667,0.896551724137931,0.1333333333333333,0.10344827586206896,0.8816091954022989
ZENODO_10369064,clarithromycin,245,44,22,21,1,0,1.0,0.9545454545454546,0.0,0.045454545454545456,0.9772727272727272
ZENODO_10369064,clarithromycin,246,44,16,21,2,5,0.7619047619047619,0.9130434782608695,0.238095238095238,0.08695652173913043,0.8374741200828157
ZENODO_10369064,clarithromycin,247,44,21,22,0,1,0.9545454545454546,1.0,0.0454545454545454,0.0,0.9772727272727272
ZENODO_10369064,clarithromycin,248,44,21,21,1,1,0.9545454545454546,0.9545454545454546,0.0454545454545454,0.045454545454545456,0.9545454545454546
ZENODO_10369064,clarithromycin,249,44,24,20,0,0,1.0,1.0,0.0,0.0,1.0
ZENODO_10369064,clarithromycin,250,44,17,25,2,0,1.0,0.9259259259259259,0.0,0.07407407407407407,0.962962962962963
ZENODO_10369064,clarithromycin,251,44,19,23,1,1,0.95,0.9583333333333334,0.05,0.041666666666666664,0.9541666666666666
ZENODO_10369064,clarithromycin,252,44,20,23,0,1,0.9523809523809523,1.0,0.0476190476190476,0.0,0.9761904761904762
ZENODO_10369064,clarithromycin,253,44,19,19,3,3,0.8636363636363636,0.8636363636363636,0.1363636363636363,0.13636363636363635,0.8636363636363636
ZENODO_10369064,clarithromycin,254,44,16,27,0,1,0.9411764705882353,1.0,0.0588235294117647,0.0,0.9705882352941176
ZENODO_10369064,clarithromycin,255,44,19,21,2,2,0.9047619047619048,0.9130434782608695,0.0952380952380952,0.08695652173913043,0.9089026915113873
ZENODO_10369064,clarithromycin,256,44,21,19,1,3,0.875,0.95,0.125,0.05,0.9125
ZENODO_10369064,clarithromycin,257,44,20,21,2,1,0.9523809523809523,0.9130434782608695,0.0476190476190476,0.08695652173913043,0.9327122153209108
ZENODO_10369064,clarithromycin,258,44,15,25,3,1,0.9375,0.8928571428571429,0.0625,0.10714285714285714,0.9151785714285714
ZENODO_10369064,clarithromycin,259,44,12,27,2,3,0.8,0.9310344827586207,0.2,0.06896551724137931,0.8655172413793104
ZENODO_10369064,clarithromycin,260,44,18,24,1,1,0.9473684210526315,0.96,0.0526315789473684,0.04,0.9536842105263156
ZENODO_10369064,clarithromycin,261,44,10,31,1,2,0.8333333333333334,0.96875,0.1666666666666666,0.03125,0.9010416666666669
ZENODO_10369064,clarithromycin,262,44,16,25,2,1,0.9411764705882353,0.9259259259259259,0.0588235294117647,0.07407407407407407,0.9335511982570806
ZENODO_10369064,clarithromycin,263,44,28,15,0,1,0.9655172413793104,1.0,0.0344827586206896,0.0,0.9827586206896552
ZENODO_10369064,clarithromycin,264,44,17,25,0,2,0.8947368421052632,1.0,0.1052631578947368,0.0,0.9473684210526316
ZENODO_10369064,clarithromycin,265,44,23,19,0,2,0.92,1.0,0.08,0.0,0.96
ZENODO_10369064,clarithromycin,266,44,17,22,4,1,0.9444444444444444,0.8461538461538461,0.0555555555555555,0.15384615384615385,0.8952991452991452
ZENODO_10369064,clarithromycin,267,44,14,25,1,4,0.7777777777777778,0.9615384615384616,0.2222222222222222,0.038461538461538464,0.8696581196581197
ZENODO_10369064,clarithromycin,268,44,19,25,0,0,1.0,1.0,0.0,0.0,1.0
ZENODO_10369064,clarithromycin,269,44,17,22,2,3,0.85,0.9166666666666666,0.15,0.08333333333333333,0.8833333333333333
ZENODO_10369064,clarithromycin,270,44,21,20,1,2,0.9130434782608695,0.9523809523809523,0.0869565217391304,0.047619047619047616,0.9327122153209108
ZENODO_10369064,clarithromycin,271,44,18,20,3,3,0.8571428571428571,0.8695652173913043,0.1428571428571428,0.13043478260869565,0.8633540372670807
ZENODO_10369064,clarithromycin,272,44,19,24,0,1,0.95,1.0,0.05,0.0,0.975
ZENODO_10369064,clarithromycin,273,44,22,19,0,3,0.88,1.0,0.12,0.0,0.94
ZENODO_10369064,clarithromycin,274,44,17,26,0,1,0.9444444444444444,1.0,0.0555555555555555,0.0,0.9722222222222222
ZENODO_10369064,clarithromycin,275,44,16,22,4,2,0.8888888888888888,0.8461538461538461,0.1111111111111111,0.15384615384615385,0.8675213675213675
ZENODO_10369064,clarithromycin,276,44,22,18,2,2,0.9166666666666666,0.9,0.0833333333333333,0.1,0.9083333333333332
ZENODO_10369064,clarithromycin,277,44,16,26,0,2,0.8888888888888888,1.0,0.1111111111111111,0.0,0.9444444444444444
ZENODO_10369064,clarithromycin,278,44,21,21,0,2,0.9130434782608695,1.0,0.0869565217391304,0.0,0.9565217391304348
ZENODO_10369064,clarithromycin,279,44,11,32,1,0,1.0,0.9696969696969697,0.0,0.030303030303030304,0.9848484848484848
ZENODO_10369064,clarithromycin,280,44,17,25,1,1,0.9444444444444444,0.9615384615384616,0.0555555555555555,0.038461538461538464,0.9529914529914528
ZENODO_10369064,clarithromycin,281,44,18,23,2,1,0.9473684210526315,0.92,0.0526315789473684,0.08,0.9336842105263158
ZENODO_10369064,clarithromycin,282,44,18,25,1,0,1.0,0.9615384615384616,0.0,0.038461538461538464,0.9807692307692308
ZENODO_10369064,clarithromycin,283,44,16,25,0,3,0.8421052631578947,1.0,0.1578947368421052,0.0,0.9210526315789472
ZENODO_10369064,clarithromycin,284,44,14,27,3,0,1.0,0.9,0.0,0.1,0.95
ZENODO_10369064,clarithromycin,285,44,20,21,0,3,0.8695652173913043,1.0,0.1304347826086956,0.0,0.934782608695652
ZENODO_10369064,clarithromycin,286,44,10,30,2,2,0.8333333333333334,0.9375,0.1666666666666666,0.0625,0.8854166666666667
ZENODO_10369064,clarithromycin,287,44,17,20,0,7,0.7083333333333334,1.0,0.2916666666666667,0.0,0.8541666666666667
ZENODO_10369064,clarithromycin,288,44,16,25,0,3,0.8421052631578947,1.0,0.1578947368421052,0.0,0.9210526315789472
ZENODO_10369064,clarithromycin,289,44,20,22,0,2,0.9090909090909091,1.0,0.0909090909090909,0.0,0.9545454545454546
ZENODO_10369064,clarithromycin,290,44,26,18,0,0,1.0,1.0,0.0,0.0,1.0
ZENODO_10369064,clarithromycin,291,44,17,24,2,1,0.9444444444444444,0.9230769230769231,0.0555555555555555,0.07692307692307693,0.9337606837606838
ZENODO_10369064,clarithromycin,292,44,21,20,2,1,0.9545454545454546,0.9090909090909091,0.0454545454545454,0.09090909090909091,0.931818181818182
ZENODO_10369064,clarithromycin,293,44,20,21,1,2,0.9090909090909091,0.9545454545454546,0.0909090909090909,0.045454545454545456,0.931818181818182
ZENODO_10369064,clarithromycin,294,44,16,25,3,0,1.0,0.8928571428571429,0.0,0.10714285714285714,0.9464285714285714
ZENODO_10369064,clarithromycin,295,44,18,22,1,3,0.8571428571428571,0.9565217391304348,0.1428571428571428,0.043478260869565216,0.906832298136646
ZENODO_10369064,clarithromycin,296,44,20,21,2,1,0.9523809523809523,0.9130434782608695,0.0476190476190476,0.08695652173913043,0.9327122153209108
ZENODO_10369064,clarithromycin,297,44,16,26,1,1,0.9411764705882353,0.9629629629629629,0.0588235294117647,0.037037037037037035,0.9520697167755992
ZENODO_10369064,clarithromycin,298,44,22,21,0,1,0.9565217391304348,1.0,0.0434782608695652,0.0,0.9782608695652174
ZENODO_10369064,clarithromycin,299,44,16,21,2,5,0.7619047619047619,0.9130434782608695,0.238095238095238,0.08695652173913043,0.8374741200828157
ZENODO_10369064,clarithromycin,300,44,19,21,2,2,0.9047619047619048,0.9130434782608695,0.0952380952380952,0.08695652173913043,0.9089026915113873
ZENODO_10369064,clarithromycin,301,44,21,23,0,0,1.0,1.0,0.0,0.0,1.0
ZENODO_10369064,clarithromycin,302,44,20,22,1,1,0.9523809523809523,0.9565217391304348,0.0476190476190476,0.043478260869565216,0.9544513457556936
ZENODO_10369064,clarithromycin,303,44,20,20,2,2,0.9090909090909091,0.9090909090909091,0.0909090909090909,0.09090909090909091,0.9090909090909092
ZENODO_10369064,clarithromycin,304,44,23,19,0,2,0.92,1.0,0.08,0.0,0.96
ZENODO_10369064,clarithromycin,305,44,18,24,0,2,0.9,1.0,0.1,0.0,0.95
ZENODO_10369064,clarithromycin,306,44,19,24,0,1,0.95,1.0,0.05,0.0,0.975
ZENODO_10369064,clarithromycin,307,44,13,26,2,3,0.8125,0.9285714285714286,0.1875,0.07142857142857142,0.8705357142857143
ZENODO_10369064,clarithromycin,308,44,21,20,0,3,0.875,1.0,0.125,0.0,0.9375
ZENODO_10369064,clarithromycin,309,44,20,20,2,2,0.9090909090909091,0.9090909090909091,0.0909090909090909,0.09090909090909091,0.9090909090909092
ZENODO_10369064,clarithromycin,310,44,17,24,1,2,0.8947368421052632,0.96,0.1052631578947368,0.04,0.9273684210526316
ZENODO_10369064,clarithromycin,311,44,21,22,0,1,0.9545454545454546,1.0,0.0454545454545454,0.0,0.9772727272727272
ZENODO_10369064,clarithromycin,312,44,19,23,0,2,0.9047619047619048,1.0,0.0952380952380952,0.0,0.9523809523809524
ZENODO_10369064,clarithromycin,313,44,21,21,1,1,0.9545454545454546,0.9545454545454546,0.0454545454545454,0.045454545454545456,0.9545454545454546
ZENODO_10369064,clarithromycin,314,44,19,20,2,3,0.8636363636363636,0.9090909090909091,0.1363636363636363,0.09090909090909091,0.8863636363636364
ZENODO_10369064,clarithromycin,315,44,18,25,0,1,0.9473684210526315,1.0,0.0526315789473684,0.0,0.9736842105263156
ZENODO_10369064,clarithromycin,316,44,17,25,0,2,0.8947368421052632,1.0,0.1052631578947368,0.0,0.9473684210526316
ZENODO_10369064,clarithromycin,317,44,15,26,2,1,0.9375,0.9285714285714286,0.0625,0.07142857142857142,0.9330357142857144
ZENODO_10369064,clarithromycin,318,44,17,23,2,2,0.8947368421052632,0.92,0.1052631578947368,0.08,0.9073684210526316
ZENODO_10369064,clarithromycin,319,44,12,30,1,1,0.9230769230769231,0.967741935483871,0.0769230769230769,0.03225806451612903,0.9454094292803972
ZENODO_10369064,clarithromycin,320,44,15,24,1,4,0.7894736842105263,0.96,0.2105263157894736,0.04,0.8747368421052631
ZENODO_10369064,clarithromycin,321,44,21,21,0,2,0.9130434782608695,1.0,0.0869565217391304,0.0,0.9565217391304348
ZENODO_10369064,clarithromycin,322,44,21,20,0,3,0.875,1.0,0.125,0.0,0.9375
ZENODO_10369064,clarithromycin,323,44,21,22,0,1,0.9545454545454546,1.0,0.0454545454545454,0.0,0.9772727272727272
ZENODO_10369064,clarithromycin,324,44,16,22,4,2,0.8888888888888888,0.8461538461538461,0.1111111111111111,0.15384615384615385,0.8675213675213675
ZENODO_10369064,clarithromycin,325,44,23,21,0,0,1.0,1.0,0.0,0.0,1.0
ZENODO_10369064,clarithromycin,326,44,17,25,2,0,1.0,0.9259259259259259,0.0,0.07407407407407407,0.962962962962963
ZENODO_10369064,clarithromycin,327,44,12,28,1,3,0.8,0.9655172413793104,0.2,0.034482758620689655,0.8827586206896552
ZENODO_10369064,clarithromycin,328,44,19,22,0,3,0.8636363636363636,1.0,0.1363636363636363,0.0,0.931818181818182
ZENODO_10369064,clarithromycin,329,44,14,26,2,2,0.875,0.9285714285714286,0.125,0.07142857142857142,0.9017857142857144
ZENODO_10369064,clarithromycin,330,44,16,22,1,5,0.7619047619047619,0.9565217391304348,0.238095238095238,0.043478260869565216,0.8592132505175983
ZENODO_10369064,clarithromycin,331,44,19,22,1,2,0.9047619047619048,0.9565217391304348,0.0952380952380952,0.043478260869565216,0.9306418219461698
ZENODO_10369064,clarithromycin,332,44,14,27,0,3,0.8235294117647058,1.0,0.1764705882352941,0.0,0.9117647058823528
ZENODO_10369064,clarithromycin,333,44,22,21,1,0,1.0,0.9545454545454546,0.0,0.045454545454545456,0.9772727272727272
ZENODO_10369064,clarithromycin,334,44,18,24,1,1,0.9473684210526315,0.96,0.0526315789473684,0.04,0.9536842105263156
ZENODO_10369064,clarithromycin,335,44,15,26,0,3,0.8333333333333334,1.0,0.1666666666666666,0.0,0.9166666666666669
ZENODO_10369064,clarithromycin,336,44,15,26,0,3,0.8333333333333334,1.0,0.1666666666666666,0.0,0.9166666666666669
ZENODO_10369064,clarithromycin,337,44,18,24,0,2,0.9,1.0,0.1,0.0,0.95
ZENODO_10369064,clarithromycin,338,44,18,23,0,3,0.8571428571428571,1.0,0.1428571428571428,0.0,0.9285714285714286
ZENODO_10369064,clarithromycin,339,44,12,28,1,3,0.8,0.9655172413793104,0.2,0.034482758620689655,0.8827586206896552
ZENODO_10369064,clarithromycin,340,44,16,26,0,2,0.8888888888888888,1.0,0.1111111111111111,0.0,0.9444444444444444
ZENODO_10369064,clarithromycin,341,44,20,21,1,2,0.9090909090909091,0.9545454545454546,0.0909090909090909,0.045454545454545456,0.931818181818182
ZENODO_10369064,clarithromycin,342,44,21,18,0,5,0.8076923076923077,1.0,0.1923076923076923,0.0,0.903846153846154
ZENODO_10369064,clarithromycin,343,44,19,24,0,1,0.95,1.0,0.05,0.0,0.975
ZENODO_10369064,clarithromycin,344,44,20,23,0,1,0.9523809523809523,1.0,0.0476190476190476,0.0,0.9761904761904762
ZENODO_10369064,clarithromycin,345,44,12,27,2,3,0.8,0.9310344827586207,0.2,0.06896551724137931,0.8655172413793104
ZENODO_10369064,clarithromycin,346,44,19,25,0,0,1.0,1.0,0.0,0.0,1.0
ZENODO_10369064,clarithromycin,347,44,19,20,1,4,0.8260869565217391,0.9523809523809523,0.1739130434782608,0.047619047619047616,0.8892339544513457
ZENODO_10369064,clarithromycin,348,44,20,23,0,1,0.9523809523809523,1.0,0.0476190476190476,0.0,0.9761904761904762
ZENODO_10369064,clarithromycin,349,44,17,25,0,2,0.8947368421052632,1.0,0.1052631578947368,0.0,0.9473684210526316
ZENODO_10369064,clarithromycin,350,44,16,24,2,2,0.8888888888888888,0.9230769230769231,0.1111111111111111,0.07692307692307693,0.905982905982906
ZENODO_10369064,clarithromycin,351,44,17,22,2,3,0.85,0.9166666666666666,0.15,0.08333333333333333,0.8833333333333333
ZENODO_10369064,clarithromycin,352,44,22,20,0,2,0.9166666666666666,1.0,0.0833333333333333,0.0,0.9583333333333331
ZENODO_10369064,clarithromycin,353,44,15,25,2,2,0.8823529411764706,0.9259259259259259,0.1176470588235294,0.07407407407407407,0.9041394335511984
ZENODO_10369064,clarithromycin,354,44,22,19,1,2,0.9166666666666666,0.95,0.0833333333333333,0.05,0.9333333333333332
ZENODO_10369064,clarithromycin,355,44,19,23,0,2,0.9047619047619048,1.0,0.0952380952380952,0.0,0.9523809523809524
ZENODO_10369064,clarithromycin,356,44,19,23,1,1,0.95,0.9583333333333334,0.05,0.041666666666666664,0.9541666666666666
ZENODO_10369064,clarithromycin,357,44,20,21,1,2,0.9090909090909091,0.9545454545454546,0.0909090909090909,0.045454545454545456,0.931818181818182
ZENODO_10369064,clarithromycin,358,44,19,23,1,1,0.95,0.9583333333333334,0.05,0.041666666666666664,0.9541666666666666
ZENODO_10369064,clarithromycin,359,44,16,24,2,2,0.8888888888888888,0.9230769230769231,0.1111111111111111,0.07692307692307693,0.905982905982906
ZENODO_10369064,clarithromycin,360,44,18,21,1,4,0.8181818181818182,0.9545454545454546,0.1818181818181818,0.045454545454545456,0.8863636363636365
ZENODO_10369064,clarithromycin,361,44,20,20,2,2,0.9090909090909091,0.9090909090909091,0.0909090909090909,0.09090909090909091,0.9090909090909092
ZENODO_10369064,clarithromycin,362,44,15,25,3,1,0.9375,0.8928571428571429,0.0625,0.10714285714285714,0.9151785714285714
ZENODO_10369064,clarithromycin,363,44,17,25,0,2,0.8947368421052632,1.0,0.1052631578947368,0.0,0.9473684210526316
ZENODO_10369064,clarithromycin,364,44,20,20,3,1,0.9523809523809523,0.8695652173913043,0.0476190476190476,0.13043478260869565,0.9109730848861284
ZENODO_10369064,clarithromycin,365,44,20,21,2,1,0.9523809523809523,0.9130434782608695,0.0476190476190476,0.08695652173913043,0.9327122153209108
ZENODO_10369064,clarithromycin,366,44,16,21,1,6,0.7272727272727273,0.9545454545454546,0.2727272727272727,0.045454545454545456,0.8409090909090909
ZENODO_10369064,clarithromycin,367,44,20,24,0,0,1.0,1.0,0.0,0.0,1.0
ZENODO_10369064,clarithromycin,368,44,17,25,1,1,0.9444444444444444,0.9615384615384616,0.0555555555555555,0.038461538461538464,0.9529914529914528
ZENODO_10369064,clarithromycin,369,44,17,21,1,5,0.7727272727272727,0.9545454545454546,0.2272727272727272,0.045454545454545456,0.8636363636363636
ZENODO_10369064,clarithromycin,370,44,18,25,0,1,0.9473684210526315,1.0,0.0526315789473684,0.0,0.9736842105263156
ZENODO_10369064,clarithromycin,371,44,25,17,0,2,0.9259259259259259,1.0,0.074074074074074,0.0,0.962962962962963
ZENODO_10369064,clarithromycin,372,44,14,28,0,2,0.875,1.0,0.125,0.0,0.9375
ZENODO_10369064,clarithromycin,373,44,11,30,0,3,0.7857142857142857,1.0,0.2142857142857142,0.0,0.8928571428571428
ZENODO_10369064,clarithromycin,374,44,22,18,2,2,0.9166666666666666,0.9,0.0833333333333333,0.1,0.9083333333333332
ZENODO_10369064,clarithromycin,375,44,22,21,0,1,0.9565217391304348,1.0,0.0434782608695652,0.0,0.9782608695652174
ZENODO_10369064,clarithromycin,376,44,25,17,1,1,0.9615384615384616,0.9444444444444444,0.0384615384615384,0.05555555555555555,0.9529914529914528
ZENODO_10369064,clarithromycin,377,44,20,21,1,2,0.9090909090909091,0.9545454545454546,0.0909090909090909,0.045454545454545456,0.931818181818182
ZENODO_10369064,clarithromycin,378,44,25,18,0,1,0.9615384615384616,1.0,0.0384615384615384,0.0,0.9807692307692308
ZENODO_10369064,clarithromycin,379,44,14,27,2,1,0.9333333333333333,0.9310344827586207,0.0666666666666666,0.06896551724137931,0.9321839080459772
ZENODO_10369064,clarithromycin,380,44,19,21,0,4,0.8260869565217391,1.0,0.1739130434782608,0.0,0.9130434782608696
ZENODO_10369064,clarithromycin,381,44,22,19,1,2,0.9166666666666666,0.95,0.0833333333333333,0.05,0.9333333333333332
ZENODO_10369064,clarithromycin,382,44,18,24,0,2,0.9,1.0,0.1,0.0,0.95
ZENODO_10369064,clarithromycin,383,44,21,21,1,1,0.9545454545454546,0.9545454545454546,0.0454545454545454,0.045454545454545456,0.9545454545454546
ZENODO_10369064,clarithromycin,384,44,20,22,1,1,0.9523809523809523,0.9565217391304348,0.0476190476190476,0.043478260869565216,0.9544513457556936
ZENODO_10369064,clarithromycin,385,44,17,25,0,2,0.8947368421052632,1.0,0.1052631578947368,0.0,0.9473684210526316
ZENODO_10369064,clarithromycin,386,44,12,30,1,1,0.9230769230769231,0.967741935483871,0.0769230769230769,0.03225806451612903,0.9454094292803972
ZENODO_10369064,clarithromycin,387,44,18,25,0,1,0.9473684210526315,1.0,0.0526315789473684,0.0,0.9736842105263156
ZENODO_10369064,clarithromycin,388,44,16,24,1,3,0.8421052631578947,0.96,0.1578947368421052,0.04,0.9010526315789472
ZENODO_10369064,clarithromycin,389,44,21,22,1,0,1.0,0.9565217391304348,0.0,0.043478260869565216,0.9782608695652174
ZENODO_10369064,clarithromycin,390,44,21,20,2,1,0.9545454545454546,0.9090909090909091,0.0454545454545454,0.09090909090909091,0.931818181818182
ZENODO_10369064,clarithromycin,391,44,20,24,0,0,1.0,1.0,0.0,0.0,1.0
ZENODO_10369064,clarithromycin,392,44,18,24,0,2,0.9,1.0,0.1,0.0,0.95
ZENODO_10369064,clarithromycin,393,44,18,20,1,5,0.782608695652174,0.9523809523809523,0.217391304347826,0.047619047619047616,0.8674948240165632
ZENODO_10369064,clarithromycin,394,44,18,23,0,3,0.8571428571428571,1.0,0.1428571428571428,0.0,0.9285714285714286
ZENODO_10369064,clarithromycin,395,44,15,24,1,4,0.7894736842105263,0.96,0.2105263157894736,0.04,0.8747368421052631
ZENODO_10369064,clarithromycin,396,44,18,21,1,4,0.8181818181818182,0.9545454545454546,0.1818181818181818,0.045454545454545456,0.8863636363636365
ZENODO_10369064,clarithromycin,397,44,17,26,0,1,0.9444444444444444,1.0,0.0555555555555555,0.0,0.9722222222222222
ZENODO_10369064,clarithromycin,398,44,19,21,0,4,0.8260869565217391,1.0,0.1739130434782608,0.0,0.9130434782608696
ZENODO_10369064,clarithromycin,399,44,14,27,1,2,0.875,0.9642857142857143,0.125,0.03571428571428571,0.9196428571428572
ZENODO_10369064,clarithromycin,400,44,20,23,0,1,0.9523809523809523,1.0,0.0476190476190476,0.0,0.9761904761904762
ZENODO_10369064,clarithromycin,401,44,14,27,1,2,0.875,0.9642857142857143,0.125,0.03571428571428571,0.9196428571428572
ZENODO_10369064,clarithromycin,402,44,20,20,1,3,0.8695652173913043,0.9523809523809523,0.1304347826086956,0.047619047619047616,0.9109730848861284
ZENODO_10369064,clarithromycin,403,44,20,22,1,1,0.9523809523809523,0.9565217391304348,0.0476190476190476,0.043478260869565216,0.9544513457556936
ZENODO_10369064,clarithromycin,404,44,19,22,2,1,0.95,0.9166666666666666,0.05,0.08333333333333333,0.9333333333333332
ZENODO_10369064,clarithromycin,405,44,19,21,0,4,0.8260869565217391,1.0,0.1739130434782608,0.0,0.9130434782608696
ZENODO_10369064,clarithromycin,406,44,21,16,2,5,0.8076923076923077,0.8888888888888888,0.1923076923076923,0.1111111111111111,0.8482905982905983
ZENODO_10369064,clarithromycin,407,44,22,20,0,2,0.9166666666666666,1.0,0.0833333333333333,0.0,0.9583333333333331
ZENODO_10369064,clarithromycin,408,44,22,19,0,3,0.88,1.0,0.12,0.0,0.94
ZENODO_10369064,clarithromycin,409,44,18,22,1,3,0.8571428571428571,0.9565217391304348,0.1428571428571428,0.043478260869565216,0.906832298136646
ZENODO_10369064,clarithromycin,410,44,22,19,2,1,0.9565217391304348,0.9047619047619048,0.0434782608695652,0.09523809523809523,0.9306418219461698
ZENODO_10369064,clarithromycin,411,44,19,20,2,3,0.8636363636363636,0.9090909090909091,0.1363636363636363,0.09090909090909091,0.8863636363636364
ZENODO_10369064,clarithromycin,412,44,17,24,1,2,0.8947368421052632,0.96,0.1052631578947368,0.04,0.9273684210526316
ZENODO_10369064,clarithromycin,413,44,18,24,1,1,0.9473684210526315,0.96,0.0526315789473684,0.04,0.9536842105263156
ZENODO_10369064,clarithromycin,414,44,19,24,0,1,0.95,1.0,0.05,0.0,0.975
ZENODO_10369064,clarithromycin,415,44,19,22,1,2,0.9047619047619048,0.9565217391304348,0.0952380952380952,0.043478260869565216,0.9306418219461698
ZENODO_10369064,clarithromycin,416,44,18,23,0,3,0.8571428571428571,1.0,0.1428571428571428,0.0,0.9285714285714286
ZENODO_10369064,clarithromycin,417,44,18,21,5,0,1.0,0.8076923076923077,0.0,0.19230769230769232,0.903846153846154
ZENODO_10369064,clarithromycin,418,44,17,24,2,1,0.9444444444444444,0.9230769230769231,0.0555555555555555,0.07692307692307693,0.9337606837606838
ZENODO_10369064,clarithromycin,419,44,22,20,0,2,0.9166666666666666,1.0,0.0833333333333333,0.0,0.9583333333333331
ZENODO_10369064,clarithromycin,420,44,16,27,0,1,0.9411764705882353,1.0,0.0588235294117647,0.0,0.9705882352941176
ZENODO_10369064,clarithromycin,421,44,21,22,0,1,0.9545454545454546,1.0,0.0454545454545454,0.0,0.9772727272727272
ZENODO_10369064,clarithromycin,422,44,23,17,2,2,0.92,0.8947368421052632,0.08,0.10526315789473684,0.9073684210526316
ZENODO_10369064,clarithromycin,423,44,25,17,1,1,0.9615384615384616,0.9444444444444444,0.0384615384615384,0.05555555555555555,0.9529914529914528
ZENODO_10369064,clarithromycin,424,44,14,24,3,3,0.8235294117647058,0.8888888888888888,0.1764705882352941,0.1111111111111111,0.8562091503267973
ZENODO_10369064,clarithromycin,425,44,16,26,2,0,1.0,0.9285714285714286,0.0,0.07142857142857142,0.9642857142857144
ZENODO_10369064,clarithromycin,426,44,19,20,1,4,0.8260869565217391,0.9523809523809523,0.1739130434782608,0.047619047619047616,0.8892339544513457
ZENODO_10369064,clarithromycin,427,44,21,19,1,3,0.875,0.95,0.125,0.05,0.9125
ZENODO_10369064,clarithromycin,428,44,17,21,0,6,0.7391304347826086,1.0,0.2608695652173913,0.0,0.8695652173913043
ZENODO_10369064,clarithromycin,429,44,16,23,3,2,0.8888888888888888,0.8846153846153846,0.1111111111111111,0.11538461538461539,0.8867521367521367
ZENODO_10369064,clarithromycin,430,44,17,22,3,2,0.8947368421052632,0.88,0.1052631578947368,0.12,0.8873684210526316
ZENODO_10369064,clarithromycin,431,44,18,23,1,2,0.9,0.9583333333333334,0.1,0.041666666666666664,0.9291666666666668
ZENODO_10369064,clarithromycin,432,44,19,25,0,0,1.0,1.0,0.0,0.0,1.0
ZENODO_10369064,clarithromycin,433,44,12,27,2,3,0.8,0.9310344827586207,0.2,0.06896551724137931,0.8655172413793104
ZENODO_10369064,clarithromycin,434,44,16,26,1,1,0.9411764705882353,0.9629629629629629,0.0588235294117647,0.037037037037037035,0.9520697167755992
ZENODO_10369064,clarithromycin,435,44,17,24,0,3,0.85,1.0,0.15,0.0,0.925
ZENODO_10369064,clarithromycin,436,44,18,24,1,1,0.9473684210526315,0.96,0.0526315789473684,0.04,0.9536842105263156
ZENODO_10369064,clarithromycin,437,44,15,25,1,3,0.8333333333333334,0.9615384615384616,0.1666666666666666,0.038461538461538464,0.8974358974358975
ZENODO_10369064,clarithromycin,438,44,17,25,1,1,0.9444444444444444,0.9615384615384616,0.0555555555555555,0.038461538461538464,0.9529914529914528
ZENODO_10369064,clarithromycin,439,44,15,27,1,1,0.9375,0.9642857142857143,0.0625,0.03571428571428571,0.9508928571428572
ZENODO_10369064,clarithromycin,440,44,23,20,0,1,0.9583333333333334,1.0,0.0416666666666666,0.0,0.9791666666666669
ZENODO_10369064,clarithromycin,441,44,20,21,0,3,0.8695652173913043,1.0,0.1304347826086956,0.0,0.934782608695652
ZENODO_10369064,clarithromycin,442,44,10,31,1,2,0.8333333333333334,0.96875,0.1666666666666666,0.03125,0.9010416666666669
ZENODO_10369064,clarithromycin,443,44,18,23,1,2,0.9,0.9583333333333334,0.1,0.041666666666666664,0.9291666666666668
ZENODO_10369064,clarithromycin,444,44,20,21,0,3,0.8695652173913043,1.0,0.1304347826086956,0.0,0.934782608695652
ZENODO_10369064,clarithromycin,445,44,15,25,1,3,0.8333333333333334,0.9615384615384616,0.1666666666666666,0.038461538461538464,0.8974358974358975
ZENODO_10369064,clarithromycin,446,44,14,28,0,2,0.875,1.0,0.125,0.0,0.9375
ZENODO_10369064,clarithromycin,447,44,26,16,1,1,0.9629629629629629,0.9411764705882353,0.037037037037037,0.058823529411764705,0.9520697167755992
ZENODO_10369064,clarithromycin,448,44,20,21,0,3,0.8695652173913043,1.0,0.1304347826086956,0.0,0.934782608695652
ZENODO_10369064,clarithromycin,449,44,23,16,0,5,0.8214285714285714,1.0,0.1785714285714285,0.0,0.9107142857142856
ZENODO_10369064,clarithromycin,450,44,15,24,0,5,0.75,1.0,0.25,0.0,0.875
ZENODO_10369064,clarithromycin,451,44,16,24,0,4,0.8,1.0,0.2,0.0,0.9
ZENODO_10369064,clarithromycin,452,44,12,31,1,0,1.0,0.96875,0.0,0.03125,0.984375
ZENODO_10369064,clarithromycin,453,44,20,19,1,4,0.8333333333333334,0.95,0.1666666666666666,0.05,0.8916666666666666
ZENODO_10369064,clarithromycin,454,44,11,31,0,2,0.8461538461538461,1.0,0.1538461538461538,0.0,0.9230769230769232
ZENODO_10369064,clarithromycin,455,44,13,31,0,0,1.0,1.0,0.0,0.0,1.0
ZENODO_10369064,clarithromycin,456,44,20,22,1,1,0.9523809523809523,0.9565217391304348,0.0476190476190476,0.043478260869565216,0.9544513457556936
ZENODO_10369064,clarithromycin,457,44,20,22,1,1,0.9523809523809523,0.9565217391304348,0.0476190476190476,0.043478260869565216,0.9544513457556936
ZENODO_10369064,clarithromycin,458,44,19,17,2,6,0.76,0.8947368421052632,0.24,0.10526315789473684,0.8273684210526315
ZENODO_10369064,clarithromycin,459,44,18,24,2,0,1.0,0.9230769230769231,0.0,0.07692307692307693,0.9615384615384616
ZENODO_10369064,clarithromycin,460,44,16,26,1,1,0.9411764705882353,0.9629629629629629,0.0588235294117647,0.037037037037037035,0.9520697167755992
ZENODO_10369064,clarithromycin,461,44,19,24,0,1,0.95,1.0,0.05,0.0,0.975
ZENODO_10369064,clarithromycin,462,44,14,27,2,1,0.9333333333333333,0.9310344827586207,0.0666666666666666,0.06896551724137931,0.9321839080459772
ZENODO_10369064,clarithromycin,463,44,19,23,0,2,0.9047619047619048,1.0,0.0952380952380952,0.0,0.9523809523809524
ZENODO_10369064,clarithromycin,464,44,19,22,2,1,0.95,0.9166666666666666,0.05,0.08333333333333333,0.9333333333333332
ZENODO_10369064,clarithromycin,465,44,23,17,2,2,0.92,0.8947368421052632,0.08,0.10526315789473684,0.9073684210526316
ZENODO_10369064,clarithromycin,466,44,11,28,2,3,0.7857142857142857,0.9333333333333333,0.2142857142857142,0.06666666666666667,0.8595238095238096
ZENODO_10369064,clarithromycin,467,44,21,23,0,0,1.0,1.0,0.0,0.0,1.0
ZENODO_10369064,clarithromycin,468,44,18,24,1,1,0.9473684210526315,0.96,0.0526315789473684,0.04,0.9536842105263156
ZENODO_10369064,clarithromycin,469,44,13,29,0,2,0.8666666666666667,1.0,0.1333333333333333,0.0,0.9333333333333332
ZENODO_10369064,clarithromycin,470,44,18,23,0,3,0.8571428571428571,1.0,0.1428571428571428,0.0,0.9285714285714286
ZENODO_10369064,clarithromycin,471,44,13,25,3,3,0.8125,0.8928571428571429,0.1875,0.10714285714285714,0.8526785714285714
ZENODO_10369064,clarithromycin,472,44,21,20,2,1,0.9545454545454546,0.9090909090909091,0.0454545454545454,0.09090909090909091,0.931818181818182
ZENODO_10369064,clarithromycin,473,44,16,24,3,1,0.9411764705882353,0.8888888888888888,0.0588235294117647,0.1111111111111111,0.915032679738562
ZENODO_10369064,clarithromycin,474,44,12,31,0,1,0.9230769230769231,1.0,0.0769230769230769,0.0,0.9615384615384616
ZENODO_10369064,clarithromycin,475,44,14,24,3,3,0.8235294117647058,0.8888888888888888,0.1764705882352941,0.1111111111111111,0.8562091503267973
ZENODO_10369064,clarithromycin,476,44,22,21,1,0,1.0,0.9545454545454546,0.0,0.045454545454545456,0.9772727272727272
ZENODO_10369064,clarithromycin,477,44,20,23,1,0,1.0,0.9583333333333334,0.0,0.041666666666666664,0.9791666666666669
ZENODO_10369064,clarithromycin,478,44,20,22,2,0,1.0,0.9166666666666666,0.0,0.08333333333333333,0.9583333333333331
ZENODO_10369064,clarithromycin,479,44,17,24,2,1,0.9444444444444444,0.9230769230769231,0.0555555555555555,0.07692307692307693,0.9337606837606838
ZENODO_10369064,clarithromycin,480,44,26,17,1,0,1.0,0.9444444444444444,0.0,0.05555555555555555,0.9722222222222222
ZENODO_10369064,clarithromycin,481,44,19,24,0,1,0.95,1.0,0.05,0.0,0.975
ZENODO_10369064,clarithromycin,482,44,17,24,0,3,0.85,1.0,0.15,0.0,0.925
ZENODO_10369064,clarithromycin,483,44,22,20,1,1,0.9565217391304348,0.9523809523809523,0.0434782608695652,0.047619047619047616,0.9544513457556936
ZENODO_10369064,clarithromycin,484,44,14,28,1,1,0.9333333333333333,0.9655172413793104,0.0666666666666666,0.034482758620689655,0.9494252873563218
ZENODO_10369064,clarithromycin,485,44,14,27,1,2,0.875,0.9642857142857143,0.125,0.03571428571428571,0.9196428571428572
ZENODO_10369064,clarithromycin,486,44,20,22,1,1,0.9523809523809523,0.9565217391304348,0.0476190476190476,0.043478260869565216,0.9544513457556936
ZENODO_10369064,clarithromycin,487,44,9,31,2,2,0.8181818181818182,0.9393939393939394,0.1818181818181818,0.06060606060606061,0.8787878787878789
ZENODO_10369064,clarithromycin,488,44,18,22,3,1,0.9473684210526315,0.88,0.0526315789473684,0.12,0.9136842105263158
ZENODO_10369064,clarithromycin,489,44,18,24,1,1,0.9473684210526315,0.96,0.0526315789473684,0.04,0.9536842105263156
ZENODO_10369064,clarithromycin,490,44,19,23,0,2,0.9047619047619048,1.0,0.0952380952380952,0.0,0.9523809523809524
ZENODO_10369064,clarithromycin,491,44,17,25,1,1,0.9444444444444444,0.9615384615384616,0.0555555555555555,0.038461538461538464,0.9529914529914528
ZENODO_10369064,clarithromycin,492,44,17,26,0,1,0.9444444444444444,1.0,0.0555555555555555,0.0,0.9722222222222222
ZENODO_10369064,clarithromycin,493,44,17,23,1,3,0.85,0.9583333333333334,0.15,0.041666666666666664,0.9041666666666668
ZENODO_10369064,clarithromycin,494,44,18,22,2,2,0.9,0.9166666666666666,0.1,0.08333333333333333,0.9083333333333332
ZENODO_10369064,clarithromycin,495,44,18,23,1,2,0.9,0.9583333333333334,0.1,0.041666666666666664,0.9291666666666668
ZENODO_10369064,clarithromycin,496,44,12,27,1,4,0.75,0.9642857142857143,0.25,0.03571428571428571,0.8571428571428572
ZENODO_10369064,clarithromycin,497,44,15,24,4,1,0.9375,0.8571428571428571,0.0625,0.14285714285714285,0.8973214285714286
ZENODO_10369064,clarithromycin,498,44,14,26,0,4,0.7777777777777778,1.0,0.2222222222222222,0.0,0.8888888888888888
ZENODO_10369064,clarithromycin,499,44,17,23,3,1,0.9444444444444444,0.8846153846153846,0.0555555555555555,0.11538461538461539,0.9145299145299144
ZENODO_10369064,clarithromycin,500,44,18,24,1,1,0.9473684210526315,0.96,0.0526315789473684,0.04,0.9536842105263156
ZENODO_10369064,clarithromycin,501,44,17,24,1,2,0.8947368421052632,0.96,0.1052631578947368,0.04,0.9273684210526316
ZENODO_10369064,clarithromycin,502,44,14,25,3,2,0.875,0.8928571428571429,0.125,0.10714285714285714,0.8839285714285714
ZENODO_10369064,clarithromycin,503,44,21,22,0,1,0.9545454545454546,1.0,0.0454545454545454,0.0,0.9772727272727272
ZENODO_10369064,clarithromycin,504,44,18,25,0,1,0.9473684210526315,1.0,0.0526315789473684,0.0,0.9736842105263156
ZENODO_10369064,clarithromycin,505,44,18,22,1,3,0.8571428571428571,0.9565217391304348,0.1428571428571428,0.043478260869565216,0.906832298136646
ZENODO_10369064,clarithromycin,506,44,16,23,3,2,0.8888888888888888,0.8846153846153846,0.1111111111111111,0.11538461538461539,0.8867521367521367
ZENODO_10369064,clarithromycin,507,44,18,23,1,2,0.9,0.9583333333333334,0.1,0.041666666666666664,0.9291666666666668
ZENODO_10369064,clarithromycin,508,44,17,26,0,1,0.9444444444444444,1.0,0.0555555555555555,0.0,0.9722222222222222
ZENODO_10369064,clarithromycin,509,44,17,24,1,2,0.8947368421052632,0.96,0.1052631578947368,0.04,0.9273684210526316
ZENODO_10369064,clarithromycin,510,44,18,23,1,2,0.9,0.9583333333333334,0.1,0.041666666666666664,0.9291666666666668
ZENODO_10369064,clarithromycin,511,44,20,20,1,3,0.8695652173913043,0.9523809523809523,0.1304347826086956,0.047619047619047616,0.9109730848861284
ZENODO_10369064,clarithromycin,512,44,20,22,2,0,1.0,0.9166666666666666,0.0,0.08333333333333333,0.9583333333333331
ZENODO_10369064,clarithromycin,513,44,20,21,2,1,0.9523809523809523,0.9130434782608695,0.0476190476190476,0.08695652173913043,0.9327122153209108
ZENODO_10369064,clarithromycin,514,44,15,27,0,2,0.8823529411764706,1.0,0.1176470588235294,0.0,0.9411764705882352
ZENODO_10369064,clarithromycin,515,44,17,21,3,3,0.85,0.875,0.15,0.125,0.8625
ZENODO_10369064,clarithromycin,516,44,14,27,0,3,0.8235294117647058,1.0,0.1764705882352941,0.0,0.9117647058823528
ZENODO_10369064,clarithromycin,517,44,21,22,1,0,1.0,0.9565217391304348,0.0,0.043478260869565216,0.9782608695652174
ZENODO_10369064,clarithromycin,518,44,17,22,1,4,0.8095238095238095,0.9565217391304348,0.1904761904761904,0.043478260869565216,0.8830227743271222
ZENODO_10369064,clarithromycin,519,44,22,19,1,2,0.9166666666666666,0.95,0.0833333333333333,0.05,0.9333333333333332
ZENODO_10369064,clarithromycin,520,44,16,22,2,4,0.8,0.9166666666666666,0.2,0.08333333333333333,0.8583333333333334
ZENODO_10369064,clarithromycin,521,44,23,20,0,1,0.9583333333333334,1.0,0.0416666666666666,0.0,0.9791666666666669
ZENODO_10369064,clarithromycin,522,44,16,25,1,2,0.8888888888888888,0.9615384615384616,0.1111111111111111,0.038461538461538464,0.9252136752136751
ZENODO_10369064,clarithromycin,523,44,19,20,2,3,0.8636363636363636,0.9090909090909091,0.1363636363636363,0.09090909090909091,0.8863636363636364
ZENODO_10369064,clarithromycin,524,44,18,25,0,1,0.9473684210526315,1.0,0.0526315789473684,0.0,0.9736842105263156
ZENODO_10369064,clarithromycin,525,44,22,20,2,0,1.0,0.9090909090909091,0.0,0.09090909090909091,0.9545454545454546
ZENODO_10369064,clarithromycin,526,44,21,19,0,4,0.84,1.0,0.16,0.0,0.92
ZENODO_10369064,clarithromycin,527,44,10,31,0,3,0.7692307692307693,1.0,0.2307692307692307,0.0,0.8846153846153846
ZENODO_10369064,clarithromycin,528,44,19,25,0,0,1.0,1.0,0.0,0.0,1.0
ZENODO_10369064,clarithromycin,529,44,15,24,1,4,0.7894736842105263,0.96,0.2105263157894736,0.04,0.8747368421052631
ZENODO_10369064,clarithromycin,530,44,20,19,2,3,0.8695652173913043,0.9047619047619048,0.1304347826086956,0.09523809523809523,0.8871635610766045
ZENODO_10369064,clarithromycin,531,44,18,24,1,1,0.9473684210526315,0.96,0.0526315789473684,0.04,0.9536842105263156
ZENODO_10369064,clarithromycin,532,44,20,19,3,2,0.9090909090909091,0.8636363636363636,0.0909090909090909,0.13636363636363635,0.8863636363636364
ZENODO_10369064,clarithromycin,533,44,15,22,2,5,0.75,0.9166666666666666,0.25,0.08333333333333333,0.8333333333333333
ZENODO_10369064,clarithromycin,534,44,28,15,0,1,0.9655172413793104,1.0,0.0344827586206896,0.0,0.9827586206896552
ZENODO_10369064,clarithromycin,535,44,23,19,0,2,0.92,1.0,0.08,0.0,0.96
ZENODO_10369064,clarithromycin,536,44,19,20,2,3,0.8636363636363636,0.9090909090909091,0.1363636363636363,0.09090909090909091,0.8863636363636364
ZENODO_10369064,clarithromycin,537,44,16,26,0,2,0.8888888888888888,1.0,0.1111111111111111,0.0,0.9444444444444444
ZENODO_10369064,clarithromycin,538,44,18,25,0,1,0.9473684210526315,1.0,0.0526315789473684,0.0,0.9736842105263156
ZENODO_10369064,clarithromycin,539,44,9,33,0,2,0.8181818181818182,1.0,0.1818181818181818,0.0,0.9090909090909092
ZENODO_10369064,clarithromycin,540,44,18,19,3,4,0.8181818181818182,0.8636363636363636,0.1818181818181818,0.13636363636363635,0.8409090909090909
ZENODO_10369064,clarithromycin,541,44,18,25,0,1,0.9473684210526315,1.0,0.0526315789473684,0.0,0.9736842105263156
ZENODO_10369064,clarithromycin,542,44,18,25,0,1,0.9473684210526315,1.0,0.0526315789473684,0.0,0.9736842105263156
ZENODO_10369064,clarithromycin,543,44,20,22,2,0,1.0,0.9166666666666666,0.0,0.08333333333333333,0.9583333333333331
ZENODO_10369064,clarithromycin,544,44,17,24,1,2,0.8947368421052632,0.96,0.1052631578947368,0.04,0.9273684210526316
ZENODO_10369064,clarithromycin,545,44,19,22,2,1,0.95,0.9166666666666666,0.05,0.08333333333333333,0.9333333333333332
ZENODO_10369064,clarithromycin,546,44,12,29,0,3,0.8,1.0,0.2,0.0,0.9
ZENODO_10369064,clarithromycin,547,44,13,26,2,3,0.8125,0.9285714285714286,0.1875,0.07142857142857142,0.8705357142857143
ZENODO_10369064,clarithromycin,548,44,15,27,1,1,0.9375,0.9642857142857143,0.0625,0.03571428571428571,0.9508928571428572
ZENODO_10369064,clarithromycin,549,44,20,22,0,2,0.9090909090909091,1.0,0.0909090909090909,0.0,0.9545454545454546
ZENODO_10369064,clarithromycin,550,44,19,25,0,0,1.0,1.0,0.0,0.0,1.0
ZENODO_10369064,clarithromycin,551,44,14,27,1,2,0.875,0.9642857142857143,0.125,0.03571428571428571,0.9196428571428572
ZENODO_10369064,clarithromycin,552,44,15,26,0,3,0.8333333333333334,1.0,0.1666666666666666,0.0,0.9166666666666669
ZENODO_10369064,clarithromycin,553,44,21,20,2,1,0.9545454545454546,0.9090909090909091,0.0454545454545454,0.09090909090909091,0.931818181818182
ZENODO_10369064,clarithromycin,554,44,17,22,1,4,0.8095238095238095,0.9565217391304348,0.1904761904761904,0.043478260869565216,0.8830227743271222
ZENODO_10369064,clarithromycin,555,44,16,25,0,3,0.8421052631578947,1.0,0.1578947368421052,0.0,0.9210526315789472
ZENODO_10369064,clarithromycin,556,44,20,22,1,1,0.9523809523809523,0.9565217391304348,0.0476190476190476,0.043478260869565216,0.9544513457556936
ZENODO_10369064,clarithromycin,557,44,21,21,1,1,0.9545454545454546,0.9545454545454546,0.0454545454545454,0.045454545454545456,0.9545454545454546
ZENODO_10369064,clarithromycin,558,44,22,19,0,3,0.88,1.0,0.12,0.0,0.94
ZENODO_10369064,clarithromycin,559,44,14,29,1,0,1.0,0.9666666666666667,0.0,0.03333333333333333,0.9833333333333334
ZENODO_10369064,clarithromycin,560,44,17,24,0,3,0.85,1.0,0.15,0.0,0.925
ZENODO_10369064,clarithromycin,561,44,21,20,0,3,0.875,1.0,0.125,0.0,0.9375
ZENODO_10369064,clarithromycin,562,44,15,28,1,0,1.0,0.9655172413793104,0.0,0.034482758620689655,0.9827586206896552
ZENODO_10369064,clarithromycin,563,44,15,27,1,1,0.9375,0.9642857142857143,0.0625,0.03571428571428571,0.9508928571428572
ZENODO_10369064,clarithromycin,564,44,14,30,0,0,1.0,1.0,0.0,0.0,1.0
ZENODO_10369064,clarithromycin,565,44,20,22,0,2,0.9090909090909091,1.0,0.0909090909090909,0.0,0.9545454545454546
ZENODO_10369064,clarithromycin,566,44,20,20,1,3,0.8695652173913043,0.9523809523809523,0.1304347826086956,0.047619047619047616,0.9109730848861284
ZENODO_10369064,clarithromycin,567,44,20,21,2,1,0.9523809523809523,0.9130434782608695,0.0476190476190476,0.08695652173913043,0.9327122153209108
ZENODO_10369064,clarithromycin,568,44,18,22,0,4,0.8181818181818182,1.0,0.1818181818181818,0.0,0.9090909090909092
ZENODO_10369064,clarithromycin,569,44,23,20,0,1,0.9583333333333334,1.0,0.0416666666666666,0.0,0.9791666666666669
ZENODO_10369064,clarithromycin,570,44,20,21,1,2,0.9090909090909091,0.9545454545454546,0.0909090909090909,0.045454545454545456,0.931818181818182
ZENODO_10369064,clarithromycin,571,44,19,21,2,2,0.9047619047619048,0.9130434782608695,0.0952380952380952,0.08695652173913043,0.9089026915113873
ZENODO_10369064,clarithromycin,572,44,13,30,0,1,0.9285714285714286,1.0,0.0714285714285714,0.0,0.9642857142857144
ZENODO_10369064,clarithromycin,573,44,17,26,0,1,0.9444444444444444,1.0,0.0555555555555555,0.0,0.9722222222222222
ZENODO_10369064,clarithromycin,574,44,19,22,1,2,0.9047619047619048,0.9565217391304348,0.0952380952380952,0.043478260869565216,0.9306418219461698
ZENODO_10369064,clarithromycin,575,44,15,26,1,2,0.8823529411764706,0.9629629629629629,0.1176470588235294,0.037037037037037035,0.9226579520697168
ZENODO_10369064,clarithromycin,576,44,16,24,2,2,0.8888888888888888,0.9230769230769231,0.1111111111111111,0.07692307692307693,0.905982905982906
ZENODO_10369064,clarithromycin,577,44,24,19,1,0,1.0,0.95,0.0,0.05,0.975
ZENODO_10369064,clarithromycin,578,44,20,19,1,4,0.8333333333333334,0.95,0.1666666666666666,0.05,0.8916666666666666
ZENODO_10369064,clarithromycin,579,44,23,18,0,3,0.8846153846153846,1.0,0.1153846153846153,0.0,0.9423076923076924
ZENODO_10369064,clarithromycin,580,44,17,22,3,2,0.8947368421052632,0.88,0.1052631578947368,0.12,0.8873684210526316
ZENODO_10369064,clarithromycin,581,44,23,18,1,2,0.92,0.9473684210526315,0.08,0.05263157894736842,0.9336842105263158
ZENODO_10369064,clarithromycin,582,44,17,22,0,5,0.7727272727272727,1.0,0.2272727272727272,0.0,0.8863636363636364
ZENODO_10369064,clarithromycin,583,44,16,25,1,2,0.8888888888888888,0.9615384615384616,0.1111111111111111,0.038461538461538464,0.9252136752136751
ZENODO_10369064,clarithromycin,584,44,17,24,1,2,0.8947368421052632,0.96,0.1052631578947368,0.04,0.9273684210526316
ZENODO_10369064,clarithromycin,585,44,19,25,0,0,1.0,1.0,0.0,0.0,1.0
ZENODO_10369064,clarithromycin,586,44,24,16,2,2,0.9230769230769231,0.8888888888888888,0.0769230769230769,0.1111111111111111,0.905982905982906
ZENODO_10369064,clarithromycin,587,44,21,21,0,2,0.9130434782608695,1.0,0.0869565217391304,0.0,0.9565217391304348
ZENODO_10369064,clarithromycin,588,44,14,26,1,3,0.8235294117647058,0.9629629629629629,0.1764705882352941,0.037037037037037035,0.8932461873638344
ZENODO_10369064,clarithromycin,589,44,18,23,1,2,0.9,0.9583333333333334,0.1,0.041666666666666664,0.9291666666666668
ZENODO_10369064,clarithromycin,590,44,21,19,0,4,0.84,1.0,0.16,0.0,0.92
ZENODO_10369064,clarithromycin,591,44,16,27,0,1,0.9411764705882353,1.0,0.0588235294117647,0.0,0.9705882352941176
ZENODO_10369064,clarithromycin,592,44,20,20,3,1,0.9523809523809523,0.8695652173913043,0.0476190476190476,0.13043478260869565,0.9109730848861284
ZENODO_10369064,clarithromycin,593,44,23,19,2,0,1.0,0.9047619047619048,0.0,0.09523809523809523,0.9523809523809524
ZENODO_10369064,clarithromycin,594,44,14,30,0,0,1.0,1.0,0.0,0.0,1.0
ZENODO_10369064,clarithromycin,595,44,15,28,1,0,1.0,0.9655172413793104,0.0,0.034482758620689655,0.9827586206896552
ZENODO_10369064,clarithromycin,596,44,18,23,0,3,0.8571428571428571,1.0,0.1428571428571428,0.0,0.9285714285714286
ZENODO_10369064,clarithromycin,597,44,12,30,0,2,0.8571428571428571,1.0,0.1428571428571428,0.0,0.9285714285714286
ZENODO_10369064,clarithromycin,598,44,15,25,0,4,0.7894736842105263,1.0,0.2105263157894736,0.0,0.8947368421052632
ZENODO_10369064,clarithromycin,599,44,23,20,0,1,0.9583333333333334,1.0,0.0416666666666666,0.0,0.9791666666666669
ZENODO_10369064,clarithromycin,600,44,17,24,0,3,0.85,1.0,0.15,0.0,0.925
ZENODO_10369064,clarithromycin,601,44,20,19,2,3,0.8695652173913043,0.9047619047619048,0.1304347826086956,0.09523809523809523,0.8871635610766045
ZENODO_10369064,clarithromycin,602,44,18,24,0,2,0.9,1.0,0.1,0.0,0.95
ZENODO_10369064,clarithromycin,603,44,19,23,0,2,0.9047619047619048,1.0,0.0952380952380952,0.0,0.9523809523809524
ZENODO_10369064,clarithromycin,604,44,18,26,0,0,1.0,1.0,0.0,0.0,1.0
ZENODO_10369064,clarithromycin,605,44,24,18,0,2,0.9230769230769231,1.0,0.0769230769230769,0.0,0.9615384615384616
ZENODO_10369064,clarithromycin,606,44,20,21,1,2,0.9090909090909091,0.9545454545454546,0.0909090909090909,0.045454545454545456,0.931818181818182
ZENODO_10369064,clarithromycin,607,44,13,28,1,2,0.8666666666666667,0.9655172413793104,0.1333333333333333,0.034482758620689655,0.9160919540229886
ZENODO_10369064,clarithromycin,608,44,17,24,1,2,0.8947368421052632,0.96,0.1052631578947368,0.04,0.9273684210526316
ZENODO_10369064,clarithromycin,609,44,19,23,1,1,0.95,0.9583333333333334,0.05,0.041666666666666664,0.9541666666666666
ZENODO_10369064,clarithromycin,610,44,15,26,1,2,0.8823529411764706,0.9629629629629629,0.1176470588235294,0.037037037037037035,0.9226579520697168
ZENODO_10369064,clarithromycin,611,44,16,25,1,2,0.8888888888888888,0.9615384615384616,0.1111111111111111,0.038461538461538464,0.9252136752136751
ZENODO_10369064,clarithromycin,612,44,13,21,3,7,0.65,0.875,0.35,0.125,0.7625
ZENODO_10369064,clarithromycin,613,44,15,26,0,3,0.8333333333333334,1.0,0.1666666666666666,0.0,0.9166666666666669
ZENODO_10369064,clarithromycin,614,44,16,28,0,0,1.0,1.0,0.0,0.0,1.0
ZENODO_10369064,clarithromycin,615,44,16,24,1,3,0.8421052631578947,0.96,0.1578947368421052,0.04,0.9010526315789472
ZENODO_10369064,clarithromycin,616,44,15,25,0,4,0.7894736842105263,1.0,0.2105263157894736,0.0,0.8947368421052632
ZENODO_10369064,clarithromycin,617,44,12,29,1,2,0.8571428571428571,0.9666666666666667,0.1428571428571428,0.03333333333333333,0.911904761904762
ZENODO_10369064,clarithromycin,618,44,19,21,2,2,0.9047619047619048,0.9130434782608695,0.0952380952380952,0.08695652173913043,0.9089026915113873
ZENODO_10369064,clarithromycin,619,44,19,23,1,1,0.95,0.9583333333333334,0.05,0.041666666666666664,0.9541666666666666
ZENODO_10369064,clarithromycin,620,44,16,25,1,2,0.8888888888888888,0.9615384615384616,0.1111111111111111,0.038461538461538464,0.9252136752136751
ZENODO_10369064,clarithromycin,621,44,16,27,1,0,1.0,0.9642857142857143,0.0,0.03571428571428571,0.9821428571428572
ZENODO_10369064,clarithromycin,622,44,13,29,0,2,0.8666666666666667,1.0,0.1333333333333333,0.0,0.9333333333333332
ZENODO_10369064,clarithromycin,623,44,20,19,0,5,0.8,1.0,0.2,0.0,0.9
ZENODO_10369064,clarithromycin,624,44,21,22,0,1,0.9545454545454546,1.0,0.0454545454545454,0.0,0.9772727272727272
ZENODO_10369064,clarithromycin,625,44,16,23,2,3,0.8421052631578947,0.92,0.1578947368421052,0.08,0.8810526315789473
ZENODO_10369064,clarithromycin,626,44,15,25,1,3,0.8333333333333334,0.9615384615384616,0.1666666666666666,0.038461538461538464,0.8974358974358975
ZENODO_10369064,clarithromycin,627,44,20,21,1,2,0.9090909090909091,0.9545454545454546,0.0909090909090909,0.045454545454545456,0.931818181818182
ZENODO_10369064,clarithromycin,628,44,16,26,1,1,0.9411764705882353,0.9629629629629629,0.0588235294117647,0.037037037037037035,0.9520697167755992
ZENODO_10369064,clarithromycin,629,44,23,20,0,1,0.9583333333333334,1.0,0.0416666666666666,0.0,0.9791666666666669
ZENODO_10369064,clarithromycin,630,44,22,22,0,0,1.0,1.0,0.0,0.0,1.0
ZENODO_10369064,clarithromycin,631,44,14,26,1,3,0.8235294117647058,0.9629629629629629,0.1764705882352941,0.037037037037037035,0.8932461873638344
ZENODO_10369064,clarithromycin,632,44,17,25,2,0,1.0,0.9259259259259259,0.0,0.07407407407407407,0.962962962962963
ZENODO_10369064,clarithromycin,633,44,19,21,1,3,0.8636363636363636,0.9545454545454546,0.1363636363636363,0.045454545454545456,0.9090909090909092
ZENODO_10369064,clarithromycin,634,44,19,24,0,1,0.95,1.0,0.05,0.0,0.975
ZENODO_10369064,clarithromycin,635,44,25,18,1,0,1.0,0.9473684210526315,0.0,0.05263157894736842,0.9736842105263156
ZENODO_10369064,clarithromycin,636,44,14,27,1,2,0.875,0.9642857142857143,0.125,0.03571428571428571,0.9196428571428572
ZENODO_10369064,clarithromycin,637,44,12,28,1,3,0.8,0.9655172413793104,0.2,0.034482758620689655,0.8827586206896552
ZENODO_10369064,clarithromycin,638,44,14,25,1,4,0.7777777777777778,0.9615384615384616,0.2222222222222222,0.038461538461538464,0.8696581196581197
ZENODO_10369064,clarithromycin,639,44,19,21,2,2,0.9047619047619048,0.9130434782608695,0.0952380952380952,0.08695652173913043,0.9089026915113873
ZENODO_10369064,clarithromycin,640,44,13,25,1,5,0.7222222222222222,0.9615384615384616,0.2777777777777778,0.038461538461538464,0.8418803418803419
ZENODO_10369064,clarithromycin,641,44,21,18,2,3,0.875,0.9,0.125,0.1,0.8875
ZENODO_10369064,clarithromycin,642,44,17,25,1,1,0.9444444444444444,0.9615384615384616,0.0555555555555555,0.038461538461538464,0.9529914529914528
ZENODO_10369064,clarithromycin,643,44,20,23,0,1,0.9523809523809523,1.0,0.0476190476190476,0.0,0.9761904761904762
ZENODO_10369064,clarithromycin,644,44,18,23,1,2,0.9,0.9583333333333334,0.1,0.041666666666666664,0.9291666666666668
ZENODO_10369064,clarithromycin,645,44,17,26,1,0,1.0,0.9629629629629629,0.0,0.037037037037037035,0.9814814814814814
ZENODO_10369064,clarithromycin,646,44,18,23,2,1,0.9473684210526315,0.92,0.0526315789473684,0.08,0.9336842105263158
ZENODO_10369064,clarithromycin,647,44,16,26,2,0,1.0,0.9285714285714286,0.0,0.07142857142857142,0.9642857142857144
ZENODO_10369064,clarithromycin,648,44,18,22,3,1,0.9473684210526315,0.88,0.0526315789473684,0.12,0.9136842105263158
ZENODO_10369064,clarithromycin,649,44,22,17,1,4,0.8461538461538461,0.9444444444444444,0.1538461538461538,0.05555555555555555,0.8952991452991452
ZENODO_10369064,clarithromycin,650,44,12,29,2,1,0.9230769230769231,0.9354838709677419,0.0769230769230769,0.06451612903225806,0.9292803970223324
ZENODO_10369064,clarithromycin,651,44,19,20,2,3,0.8636363636363636,0.9090909090909091,0.1363636363636363,0.09090909090909091,0.8863636363636364
ZENODO_10369064,clarithromycin,652,44,20,21,0,3,0.8695652173913043,1.0,0.1304347826086956,0.0,0.934782608695652
ZENODO_10369064,clarithromycin,653,44,15,27,0,2,0.8823529411764706,1.0,0.1176470588235294,0.0,0.9411764705882352
ZENODO_10369064,clarithromycin,654,44,17,24,1,2,0.8947368421052632,0.96,0.1052631578947368,0.04,0.9273684210526316
ZENODO_10369064,clarithromycin,655,44,23,18,0,3,0.8846153846153846,1.0,0.1153846153846153,0.0,0.9423076923076924
ZENODO_10369064,clarithromycin,656,44,12,24,2,6,0.6666666666666666,0.9230769230769231,0.3333333333333333,0.07692307692307693,0.7948717948717949
ZENODO_10369064,clarithromycin,657,44,19,22,2,1,0.95,0.9166666666666666,0.05,0.08333333333333333,0.9333333333333332
ZENODO_10369064,clarithromycin,658,44,17,25,1,1,0.9444444444444444,0.9615384615384616,0.0555555555555555,0.038461538461538464,0.9529914529914528
ZENODO_10369064,clarithromycin,659,44,20,20,2,2,0.9090909090909091,0.9090909090909091,0.0909090909090909,0.09090909090909091,0.9090909090909092
ZENODO_10369064,clarithromycin,660,44,15,27,1,1,0.9375,0.9642857142857143,0.0625,0.03571428571428571,0.9508928571428572
ZENODO_10369064,clarithromycin,661,44,22,22,0,0,1.0,1.0,0.0,0.0,1.0
ZENODO_10369064,clarithromycin,662,44,19,22,3,0,1.0,0.88,0.0,0.12,0.94
ZENODO_10369064,clarithromycin,663,44,22,18,2,2,0.9166666666666666,0.9,0.0833333333333333,0.1,0.9083333333333332
ZENODO_10369064,clarithromycin,664,44,15,27,2,0,1.0,0.9310344827586207,0.0,0.06896551724137931,0.9655172413793104
ZENODO_10369064,clarithromycin,665,44,19,23,1,1,0.95,0.9583333333333334,0.05,0.041666666666666664,0.9541666666666666
ZENODO_10369064,clarithromycin,666,44,18,22,0,4,0.8181818181818182,1.0,0.1818181818181818,0.0,0.9090909090909092
ZENODO_10369064,clarithromycin,667,44,15,19,6,4,0.7894736842105263,0.76,0.2105263157894736,0.24,0.7747368421052632
ZENODO_10369064,clarithromycin,668,44,25,17,0,2,0.9259259259259259,1.0,0.074074074074074,0.0,0.962962962962963
ZENODO_10369064,clarithromycin,669,44,21,17,3,3,0.875,0.85,0.125,0.15,0.8625
ZENODO_10369064,clarithromycin,670,44,18,23,1,2,0.9,0.9583333333333334,0.1,0.041666666666666664,0.9291666666666668
ZENODO_10369064,clarithromycin,671,44,12,29,1,2,0.8571428571428571,0.9666666666666667,0.1428571428571428,0.03333333333333333,0.911904761904762
ZENODO_10369064,clarithromycin,672,44,19,25,0,0,1.0,1.0,0.0,0.0,1.0
ZENODO_10369064,clarithromycin,673,44,19,21,2,2,0.9047619047619048,0.9130434782608695,0.0952380952380952,0.08695652173913043,0.9089026915113873
ZENODO_10369064,clarithromycin,674,44,24,13,3,4,0.8571428571428571,0.8125,0.1428571428571428,0.1875,0.8348214285714286
ZENODO_10369064,clarithromycin,675,44,18,22,1,3,0.8571428571428571,0.9565217391304348,0.1428571428571428,0.043478260869565216,0.906832298136646
ZENODO_10369064,clarithromycin,676,44,13,30,0,1,0.9285714285714286,1.0,0.0714285714285714,0.0,0.9642857142857144
ZENODO_10369064,clarithromycin,677,44,20,23,0,1,0.9523809523809523,1.0,0.0476190476190476,0.0,0.9761904761904762
ZENODO_10369064,clarithromycin,678,44,24,15,1,4,0.8571428571428571,0.9375,0.1428571428571428,0.0625,0.8973214285714286
ZENODO_10369064,clarithromycin,679,44,14,27,0,3,0.8235294117647058,1.0,0.1764705882352941,0.0,0.9117647058823528
ZENODO_10369064,clarithromycin,680,44,22,18,2,2,0.9166666666666666,0.9,0.0833333333333333,0.1,0.9083333333333332
ZENODO_10369064,clarithromycin,681,44,17,22,2,3,0.85,0.9166666666666666,0.15,0.08333333333333333,0.8833333333333333
ZENODO_10369064,clarithromycin,682,44,15,28,0,1,0.9375,1.0,0.0625,0.0,0.96875
ZENODO_10369064,clarithromycin,683,44,18,21,3,2,0.9,0.875,0.1,0.125,0.8875
ZENODO_10369064,clarithromycin,684,44,23,17,1,3,0.8846153846153846,0.9444444444444444,0.1153846153846153,0.05555555555555555,0.9145299145299144
ZENODO_10369064,clarithromycin,685,44,17,22,1,4,0.8095238095238095,0.9565217391304348,0.1904761904761904,0.043478260869565216,0.8830227743271222
ZENODO_10369064,clarithromycin,686,44,19,21,3,1,0.95,0.875,0.05,0.125,0.9125
ZENODO_10369064,clarithromycin,687,44,24,16,0,4,0.8571428571428571,1.0,0.1428571428571428,0.0,0.9285714285714286
ZENODO_10369064,clarithromycin,688,44,16,25,0,3,0.8421052631578947,1.0,0.1578947368421052,0.0,0.9210526315789472
ZENODO_10369064,clarithromycin,689,44,12,26,2,4,0.75,0.9285714285714286,0.25,0.07142857142857142,0.8392857142857143
ZENODO_10369064,clarithromycin,690,44,17,27,0,0,1.0,1.0,0.0,0.0,1.0
ZENODO_10369064,clarithromycin,691,44,14,24,4,2,0.875,0.8571428571428571,0.125,0.14285714285714285,0.8660714285714286
ZENODO_10369064,clarithromycin,692,44,19,24,0,1,0.95,1.0,0.05,0.0,0.975
ZENODO_10369064,clarithromycin,693,44,20,19,2,3,0.8695652173913043,0.9047619047619048,0.1304347826086956,0.09523809523809523,0.8871635610766045
ZENODO_10369064,clarithromycin,694,44,16,25,2,1,0.9411764705882353,0.9259259259259259,0.0588235294117647,0.07407407407407407,0.9335511982570806
ZENODO_10369064,clarithromycin,695,44,14,27,2,1,0.9333333333333333,0.9310344827586207,0.0666666666666666,0.06896551724137931,0.9321839080459772
ZENODO_10369064,clarithromycin,696,44,17,24,1,2,0.8947368421052632,0.96,0.1052631578947368,0.04,0.9273684210526316
ZENODO_10369064,clarithromycin,697,44,18,21,2,3,0.8571428571428571,0.9130434782608695,0.1428571428571428,0.08695652173913043,0.8850931677018633
ZENODO_10369064,clarithromycin,698,44,17,27,0,0,1.0,1.0,0.0,0.0,1.0
ZENODO_10369064,clarithromycin,699,44,14,27,0,3,0.8235294117647058,1.0,0.1764705882352941,0.0,0.9117647058823528
ZENODO_10369064,clarithromycin,700,44,13,23,2,6,0.6842105263157895,0.92,0.3157894736842105,0.08,0.8021052631578948
ZENODO_10369064,clarithromycin,701,44,19,25,0,0,1.0,1.0,0.0,0.0,1.0
ZENODO_10369064,clarithromycin,702,44,23,21,0,0,1.0,1.0,0.0,0.0,1.0
ZENODO_10369064,clarithromycin,703,44,18,21,2,3,0.8571428571428571,0.9130434782608695,0.1428571428571428,0.08695652173913043,0.8850931677018633
ZENODO_10369064,clarithromycin,704,44,17,24,1,2,0.8947368421052632,0.96,0.1052631578947368,0.04,0.9273684210526316
ZENODO_10369064,clarithromycin,705,44,17,22,3,2,0.8947368421052632,0.88,0.1052631578947368,0.12,0.8873684210526316
ZENODO_10369064,clarithromycin,706,44,16,26,1,1,0.9411764705882353,0.9629629629629629,0.0588235294117647,0.037037037037037035,0.9520697167755992
ZENODO_10369064,clarithromycin,707,44,16,24,2,2,0.8888888888888888,0.9230769230769231,0.1111111111111111,0.07692307692307693,0.905982905982906
ZENODO_10369064,clarithromycin,708,44,15,28,0,1,0.9375,1.0,0.0625,0.0,0.96875
ZENODO_10369064,clarithromycin,709,44,17,26,0,1,0.9444444444444444,1.0,0.0555555555555555,0.0,0.9722222222222222
ZENODO_10369064,clarithromycin,710,44,19,20,2,3,0.8636363636363636,0.9090909090909091,0.1363636363636363,0.09090909090909091,0.8863636363636364
ZENODO_10369064,clarithromycin,711,44,15,25,2,2,0.8823529411764706,0.9259259259259259,0.1176470588235294,0.07407407407407407,0.9041394335511984
ZENODO_10369064,clarithromycin,712,44,20,21,1,2,0.9090909090909091,0.9545454545454546,0.0909090909090909,0.045454545454545456,0.931818181818182
ZENODO_10369064,clarithromycin,713,44,20,24,0,0,1.0,1.0,0.0,0.0,1.0
ZENODO_10369064,clarithromycin,714,44,10,26,3,5,0.6666666666666666,0.896551724137931,0.3333333333333333,0.10344827586206896,0.7816091954022988
ZENODO_10369064,clarithromycin,715,44,17,27,0,0,1.0,1.0,0.0,0.0,1.0
ZENODO_10369064,clarithromycin,716,44,19,22,0,3,0.8636363636363636,1.0,0.1363636363636363,0.0,0.931818181818182
ZENODO_10369064,clarithromycin,717,44,24,15,2,3,0.8888888888888888,0.8823529411764706,0.1111111111111111,0.11764705882352941,0.8856209150326797
ZENODO_10369064,clarithromycin,718,44,17,24,1,2,0.8947368421052632,0.96,0.1052631578947368,0.04,0.9273684210526316
ZENODO_10369064,clarithromycin,719,44,15,26,0,3,0.8333333333333334,1.0,0.1666666666666666,0.0,0.9166666666666669
ZENODO_10369064,clarithromycin,720,44,20,23,0,1,0.9523809523809523,1.0,0.0476190476190476,0.0,0.9761904761904762
ZENODO_10369064,clarithromycin,721,44,16,26,0,2,0.8888888888888888,1.0,0.1111111111111111,0.0,0.9444444444444444
ZENODO_10369064,clarithromycin,722,44,23,19,1,1,0.9583333333333334,0.95,0.0416666666666666,0.05,0.9541666666666666
ZENODO_10369064,clarithromycin,723,44,18,23,0,3,0.8571428571428571,1.0,0.1428571428571428,0.0,0.9285714285714286
ZENODO_10369064,clarithromycin,724,44,13,28,1,2,0.8666666666666667,0.9655172413793104,0.1333333333333333,0.034482758620689655,0.9160919540229886
ZENODO_10369064,clarithromycin,725,44,19,23,0,2,0.9047619047619048,1.0,0.0952380952380952,0.0,0.9523809523809524
ZENODO_10369064,clarithromycin,726,44,17,22,0,5,0.7727272727272727,1.0,0.2272727272727272,0.0,0.8863636363636364
ZENODO_10369064,clarithromycin,727,44,23,20,0,1,0.9583333333333334,1.0,0.0416666666666666,0.0,0.9791666666666669
ZENODO_10369064,clarithromycin,728,44,15,23,2,4,0.7894736842105263,0.92,0.2105263157894736,0.08,0.8547368421052632
ZENODO_10369064,clarithromycin,729,44,18,20,0,6,0.75,1.0,0.25,0.0,0.875
ZENODO_10369064,clarithromycin,730,44,18,23,0,3,0.8571428571428571,1.0,0.1428571428571428,0.0,0.9285714285714286
ZENODO_10369064,clarithromycin,731,44,16,27,0,1,0.9411764705882353,1.0,0.0588235294117647,0.0,0.9705882352941176
ZENODO_10369064,clarithromycin,732,44,15,26,0,3,0.8333333333333334,1.0,0.1666666666666666,0.0,0.9166666666666669
ZENODO_10369064,clarithromycin,733,44,16,26,1,1,0.9411764705882353,0.9629629629629629,0.0588235294117647,0.037037037037037035,0.9520697167755992
ZENODO_10369064,clarithromycin,734,44,13,29,1,1,0.9285714285714286,0.9666666666666667,0.0714285714285714,0.03333333333333333,0.9476190476190476
ZENODO_10369064,clarithromycin,735,44,18,24,0,2,0.9,1.0,0.1,0.0,0.95
ZENODO_10369064,clarithromycin,736,44,14,26,1,3,0.8235294117647058,0.9629629629629629,0.1764705882352941,0.037037037037037035,0.8932461873638344
ZENODO_10369064,clarithromycin,737,44,21,22,0,1,0.9545454545454546,1.0,0.0454545454545454,0.0,0.9772727272727272
ZENODO_10369064,clarithromycin,738,44,22,19,0,3,0.88,1.0,0.12,0.0,0.94
ZENODO_10369064,clarithromycin,739,44,16,28,0,0,1.0,1.0,0.0,0.0,1.0
ZENODO_10369064,clarithromycin,740,44,19,23,1,1,0.95,0.9583333333333334,0.05,0.041666666666666664,0.9541666666666666
ZENODO_10369064,clarithromycin,741,44,22,17,0,5,0.8148148148148148,1.0,0.1851851851851851,0.0,0.9074074074074074
ZENODO_10369064,clarithromycin,742,44,26,17,0,1,0.9629629629629629,1.0,0.037037037037037,0.0,0.9814814814814814
ZENODO_10369064,clarithromycin,743,44,16,26,1,1,0.9411764705882353,0.9629629629629629,0.0588235294117647,0.037037037037037035,0.9520697167755992
ZENODO_10369064,clarithromycin,744,44,15,24,1,4,0.7894736842105263,0.96,0.2105263157894736,0.04,0.8747368421052631
ZENODO_10369064,clarithromycin,745,44,23,18,1,2,0.92,0.9473684210526315,0.08,0.05263157894736842,0.9336842105263158
ZENODO_10369064,clarithromycin,746,44,15,27,1,1,0.9375,0.9642857142857143,0.0625,0.03571428571428571,0.9508928571428572
ZENODO_10369064,clarithromycin,747,44,21,22,0,1,0.9545454545454546,1.0,0.0454545454545454,0.0,0.9772727272727272
ZENODO_10369064,clarithromycin,748,44,12,30,1,1,0.9230769230769231,0.967741935483871,0.0769230769230769,0.03225806451612903,0.9454094292803972
ZENODO_10369064,clarithromycin,749,44,13,28,1,2,0.8666666666666667,0.9655172413793104,0.1333333333333333,0.034482758620689655,0.9160919540229886
ZENODO_10369064,clarithromycin,750,44,15,26,1,2,0.8823529411764706,0.9629629629629629,0.1176470588235294,0.037037037037037035,0.9226579520697168
ZENODO_10369064,clarithromycin,751,44,14,23,2,5,0.7368421052631579,0.92,0.2631578947368421,0.08,0.828421052631579
ZENODO_10369064,clarithromycin,752,44,17,22,1,4,0.8095238095238095,0.9565217391304348,0.1904761904761904,0.043478260869565216,0.8830227743271222
ZENODO_10369064,clarithromycin,753,44,13,27,1,3,0.8125,0.9642857142857143,0.1875,0.03571428571428571,0.8883928571428572
ZENODO_10369064,clarithromycin,754,44,15,24,0,5,0.75,1.0,0.25,0.0,0.875
ZENODO_10369064,clarithromycin,755,44,21,21,1,1,0.9545454545454546,0.9545454545454546,0.0454545454545454,0.045454545454545456,0.9545454545454546
ZENODO_10369064,clarithromycin,756,44,12,29,0,3,0.8,1.0,0.2,0.0,0.9
ZENODO_10369064,clarithromycin,757,44,19,22,1,2,0.9047619047619048,0.9565217391304348,0.0952380952380952,0.043478260869565216,0.9306418219461698
ZENODO_10369064,clarithromycin,758,44,16,27,0,1,0.9411764705882353,1.0,0.0588235294117647,0.0,0.9705882352941176
ZENODO_10369064,clarithromycin,759,44,16,25,2,1,0.9411764705882353,0.9259259259259259,0.0588235294117647,0.07407407407407407,0.9335511982570806
ZENODO_10369064,clarithromycin,760,44,19,23,1,1,0.95,0.9583333333333334,0.05,0.041666666666666664,0.9541666666666666
ZENODO_10369064,clarithromycin,761,44,17,25,1,1,0.9444444444444444,0.9615384615384616,0.0555555555555555,0.038461538461538464,0.9529914529914528
ZENODO_10369064,clarithromycin,762,44,21,23,0,0,1.0,1.0,0.0,0.0,1.0
ZENODO_10369064,clarithromycin,763,44,19,22,3,0,1.0,0.88,0.0,0.12,0.94
ZENODO_10369064,clarithromycin,764,44,13,30,1,0,1.0,0.967741935483871,0.0,0.03225806451612903,0.9838709677419356
ZENODO_10369064,clarithromycin,765,44,21,20,1,2,0.9130434782608695,0.9523809523809523,0.0869565217391304,0.047619047619047616,0.9327122153209108
ZENODO_10369064,clarithromycin,766,44,13,26,1,4,0.7647058823529411,0.9629629629629629,0.2352941176470588,0.037037037037037035,0.863834422657952
ZENODO_10369064,clarithromycin,767,44,18,25,0,1,0.9473684210526315,1.0,0.0526315789473684,0.0,0.9736842105263156
ZENODO_10369064,clarithromycin,768,44,20,22,0,2,0.9090909090909091,1.0,0.0909090909090909,0.0,0.9545454545454546
ZENODO_10369064,clarithromycin,769,44,21,19,2,2,0.9130434782608695,0.9047619047619048,0.0869565217391304,0.09523809523809523,0.9089026915113873
ZENODO_10369064,clarithromycin,770,44,16,22,1,5,0.7619047619047619,0.9565217391304348,0.238095238095238,0.043478260869565216,0.8592132505175983
ZENODO_10369064,clarithromycin,771,44,13,27,1,3,0.8125,0.9642857142857143,0.1875,0.03571428571428571,0.8883928571428572
ZENODO_10369064,clarithromycin,772,44,16,26,1,1,0.9411764705882353,0.9629629629629629,0.0588235294117647,0.037037037037037035,0.9520697167755992
ZENODO_10369064,clarithromycin,773,44,16,19,3,6,0.7272727272727273,0.8636363636363636,0.2727272727272727,0.13636363636363635,0.7954545454545454
ZENODO_10369064,clarithromycin,774,44,20,21,1,2,0.9090909090909091,0.9545454545454546,0.0909090909090909,0.045454545454545456,0.931818181818182
ZENODO_10369064,clarithromycin,775,44,18,22,1,3,0.8571428571428571,0.9565217391304348,0.1428571428571428,0.043478260869565216,0.906832298136646
ZENODO_10369064,clarithromycin,776,44,18,23,1,2,0.9,0.9583333333333334,0.1,0.041666666666666664,0.9291666666666668
ZENODO_10369064,clarithromycin,777,44,12,27,0,5,0.7058823529411765,1.0,0.2941176470588235,0.0,0.8529411764705883
ZENODO_10369064,clarithromycin,778,44,24,19,1,0,1.0,0.95,0.0,0.05,0.975
ZENODO_10369064,clarithromycin,779,44,18,22,1,3,0.8571428571428571,0.9565217391304348,0.1428571428571428,0.043478260869565216,0.906832298136646
ZENODO_10369064,clarithromycin,780,44,22,20,0,2,0.9166666666666666,1.0,0.0833333333333333,0.0,0.9583333333333331
ZENODO_10369064,clarithromycin,781,44,17,23,1,3,0.85,0.9583333333333334,0.15,0.041666666666666664,0.9041666666666668
ZENODO_10369064,clarithromycin,782,44,15,24,0,5,0.75,1.0,0.25,0.0,0.875
ZENODO_10369064,clarithromycin,783,44,10,31,1,2,0.8333333333333334,0.96875,0.1666666666666666,0.03125,0.9010416666666669
ZENODO_10369064,clarithromycin,784,44,17,24,1,2,0.8947368421052632,0.96,0.1052631578947368,0.04,0.9273684210526316
ZENODO_10369064,clarithromycin,785,44,19,22,1,2,0.9047619047619048,0.9565217391304348,0.0952380952380952,0.043478260869565216,0.9306418219461698
ZENODO_10369064,clarithromycin,786,44,15,25,4,0,1.0,0.8620689655172413,0.0,0.13793103448275862,0.9310344827586208
ZENODO_10369064,clarithromycin,787,44,20,21,1,2,0.9090909090909091,0.9545454545454546,0.0909090909090909,0.045454545454545456,0.931818181818182
ZENODO_10369064,clarithromycin,788,44,19,22,1,2,0.9047619047619048,0.9565217391304348,0.0952380952380952,0.043478260869565216,0.9306418219461698
ZENODO_10369064,clarithromycin,789,44,16,25,1,2,0.8888888888888888,0.9615384615384616,0.1111111111111111,0.038461538461538464,0.9252136752136751
ZENODO_10369064,clarithromycin,790,44,17,23,0,4,0.8095238095238095,1.0,0.1904761904761904,0.0,0.9047619047619048
ZENODO_10369064,clarithromycin,791,44,14,28,0,2,0.875,1.0,0.125,0.0,0.9375
ZENODO_10369064,clarithromycin,792,44,16,27,0,1,0.9411764705882353,1.0,0.0588235294117647,0.0,0.9705882352941176
ZENODO_10369064,clarithromycin,793,44,20,21,2,1,0.9523809523809523,0.9130434782608695,0.0476190476190476,0.08695652173913043,0.9327122153209108
ZENODO_10369064,clarithromycin,794,44,23,19,1,1,0.9583333333333334,0.95,0.0416666666666666,0.05,0.9541666666666666
ZENODO_10369064,clarithromycin,795,44,21,22,0,1,0.9545454545454546,1.0,0.0454545454545454,0.0,0.9772727272727272
ZENODO_10369064,clarithromycin,796,44,15,24,3,2,0.8823529411764706,0.8888888888888888,0.1176470588235294,0.1111111111111111,0.8856209150326797
ZENODO_10369064,clarithromycin,797,44,14,29,0,1,0.9333333333333333,1.0,0.0666666666666666,0.0,0.9666666666666668
ZENODO_10369064,clarithromycin,798,44,17,23,3,1,0.9444444444444444,0.8846153846153846,0.0555555555555555,0.11538461538461539,0.9145299145299144
ZENODO_10369064,clarithromycin,799,44,16,25,2,1,0.9411764705882353,0.9259259259259259,0.0588235294117647,0.07407407407407407,0.9335511982570806
ZENODO_10369064,clarithromycin,800,44,21,19,2,2,0.9130434782608695,0.9047619047619048,0.0869565217391304,0.09523809523809523,0.9089026915113873
ZENODO_10369064,clarithromycin,801,44,21,22,0,1,0.9545454545454546,1.0,0.0454545454545454,0.0,0.9772727272727272
ZENODO_10369064,clarithromycin,802,44,18,24,0,2,0.9,1.0,0.1,0.0,0.95
ZENODO_10369064,clarithromycin,803,44,15,24,2,3,0.8333333333333334,0.9230769230769231,0.1666666666666666,0.07692307692307693,0.8782051282051282
ZENODO_10369064,clarithromycin,804,44,17,22,2,3,0.85,0.9166666666666666,0.15,0.08333333333333333,0.8833333333333333
ZENODO_10369064,clarithromycin,805,44,20,23,1,0,1.0,0.9583333333333334,0.0,0.041666666666666664,0.9791666666666669
ZENODO_10369064,clarithromycin,806,44,16,25,0,3,0.8421052631578947,1.0,0.1578947368421052,0.0,0.9210526315789472
ZENODO_10369064,clarithromycin,807,44,18,22,0,4,0.8181818181818182,1.0,0.1818181818181818,0.0,0.9090909090909092
ZENODO_10369064,clarithromycin,808,44,18,20,1,5,0.782608695652174,0.9523809523809523,0.217391304347826,0.047619047619047616,0.8674948240165632
ZENODO_10369064,clarithromycin,809,44,18,23,1,2,0.9,0.9583333333333334,0.1,0.041666666666666664,0.9291666666666668
ZENODO_10369064,clarithromycin,810,44,17,24,1,2,0.8947368421052632,0.96,0.1052631578947368,0.04,0.9273684210526316
ZENODO_10369064,clarithromycin,811,44,16,26,2,0,1.0,0.9285714285714286,0.0,0.07142857142857142,0.9642857142857144
ZENODO_10369064,clarithromycin,812,44,16,27,1,0,1.0,0.9642857142857143,0.0,0.03571428571428571,0.9821428571428572
ZENODO_10369064,clarithromycin,813,44,19,24,0,1,0.95,1.0,0.05,0.0,0.975
ZENODO_10369064,clarithromycin,814,44,15,25,1,3,0.8333333333333334,0.9615384615384616,0.1666666666666666,0.038461538461538464,0.8974358974358975
ZENODO_10369064,clarithromycin,815,44,16,27,0,1,0.9411764705882353,1.0,0.0588235294117647,0.0,0.9705882352941176
ZENODO_10369064,clarithromycin,816,44,16,26,1,1,0.9411764705882353,0.9629629629629629,0.0588235294117647,0.037037037037037035,0.9520697167755992
ZENODO_10369064,clarithromycin,817,44,18,24,0,2,0.9,1.0,0.1,0.0,0.95
ZENODO_10369064,clarithromycin,818,44,25,17,1,1,0.9615384615384616,0.9444444444444444,0.0384615384615384,0.05555555555555555,0.9529914529914528
ZENODO_10369064,clarithromycin,819,44,21,21,0,2,0.9130434782608695,1.0,0.0869565217391304,0.0,0.9565217391304348
ZENODO_10369064,clarithromycin,820,44,15,25,2,2,0.8823529411764706,0.9259259259259259,0.1176470588235294,0.07407407407407407,0.9041394335511984
ZENODO_10369064,clarithromycin,821,44,16,25,1,2,0.8888888888888888,0.9615384615384616,0.1111111111111111,0.038461538461538464,0.9252136752136751
ZENODO_10369064,clarithromycin,822,44,13,30,1,0,1.0,0.967741935483871,0.0,0.03225806451612903,0.9838709677419356
ZENODO_10369064,clarithromycin,823,44,21,19,1,3,0.875,0.95,0.125,0.05,0.9125
ZENODO_10369064,clarithromycin,824,44,13,27,1,3,0.8125,0.9642857142857143,0.1875,0.03571428571428571,0.8883928571428572
ZENODO_10369064,clarithromycin,825,44,17,26,1,0,1.0,0.9629629629629629,0.0,0.037037037037037035,0.9814814814814814
ZENODO_10369064,clarithromycin,826,44,16,23,1,4,0.8,0.9583333333333334,0.2,0.041666666666666664,0.8791666666666667
ZENODO_10369064,clarithromycin,827,44,18,23,0,3,0.8571428571428571,1.0,0.1428571428571428,0.0,0.9285714285714286
ZENODO_10369064,clarithromycin,828,44,21,20,1,2,0.9130434782608695,0.9523809523809523,0.0869565217391304,0.047619047619047616,0.9327122153209108
ZENODO_10369064,clarithromycin,829,44,18,21,1,4,0.8181818181818182,0.9545454545454546,0.1818181818181818,0.045454545454545456,0.8863636363636365
ZENODO_10369064,clarithromycin,830,44,17,22,2,3,0.85,0.9166666666666666,0.15,0.08333333333333333,0.8833333333333333
ZENODO_10369064,clarithromycin,831,44,15,24,3,2,0.8823529411764706,0.8888888888888888,0.1176470588235294,0.1111111111111111,0.8856209150326797
ZENODO_10369064,clarithromycin,832,44,15,24,1,4,0.7894736842105263,0.96,0.2105263157894736,0.04,0.8747368421052631
ZENODO_10369064,clarithromycin,833,44,23,18,1,2,0.92,0.9473684210526315,0.08,0.05263157894736842,0.9336842105263158
ZENODO_10369064,clarithromycin,834,44,19,19,1,5,0.7916666666666666,0.95,0.2083333333333333,0.05,0.8708333333333333
ZENODO_10369064,clarithromycin,835,44,20,21,1,2,0.9090909090909091,0.9545454545454546,0.0909090909090909,0.045454545454545456,0.931818181818182
ZENODO_10369064,clarithromycin,836,44,16,25,1,2,0.8888888888888888,0.9615384615384616,0.1111111111111111,0.038461538461538464,0.9252136752136751
ZENODO_10369064,clarithromycin,837,44,15,25,2,2,0.8823529411764706,0.9259259259259259,0.1176470588235294,0.07407407407407407,0.9041394335511984
ZENODO_10369064,clarithromycin,838,44,17,24,0,3,0.85,1.0,0.15,0.0,0.925
ZENODO_10369064,clarithromycin,839,44,16,25,2,1,0.9411764705882353,0.9259259259259259,0.0588235294117647,0.07407407407407407,0.9335511982570806
ZENODO_10369064,clarithromycin,840,44,14,25,2,3,0.8235294117647058,0.9259259259259259,0.1764705882352941,0.07407407407407407,0.8747276688453158
ZENODO_10369064,clarithromycin,841,44,16,22,4,2,0.8888888888888888,0.8461538461538461,0.1111111111111111,0.15384615384615385,0.8675213675213675
ZENODO_10369064,clarithromycin,842,44,20,23,0,1,0.9523809523809523,1.0,0.0476190476190476,0.0,0.9761904761904762
ZENODO_10369064,clarithromycin,843,44,18,23,0,3,0.8571428571428571,1.0,0.1428571428571428,0.0,0.9285714285714286
ZENODO_10369064,clarithromycin,844,44,18,23,1,2,0.9,0.9583333333333334,0.1,0.041666666666666664,0.9291666666666668
ZENODO_10369064,clarithromycin,845,44,15,27,0,2,0.8823529411764706,1.0,0.1176470588235294,0.0,0.9411764705882352
ZENODO_10369064,clarithromycin,846,44,21,21,1,1,0.9545454545454546,0.9545454545454546,0.0454545454545454,0.045454545454545456,0.9545454545454546
ZENODO_10369064,clarithromycin,847,44,22,21,1,0,1.0,0.9545454545454546,0.0,0.045454545454545456,0.9772727272727272
ZENODO_10369064,clarithromycin,848,44,17,24,1,2,0.8947368421052632,0.96,0.1052631578947368,0.04,0.9273684210526316
ZENODO_10369064,clarithromycin,849,44,18,22,0,4,0.8181818181818182,1.0,0.1818181818181818,0.0,0.9090909090909092
ZENODO_10369064,clarithromycin,850,44,19,24,1,0,1.0,0.96,0.0,0.04,0.98
ZENODO_10369064,clarithromycin,851,44,21,19,3,1,0.9545454545454546,0.8636363636363636,0.0454545454545454,0.13636363636363635,0.9090909090909092
ZENODO_10369064,clarithromycin,852,44,20,20,2,2,0.9090909090909091,0.9090909090909091,0.0909090909090909,0.09090909090909091,0.9090909090909092
ZENODO_10369064,clarithromycin,853,44,12,29,2,1,0.9230769230769231,0.9354838709677419,0.0769230769230769,0.06451612903225806,0.9292803970223324
ZENODO_10369064,clarithromycin,854,44,22,18,4,0,1.0,0.8181818181818182,0.0,0.18181818181818182,0.9090909090909092
ZENODO_10369064,clarithromycin,855,44,21,20,1,2,0.9130434782608695,0.9523809523809523,0.0869565217391304,0.047619047619047616,0.9327122153209108
ZENODO_10369064,clarithromycin,856,44,19,24,0,1,0.95,1.0,0.05,0.0,0.975
ZENODO_10369064,clarithromycin,857,44,24,19,0,1,0.96,1.0,0.04,0.0,0.98
ZENODO_10369064,clarithromycin,858,44,12,28,0,4,0.75,1.0,0.25,0.0,0.875
ZENODO_10369064,clarithromycin,859,44,20,19,1,4,0.8333333333333334,0.95,0.1666666666666666,0.05,0.8916666666666666
ZENODO_10369064,clarithromycin,860,44,16,23,0,5,0.7619047619047619,1.0,0.238095238095238,0.0,0.8809523809523809
ZENODO_10369064,clarithromycin,861,44,17,22,2,3,0.85,0.9166666666666666,0.15,0.08333333333333333,0.8833333333333333
ZENODO_10369064,clarithromycin,862,44,19,24,0,1,0.95,1.0,0.05,0.0,0.975
ZENODO_10369064,clarithromycin,863,44,15,25,1,3,0.8333333333333334,0.9615384615384616,0.1666666666666666,0.038461538461538464,0.8974358974358975
ZENODO_10369064,clarithromycin,864,44,22,20,1,1,0.9565217391304348,0.9523809523809523,0.0434782608695652,0.047619047619047616,0.9544513457556936
ZENODO_10369064,clarithromycin,865,44,15,25,1,3,0.8333333333333334,0.9615384615384616,0.1666666666666666,0.038461538461538464,0.8974358974358975
ZENODO_10369064,clarithromycin,866,44,20,21,3,0,1.0,0.875,0.0,0.125,0.9375
ZENODO_10369064,clarithromycin,867,44,14,27,2,1,0.9333333333333333,0.9310344827586207,0.0666666666666666,0.06896551724137931,0.9321839080459772
ZENODO_10369064,clarithromycin,868,44,16,25,2,1,0.9411764705882353,0.9259259259259259,0.0588235294117647,0.07407407407407407,0.9335511982570806
ZENODO_10369064,clarithromycin,869,44,20,20,1,3,0.8695652173913043,0.9523809523809523,0.1304347826086956,0.047619047619047616,0.9109730848861284
ZENODO_10369064,clarithromycin,870,44,14,27,1,2,0.875,0.9642857142857143,0.125,0.03571428571428571,0.9196428571428572
ZENODO_10369064,clarithromycin,871,44,15,25,2,2,0.8823529411764706,0.9259259259259259,0.1176470588235294,0.07407407407407407,0.9041394335511984
ZENODO_10369064,clarithromycin,872,44,18,25,0,1,0.9473684210526315,1.0,0.0526315789473684,0.0,0.9736842105263156
ZENODO_10369064,clarithromycin,873,44,18,23,1,2,0.9,0.9583333333333334,0.1,0.041666666666666664,0.9291666666666668
ZENODO_10369064,clarithromycin,874,44,14,24,4,2,0.875,0.8571428571428571,0.125,0.14285714285714285,0.8660714285714286
ZENODO_10369064,clarithromycin,875,44,18,22,1,3,0.8571428571428571,0.9565217391304348,0.1428571428571428,0.043478260869565216,0.906832298136646
ZENODO_10369064,clarithromycin,876,44,16,24,1,3,0.8421052631578947,0.96,0.1578947368421052,0.04,0.9010526315789472
ZENODO_10369064,clarithromycin,877,44,21,19,2,2,0.9130434782608695,0.9047619047619048,0.0869565217391304,0.09523809523809523,0.9089026915113873
ZENODO_10369064,clarithromycin,878,44,15,26,3,0,1.0,0.896551724137931,0.0,0.10344827586206896,0.9482758620689656
ZENODO_10369064,clarithromycin,879,44,13,24,1,6,0.6842105263157895,0.96,0.3157894736842105,0.04,0.8221052631578947
ZENODO_10369064,clarithromycin,880,44,16,27,1,0,1.0,0.9642857142857143,0.0,0.03571428571428571,0.9821428571428572
ZENODO_10369064,clarithromycin,881,44,16,23,0,5,0.7619047619047619,1.0,0.238095238095238,0.0,0.8809523809523809
ZENODO_10369064,clarithromycin,882,44,14,25,2,3,0.8235294117647058,0.9259259259259259,0.1764705882352941,0.07407407407407407,0.8747276688453158
ZENODO_10369064,clarithromycin,883,44,18,22,2,2,0.9,0.9166666666666666,0.1,0.08333333333333333,0.9083333333333332
ZENODO_10369064,clarithromycin,884,44,19,21,1,3,0.8636363636363636,0.9545454545454546,0.1363636363636363,0.045454545454545456,0.9090909090909092
ZENODO_10369064,clarithromycin,885,44,19,25,0,0,1.0,1.0,0.0,0.0,1.0
ZENODO_10369064,clarithromycin,886,44,21,21,1,1,0.9545454545454546,0.9545454545454546,0.0454545454545454,0.045454545454545456,0.9545454545454546
ZENODO_10369064,clarithromycin,887,44,20,23,0,1,0.9523809523809523,1.0,0.0476190476190476,0.0,0.9761904761904762
ZENODO_10369064,clarithromycin,888,44,20,21,2,1,0.9523809523809523,0.9130434782608695,0.0476190476190476,0.08695652173913043,0.9327122153209108
ZENODO_10369064,clarithromycin,889,44,17,25,0,2,0.8947368421052632,1.0,0.1052631578947368,0.0,0.9473684210526316
ZENODO_10369064,clarithromycin,890,44,17,23,2,2,0.8947368421052632,0.92,0.1052631578947368,0.08,0.9073684210526316
ZENODO_10369064,clarithromycin,891,44,17,22,0,5,0.7727272727272727,1.0,0.2272727272727272,0.0,0.8863636363636364
ZENODO_10369064,clarithromycin,892,44,20,24,0,0,1.0,1.0,0.0,0.0,1.0
ZENODO_10369064,clarithromycin,893,44,21,21,0,2,0.9130434782608695,1.0,0.0869565217391304,0.0,0.9565217391304348
ZENODO_10369064,clarithromycin,894,44,21,20,1,2,0.9130434782608695,0.9523809523809523,0.0869565217391304,0.047619047619047616,0.9327122153209108
ZENODO_10369064,clarithromycin,895,44,17,23,1,3,0.85,0.9583333333333334,0.15,0.041666666666666664,0.9041666666666668
ZENODO_10369064,clarithromycin,896,44,26,14,2,2,0.9285714285714286,0.875,0.0714285714285714,0.125,0.9017857142857144
ZENODO_10369064,clarithromycin,897,44,21,20,1,2,0.9130434782608695,0.9523809523809523,0.0869565217391304,0.047619047619047616,0.9327122153209108
ZENODO_10369064,clarithromycin,898,44,17,24,1,2,0.8947368421052632,0.96,0.1052631578947368,0.04,0.9273684210526316
ZENODO_10369064,clarithromycin,899,44,15,26,1,2,0.8823529411764706,0.9629629629629629,0.1176470588235294,0.037037037037037035,0.9226579520697168
ZENODO_10369064,clarithromycin,900,44,15,26,1,2,0.8823529411764706,0.9629629629629629,0.1176470588235294,0.037037037037037035,0.9226579520697168
ZENODO_10369064,clarithromycin,901,44,19,24,0,1,0.95,1.0,0.05,0.0,0.975
ZENODO_10369064,clarithromycin,902,44,18,23,2,1,0.9473684210526315,0.92,0.0526315789473684,0.08,0.9336842105263158
ZENODO_10369064,clarithromycin,903,44,22,20,1,1,0.9565217391304348,0.9523809523809523,0.0434782608695652,0.047619047619047616,0.9544513457556936
ZENODO_10369064,clarithromycin,904,44,18,21,3,2,0.9,0.875,0.1,0.125,0.8875
ZENODO_10369064,clarithromycin,905,44,22,21,0,1,0.9565217391304348,1.0,0.0434782608695652,0.0,0.9782608695652174
ZENODO_10369064,clarithromycin,906,44,19,21,0,4,0.8260869565217391,1.0,0.1739130434782608,0.0,0.9130434782608696
ZENODO_10369064,clarithromycin,907,44,21,22,1,0,1.0,0.9565217391304348,0.0,0.043478260869565216,0.9782608695652174
ZENODO_10369064,clarithromycin,908,44,20,18,2,4,0.8333333333333334,0.9,0.1666666666666666,0.1,0.8666666666666667
ZENODO_10369064,clarithromycin,909,44,17,23,1,3,0.85,0.9583333333333334,0.15,0.041666666666666664,0.9041666666666668
ZENODO_10369064,clarithromycin,910,44,15,29,0,0,1.0,1.0,0.0,0.0,1.0
ZENODO_10369064,clarithromycin,911,44,18,23,2,1,0.9473684210526315,0.92,0.0526315789473684,0.08,0.9336842105263158
ZENODO_10369064,clarithromycin,912,44,22,20,0,2,0.9166666666666666,1.0,0.0833333333333333,0.0,0.9583333333333331
ZENODO_10369064,clarithromycin,913,44,15,26,0,3,0.8333333333333334,1.0,0.1666666666666666,0.0,0.9166666666666669
ZENODO_10369064,clarithromycin,914,44,19,21,1,3,0.8636363636363636,0.9545454545454546,0.1363636363636363,0.045454545454545456,0.9090909090909092
ZENODO_10369064,clarithromycin,915,44,20,16,2,6,0.7692307692307693,0.8888888888888888,0.2307692307692307,0.1111111111111111,0.829059829059829
ZENODO_10369064,clarithromycin,916,44,15,25,1,3,0.8333333333333334,0.9615384615384616,0.1666666666666666,0.038461538461538464,0.8974358974358975
ZENODO_10369064,clarithromycin,917,44,18,22,1,3,0.8571428571428571,0.9565217391304348,0.1428571428571428,0.043478260869565216,0.906832298136646
ZENODO_10369064,clarithromycin,918,44,22,19,0,3,0.88,1.0,0.12,0.0,0.94
ZENODO_10369064,clarithromycin,919,44,18,26,0,0,1.0,1.0,0.0,0.0,1.0
ZENODO_10369064,clarithromycin,920,44,15,24,4,1,0.9375,0.8571428571428571,0.0625,0.14285714285714285,0.8973214285714286
ZENODO_10369064,clarithromycin,921,44,21,21,0,2,0.9130434782608695,1.0,0.0869565217391304,0.0,0.9565217391304348
ZENODO_10369064,clarithromycin,922,44,15,27,0,2,0.8823529411764706,1.0,0.1176470588235294,0.0,0.9411764705882352
ZENODO_10369064,clarithromycin,923,44,21,22,0,1,0.9545454545454546,1.0,0.0454545454545454,0.0,0.9772727272727272
ZENODO_10369064,clarithromycin,924,44,26,15,0,3,0.896551724137931,1.0,0.1034482758620689,0.0,0.9482758620689656
ZENODO_10369064,clarithromycin,925,44,15,27,0,2,0.8823529411764706,1.0,0.1176470588235294,0.0,0.9411764705882352
ZENODO_10369064,clarithromycin,926,44,14,27,0,3,0.8235294117647058,1.0,0.1764705882352941,0.0,0.9117647058823528
ZENODO_10369064,clarithromycin,927,44,18,23,1,2,0.9,0.9583333333333334,0.1,0.041666666666666664,0.9291666666666668
ZENODO_10369064,clarithromycin,928,44,15,20,1,8,0.6521739130434783,0.9523809523809523,0.3478260869565217,0.047619047619047616,0.8022774327122153
ZENODO_10369064,clarithromycin,929,44,19,23,0,2,0.9047619047619048,1.0,0.0952380952380952,0.0,0.9523809523809524
ZENODO_10369064,clarithromycin,930,44,21,21,1,1,0.9545454545454546,0.9545454545454546,0.0454545454545454,0.045454545454545456,0.9545454545454546
ZENODO_10369064,clarithromycin,931,44,16,27,0,1,0.9411764705882353,1.0,0.0588235294117647,0.0,0.9705882352941176
ZENODO_10369064,clarithromycin,932,44,18,24,1,1,0.9473684210526315,0.96,0.0526315789473684,0.04,0.9536842105263156
ZENODO_10369064,clarithromycin,933,44,19,25,0,0,1.0,1.0,0.0,0.0,1.0
ZENODO_10369064,clarithromycin,934,44,18,26,0,0,1.0,1.0,0.0,0.0,1.0
ZENODO_10369064,clarithromycin,935,44,21,18,3,2,0.9130434782608695,0.8571428571428571,0.0869565217391304,0.14285714285714285,0.8850931677018633
ZENODO_10369064,clarithromycin,936,44,14,25,2,3,0.8235294117647058,0.9259259259259259,0.1764705882352941,0.07407407407407407,0.8747276688453158
ZENODO_10369064,clarithromycin,937,44,14,26,2,2,0.875,0.9285714285714286,0.125,0.07142857142857142,0.9017857142857144
ZENODO_10369064,clarithromycin,938,44,19,21,1,3,0.8636363636363636,0.9545454545454546,0.1363636363636363,0.045454545454545456,0.9090909090909092
ZENODO_10369064,clarithromycin,939,44,19,22,1,2,0.9047619047619048,0.9565217391304348,0.0952380952380952,0.043478260869565216,0.9306418219461698
ZENODO_10369064,clarithromycin,940,44,17,25,0,2,0.8947368421052632,1.0,0.1052631578947368,0.0,0.9473684210526316
ZENODO_10369064,clarithromycin,941,44,17,22,1,4,0.8095238095238095,0.9565217391304348,0.1904761904761904,0.043478260869565216,0.8830227743271222
ZENODO_10369064,clarithromycin,942,44,15,27,1,1,0.9375,0.9642857142857143,0.0625,0.03571428571428571,0.9508928571428572
ZENODO_10369064,clarithromycin,943,44,17,25,1,1,0.9444444444444444,0.9615384615384616,0.0555555555555555,0.038461538461538464,0.9529914529914528
ZENODO_10369064,clarithromycin,944,44,14,27,0,3,0.8235294117647058,1.0,0.1764705882352941,0.0,0.9117647058823528
ZENODO_10369064,clarithromycin,945,44,23,14,2,5,0.8214285714285714,0.875,0.1785714285714285,0.125,0.8482142857142857
ZENODO_10369064,clarithromycin,946,44,14,23,2,5,0.7368421052631579,0.92,0.2631578947368421,0.08,0.828421052631579
ZENODO_10369064,clarithromycin,947,44,16,22,1,5,0.7619047619047619,0.9565217391304348,0.238095238095238,0.043478260869565216,0.8592132505175983
ZENODO_10369064,clarithromycin,948,44,13,28,1,2,0.8666666666666667,0.9655172413793104,0.1333333333333333,0.034482758620689655,0.9160919540229886
ZENODO_10369064,clarithromycin,949,44,19,20,2,3,0.8636363636363636,0.9090909090909091,0.1363636363636363,0.09090909090909091,0.8863636363636364
ZENODO_10369064,clarithromycin,950,44,19,19,0,6,0.76,1.0,0.24,0.0,0.88
ZENODO_10369064,clarithromycin,951,44,15,28,0,1,0.9375,1.0,0.0625,0.0,0.96875
ZENODO_10369064,clarithromycin,952,44,22,19,1,2,0.9166666666666666,0.95,0.0833333333333333,0.05,0.9333333333333332
ZENODO_10369064,clarithromycin,953,44,14,25,2,3,0.8235294117647058,0.9259259259259259,0.1764705882352941,0.07407407407407407,0.8747276688453158
ZENODO_10369064,clarithromycin,954,44,19,25,0,0,1.0,1.0,0.0,0.0,1.0
ZENODO_10369064,clarithromycin,955,44,22,21,0,1,0.9565217391304348,1.0,0.0434782608695652,0.0,0.9782608695652174
ZENODO_10369064,clarithromycin,956,44,26,17,0,1,0.9629629629629629,1.0,0.037037037037037,0.0,0.9814814814814814
ZENODO_10369064,clarithromycin,957,44,18,24,0,2,0.9,1.0,0.1,0.0,0.95
ZENODO_10369064,clarithromycin,958,44,19,24,0,1,0.95,1.0,0.05,0.0,0.975
ZENODO_10369064,clarithromycin,959,44,22,19,1,2,0.9166666666666666,0.95,0.0833333333333333,0.05,0.9333333333333332
ZENODO_10369064,clarithromycin,960,44,22,20,1,1,0.9565217391304348,0.9523809523809523,0.0434782608695652,0.047619047619047616,0.9544513457556936
ZENODO_10369064,clarithromycin,961,44,12,27,2,3,0.8,0.9310344827586207,0.2,0.06896551724137931,0.8655172413793104
ZENODO_10369064,clarithromycin,962,44,21,20,0,3,0.875,1.0,0.125,0.0,0.9375
ZENODO_10369064,clarithromycin,963,44,16,26,1,1,0.9411764705882353,0.9629629629629629,0.0588235294117647,0.037037037037037035,0.9520697167755992
ZENODO_10369064,clarithromycin,964,44,25,19,0,0,1.0,1.0,0.0,0.0,1.0
ZENODO_10369064,clarithromycin,965,44,15,25,0,4,0.7894736842105263,1.0,0.2105263157894736,0.0,0.8947368421052632
ZENODO_10369064,clarithromycin,966,44,17,25,0,2,0.8947368421052632,1.0,0.1052631578947368,0.0,0.9473684210526316
ZENODO_10369064,clarithromycin,967,44,18,25,0,1,0.9473684210526315,1.0,0.0526315789473684,0.0,0.9736842105263156
ZENODO_10369064,clarithromycin,968,44,15,26,2,1,0.9375,0.9285714285714286,0.0625,0.07142857142857142,0.9330357142857144
ZENODO_10369064,clarithromycin,969,44,15,22,2,5,0.75,0.9166666666666666,0.25,0.08333333333333333,0.8333333333333333
ZENODO_10369064,clarithromycin,970,44,22,19,2,1,0.9565217391304348,0.9047619047619048,0.0434782608695652,0.09523809523809523,0.9306418219461698
ZENODO_10369064,clarithromycin,971,44,16,25,1,2,0.8888888888888888,0.9615384615384616,0.1111111111111111,0.038461538461538464,0.9252136752136751
ZENODO_10369064,clarithromycin,972,44,14,30,0,0,1.0,1.0,0.0,0.0,1.0
ZENODO_10369064,clarithromycin,973,44,20,22,0,2,0.9090909090909091,1.0,0.0909090909090909,0.0,0.9545454545454546
ZENODO_10369064,clarithromycin,974,44,21,19,2,2,0.9130434782608695,0.9047619047619048,0.0869565217391304,0.09523809523809523,0.9089026915113873
ZENODO_10369064,clarithromycin,975,44,15,26,3,0,1.0,0.896551724137931,0.0,0.10344827586206896,0.9482758620689656
ZENODO_10369064,clarithromycin,976,44,16,28,0,0,1.0,1.0,0.0,0.0,1.0
ZENODO_10369064,clarithromycin,977,44,20,21,1,2,0.9090909090909091,0.9545454545454546,0.0909090909090909,0.045454545454545456,0.931818181818182
ZENODO_10369064,clarithromycin,978,44,15,22,2,5,0.75,0.9166666666666666,0.25,0.08333333333333333,0.8333333333333333
ZENODO_10369064,clarithromycin,979,44,19,23,0,2,0.9047619047619048,1.0,0.0952380952380952,0.0,0.9523809523809524
ZENODO_10369064,clarithromycin,980,44,22,20,1,1,0.9565217391304348,0.9523809523809523,0.0434782608695652,0.047619047619047616,0.9544513457556936
ZENODO_10369064,clarithromycin,981,44,15,25,2,2,0.8823529411764706,0.9259259259259259,0.1176470588235294,0.07407407407407407,0.9041394335511984
ZENODO_10369064,clarithromycin,982,44,16,26,2,0,1.0,0.9285714285714286,0.0,0.07142857142857142,0.9642857142857144
ZENODO_10369064,clarithromycin,983,44,20,20,1,3,0.8695652173913043,0.9523809523809523,0.1304347826086956,0.047619047619047616,0.9109730848861284
ZENODO_10369064,clarithromycin,984,44,18,26,0,0,1.0,1.0,0.0,0.0,1.0
ZENODO_10369064,clarithromycin,985,44,13,29,1,1,0.9285714285714286,0.9666666666666667,0.0714285714285714,0.03333333333333333,0.9476190476190476
ZENODO_10369064,clarithromycin,986,44,18,25,0,1,0.9473684210526315,1.0,0.0526315789473684,0.0,0.9736842105263156
ZENODO_10369064,clarithromycin,987,44,16,23,1,4,0.8,0.9583333333333334,0.2,0.041666666666666664,0.8791666666666667
ZENODO_10369064,clarithromycin,988,44,21,22,0,1,0.9545454545454546,1.0,0.0454545454545454,0.0,0.9772727272727272
ZENODO_10369064,clarithromycin,989,44,24,19,0,1,0.96,1.0,0.04,0.0,0.98
ZENODO_10369064,clarithromycin,990,44,20,20,0,4,0.8333333333333334,1.0,0.1666666666666666,0.0,0.9166666666666669
ZENODO_10369064,clarithromycin,991,44,22,19,1,2,0.9166666666666666,0.95,0.0833333333333333,0.05,0.9333333333333332
ZENODO_10369064,clarithromycin,992,44,17,20,3,4,0.8095238095238095,0.8695652173913043,0.1904761904761904,0.13043478260869565,0.839544513457557
ZENODO_10369064,clarithromycin,993,44,17,26,0,1,0.9444444444444444,1.0,0.0555555555555555,0.0,0.9722222222222222
ZENODO_10369064,clarithromycin,994,44,15,24,0,5,0.75,1.0,0.25,0.0,0.875
ZENODO_10369064,clarithromycin,995,44,17,24,1,2,0.8947368421052632,0.96,0.1052631578947368,0.04,0.9273684210526316
ZENODO_10369064,clarithromycin,996,44,21,22,0,1,0.9545454545454546,1.0,0.0454545454545454,0.0,0.9772727272727272
ZENODO_10369064,clarithromycin,997,44,20,20,3,1,0.9523809523809523,0.8695652173913043,0.0476190476190476,0.13043478260869565,0.9109730848861284
ZENODO_10369064,clarithromycin,998,44,20,22,0,2,0.9090909090909091,1.0,0.0909090909090909,0.0,0.9545454545454546
ZENODO_10369064,clarithromycin,999,44,16,25,1,2,0.8888888888888888,0.9615384615384616,0.1111111111111111,0.038461538461538464,0.9252136752136751
ZENODO_10369064,clarithromycin,1000,44,19,23,0,2,0.9047619047619048,1.0,0.0952380952380952,0.0,0.9523809523809524
ZENODO_10369064,clarithromycin,1001,44,21,21,1,1,0.9545454545454546,0.9545454545454546,0.0454545454545454,0.045454545454545456,0.9545454545454546
ZENODO_10369064,clarithromycin,1002,44,18,24,2,0,1.0,0.9230769230769231,0.0,0.07692307692307693,0.9615384615384616
ZENODO_10369064,clarithromycin,1003,44,18,24,0,2,0.9,1.0,0.1,0.0,0.95
ZENODO_10369064,clarithromycin,1004,44,11,28,1,4,0.7333333333333333,0.9655172413793104,0.2666666666666666,0.034482758620689655,0.8494252873563218
ZENODO_10369064,clarithromycin,1005,44,25,18,0,1,0.9615384615384616,1.0,0.0384615384615384,0.0,0.9807692307692308
ZENODO_10369064,clarithromycin,1006,44,14,28,1,1,0.9333333333333333,0.9655172413793104,0.0666666666666666,0.034482758620689655,0.9494252873563218
ZENODO_10369064,clarithromycin,1007,44,15,27,1,1,0.9375,0.9642857142857143,0.0625,0.03571428571428571,0.9508928571428572
ZENODO_10369064,clarithromycin,1008,44,18,25,0,1,0.9473684210526315,1.0,0.0526315789473684,0.0,0.9736842105263156
ZENODO_10369064,clarithromycin,1009,44,17,21,1,5,0.7727272727272727,0.9545454545454546,0.2272727272727272,0.045454545454545456,0.8636363636363636
ZENODO_10369064,clarithromycin,1010,44,18,24,1,1,0.9473684210526315,0.96,0.0526315789473684,0.04,0.9536842105263156
ZENODO_10369064,clarithromycin,1011,44,14,30,0,0,1.0,1.0,0.0,0.0,1.0
ZENODO_10369064,clarithromycin,1012,44,21,17,4,2,0.9130434782608695,0.8095238095238095,0.0869565217391304,0.19047619047619047,0.8612836438923395
ZENODO_10369064,clarithromycin,1013,44,14,27,0,3,0.8235294117647058,1.0,0.1764705882352941,0.0,0.9117647058823528
ZENODO_10369064,clarithromycin,1014,44,19,24,0,1,0.95,1.0,0.05,0.0,0.975
ZENODO_10369064,clarithromycin,1015,44,17,24,1,2,0.8947368421052632,0.96,0.1052631578947368,0.04,0.9273684210526316
ZENODO_10369064,clarithromycin,1016,44,12,25,2,5,0.7058823529411765,0.9259259259259259,0.2941176470588235,0.07407407407407407,0.8159041394335512
ZENODO_10369064,clarithromycin,1017,44,16,28,0,0,1.0,1.0,0.0,0.0,1.0
ZENODO_10369064,clarithromycin,1018,44,17,24,3,0,1.0,0.8888888888888888,0.0,0.1111111111111111,0.9444444444444444
ZENODO_10369064,clarithromycin,1019,44,25,18,0,1,0.9615384615384616,1.0,0.0384615384615384,0.0,0.9807692307692308
ZENODO_10369064,clarithromycin,1020,44,21,21,1,1,0.9545454545454546,0.9545454545454546,0.0454545454545454,0.045454545454545456,0.9545454545454546
ZENODO_10369064,clarithromycin,1021,44,23,20,0,1,0.9583333333333334,1.0,0.0416666666666666,0.0,0.9791666666666669
ZENODO_10369064,clarithromycin,1022,44,17,27,0,0,1.0,1.0,0.0,0.0,1.0
ZENODO_10369064,clarithromycin,1023,44,19,21,2,2,0.9047619047619048,0.9130434782608695,0.0952380952380952,0.08695652173913043,0.9089026915113873
ZENODO_10369064,clarithromycin,1024,44,21,21,0,2,0.9130434782608695,1.0,0.0869565217391304,0.0,0.9565217391304348
ZENODO_10369064,clarithromycin,1025,44,23,20,0,1,0.9583333333333334,1.0,0.0416666666666666,0.0,0.9791666666666669
ZENODO_10369064,clarithromycin,1026,44,15,29,0,0,1.0,1.0,0.0,0.0,1.0
ZENODO_10369064,clarithromycin,1027,44,12,28,3,1,0.9230769230769231,0.9032258064516129,0.0769230769230769,0.0967741935483871,0.913151364764268
ZENODO_10369064,clarithromycin,1028,44,20,19,3,2,0.9090909090909091,0.8636363636363636,0.0909090909090909,0.13636363636363635,0.8863636363636364
ZENODO_10369064,clarithromycin,1029,44,19,22,1,2,0.9047619047619048,0.9565217391304348,0.0952380952380952,0.043478260869565216,0.9306418219461698
ZENODO_10369064,clarithromycin,1030,44,15,27,1,1,0.9375,0.9642857142857143,0.0625,0.03571428571428571,0.9508928571428572
ZENODO_10369064,clarithromycin,1031,44,16,28,0,0,1.0,1.0,0.0,0.0,1.0
ZENODO_10369064,clarithromycin,1032,44,23,20,0,1,0.9583333333333334,1.0,0.0416666666666666,0.0,0.9791666666666669
ZENODO_10369064,clarithromycin,1033,44,21,19,2,2,0.9130434782608695,0.9047619047619048,0.0869565217391304,0.09523809523809523,0.9089026915113873
ZENODO_10369064,clarithromycin,1034,44,16,25,2,1,0.9411764705882353,0.9259259259259259,0.0588235294117647,0.07407407407407407,0.9335511982570806
ZENODO_10369064,clarithromycin,1035,44,19,22,1,2,0.9047619047619048,0.9565217391304348,0.0952380952380952,0.043478260869565216,0.9306418219461698
ZENODO_10369064,clarithromycin,1036,44,18,25,0,1,0.9473684210526315,1.0,0.0526315789473684,0.0,0.9736842105263156
ZENODO_10369064,clarithromycin,1037,44,12,28,1,3,0.8,0.9655172413793104,0.2,0.034482758620689655,0.8827586206896552
ZENODO_10369064,clarithromycin,1038,44,15,29,0,0,1.0,1.0,0.0,0.0,1.0
ZENODO_10369064,clarithromycin,1039,44,23,16,3,2,0.92,0.8421052631578947,0.08,0.15789473684210525,0.8810526315789473
ZENODO_10369064,clarithromycin,1040,44,18,20,2,4,0.8181818181818182,0.9090909090909091,0.1818181818181818,0.09090909090909091,0.8636363636363636
ZENODO_10369064,clarithromycin,1041,44,18,22,1,3,0.8571428571428571,0.9565217391304348,0.1428571428571428,0.043478260869565216,0.906832298136646
ZENODO_10369064,clarithromycin,1042,44,21,20,0,3,0.875,1.0,0.125,0.0,0.9375
ZENODO_10369064,clarithromycin,1043,44,21,20,1,2,0.9130434782608695,0.9523809523809523,0.0869565217391304,0.047619047619047616,0.9327122153209108
ZENODO_10369064,clarithromycin,1044,44,21,21,0,2,0.9130434782608695,1.0,0.0869565217391304,0.0,0.9565217391304348
ZENODO_10369064,clarithromycin,1045,44,12,29,0,3,0.8,1.0,0.2,0.0,0.9
ZENODO_10369064,clarithromycin,1046,44,19,22,1,2,0.9047619047619048,0.9565217391304348,0.0952380952380952,0.043478260869565216,0.9306418219461698
ZENODO_10369064,clarithromycin,1047,44,18,24,2,0,1.0,0.9230769230769231,0.0,0.07692307692307693,0.9615384615384616
ZENODO_10369064,clarithromycin,1048,44,18,24,1,1,0.9473684210526315,0.96,0.0526315789473684,0.04,0.9536842105263156
ZENODO_10369064,clarithromycin,1049,44,16,25,0,3,0.8421052631578947,1.0,0.1578947368421052,0.0,0.9210526315789472
ZENODO_10369064,clarithromycin,1050,44,19,22,1,2,0.9047619047619048,0.9565217391304348,0.0952380952380952,0.043478260869565216,0.9306418219461698
ZENODO_10369064,clarithromycin,1051,44,18,24,0,2,0.9,1.0,0.1,0.0,0.95
ZENODO_10369064,clarithromycin,1052,44,19,22,0,3,0.8636363636363636,1.0,0.1363636363636363,0.0,0.931818181818182
ZENODO_10369064,clarithromycin,1053,44,18,22,2,2,0.9,0.9166666666666666,0.1,0.08333333333333333,0.9083333333333332
ZENODO_10369064,clarithromycin,1054,44,15,27,0,2,0.8823529411764706,1.0,0.1176470588235294,0.0,0.9411764705882352
ZENODO_10369064,clarithromycin,1055,44,22,21,0,1,0.9565217391304348,1.0,0.0434782608695652,0.0,0.9782608695652174
ZENODO_10369064,clarithromycin,1056,44,20,23,0,1,0.9523809523809523,1.0,0.0476190476190476,0.0,0.9761904761904762
ZENODO_10369064,clarithromycin,1057,44,15,24,0,5,0.75,1.0,0.25,0.0,0.875
ZENODO_10369064,clarithromycin,1058,44,25,18,1,0,1.0,0.9473684210526315,0.0,0.05263157894736842,0.9736842105263156
ZENODO_10369064,clarithromycin,1059,44,21,19,1,3,0.875,0.95,0.125,0.05,0.9125
ZENODO_10369064,clarithromycin,1060,44,16,24,1,3,0.8421052631578947,0.96,0.1578947368421052,0.04,0.9010526315789472
ZENODO_10369064,clarithromycin,1061,44,21,22,0,1,0.9545454545454546,1.0,0.0454545454545454,0.0,0.9772727272727272
ZENODO_10369064,clarithromycin,1062,44,18,22,0,4,0.8181818181818182,1.0,0.1818181818181818,0.0,0.9090909090909092
ZENODO_10369064,clarithromycin,1063,44,18,23,0,3,0.8571428571428571,1.0,0.1428571428571428,0.0,0.9285714285714286
ZENODO_10369064,clarithromycin,1064,44,18,19,3,4,0.8181818181818182,0.8636363636363636,0.1818181818181818,0.13636363636363635,0.8409090909090909
ZENODO_10369064,clarithromycin,1065,44,21,21,1,1,0.9545454545454546,0.9545454545454546,0.0454545454545454,0.045454545454545456,0.9545454545454546
ZENODO_10369064,clarithromycin,1066,44,13,27,0,4,0.7647058823529411,1.0,0.2352941176470588,0.0,0.8823529411764706
ZENODO_10369064,clarithromycin,1067,44,15,25,2,2,0.8823529411764706,0.9259259259259259,0.1176470588235294,0.07407407407407407,0.9041394335511984
ZENODO_10369064,clarithromycin,1068,44,15,28,0,1,0.9375,1.0,0.0625,0.0,0.96875
ZENODO_10369064,clarithromycin,1069,44,18,22,1,3,0.8571428571428571,0.9565217391304348,0.1428571428571428,0.043478260869565216,0.906832298136646
ZENODO_10369064,clarithromycin,1070,44,20,22,0,2,0.9090909090909091,1.0,0.0909090909090909,0.0,0.9545454545454546
ZENODO_10369064,clarithromycin,1071,44,12,26,3,3,0.8,0.896551724137931,0.2,0.10344827586206896,0.8482758620689655
ZENODO_10369064,clarithromycin,1072,44,16,26,0,2,0.8888888888888888,1.0,0.1111111111111111,0.0,0.9444444444444444
ZENODO_10369064,clarithromycin,1073,44,21,21,1,1,0.9545454545454546,0.9545454545454546,0.0454545454545454,0.045454545454545456,0.9545454545454546
ZENODO_10369064,clarithromycin,1074,44,17,23,0,4,0.8095238095238095,1.0,0.1904761904761904,0.0,0.9047619047619048
ZENODO_10369064,clarithromycin,1075,44,13,25,1,5,0.7222222222222222,0.9615384615384616,0.2777777777777778,0.038461538461538464,0.8418803418803419
ZENODO_10369064,clarithromycin,1076,44,24,20,0,0,1.0,1.0,0.0,0.0,1.0
ZENODO_10369064,clarithromycin,1077,44,21,22,0,1,0.9545454545454546,1.0,0.0454545454545454,0.0,0.9772727272727272
ZENODO_10369064,clarithromycin,1078,44,22,20,1,1,0.9565217391304348,0.9523809523809523,0.0434782608695652,0.047619047619047616,0.9544513457556936
ZENODO_10369064,clarithromycin,1079,44,14,22,2,6,0.7,0.9166666666666666,0.3,0.08333333333333333,0.8083333333333333
ZENODO_10369064,clarithromycin,1080,44,14,29,0,1,0.9333333333333333,1.0,0.0666666666666666,0.0,0.9666666666666668
ZENODO_10369064,clarithromycin,1081,44,20,19,2,3,0.8695652173913043,0.9047619047619048,0.1304347826086956,0.09523809523809523,0.8871635610766045
ZENODO_10369064,clarithromycin,1082,44,22,18,0,4,0.8461538461538461,1.0,0.1538461538461538,0.0,0.9230769230769232
ZENODO_10369064,clarithromycin,1083,44,14,22,4,4,0.7777777777777778,0.8461538461538461,0.2222222222222222,0.15384615384615385,0.811965811965812
ZENODO_10369064,clarithromycin,1084,44,21,21,0,2,0.9130434782608695,1.0,0.0869565217391304,0.0,0.9565217391304348
ZENODO_10369064,clarithromycin,1085,44,16,26,0,2,0.8888888888888888,1.0,0.1111111111111111,0.0,0.9444444444444444
ZENODO_10369064,clarithromycin,1086,44,23,18,1,2,0.92,0.9473684210526315,0.08,0.05263157894736842,0.9336842105263158
ZENODO_10369064,clarithromycin,1087,44,16,26,0,2,0.8888888888888888,1.0,0.1111111111111111,0.0,0.9444444444444444
ZENODO_10369064,clarithromycin,1088,44,20,22,0,2,0.9090909090909091,1.0,0.0909090909090909,0.0,0.9545454545454546
ZENODO_10369064,clarithromycin,1089,44,21,20,1,2,0.9130434782608695,0.9523809523809523,0.0869565217391304,0.047619047619047616,0.9327122153209108
ZENODO_10369064,clarithromycin,1090,44,14,27,1,2,0.875,0.9642857142857143,0.125,0.03571428571428571,0.9196428571428572
ZENODO_10369064,clarithromycin,1091,44,16,25,1,2,0.8888888888888888,0.9615384615384616,0.1111111111111111,0.038461538461538464,0.9252136752136751
ZENODO_10369064,clarithromycin,1092,44,21,16,1,6,0.7777777777777778,0.9411764705882353,0.2222222222222222,0.058823529411764705,0.8594771241830066
ZENODO_10369064,clarithromycin,1093,44,20,19,2,3,0.8695652173913043,0.9047619047619048,0.1304347826086956,0.09523809523809523,0.8871635610766045
ZENODO_10369064,clarithromycin,1094,44,15,26,1,2,0.8823529411764706,0.9629629629629629,0.1176470588235294,0.037037037037037035,0.9226579520697168
ZENODO_10369064,clarithromycin,1095,44,18,22,1,3,0.8571428571428571,0.9565217391304348,0.1428571428571428,0.043478260869565216,0.906832298136646
ZENODO_10369064,clarithromycin,1096,44,19,19,4,2,0.9047619047619048,0.8260869565217391,0.0952380952380952,0.17391304347826086,0.865424430641822
ZENODO_10369064,clarithromycin,1097,44,20,22,1,1,0.9523809523809523,0.9565217391304348,0.0476190476190476,0.043478260869565216,0.9544513457556936
ZENODO_10369064,clarithromycin,1098,44,12,28,2,2,0.8571428571428571,0.9333333333333333,0.1428571428571428,0.06666666666666667,0.8952380952380952
ZENODO_10369064,clarithromycin,1099,44,12,30,1,1,0.9230769230769231,0.967741935483871,0.0769230769230769,0.03225806451612903,0.9454094292803972
ZENODO_10369064,clarithromycin,1100,44,22,17,1,4,0.8461538461538461,0.9444444444444444,0.1538461538461538,0.05555555555555555,0.8952991452991452
ZENODO_10369064,clarithromycin,1101,44,19,24,1,0,1.0,0.96,0.0,0.04,0.98
ZENODO_10369064,clarithromycin,1102,44,25,17,1,1,0.9615384615384616,0.9444444444444444,0.0384615384615384,0.05555555555555555,0.9529914529914528
ZENODO_10369064,clarithromycin,1103,44,20,22,0,2,0.9090909090909091,1.0,0.0909090909090909,0.0,0.9545454545454546
ZENODO_10369064,clarithromycin,1104,44,22,19,0,3,0.88,1.0,0.12,0.0,0.94
ZENODO_10369064,clarithromycin,1105,44,19,22,1,2,0.9047619047619048,0.9565217391304348,0.0952380952380952,0.043478260869565216,0.9306418219461698
ZENODO_10369064,clarithromycin,1106,44,17,24,0,3,0.85,1.0,0.15,0.0,0.925
ZENODO_10369064,clarithromycin,1107,44,16,24,3,1,0.9411764705882353,0.8888888888888888,0.0588235294117647,0.1111111111111111,0.915032679738562
ZENODO_10369064,clarithromycin,1108,44,18,21,2,3,0.8571428571428571,0.9130434782608695,0.1428571428571428,0.08695652173913043,0.8850931677018633
ZENODO_10369064,clarithromycin,1109,44,19,22,2,1,0.95,0.9166666666666666,0.05,0.08333333333333333,0.9333333333333332
ZENODO_10369064,clarithromycin,1110,44,17,24,0,3,0.85,1.0,0.15,0.0,0.925
ZENODO_10369064,clarithromycin,1111,44,21,22,0,1,0.9545454545454546,1.0,0.0454545454545454,0.0,0.9772727272727272
ZENODO_10369064,clarithromycin,1112,44,18,24,1,1,0.9473684210526315,0.96,0.0526315789473684,0.04,0.9536842105263156
ZENODO_10369064,clarithromycin,1113,44,20,19,4,1,0.9523809523809523,0.8260869565217391,0.0476190476190476,0.17391304347826086,0.8892339544513457
ZENODO_10369064,clarithromycin,1114,44,19,21,0,4,0.8260869565217391,1.0,0.1739130434782608,0.0,0.9130434782608696
ZENODO_10369064,clarithromycin,1115,44,12,30,1,1,0.9230769230769231,0.967741935483871,0.0769230769230769,0.03225806451612903,0.9454094292803972
ZENODO_10369064,clarithromycin,1116,44,16,23,1,4,0.8,0.9583333333333334,0.2,0.041666666666666664,0.8791666666666667
ZENODO_10369064,clarithromycin,1117,44,16,27,0,1,0.9411764705882353,1.0,0.0588235294117647,0.0,0.9705882352941176
ZENODO_10369064,clarithromycin,1118,44,21,20,0,3,0.875,1.0,0.125,0.0,0.9375
ZENODO_10369064,clarithromycin,1119,44,16,26,0,2,0.8888888888888888,1.0,0.1111111111111111,0.0,0.9444444444444444
ZENODO_10369064,clarithromycin,1120,44,16,26,1,1,0.9411764705882353,0.9629629629629629,0.0588235294117647,0.037037037037037035,0.9520697167755992
ZENODO_10369064,clarithromycin,1121,44,21,20,1,2,0.9130434782608695,0.9523809523809523,0.0869565217391304,0.047619047619047616,0.9327122153209108
ZENODO_10369064,clarithromycin,1122,44,20,22,0,2,0.9090909090909091,1.0,0.0909090909090909,0.0,0.9545454545454546
ZENODO_10369064,clarithromycin,1123,44,17,24,1,2,0.8947368421052632,0.96,0.1052631578947368,0.04,0.9273684210526316
ZENODO_10369064,clarithromycin,1124,44,11,31,0,2,0.8461538461538461,1.0,0.1538461538461538,0.0,0.9230769230769232
ZENODO_10369064,clarithromycin,1125,44,15,25,1,3,0.8333333333333334,0.9615384615384616,0.1666666666666666,0.038461538461538464,0.8974358974358975
ZENODO_10369064,clarithromycin,1126,44,17,22,3,2,0.8947368421052632,0.88,0.1052631578947368,0.12,0.8873684210526316
ZENODO_10369064,clarithromycin,1127,44,23,19,0,2,0.92,1.0,0.08,0.0,0.96
ZENODO_10369064,clarithromycin,1128,44,19,23,1,1,0.95,0.9583333333333334,0.05,0.041666666666666664,0.9541666666666666
ZENODO_10369064,clarithromycin,1129,44,15,27,1,1,0.9375,0.9642857142857143,0.0625,0.03571428571428571,0.9508928571428572
ZENODO_10369064,clarithromycin,1130,44,17,25,0,2,0.8947368421052632,1.0,0.1052631578947368,0.0,0.9473684210526316
ZENODO_10369064,clarithromycin,1131,44,24,17,1,2,0.9230769230769231,0.9444444444444444,0.0769230769230769,0.05555555555555555,0.9337606837606838
ZENODO_10369064,clarithromycin,1132,44,17,19,2,6,0.7391304347826086,0.9047619047619048,0.2608695652173913,0.09523809523809523,0.8219461697722568
ZENODO_10369064,clarithromycin,1133,44,18,24,1,1,0.9473684210526315,0.96,0.0526315789473684,0.04,0.9536842105263156
ZENODO_10369064,clarithromycin,1134,44,10,30,1,3,0.7692307692307693,0.967741935483871,0.2307692307692307,0.03225806451612903,0.8684863523573201
ZENODO_10369064,clarithromycin,1135,44,13,28,1,2,0.8666666666666667,0.9655172413793104,0.1333333333333333,0.034482758620689655,0.9160919540229886
ZENODO_10369064,clarithromycin,1136,44,20,21,1,2,0.9090909090909091,0.9545454545454546,0.0909090909090909,0.045454545454545456,0.931818181818182
ZENODO_10369064,clarithromycin,1137,44,20,19,1,4,0.8333333333333334,0.95,0.1666666666666666,0.05,0.8916666666666666
ZENODO_10369064,clarithromycin,1138,44,19,23,2,0,1.0,0.92,0.0,0.08,0.96
ZENODO_10369064,clarithromycin,1139,44,14,27,1,2,0.875,0.9642857142857143,0.125,0.03571428571428571,0.9196428571428572
ZENODO_10369064,clarithromycin,1140,44,22,20,0,2,0.9166666666666666,1.0,0.0833333333333333,0.0,0.9583333333333331
ZENODO_10369064,clarithromycin,1141,44,17,27,0,0,1.0,1.0,0.0,0.0,1.0
ZENODO_10369064,clarithromycin,1142,44,24,17,1,2,0.9230769230769231,0.9444444444444444,0.0769230769230769,0.05555555555555555,0.9337606837606838
ZENODO_10369064,clarithromycin,1143,44,17,23,0,4,0.8095238095238095,1.0,0.1904761904761904,0.0,0.9047619047619048
ZENODO_10369064,clarithromycin,1144,44,16,23,1,4,0.8,0.9583333333333334,0.2,0.041666666666666664,0.8791666666666667
ZENODO_10369064,clarithromycin,1145,44,20,20,1,3,0.8695652173913043,0.9523809523809523,0.1304347826086956,0.047619047619047616,0.9109730848861284
ZENODO_10369064,clarithromycin,1146,44,20,19,2,3,0.8695652173913043,0.9047619047619048,0.1304347826086956,0.09523809523809523,0.8871635610766045
ZENODO_10369064,clarithromycin,1147,44,16,26,1,1,0.9411764705882353,0.9629629629629629,0.0588235294117647,0.037037037037037035,0.9520697167755992
ZENODO_10369064,clarithromycin,1148,44,13,29,0,2,0.8666666666666667,1.0,0.1333333333333333,0.0,0.9333333333333332
ZENODO_10369064,clarithromycin,1149,44,21,22,0,1,0.9545454545454546,1.0,0.0454545454545454,0.0,0.9772727272727272
ZENODO_10369064,clarithromycin,1150,44,15,24,1,4,0.7894736842105263,0.96,0.2105263157894736,0.04,0.8747368421052631
ZENODO_10369064,clarithromycin,1151,44,16,24,0,4,0.8,1.0,0.2,0.0,0.9
ZENODO_10369064,clarithromycin,1152,44,17,26,1,0,1.0,0.9629629629629629,0.0,0.037037037037037035,0.9814814814814814
ZENODO_10369064,clarithromycin,1153,44,17,23,2,2,0.8947368421052632,0.92,0.1052631578947368,0.08,0.9073684210526316
ZENODO_10369064,clarithromycin,1154,44,14,29,0,1,0.9333333333333333,1.0,0.0666666666666666,0.0,0.9666666666666668
ZENODO_10369064,clarithromycin,1155,44,16,25,0,3,0.8421052631578947,1.0,0.1578947368421052,0.0,0.9210526315789472
ZENODO_10369064,clarithromycin,1156,44,15,24,3,2,0.8823529411764706,0.8888888888888888,0.1176470588235294,0.1111111111111111,0.8856209150326797
ZENODO_10369064,clarithromycin,1157,44,19,24,1,0,1.0,0.96,0.0,0.04,0.98
ZENODO_10369064,clarithromycin,1158,44,14,25,2,3,0.8235294117647058,0.9259259259259259,0.1764705882352941,0.07407407407407407,0.8747276688453158
ZENODO_10369064,clarithromycin,1159,44,18,22,1,3,0.8571428571428571,0.9565217391304348,0.1428571428571428,0.043478260869565216,0.906832298136646
ZENODO_10369064,clarithromycin,1160,44,20,19,3,2,0.9090909090909091,0.8636363636363636,0.0909090909090909,0.13636363636363635,0.8863636363636364
ZENODO_10369064,clarithromycin,1161,44,15,24,1,4,0.7894736842105263,0.96,0.2105263157894736,0.04,0.8747368421052631
ZENODO_10369064,clarithromycin,1162,44,20,21,1,2,0.9090909090909091,0.9545454545454546,0.0909090909090909,0.045454545454545456,0.931818181818182
ZENODO_10369064,clarithromycin,1163,44,19,17,3,5,0.7916666666666666,0.85,0.2083333333333333,0.15,0.8208333333333333
ZENODO_10369064,clarithromycin,1164,44,21,20,0,3,0.875,1.0,0.125,0.0,0.9375
ZENODO_10369064,clarithromycin,1165,44,19,19,2,4,0.8260869565217391,0.9047619047619048,0.1739130434782608,0.09523809523809523,0.865424430641822
ZENODO_10369064,clarithromycin,1166,44,18,24,0,2,0.9,1.0,0.1,0.0,0.95
ZENODO_10369064,clarithromycin,1167,44,19,20,1,4,0.8260869565217391,0.9523809523809523,0.1739130434782608,0.047619047619047616,0.8892339544513457
ZENODO_10369064,clarithromycin,1168,44,16,24,2,2,0.8888888888888888,0.9230769230769231,0.1111111111111111,0.07692307692307693,0.905982905982906
ZENODO_10369064,clarithromycin,1169,44,17,24,1,2,0.8947368421052632,0.96,0.1052631578947368,0.04,0.9273684210526316
ZENODO_10369064,clarithromycin,1170,44,16,28,0,0,1.0,1.0,0.0,0.0,1.0
ZENODO_10369064,clarithromycin,1171,44,15,23,2,4,0.7894736842105263,0.92,0.2105263157894736,0.08,0.8547368421052632
ZENODO_10369064,clarithromycin,1172,44,20,21,3,0,1.0,0.875,0.0,0.125,0.9375
ZENODO_10369064,clarithromycin,1173,44,24,18,1,1,0.96,0.9473684210526315,0.04,0.05263157894736842,0.9536842105263156
ZENODO_10369064,clarithromycin,1174,44,20,22,1,1,0.9523809523809523,0.9565217391304348,0.0476190476190476,0.043478260869565216,0.9544513457556936
ZENODO_10369064,clarithromycin,1175,44,23,14,0,7,0.7666666666666667,1.0,0.2333333333333333,0.0,0.8833333333333333
ZENODO_10369064,clarithromycin,1176,44,15,27,1,1,0.9375,0.9642857142857143,0.0625,0.03571428571428571,0.9508928571428572
ZENODO_10369064,clarithromycin,1177,44,15,25,3,1,0.9375,0.8928571428571429,0.0625,0.10714285714285714,0.9151785714285714
ZENODO_10369064,clarithromycin,1178,44,21,21,1,1,0.9545454545454546,0.9545454545454546,0.0454545454545454,0.045454545454545456,0.9545454545454546
ZENODO_10369064,clarithromycin,1179,44,23,18,1,2,0.92,0.9473684210526315,0.08,0.05263157894736842,0.9336842105263158
ZENODO_10369064,clarithromycin,1180,44,22,17,1,4,0.8461538461538461,0.9444444444444444,0.1538461538461538,0.05555555555555555,0.8952991452991452
ZENODO_10369064,clarithromycin,1181,44,16,22,0,6,0.7272727272727273,1.0,0.2727272727272727,0.0,0.8636363636363636
ZENODO_10369064,clarithromycin,1182,44,14,28,0,2,0.875,1.0,0.125,0.0,0.9375
ZENODO_10369064,clarithromycin,1183,44,18,22,2,2,0.9,0.9166666666666666,0.1,0.08333333333333333,0.9083333333333332
ZENODO_10369064,clarithromycin,1184,44,21,20,0,3,0.875,1.0,0.125,0.0,0.9375
ZENODO_10369064,clarithromycin,1185,44,17,24,1,2,0.8947368421052632,0.96,0.1052631578947368,0.04,0.9273684210526316
ZENODO_10369064,clarithromycin,1186,44,15,27,0,2,0.8823529411764706,1.0,0.1176470588235294,0.0,0.9411764705882352
ZENODO_10369064,clarithromycin,1187,44,19,22,0,3,0.8636363636363636,1.0,0.1363636363636363,0.0,0.931818181818182
ZENODO_10369064,clarithromycin,1188,44,17,25,0,2,0.8947368421052632,1.0,0.1052631578947368,0.0,0.9473684210526316
ZENODO_10369064,clarithromycin,1189,44,16,24,0,4,0.8,1.0,0.2,0.0,0.9
ZENODO_10369064,clarithromycin,1190,44,19,21,2,2,0.9047619047619048,0.9130434782608695,0.0952380952380952,0.08695652173913043,0.9089026915113873
ZENODO_10369064,clarithromycin,1191,44,20,21,1,2,0.9090909090909091,0.9545454545454546,0.0909090909090909,0.045454545454545456,0.931818181818182
ZENODO_10369064,clarithromycin,1192,44,22,20,0,2,0.9166666666666666,1.0,0.0833333333333333,0.0,0.9583333333333331
ZENODO_10369064,clarithromycin,1193,44,19,20,1,4,0.8260869565217391,0.9523809523809523,0.1739130434782608,0.047619047619047616,0.8892339544513457
ZENODO_10369064,clarithromycin,1194,44,17,24,1,2,0.8947368421052632,0.96,0.1052631578947368,0.04,0.9273684210526316
ZENODO_10369064,clarithromycin,1195,44,18,19,0,7,0.72,1.0,0.28,0.0,0.86
ZENODO_10369064,clarithromycin,1196,44,11,25,5,3,0.7857142857142857,0.8333333333333334,0.2142857142857142,0.16666666666666666,0.8095238095238095
ZENODO_10369064,clarithromycin,1197,44,14,29,0,1,0.9333333333333333,1.0,0.0666666666666666,0.0,0.9666666666666668
ZENODO_10369064,clarithromycin,1198,44,19,22,3,0,1.0,0.88,0.0,0.12,0.94
ZENODO_10369064,clarithromycin,1199,44,17,23,0,4,0.8095238095238095,1.0,0.1904761904761904,0.0,0.9047619047619048
ZENODO_10369064,clarithromycin,1200,44,19,25,0,0,1.0,1.0,0.0,0.0,1.0
ZENODO_10369064,clarithromycin,1201,44,24,17,1,2,0.9230769230769231,0.9444444444444444,0.0769230769230769,0.05555555555555555,0.9337606837606838
ZENODO_10369064,clarithromycin,1202,44,17,21,3,3,0.85,0.875,0.15,0.125,0.8625
ZENODO_10369064,clarithromycin,1203,44,16,27,0,1,0.9411764705882353,1.0,0.0588235294117647,0.0,0.9705882352941176
ZENODO_10369064,clarithromycin,1204,44,23,19,1,1,0.9583333333333334,0.95,0.0416666666666666,0.05,0.9541666666666666
ZENODO_10369064,clarithromycin,1205,44,16,23,0,5,0.7619047619047619,1.0,0.238095238095238,0.0,0.8809523809523809
ZENODO_10369064,clarithromycin,1206,44,12,30,0,2,0.8571428571428571,1.0,0.1428571428571428,0.0,0.9285714285714286
ZENODO_10369064,clarithromycin,1207,44,14,28,1,1,0.9333333333333333,0.9655172413793104,0.0666666666666666,0.034482758620689655,0.9494252873563218
ZENODO_10369064,clarithromycin,1208,44,17,22,1,4,0.8095238095238095,0.9565217391304348,0.1904761904761904,0.043478260869565216,0.8830227743271222
ZENODO_10369064,clarithromycin,1209,44,18,24,1,1,0.9473684210526315,0.96,0.0526315789473684,0.04,0.9536842105263156
ZENODO_10369064,clarithromycin,1210,44,19,19,2,4,0.8260869565217391,0.9047619047619048,0.1739130434782608,0.09523809523809523,0.865424430641822
ZENODO_10369064,clarithromycin,1211,44,19,21,3,1,0.95,0.875,0.05,0.125,0.9125
ZENODO_10369064,clarithromycin,1212,44,24,19,0,1,0.96,1.0,0.04,0.0,0.98
ZENODO_10369064,clarithromycin,1213,44,17,25,1,1,0.9444444444444444,0.9615384615384616,0.0555555555555555,0.038461538461538464,0.9529914529914528
ZENODO_10369064,clarithromycin,1214,44,19,23,0,2,0.9047619047619048,1.0,0.0952380952380952,0.0,0.9523809523809524
ZENODO_10369064,clarithromycin,1215,44,22,19,0,3,0.88,1.0,0.12,0.0,0.94
ZENODO_10369064,clarithromycin,1216,44,23,19,2,0,1.0,0.9047619047619048,0.0,0.09523809523809523,0.9523809523809524
ZENODO_10369064,clarithromycin,1217,44,16,26,1,1,0.9411764705882353,0.9629629629629629,0.0588235294117647,0.037037037037037035,0.9520697167755992
ZENODO_10369064,clarithromycin,1218,44,16,25,0,3,0.8421052631578947,1.0,0.1578947368421052,0.0,0.9210526315789472
ZENODO_10369064,clarithromycin,1219,44,14,28,1,1,0.9333333333333333,0.9655172413793104,0.0666666666666666,0.034482758620689655,0.9494252873563218
ZENODO_10369064,clarithromycin,1220,44,17,26,1,0,1.0,0.9629629629629629,0.0,0.037037037037037035,0.9814814814814814
ZENODO_10369064,clarithromycin,1221,44,19,23,0,2,0.9047619047619048,1.0,0.0952380952380952,0.0,0.9523809523809524
ZENODO_10369064,clarithromycin,1222,44,23,17,2,2,0.92,0.8947368421052632,0.08,0.10526315789473684,0.9073684210526316
ZENODO_10369064,clarithromycin,1223,44,23,17,2,2,0.92,0.8947368421052632,0.08,0.10526315789473684,0.9073684210526316
ZENODO_10369064,clarithromycin,1224,44,16,23,2,3,0.8421052631578947,0.92,0.1578947368421052,0.08,0.8810526315789473
ZENODO_10369064,clarithromycin,1225,44,18,23,0,3,0.8571428571428571,1.0,0.1428571428571428,0.0,0.9285714285714286
ZENODO_10369064,clarithromycin,1226,44,19,22,2,1,0.95,0.9166666666666666,0.05,0.08333333333333333,0.9333333333333332
ZENODO_10369064,clarithromycin,1227,44,21,20,1,2,0.9130434782608695,0.9523809523809523,0.0869565217391304,0.047619047619047616,0.9327122153209108
ZENODO_10369064,clarithromycin,1228,44,22,22,0,0,1.0,1.0,0.0,0.0,1.0
ZENODO_10369064,clarithromycin,1229,44,20,23,0,1,0.9523809523809523,1.0,0.0476190476190476,0.0,0.9761904761904762
ZENODO_10369064,clarithromycin,1230,44,18,21,0,5,0.782608695652174,1.0,0.217391304347826,0.0,0.8913043478260869
ZENODO_10369064,clarithromycin,1231,44,20,21,1,2,0.9090909090909091,0.9545454545454546,0.0909090909090909,0.045454545454545456,0.931818181818182
ZENODO_10369064,clarithromycin,1232,44,16,23,0,5,0.7619047619047619,1.0,0.238095238095238,0.0,0.8809523809523809
ZENODO_10369064,clarithromycin,1233,44,18,24,0,2,0.9,1.0,0.1,0.0,0.95
ZENODO_10369064,clarithromycin,1234,44,18,23,0,3,0.8571428571428571,1.0,0.1428571428571428,0.0,0.9285714285714286
ZENODO_10369064,clarithromycin,1235,44,14,22,3,5,0.7368421052631579,0.88,0.2631578947368421,0.12,0.8084210526315789
ZENODO_10369064,clarithromycin,1236,44,20,22,0,2,0.9090909090909091,1.0,0.0909090909090909,0.0,0.9545454545454546
ZENODO_10369064,clarithromycin,1237,44,16,26,0,2,0.8888888888888888,1.0,0.1111111111111111,0.0,0.9444444444444444
ZENODO_10369064,clarithromycin,1238,44,18,25,1,0,1.0,0.9615384615384616,0.0,0.038461538461538464,0.9807692307692308
ZENODO_10369064,clarithromycin,1239,44,16,27,1,0,1.0,0.9642857142857143,0.0,0.03571428571428571,0.9821428571428572
ZENODO_10369064,clarithromycin,1240,44,22,21,0,1,0.9565217391304348,1.0,0.0434782608695652,0.0,0.9782608695652174
ZENODO_10369064,clarithromycin,1241,44,21,20,1,2,0.9130434782608695,0.9523809523809523,0.0869565217391304,0.047619047619047616,0.9327122153209108
ZENODO_10369064,clarithromycin,1242,44,19,24,0,1,0.95,1.0,0.05,0.0,0.975
ZENODO_10369064,clarithromycin,1243,44,20,20,0,4,0.8333333333333334,1.0,0.1666666666666666,0.0,0.9166666666666669
ZENODO_10369064,clarithromycin,1244,44,20,21,1,2,0.9090909090909091,0.9545454545454546,0.0909090909090909,0.045454545454545456,0.931818181818182
ZENODO_10369064,clarithromycin,1245,44,21,22,0,1,0.9545454545454546,1.0,0.0454545454545454,0.0,0.9772727272727272
ZENODO_10369064,clarithromycin,1246,44,18,24,1,1,0.9473684210526315,0.96,0.0526315789473684,0.04,0.9536842105263156
ZENODO_10369064,clarithromycin,1247,44,18,24,1,1,0.9473684210526315,0.96,0.0526315789473684,0.04,0.9536842105263156
ZENODO_10369064,clarithromycin,1248,44,18,26,0,0,1.0,1.0,0.0,0.0,1.0
ZENODO_10369064,clarithromycin,1249,44,21,20,3,0,1.0,0.8695652173913043,0.0,0.13043478260869565,0.934782608695652
ZENODO_10369064,clarithromycin,1250,44,20,24,0,0,1.0,1.0,0.0,0.0,1.0
ZENODO_10369064,clarithromycin,1251,44,11,29,2,2,0.8461538461538461,0.9354838709677419,0.1538461538461538,0.06451612903225806,0.890818858560794
ZENODO_10369064,clarithromycin,1252,44,17,24,1,2,0.8947368421052632,0.96,0.1052631578947368,0.04,0.9273684210526316
ZENODO_10369064,clarithromycin,1253,44,16,26,0,2,0.8888888888888888,1.0,0.1111111111111111,0.0,0.9444444444444444
ZENODO_10369064,clarithromycin,1254,44,14,26,0,4,0.7777777777777778,1.0,0.2222222222222222,0.0,0.8888888888888888
ZENODO_10369064,clarithromycin,1255,44,16,26,0,2,0.8888888888888888,1.0,0.1111111111111111,0.0,0.9444444444444444
ZENODO_10369064,clarithromycin,1256,44,16,24,0,4,0.8,1.0,0.2,0.0,0.9
ZENODO_10369064,clarithromycin,1257,44,18,25,0,1,0.9473684210526315,1.0,0.0526315789473684,0.0,0.9736842105263156
ZENODO_10369064,clarithromycin,1258,44,21,21,1,1,0.9545454545454546,0.9545454545454546,0.0454545454545454,0.045454545454545456,0.9545454545454546
ZENODO_10369064,clarithromycin,1259,44,18,24,2,0,1.0,0.9230769230769231,0.0,0.07692307692307693,0.9615384615384616
ZENODO_10369064,clarithromycin,1260,44,20,22,0,2,0.9090909090909091,1.0,0.0909090909090909,0.0,0.9545454545454546
ZENODO_10369064,clarithromycin,1261,44,20,22,0,2,0.9090909090909091,1.0,0.0909090909090909,0.0,0.9545454545454546
ZENODO_10369064,clarithromycin,1262,44,12,28,1,3,0.8,0.9655172413793104,0.2,0.034482758620689655,0.8827586206896552
ZENODO_10369064,clarithromycin,1263,44,20,21,1,2,0.9090909090909091,0.9545454545454546,0.0909090909090909,0.045454545454545456,0.931818181818182
ZENODO_10369064,clarithromycin,1264,44,21,21,1,1,0.9545454545454546,0.9545454545454546,0.0454545454545454,0.045454545454545456,0.9545454545454546
ZENODO_10369064,clarithromycin,1265,44,18,24,1,1,0.9473684210526315,0.96,0.0526315789473684,0.04,0.9536842105263156
ZENODO_10369064,clarithromycin,1266,44,18,22,3,1,0.9473684210526315,0.88,0.0526315789473684,0.12,0.9136842105263158
ZENODO_10369064,clarithromycin,1267,44,24,18,0,2,0.9230769230769231,1.0,0.0769230769230769,0.0,0.9615384615384616
ZENODO_10369064,clarithromycin,1268,44,20,18,3,3,0.8695652173913043,0.8571428571428571,0.1304347826086956,0.14285714285714285,0.8633540372670807
ZENODO_10369064,clarithromycin,1269,44,16,23,1,4,0.8,0.9583333333333334,0.2,0.041666666666666664,0.8791666666666667
ZENODO_10369064,clarithromycin,1270,44,19,22,1,2,0.9047619047619048,0.9565217391304348,0.0952380952380952,0.043478260869565216,0.9306418219461698
ZENODO_10369064,clarithromycin,1271,44,16,24,3,1,0.9411764705882353,0.8888888888888888,0.0588235294117647,0.1111111111111111,0.915032679738562
ZENODO_10369064,clarithromycin,1272,44,11,29,1,3,0.7857142857142857,0.9666666666666667,0.2142857142857142,0.03333333333333333,0.8761904761904762
ZENODO_10369064,clarithromycin,1273,44,17,26,0,1,0.9444444444444444,1.0,0.0555555555555555,0.0,0.9722222222222222
ZENODO_10369064,clarithromycin,1274,44,19,22,0,3,0.8636363636363636,1.0,0.1363636363636363,0.0,0.931818181818182
ZENODO_10369064,clarithromycin,1275,44,16,25,1,2,0.8888888888888888,0.9615384615384616,0.1111111111111111,0.038461538461538464,0.9252136752136751
ZENODO_10369064,clarithromycin,1276,44,18,23,2,1,0.9473684210526315,0.92,0.0526315789473684,0.08,0.9336842105263158
ZENODO_10369064,clarithromycin,1277,44,25,18,0,1,0.9615384615384616,1.0,0.0384615384615384,0.0,0.9807692307692308
ZENODO_10369064,clarithromycin,1278,44,22,16,3,3,0.88,0.8421052631578947,0.12,0.15789473684210525,0.8610526315789473
ZENODO_10369064,clarithromycin,1279,44,16,24,1,3,0.8421052631578947,0.96,0.1578947368421052,0.04,0.9010526315789472
ZENODO_10369064,clarithromycin,1280,44,21,16,5,2,0.9130434782608695,0.7619047619047619,0.0869565217391304,0.23809523809523808,0.8374741200828157
ZENODO_10369064,clarithromycin,1281,44,16,23,2,3,0.8421052631578947,0.92,0.1578947368421052,0.08,0.8810526315789473
ZENODO_10369064,clarithromycin,1282,44,17,21,1,5,0.7727272727272727,0.9545454545454546,0.2272727272727272,0.045454545454545456,0.8636363636363636
ZENODO_10369064,clarithromycin,1283,44,12,29,1,2,0.8571428571428571,0.9666666666666667,0.1428571428571428,0.03333333333333333,0.911904761904762
ZENODO_10369064,clarithromycin,1284,44,11,27,1,5,0.6875,0.9642857142857143,0.3125,0.03571428571428571,0.8258928571428572
ZENODO_10369064,clarithromycin,1285,44,21,21,1,1,0.9545454545454546,0.9545454545454546,0.0454545454545454,0.045454545454545456,0.9545454545454546
ZENODO_10369064,clarithromycin,1286,44,23,18,1,2,0.92,0.9473684210526315,0.08,0.05263157894736842,0.9336842105263158
ZENODO_10369064,clarithromycin,1287,44,23,18,0,3,0.8846153846153846,1.0,0.1153846153846153,0.0,0.9423076923076924
ZENODO_10369064,clarithromycin,1288,44,17,23,2,2,0.8947368421052632,0.92,0.1052631578947368,0.08,0.9073684210526316
ZENODO_10369064,clarithromycin,1289,44,16,25,1,2,0.8888888888888888,0.9615384615384616,0.1111111111111111,0.038461538461538464,0.9252136752136751
ZENODO_10369064,clarithromycin,1290,44,16,25,1,2,0.8888888888888888,0.9615384615384616,0.1111111111111111,0.038461538461538464,0.9252136752136751
ZENODO_10369064,clarithromycin,1291,44,13,29,0,2,0.8666666666666667,1.0,0.1333333333333333,0.0,0.9333333333333332
ZENODO_10369064,clarithromycin,1292,44,18,24,2,0,1.0,0.9230769230769231,0.0,0.07692307692307693,0.9615384615384616
ZENODO_10369064,clarithromycin,1293,44,12,29,1,2,0.8571428571428571,0.9666666666666667,0.1428571428571428,0.03333333333333333,0.911904761904762
ZENODO_10369064,clarithromycin,1294,44,16,27,1,0,1.0,0.9642857142857143,0.0,0.03571428571428571,0.9821428571428572
ZENODO_10369064,clarithromycin,1295,44,17,24,2,1,0.9444444444444444,0.9230769230769231,0.0555555555555555,0.07692307692307693,0.9337606837606838
ZENODO_10369064,clarithromycin,1296,44,21,20,0,3,0.875,1.0,0.125,0.0,0.9375
ZENODO_10369064,clarithromycin,1297,44,22,21,0,1,0.9565217391304348,1.0,0.0434782608695652,0.0,0.9782608695652174
ZENODO_10369064,clarithromycin,1298,44,18,23,2,1,0.9473684210526315,0.92,0.0526315789473684,0.08,0.9336842105263158
ZENODO_10369064,clarithromycin,1299,44,12,29,2,1,0.9230769230769231,0.9354838709677419,0.0769230769230769,0.06451612903225806,0.9292803970223324
ZENODO_10369064,clarithromycin,1300,44,22,18,1,3,0.88,0.9473684210526315,0.12,0.05263157894736842,0.9136842105263158
ZENODO_10369064,clarithromycin,1301,44,12,29,0,3,0.8,1.0,0.2,0.0,0.9
ZENODO_10369064,clarithromycin,1302,44,19,22,0,3,0.8636363636363636,1.0,0.1363636363636363,0.0,0.931818181818182
ZENODO_10369064,clarithromycin,1303,44,17,23,2,2,0.8947368421052632,0.92,0.1052631578947368,0.08,0.9073684210526316
ZENODO_10369064,clarithromycin,1304,44,20,19,4,1,0.9523809523809523,0.8260869565217391,0.0476190476190476,0.17391304347826086,0.8892339544513457
ZENODO_10369064,clarithromycin,1305,44,17,25,1,1,0.9444444444444444,0.9615384615384616,0.0555555555555555,0.038461538461538464,0.9529914529914528
ZENODO_10369064,clarithromycin,1306,44,13,30,0,1,0.9285714285714286,1.0,0.0714285714285714,0.0,0.9642857142857144
ZENODO_10369064,clarithromycin,1307,44,18,25,0,1,0.9473684210526315,1.0,0.0526315789473684,0.0,0.9736842105263156
ZENODO_10369064,clarithromycin,1308,44,17,23,2,2,0.8947368421052632,0.92,0.1052631578947368,0.08,0.9073684210526316
ZENODO_10369064,clarithromycin,1309,44,9,31,1,3,0.75,0.96875,0.25,0.03125,0.859375
ZENODO_10369064,clarithromycin,1310,44,14,28,1,1,0.9333333333333333,0.9655172413793104,0.0666666666666666,0.034482758620689655,0.9494252873563218
ZENODO_10369064,clarithromycin,1311,44,19,24,0,1,0.95,1.0,0.05,0.0,0.975
ZENODO_10369064,clarithromycin,1312,44,20,20,0,4,0.8333333333333334,1.0,0.1666666666666666,0.0,0.9166666666666669
ZENODO_10369064,clarithromycin,1313,44,19,22,1,2,0.9047619047619048,0.9565217391304348,0.0952380952380952,0.043478260869565216,0.9306418219461698
ZENODO_10369064,clarithromycin,1314,44,14,28,0,2,0.875,1.0,0.125,0.0,0.9375
ZENODO_10369064,clarithromycin,1315,44,16,24,0,4,0.8,1.0,0.2,0.0,0.9
ZENODO_10369064,clarithromycin,1316,44,14,25,0,5,0.7368421052631579,1.0,0.2631578947368421,0.0,0.868421052631579
ZENODO_10369064,clarithromycin,1317,44,17,22,3,2,0.8947368421052632,0.88,0.1052631578947368,0.12,0.8873684210526316
ZENODO_10369064,clarithromycin,1318,44,23,19,1,1,0.9583333333333334,0.95,0.0416666666666666,0.05,0.9541666666666666
ZENODO_10369064,clarithromycin,1319,44,16,26,1,1,0.9411764705882353,0.9629629629629629,0.0588235294117647,0.037037037037037035,0.9520697167755992
ZENODO_10369064,clarithromycin,1320,44,16,24,3,1,0.9411764705882353,0.8888888888888888,0.0588235294117647,0.1111111111111111,0.915032679738562
ZENODO_10369064,clarithromycin,1321,44,19,22,1,2,0.9047619047619048,0.9565217391304348,0.0952380952380952,0.043478260869565216,0.9306418219461698
ZENODO_10369064,clarithromycin,1322,44,18,25,0,1,0.9473684210526315,1.0,0.0526315789473684,0.0,0.9736842105263156
ZENODO_10369064,clarithromycin,1323,44,19,22,1,2,0.9047619047619048,0.9565217391304348,0.0952380952380952,0.043478260869565216,0.9306418219461698
ZENODO_10369064,clarithromycin,1324,44,14,30,0,0,1.0,1.0,0.0,0.0,1.0
ZENODO_10369064,clarithromycin,1325,44,15,25,2,2,0.8823529411764706,0.9259259259259259,0.1176470588235294,0.07407407407407407,0.9041394335511984
ZENODO_10369064,clarithromycin,1326,44,21,22,0,1,0.9545454545454546,1.0,0.0454545454545454,0.0,0.9772727272727272
ZENODO_10369064,clarithromycin,1327,44,19,21,2,2,0.9047619047619048,0.9130434782608695,0.0952380952380952,0.08695652173913043,0.9089026915113873
ZENODO_10369064,clarithromycin,1328,44,14,25,4,1,0.9333333333333333,0.8620689655172413,0.0666666666666666,0.13793103448275862,0.8977011494252873
ZENODO_10369064,clarithromycin,1329,44,14,25,3,2,0.875,0.8928571428571429,0.125,0.10714285714285714,0.8839285714285714
ZENODO_10369064,clarithromycin,1330,44,23,16,1,4,0.8518518518518519,0.9411764705882353,0.1481481481481481,0.058823529411764705,0.8965141612200436
ZENODO_10369064,clarithromycin,1331,44,16,21,0,7,0.6956521739130435,1.0,0.3043478260869565,0.0,0.8478260869565217
ZENODO_10369064,clarithromycin,1332,44,18,23,1,2,0.9,0.9583333333333334,0.1,0.041666666666666664,0.9291666666666668
ZENODO_10369064,clarithromycin,1333,44,16,24,1,3,0.8421052631578947,0.96,0.1578947368421052,0.04,0.9010526315789472
ZENODO_10369064,clarithromycin,1334,44,20,20,0,4,0.8333333333333334,1.0,0.1666666666666666,0.0,0.9166666666666669
ZENODO_10369064,clarithromycin,1335,44,13,29,1,1,0.9285714285714286,0.9666666666666667,0.0714285714285714,0.03333333333333333,0.9476190476190476
ZENODO_10369064,clarithromycin,1336,44,15,25,0,4,0.7894736842105263,1.0,0.2105263157894736,0.0,0.8947368421052632
ZENODO_10369064,clarithromycin,1337,44,20,21,1,2,0.9090909090909091,0.9545454545454546,0.0909090909090909,0.045454545454545456,0.931818181818182
ZENODO_10369064,clarithromycin,1338,44,17,22,1,4,0.8095238095238095,0.9565217391304348,0.1904761904761904,0.043478260869565216,0.8830227743271222
ZENODO_10369064,clarithromycin,1339,44,23,15,4,2,0.92,0.7894736842105263,0.08,0.21052631578947367,0.8547368421052632
ZENODO_10369064,clarithromycin,1340,44,21,20,0,3,0.875,1.0,0.125,0.0,0.9375
ZENODO_10369064,clarithromycin,1341,44,19,20,3,2,0.9047619047619048,0.8695652173913043,0.0952380952380952,0.13043478260869565,0.8871635610766045
ZENODO_10369064,clarithromycin,1342,44,15,24,0,5,0.75,1.0,0.25,0.0,0.875
ZENODO_10369064,clarithromycin,1343,44,19,24,0,1,0.95,1.0,0.05,0.0,0.975
ZENODO_10369064,clarithromycin,1344,44,17,26,0,1,0.9444444444444444,1.0,0.0555555555555555,0.0,0.9722222222222222
ZENODO_10369064,clarithromycin,1345,44,11,30,2,1,0.9166666666666666,0.9375,0.0833333333333333,0.0625,0.9270833333333331
ZENODO_10369064,clarithromycin,1346,44,17,24,2,1,0.9444444444444444,0.9230769230769231,0.0555555555555555,0.07692307692307693,0.9337606837606838
ZENODO_10369064,clarithromycin,1347,44,18,25,0,1,0.9473684210526315,1.0,0.0526315789473684,0.0,0.9736842105263156
ZENODO_10369064,clarithromycin,1348,44,22,19,2,1,0.9565217391304348,0.9047619047619048,0.0434782608695652,0.09523809523809523,0.9306418219461698
ZENODO_10369064,clarithromycin,1349,44,18,24,2,0,1.0,0.9230769230769231,0.0,0.07692307692307693,0.9615384615384616
ZENODO_10369064,clarithromycin,1350,44,16,24,1,3,0.8421052631578947,0.96,0.1578947368421052,0.04,0.9010526315789472
ZENODO_10369064,clarithromycin,1351,44,21,20,1,2,0.9130434782608695,0.9523809523809523,0.0869565217391304,0.047619047619047616,0.9327122153209108
ZENODO_10369064,clarithromycin,1352,44,17,24,1,2,0.8947368421052632,0.96,0.1052631578947368,0.04,0.9273684210526316
ZENODO_10369064,clarithromycin,1353,44,13,27,3,1,0.9285714285714286,0.9,0.0714285714285714,0.1,0.9142857142857144
ZENODO_10369064,clarithromycin,1354,44,14,28,1,1,0.9333333333333333,0.9655172413793104,0.0666666666666666,0.034482758620689655,0.9494252873563218
ZENODO_10369064,clarithromycin,1355,44,21,23,0,0,1.0,1.0,0.0,0.0,1.0
ZENODO_10369064,clarithromycin,1356,44,17,19,3,5,0.7727272727272727,0.8636363636363636,0.2272727272727272,0.13636363636363635,0.8181818181818181
ZENODO_10369064,clarithromycin,1357,44,20,23,0,1,0.9523809523809523,1.0,0.0476190476190476,0.0,0.9761904761904762
ZENODO_10369064,clarithromycin,1358,44,15,28,0,1,0.9375,1.0,0.0625,0.0,0.96875
ZENODO_10369064,clarithromycin,1359,44,21,20,1,2,0.9130434782608695,0.9523809523809523,0.0869565217391304,0.047619047619047616,0.9327122153209108
ZENODO_10369064,clarithromycin,1360,44,18,25,0,1,0.9473684210526315,1.0,0.0526315789473684,0.0,0.9736842105263156
ZENODO_10369064,clarithromycin,1361,44,24,16,2,2,0.9230769230769231,0.8888888888888888,0.0769230769230769,0.1111111111111111,0.905982905982906
ZENODO_10369064,clarithromycin,1362,44,15,25,0,4,0.7894736842105263,1.0,0.2105263157894736,0.0,0.8947368421052632
ZENODO_10369064,clarithromycin,1363,44,17,23,3,1,0.9444444444444444,0.8846153846153846,0.0555555555555555,0.11538461538461539,0.9145299145299144
ZENODO_10369064,clarithromycin,1364,44,17,25,0,2,0.8947368421052632,1.0,0.1052631578947368,0.0,0.9473684210526316
ZENODO_10369064,clarithromycin,1365,44,13,26,2,3,0.8125,0.9285714285714286,0.1875,0.07142857142857142,0.8705357142857143
ZENODO_10369064,clarithromycin,1366,44,11,29,1,3,0.7857142857142857,0.9666666666666667,0.2142857142857142,0.03333333333333333,0.8761904761904762
ZENODO_10369064,clarithromycin,1367,44,24,18,0,2,0.9230769230769231,1.0,0.0769230769230769,0.0,0.9615384615384616
ZENODO_10369064,clarithromycin,1368,44,21,22,0,1,0.9545454545454546,1.0,0.0454545454545454,0.0,0.9772727272727272
ZENODO_10369064,clarithromycin,1369,44,22,21,0,1,0.9565217391304348,1.0,0.0434782608695652,0.0,0.9782608695652174
ZENODO_10369064,clarithromycin,1370,44,23,18,0,3,0.8846153846153846,1.0,0.1153846153846153,0.0,0.9423076923076924
ZENODO_10369064,clarithromycin,1371,44,19,24,1,0,1.0,0.96,0.0,0.04,0.98
ZENODO_10369064,clarithromycin,1372,44,16,24,2,2,0.8888888888888888,0.9230769230769231,0.1111111111111111,0.07692307692307693,0.905982905982906
ZENODO_10369064,clarithromycin,1373,44,11,28,2,3,0.7857142857142857,0.9333333333333333,0.2142857142857142,0.06666666666666667,0.8595238095238096
ZENODO_10369064,clarithromycin,1374,44,15,24,1,4,0.7894736842105263,0.96,0.2105263157894736,0.04,0.8747368421052631
ZENODO_10369064,clarithromycin,1375,44,19,22,0,3,0.8636363636363636,1.0,0.1363636363636363,0.0,0.931818181818182
ZENODO_10369064,clarithromycin,1376,44,9,31,3,1,0.9,0.9117647058823529,0.1,0.08823529411764706,0.9058823529411764
ZENODO_10369064,clarithromycin,1377,44,21,21,0,2,0.9130434782608695,1.0,0.0869565217391304,0.0,0.9565217391304348
ZENODO_10369064,clarithromycin,1378,44,21,21,0,2,0.9130434782608695,1.0,0.0869565217391304,0.0,0.9565217391304348
ZENODO_10369064,clarithromycin,1379,44,17,25,0,2,0.8947368421052632,1.0,0.1052631578947368,0.0,0.9473684210526316
ZENODO_10369064,clarithromycin,1380,44,21,21,1,1,0.9545454545454546,0.9545454545454546,0.0454545454545454,0.045454545454545456,0.9545454545454546
ZENODO_10369064,clarithromycin,1381,44,22,21,0,1,0.9565217391304348,1.0,0.0434782608695652,0.0,0.9782608695652174
ZENODO_10369064,clarithromycin,1382,44,13,28,2,1,0.9285714285714286,0.9333333333333333,0.0714285714285714,0.06666666666666667,0.930952380952381
ZENODO_10369064,clarithromycin,1383,44,18,23,1,2,0.9,0.9583333333333334,0.1,0.041666666666666664,0.9291666666666668
ZENODO_10369064,clarithromycin,1384,44,17,24,2,1,0.9444444444444444,0.9230769230769231,0.0555555555555555,0.07692307692307693,0.9337606837606838
ZENODO_10369064,clarithromycin,1385,44,15,24,1,4,0.7894736842105263,0.96,0.2105263157894736,0.04,0.8747368421052631
ZENODO_10369064,clarithromycin,1386,44,17,24,0,3,0.85,1.0,0.15,0.0,0.925
ZENODO_10369064,clarithromycin,1387,44,15,26,3,0,1.0,0.896551724137931,0.0,0.10344827586206896,0.9482758620689656
ZENODO_10369064,clarithromycin,1388,44,18,24,1,1,0.9473684210526315,0.96,0.0526315789473684,0.04,0.9536842105263156
ZENODO_10369064,clarithromycin,1389,44,20,22,2,0,1.0,0.9166666666666666,0.0,0.08333333333333333,0.9583333333333331
ZENODO_10369064,clarithromycin,1390,44,26,15,2,1,0.9629629629629629,0.8823529411764706,0.037037037037037,0.11764705882352941,0.9226579520697168
ZENODO_10369064,clarithromycin,1391,44,19,25,0,0,1.0,1.0,0.0,0.0,1.0
ZENODO_10369064,clarithromycin,1392,44,18,23,1,2,0.9,0.9583333333333334,0.1,0.041666666666666664,0.9291666666666668
ZENODO_10369064,clarithromycin,1393,44,18,21,1,4,0.8181818181818182,0.9545454545454546,0.1818181818181818,0.045454545454545456,0.8863636363636365
ZENODO_10369064,clarithromycin,1394,44,14,27,1,2,0.875,0.9642857142857143,0.125,0.03571428571428571,0.9196428571428572
ZENODO_10369064,clarithromycin,1395,44,17,25,1,1,0.9444444444444444,0.9615384615384616,0.0555555555555555,0.038461538461538464,0.9529914529914528
ZENODO_10369064,clarithromycin,1396,44,18,21,0,5,0.782608695652174,1.0,0.217391304347826,0.0,0.8913043478260869
ZENODO_10369064,clarithromycin,1397,44,12,29,1,2,0.8571428571428571,0.9666666666666667,0.1428571428571428,0.03333333333333333,0.911904761904762
ZENODO_10369064,clarithromycin,1398,44,17,24,1,2,0.8947368421052632,0.96,0.1052631578947368,0.04,0.9273684210526316
ZENODO_10369064,clarithromycin,1399,44,21,21,0,2,0.9130434782608695,1.0,0.0869565217391304,0.0,0.9565217391304348
ZENODO_10369064,clarithromycin,1400,44,15,25,2,2,0.8823529411764706,0.9259259259259259,0.1176470588235294,0.07407407407407407,0.9041394335511984
ZENODO_10369064,clarithromycin,1401,44,21,21,1,1,0.9545454545454546,0.9545454545454546,0.0454545454545454,0.045454545454545456,0.9545454545454546
ZENODO_10369064,clarithromycin,1402,44,24,17,1,2,0.9230769230769231,0.9444444444444444,0.0769230769230769,0.05555555555555555,0.9337606837606838
ZENODO_10369064,clarithromycin,1403,44,22,21,0,1,0.9565217391304348,1.0,0.0434782608695652,0.0,0.9782608695652174
ZENODO_10369064,clarithromycin,1404,44,18,25,0,1,0.9473684210526315,1.0,0.0526315789473684,0.0,0.9736842105263156
ZENODO_10369064,clarithromycin,1405,44,16,27,0,1,0.9411764705882353,1.0,0.0588235294117647,0.0,0.9705882352941176
ZENODO_10369064,clarithromycin,1406,44,21,19,3,1,0.9545454545454546,0.8636363636363636,0.0454545454545454,0.13636363636363635,0.9090909090909092
ZENODO_10369064,clarithromycin,1407,44,23,17,0,4,0.8518518518518519,1.0,0.1481481481481481,0.0,0.925925925925926
ZENODO_10369064,clarithromycin,1408,44,15,26,1,2,0.8823529411764706,0.9629629629629629,0.1176470588235294,0.037037037037037035,0.9226579520697168
ZENODO_10369064,clarithromycin,1409,44,20,22,1,1,0.9523809523809523,0.9565217391304348,0.0476190476190476,0.043478260869565216,0.9544513457556936
ZENODO_10369064,clarithromycin,1410,44,20,24,0,0,1.0,1.0,0.0,0.0,1.0
ZENODO_10369064,clarithromycin,1411,44,23,19,1,1,0.9583333333333334,0.95,0.0416666666666666,0.05,0.9541666666666666
ZENODO_10369064,clarithromycin,1412,44,17,27,0,0,1.0,1.0,0.0,0.0,1.0
ZENODO_10369064,clarithromycin,1413,44,19,25,0,0,1.0,1.0,0.0,0.0,1.0
ZENODO_10369064,clarithromycin,1414,44,16,25,1,2,0.8888888888888888,0.9615384615384616,0.1111111111111111,0.038461538461538464,0.9252136752136751
ZENODO_10369064,clarithromycin,1415,44,21,18,1,4,0.84,0.9473684210526315,0.16,0.05263157894736842,0.8936842105263157
ZENODO_10369064,clarithromycin,1416,44,18,23,0,3,0.8571428571428571,1.0,0.1428571428571428,0.0,0.9285714285714286
ZENODO_10369064,clarithromycin,1417,44,18,23,1,2,0.9,0.9583333333333334,0.1,0.041666666666666664,0.9291666666666668
ZENODO_10369064,clarithromycin,1418,44,15,23,3,3,0.8333333333333334,0.8846153846153846,0.1666666666666666,0.11538461538461539,0.858974358974359
ZENODO_10369064,clarithromycin,1419,44,20,20,2,2,0.9090909090909091,0.9090909090909091,0.0909090909090909,0.09090909090909091,0.9090909090909092
ZENODO_10369064,clarithromycin,1420,44,17,25,0,2,0.8947368421052632,1.0,0.1052631578947368,0.0,0.9473684210526316
ZENODO_10369064,clarithromycin,1421,44,15,25,2,2,0.8823529411764706,0.9259259259259259,0.1176470588235294,0.07407407407407407,0.9041394335511984
ZENODO_10369064,clarithromycin,1422,44,20,19,2,3,0.8695652173913043,0.9047619047619048,0.1304347826086956,0.09523809523809523,0.8871635610766045
ZENODO_10369064,clarithromycin,1423,44,20,20,1,3,0.8695652173913043,0.9523809523809523,0.1304347826086956,0.047619047619047616,0.9109730848861284
ZENODO_10369064,clarithromycin,1424,44,14,28,1,1,0.9333333333333333,0.9655172413793104,0.0666666666666666,0.034482758620689655,0.9494252873563218
ZENODO_10369064,clarithromycin,1425,44,17,23,2,2,0.8947368421052632,0.92,0.1052631578947368,0.08,0.9073684210526316
ZENODO_10369064,clarithromycin,1426,44,20,24,0,0,1.0,1.0,0.0,0.0,1.0
ZENODO_10369064,clarithromycin,1427,44,18,23,1,2,0.9,0.9583333333333334,0.1,0.041666666666666664,0.9291666666666668
ZENODO_10369064,clarithromycin,1428,44,12,31,0,1,0.9230769230769231,1.0,0.0769230769230769,0.0,0.9615384615384616
ZENODO_10369064,clarithromycin,1429,44,19,21,2,2,0.9047619047619048,0.9130434782608695,0.0952380952380952,0.08695652173913043,0.9089026915113873
ZENODO_10369064,clarithromycin,1430,44,14,27,1,2,0.875,0.9642857142857143,0.125,0.03571428571428571,0.9196428571428572
ZENODO_10369064,clarithromycin,1431,44,25,17,1,1,0.9615384615384616,0.9444444444444444,0.0384615384615384,0.05555555555555555,0.9529914529914528
ZENODO_10369064,clarithromycin,1432,44,12,27,2,3,0.8,0.9310344827586207,0.2,0.06896551724137931,0.8655172413793104
ZENODO_10369064,clarithromycin,1433,44,18,21,3,2,0.9,0.875,0.1,0.125,0.8875
ZENODO_10369064,clarithromycin,1434,44,23,19,1,1,0.9583333333333334,0.95,0.0416666666666666,0.05,0.9541666666666666
ZENODO_10369064,clarithromycin,1435,44,13,29,0,2,0.8666666666666667,1.0,0.1333333333333333,0.0,0.9333333333333332
ZENODO_10369064,clarithromycin,1436,44,22,19,0,3,0.88,1.0,0.12,0.0,0.94
ZENODO_10369064,clarithromycin,1437,44,10,30,1,3,0.7692307692307693,0.967741935483871,0.2307692307692307,0.03225806451612903,0.8684863523573201
ZENODO_10369064,clarithromycin,1438,44,23,19,0,2,0.92,1.0,0.08,0.0,0.96
ZENODO_10369064,clarithromycin,1439,44,18,24,2,0,1.0,0.9230769230769231,0.0,0.07692307692307693,0.9615384615384616
ZENODO_10369064,clarithromycin,1440,44,19,24,0,1,0.95,1.0,0.05,0.0,0.975
ZENODO_10369064,clarithromycin,1441,44,19,23,0,2,0.9047619047619048,1.0,0.0952380952380952,0.0,0.9523809523809524
ZENODO_10369064,clarithromycin,1442,44,19,21,1,3,0.8636363636363636,0.9545454545454546,0.1363636363636363,0.045454545454545456,0.9090909090909092
ZENODO_10369064,clarithromycin,1443,44,15,24,2,3,0.8333333333333334,0.9230769230769231,0.1666666666666666,0.07692307692307693,0.8782051282051282
ZENODO_10369064,clarithromycin,1444,44,18,20,1,5,0.782608695652174,0.9523809523809523,0.217391304347826,0.047619047619047616,0.8674948240165632
ZENODO_10369064,clarithromycin,1445,44,19,24,1,0,1.0,0.96,0.0,0.04,0.98
ZENODO_10369064,clarithromycin,1446,44,20,23,1,0,1.0,0.9583333333333334,0.0,0.041666666666666664,0.9791666666666669
ZENODO_10369064,clarithromycin,1447,44,22,18,1,3,0.88,0.9473684210526315,0.12,0.05263157894736842,0.9136842105263158
ZENODO_10369064,clarithromycin,1448,44,16,24,1,3,0.8421052631578947,0.96,0.1578947368421052,0.04,0.9010526315789472
ZENODO_10369064,clarithromycin,1449,44,13,28,0,3,0.8125,1.0,0.1875,0.0,0.90625
ZENODO_10369064,clarithromycin,1450,44,18,25,0,1,0.9473684210526315,1.0,0.0526315789473684,0.0,0.9736842105263156
ZENODO_10369064,clarithromycin,1451,44,15,27,0,2,0.8823529411764706,1.0,0.1176470588235294,0.0,0.9411764705882352
ZENODO_10369064,clarithromycin,1452,44,18,24,1,1,0.9473684210526315,0.96,0.0526315789473684,0.04,0.9536842105263156
ZENODO_10369064,clarithromycin,1453,44,15,25,0,4,0.7894736842105263,1.0,0.2105263157894736,0.0,0.8947368421052632
ZENODO_10369064,clarithromycin,1454,44,24,19,0,1,0.96,1.0,0.04,0.0,0.98
ZENODO_10369064,clarithromycin,1455,44,18,23,0,3,0.8571428571428571,1.0,0.1428571428571428,0.0,0.9285714285714286
ZENODO_10369064,clarithromycin,1456,44,18,24,1,1,0.9473684210526315,0.96,0.0526315789473684,0.04,0.9536842105263156
ZENODO_10369064,clarithromycin,1457,44,16,26,1,1,0.9411764705882353,0.9629629629629629,0.0588235294117647,0.037037037037037035,0.9520697167755992
ZENODO_10369064,clarithromycin,1458,44,16,23,0,5,0.7619047619047619,1.0,0.238095238095238,0.0,0.8809523809523809
ZENODO_10369064,clarithromycin,1459,44,22,19,1,2,0.9166666666666666,0.95,0.0833333333333333,0.05,0.9333333333333332
ZENODO_10369064,clarithromycin,1460,44,16,24,3,1,0.9411764705882353,0.8888888888888888,0.0588235294117647,0.1111111111111111,0.915032679738562
ZENODO_10369064,clarithromycin,1461,44,15,26,1,2,0.8823529411764706,0.9629629629629629,0.1176470588235294,0.037037037037037035,0.9226579520697168
ZENODO_10369064,clarithromycin,1462,44,14,28,1,1,0.9333333333333333,0.9655172413793104,0.0666666666666666,0.034482758620689655,0.9494252873563218
ZENODO_10369064,clarithromycin,1463,44,17,26,1,0,1.0,0.9629629629629629,0.0,0.037037037037037035,0.9814814814814814
ZENODO_10369064,clarithromycin,1464,44,24,15,2,3,0.8888888888888888,0.8823529411764706,0.1111111111111111,0.11764705882352941,0.8856209150326797
ZENODO_10369064,clarithromycin,1465,44,16,26,1,1,0.9411764705882353,0.9629629629629629,0.0588235294117647,0.037037037037037035,0.9520697167755992
ZENODO_10369064,clarithromycin,1466,44,13,27,2,2,0.8666666666666667,0.9310344827586207,0.1333333333333333,0.06896551724137931,0.8988505747126436
ZENODO_10369064,clarithromycin,1467,44,20,22,1,1,0.9523809523809523,0.9565217391304348,0.0476190476190476,0.043478260869565216,0.9544513457556936
ZENODO_10369064,clarithromycin,1468,44,20,24,0,0,1.0,1.0,0.0,0.0,1.0
ZENODO_10369064,clarithromycin,1469,44,17,23,0,4,0.8095238095238095,1.0,0.1904761904761904,0.0,0.9047619047619048
ZENODO_10369064,clarithromycin,1470,44,18,22,2,2,0.9,0.9166666666666666,0.1,0.08333333333333333,0.9083333333333332
ZENODO_10369064,clarithromycin,1471,44,20,24,0,0,1.0,1.0,0.0,0.0,1.0
ZENODO_10369064,clarithromycin,1472,44,19,21,1,3,0.8636363636363636,0.9545454545454546,0.1363636363636363,0.045454545454545456,0.9090909090909092
ZENODO_10369064,clarithromycin,1473,44,18,22,1,3,0.8571428571428571,0.9565217391304348,0.1428571428571428,0.043478260869565216,0.906832298136646
ZENODO_10369064,clarithromycin,1474,44,13,28,1,2,0.8666666666666667,0.9655172413793104,0.1333333333333333,0.034482758620689655,0.9160919540229886
ZENODO_10369064,clarithromycin,1475,44,19,21,0,4,0.8260869565217391,1.0,0.1739130434782608,0.0,0.9130434782608696
ZENODO_10369064,clarithromycin,1476,44,14,29,0,1,0.9333333333333333,1.0,0.0666666666666666,0.0,0.9666666666666668
ZENODO_10369064,clarithromycin,1477,44,15,27,0,2,0.8823529411764706,1.0,0.1176470588235294,0.0,0.9411764705882352
ZENODO_10369064,clarithromycin,1478,44,15,26,1,2,0.8823529411764706,0.9629629629629629,0.1176470588235294,0.037037037037037035,0.9226579520697168
ZENODO_10369064,clarithromycin,1479,44,21,19,1,3,0.875,0.95,0.125,0.05,0.9125
ZENODO_10369064,clarithromycin,1480,44,17,23,0,4,0.8095238095238095,1.0,0.1904761904761904,0.0,0.9047619047619048
ZENODO_10369064,clarithromycin,1481,44,21,22,0,1,0.9545454545454546,1.0,0.0454545454545454,0.0,0.9772727272727272
ZENODO_10369064,clarithromycin,1482,44,18,22,0,4,0.8181818181818182,1.0,0.1818181818181818,0.0,0.9090909090909092
ZENODO_10369064,clarithromycin,1483,44,20,22,0,2,0.9090909090909091,1.0,0.0909090909090909,0.0,0.9545454545454546
ZENODO_10369064,clarithromycin,1484,44,20,22,0,2,0.9090909090909091,1.0,0.0909090909090909,0.0,0.9545454545454546
ZENODO_10369064,clarithromycin,1485,44,17,25,2,0,1.0,0.9259259259259259,0.0,0.07407407407407407,0.962962962962963
ZENODO_10369064,clarithromycin,1486,44,26,18,0,0,1.0,1.0,0.0,0.0,1.0
ZENODO_10369064,clarithromycin,1487,44,17,23,0,4,0.8095238095238095,1.0,0.1904761904761904,0.0,0.9047619047619048
ZENODO_10369064,clarithromycin,1488,44,20,22,0,2,0.9090909090909091,1.0,0.0909090909090909,0.0,0.9545454545454546
ZENODO_10369064,clarithromycin,1489,44,17,27,0,0,1.0,1.0,0.0,0.0,1.0
ZENODO_10369064,clarithromycin,1490,44,16,28,0,0,1.0,1.0,0.0,0.0,1.0
ZENODO_10369064,clarithromycin,1491,44,17,26,0,1,0.9444444444444444,1.0,0.0555555555555555,0.0,0.9722222222222222
ZENODO_10369064,clarithromycin,1492,44,14,28,0,2,0.875,1.0,0.125,0.0,0.9375
ZENODO_10369064,clarithromycin,1493,44,21,21,0,2,0.9130434782608695,1.0,0.0869565217391304,0.0,0.9565217391304348
ZENODO_10369064,clarithromycin,1494,44,19,21,1,3,0.8636363636363636,0.9545454545454546,0.1363636363636363,0.045454545454545456,0.9090909090909092
ZENODO_10369064,clarithromycin,1495,44,14,27,0,3,0.8235294117647058,1.0,0.1764705882352941,0.0,0.9117647058823528
ZENODO_10369064,clarithromycin,1496,44,22,21,0,1,0.9565217391304348,1.0,0.0434782608695652,0.0,0.9782608695652174
ZENODO_10369064,clarithromycin,1497,44,17,25,0,2,0.8947368421052632,1.0,0.1052631578947368,0.0,0.9473684210526316
ZENODO_10369064,clarithromycin,1498,44,28,15,0,1,0.9655172413793104,1.0,0.0344827586206896,0.0,0.9827586206896552
ZENODO_10369064,clarithromycin,1499,44,15,24,2,3,0.8333333333333334,0.9230769230769231,0.1666666666666666,0.07692307692307693,0.8782051282051282
ZENODO_10369064,clarithromycin,1500,44,18,25,0,1,0.9473684210526315,1.0,0.0526315789473684,0.0,0.9736842105263156
ZENODO_10369064,clarithromycin,1501,44,19,20,1,4,0.8260869565217391,0.9523809523809523,0.1739130434782608,0.047619047619047616,0.8892339544513457
ZENODO_10369064,clarithromycin,1502,44,19,21,0,4,0.8260869565217391,1.0,0.1739130434782608,0.0,0.9130434782608696
ZENODO_10369064,clarithromycin,1503,44,20,20,0,4,0.8333333333333334,1.0,0.1666666666666666,0.0,0.9166666666666669
ZENODO_10369064,clarithromycin,1504,44,17,26,1,0,1.0,0.9629629629629629,0.0,0.037037037037037035,0.9814814814814814
ZENODO_10369064,clarithromycin,1505,44,19,24,1,0,1.0,0.96,0.0,0.04,0.98
ZENODO_10369064,clarithromycin,1506,44,15,28,1,0,1.0,0.9655172413793104,0.0,0.034482758620689655,0.9827586206896552
ZENODO_10369064,clarithromycin,1507,44,13,23,2,6,0.6842105263157895,0.92,0.3157894736842105,0.08,0.8021052631578948
ZENODO_10369064,clarithromycin,1508,44,18,22,2,2,0.9,0.9166666666666666,0.1,0.08333333333333333,0.9083333333333332
ZENODO_10369064,clarithromycin,1509,44,22,19,1,2,0.9166666666666666,0.95,0.0833333333333333,0.05,0.9333333333333332
ZENODO_10369064,clarithromycin,1510,44,15,28,0,1,0.9375,1.0,0.0625,0.0,0.96875
ZENODO_10369064,clarithromycin,1511,44,15,28,0,1,0.9375,1.0,0.0625,0.0,0.96875
ZENODO_10369064,clarithromycin,1512,44,19,23,1,1,0.95,0.9583333333333334,0.05,0.041666666666666664,0.9541666666666666
ZENODO_10369064,clarithromycin,1513,44,23,21,0,0,1.0,1.0,0.0,0.0,1.0
ZENODO_10369064,clarithromycin,1514,44,15,21,4,4,0.7894736842105263,0.84,0.2105263157894736,0.16,0.8147368421052632
ZENODO_10369064,clarithromycin,1515,44,13,30,1,0,1.0,0.967741935483871,0.0,0.03225806451612903,0.9838709677419356
ZENODO_10369064,clarithromycin,1516,44,20,20,3,1,0.9523809523809523,0.8695652173913043,0.0476190476190476,0.13043478260869565,0.9109730848861284
ZENODO_10369064,clarithromycin,1517,44,19,25,0,0,1.0,1.0,0.0,0.0,1.0
ZENODO_10369064,clarithromycin,1518,44,17,23,2,2,0.8947368421052632,0.92,0.1052631578947368,0.08,0.9073684210526316
ZENODO_10369064,clarithromycin,1519,44,16,22,0,6,0.7272727272727273,1.0,0.2727272727272727,0.0,0.8636363636363636
ZENODO_10369064,clarithromycin,1520,44,17,22,1,4,0.8095238095238095,0.9565217391304348,0.1904761904761904,0.043478260869565216,0.8830227743271222
ZENODO_10369064,clarithromycin,1521,44,16,22,1,5,0.7619047619047619,0.9565217391304348,0.238095238095238,0.043478260869565216,0.8592132505175983
ZENODO_10369064,clarithromycin,1522,44,22,18,1,3,0.88,0.9473684210526315,0.12,0.05263157894736842,0.9136842105263158
ZENODO_10369064,clarithromycin,1523,44,20,20,2,2,0.9090909090909091,0.9090909090909091,0.0909090909090909,0.09090909090909091,0.9090909090909092
ZENODO_10369064,clarithromycin,1524,44,19,22,1,2,0.9047619047619048,0.9565217391304348,0.0952380952380952,0.043478260869565216,0.9306418219461698
ZENODO_10369064,clarithromycin,1525,44,17,25,1,1,0.9444444444444444,0.9615384615384616,0.0555555555555555,0.038461538461538464,0.9529914529914528
ZENODO_10369064,clarithromycin,1526,44,17,24,1,2,0.8947368421052632,0.96,0.1052631578947368,0.04,0.9273684210526316
ZENODO_10369064,clarithromycin,1527,44,15,23,5,1,0.9375,0.8214285714285714,0.0625,0.17857142857142858,0.8794642857142857
ZENODO_10369064,clarithromycin,1528,44,19,20,1,4,0.8260869565217391,0.9523809523809523,0.1739130434782608,0.047619047619047616,0.8892339544513457
ZENODO_10369064,clarithromycin,1529,44,19,22,1,2,0.9047619047619048,0.9565217391304348,0.0952380952380952,0.043478260869565216,0.9306418219461698
ZENODO_10369064,clarithromycin,1530,44,17,27,0,0,1.0,1.0,0.0,0.0,1.0
ZENODO_10369064,clarithromycin,1531,44,16,26,1,1,0.9411764705882353,0.9629629629629629,0.0588235294117647,0.037037037037037035,0.9520697167755992
ZENODO_10369064,clarithromycin,1532,44,25,17,0,2,0.9259259259259259,1.0,0.074074074074074,0.0,0.962962962962963
ZENODO_10369064,clarithromycin,1533,44,18,22,1,3,0.8571428571428571,0.9565217391304348,0.1428571428571428,0.043478260869565216,0.906832298136646
ZENODO_10369064,clarithromycin,1534,44,24,17,1,2,0.9230769230769231,0.9444444444444444,0.0769230769230769,0.05555555555555555,0.9337606837606838
ZENODO_10369064,clarithromycin,1535,44,22,20,1,1,0.9565217391304348,0.9523809523809523,0.0434782608695652,0.047619047619047616,0.9544513457556936
ZENODO_10369064,clarithromycin,1536,44,18,24,1,1,0.9473684210526315,0.96,0.0526315789473684,0.04,0.9536842105263156
ZENODO_10369064,clarithromycin,1537,44,16,25,2,1,0.9411764705882353,0.9259259259259259,0.0588235294117647,0.07407407407407407,0.9335511982570806
ZENODO_10369064,clarithromycin,1538,44,16,23,0,5,0.7619047619047619,1.0,0.238095238095238,0.0,0.8809523809523809
ZENODO_10369064,clarithromycin,1539,44,12,31,0,1,0.9230769230769231,1.0,0.0769230769230769,0.0,0.9615384615384616
ZENODO_10369064,clarithromycin,1540,44,15,23,3,3,0.8333333333333334,0.8846153846153846,0.1666666666666666,0.11538461538461539,0.858974358974359
ZENODO_10369064,clarithromycin,1541,44,24,19,0,1,0.96,1.0,0.04,0.0,0.98
ZENODO_10369064,clarithromycin,1542,44,17,24,0,3,0.85,1.0,0.15,0.0,0.925
ZENODO_10369064,clarithromycin,1543,44,16,27,0,1,0.9411764705882353,1.0,0.0588235294117647,0.0,0.9705882352941176
ZENODO_10369064,clarithromycin,1544,44,22,19,1,2,0.9166666666666666,0.95,0.0833333333333333,0.05,0.9333333333333332
ZENODO_10369064,clarithromycin,1545,44,17,26,0,1,0.9444444444444444,1.0,0.0555555555555555,0.0,0.9722222222222222
ZENODO_10369064,clarithromycin,1546,44,18,22,1,3,0.8571428571428571,0.9565217391304348,0.1428571428571428,0.043478260869565216,0.906832298136646
ZENODO_10369064,clarithromycin,1547,44,19,20,3,2,0.9047619047619048,0.8695652173913043,0.0952380952380952,0.13043478260869565,0.8871635610766045
ZENODO_10369064,clarithromycin,1548,44,16,25,1,2,0.8888888888888888,0.9615384615384616,0.1111111111111111,0.038461538461538464,0.9252136752136751
ZENODO_10369064,clarithromycin,1549,44,14,23,1,6,0.7,0.9583333333333334,0.3,0.041666666666666664,0.8291666666666666
ZENODO_10369064,clarithromycin,1550,44,21,22,0,1,0.9545454545454546,1.0,0.0454545454545454,0.0,0.9772727272727272
ZENODO_10369064,clarithromycin,1551,44,19,23,0,2,0.9047619047619048,1.0,0.0952380952380952,0.0,0.9523809523809524
ZENODO_10369064,clarithromycin,1552,44,12,30,0,2,0.8571428571428571,1.0,0.1428571428571428,0.0,0.9285714285714286
ZENODO_10369064,clarithromycin,1553,44,23,19,1,1,0.9583333333333334,0.95,0.0416666666666666,0.05,0.9541666666666666
ZENODO_10369064,clarithromycin,1554,44,16,27,0,1,0.9411764705882353,1.0,0.0588235294117647,0.0,0.9705882352941176
ZENODO_10369064,clarithromycin,1555,44,15,26,2,1,0.9375,0.9285714285714286,0.0625,0.07142857142857142,0.9330357142857144
ZENODO_10369064,clarithromycin,1556,44,20,20,2,2,0.9090909090909091,0.9090909090909091,0.0909090909090909,0.09090909090909091,0.9090909090909092
ZENODO_10369064,clarithromycin,1557,44,16,23,2,3,0.8421052631578947,0.92,0.1578947368421052,0.08,0.8810526315789473
ZENODO_10369064,clarithromycin,1558,44,11,30,2,1,0.9166666666666666,0.9375,0.0833333333333333,0.0625,0.9270833333333331
ZENODO_10369064,clarithromycin,1559,44,22,21,0,1,0.9565217391304348,1.0,0.0434782608695652,0.0,0.9782608695652174
ZENODO_10369064,clarithromycin,1560,44,17,23,0,4,0.8095238095238095,1.0,0.1904761904761904,0.0,0.9047619047619048
ZENODO_10369064,clarithromycin,1561,44,19,23,0,2,0.9047619047619048,1.0,0.0952380952380952,0.0,0.9523809523809524
ZENODO_10369064,clarithromycin,1562,44,22,18,1,3,0.88,0.9473684210526315,0.12,0.05263157894736842,0.9136842105263158
ZENODO_10369064,clarithromycin,1563,44,16,25,0,3,0.8421052631578947,1.0,0.1578947368421052,0.0,0.9210526315789472
ZENODO_10369064,clarithromycin,1564,44,26,17,0,1,0.9629629629629629,1.0,0.037037037037037,0.0,0.9814814814814814
ZENODO_10369064,clarithromycin,1565,44,18,23,0,3,0.8571428571428571,1.0,0.1428571428571428,0.0,0.9285714285714286
ZENODO_10369064,clarithromycin,1566,44,13,26,0,5,0.7222222222222222,1.0,0.2777777777777778,0.0,0.8611111111111112
ZENODO_10369064,clarithromycin,1567,44,14,27,2,1,0.9333333333333333,0.9310344827586207,0.0666666666666666,0.06896551724137931,0.9321839080459772
ZENODO_10369064,clarithromycin,1568,44,21,23,0,0,1.0,1.0,0.0,0.0,1.0
ZENODO_10369064,clarithromycin,1569,44,15,23,3,3,0.8333333333333334,0.8846153846153846,0.1666666666666666,0.11538461538461539,0.858974358974359
ZENODO_10369064,clarithromycin,1570,44,20,20,2,2,0.9090909090909091,0.9090909090909091,0.0909090909090909,0.09090909090909091,0.9090909090909092
ZENODO_10369064,clarithromycin,1571,44,19,24,0,1,0.95,1.0,0.05,0.0,0.975
ZENODO_10369064,clarithromycin,1572,44,24,17,0,3,0.8888888888888888,1.0,0.1111111111111111,0.0,0.9444444444444444
ZENODO_10369064,clarithromycin,1573,44,23,19,2,0,1.0,0.9047619047619048,0.0,0.09523809523809523,0.9523809523809524
ZENODO_10369064,clarithromycin,1574,44,14,28,1,1,0.9333333333333333,0.9655172413793104,0.0666666666666666,0.034482758620689655,0.9494252873563218
ZENODO_10369064,clarithromycin,1575,44,15,27,1,1,0.9375,0.9642857142857143,0.0625,0.03571428571428571,0.9508928571428572
ZENODO_10369064,clarithromycin,1576,44,17,24,1,2,0.8947368421052632,0.96,0.1052631578947368,0.04,0.9273684210526316
ZENODO_10369064,clarithromycin,1577,44,12,29,1,2,0.8571428571428571,0.9666666666666667,0.1428571428571428,0.03333333333333333,0.911904761904762
ZENODO_10369064,clarithromycin,1578,44,16,25,2,1,0.9411764705882353,0.9259259259259259,0.0588235294117647,0.07407407407407407,0.9335511982570806
ZENODO_10369064,clarithromycin,1579,44,18,22,2,2,0.9,0.9166666666666666,0.1,0.08333333333333333,0.9083333333333332
ZENODO_10369064,clarithromycin,1580,44,19,22,1,2,0.9047619047619048,0.9565217391304348,0.0952380952380952,0.043478260869565216,0.9306418219461698
ZENODO_10369064,clarithromycin,1581,44,20,23,0,1,0.9523809523809523,1.0,0.0476190476190476,0.0,0.9761904761904762
ZENODO_10369064,clarithromycin,1582,44,17,25,2,0,1.0,0.9259259259259259,0.0,0.07407407407407407,0.962962962962963
ZENODO_10369064,clarithromycin,1583,44,10,31,1,2,0.8333333333333334,0.96875,0.1666666666666666,0.03125,0.9010416666666669
ZENODO_10369064,clarithromycin,1584,44,15,25,3,1,0.9375,0.8928571428571429,0.0625,0.10714285714285714,0.9151785714285714
ZENODO_10369064,clarithromycin,1585,44,20,21,1,2,0.9090909090909091,0.9545454545454546,0.0909090909090909,0.045454545454545456,0.931818181818182
ZENODO_10369064,clarithromycin,1586,44,14,27,0,3,0.8235294117647058,1.0,0.1764705882352941,0.0,0.9117647058823528
ZENODO_10369064,clarithromycin,1587,44,19,23,2,0,1.0,0.92,0.0,0.08,0.96
ZENODO_10369064,clarithromycin,1588,44,21,17,2,4,0.84,0.8947368421052632,0.16,0.10526315789473684,0.8673684210526316
ZENODO_10369064,clarithromycin,1589,44,22,20,1,1,0.9565217391304348,0.9523809523809523,0.0434782608695652,0.047619047619047616,0.9544513457556936
ZENODO_10369064,clarithromycin,1590,44,16,24,1,3,0.8421052631578947,0.96,0.1578947368421052,0.04,0.9010526315789472
ZENODO_10369064,clarithromycin,1591,44,20,20,1,3,0.8695652173913043,0.9523809523809523,0.1304347826086956,0.047619047619047616,0.9109730848861284
ZENODO_10369064,clarithromycin,1592,44,14,26,0,4,0.7777777777777778,1.0,0.2222222222222222,0.0,0.8888888888888888
ZENODO_10369064,clarithromycin,1593,44,16,26,2,0,1.0,0.9285714285714286,0.0,0.07142857142857142,0.9642857142857144
ZENODO_10369064,clarithromycin,1594,44,18,25,0,1,0.9473684210526315,1.0,0.0526315789473684,0.0,0.9736842105263156
ZENODO_10369064,clarithromycin,1595,44,23,20,0,1,0.9583333333333334,1.0,0.0416666666666666,0.0,0.9791666666666669
ZENODO_10369064,clarithromycin,1596,44,24,16,1,3,0.8888888888888888,0.9411764705882353,0.1111111111111111,0.058823529411764705,0.915032679738562
ZENODO_10369064,clarithromycin,1597,44,16,23,1,4,0.8,0.9583333333333334,0.2,0.041666666666666664,0.8791666666666667
ZENODO_10369064,clarithromycin,1598,44,21,23,0,0,1.0,1.0,0.0,0.0,1.0
ZENODO_10369064,clarithromycin,1599,44,16,28,0,0,1.0,1.0,0.0,0.0,1.0
ZENODO_10369064,clarithromycin,1600,44,20,21,1,2,0.9090909090909091,0.9545454545454546,0.0909090909090909,0.045454545454545456,0.931818181818182
ZENODO_10369064,clarithromycin,1601,44,15,26,0,3,0.8333333333333334,1.0,0.1666666666666666,0.0,0.9166666666666669
ZENODO_10369064,clarithromycin,1602,44,20,22,1,1,0.9523809523809523,0.9565217391304348,0.0476190476190476,0.043478260869565216,0.9544513457556936
ZENODO_10369064,clarithromycin,1603,44,16,25,1,2,0.8888888888888888,0.9615384615384616,0.1111111111111111,0.038461538461538464,0.9252136752136751
ZENODO_10369064,clarithromycin,1604,44,17,24,1,2,0.8947368421052632,0.96,0.1052631578947368,0.04,0.9273684210526316
ZENODO_10369064,clarithromycin,1605,44,13,26,3,2,0.8666666666666667,0.896551724137931,0.1333333333333333,0.10344827586206896,0.8816091954022989
ZENODO_10369064,clarithromycin,1606,44,20,21,2,1,0.9523809523809523,0.9130434782608695,0.0476190476190476,0.08695652173913043,0.9327122153209108
ZENODO_10369064,clarithromycin,1607,44,17,24,1,2,0.8947368421052632,0.96,0.1052631578947368,0.04,0.9273684210526316
ZENODO_10369064,clarithromycin,1608,44,20,19,2,3,0.8695652173913043,0.9047619047619048,0.1304347826086956,0.09523809523809523,0.8871635610766045
ZENODO_10369064,clarithromycin,1609,44,21,20,2,1,0.9545454545454546,0.9090909090909091,0.0454545454545454,0.09090909090909091,0.931818181818182
ZENODO_10369064,clarithromycin,1610,44,15,25,2,2,0.8823529411764706,0.9259259259259259,0.1176470588235294,0.07407407407407407,0.9041394335511984
ZENODO_10369064,clarithromycin,1611,44,16,24,2,2,0.8888888888888888,0.9230769230769231,0.1111111111111111,0.07692307692307693,0.905982905982906
ZENODO_10369064,clarithromycin,1612,44,20,21,1,2,0.9090909090909091,0.9545454545454546,0.0909090909090909,0.045454545454545456,0.931818181818182
ZENODO_10369064,clarithromycin,1613,44,14,25,0,5,0.7368421052631579,1.0,0.2631578947368421,0.0,0.868421052631579
ZENODO_10369064,clarithromycin,1614,44,15,25,1,3,0.8333333333333334,0.9615384615384616,0.1666666666666666,0.038461538461538464,0.8974358974358975
ZENODO_10369064,clarithromycin,1615,44,17,23,1,3,0.85,0.9583333333333334,0.15,0.041666666666666664,0.9041666666666668
ZENODO_10369064,clarithromycin,1616,44,21,21,0,2,0.9130434782608695,1.0,0.0869565217391304,0.0,0.9565217391304348
ZENODO_10369064,clarithromycin,1617,44,19,23,1,1,0.95,0.9583333333333334,0.05,0.041666666666666664,0.9541666666666666
ZENODO_10369064,clarithromycin,1618,44,20,21,0,3,0.8695652173913043,1.0,0.1304347826086956,0.0,0.934782608695652
ZENODO_10369064,clarithromycin,1619,44,18,23,0,3,0.8571428571428571,1.0,0.1428571428571428,0.0,0.9285714285714286
ZENODO_10369064,clarithromycin,1620,44,15,26,2,1,0.9375,0.9285714285714286,0.0625,0.07142857142857142,0.9330357142857144
ZENODO_10369064,clarithromycin,1621,44,15,27,0,2,0.8823529411764706,1.0,0.1176470588235294,0.0,0.9411764705882352
ZENODO_10369064,clarithromycin,1622,44,18,25,1,0,1.0,0.9615384615384616,0.0,0.038461538461538464,0.9807692307692308
ZENODO_10369064,clarithromycin,1623,44,16,27,0,1,0.9411764705882353,1.0,0.0588235294117647,0.0,0.9705882352941176
ZENODO_10369064,clarithromycin,1624,44,19,24,0,1,0.95,1.0,0.05,0.0,0.975
ZENODO_10369064,clarithromycin,1625,44,17,24,2,1,0.9444444444444444,0.9230769230769231,0.0555555555555555,0.07692307692307693,0.9337606837606838
ZENODO_10369064,clarithromycin,1626,44,18,24,0,2,0.9,1.0,0.1,0.0,0.95
ZENODO_10369064,clarithromycin,1627,44,25,15,2,2,0.9259259259259259,0.8823529411764706,0.074074074074074,0.11764705882352941,0.9041394335511984
ZENODO_10369064,clarithromycin,1628,44,19,22,1,2,0.9047619047619048,0.9565217391304348,0.0952380952380952,0.043478260869565216,0.9306418219461698
ZENODO_10369064,clarithromycin,1629,44,15,23,0,6,0.7142857142857143,1.0,0.2857142857142857,0.0,0.8571428571428572
ZENODO_10369064,clarithromycin,1630,44,19,19,1,5,0.7916666666666666,0.95,0.2083333333333333,0.05,0.8708333333333333
ZENODO_10369064,clarithromycin,1631,44,17,22,1,4,0.8095238095238095,0.9565217391304348,0.1904761904761904,0.043478260869565216,0.8830227743271222
ZENODO_10369064,clarithromycin,1632,44,25,17,1,1,0.9615384615384616,0.9444444444444444,0.0384615384615384,0.05555555555555555,0.9529914529914528
ZENODO_10369064,clarithromycin,1633,44,18,19,3,4,0.8181818181818182,0.8636363636363636,0.1818181818181818,0.13636363636363635,0.8409090909090909
ZENODO_10369064,clarithromycin,1634,44,22,18,1,3,0.88,0.9473684210526315,0.12,0.05263157894736842,0.9136842105263158
ZENODO_10369064,clarithromycin,1635,44,20,20,0,4,0.8333333333333334,1.0,0.1666666666666666,0.0,0.9166666666666669
ZENODO_10369064,clarithromycin,1636,44,16,24,1,3,0.8421052631578947,0.96,0.1578947368421052,0.04,0.9010526315789472
ZENODO_10369064,clarithromycin,1637,44,19,18,2,5,0.7916666666666666,0.9,0.2083333333333333,0.1,0.8458333333333333
ZENODO_10369064,clarithromycin,1638,44,12,29,3,0,1.0,0.90625,0.0,0.09375,0.953125
ZENODO_10369064,clarithromycin,1639,44,21,19,1,3,0.875,0.95,0.125,0.05,0.9125
ZENODO_10369064,clarithromycin,1640,44,14,27,2,1,0.9333333333333333,0.9310344827586207,0.0666666666666666,0.06896551724137931,0.9321839080459772
ZENODO_10369064,clarithromycin,1641,44,18,23,1,2,0.9,0.9583333333333334,0.1,0.041666666666666664,0.9291666666666668
ZENODO_10369064,clarithromycin,1642,44,22,16,3,3,0.88,0.8421052631578947,0.12,0.15789473684210525,0.8610526315789473
ZENODO_10369064,clarithromycin,1643,44,13,29,0,2,0.8666666666666667,1.0,0.1333333333333333,0.0,0.9333333333333332
ZENODO_10369064,clarithromycin,1644,44,26,17,0,1,0.9629629629629629,1.0,0.037037037037037,0.0,0.9814814814814814
ZENODO_10369064,clarithromycin,1645,44,23,19,2,0,1.0,0.9047619047619048,0.0,0.09523809523809523,0.9523809523809524
ZENODO_10369064,clarithromycin,1646,44,18,22,0,4,0.8181818181818182,1.0,0.1818181818181818,0.0,0.9090909090909092
ZENODO_10369064,clarithromycin,1647,44,18,25,0,1,0.9473684210526315,1.0,0.0526315789473684,0.0,0.9736842105263156
ZENODO_10369064,clarithromycin,1648,44,15,27,1,1,0.9375,0.9642857142857143,0.0625,0.03571428571428571,0.9508928571428572
ZENODO_10369064,clarithromycin,1649,44,18,24,0,2,0.9,1.0,0.1,0.0,0.95
ZENODO_10369064,clarithromycin,1650,44,22,20,1,1,0.9565217391304348,0.9523809523809523,0.0434782608695652,0.047619047619047616,0.9544513457556936
ZENODO_10369064,clarithromycin,1651,44,23,19,0,2,0.92,1.0,0.08,0.0,0.96
ZENODO_10369064,clarithromycin,1652,44,16,25,3,0,1.0,0.8928571428571429,0.0,0.10714285714285714,0.9464285714285714
ZENODO_10369064,clarithromycin,1653,44,14,24,2,4,0.7777777777777778,0.9230769230769231,0.2222222222222222,0.07692307692307693,0.8504273504273505
ZENODO_10369064,clarithromycin,1654,44,16,26,1,1,0.9411764705882353,0.9629629629629629,0.0588235294117647,0.037037037037037035,0.9520697167755992
ZENODO_10369064,clarithromycin,1655,44,15,26,1,2,0.8823529411764706,0.9629629629629629,0.1176470588235294,0.037037037037037035,0.9226579520697168
ZENODO_10369064,clarithromycin,1656,44,21,20,2,1,0.9545454545454546,0.9090909090909091,0.0454545454545454,0.09090909090909091,0.931818181818182
ZENODO_10369064,clarithromycin,1657,44,21,23,0,0,1.0,1.0,0.0,0.0,1.0
ZENODO_10369064,clarithromycin,1658,44,11,30,0,3,0.7857142857142857,1.0,0.2142857142857142,0.0,0.8928571428571428
ZENODO_10369064,clarithromycin,1659,44,23,21,0,0,1.0,1.0,0.0,0.0,1.0
ZENODO_10369064,clarithromycin,1660,44,12,30,1,1,0.9230769230769231,0.967741935483871,0.0769230769230769,0.03225806451612903,0.9454094292803972
ZENODO_10369064,clarithromycin,1661,44,14,28,1,1,0.9333333333333333,0.9655172413793104,0.0666666666666666,0.034482758620689655,0.9494252873563218
ZENODO_10369064,clarithromycin,1662,44,18,23,1,2,0.9,0.9583333333333334,0.1,0.041666666666666664,0.9291666666666668
ZENODO_10369064,clarithromycin,1663,44,22,21,0,1,0.9565217391304348,1.0,0.0434782608695652,0.0,0.9782608695652174
ZENODO_10369064,clarithromycin,1664,44,19,21,2,2,0.9047619047619048,0.9130434782608695,0.0952380952380952,0.08695652173913043,0.9089026915113873
ZENODO_10369064,clarithromycin,1665,44,15,24,2,3,0.8333333333333334,0.9230769230769231,0.1666666666666666,0.07692307692307693,0.8782051282051282
ZENODO_10369064,clarithromycin,1666,44,17,21,2,4,0.8095238095238095,0.9130434782608695,0.1904761904761904,0.08695652173913043,0.8612836438923395
ZENODO_10369064,clarithromycin,1667,44,18,21,1,4,0.8181818181818182,0.9545454545454546,0.1818181818181818,0.045454545454545456,0.8863636363636365
ZENODO_10369064,clarithromycin,1668,44,16,26,0,2,0.8888888888888888,1.0,0.1111111111111111,0.0,0.9444444444444444
ZENODO_10369064,clarithromycin,1669,44,20,21,1,2,0.9090909090909091,0.9545454545454546,0.0909090909090909,0.045454545454545456,0.931818181818182
ZENODO_10369064,clarithromycin,1670,44,17,26,0,1,0.9444444444444444,1.0,0.0555555555555555,0.0,0.9722222222222222
ZENODO_10369064,clarithromycin,1671,44,16,23,2,3,0.8421052631578947,0.92,0.1578947368421052,0.08,0.8810526315789473
ZENODO_10369064,clarithromycin,1672,44,19,20,3,2,0.9047619047619048,0.8695652173913043,0.0952380952380952,0.13043478260869565,0.8871635610766045
ZENODO_10369064,clarithromycin,1673,44,19,22,2,1,0.95,0.9166666666666666,0.05,0.08333333333333333,0.9333333333333332
ZENODO_10369064,clarithromycin,1674,44,23,19,0,2,0.92,1.0,0.08,0.0,0.96
ZENODO_10369064,clarithromycin,1675,44,18,26,0,0,1.0,1.0,0.0,0.0,1.0
ZENODO_10369064,clarithromycin,1676,44,19,23,1,1,0.95,0.9583333333333334,0.05,0.041666666666666664,0.9541666666666666
ZENODO_10369064,clarithromycin,1677,44,23,19,1,1,0.9583333333333334,0.95,0.0416666666666666,0.05,0.9541666666666666
ZENODO_10369064,clarithromycin,1678,44,17,23,0,4,0.8095238095238095,1.0,0.1904761904761904,0.0,0.9047619047619048
ZENODO_10369064,clarithromycin,1679,44,17,24,2,1,0.9444444444444444,0.9230769230769231,0.0555555555555555,0.07692307692307693,0.9337606837606838
ZENODO_10369064,clarithromycin,1680,44,18,23,1,2,0.9,0.9583333333333334,0.1,0.041666666666666664,0.9291666666666668
ZENODO_10369064,clarithromycin,1681,44,15,26,2,1,0.9375,0.9285714285714286,0.0625,0.07142857142857142,0.9330357142857144
ZENODO_10369064,clarithromycin,1682,44,15,24,0,5,0.75,1.0,0.25,0.0,0.875
ZENODO_10369064,clarithromycin,1683,44,20,16,4,4,0.8333333333333334,0.8,0.1666666666666666,0.2,0.8166666666666667
ZENODO_10369064,clarithromycin,1684,44,14,26,2,2,0.875,0.9285714285714286,0.125,0.07142857142857142,0.9017857142857144
ZENODO_10369064,clarithromycin,1685,44,19,24,1,0,1.0,0.96,0.0,0.04,0.98
ZENODO_10369064,clarithromycin,1686,44,22,19,2,1,0.9565217391304348,0.9047619047619048,0.0434782608695652,0.09523809523809523,0.9306418219461698
ZENODO_10369064,clarithromycin,1687,44,22,21,0,1,0.9565217391304348,1.0,0.0434782608695652,0.0,0.9782608695652174
ZENODO_10369064,clarithromycin,1688,44,18,24,1,1,0.9473684210526315,0.96,0.0526315789473684,0.04,0.9536842105263156
ZENODO_10369064,clarithromycin,1689,44,21,23,0,0,1.0,1.0,0.0,0.0,1.0
ZENODO_10369064,clarithromycin,1690,44,17,21,3,3,0.85,0.875,0.15,0.125,0.8625
ZENODO_10369064,clarithromycin,1691,44,16,25,1,2,0.8888888888888888,0.9615384615384616,0.1111111111111111,0.038461538461538464,0.9252136752136751
ZENODO_10369064,clarithromycin,1692,44,16,25,2,1,0.9411764705882353,0.9259259259259259,0.0588235294117647,0.07407407407407407,0.9335511982570806
ZENODO_10369064,clarithromycin,1693,44,17,25,1,1,0.9444444444444444,0.9615384615384616,0.0555555555555555,0.038461538461538464,0.9529914529914528
ZENODO_10369064,clarithromycin,1694,44,18,24,0,2,0.9,1.0,0.1,0.0,0.95
ZENODO_10369064,clarithromycin,1695,44,22,20,0,2,0.9166666666666666,1.0,0.0833333333333333,0.0,0.9583333333333331
ZENODO_10369064,clarithromycin,1696,44,10,29,1,4,0.7142857142857143,0.9666666666666667,0.2857142857142857,0.03333333333333333,0.8404761904761905
ZENODO_10369064,clarithromycin,1697,44,16,26,1,1,0.9411764705882353,0.9629629629629629,0.0588235294117647,0.037037037037037035,0.9520697167755992
ZENODO_10369064,clarithromycin,1698,44,16,23,1,4,0.8,0.9583333333333334,0.2,0.041666666666666664,0.8791666666666667
ZENODO_10369064,clarithromycin,1699,44,19,19,1,5,0.7916666666666666,0.95,0.2083333333333333,0.05,0.8708333333333333
ZENODO_10369064,clarithromycin,1700,44,22,15,1,6,0.7857142857142857,0.9375,0.2142857142857142,0.0625,0.8616071428571428
ZENODO_10369064,clarithromycin,1701,44,13,28,2,1,0.9285714285714286,0.9333333333333333,0.0714285714285714,0.06666666666666667,0.930952380952381
ZENODO_10369064,clarithromycin,1702,44,18,19,4,3,0.8571428571428571,0.8260869565217391,0.1428571428571428,0.17391304347826086,0.8416149068322981
ZENODO_10369064,clarithromycin,1703,44,17,26,0,1,0.9444444444444444,1.0,0.0555555555555555,0.0,0.9722222222222222
ZENODO_10369064,clarithromycin,1704,44,20,20,3,1,0.9523809523809523,0.8695652173913043,0.0476190476190476,0.13043478260869565,0.9109730848861284
ZENODO_10369064,clarithromycin,1705,44,25,16,1,2,0.9259259259259259,0.9411764705882353,0.074074074074074,0.058823529411764705,0.9335511982570806
ZENODO_10369064,clarithromycin,1706,44,20,23,0,1,0.9523809523809523,1.0,0.0476190476190476,0.0,0.9761904761904762
ZENODO_10369064,clarithromycin,1707,44,18,24,1,1,0.9473684210526315,0.96,0.0526315789473684,0.04,0.9536842105263156
ZENODO_10369064,clarithromycin,1708,44,17,24,0,3,0.85,1.0,0.15,0.0,0.925
ZENODO_10369064,clarithromycin,1709,44,16,22,2,4,0.8,0.9166666666666666,0.2,0.08333333333333333,0.8583333333333334
ZENODO_10369064,clarithromycin,1710,44,12,28,3,1,0.9230769230769231,0.9032258064516129,0.0769230769230769,0.0967741935483871,0.913151364764268
ZENODO_10369064,clarithromycin,1711,44,21,19,1,3,0.875,0.95,0.125,0.05,0.9125
ZENODO_10369064,clarithromycin,1712,44,17,25,1,1,0.9444444444444444,0.9615384615384616,0.0555555555555555,0.038461538461538464,0.9529914529914528
ZENODO_10369064,clarithromycin,1713,44,21,21,0,2,0.9130434782608695,1.0,0.0869565217391304,0.0,0.9565217391304348
ZENODO_10369064,clarithromycin,1714,44,16,27,0,1,0.9411764705882353,1.0,0.0588235294117647,0.0,0.9705882352941176
ZENODO_10369064,clarithromycin,1715,44,19,24,1,0,1.0,0.96,0.0,0.04,0.98
ZENODO_10369064,clarithromycin,1716,44,16,27,0,1,0.9411764705882353,1.0,0.0588235294117647,0.0,0.9705882352941176
ZENODO_10369064,clarithromycin,1717,44,17,24,0,3,0.85,1.0,0.15,0.0,0.925
ZENODO_10369064,clarithromycin,1718,44,12,29,1,2,0.8571428571428571,0.9666666666666667,0.1428571428571428,0.03333333333333333,0.911904761904762
ZENODO_10369064,clarithromycin,1719,44,15,27,0,2,0.8823529411764706,1.0,0.1176470588235294,0.0,0.9411764705882352
ZENODO_10369064,clarithromycin,1720,44,15,24,3,2,0.8823529411764706,0.8888888888888888,0.1176470588235294,0.1111111111111111,0.8856209150326797
ZENODO_10369064,clarithromycin,1721,44,20,23,0,1,0.9523809523809523,1.0,0.0476190476190476,0.0,0.9761904761904762
ZENODO_10369064,clarithromycin,1722,44,18,23,2,1,0.9473684210526315,0.92,0.0526315789473684,0.08,0.9336842105263158
ZENODO_10369064,clarithromycin,1723,44,19,24,1,0,1.0,0.96,0.0,0.04,0.98
ZENODO_10369064,clarithromycin,1724,44,18,21,0,5,0.782608695652174,1.0,0.217391304347826,0.0,0.8913043478260869
ZENODO_10369064,clarithromycin,1725,44,17,23,2,2,0.8947368421052632,0.92,0.1052631578947368,0.08,0.9073684210526316
ZENODO_10369064,clarithromycin,1726,44,13,27,2,2,0.8666666666666667,0.9310344827586207,0.1333333333333333,0.06896551724137931,0.8988505747126436
ZENODO_10369064,clarithromycin,1727,44,18,24,2,0,1.0,0.9230769230769231,0.0,0.07692307692307693,0.9615384615384616
ZENODO_10369064,clarithromycin,1728,44,18,21,1,4,0.8181818181818182,0.9545454545454546,0.1818181818181818,0.045454545454545456,0.8863636363636365
ZENODO_10369064,clarithromycin,1729,44,17,26,1,0,1.0,0.9629629629629629,0.0,0.037037037037037035,0.9814814814814814
ZENODO_10369064,clarithromycin,1730,44,11,28,1,4,0.7333333333333333,0.9655172413793104,0.2666666666666666,0.034482758620689655,0.8494252873563218
ZENODO_10369064,clarithromycin,1731,44,19,22,1,2,0.9047619047619048,0.9565217391304348,0.0952380952380952,0.043478260869565216,0.9306418219461698
ZENODO_10369064,clarithromycin,1732,44,19,21,2,2,0.9047619047619048,0.9130434782608695,0.0952380952380952,0.08695652173913043,0.9089026915113873
ZENODO_10369064,clarithromycin,1733,44,21,21,1,1,0.9545454545454546,0.9545454545454546,0.0454545454545454,0.045454545454545456,0.9545454545454546
ZENODO_10369064,clarithromycin,1734,44,11,30,1,2,0.8461538461538461,0.967741935483871,0.1538461538461538,0.03225806451612903,0.9069478908188586
ZENODO_10369064,clarithromycin,1735,44,18,23,1,2,0.9,0.9583333333333334,0.1,0.041666666666666664,0.9291666666666668
ZENODO_10369064,clarithromycin,1736,44,19,24,0,1,0.95,1.0,0.05,0.0,0.975
ZENODO_10369064,clarithromycin,1737,44,17,25,0,2,0.8947368421052632,1.0,0.1052631578947368,0.0,0.9473684210526316
ZENODO_10369064,clarithromycin,1738,44,17,23,0,4,0.8095238095238095,1.0,0.1904761904761904,0.0,0.9047619047619048
ZENODO_10369064,clarithromycin,1739,44,13,28,2,1,0.9285714285714286,0.9333333333333333,0.0714285714285714,0.06666666666666667,0.930952380952381
ZENODO_10369064,clarithromycin,1740,44,16,27,0,1,0.9411764705882353,1.0,0.0588235294117647,0.0,0.9705882352941176
ZENODO_10369064,clarithromycin,1741,44,21,20,2,1,0.9545454545454546,0.9090909090909091,0.0454545454545454,0.09090909090909091,0.931818181818182
ZENODO_10369064,clarithromycin,1742,44,20,22,0,2,0.9090909090909091,1.0,0.0909090909090909,0.0,0.9545454545454546
ZENODO_10369064,clarithromycin,1743,44,20,23,0,1,0.9523809523809523,1.0,0.0476190476190476,0.0,0.9761904761904762
ZENODO_10369064,clarithromycin,1744,44,22,21,0,1,0.9565217391304348,1.0,0.0434782608695652,0.0,0.9782608695652174
ZENODO_10369064,clarithromycin,1745,44,9,31,1,3,0.75,0.96875,0.25,0.03125,0.859375
ZENODO_10369064,clarithromycin,1746,44,11,31,0,2,0.8461538461538461,1.0,0.1538461538461538,0.0,0.9230769230769232
ZENODO_10369064,clarithromycin,1747,44,21,21,1,1,0.9545454545454546,0.9545454545454546,0.0454545454545454,0.045454545454545456,0.9545454545454546
ZENODO_10369064,clarithromycin,1748,44,22,20,2,0,1.0,0.9090909090909091,0.0,0.09090909090909091,0.9545454545454546
ZENODO_10369064,clarithromycin,1749,44,17,24,1,2,0.8947368421052632,0.96,0.1052631578947368,0.04,0.9273684210526316
ZENODO_10369064,clarithromycin,1750,44,15,29,0,0,1.0,1.0,0.0,0.0,1.0
ZENODO_10369064,clarithromycin,1751,44,10,30,3,1,0.9090909090909091,0.9090909090909091,0.0909090909090909,0.09090909090909091,0.9090909090909092
ZENODO_10369064,clarithromycin,1752,44,14,27,1,2,0.875,0.9642857142857143,0.125,0.03571428571428571,0.9196428571428572
ZENODO_10369064,clarithromycin,1753,44,18,25,1,0,1.0,0.9615384615384616,0.0,0.038461538461538464,0.9807692307692308
ZENODO_10369064,clarithromycin,1754,44,22,22,0,0,1.0,1.0,0.0,0.0,1.0
ZENODO_10369064,clarithromycin,1755,44,21,20,1,2,0.9130434782608695,0.9523809523809523,0.0869565217391304,0.047619047619047616,0.9327122153209108
ZENODO_10369064,clarithromycin,1756,44,20,21,1,2,0.9090909090909091,0.9545454545454546,0.0909090909090909,0.045454545454545456,0.931818181818182
ZENODO_10369064,clarithromycin,1757,44,21,20,1,2,0.9130434782608695,0.9523809523809523,0.0869565217391304,0.047619047619047616,0.9327122153209108
ZENODO_10369064,clarithromycin,1758,44,16,23,2,3,0.8421052631578947,0.92,0.1578947368421052,0.08,0.8810526315789473
ZENODO_10369064,clarithromycin,1759,44,18,21,2,3,0.8571428571428571,0.9130434782608695,0.1428571428571428,0.08695652173913043,0.8850931677018633
ZENODO_10369064,clarithromycin,1760,44,18,25,0,1,0.9473684210526315,1.0,0.0526315789473684,0.0,0.9736842105263156
ZENODO_10369064,clarithromycin,1761,44,15,27,1,1,0.9375,0.9642857142857143,0.0625,0.03571428571428571,0.9508928571428572
ZENODO_10369064,clarithromycin,1762,44,20,21,1,2,0.9090909090909091,0.9545454545454546,0.0909090909090909,0.045454545454545456,0.931818181818182
ZENODO_10369064,clarithromycin,1763,44,12,26,1,5,0.7058823529411765,0.9629629629629629,0.2941176470588235,0.037037037037037035,0.8344226579520697
ZENODO_10369064,clarithromycin,1764,44,10,30,0,4,0.7142857142857143,1.0,0.2857142857142857,0.0,0.8571428571428572
ZENODO_10369064,clarithromycin,1765,44,15,24,3,2,0.8823529411764706,0.8888888888888888,0.1176470588235294,0.1111111111111111,0.8856209150326797
ZENODO_10369064,clarithromycin,1766,44,16,24,0,4,0.8,1.0,0.2,0.0,0.9
ZENODO_10369064,clarithromycin,1767,44,17,26,1,0,1.0,0.9629629629629629,0.0,0.037037037037037035,0.9814814814814814
ZENODO_10369064,clarithromycin,1768,44,17,24,1,2,0.8947368421052632,0.96,0.1052631578947368,0.04,0.9273684210526316
ZENODO_10369064,clarithromycin,1769,44,19,21,2,2,0.9047619047619048,0.9130434782608695,0.0952380952380952,0.08695652173913043,0.9089026915113873
ZENODO_10369064,clarithromycin,1770,44,20,19,2,3,0.8695652173913043,0.9047619047619048,0.1304347826086956,0.09523809523809523,0.8871635610766045
ZENODO_10369064,clarithromycin,1771,44,19,22,2,1,0.95,0.9166666666666666,0.05,0.08333333333333333,0.9333333333333332
ZENODO_10369064,clarithromycin,1772,44,13,25,2,4,0.7647058823529411,0.9259259259259259,0.2352941176470588,0.07407407407407407,0.8453159041394336
ZENODO_10369064,clarithromycin,1773,44,17,24,2,1,0.9444444444444444,0.9230769230769231,0.0555555555555555,0.07692307692307693,0.9337606837606838
ZENODO_10369064,clarithromycin,1774,44,28,14,1,1,0.9655172413793104,0.9333333333333333,0.0344827586206896,0.06666666666666667,0.9494252873563218
ZENODO_10369064,clarithromycin,1775,44,21,20,0,3,0.875,1.0,0.125,0.0,0.9375
ZENODO_10369064,clarithromycin,1776,44,17,23,0,4,0.8095238095238095,1.0,0.1904761904761904,0.0,0.9047619047619048
ZENODO_10369064,clarithromycin,1777,44,17,24,1,2,0.8947368421052632,0.96,0.1052631578947368,0.04,0.9273684210526316
ZENODO_10369064,clarithromycin,1778,44,15,28,1,0,1.0,0.9655172413793104,0.0,0.034482758620689655,0.9827586206896552
ZENODO_10369064,clarithromycin,1779,44,18,22,2,2,0.9,0.9166666666666666,0.1,0.08333333333333333,0.9083333333333332
ZENODO_10369064,clarithromycin,1780,44,19,22,1,2,0.9047619047619048,0.9565217391304348,0.0952380952380952,0.043478260869565216,0.9306418219461698
ZENODO_10369064,clarithromycin,1781,44,13,27,0,4,0.7647058823529411,1.0,0.2352941176470588,0.0,0.8823529411764706
ZENODO_10369064,clarithromycin,1782,44,15,24,0,5,0.75,1.0,0.25,0.0,0.875
ZENODO_10369064,clarithromycin,1783,44,16,26,0,2,0.8888888888888888,1.0,0.1111111111111111,0.0,0.9444444444444444
ZENODO_10369064,clarithromycin,1784,44,13,28,0,3,0.8125,1.0,0.1875,0.0,0.90625
ZENODO_10369064,clarithromycin,1785,44,15,27,1,1,0.9375,0.9642857142857143,0.0625,0.03571428571428571,0.9508928571428572
ZENODO_10369064,clarithromycin,1786,44,21,20,1,2,0.9130434782608695,0.9523809523809523,0.0869565217391304,0.047619047619047616,0.9327122153209108
ZENODO_10369064,clarithromycin,1787,44,23,19,2,0,1.0,0.9047619047619048,0.0,0.09523809523809523,0.9523809523809524
ZENODO_10369064,clarithromycin,1788,44,16,24,1,3,0.8421052631578947,0.96,0.1578947368421052,0.04,0.9010526315789472
ZENODO_10369064,clarithromycin,1789,44,17,24,2,1,0.9444444444444444,0.9230769230769231,0.0555555555555555,0.07692307692307693,0.9337606837606838
ZENODO_10369064,clarithromycin,1790,44,20,22,1,1,0.9523809523809523,0.9565217391304348,0.0476190476190476,0.043478260869565216,0.9544513457556936
ZENODO_10369064,clarithromycin,1791,44,21,20,2,1,0.9545454545454546,0.9090909090909091,0.0454545454545454,0.09090909090909091,0.931818181818182
ZENODO_10369064,clarithromycin,1792,44,19,22,2,1,0.95,0.9166666666666666,0.05,0.08333333333333333,0.9333333333333332
ZENODO_10369064,clarithromycin,1793,44,14,24,3,3,0.8235294117647058,0.8888888888888888,0.1764705882352941,0.1111111111111111,0.8562091503267973
ZENODO_10369064,clarithromycin,1794,44,16,23,0,5,0.7619047619047619,1.0,0.238095238095238,0.0,0.8809523809523809
ZENODO_10369064,clarithromycin,1795,44,16,27,0,1,0.9411764705882353,1.0,0.0588235294117647,0.0,0.9705882352941176
ZENODO_10369064,clarithromycin,1796,44,23,21,0,0,1.0,1.0,0.0,0.0,1.0
ZENODO_10369064,clarithromycin,1797,44,22,16,2,4,0.8461538461538461,0.8888888888888888,0.1538461538461538,0.1111111111111111,0.8675213675213675
ZENODO_10369064,clarithromycin,1798,44,17,24,2,1,0.9444444444444444,0.9230769230769231,0.0555555555555555,0.07692307692307693,0.9337606837606838
ZENODO_10369064,clarithromycin,1799,44,21,19,1,3,0.875,0.95,0.125,0.05,0.9125
ZENODO_10369064,clarithromycin,1800,44,18,23,2,1,0.9473684210526315,0.92,0.0526315789473684,0.08,0.9336842105263158
ZENODO_10369064,clarithromycin,1801,44,19,23,0,2,0.9047619047619048,1.0,0.0952380952380952,0.0,0.9523809523809524
ZENODO_10369064,clarithromycin,1802,44,18,24,0,2,0.9,1.0,0.1,0.0,0.95
ZENODO_10369064,clarithromycin,1803,44,25,14,0,5,0.8333333333333334,1.0,0.1666666666666666,0.0,0.9166666666666669
ZENODO_10369064,clarithromycin,1804,44,16,22,2,4,0.8,0.9166666666666666,0.2,0.08333333333333333,0.8583333333333334
ZENODO_10369064,clarithromycin,1805,44,18,25,0,1,0.9473684210526315,1.0,0.0526315789473684,0.0,0.9736842105263156
ZENODO_10369064,clarithromycin,1806,44,18,25,1,0,1.0,0.9615384615384616,0.0,0.038461538461538464,0.9807692307692308
ZENODO_10369064,clarithromycin,1807,44,24,20,0,0,1.0,1.0,0.0,0.0,1.0
ZENODO_10369064,clarithromycin,1808,44,23,16,1,4,0.8518518518518519,0.9411764705882353,0.1481481481481481,0.058823529411764705,0.8965141612200436
ZENODO_10369064,clarithromycin,1809,44,11,31,0,2,0.8461538461538461,1.0,0.1538461538461538,0.0,0.9230769230769232
ZENODO_10369064,clarithromycin,1810,44,18,23,0,3,0.8571428571428571,1.0,0.1428571428571428,0.0,0.9285714285714286
ZENODO_10369064,clarithromycin,1811,44,20,21,1,2,0.9090909090909091,0.9545454545454546,0.0909090909090909,0.045454545454545456,0.931818181818182
ZENODO_10369064,clarithromycin,1812,44,18,23,1,2,0.9,0.9583333333333334,0.1,0.041666666666666664,0.9291666666666668
ZENODO_10369064,clarithromycin,1813,44,18,22,1,3,0.8571428571428571,0.9565217391304348,0.1428571428571428,0.043478260869565216,0.906832298136646
ZENODO_10369064,clarithromycin,1814,44,19,22,0,3,0.8636363636363636,1.0,0.1363636363636363,0.0,0.931818181818182
ZENODO_10369064,clarithromycin,1815,44,16,26,1,1,0.9411764705882353,0.9629629629629629,0.0588235294117647,0.037037037037037035,0.9520697167755992
ZENODO_10369064,clarithromycin,1816,44,19,22,1,2,0.9047619047619048,0.9565217391304348,0.0952380952380952,0.043478260869565216,0.9306418219461698
ZENODO_10369064,clarithromycin,1817,44,16,24,1,3,0.8421052631578947,0.96,0.1578947368421052,0.04,0.9010526315789472
ZENODO_10369064,clarithromycin,1818,44,22,18,2,2,0.9166666666666666,0.9,0.0833333333333333,0.1,0.9083333333333332
ZENODO_10369064,clarithromycin,1819,44,19,23,0,2,0.9047619047619048,1.0,0.0952380952380952,0.0,0.9523809523809524
ZENODO_10369064,clarithromycin,1820,44,19,20,2,3,0.8636363636363636,0.9090909090909091,0.1363636363636363,0.09090909090909091,0.8863636363636364
ZENODO_10369064,clarithromycin,1821,44,15,26,2,1,0.9375,0.9285714285714286,0.0625,0.07142857142857142,0.9330357142857144
ZENODO_10369064,clarithromycin,1822,44,19,24,1,0,1.0,0.96,0.0,0.04,0.98
ZENODO_10369064,clarithromycin,1823,44,19,22,1,2,0.9047619047619048,0.9565217391304348,0.0952380952380952,0.043478260869565216,0.9306418219461698
ZENODO_10369064,clarithromycin,1824,44,16,23,2,3,0.8421052631578947,0.92,0.1578947368421052,0.08,0.8810526315789473
ZENODO_10369064,clarithromycin,1825,44,19,22,3,0,1.0,0.88,0.0,0.12,0.94
ZENODO_10369064,clarithromycin,1826,44,23,18,1,2,0.92,0.9473684210526315,0.08,0.05263157894736842,0.9336842105263158
ZENODO_10369064,clarithromycin,1827,44,16,23,1,4,0.8,0.9583333333333334,0.2,0.041666666666666664,0.8791666666666667
ZENODO_10369064,clarithromycin,1828,44,17,24,1,2,0.8947368421052632,0.96,0.1052631578947368,0.04,0.9273684210526316
ZENODO_10369064,clarithromycin,1829,44,21,22,1,0,1.0,0.9565217391304348,0.0,0.043478260869565216,0.9782608695652174
ZENODO_10369064,clarithromycin,1830,44,17,26,0,1,0.9444444444444444,1.0,0.0555555555555555,0.0,0.9722222222222222
ZENODO_10369064,clarithromycin,1831,44,21,22,1,0,1.0,0.9565217391304348,0.0,0.043478260869565216,0.9782608695652174
ZENODO_10369064,clarithromycin,1832,44,21,19,0,4,0.84,1.0,0.16,0.0,0.92
ZENODO_10369064,clarithromycin,1833,44,22,20,0,2,0.9166666666666666,1.0,0.0833333333333333,0.0,0.9583333333333331
ZENODO_10369064,clarithromycin,1834,44,19,23,1,1,0.95,0.9583333333333334,0.05,0.041666666666666664,0.9541666666666666
ZENODO_10369064,clarithromycin,1835,44,19,20,2,3,0.8636363636363636,0.9090909090909091,0.1363636363636363,0.09090909090909091,0.8863636363636364
ZENODO_10369064,clarithromycin,1836,44,13,26,1,4,0.7647058823529411,0.9629629629629629,0.2352941176470588,0.037037037037037035,0.863834422657952
ZENODO_10369064,clarithromycin,1837,44,20,19,0,5,0.8,1.0,0.2,0.0,0.9
ZENODO_10369064,clarithromycin,1838,44,22,17,1,4,0.8461538461538461,0.9444444444444444,0.1538461538461538,0.05555555555555555,0.8952991452991452
ZENODO_10369064,clarithromycin,1839,44,18,22,0,4,0.8181818181818182,1.0,0.1818181818181818,0.0,0.9090909090909092
ZENODO_10369064,clarithromycin,1840,44,15,28,0,1,0.9375,1.0,0.0625,0.0,0.96875
ZENODO_10369064,clarithromycin,1841,44,18,23,2,1,0.9473684210526315,0.92,0.0526315789473684,0.08,0.9336842105263158
ZENODO_10369064,clarithromycin,1842,44,17,24,2,1,0.9444444444444444,0.9230769230769231,0.0555555555555555,0.07692307692307693,0.9337606837606838
ZENODO_10369064,clarithromycin,1843,44,22,19,1,2,0.9166666666666666,0.95,0.0833333333333333,0.05,0.9333333333333332
ZENODO_10369064,clarithromycin,1844,44,20,22,0,2,0.9090909090909091,1.0,0.0909090909090909,0.0,0.9545454545454546
ZENODO_10369064,clarithromycin,1845,44,14,25,0,5,0.7368421052631579,1.0,0.2631578947368421,0.0,0.868421052631579
ZENODO_10369064,clarithromycin,1846,44,17,26,0,1,0.9444444444444444,1.0,0.0555555555555555,0.0,0.9722222222222222
ZENODO_10369064,clarithromycin,1847,44,17,24,0,3,0.85,1.0,0.15,0.0,0.925
ZENODO_10369064,clarithromycin,1848,44,13,30,1,0,1.0,0.967741935483871,0.0,0.03225806451612903,0.9838709677419356
ZENODO_10369064,clarithromycin,1849,44,18,26,0,0,1.0,1.0,0.0,0.0,1.0
ZENODO_10369064,clarithromycin,1850,44,16,27,1,0,1.0,0.9642857142857143,0.0,0.03571428571428571,0.9821428571428572
ZENODO_10369064,clarithromycin,1851,44,20,20,0,4,0.8333333333333334,1.0,0.1666666666666666,0.0,0.9166666666666669
ZENODO_10369064,clarithromycin,1852,44,19,21,3,1,0.95,0.875,0.05,0.125,0.9125
ZENODO_10369064,clarithromycin,1853,44,15,26,0,3,0.8333333333333334,1.0,0.1666666666666666,0.0,0.9166666666666669
ZENODO_10369064,clarithromycin,1854,44,14,29,0,1,0.9333333333333333,1.0,0.0666666666666666,0.0,0.9666666666666668
ZENODO_10369064,clarithromycin,1855,44,17,24,2,1,0.9444444444444444,0.9230769230769231,0.0555555555555555,0.07692307692307693,0.9337606837606838
ZENODO_10369064,clarithromycin,1856,44,16,26,1,1,0.9411764705882353,0.9629629629629629,0.0588235294117647,0.037037037037037035,0.9520697167755992
ZENODO_10369064,clarithromycin,1857,44,16,21,1,6,0.7272727272727273,0.9545454545454546,0.2727272727272727,0.045454545454545456,0.8409090909090909
ZENODO_10369064,clarithromycin,1858,44,13,27,0,4,0.7647058823529411,1.0,0.2352941176470588,0.0,0.8823529411764706
ZENODO_10369064,clarithromycin,1859,44,14,27,2,1,0.9333333333333333,0.9310344827586207,0.0666666666666666,0.06896551724137931,0.9321839080459772
ZENODO_10369064,clarithromycin,1860,44,19,23,0,2,0.9047619047619048,1.0,0.0952380952380952,0.0,0.9523809523809524
ZENODO_10369064,clarithromycin,1861,44,22,20,1,1,0.9565217391304348,0.9523809523809523,0.0434782608695652,0.047619047619047616,0.9544513457556936
ZENODO_10369064,clarithromycin,1862,44,20,20,2,2,0.9090909090909091,0.9090909090909091,0.0909090909090909,0.09090909090909091,0.9090909090909092
ZENODO_10369064,clarithromycin,1863,44,16,26,1,1,0.9411764705882353,0.9629629629629629,0.0588235294117647,0.037037037037037035,0.9520697167755992
ZENODO_10369064,clarithromycin,1864,44,18,24,0,2,0.9,1.0,0.1,0.0,0.95
ZENODO_10369064,clarithromycin,1865,44,16,25,0,3,0.8421052631578947,1.0,0.1578947368421052,0.0,0.9210526315789472
ZENODO_10369064,clarithromycin,1866,44,22,17,0,5,0.8148148148148148,1.0,0.1851851851851851,0.0,0.9074074074074074
ZENODO_10369064,clarithromycin,1867,44,18,24,0,2,0.9,1.0,0.1,0.0,0.95
ZENODO_10369064,clarithromycin,1868,44,10,30,2,2,0.8333333333333334,0.9375,0.1666666666666666,0.0625,0.8854166666666667
ZENODO_10369064,clarithromycin,1869,44,16,23,0,5,0.7619047619047619,1.0,0.238095238095238,0.0,0.8809523809523809
ZENODO_10369064,clarithromycin,1870,44,14,30,0,0,1.0,1.0,0.0,0.0,1.0
ZENODO_10369064,clarithromycin,1871,44,12,29,1,2,0.8571428571428571,0.9666666666666667,0.1428571428571428,0.03333333333333333,0.911904761904762
ZENODO_10369064,clarithromycin,1872,44,20,22,1,1,0.9523809523809523,0.9565217391304348,0.0476190476190476,0.043478260869565216,0.9544513457556936
ZENODO_10369064,clarithromycin,1873,44,20,23,0,1,0.9523809523809523,1.0,0.0476190476190476,0.0,0.9761904761904762
ZENODO_10369064,clarithromycin,1874,44,19,24,0,1,0.95,1.0,0.05,0.0,0.975
ZENODO_10369064,clarithromycin,1875,44,16,24,3,1,0.9411764705882353,0.8888888888888888,0.0588235294117647,0.1111111111111111,0.915032679738562
ZENODO_10369064,clarithromycin,1876,44,13,27,2,2,0.8666666666666667,0.9310344827586207,0.1333333333333333,0.06896551724137931,0.8988505747126436
ZENODO_10369064,clarithromycin,1877,44,17,18,3,6,0.7391304347826086,0.8571428571428571,0.2608695652173913,0.14285714285714285,0.7981366459627328
ZENODO_10369064,clarithromycin,1878,44,14,26,1,3,0.8235294117647058,0.9629629629629629,0.1764705882352941,0.037037037037037035,0.8932461873638344
ZENODO_10369064,clarithromycin,1879,44,19,21,2,2,0.9047619047619048,0.9130434782608695,0.0952380952380952,0.08695652173913043,0.9089026915113873
ZENODO_10369064,clarithromycin,1880,44,15,24,1,4,0.7894736842105263,0.96,0.2105263157894736,0.04,0.8747368421052631
ZENODO_10369064,clarithromycin,1881,44,23,19,1,1,0.9583333333333334,0.95,0.0416666666666666,0.05,0.9541666666666666
ZENODO_10369064,clarithromycin,1882,44,12,26,2,4,0.75,0.9285714285714286,0.25,0.07142857142857142,0.8392857142857143
ZENODO_10369064,clarithromycin,1883,44,23,17,0,4,0.8518518518518519,1.0,0.1481481481481481,0.0,0.925925925925926
ZENODO_10369064,clarithromycin,1884,44,17,23,1,3,0.85,0.9583333333333334,0.15,0.041666666666666664,0.9041666666666668
ZENODO_10369064,clarithromycin,1885,44,16,23,1,4,0.8,0.9583333333333334,0.2,0.041666666666666664,0.8791666666666667
ZENODO_10369064,clarithromycin,1886,44,18,25,1,0,1.0,0.9615384615384616,0.0,0.038461538461538464,0.9807692307692308
ZENODO_10369064,clarithromycin,1887,44,16,25,0,3,0.8421052631578947,1.0,0.1578947368421052,0.0,0.9210526315789472
ZENODO_10369064,clarithromycin,1888,44,17,24,3,0,1.0,0.8888888888888888,0.0,0.1111111111111111,0.9444444444444444
ZENODO_10369064,clarithromycin,1889,44,19,17,1,7,0.7307692307692307,0.9444444444444444,0.2692307692307692,0.05555555555555555,0.8376068376068375
ZENODO_10369064,clarithromycin,1890,44,20,20,2,2,0.9090909090909091,0.9090909090909091,0.0909090909090909,0.09090909090909091,0.9090909090909092
ZENODO_10369064,clarithromycin,1891,44,16,25,0,3,0.8421052631578947,1.0,0.1578947368421052,0.0,0.9210526315789472
ZENODO_10369064,clarithromycin,1892,44,19,22,0,3,0.8636363636363636,1.0,0.1363636363636363,0.0,0.931818181818182
ZENODO_10369064,clarithromycin,1893,44,13,27,1,3,0.8125,0.9642857142857143,0.1875,0.03571428571428571,0.8883928571428572
ZENODO_10369064,clarithromycin,1894,44,22,21,1,0,1.0,0.9545454545454546,0.0,0.045454545454545456,0.9772727272727272
ZENODO_10369064,clarithromycin,1895,44,16,23,1,4,0.8,0.9583333333333334,0.2,0.041666666666666664,0.8791666666666667
ZENODO_10369064,clarithromycin,1896,44,19,22,1,2,0.9047619047619048,0.9565217391304348,0.0952380952380952,0.043478260869565216,0.9306418219461698
ZENODO_10369064,clarithromycin,1897,44,18,24,1,1,0.9473684210526315,0.96,0.0526315789473684,0.04,0.9536842105263156
ZENODO_10369064,clarithromycin,1898,44,20,23,0,1,0.9523809523809523,1.0,0.0476190476190476,0.0,0.9761904761904762
ZENODO_10369064,clarithromycin,1899,44,17,23,1,3,0.85,0.9583333333333334,0.15,0.041666666666666664,0.9041666666666668
ZENODO_10369064,clarithromycin,1900,44,18,24,2,0,1.0,0.9230769230769231,0.0,0.07692307692307693,0.9615384615384616
ZENODO_10369064,clarithromycin,1901,44,15,23,2,4,0.7894736842105263,0.92,0.2105263157894736,0.08,0.8547368421052632
ZENODO_10369064,clarithromycin,1902,44,20,23,1,0,1.0,0.9583333333333334,0.0,0.041666666666666664,0.9791666666666669
ZENODO_10369064,clarithromycin,1903,44,18,23,1,2,0.9,0.9583333333333334,0.1,0.041666666666666664,0.9291666666666668
ZENODO_10369064,clarithromycin,1904,44,15,25,1,3,0.8333333333333334,0.9615384615384616,0.1666666666666666,0.038461538461538464,0.8974358974358975
ZENODO_10369064,clarithromycin,1905,44,19,22,0,3,0.8636363636363636,1.0,0.1363636363636363,0.0,0.931818181818182
ZENODO_10369064,clarithromycin,1906,44,16,24,1,3,0.8421052631578947,0.96,0.1578947368421052,0.04,0.9010526315789472
ZENODO_10369064,clarithromycin,1907,44,18,22,0,4,0.8181818181818182,1.0,0.1818181818181818,0.0,0.9090909090909092
ZENODO_10369064,clarithromycin,1908,44,15,22,3,4,0.7894736842105263,0.88,0.2105263157894736,0.12,0.8347368421052632
ZENODO_10369064,clarithromycin,1909,44,23,20,0,1,0.9583333333333334,1.0,0.0416666666666666,0.0,0.9791666666666669
ZENODO_10369064,clarithromycin,1910,44,15,23,3,3,0.8333333333333334,0.8846153846153846,0.1666666666666666,0.11538461538461539,0.858974358974359
ZENODO_10369064,clarithromycin,1911,44,19,22,2,1,0.95,0.9166666666666666,0.05,0.08333333333333333,0.9333333333333332
ZENODO_10369064,clarithromycin,1912,44,18,22,2,2,0.9,0.9166666666666666,0.1,0.08333333333333333,0.9083333333333332
ZENODO_10369064,clarithromycin,1913,44,14,26,1,3,0.8235294117647058,0.9629629629629629,0.1764705882352941,0.037037037037037035,0.8932461873638344
ZENODO_10369064,clarithromycin,1914,44,15,26,2,1,0.9375,0.9285714285714286,0.0625,0.07142857142857142,0.9330357142857144
ZENODO_10369064,clarithromycin,1915,44,21,21,1,1,0.9545454545454546,0.9545454545454546,0.0454545454545454,0.045454545454545456,0.9545454545454546
ZENODO_10369064,clarithromycin,1916,44,27,15,0,2,0.9310344827586207,1.0,0.0689655172413793,0.0,0.9655172413793104
ZENODO_10369064,clarithromycin,1917,44,19,21,0,4,0.8260869565217391,1.0,0.1739130434782608,0.0,0.9130434782608696
ZENODO_10369064,clarithromycin,1918,44,21,20,0,3,0.875,1.0,0.125,0.0,0.9375
ZENODO_10369064,clarithromycin,1919,44,17,24,1,2,0.8947368421052632,0.96,0.1052631578947368,0.04,0.9273684210526316
ZENODO_10369064,clarithromycin,1920,44,18,19,4,3,0.8571428571428571,0.8260869565217391,0.1428571428571428,0.17391304347826086,0.8416149068322981
ZENODO_10369064,clarithromycin,1921,44,14,26,2,2,0.875,0.9285714285714286,0.125,0.07142857142857142,0.9017857142857144
ZENODO_10369064,clarithromycin,1922,44,17,25,1,1,0.9444444444444444,0.9615384615384616,0.0555555555555555,0.038461538461538464,0.9529914529914528
ZENODO_10369064,clarithromycin,1923,44,21,21,1,1,0.9545454545454546,0.9545454545454546,0.0454545454545454,0.045454545454545456,0.9545454545454546
ZENODO_10369064,clarithromycin,1924,44,15,25,0,4,0.7894736842105263,1.0,0.2105263157894736,0.0,0.8947368421052632
ZENODO_10369064,clarithromycin,1925,44,19,21,1,3,0.8636363636363636,0.9545454545454546,0.1363636363636363,0.045454545454545456,0.9090909090909092
ZENODO_10369064,clarithromycin,1926,44,16,21,2,5,0.7619047619047619,0.9130434782608695,0.238095238095238,0.08695652173913043,0.8374741200828157
ZENODO_10369064,clarithromycin,1927,44,12,26,2,4,0.75,0.9285714285714286,0.25,0.07142857142857142,0.8392857142857143
ZENODO_10369064,clarithromycin,1928,44,21,23,0,0,1.0,1.0,0.0,0.0,1.0
ZENODO_10369064,clarithromycin,1929,44,25,17,1,1,0.9615384615384616,0.9444444444444444,0.0384615384615384,0.05555555555555555,0.9529914529914528
ZENODO_10369064,clarithromycin,1930,44,15,27,0,2,0.8823529411764706,1.0,0.1176470588235294,0.0,0.9411764705882352
ZENODO_10369064,clarithromycin,1931,44,15,26,2,1,0.9375,0.9285714285714286,0.0625,0.07142857142857142,0.9330357142857144
ZENODO_10369064,clarithromycin,1932,44,16,26,1,1,0.9411764705882353,0.9629629629629629,0.0588235294117647,0.037037037037037035,0.9520697167755992
ZENODO_10369064,clarithromycin,1933,44,19,20,2,3,0.8636363636363636,0.9090909090909091,0.1363636363636363,0.09090909090909091,0.8863636363636364
ZENODO_10369064,clarithromycin,1934,44,17,22,1,4,0.8095238095238095,0.9565217391304348,0.1904761904761904,0.043478260869565216,0.8830227743271222
ZENODO_10369064,clarithromycin,1935,44,23,15,4,2,0.92,0.7894736842105263,0.08,0.21052631578947367,0.8547368421052632
ZENODO_10369064,clarithromycin,1936,44,20,21,1,2,0.9090909090909091,0.9545454545454546,0.0909090909090909,0.045454545454545456,0.931818181818182
ZENODO_10369064,clarithromycin,1937,44,19,22,1,2,0.9047619047619048,0.9565217391304348,0.0952380952380952,0.043478260869565216,0.9306418219461698
ZENODO_10369064,clarithromycin,1938,44,16,26,0,2,0.8888888888888888,1.0,0.1111111111111111,0.0,0.9444444444444444
ZENODO_10369064,clarithromycin,1939,44,20,20,0,4,0.8333333333333334,1.0,0.1666666666666666,0.0,0.9166666666666669
ZENODO_10369064,clarithromycin,1940,44,15,23,0,6,0.7142857142857143,1.0,0.2857142857142857,0.0,0.8571428571428572
ZENODO_10369064,clarithromycin,1941,44,21,21,1,1,0.9545454545454546,0.9545454545454546,0.0454545454545454,0.045454545454545456,0.9545454545454546
ZENODO_10369064,clarithromycin,1942,44,19,20,2,3,0.8636363636363636,0.9090909090909091,0.1363636363636363,0.09090909090909091,0.8863636363636364
ZENODO_10369064,clarithromycin,1943,44,18,24,2,0,1.0,0.9230769230769231,0.0,0.07692307692307693,0.9615384615384616
ZENODO_10369064,clarithromycin,1944,44,18,22,3,1,0.9473684210526315,0.88,0.0526315789473684,0.12,0.9136842105263158
ZENODO_10369064,clarithromycin,1945,44,15,24,4,1,0.9375,0.8571428571428571,0.0625,0.14285714285714285,0.8973214285714286
ZENODO_10369064,clarithromycin,1946,44,18,24,0,2,0.9,1.0,0.1,0.0,0.95
ZENODO_10369064,clarithromycin,1947,44,18,22,1,3,0.8571428571428571,0.9565217391304348,0.1428571428571428,0.043478260869565216,0.906832298136646
ZENODO_10369064,clarithromycin,1948,44,17,24,1,2,0.8947368421052632,0.96,0.1052631578947368,0.04,0.9273684210526316
ZENODO_10369064,clarithromycin,1949,44,16,26,0,2,0.8888888888888888,1.0,0.1111111111111111,0.0,0.9444444444444444
ZENODO_10369064,clarithromycin,1950,44,17,24,1,2,0.8947368421052632,0.96,0.1052631578947368,0.04,0.9273684210526316
ZENODO_10369064,clarithromycin,1951,44,21,21,0,2,0.9130434782608695,1.0,0.0869565217391304,0.0,0.9565217391304348
ZENODO_10369064,clarithromycin,1952,44,18,21,3,2,0.9,0.875,0.1,0.125,0.8875
ZENODO_10369064,clarithromycin,1953,44,23,19,1,1,0.9583333333333334,0.95,0.0416666666666666,0.05,0.9541666666666666
ZENODO_10369064,clarithromycin,1954,44,14,24,3,3,0.8235294117647058,0.8888888888888888,0.1764705882352941,0.1111111111111111,0.8562091503267973
ZENODO_10369064,clarithromycin,1955,44,18,21,2,3,0.8571428571428571,0.9130434782608695,0.1428571428571428,0.08695652173913043,0.8850931677018633
ZENODO_10369064,clarithromycin,1956,44,15,26,2,1,0.9375,0.9285714285714286,0.0625,0.07142857142857142,0.9330357142857144
ZENODO_10369064,clarithromycin,1957,44,18,23,2,1,0.9473684210526315,0.92,0.0526315789473684,0.08,0.9336842105263158
ZENODO_10369064,clarithromycin,1958,44,18,24,1,1,0.9473684210526315,0.96,0.0526315789473684,0.04,0.9536842105263156
ZENODO_10369064,clarithromycin,1959,44,20,23,0,1,0.9523809523809523,1.0,0.0476190476190476,0.0,0.9761904761904762
ZENODO_10369064,clarithromycin,1960,44,21,21,0,2,0.9130434782608695,1.0,0.0869565217391304,0.0,0.9565217391304348
ZENODO_10369064,clarithromycin,1961,44,16,24,1,3,0.8421052631578947,0.96,0.1578947368421052,0.04,0.9010526315789472
ZENODO_10369064,clarithromycin,1962,44,26,18,0,0,1.0,1.0,0.0,0.0,1.0
ZENODO_10369064,clarithromycin,1963,44,20,21,1,2,0.9090909090909091,0.9545454545454546,0.0909090909090909,0.045454545454545456,0.931818181818182
ZENODO_10369064,clarithromycin,1964,44,23,19,2,0,1.0,0.9047619047619048,0.0,0.09523809523809523,0.9523809523809524
ZENODO_10369064,clarithromycin,1965,44,22,21,0,1,0.9565217391304348,1.0,0.0434782608695652,0.0,0.9782608695652174
ZENODO_10369064,clarithromycin,1966,44,12,30,0,2,0.8571428571428571,1.0,0.1428571428571428,0.0,0.9285714285714286
ZENODO_10369064,clarithromycin,1967,44,16,26,1,1,0.9411764705882353,0.9629629629629629,0.0588235294117647,0.037037037037037035,0.9520697167755992
ZENODO_10369064,clarithromycin,1968,44,21,18,2,3,0.875,0.9,0.125,0.1,0.8875
ZENODO_10369064,clarithromycin,1969,44,16,24,2,2,0.8888888888888888,0.9230769230769231,0.1111111111111111,0.07692307692307693,0.905982905982906
ZENODO_10369064,clarithromycin,1970,44,16,26,1,1,0.9411764705882353,0.9629629629629629,0.0588235294117647,0.037037037037037035,0.9520697167755992
ZENODO_10369064,clarithromycin,1971,44,24,18,0,2,0.9230769230769231,1.0,0.0769230769230769,0.0,0.9615384615384616
ZENODO_10369064,clarithromycin,1972,44,12,30,2,0,1.0,0.9375,0.0,0.0625,0.96875
ZENODO_10369064,clarithromycin,1973,44,18,24,1,1,0.9473684210526315,0.96,0.0526315789473684,0.04,0.9536842105263156
ZENODO_10369064,clarithromycin,1974,44,18,25,0,1,0.9473684210526315,1.0,0.0526315789473684,0.0,0.9736842105263156
ZENODO_10369064,clarithromycin,1975,44,14,26,0,4,0.7777777777777778,1.0,0.2222222222222222,0.0,0.8888888888888888
ZENODO_10369064,clarithromycin,1976,44,15,27,0,2,0.8823529411764706,1.0,0.1176470588235294,0.0,0.9411764705882352
ZENODO_10369064,clarithromycin,1977,44,21,21,0,2,0.9130434782608695,1.0,0.0869565217391304,0.0,0.9565217391304348
ZENODO_10369064,clarithromycin,1978,44,17,23,2,2,0.8947368421052632,0.92,0.1052631578947368,0.08,0.9073684210526316
ZENODO_10369064,clarithromycin,1979,44,16,26,0,2,0.8888888888888888,1.0,0.1111111111111111,0.0,0.9444444444444444
ZENODO_10369064,clarithromycin,1980,44,18,22,2,2,0.9,0.9166666666666666,0.1,0.08333333333333333,0.9083333333333332
ZENODO_10369064,clarithromycin,1981,44,18,22,2,2,0.9,0.9166666666666666,0.1,0.08333333333333333,0.9083333333333332
ZENODO_10369064,clarithromycin,1982,44,19,21,2,2,0.9047619047619048,0.9130434782608695,0.0952380952380952,0.08695652173913043,0.9089026915113873
ZENODO_10369064,clarithromycin,1983,44,14,28,0,2,0.875,1.0,0.125,0.0,0.9375
ZENODO_10369064,clarithromycin,1984,44,20,22,0,2,0.9090909090909091,1.0,0.0909090909090909,0.0,0.9545454545454546
ZENODO_10369064,clarithromycin,1985,44,19,21,1,3,0.8636363636363636,0.9545454545454546,0.1363636363636363,0.045454545454545456,0.9090909090909092
ZENODO_10369064,clarithromycin,1986,44,17,25,1,1,0.9444444444444444,0.9615384615384616,0.0555555555555555,0.038461538461538464,0.9529914529914528
ZENODO_10369064,clarithromycin,1987,44,12,28,2,2,0.8571428571428571,0.9333333333333333,0.1428571428571428,0.06666666666666667,0.8952380952380952
ZENODO_10369064,clarithromycin,1988,44,19,23,0,2,0.9047619047619048,1.0,0.0952380952380952,0.0,0.9523809523809524
ZENODO_10369064,clarithromycin,1989,44,16,25,1,2,0.8888888888888888,0.9615384615384616,0.1111111111111111,0.038461538461538464,0.9252136752136751
ZENODO_10369064,clarithromycin,1990,44,17,21,4,2,0.8947368421052632,0.84,0.1052631578947368,0.16,0.8673684210526316
ZENODO_10369064,clarithromycin,1991,44,23,20,0,1,0.9583333333333334,1.0,0.0416666666666666,0.0,0.9791666666666669
ZENODO_10369064,clarithromycin,1992,44,12,30,1,1,0.9230769230769231,0.967741935483871,0.0769230769230769,0.03225806451612903,0.9454094292803972
ZENODO_10369064,clarithromycin,1993,44,15,27,2,0,1.0,0.9310344827586207,0.0,0.06896551724137931,0.9655172413793104
ZENODO_10369064,clarithromycin,1994,44,18,23,0,3,0.8571428571428571,1.0,0.1428571428571428,0.0,0.9285714285714286
ZENODO_10369064,clarithromycin,1995,44,23,18,1,2,0.92,0.9473684210526315,0.08,0.05263157894736842,0.9336842105263158
ZENODO_10369064,clarithromycin,1996,44,16,24,1,3,0.8421052631578947,0.96,0.1578947368421052,0.04,0.9010526315789472
ZENODO_10369064,clarithromycin,1997,44,17,23,3,1,0.9444444444444444,0.8846153846153846,0.0555555555555555,0.11538461538461539,0.9145299145299144
ZENODO_10369064,clarithromycin,1998,44,19,24,0,1,0.95,1.0,0.05,0.0,0.975
ZENODO_10369064,clarithromycin,1999,44,16,26,0,2,0.8888888888888888,1.0,0.1111111111111111,0.0,0.9444444444444444
ZENODO_10369064,clarithromycin,2000,44,14,26,0,4,0.7777777777777778,1.0,0.2222222222222222,0.0,0.8888888888888888
ZENODO_10369064,levofloxacin,1,39,11,22,1,5,0.6875,0.9565217391304348,0.3125,0.043478260869565216,0.8220108695652174
ZENODO_10369064,levofloxacin,2,39,13,23,1,2,0.8666666666666667,0.9583333333333334,0.1333333333333333,0.041666666666666664,0.9125
ZENODO_10369064,levofloxacin,3,39,13,20,2,4,0.7647058823529411,0.9090909090909091,0.2352941176470588,0.09090909090909091,0.8368983957219251
ZENODO_10369064,levofloxacin,4,39,11,23,1,4,0.7333333333333333,0.9583333333333334,0.2666666666666666,0.041666666666666664,0.8458333333333333
ZENODO_10369064,levofloxacin,5,39,13,23,3,0,1.0,0.8846153846153846,0.0,0.11538461538461539,0.9423076923076924
ZENODO_10369064,levofloxacin,6,39,10,24,2,3,0.7692307692307693,0.9230769230769231,0.2307692307692307,0.07692307692307693,0.8461538461538463
ZENODO_10369064,levofloxacin,7,39,11,23,1,4,0.7333333333333333,0.9583333333333334,0.2666666666666666,0.041666666666666664,0.8458333333333333
ZENODO_10369064,levofloxacin,8,39,17,20,0,2,0.8947368421052632,1.0,0.1052631578947368,0.0,0.9473684210526316
ZENODO_10369064,levofloxacin,9,39,15,21,0,3,0.8333333333333334,1.0,0.1666666666666666,0.0,0.9166666666666669
ZENODO_10369064,levofloxacin,10,39,14,23,0,2,0.875,1.0,0.125,0.0,0.9375
ZENODO_10369064,levofloxacin,11,39,14,24,0,1,0.9333333333333333,1.0,0.0666666666666666,0.0,0.9666666666666668
ZENODO_10369064,levofloxacin,12,39,12,26,1,0,1.0,0.9629629629629629,0.0,0.037037037037037035,0.9814814814814814
ZENODO_10369064,levofloxacin,13,39,15,19,1,4,0.7894736842105263,0.95,0.2105263157894736,0.05,0.8697368421052631
ZENODO_10369064,levofloxacin,14,39,13,23,2,1,0.9285714285714286,0.92,0.0714285714285714,0.08,0.9242857142857144
ZENODO_10369064,levofloxacin,15,39,16,20,1,2,0.8888888888888888,0.9523809523809523,0.1111111111111111,0.047619047619047616,0.9206349206349206
ZENODO_10369064,levofloxacin,16,39,11,21,2,5,0.6875,0.9130434782608695,0.3125,0.08695652173913043,0.8002717391304348
ZENODO_10369064,levofloxacin,17,39,20,17,0,2,0.9090909090909091,1.0,0.0909090909090909,0.0,0.9545454545454546
ZENODO_10369064,levofloxacin,18,39,15,22,1,1,0.9375,0.9565217391304348,0.0625,0.043478260869565216,0.9470108695652174
ZENODO_10369064,levofloxacin,19,39,7,28,3,1,0.875,0.9032258064516129,0.125,0.0967741935483871,0.8891129032258065
ZENODO_10369064,levofloxacin,20,39,13,23,1,2,0.8666666666666667,0.9583333333333334,0.1333333333333333,0.041666666666666664,0.9125
ZENODO_10369064,levofloxacin,21,39,15,21,0,3,0.8333333333333334,1.0,0.1666666666666666,0.0,0.9166666666666669
ZENODO_10369064,levofloxacin,22,39,13,24,0,2,0.8666666666666667,1.0,0.1333333333333333,0.0,0.9333333333333332
ZENODO_10369064,levofloxacin,23,39,12,24,1,2,0.8571428571428571,0.96,0.1428571428571428,0.04,0.9085714285714286
ZENODO_10369064,levofloxacin,24,39,15,22,0,2,0.8823529411764706,1.0,0.1176470588235294,0.0,0.9411764705882352
ZENODO_10369064,levofloxacin,25,39,12,23,1,3,0.8,0.9583333333333334,0.2,0.041666666666666664,0.8791666666666667
ZENODO_10369064,levofloxacin,26,39,13,24,0,2,0.8666666666666667,1.0,0.1333333333333333,0.0,0.9333333333333332
ZENODO_10369064,levofloxacin,27,39,15,20,1,3,0.8333333333333334,0.9523809523809523,0.1666666666666666,0.047619047619047616,0.8928571428571428
ZENODO_10369064,levofloxacin,28,39,14,23,0,2,0.875,1.0,0.125,0.0,0.9375
ZENODO_10369064,levofloxacin,29,39,17,21,1,0,1.0,0.9545454545454546,0.0,0.045454545454545456,0.9772727272727272
ZENODO_10369064,levofloxacin,30,39,15,20,2,2,0.8823529411764706,0.9090909090909091,0.1176470588235294,0.09090909090909091,0.8957219251336899
ZENODO_10369064,levofloxacin,31,39,16,21,0,2,0.8888888888888888,1.0,0.1111111111111111,0.0,0.9444444444444444
ZENODO_10369064,levofloxacin,32,39,11,25,2,1,0.9166666666666666,0.9259259259259259,0.0833333333333333,0.07407407407407407,0.9212962962962964
ZENODO_10369064,levofloxacin,33,39,14,22,2,1,0.9333333333333333,0.9166666666666666,0.0666666666666666,0.08333333333333333,0.925
ZENODO_10369064,levofloxacin,34,39,18,19,2,0,1.0,0.9047619047619048,0.0,0.09523809523809523,0.9523809523809524
ZENODO_10369064,levofloxacin,35,39,15,21,2,1,0.9375,0.9130434782608695,0.0625,0.08695652173913043,0.9252717391304348
ZENODO_10369064,levofloxacin,36,39,13,26,0,0,1.0,1.0,0.0,0.0,1.0
ZENODO_10369064,levofloxacin,37,39,18,18,1,2,0.9,0.9473684210526315,0.1,0.05263157894736842,0.9236842105263158
ZENODO_10369064,levofloxacin,38,39,17,18,2,2,0.8947368421052632,0.9,0.1052631578947368,0.1,0.8973684210526316
ZENODO_10369064,levofloxacin,39,39,12,22,1,4,0.75,0.9565217391304348,0.25,0.043478260869565216,0.8532608695652174
ZENODO_10369064,levofloxacin,40,39,14,22,0,3,0.8235294117647058,1.0,0.1764705882352941,0.0,0.9117647058823528
ZENODO_10369064,levofloxacin,41,39,19,16,1,3,0.8636363636363636,0.9411764705882353,0.1363636363636363,0.058823529411764705,0.9024064171122994
ZENODO_10369064,levofloxacin,42,39,16,20,1,2,0.8888888888888888,0.9523809523809523,0.1111111111111111,0.047619047619047616,0.9206349206349206
ZENODO_10369064,levofloxacin,43,39,19,19,0,1,0.95,1.0,0.05,0.0,0.975
ZENODO_10369064,levofloxacin,44,39,20,17,1,1,0.9523809523809523,0.9444444444444444,0.0476190476190476,0.05555555555555555,0.9484126984126984
ZENODO_10369064,levofloxacin,45,39,14,21,1,3,0.8235294117647058,0.9545454545454546,0.1764705882352941,0.045454545454545456,0.8890374331550802
ZENODO_10369064,levofloxacin,46,39,12,25,1,1,0.9230769230769231,0.9615384615384616,0.0769230769230769,0.038461538461538464,0.9423076923076924
ZENODO_10369064,levofloxacin,47,39,8,29,1,1,0.8888888888888888,0.9666666666666667,0.1111111111111111,0.03333333333333333,0.9277777777777778
ZENODO_10369064,levofloxacin,48,39,15,20,3,1,0.9375,0.8695652173913043,0.0625,0.13043478260869565,0.903532608695652
ZENODO_10369064,levofloxacin,49,39,14,24,0,1,0.9333333333333333,1.0,0.0666666666666666,0.0,0.9666666666666668
ZENODO_10369064,levofloxacin,50,39,13,24,0,2,0.8666666666666667,1.0,0.1333333333333333,0.0,0.9333333333333332
ZENODO_10369064,levofloxacin,51,39,16,21,0,2,0.8888888888888888,1.0,0.1111111111111111,0.0,0.9444444444444444
ZENODO_10369064,levofloxacin,52,39,12,24,2,1,0.9230769230769231,0.9230769230769231,0.0769230769230769,0.07692307692307693,0.9230769230769232
ZENODO_10369064,levofloxacin,53,39,8,24,3,4,0.6666666666666666,0.8888888888888888,0.3333333333333333,0.1111111111111111,0.7777777777777777
ZENODO_10369064,levofloxacin,54,39,10,25,0,4,0.7142857142857143,1.0,0.2857142857142857,0.0,0.8571428571428572
ZENODO_10369064,levofloxacin,55,39,19,17,1,2,0.9047619047619048,0.9444444444444444,0.0952380952380952,0.05555555555555555,0.9246031746031746
ZENODO_10369064,levofloxacin,56,39,20,17,1,1,0.9523809523809523,0.9444444444444444,0.0476190476190476,0.05555555555555555,0.9484126984126984
ZENODO_10369064,levofloxacin,57,39,9,27,2,1,0.9,0.9310344827586207,0.1,0.06896551724137931,0.9155172413793105
ZENODO_10369064,levofloxacin,58,39,16,21,1,1,0.9411764705882353,0.9545454545454546,0.0588235294117647,0.045454545454545456,0.9478609625668448
ZENODO_10369064,levofloxacin,59,39,20,15,1,3,0.8695652173913043,0.9375,0.1304347826086956,0.0625,0.903532608695652
ZENODO_10369064,levofloxacin,60,39,16,21,0,2,0.8888888888888888,1.0,0.1111111111111111,0.0,0.9444444444444444
ZENODO_10369064,levofloxacin,61,39,16,21,1,1,0.9411764705882353,0.9545454545454546,0.0588235294117647,0.045454545454545456,0.9478609625668448
ZENODO_10369064,levofloxacin,62,39,14,22,0,3,0.8235294117647058,1.0,0.1764705882352941,0.0,0.9117647058823528
ZENODO_10369064,levofloxacin,63,39,17,20,1,1,0.9444444444444444,0.9523809523809523,0.0555555555555555,0.047619047619047616,0.9484126984126984
ZENODO_10369064,levofloxacin,64,39,14,23,1,1,0.9333333333333333,0.9583333333333334,0.0666666666666666,0.041666666666666664,0.9458333333333332
ZENODO_10369064,levofloxacin,65,39,15,22,1,1,0.9375,0.9565217391304348,0.0625,0.043478260869565216,0.9470108695652174
ZENODO_10369064,levofloxacin,66,39,8,23,2,6,0.5714285714285714,0.92,0.4285714285714285,0.08,0.7457142857142858
ZENODO_10369064,levofloxacin,67,39,12,25,0,2,0.8571428571428571,1.0,0.1428571428571428,0.0,0.9285714285714286
ZENODO_10369064,levofloxacin,68,39,14,25,0,0,1.0,1.0,0.0,0.0,1.0
ZENODO_10369064,levofloxacin,69,39,12,21,1,5,0.7058823529411765,0.9545454545454546,0.2941176470588235,0.045454545454545456,0.8302139037433156
ZENODO_10369064,levofloxacin,70,39,11,21,1,6,0.6470588235294118,0.9545454545454546,0.3529411764705882,0.045454545454545456,0.8008021390374331
ZENODO_10369064,levofloxacin,71,39,21,15,0,3,0.875,1.0,0.125,0.0,0.9375
ZENODO_10369064,levofloxacin,72,39,17,20,2,0,1.0,0.9090909090909091,0.0,0.09090909090909091,0.9545454545454546
ZENODO_10369064,levofloxacin,73,39,14,19,1,5,0.7368421052631579,0.95,0.2631578947368421,0.05,0.8434210526315788
ZENODO_10369064,levofloxacin,74,39,14,24,1,0,1.0,0.96,0.0,0.04,0.98
ZENODO_10369064,levofloxacin,75,39,14,22,2,1,0.9333333333333333,0.9166666666666666,0.0666666666666666,0.08333333333333333,0.925
ZENODO_10369064,levofloxacin,76,39,15,22,1,1,0.9375,0.9565217391304348,0.0625,0.043478260869565216,0.9470108695652174
ZENODO_10369064,levofloxacin,77,39,13,23,0,3,0.8125,1.0,0.1875,0.0,0.90625
ZENODO_10369064,levofloxacin,78,39,12,26,1,0,1.0,0.9629629629629629,0.0,0.037037037037037035,0.9814814814814814
ZENODO_10369064,levofloxacin,79,39,17,21,0,1,0.9444444444444444,1.0,0.0555555555555555,0.0,0.9722222222222222
ZENODO_10369064,levofloxacin,80,39,14,24,0,1,0.9333333333333333,1.0,0.0666666666666666,0.0,0.9666666666666668
ZENODO_10369064,levofloxacin,81,39,12,21,3,3,0.8,0.875,0.2,0.125,0.8375
ZENODO_10369064,levofloxacin,82,39,10,23,3,3,0.7692307692307693,0.8846153846153846,0.2307692307692307,0.11538461538461539,0.8269230769230769
ZENODO_10369064,levofloxacin,83,39,17,16,2,4,0.8095238095238095,0.8888888888888888,0.1904761904761904,0.1111111111111111,0.8492063492063492
ZENODO_10369064,levofloxacin,84,39,18,18,2,1,0.9473684210526315,0.9,0.0526315789473684,0.1,0.9236842105263158
ZENODO_10369064,levofloxacin,85,39,10,24,2,3,0.7692307692307693,0.9230769230769231,0.2307692307692307,0.07692307692307693,0.8461538461538463
ZENODO_10369064,levofloxacin,86,39,18,16,3,2,0.9,0.8421052631578947,0.1,0.15789473684210525,0.8710526315789473
ZENODO_10369064,levofloxacin,87,39,13,23,0,3,0.8125,1.0,0.1875,0.0,0.90625
ZENODO_10369064,levofloxacin,88,39,14,22,2,1,0.9333333333333333,0.9166666666666666,0.0666666666666666,0.08333333333333333,0.925
ZENODO_10369064,levofloxacin,89,39,15,21,0,3,0.8333333333333334,1.0,0.1666666666666666,0.0,0.9166666666666669
ZENODO_10369064,levofloxacin,90,39,11,24,1,3,0.7857142857142857,0.96,0.2142857142857142,0.04,0.8728571428571428
ZENODO_10369064,levofloxacin,91,39,12,26,0,1,0.9230769230769231,1.0,0.0769230769230769,0.0,0.9615384615384616
ZENODO_10369064,levofloxacin,92,39,10,28,1,0,1.0,0.9655172413793104,0.0,0.034482758620689655,0.9827586206896552
ZENODO_10369064,levofloxacin,93,39,16,19,1,3,0.8421052631578947,0.95,0.1578947368421052,0.05,0.8960526315789473
ZENODO_10369064,levofloxacin,94,39,13,25,0,1,0.9285714285714286,1.0,0.0714285714285714,0.0,0.9642857142857144
ZENODO_10369064,levofloxacin,95,39,14,20,0,5,0.7368421052631579,1.0,0.2631578947368421,0.0,0.868421052631579
ZENODO_10369064,levofloxacin,96,39,7,29,1,2,0.7777777777777778,0.9666666666666667,0.2222222222222222,0.03333333333333333,0.8722222222222222
ZENODO_10369064,levofloxacin,97,39,12,20,3,4,0.75,0.8695652173913043,0.25,0.13043478260869565,0.8097826086956521
ZENODO_10369064,levofloxacin,98,39,17,20,1,1,0.9444444444444444,0.9523809523809523,0.0555555555555555,0.047619047619047616,0.9484126984126984
ZENODO_10369064,levofloxacin,99,39,14,21,2,2,0.875,0.9130434782608695,0.125,0.08695652173913043,0.8940217391304348
ZENODO_10369064,levofloxacin,100,39,19,17,1,2,0.9047619047619048,0.9444444444444444,0.0952380952380952,0.05555555555555555,0.9246031746031746
ZENODO_10369064,levofloxacin,101,39,13,23,1,2,0.8666666666666667,0.9583333333333334,0.1333333333333333,0.041666666666666664,0.9125
ZENODO_10369064,levofloxacin,102,39,15,22,2,0,1.0,0.9166666666666666,0.0,0.08333333333333333,0.9583333333333331
ZENODO_10369064,levofloxacin,103,39,18,18,1,2,0.9,0.9473684210526315,0.1,0.05263157894736842,0.9236842105263158
ZENODO_10369064,levofloxacin,104,39,11,25,0,3,0.7857142857142857,1.0,0.2142857142857142,0.0,0.8928571428571428
ZENODO_10369064,levofloxacin,105,39,11,24,1,3,0.7857142857142857,0.96,0.2142857142857142,0.04,0.8728571428571428
ZENODO_10369064,levofloxacin,106,39,9,27,0,3,0.75,1.0,0.25,0.0,0.875
ZENODO_10369064,levofloxacin,107,39,14,20,1,4,0.7777777777777778,0.9523809523809523,0.2222222222222222,0.047619047619047616,0.8650793650793651
ZENODO_10369064,levofloxacin,108,39,18,19,0,2,0.9,1.0,0.1,0.0,0.95
ZENODO_10369064,levofloxacin,109,39,20,17,0,2,0.9090909090909091,1.0,0.0909090909090909,0.0,0.9545454545454546
ZENODO_10369064,levofloxacin,110,39,13,26,0,0,1.0,1.0,0.0,0.0,1.0
ZENODO_10369064,levofloxacin,111,39,14,19,2,4,0.7777777777777778,0.9047619047619048,0.2222222222222222,0.09523809523809523,0.8412698412698413
ZENODO_10369064,levofloxacin,112,39,15,19,2,3,0.8333333333333334,0.9047619047619048,0.1666666666666666,0.09523809523809523,0.8690476190476191
ZENODO_10369064,levofloxacin,113,39,14,23,1,1,0.9333333333333333,0.9583333333333334,0.0666666666666666,0.041666666666666664,0.9458333333333332
ZENODO_10369064,levofloxacin,114,39,16,21,0,2,0.8888888888888888,1.0,0.1111111111111111,0.0,0.9444444444444444
ZENODO_10369064,levofloxacin,115,39,13,23,0,3,0.8125,1.0,0.1875,0.0,0.90625
ZENODO_10369064,levofloxacin,116,39,18,18,0,3,0.8571428571428571,1.0,0.1428571428571428,0.0,0.9285714285714286
ZENODO_10369064,levofloxacin,117,39,18,17,0,4,0.8181818181818182,1.0,0.1818181818181818,0.0,0.9090909090909092
ZENODO_10369064,levofloxacin,118,39,13,24,1,1,0.9285714285714286,0.96,0.0714285714285714,0.04,0.9442857142857144
ZENODO_10369064,levofloxacin,119,39,10,28,0,1,0.9090909090909091,1.0,0.0909090909090909,0.0,0.9545454545454546
ZENODO_10369064,levofloxacin,120,39,18,18,1,2,0.9,0.9473684210526315,0.1,0.05263157894736842,0.9236842105263158
ZENODO_10369064,levofloxacin,121,39,6,30,1,2,0.75,0.967741935483871,0.25,0.03225806451612903,0.8588709677419355
ZENODO_10369064,levofloxacin,122,39,11,25,0,3,0.7857142857142857,1.0,0.2142857142857142,0.0,0.8928571428571428
ZENODO_10369064,levofloxacin,123,39,15,22,1,1,0.9375,0.9565217391304348,0.0625,0.043478260869565216,0.9470108695652174
ZENODO_10369064,levofloxacin,124,39,17,19,2,1,0.9444444444444444,0.9047619047619048,0.0555555555555555,0.09523809523809523,0.9246031746031746
ZENODO_10369064,levofloxacin,125,39,17,19,2,1,0.9444444444444444,0.9047619047619048,0.0555555555555555,0.09523809523809523,0.9246031746031746
ZENODO_10369064,levofloxacin,126,39,14,23,2,0,1.0,0.92,0.0,0.08,0.96
ZENODO_10369064,levofloxacin,127,39,15,20,0,4,0.7894736842105263,1.0,0.2105263157894736,0.0,0.8947368421052632
ZENODO_10369064,levofloxacin,128,39,12,25,0,2,0.8571428571428571,1.0,0.1428571428571428,0.0,0.9285714285714286
ZENODO_10369064,levofloxacin,129,39,18,17,1,3,0.8571428571428571,0.9444444444444444,0.1428571428571428,0.05555555555555555,0.9007936507936508
ZENODO_10369064,levofloxacin,130,39,12,24,1,2,0.8571428571428571,0.96,0.1428571428571428,0.04,0.9085714285714286
ZENODO_10369064,levofloxacin,131,39,13,23,2,1,0.9285714285714286,0.92,0.0714285714285714,0.08,0.9242857142857144
ZENODO_10369064,levofloxacin,132,39,15,21,3,0,1.0,0.875,0.0,0.125,0.9375
ZENODO_10369064,levofloxacin,133,39,13,25,0,1,0.9285714285714286,1.0,0.0714285714285714,0.0,0.9642857142857144
ZENODO_10369064,levofloxacin,134,39,11,25,1,2,0.8461538461538461,0.9615384615384616,0.1538461538461538,0.038461538461538464,0.903846153846154
ZENODO_10369064,levofloxacin,135,39,12,24,1,2,0.8571428571428571,0.96,0.1428571428571428,0.04,0.9085714285714286
ZENODO_10369064,levofloxacin,136,39,14,21,3,1,0.9333333333333333,0.875,0.0666666666666666,0.125,0.9041666666666668
ZENODO_10369064,levofloxacin,137,39,17,20,0,2,0.8947368421052632,1.0,0.1052631578947368,0.0,0.9473684210526316
ZENODO_10369064,levofloxacin,138,39,14,23,0,2,0.875,1.0,0.125,0.0,0.9375
ZENODO_10369064,levofloxacin,139,39,21,17,0,1,0.9545454545454546,1.0,0.0454545454545454,0.0,0.9772727272727272
ZENODO_10369064,levofloxacin,140,39,20,15,3,1,0.9523809523809523,0.8333333333333334,0.0476190476190476,0.16666666666666666,0.8928571428571428
ZENODO_10369064,levofloxacin,141,39,10,24,1,4,0.7142857142857143,0.96,0.2857142857142857,0.04,0.8371428571428572
ZENODO_10369064,levofloxacin,142,39,11,23,1,4,0.7333333333333333,0.9583333333333334,0.2666666666666666,0.041666666666666664,0.8458333333333333
ZENODO_10369064,levofloxacin,143,39,15,23,0,1,0.9375,1.0,0.0625,0.0,0.96875
ZENODO_10369064,levofloxacin,144,39,16,21,1,1,0.9411764705882353,0.9545454545454546,0.0588235294117647,0.045454545454545456,0.9478609625668448
ZENODO_10369064,levofloxacin,145,39,10,27,1,1,0.9090909090909091,0.9642857142857143,0.0909090909090909,0.03571428571428571,0.9366883116883116
ZENODO_10369064,levofloxacin,146,39,11,25,1,2,0.8461538461538461,0.9615384615384616,0.1538461538461538,0.038461538461538464,0.903846153846154
ZENODO_10369064,levofloxacin,147,39,15,21,2,1,0.9375,0.9130434782608695,0.0625,0.08695652173913043,0.9252717391304348
ZENODO_10369064,levofloxacin,148,39,14,23,2,0,1.0,0.92,0.0,0.08,0.96
ZENODO_10369064,levofloxacin,149,39,12,24,1,2,0.8571428571428571,0.96,0.1428571428571428,0.04,0.9085714285714286
ZENODO_10369064,levofloxacin,150,39,17,21,0,1,0.9444444444444444,1.0,0.0555555555555555,0.0,0.9722222222222222
ZENODO_10369064,levofloxacin,151,39,9,26,2,2,0.8181818181818182,0.9285714285714286,0.1818181818181818,0.07142857142857142,0.8733766233766234
ZENODO_10369064,levofloxacin,152,39,18,19,0,2,0.9,1.0,0.1,0.0,0.95
ZENODO_10369064,levofloxacin,153,39,15,19,1,4,0.7894736842105263,0.95,0.2105263157894736,0.05,0.8697368421052631
ZENODO_10369064,levofloxacin,154,39,11,25,1,2,0.8461538461538461,0.9615384615384616,0.1538461538461538,0.038461538461538464,0.903846153846154
ZENODO_10369064,levofloxacin,155,39,16,21,0,2,0.8888888888888888,1.0,0.1111111111111111,0.0,0.9444444444444444
ZENODO_10369064,levofloxacin,156,39,14,21,2,2,0.875,0.9130434782608695,0.125,0.08695652173913043,0.8940217391304348
ZENODO_10369064,levofloxacin,157,39,17,15,0,7,0.7083333333333334,1.0,0.2916666666666667,0.0,0.8541666666666667
ZENODO_10369064,levofloxacin,158,39,15,23,0,1,0.9375,1.0,0.0625,0.0,0.96875
ZENODO_10369064,levofloxacin,159,39,15,23,0,1,0.9375,1.0,0.0625,0.0,0.96875
ZENODO_10369064,levofloxacin,160,39,15,21,2,1,0.9375,0.9130434782608695,0.0625,0.08695652173913043,0.9252717391304348
ZENODO_10369064,levofloxacin,161,39,18,18,1,2,0.9,0.9473684210526315,0.1,0.05263157894736842,0.9236842105263158
ZENODO_10369064,levofloxacin,162,39,18,21,0,0,1.0,1.0,0.0,0.0,1.0
ZENODO_10369064,levofloxacin,163,39,12,25,1,1,0.9230769230769231,0.9615384615384616,0.0769230769230769,0.038461538461538464,0.9423076923076924
ZENODO_10369064,levofloxacin,164,39,15,22,1,1,0.9375,0.9565217391304348,0.0625,0.043478260869565216,0.9470108695652174
ZENODO_10369064,levofloxacin,165,39,14,23,1,1,0.9333333333333333,0.9583333333333334,0.0666666666666666,0.041666666666666664,0.9458333333333332
ZENODO_10369064,levofloxacin,166,39,13,23,1,2,0.8666666666666667,0.9583333333333334,0.1333333333333333,0.041666666666666664,0.9125
ZENODO_10369064,levofloxacin,167,39,15,22,1,1,0.9375,0.9565217391304348,0.0625,0.043478260869565216,0.9470108695652174
ZENODO_10369064,levofloxacin,168,39,18,19,2,0,1.0,0.9047619047619048,0.0,0.09523809523809523,0.9523809523809524
ZENODO_10369064,levofloxacin,169,39,12,23,3,1,0.9230769230769231,0.8846153846153846,0.0769230769230769,0.11538461538461539,0.903846153846154
ZENODO_10369064,levofloxacin,170,39,16,21,1,1,0.9411764705882353,0.9545454545454546,0.0588235294117647,0.045454545454545456,0.9478609625668448
ZENODO_10369064,levofloxacin,171,39,13,23,0,3,0.8125,1.0,0.1875,0.0,0.90625
ZENODO_10369064,levofloxacin,172,39,12,24,3,0,1.0,0.8888888888888888,0.0,0.1111111111111111,0.9444444444444444
ZENODO_10369064,levofloxacin,173,39,14,21,1,3,0.8235294117647058,0.9545454545454546,0.1764705882352941,0.045454545454545456,0.8890374331550802
ZENODO_10369064,levofloxacin,174,39,13,22,2,2,0.8666666666666667,0.9166666666666666,0.1333333333333333,0.08333333333333333,0.8916666666666666
ZENODO_10369064,levofloxacin,175,39,14,24,1,0,1.0,0.96,0.0,0.04,0.98
ZENODO_10369064,levofloxacin,176,39,12,24,0,3,0.8,1.0,0.2,0.0,0.9
ZENODO_10369064,levofloxacin,177,39,16,23,0,0,1.0,1.0,0.0,0.0,1.0
ZENODO_10369064,levofloxacin,178,39,15,22,1,1,0.9375,0.9565217391304348,0.0625,0.043478260869565216,0.9470108695652174
ZENODO_10369064,levofloxacin,179,39,15,23,0,1,0.9375,1.0,0.0625,0.0,0.96875
ZENODO_10369064,levofloxacin,180,39,11,22,1,5,0.6875,0.9565217391304348,0.3125,0.043478260869565216,0.8220108695652174
ZENODO_10369064,levofloxacin,181,39,16,22,0,1,0.9411764705882353,1.0,0.0588235294117647,0.0,0.9705882352941176
ZENODO_10369064,levofloxacin,182,39,14,23,2,0,1.0,0.92,0.0,0.08,0.96
ZENODO_10369064,levofloxacin,183,39,13,20,2,4,0.7647058823529411,0.9090909090909091,0.2352941176470588,0.09090909090909091,0.8368983957219251
ZENODO_10369064,levofloxacin,184,39,13,23,1,2,0.8666666666666667,0.9583333333333334,0.1333333333333333,0.041666666666666664,0.9125
ZENODO_10369064,levofloxacin,185,39,16,20,1,2,0.8888888888888888,0.9523809523809523,0.1111111111111111,0.047619047619047616,0.9206349206349206
ZENODO_10369064,levofloxacin,186,39,13,21,1,4,0.7647058823529411,0.9545454545454546,0.2352941176470588,0.045454545454545456,0.8596256684491979
ZENODO_10369064,levofloxacin,187,39,12,25,1,1,0.9230769230769231,0.9615384615384616,0.0769230769230769,0.038461538461538464,0.9423076923076924
ZENODO_10369064,levofloxacin,188,39,15,22,1,1,0.9375,0.9565217391304348,0.0625,0.043478260869565216,0.9470108695652174
ZENODO_10369064,levofloxacin,189,39,17,19,2,1,0.9444444444444444,0.9047619047619048,0.0555555555555555,0.09523809523809523,0.9246031746031746
ZENODO_10369064,levofloxacin,190,39,10,28,0,1,0.9090909090909091,1.0,0.0909090909090909,0.0,0.9545454545454546
ZENODO_10369064,levofloxacin,191,39,8,27,2,2,0.8,0.9310344827586207,0.2,0.06896551724137931,0.8655172413793104
ZENODO_10369064,levofloxacin,192,39,13,23,1,2,0.8666666666666667,0.9583333333333334,0.1333333333333333,0.041666666666666664,0.9125
ZENODO_10369064,levofloxacin,193,39,12,22,0,5,0.7058823529411765,1.0,0.2941176470588235,0.0,0.8529411764705883
ZENODO_10369064,levofloxacin,194,39,11,26,0,2,0.8461538461538461,1.0,0.1538461538461538,0.0,0.9230769230769232
ZENODO_10369064,levofloxacin,195,39,10,27,1,1,0.9090909090909091,0.9642857142857143,0.0909090909090909,0.03571428571428571,0.9366883116883116
ZENODO_10369064,levofloxacin,196,39,15,19,1,4,0.7894736842105263,0.95,0.2105263157894736,0.05,0.8697368421052631
ZENODO_10369064,levofloxacin,197,39,15,23,0,1,0.9375,1.0,0.0625,0.0,0.96875
ZENODO_10369064,levofloxacin,198,39,17,22,0,0,1.0,1.0,0.0,0.0,1.0
ZENODO_10369064,levofloxacin,199,39,12,25,0,2,0.8571428571428571,1.0,0.1428571428571428,0.0,0.9285714285714286
ZENODO_10369064,levofloxacin,200,39,14,23,1,1,0.9333333333333333,0.9583333333333334,0.0666666666666666,0.041666666666666664,0.9458333333333332
ZENODO_10369064,levofloxacin,201,39,15,22,1,1,0.9375,0.9565217391304348,0.0625,0.043478260869565216,0.9470108695652174
ZENODO_10369064,levofloxacin,202,39,19,18,1,1,0.95,0.9473684210526315,0.05,0.05263157894736842,0.9486842105263158
ZENODO_10369064,levofloxacin,203,39,13,19,1,6,0.6842105263157895,0.95,0.3157894736842105,0.05,0.8171052631578948
ZENODO_10369064,levofloxacin,204,39,12,23,1,3,0.8,0.9583333333333334,0.2,0.041666666666666664,0.8791666666666667
ZENODO_10369064,levofloxacin,205,39,13,22,1,3,0.8125,0.9565217391304348,0.1875,0.043478260869565216,0.8845108695652174
ZENODO_10369064,levofloxacin,206,39,8,27,1,3,0.7272727272727273,0.9642857142857143,0.2727272727272727,0.03571428571428571,0.8457792207792207
ZENODO_10369064,levofloxacin,207,39,18,21,0,0,1.0,1.0,0.0,0.0,1.0
ZENODO_10369064,levofloxacin,208,39,18,20,1,0,1.0,0.9523809523809523,0.0,0.047619047619047616,0.9761904761904762
ZENODO_10369064,levofloxacin,209,39,14,23,0,2,0.875,1.0,0.125,0.0,0.9375
ZENODO_10369064,levofloxacin,210,39,11,26,0,2,0.8461538461538461,1.0,0.1538461538461538,0.0,0.9230769230769232
ZENODO_10369064,levofloxacin,211,39,11,27,1,0,1.0,0.9642857142857143,0.0,0.03571428571428571,0.9821428571428572
ZENODO_10369064,levofloxacin,212,39,13,25,0,1,0.9285714285714286,1.0,0.0714285714285714,0.0,0.9642857142857144
ZENODO_10369064,levofloxacin,213,39,12,23,3,1,0.9230769230769231,0.8846153846153846,0.0769230769230769,0.11538461538461539,0.903846153846154
ZENODO_10369064,levofloxacin,214,39,12,27,0,0,1.0,1.0,0.0,0.0,1.0
ZENODO_10369064,levofloxacin,215,39,13,19,1,6,0.6842105263157895,0.95,0.3157894736842105,0.05,0.8171052631578948
ZENODO_10369064,levofloxacin,216,39,9,27,0,3,0.75,1.0,0.25,0.0,0.875
ZENODO_10369064,levofloxacin,217,39,14,22,1,2,0.875,0.9565217391304348,0.125,0.043478260869565216,0.9157608695652174
ZENODO_10369064,levofloxacin,218,39,13,26,0,0,1.0,1.0,0.0,0.0,1.0
ZENODO_10369064,levofloxacin,219,39,17,17,0,5,0.7727272727272727,1.0,0.2272727272727272,0.0,0.8863636363636364
ZENODO_10369064,levofloxacin,220,39,20,17,1,1,0.9523809523809523,0.9444444444444444,0.0476190476190476,0.05555555555555555,0.9484126984126984
ZENODO_10369064,levofloxacin,221,39,14,22,0,3,0.8235294117647058,1.0,0.1764705882352941,0.0,0.9117647058823528
ZENODO_10369064,levofloxacin,222,39,11,24,2,2,0.8461538461538461,0.9230769230769231,0.1538461538461538,0.07692307692307693,0.8846153846153846
ZENODO_10369064,levofloxacin,223,39,19,17,1,2,0.9047619047619048,0.9444444444444444,0.0952380952380952,0.05555555555555555,0.9246031746031746
ZENODO_10369064,levofloxacin,224,39,12,26,1,0,1.0,0.9629629629629629,0.0,0.037037037037037035,0.9814814814814814
ZENODO_10369064,levofloxacin,225,39,13,23,0,3,0.8125,1.0,0.1875,0.0,0.90625
ZENODO_10369064,levofloxacin,226,39,16,21,0,2,0.8888888888888888,1.0,0.1111111111111111,0.0,0.9444444444444444
ZENODO_10369064,levofloxacin,227,39,13,22,2,2,0.8666666666666667,0.9166666666666666,0.1333333333333333,0.08333333333333333,0.8916666666666666
ZENODO_10369064,levofloxacin,228,39,13,22,1,3,0.8125,0.9565217391304348,0.1875,0.043478260869565216,0.8845108695652174
ZENODO_10369064,levofloxacin,229,39,13,21,1,4,0.7647058823529411,0.9545454545454546,0.2352941176470588,0.045454545454545456,0.8596256684491979
ZENODO_10369064,levofloxacin,230,39,18,20,0,1,0.9473684210526315,1.0,0.0526315789473684,0.0,0.9736842105263156
ZENODO_10369064,levofloxacin,231,39,14,21,3,1,0.9333333333333333,0.875,0.0666666666666666,0.125,0.9041666666666668
ZENODO_10369064,levofloxacin,232,39,9,24,3,3,0.75,0.8888888888888888,0.25,0.1111111111111111,0.8194444444444444
ZENODO_10369064,levofloxacin,233,39,12,23,2,2,0.8571428571428571,0.92,0.1428571428571428,0.08,0.8885714285714286
ZENODO_10369064,levofloxacin,234,39,12,24,1,2,0.8571428571428571,0.96,0.1428571428571428,0.04,0.9085714285714286
ZENODO_10369064,levofloxacin,235,39,9,22,4,4,0.6923076923076923,0.8461538461538461,0.3076923076923077,0.15384615384615385,0.7692307692307692
ZENODO_10369064,levofloxacin,236,39,11,25,0,3,0.7857142857142857,1.0,0.2142857142857142,0.0,0.8928571428571428
ZENODO_10369064,levofloxacin,237,39,11,24,1,3,0.7857142857142857,0.96,0.2142857142857142,0.04,0.8728571428571428
ZENODO_10369064,levofloxacin,238,39,14,22,1,2,0.875,0.9565217391304348,0.125,0.043478260869565216,0.9157608695652174
ZENODO_10369064,levofloxacin,239,39,13,26,0,0,1.0,1.0,0.0,0.0,1.0
ZENODO_10369064,levofloxacin,240,39,15,19,1,4,0.7894736842105263,0.95,0.2105263157894736,0.05,0.8697368421052631
ZENODO_10369064,levofloxacin,241,39,10,24,2,3,0.7692307692307693,0.9230769230769231,0.2307692307692307,0.07692307692307693,0.8461538461538463
ZENODO_10369064,levofloxacin,242,39,19,19,0,1,0.95,1.0,0.05,0.0,0.975
ZENODO_10369064,levofloxacin,243,39,16,20,1,2,0.8888888888888888,0.9523809523809523,0.1111111111111111,0.047619047619047616,0.9206349206349206
ZENODO_10369064,levofloxacin,244,39,15,23,1,0,1.0,0.9583333333333334,0.0,0.041666666666666664,0.9791666666666669
ZENODO_10369064,levofloxacin,245,39,14,25,0,0,1.0,1.0,0.0,0.0,1.0
ZENODO_10369064,levofloxacin,246,39,9,27,1,2,0.8181818181818182,0.9642857142857143,0.1818181818181818,0.03571428571428571,0.8912337662337663
ZENODO_10369064,levofloxacin,247,39,14,21,2,2,0.875,0.9130434782608695,0.125,0.08695652173913043,0.8940217391304348
ZENODO_10369064,levofloxacin,248,39,15,21,1,2,0.8823529411764706,0.9545454545454546,0.1176470588235294,0.045454545454545456,0.9184491978609626
ZENODO_10369064,levofloxacin,249,39,17,21,1,0,1.0,0.9545454545454546,0.0,0.045454545454545456,0.9772727272727272
ZENODO_10369064,levofloxacin,250,39,11,22,0,6,0.6470588235294118,1.0,0.3529411764705882,0.0,0.8235294117647058
ZENODO_10369064,levofloxacin,251,39,9,24,2,4,0.6923076923076923,0.9230769230769231,0.3076923076923077,0.07692307692307693,0.8076923076923077
ZENODO_10369064,levofloxacin,252,39,14,24,1,0,1.0,0.96,0.0,0.04,0.98
ZENODO_10369064,levofloxacin,253,39,16,22,0,1,0.9411764705882353,1.0,0.0588235294117647,0.0,0.9705882352941176
ZENODO_10369064,levofloxacin,254,39,13,22,1,3,0.8125,0.9565217391304348,0.1875,0.043478260869565216,0.8845108695652174
ZENODO_10369064,levofloxacin,255,39,14,20,3,2,0.875,0.8695652173913043,0.125,0.13043478260869565,0.8722826086956521
ZENODO_10369064,levofloxacin,256,39,15,20,1,3,0.8333333333333334,0.9523809523809523,0.1666666666666666,0.047619047619047616,0.8928571428571428
ZENODO_10369064,levofloxacin,257,39,15,19,3,2,0.8823529411764706,0.8636363636363636,0.1176470588235294,0.13636363636363635,0.8729946524064172
ZENODO_10369064,levofloxacin,258,39,16,19,1,3,0.8421052631578947,0.95,0.1578947368421052,0.05,0.8960526315789473
ZENODO_10369064,levofloxacin,259,39,9,25,2,3,0.75,0.9259259259259259,0.25,0.07407407407407407,0.837962962962963
ZENODO_10369064,levofloxacin,260,39,8,26,0,5,0.6153846153846154,1.0,0.3846153846153846,0.0,0.8076923076923077
ZENODO_10369064,levofloxacin,261,39,16,21,1,1,0.9411764705882353,0.9545454545454546,0.0588235294117647,0.045454545454545456,0.9478609625668448
ZENODO_10369064,levofloxacin,262,39,14,23,0,2,0.875,1.0,0.125,0.0,0.9375
ZENODO_10369064,levofloxacin,263,39,19,17,1,2,0.9047619047619048,0.9444444444444444,0.0952380952380952,0.05555555555555555,0.9246031746031746
ZENODO_10369064,levofloxacin,264,39,16,20,1,2,0.8888888888888888,0.9523809523809523,0.1111111111111111,0.047619047619047616,0.9206349206349206
ZENODO_10369064,levofloxacin,265,39,13,24,1,1,0.9285714285714286,0.96,0.0714285714285714,0.04,0.9442857142857144
ZENODO_10369064,levofloxacin,266,39,15,23,0,1,0.9375,1.0,0.0625,0.0,0.96875
ZENODO_10369064,levofloxacin,267,39,12,24,2,1,0.9230769230769231,0.9230769230769231,0.0769230769230769,0.07692307692307693,0.9230769230769232
ZENODO_10369064,levofloxacin,268,39,15,21,2,1,0.9375,0.9130434782608695,0.0625,0.08695652173913043,0.9252717391304348
ZENODO_10369064,levofloxacin,269,39,14,19,4,2,0.875,0.8260869565217391,0.125,0.17391304347826086,0.8505434782608696
ZENODO_10369064,levofloxacin,270,39,13,22,1,3,0.8125,0.9565217391304348,0.1875,0.043478260869565216,0.8845108695652174
ZENODO_10369064,levofloxacin,271,39,13,26,0,0,1.0,1.0,0.0,0.0,1.0
ZENODO_10369064,levofloxacin,272,39,12,26,1,0,1.0,0.9629629629629629,0.0,0.037037037037037035,0.9814814814814814
ZENODO_10369064,levofloxacin,273,39,18,20,0,1,0.9473684210526315,1.0,0.0526315789473684,0.0,0.9736842105263156
ZENODO_10369064,levofloxacin,274,39,14,19,3,3,0.8235294117647058,0.8636363636363636,0.1764705882352941,0.13636363636363635,0.8435828877005347
ZENODO_10369064,levofloxacin,275,39,17,19,1,2,0.8947368421052632,0.95,0.1052631578947368,0.05,0.9223684210526316
ZENODO_10369064,levofloxacin,276,39,14,22,1,2,0.875,0.9565217391304348,0.125,0.043478260869565216,0.9157608695652174
ZENODO_10369064,levofloxacin,277,39,14,21,1,3,0.8235294117647058,0.9545454545454546,0.1764705882352941,0.045454545454545456,0.8890374331550802
ZENODO_10369064,levofloxacin,278,39,17,18,2,2,0.8947368421052632,0.9,0.1052631578947368,0.1,0.8973684210526316
ZENODO_10369064,levofloxacin,279,39,8,28,1,2,0.8,0.9655172413793104,0.2,0.034482758620689655,0.8827586206896552
ZENODO_10369064,levofloxacin,280,39,10,24,1,4,0.7142857142857143,0.96,0.2857142857142857,0.04,0.8371428571428572
ZENODO_10369064,levofloxacin,281,39,13,21,2,3,0.8125,0.9130434782608695,0.1875,0.08695652173913043,0.8627717391304348
ZENODO_10369064,levofloxacin,282,39,15,21,1,2,0.8823529411764706,0.9545454545454546,0.1176470588235294,0.045454545454545456,0.9184491978609626
ZENODO_10369064,levofloxacin,283,39,16,17,2,4,0.8,0.8947368421052632,0.2,0.10526315789473684,0.8473684210526315
ZENODO_10369064,levofloxacin,284,39,10,24,1,4,0.7142857142857143,0.96,0.2857142857142857,0.04,0.8371428571428572
ZENODO_10369064,levofloxacin,285,39,13,23,0,3,0.8125,1.0,0.1875,0.0,0.90625
ZENODO_10369064,levofloxacin,286,39,17,20,1,1,0.9444444444444444,0.9523809523809523,0.0555555555555555,0.047619047619047616,0.9484126984126984
ZENODO_10369064,levofloxacin,287,39,17,17,1,4,0.8095238095238095,0.9444444444444444,0.1904761904761904,0.05555555555555555,0.876984126984127
ZENODO_10369064,levofloxacin,288,39,12,25,0,2,0.8571428571428571,1.0,0.1428571428571428,0.0,0.9285714285714286
ZENODO_10369064,levofloxacin,289,39,16,19,2,2,0.8888888888888888,0.9047619047619048,0.1111111111111111,0.09523809523809523,0.8968253968253967
ZENODO_10369064,levofloxacin,290,39,12,24,2,1,0.9230769230769231,0.9230769230769231,0.0769230769230769,0.07692307692307693,0.9230769230769232
ZENODO_10369064,levofloxacin,291,39,9,25,1,4,0.6923076923076923,0.9615384615384616,0.3076923076923077,0.038461538461538464,0.8269230769230769
ZENODO_10369064,levofloxacin,292,39,11,22,2,4,0.7333333333333333,0.9166666666666666,0.2666666666666666,0.08333333333333333,0.825
ZENODO_10369064,levofloxacin,293,39,16,21,1,1,0.9411764705882353,0.9545454545454546,0.0588235294117647,0.045454545454545456,0.9478609625668448
ZENODO_10369064,levofloxacin,294,39,13,25,1,0,1.0,0.9615384615384616,0.0,0.038461538461538464,0.9807692307692308
ZENODO_10369064,levofloxacin,295,39,13,23,1,2,0.8666666666666667,0.9583333333333334,0.1333333333333333,0.041666666666666664,0.9125
ZENODO_10369064,levofloxacin,296,39,16,20,1,2,0.8888888888888888,0.9523809523809523,0.1111111111111111,0.047619047619047616,0.9206349206349206
ZENODO_10369064,levofloxacin,297,39,12,27,0,0,1.0,1.0,0.0,0.0,1.0
ZENODO_10369064,levofloxacin,298,39,11,26,0,2,0.8461538461538461,1.0,0.1538461538461538,0.0,0.9230769230769232
ZENODO_10369064,levofloxacin,299,39,11,24,1,3,0.7857142857142857,0.96,0.2142857142857142,0.04,0.8728571428571428
ZENODO_10369064,levofloxacin,300,39,21,17,1,0,1.0,0.9444444444444444,0.0,0.05555555555555555,0.9722222222222222
ZENODO_10369064,levofloxacin,301,39,10,25,1,3,0.7692307692307693,0.9615384615384616,0.2307692307692307,0.038461538461538464,0.8653846153846154
ZENODO_10369064,levofloxacin,302,39,12,25,0,2,0.8571428571428571,1.0,0.1428571428571428,0.0,0.9285714285714286
ZENODO_10369064,levofloxacin,303,39,12,21,1,5,0.7058823529411765,0.9545454545454546,0.2941176470588235,0.045454545454545456,0.8302139037433156
ZENODO_10369064,levofloxacin,304,39,19,17,0,3,0.8636363636363636,1.0,0.1363636363636363,0.0,0.931818181818182
ZENODO_10369064,levofloxacin,305,39,11,26,1,1,0.9166666666666666,0.9629629629629629,0.0833333333333333,0.037037037037037035,0.9398148148148148
ZENODO_10369064,levofloxacin,306,39,15,21,1,2,0.8823529411764706,0.9545454545454546,0.1176470588235294,0.045454545454545456,0.9184491978609626
ZENODO_10369064,levofloxacin,307,39,11,25,1,2,0.8461538461538461,0.9615384615384616,0.1538461538461538,0.038461538461538464,0.903846153846154
ZENODO_10369064,levofloxacin,308,39,16,22,0,1,0.9411764705882353,1.0,0.0588235294117647,0.0,0.9705882352941176
ZENODO_10369064,levofloxacin,309,39,14,23,1,1,0.9333333333333333,0.9583333333333334,0.0666666666666666,0.041666666666666664,0.9458333333333332
ZENODO_10369064,levofloxacin,310,39,11,26,1,1,0.9166666666666666,0.9629629629629629,0.0833333333333333,0.037037037037037035,0.9398148148148148
ZENODO_10369064,levofloxacin,311,39,11,25,1,2,0.8461538461538461,0.9615384615384616,0.1538461538461538,0.038461538461538464,0.903846153846154
ZENODO_10369064,levofloxacin,312,39,15,18,2,4,0.7894736842105263,0.9,0.2105263157894736,0.1,0.8447368421052632
ZENODO_10369064,levofloxacin,313,39,17,19,2,1,0.9444444444444444,0.9047619047619048,0.0555555555555555,0.09523809523809523,0.9246031746031746
ZENODO_10369064,levofloxacin,314,39,14,20,2,3,0.8235294117647058,0.9090909090909091,0.1764705882352941,0.09090909090909091,0.8663101604278074
ZENODO_10369064,levofloxacin,315,39,23,15,1,0,1.0,0.9375,0.0,0.0625,0.96875
ZENODO_10369064,levofloxacin,316,39,9,25,2,3,0.75,0.9259259259259259,0.25,0.07407407407407407,0.837962962962963
ZENODO_10369064,levofloxacin,317,39,15,21,1,2,0.8823529411764706,0.9545454545454546,0.1176470588235294,0.045454545454545456,0.9184491978609626
ZENODO_10369064,levofloxacin,318,39,13,19,2,5,0.7222222222222222,0.9047619047619048,0.2777777777777778,0.09523809523809523,0.8134920634920635
ZENODO_10369064,levofloxacin,319,39,13,22,2,2,0.8666666666666667,0.9166666666666666,0.1333333333333333,0.08333333333333333,0.8916666666666666
ZENODO_10369064,levofloxacin,320,39,11,20,3,5,0.6875,0.8695652173913043,0.3125,0.13043478260869565,0.7785326086956521
ZENODO_10369064,levofloxacin,321,39,11,22,1,5,0.6875,0.9565217391304348,0.3125,0.043478260869565216,0.8220108695652174
ZENODO_10369064,levofloxacin,322,39,12,25,0,2,0.8571428571428571,1.0,0.1428571428571428,0.0,0.9285714285714286
ZENODO_10369064,levofloxacin,323,39,15,21,0,3,0.8333333333333334,1.0,0.1666666666666666,0.0,0.9166666666666669
ZENODO_10369064,levofloxacin,324,39,12,22,3,2,0.8571428571428571,0.88,0.1428571428571428,0.12,0.8685714285714285
ZENODO_10369064,levofloxacin,325,39,19,19,0,1,0.95,1.0,0.05,0.0,0.975
ZENODO_10369064,levofloxacin,326,39,15,21,0,3,0.8333333333333334,1.0,0.1666666666666666,0.0,0.9166666666666669
ZENODO_10369064,levofloxacin,327,39,20,14,1,4,0.8333333333333334,0.9333333333333333,0.1666666666666666,0.06666666666666667,0.8833333333333333
ZENODO_10369064,levofloxacin,328,39,16,19,1,3,0.8421052631578947,0.95,0.1578947368421052,0.05,0.8960526315789473
ZENODO_10369064,levofloxacin,329,39,14,24,0,1,0.9333333333333333,1.0,0.0666666666666666,0.0,0.9666666666666668
ZENODO_10369064,levofloxacin,330,39,11,25,1,2,0.8461538461538461,0.9615384615384616,0.1538461538461538,0.038461538461538464,0.903846153846154
ZENODO_10369064,levofloxacin,331,39,16,20,0,3,0.8421052631578947,1.0,0.1578947368421052,0.0,0.9210526315789472
ZENODO_10369064,levofloxacin,332,39,18,19,2,0,1.0,0.9047619047619048,0.0,0.09523809523809523,0.9523809523809524
ZENODO_10369064,levofloxacin,333,39,16,19,2,2,0.8888888888888888,0.9047619047619048,0.1111111111111111,0.09523809523809523,0.8968253968253967
ZENODO_10369064,levofloxacin,334,39,16,22,0,1,0.9411764705882353,1.0,0.0588235294117647,0.0,0.9705882352941176
ZENODO_10369064,levofloxacin,335,39,15,22,0,2,0.8823529411764706,1.0,0.1176470588235294,0.0,0.9411764705882352
ZENODO_10369064,levofloxacin,336,39,14,21,0,4,0.7777777777777778,1.0,0.2222222222222222,0.0,0.8888888888888888
ZENODO_10369064,levofloxacin,337,39,14,22,3,0,1.0,0.88,0.0,0.12,0.94
ZENODO_10369064,levofloxacin,338,39,16,20,1,2,0.8888888888888888,0.9523809523809523,0.1111111111111111,0.047619047619047616,0.9206349206349206
ZENODO_10369064,levofloxacin,339,39,12,25,0,2,0.8571428571428571,1.0,0.1428571428571428,0.0,0.9285714285714286
ZENODO_10369064,levofloxacin,340,39,13,22,0,4,0.7647058823529411,1.0,0.2352941176470588,0.0,0.8823529411764706
ZENODO_10369064,levofloxacin,341,39,13,24,0,2,0.8666666666666667,1.0,0.1333333333333333,0.0,0.9333333333333332
ZENODO_10369064,levofloxacin,342,39,17,19,0,3,0.85,1.0,0.15,0.0,0.925
ZENODO_10369064,levofloxacin,343,39,15,21,0,3,0.8333333333333334,1.0,0.1666666666666666,0.0,0.9166666666666669
ZENODO_10369064,levofloxacin,344,39,17,17,3,2,0.8947368421052632,0.85,0.1052631578947368,0.15,0.8723684210526316
ZENODO_10369064,levofloxacin,345,39,11,24,3,1,0.9166666666666666,0.8888888888888888,0.0833333333333333,0.1111111111111111,0.9027777777777776
ZENODO_10369064,levofloxacin,346,39,14,23,0,2,0.875,1.0,0.125,0.0,0.9375
ZENODO_10369064,levofloxacin,347,39,14,19,2,4,0.7777777777777778,0.9047619047619048,0.2222222222222222,0.09523809523809523,0.8412698412698413
ZENODO_10369064,levofloxacin,348,39,13,22,3,1,0.9285714285714286,0.88,0.0714285714285714,0.12,0.9042857142857144
ZENODO_10369064,levofloxacin,349,39,14,20,1,4,0.7777777777777778,0.9523809523809523,0.2222222222222222,0.047619047619047616,0.8650793650793651
ZENODO_10369064,levofloxacin,350,39,18,17,2,2,0.9,0.8947368421052632,0.1,0.10526315789473684,0.8973684210526316
ZENODO_10369064,levofloxacin,351,39,11,24,1,3,0.7857142857142857,0.96,0.2142857142857142,0.04,0.8728571428571428
ZENODO_10369064,levofloxacin,352,39,14,24,1,0,1.0,0.96,0.0,0.04,0.98
ZENODO_10369064,levofloxacin,353,39,15,21,0,3,0.8333333333333334,1.0,0.1666666666666666,0.0,0.9166666666666669
ZENODO_10369064,levofloxacin,354,39,9,29,1,0,1.0,0.9666666666666667,0.0,0.03333333333333333,0.9833333333333334
ZENODO_10369064,levofloxacin,355,39,12,27,0,0,1.0,1.0,0.0,0.0,1.0
ZENODO_10369064,levofloxacin,356,39,9,27,2,1,0.9,0.9310344827586207,0.1,0.06896551724137931,0.9155172413793105
ZENODO_10369064,levofloxacin,357,39,16,22,1,0,1.0,0.9565217391304348,0.0,0.043478260869565216,0.9782608695652174
ZENODO_10369064,levofloxacin,358,39,13,22,1,3,0.8125,0.9565217391304348,0.1875,0.043478260869565216,0.8845108695652174
ZENODO_10369064,levofloxacin,359,39,21,16,1,1,0.9545454545454546,0.9411764705882353,0.0454545454545454,0.058823529411764705,0.9478609625668448
ZENODO_10369064,levofloxacin,360,39,17,21,0,1,0.9444444444444444,1.0,0.0555555555555555,0.0,0.9722222222222222
ZENODO_10369064,levofloxacin,361,39,12,25,0,2,0.8571428571428571,1.0,0.1428571428571428,0.0,0.9285714285714286
ZENODO_10369064,levofloxacin,362,39,8,28,0,3,0.7272727272727273,1.0,0.2727272727272727,0.0,0.8636363636363636
ZENODO_10369064,levofloxacin,363,39,16,22,1,0,1.0,0.9565217391304348,0.0,0.043478260869565216,0.9782608695652174
ZENODO_10369064,levofloxacin,364,39,18,19,0,2,0.9,1.0,0.1,0.0,0.95
ZENODO_10369064,levofloxacin,365,39,15,19,0,5,0.75,1.0,0.25,0.0,0.875
ZENODO_10369064,levofloxacin,366,39,12,22,1,4,0.75,0.9565217391304348,0.25,0.043478260869565216,0.8532608695652174
ZENODO_10369064,levofloxacin,367,39,21,15,0,3,0.875,1.0,0.125,0.0,0.9375
ZENODO_10369064,levofloxacin,368,39,15,23,0,1,0.9375,1.0,0.0625,0.0,0.96875
ZENODO_10369064,levofloxacin,369,39,18,20,0,1,0.9473684210526315,1.0,0.0526315789473684,0.0,0.9736842105263156
ZENODO_10369064,levofloxacin,370,39,10,26,1,2,0.8333333333333334,0.9629629629629629,0.1666666666666666,0.037037037037037035,0.8981481481481481
ZENODO_10369064,levofloxacin,371,39,15,18,1,5,0.75,0.9473684210526315,0.25,0.05263157894736842,0.8486842105263157
ZENODO_10369064,levofloxacin,372,39,13,21,1,4,0.7647058823529411,0.9545454545454546,0.2352941176470588,0.045454545454545456,0.8596256684491979
ZENODO_10369064,levofloxacin,373,39,12,24,2,1,0.9230769230769231,0.9230769230769231,0.0769230769230769,0.07692307692307693,0.9230769230769232
ZENODO_10369064,levofloxacin,374,39,15,20,1,3,0.8333333333333334,0.9523809523809523,0.1666666666666666,0.047619047619047616,0.8928571428571428
ZENODO_10369064,levofloxacin,375,39,13,24,0,2,0.8666666666666667,1.0,0.1333333333333333,0.0,0.9333333333333332
ZENODO_10369064,levofloxacin,376,39,20,17,0,2,0.9090909090909091,1.0,0.0909090909090909,0.0,0.9545454545454546
ZENODO_10369064,levofloxacin,377,39,14,21,3,1,0.9333333333333333,0.875,0.0666666666666666,0.125,0.9041666666666668
ZENODO_10369064,levofloxacin,378,39,17,18,1,3,0.85,0.9473684210526315,0.15,0.05263157894736842,0.8986842105263158
ZENODO_10369064,levofloxacin,379,39,13,21,1,4,0.7647058823529411,0.9545454545454546,0.2352941176470588,0.045454545454545456,0.8596256684491979
ZENODO_10369064,levofloxacin,380,39,11,22,2,4,0.7333333333333333,0.9166666666666666,0.2666666666666666,0.08333333333333333,0.825
ZENODO_10369064,levofloxacin,381,39,15,22,0,2,0.8823529411764706,1.0,0.1176470588235294,0.0,0.9411764705882352
ZENODO_10369064,levofloxacin,382,39,8,26,3,2,0.8,0.896551724137931,0.2,0.10344827586206896,0.8482758620689655
ZENODO_10369064,levofloxacin,383,39,16,19,0,4,0.8,1.0,0.2,0.0,0.9
ZENODO_10369064,levofloxacin,384,39,11,24,1,3,0.7857142857142857,0.96,0.2142857142857142,0.04,0.8728571428571428
ZENODO_10369064,levofloxacin,385,39,16,21,0,2,0.8888888888888888,1.0,0.1111111111111111,0.0,0.9444444444444444
ZENODO_10369064,levofloxacin,386,39,9,27,3,0,1.0,0.9,0.0,0.1,0.95
ZENODO_10369064,levofloxacin,387,39,8,31,0,0,1.0,1.0,0.0,0.0,1.0
ZENODO_10369064,levofloxacin,388,39,11,24,3,1,0.9166666666666666,0.8888888888888888,0.0833333333333333,0.1111111111111111,0.9027777777777776
ZENODO_10369064,levofloxacin,389,39,10,26,2,1,0.9090909090909091,0.9285714285714286,0.0909090909090909,0.07142857142857142,0.9188311688311688
ZENODO_10369064,levofloxacin,390,39,12,26,0,1,0.9230769230769231,1.0,0.0769230769230769,0.0,0.9615384615384616
ZENODO_10369064,levofloxacin,391,39,11,24,1,3,0.7857142857142857,0.96,0.2142857142857142,0.04,0.8728571428571428
ZENODO_10369064,levofloxacin,392,39,12,25,0,2,0.8571428571428571,1.0,0.1428571428571428,0.0,0.9285714285714286
ZENODO_10369064,levofloxacin,393,39,11,25,2,1,0.9166666666666666,0.9259259259259259,0.0833333333333333,0.07407407407407407,0.9212962962962964
ZENODO_10369064,levofloxacin,394,39,16,21,2,0,1.0,0.9130434782608695,0.0,0.08695652173913043,0.9565217391304348
ZENODO_10369064,levofloxacin,395,39,11,24,1,3,0.7857142857142857,0.96,0.2142857142857142,0.04,0.8728571428571428
ZENODO_10369064,levofloxacin,396,39,9,26,1,3,0.75,0.9629629629629629,0.25,0.037037037037037035,0.8564814814814814
ZENODO_10369064,levofloxacin,397,39,20,18,0,1,0.9523809523809523,1.0,0.0476190476190476,0.0,0.9761904761904762
ZENODO_10369064,levofloxacin,398,39,13,25,0,1,0.9285714285714286,1.0,0.0714285714285714,0.0,0.9642857142857144
ZENODO_10369064,levofloxacin,399,39,14,23,0,2,0.875,1.0,0.125,0.0,0.9375
ZENODO_10369064,levofloxacin,400,39,17,20,1,1,0.9444444444444444,0.9523809523809523,0.0555555555555555,0.047619047619047616,0.9484126984126984
ZENODO_10369064,levofloxacin,401,39,16,23,0,0,1.0,1.0,0.0,0.0,1.0
ZENODO_10369064,levofloxacin,402,39,14,22,0,3,0.8235294117647058,1.0,0.1764705882352941,0.0,0.9117647058823528
ZENODO_10369064,levofloxacin,403,39,17,21,0,1,0.9444444444444444,1.0,0.0555555555555555,0.0,0.9722222222222222
ZENODO_10369064,levofloxacin,404,39,17,19,2,1,0.9444444444444444,0.9047619047619048,0.0555555555555555,0.09523809523809523,0.9246031746031746
ZENODO_10369064,levofloxacin,405,39,15,20,2,2,0.8823529411764706,0.9090909090909091,0.1176470588235294,0.09090909090909091,0.8957219251336899
ZENODO_10369064,levofloxacin,406,39,14,23,1,1,0.9333333333333333,0.9583333333333334,0.0666666666666666,0.041666666666666664,0.9458333333333332
ZENODO_10369064,levofloxacin,407,39,17,20,1,1,0.9444444444444444,0.9523809523809523,0.0555555555555555,0.047619047619047616,0.9484126984126984
ZENODO_10369064,levofloxacin,408,39,11,27,0,1,0.9166666666666666,1.0,0.0833333333333333,0.0,0.9583333333333331
ZENODO_10369064,levofloxacin,409,39,19,18,1,1,0.95,0.9473684210526315,0.05,0.05263157894736842,0.9486842105263158
ZENODO_10369064,levofloxacin,410,39,13,24,0,2,0.8666666666666667,1.0,0.1333333333333333,0.0,0.9333333333333332
ZENODO_10369064,levofloxacin,411,39,16,23,0,0,1.0,1.0,0.0,0.0,1.0
ZENODO_10369064,levofloxacin,412,39,10,26,0,3,0.7692307692307693,1.0,0.2307692307692307,0.0,0.8846153846153846
ZENODO_10369064,levofloxacin,413,39,14,23,0,2,0.875,1.0,0.125,0.0,0.9375
ZENODO_10369064,levofloxacin,414,39,14,23,0,2,0.875,1.0,0.125,0.0,0.9375
ZENODO_10369064,levofloxacin,415,39,19,18,0,2,0.9047619047619048,1.0,0.0952380952380952,0.0,0.9523809523809524
ZENODO_10369064,levofloxacin,416,39,9,27,1,2,0.8181818181818182,0.9642857142857143,0.1818181818181818,0.03571428571428571,0.8912337662337663
ZENODO_10369064,levofloxacin,417,39,14,22,2,1,0.9333333333333333,0.9166666666666666,0.0666666666666666,0.08333333333333333,0.925
ZENODO_10369064,levofloxacin,418,39,7,27,2,3,0.7,0.9310344827586207,0.3,0.06896551724137931,0.8155172413793104
ZENODO_10369064,levofloxacin,419,39,9,27,1,2,0.8181818181818182,0.9642857142857143,0.1818181818181818,0.03571428571428571,0.8912337662337663
ZENODO_10369064,levofloxacin,420,39,17,22,0,0,1.0,1.0,0.0,0.0,1.0
ZENODO_10369064,levofloxacin,421,39,12,21,3,3,0.8,0.875,0.2,0.125,0.8375
ZENODO_10369064,levofloxacin,422,39,10,26,1,2,0.8333333333333334,0.9629629629629629,0.1666666666666666,0.037037037037037035,0.8981481481481481
ZENODO_10369064,levofloxacin,423,39,14,20,0,5,0.7368421052631579,1.0,0.2631578947368421,0.0,0.868421052631579
ZENODO_10369064,levofloxacin,424,39,12,26,1,0,1.0,0.9629629629629629,0.0,0.037037037037037035,0.9814814814814814
ZENODO_10369064,levofloxacin,425,39,9,27,2,1,0.9,0.9310344827586207,0.1,0.06896551724137931,0.9155172413793105
ZENODO_10369064,levofloxacin,426,39,16,21,0,2,0.8888888888888888,1.0,0.1111111111111111,0.0,0.9444444444444444
ZENODO_10369064,levofloxacin,427,39,15,21,0,3,0.8333333333333334,1.0,0.1666666666666666,0.0,0.9166666666666669
ZENODO_10369064,levofloxacin,428,39,18,18,0,3,0.8571428571428571,1.0,0.1428571428571428,0.0,0.9285714285714286
ZENODO_10369064,levofloxacin,429,39,11,25,1,2,0.8461538461538461,0.9615384615384616,0.1538461538461538,0.038461538461538464,0.903846153846154
ZENODO_10369064,levofloxacin,430,39,14,23,1,1,0.9333333333333333,0.9583333333333334,0.0666666666666666,0.041666666666666664,0.9458333333333332
ZENODO_10369064,levofloxacin,431,39,18,20,0,1,0.9473684210526315,1.0,0.0526315789473684,0.0,0.9736842105263156
ZENODO_10369064,levofloxacin,432,39,15,16,3,5,0.75,0.8421052631578947,0.25,0.15789473684210525,0.7960526315789473
ZENODO_10369064,levofloxacin,433,39,15,21,1,2,0.8823529411764706,0.9545454545454546,0.1176470588235294,0.045454545454545456,0.9184491978609626
ZENODO_10369064,levofloxacin,434,39,16,22,0,1,0.9411764705882353,1.0,0.0588235294117647,0.0,0.9705882352941176
ZENODO_10369064,levofloxacin,435,39,11,27,1,0,1.0,0.9642857142857143,0.0,0.03571428571428571,0.9821428571428572
ZENODO_10369064,levofloxacin,436,39,14,22,0,3,0.8235294117647058,1.0,0.1764705882352941,0.0,0.9117647058823528
ZENODO_10369064,levofloxacin,437,39,13,22,3,1,0.9285714285714286,0.88,0.0714285714285714,0.12,0.9042857142857144
ZENODO_10369064,levofloxacin,438,39,15,20,0,4,0.7894736842105263,1.0,0.2105263157894736,0.0,0.8947368421052632
ZENODO_10369064,levofloxacin,439,39,13,21,2,3,0.8125,0.9130434782608695,0.1875,0.08695652173913043,0.8627717391304348
ZENODO_10369064,levofloxacin,440,39,16,22,0,1,0.9411764705882353,1.0,0.0588235294117647,0.0,0.9705882352941176
ZENODO_10369064,levofloxacin,441,39,19,19,1,0,1.0,0.95,0.0,0.05,0.975
ZENODO_10369064,levofloxacin,442,39,15,21,2,1,0.9375,0.9130434782608695,0.0625,0.08695652173913043,0.9252717391304348
ZENODO_10369064,levofloxacin,443,39,14,22,1,2,0.875,0.9565217391304348,0.125,0.043478260869565216,0.9157608695652174
ZENODO_10369064,levofloxacin,444,39,13,25,1,0,1.0,0.9615384615384616,0.0,0.038461538461538464,0.9807692307692308
ZENODO_10369064,levofloxacin,445,39,15,24,0,0,1.0,1.0,0.0,0.0,1.0
ZENODO_10369064,levofloxacin,446,39,20,15,1,3,0.8695652173913043,0.9375,0.1304347826086956,0.0625,0.903532608695652
ZENODO_10369064,levofloxacin,447,39,12,19,4,4,0.75,0.8260869565217391,0.25,0.17391304347826086,0.7880434782608696
ZENODO_10369064,levofloxacin,448,39,11,23,2,3,0.7857142857142857,0.92,0.2142857142857142,0.08,0.8528571428571429
ZENODO_10369064,levofloxacin,449,39,12,23,1,3,0.8,0.9583333333333334,0.2,0.041666666666666664,0.8791666666666667
ZENODO_10369064,levofloxacin,450,39,13,24,1,1,0.9285714285714286,0.96,0.0714285714285714,0.04,0.9442857142857144
ZENODO_10369064,levofloxacin,451,39,10,25,2,2,0.8333333333333334,0.9259259259259259,0.1666666666666666,0.07407407407407407,0.8796296296296297
ZENODO_10369064,levofloxacin,452,39,11,25,2,1,0.9166666666666666,0.9259259259259259,0.0833333333333333,0.07407407407407407,0.9212962962962964
ZENODO_10369064,levofloxacin,453,39,14,23,0,2,0.875,1.0,0.125,0.0,0.9375
ZENODO_10369064,levofloxacin,454,39,16,21,1,1,0.9411764705882353,0.9545454545454546,0.0588235294117647,0.045454545454545456,0.9478609625668448
ZENODO_10369064,levofloxacin,455,39,18,19,1,1,0.9473684210526315,0.95,0.0526315789473684,0.05,0.9486842105263158
ZENODO_10369064,levofloxacin,456,39,14,22,0,3,0.8235294117647058,1.0,0.1764705882352941,0.0,0.9117647058823528
ZENODO_10369064,levofloxacin,457,39,13,21,2,3,0.8125,0.9130434782608695,0.1875,0.08695652173913043,0.8627717391304348
ZENODO_10369064,levofloxacin,458,39,16,21,0,2,0.8888888888888888,1.0,0.1111111111111111,0.0,0.9444444444444444
ZENODO_10369064,levofloxacin,459,39,16,22,0,1,0.9411764705882353,1.0,0.0588235294117647,0.0,0.9705882352941176
ZENODO_10369064,levofloxacin,460,39,13,22,1,3,0.8125,0.9565217391304348,0.1875,0.043478260869565216,0.8845108695652174
ZENODO_10369064,levofloxacin,461,39,15,24,0,0,1.0,1.0,0.0,0.0,1.0
ZENODO_10369064,levofloxacin,462,39,11,23,1,4,0.7333333333333333,0.9583333333333334,0.2666666666666666,0.041666666666666664,0.8458333333333333
ZENODO_10369064,levofloxacin,463,39,15,19,1,4,0.7894736842105263,0.95,0.2105263157894736,0.05,0.8697368421052631
ZENODO_10369064,levofloxacin,464,39,13,26,0,0,1.0,1.0,0.0,0.0,1.0
ZENODO_10369064,levofloxacin,465,39,10,26,1,2,0.8333333333333334,0.9629629629629629,0.1666666666666666,0.037037037037037035,0.8981481481481481
ZENODO_10369064,levofloxacin,466,39,21,16,1,1,0.9545454545454546,0.9411764705882353,0.0454545454545454,0.058823529411764705,0.9478609625668448
ZENODO_10369064,levofloxacin,467,39,11,22,2,4,0.7333333333333333,0.9166666666666666,0.2666666666666666,0.08333333333333333,0.825
ZENODO_10369064,levofloxacin,468,39,11,25,1,2,0.8461538461538461,0.9615384615384616,0.1538461538461538,0.038461538461538464,0.903846153846154
ZENODO_10369064,levofloxacin,469,39,14,24,0,1,0.9333333333333333,1.0,0.0666666666666666,0.0,0.9666666666666668
ZENODO_10369064,levofloxacin,470,39,12,18,2,7,0.631578947368421,0.9,0.3684210526315789,0.1,0.7657894736842106
ZENODO_10369064,levofloxacin,471,39,16,21,0,2,0.8888888888888888,1.0,0.1111111111111111,0.0,0.9444444444444444
ZENODO_10369064,levofloxacin,472,39,16,19,1,3,0.8421052631578947,0.95,0.1578947368421052,0.05,0.8960526315789473
ZENODO_10369064,levofloxacin,473,39,14,22,1,2,0.875,0.9565217391304348,0.125,0.043478260869565216,0.9157608695652174
ZENODO_10369064,levofloxacin,474,39,13,22,1,3,0.8125,0.9565217391304348,0.1875,0.043478260869565216,0.8845108695652174
ZENODO_10369064,levofloxacin,475,39,13,24,1,1,0.9285714285714286,0.96,0.0714285714285714,0.04,0.9442857142857144
ZENODO_10369064,levofloxacin,476,39,10,25,1,3,0.7692307692307693,0.9615384615384616,0.2307692307692307,0.038461538461538464,0.8653846153846154
ZENODO_10369064,levofloxacin,477,39,10,24,3,2,0.8333333333333334,0.8888888888888888,0.1666666666666666,0.1111111111111111,0.8611111111111112
ZENODO_10369064,levofloxacin,478,39,9,26,3,1,0.9,0.896551724137931,0.1,0.10344827586206896,0.8982758620689655
ZENODO_10369064,levofloxacin,479,39,12,25,0,2,0.8571428571428571,1.0,0.1428571428571428,0.0,0.9285714285714286
ZENODO_10369064,levofloxacin,480,39,12,25,1,1,0.9230769230769231,0.9615384615384616,0.0769230769230769,0.038461538461538464,0.9423076923076924
ZENODO_10369064,levofloxacin,481,39,11,25,1,2,0.8461538461538461,0.9615384615384616,0.1538461538461538,0.038461538461538464,0.903846153846154
ZENODO_10369064,levofloxacin,482,39,8,27,1,3,0.7272727272727273,0.9642857142857143,0.2727272727272727,0.03571428571428571,0.8457792207792207
ZENODO_10369064,levofloxacin,483,39,12,26,0,1,0.9230769230769231,1.0,0.0769230769230769,0.0,0.9615384615384616
ZENODO_10369064,levofloxacin,484,39,16,20,2,1,0.9411764705882353,0.9090909090909091,0.0588235294117647,0.09090909090909091,0.925133689839572
ZENODO_10369064,levofloxacin,485,39,13,22,1,3,0.8125,0.9565217391304348,0.1875,0.043478260869565216,0.8845108695652174
ZENODO_10369064,levofloxacin,486,39,13,19,2,5,0.7222222222222222,0.9047619047619048,0.2777777777777778,0.09523809523809523,0.8134920634920635
ZENODO_10369064,levofloxacin,487,39,22,16,0,1,0.9565217391304348,1.0,0.0434782608695652,0.0,0.9782608695652174
ZENODO_10369064,levofloxacin,488,39,13,23,2,1,0.9285714285714286,0.92,0.0714285714285714,0.08,0.9242857142857144
ZENODO_10369064,levofloxacin,489,39,10,23,3,3,0.7692307692307693,0.8846153846153846,0.2307692307692307,0.11538461538461539,0.8269230769230769
ZENODO_10369064,levofloxacin,490,39,16,19,0,4,0.8,1.0,0.2,0.0,0.9
ZENODO_10369064,levofloxacin,491,39,13,21,1,4,0.7647058823529411,0.9545454545454546,0.2352941176470588,0.045454545454545456,0.8596256684491979
ZENODO_10369064,levofloxacin,492,39,16,21,1,1,0.9411764705882353,0.9545454545454546,0.0588235294117647,0.045454545454545456,0.9478609625668448
ZENODO_10369064,levofloxacin,493,39,16,20,1,2,0.8888888888888888,0.9523809523809523,0.1111111111111111,0.047619047619047616,0.9206349206349206
ZENODO_10369064,levofloxacin,494,39,7,24,3,5,0.5833333333333334,0.8888888888888888,0.4166666666666667,0.1111111111111111,0.7361111111111112
ZENODO_10369064,levofloxacin,495,39,15,22,1,1,0.9375,0.9565217391304348,0.0625,0.043478260869565216,0.9470108695652174
ZENODO_10369064,levofloxacin,496,39,9,25,2,3,0.75,0.9259259259259259,0.25,0.07407407407407407,0.837962962962963
ZENODO_10369064,levofloxacin,497,39,19,17,2,1,0.95,0.8947368421052632,0.05,0.10526315789473684,0.9223684210526316
ZENODO_10369064,levofloxacin,498,39,10,26,0,3,0.7692307692307693,1.0,0.2307692307692307,0.0,0.8846153846153846
ZENODO_10369064,levofloxacin,499,39,14,22,2,1,0.9333333333333333,0.9166666666666666,0.0666666666666666,0.08333333333333333,0.925
ZENODO_10369064,levofloxacin,500,39,16,22,1,0,1.0,0.9565217391304348,0.0,0.043478260869565216,0.9782608695652174
ZENODO_10369064,levofloxacin,501,39,11,24,2,2,0.8461538461538461,0.9230769230769231,0.1538461538461538,0.07692307692307693,0.8846153846153846
ZENODO_10369064,levofloxacin,502,39,14,23,1,1,0.9333333333333333,0.9583333333333334,0.0666666666666666,0.041666666666666664,0.9458333333333332
ZENODO_10369064,levofloxacin,503,39,13,23,1,2,0.8666666666666667,0.9583333333333334,0.1333333333333333,0.041666666666666664,0.9125
ZENODO_10369064,levofloxacin,504,39,13,24,1,1,0.9285714285714286,0.96,0.0714285714285714,0.04,0.9442857142857144
ZENODO_10369064,levofloxacin,505,39,17,21,0,1,0.9444444444444444,1.0,0.0555555555555555,0.0,0.9722222222222222
ZENODO_10369064,levofloxacin,506,39,12,25,1,1,0.9230769230769231,0.9615384615384616,0.0769230769230769,0.038461538461538464,0.9423076923076924
ZENODO_10369064,levofloxacin,507,39,14,21,1,3,0.8235294117647058,0.9545454545454546,0.1764705882352941,0.045454545454545456,0.8890374331550802
ZENODO_10369064,levofloxacin,508,39,12,26,1,0,1.0,0.9629629629629629,0.0,0.037037037037037035,0.9814814814814814
ZENODO_10369064,levofloxacin,509,39,16,16,2,5,0.7619047619047619,0.8888888888888888,0.238095238095238,0.1111111111111111,0.8253968253968254
ZENODO_10369064,levofloxacin,510,39,9,28,0,2,0.8181818181818182,1.0,0.1818181818181818,0.0,0.9090909090909092
ZENODO_10369064,levofloxacin,511,39,16,19,0,4,0.8,1.0,0.2,0.0,0.9
ZENODO_10369064,levofloxacin,512,39,17,20,2,0,1.0,0.9090909090909091,0.0,0.09090909090909091,0.9545454545454546
ZENODO_10369064,levofloxacin,513,39,15,23,1,0,1.0,0.9583333333333334,0.0,0.041666666666666664,0.9791666666666669
ZENODO_10369064,levofloxacin,514,39,18,18,2,1,0.9473684210526315,0.9,0.0526315789473684,0.1,0.9236842105263158
ZENODO_10369064,levofloxacin,515,39,14,20,1,4,0.7777777777777778,0.9523809523809523,0.2222222222222222,0.047619047619047616,0.8650793650793651
ZENODO_10369064,levofloxacin,516,39,9,27,0,3,0.75,1.0,0.25,0.0,0.875
ZENODO_10369064,levofloxacin,517,39,16,17,2,4,0.8,0.8947368421052632,0.2,0.10526315789473684,0.8473684210526315
ZENODO_10369064,levofloxacin,518,39,10,24,1,4,0.7142857142857143,0.96,0.2857142857142857,0.04,0.8371428571428572
ZENODO_10369064,levofloxacin,519,39,16,21,0,2,0.8888888888888888,1.0,0.1111111111111111,0.0,0.9444444444444444
ZENODO_10369064,levofloxacin,520,39,10,25,4,0,1.0,0.8620689655172413,0.0,0.13793103448275862,0.9310344827586208
ZENODO_10369064,levofloxacin,521,39,13,25,1,0,1.0,0.9615384615384616,0.0,0.038461538461538464,0.9807692307692308
ZENODO_10369064,levofloxacin,522,39,16,20,1,2,0.8888888888888888,0.9523809523809523,0.1111111111111111,0.047619047619047616,0.9206349206349206
ZENODO_10369064,levofloxacin,523,39,14,25,0,0,1.0,1.0,0.0,0.0,1.0
ZENODO_10369064,levofloxacin,524,39,13,22,3,1,0.9285714285714286,0.88,0.0714285714285714,0.12,0.9042857142857144
ZENODO_10369064,levofloxacin,525,39,18,19,0,2,0.9,1.0,0.1,0.0,0.95
ZENODO_10369064,levofloxacin,526,39,11,25,1,2,0.8461538461538461,0.9615384615384616,0.1538461538461538,0.038461538461538464,0.903846153846154
ZENODO_10369064,levofloxacin,527,39,12,19,2,6,0.6666666666666666,0.9047619047619048,0.3333333333333333,0.09523809523809523,0.7857142857142857
ZENODO_10369064,levofloxacin,528,39,17,21,0,1,0.9444444444444444,1.0,0.0555555555555555,0.0,0.9722222222222222
ZENODO_10369064,levofloxacin,529,39,12,26,0,1,0.9230769230769231,1.0,0.0769230769230769,0.0,0.9615384615384616
ZENODO_10369064,levofloxacin,530,39,15,22,0,2,0.8823529411764706,1.0,0.1176470588235294,0.0,0.9411764705882352
ZENODO_10369064,levofloxacin,531,39,13,22,3,1,0.9285714285714286,0.88,0.0714285714285714,0.12,0.9042857142857144
ZENODO_10369064,levofloxacin,532,39,15,19,2,3,0.8333333333333334,0.9047619047619048,0.1666666666666666,0.09523809523809523,0.8690476190476191
ZENODO_10369064,levofloxacin,533,39,10,21,2,6,0.625,0.9130434782608695,0.375,0.08695652173913043,0.7690217391304348
ZENODO_10369064,levofloxacin,534,39,15,22,1,1,0.9375,0.9565217391304348,0.0625,0.043478260869565216,0.9470108695652174
ZENODO_10369064,levofloxacin,535,39,11,24,1,3,0.7857142857142857,0.96,0.2142857142857142,0.04,0.8728571428571428
ZENODO_10369064,levofloxacin,536,39,13,25,1,0,1.0,0.9615384615384616,0.0,0.038461538461538464,0.9807692307692308
ZENODO_10369064,levofloxacin,537,39,11,26,0,2,0.8461538461538461,1.0,0.1538461538461538,0.0,0.9230769230769232
ZENODO_10369064,levofloxacin,538,39,13,23,1,2,0.8666666666666667,0.9583333333333334,0.1333333333333333,0.041666666666666664,0.9125
ZENODO_10369064,levofloxacin,539,39,15,18,2,4,0.7894736842105263,0.9,0.2105263157894736,0.1,0.8447368421052632
ZENODO_10369064,levofloxacin,540,39,21,17,1,0,1.0,0.9444444444444444,0.0,0.05555555555555555,0.9722222222222222
ZENODO_10369064,levofloxacin,541,39,14,23,1,1,0.9333333333333333,0.9583333333333334,0.0666666666666666,0.041666666666666664,0.9458333333333332
ZENODO_10369064,levofloxacin,542,39,13,26,0,0,1.0,1.0,0.0,0.0,1.0
ZENODO_10369064,levofloxacin,543,39,8,27,1,3,0.7272727272727273,0.9642857142857143,0.2727272727272727,0.03571428571428571,0.8457792207792207
ZENODO_10369064,levofloxacin,544,39,16,18,0,5,0.7619047619047619,1.0,0.238095238095238,0.0,0.8809523809523809
ZENODO_10369064,levofloxacin,545,39,14,20,1,4,0.7777777777777778,0.9523809523809523,0.2222222222222222,0.047619047619047616,0.8650793650793651
ZENODO_10369064,levofloxacin,546,39,11,23,1,4,0.7333333333333333,0.9583333333333334,0.2666666666666666,0.041666666666666664,0.8458333333333333
ZENODO_10369064,levofloxacin,547,39,12,26,1,0,1.0,0.9629629629629629,0.0,0.037037037037037035,0.9814814814814814
ZENODO_10369064,levofloxacin,548,39,20,17,1,1,0.9523809523809523,0.9444444444444444,0.0476190476190476,0.05555555555555555,0.9484126984126984
ZENODO_10369064,levofloxacin,549,39,14,22,1,2,0.875,0.9565217391304348,0.125,0.043478260869565216,0.9157608695652174
ZENODO_10369064,levofloxacin,550,39,12,23,1,3,0.8,0.9583333333333334,0.2,0.041666666666666664,0.8791666666666667
ZENODO_10369064,levofloxacin,551,39,13,21,0,5,0.7222222222222222,1.0,0.2777777777777778,0.0,0.8611111111111112
ZENODO_10369064,levofloxacin,552,39,16,22,0,1,0.9411764705882353,1.0,0.0588235294117647,0.0,0.9705882352941176
ZENODO_10369064,levofloxacin,553,39,16,22,0,1,0.9411764705882353,1.0,0.0588235294117647,0.0,0.9705882352941176
ZENODO_10369064,levofloxacin,554,39,15,21,2,1,0.9375,0.9130434782608695,0.0625,0.08695652173913043,0.9252717391304348
ZENODO_10369064,levofloxacin,555,39,15,22,1,1,0.9375,0.9565217391304348,0.0625,0.043478260869565216,0.9470108695652174
ZENODO_10369064,levofloxacin,556,39,12,23,3,1,0.9230769230769231,0.8846153846153846,0.0769230769230769,0.11538461538461539,0.903846153846154
ZENODO_10369064,levofloxacin,557,39,10,26,1,2,0.8333333333333334,0.9629629629629629,0.1666666666666666,0.037037037037037035,0.8981481481481481
ZENODO_10369064,levofloxacin,558,39,16,22,0,1,0.9411764705882353,1.0,0.0588235294117647,0.0,0.9705882352941176
ZENODO_10369064,levofloxacin,559,39,18,19,0,2,0.9,1.0,0.1,0.0,0.95
ZENODO_10369064,levofloxacin,560,39,12,22,1,4,0.75,0.9565217391304348,0.25,0.043478260869565216,0.8532608695652174
ZENODO_10369064,levofloxacin,561,39,12,26,0,1,0.9230769230769231,1.0,0.0769230769230769,0.0,0.9615384615384616
ZENODO_10369064,levofloxacin,562,39,11,23,2,3,0.7857142857142857,0.92,0.2142857142857142,0.08,0.8528571428571429
ZENODO_10369064,levofloxacin,563,39,9,29,0,1,0.9,1.0,0.1,0.0,0.95
ZENODO_10369064,levofloxacin,564,39,16,21,2,0,1.0,0.9130434782608695,0.0,0.08695652173913043,0.9565217391304348
ZENODO_10369064,levofloxacin,565,39,14,25,0,0,1.0,1.0,0.0,0.0,1.0
ZENODO_10369064,levofloxacin,566,39,12,23,0,4,0.75,1.0,0.25,0.0,0.875
ZENODO_10369064,levofloxacin,567,39,15,22,1,1,0.9375,0.9565217391304348,0.0625,0.043478260869565216,0.9470108695652174
ZENODO_10369064,levofloxacin,568,39,12,25,0,2,0.8571428571428571,1.0,0.1428571428571428,0.0,0.9285714285714286
ZENODO_10369064,levofloxacin,569,39,14,21,0,4,0.7777777777777778,1.0,0.2222222222222222,0.0,0.8888888888888888
ZENODO_10369064,levofloxacin,570,39,18,16,0,5,0.782608695652174,1.0,0.217391304347826,0.0,0.8913043478260869
ZENODO_10369064,levofloxacin,571,39,11,26,1,1,0.9166666666666666,0.9629629629629629,0.0833333333333333,0.037037037037037035,0.9398148148148148
ZENODO_10369064,levofloxacin,572,39,11,27,1,0,1.0,0.9642857142857143,0.0,0.03571428571428571,0.9821428571428572
ZENODO_10369064,levofloxacin,573,39,12,24,1,2,0.8571428571428571,0.96,0.1428571428571428,0.04,0.9085714285714286
ZENODO_10369064,levofloxacin,574,39,8,27,0,4,0.6666666666666666,1.0,0.3333333333333333,0.0,0.8333333333333333
ZENODO_10369064,levofloxacin,575,39,11,24,2,2,0.8461538461538461,0.9230769230769231,0.1538461538461538,0.07692307692307693,0.8846153846153846
ZENODO_10369064,levofloxacin,576,39,15,20,0,4,0.7894736842105263,1.0,0.2105263157894736,0.0,0.8947368421052632
ZENODO_10369064,levofloxacin,577,39,15,18,3,3,0.8333333333333334,0.8571428571428571,0.1666666666666666,0.14285714285714285,0.8452380952380952
ZENODO_10369064,levofloxacin,578,39,15,22,1,1,0.9375,0.9565217391304348,0.0625,0.043478260869565216,0.9470108695652174
ZENODO_10369064,levofloxacin,579,39,10,26,1,2,0.8333333333333334,0.9629629629629629,0.1666666666666666,0.037037037037037035,0.8981481481481481
ZENODO_10369064,levofloxacin,580,39,14,21,3,1,0.9333333333333333,0.875,0.0666666666666666,0.125,0.9041666666666668
ZENODO_10369064,levofloxacin,581,39,17,21,0,1,0.9444444444444444,1.0,0.0555555555555555,0.0,0.9722222222222222
ZENODO_10369064,levofloxacin,582,39,14,23,1,1,0.9333333333333333,0.9583333333333334,0.0666666666666666,0.041666666666666664,0.9458333333333332
ZENODO_10369064,levofloxacin,583,39,12,26,0,1,0.9230769230769231,1.0,0.0769230769230769,0.0,0.9615384615384616
ZENODO_10369064,levofloxacin,584,39,15,19,2,3,0.8333333333333334,0.9047619047619048,0.1666666666666666,0.09523809523809523,0.8690476190476191
ZENODO_10369064,levofloxacin,585,39,21,17,0,1,0.9545454545454546,1.0,0.0454545454545454,0.0,0.9772727272727272
ZENODO_10369064,levofloxacin,586,39,8,26,3,2,0.8,0.896551724137931,0.2,0.10344827586206896,0.8482758620689655
ZENODO_10369064,levofloxacin,587,39,13,22,0,4,0.7647058823529411,1.0,0.2352941176470588,0.0,0.8823529411764706
ZENODO_10369064,levofloxacin,588,39,12,26,1,0,1.0,0.9629629629629629,0.0,0.037037037037037035,0.9814814814814814
ZENODO_10369064,levofloxacin,589,39,16,21,0,2,0.8888888888888888,1.0,0.1111111111111111,0.0,0.9444444444444444
ZENODO_10369064,levofloxacin,590,39,14,21,1,3,0.8235294117647058,0.9545454545454546,0.1764705882352941,0.045454545454545456,0.8890374331550802
ZENODO_10369064,levofloxacin,591,39,18,19,0,2,0.9,1.0,0.1,0.0,0.95
ZENODO_10369064,levofloxacin,592,39,20,18,0,1,0.9523809523809523,1.0,0.0476190476190476,0.0,0.9761904761904762
ZENODO_10369064,levofloxacin,593,39,12,20,1,6,0.6666666666666666,0.9523809523809523,0.3333333333333333,0.047619047619047616,0.8095238095238095
ZENODO_10369064,levofloxacin,594,39,17,20,1,1,0.9444444444444444,0.9523809523809523,0.0555555555555555,0.047619047619047616,0.9484126984126984
ZENODO_10369064,levofloxacin,595,39,15,22,0,2,0.8823529411764706,1.0,0.1176470588235294,0.0,0.9411764705882352
ZENODO_10369064,levofloxacin,596,39,14,22,1,2,0.875,0.9565217391304348,0.125,0.043478260869565216,0.9157608695652174
ZENODO_10369064,levofloxacin,597,39,16,22,1,0,1.0,0.9565217391304348,0.0,0.043478260869565216,0.9782608695652174
ZENODO_10369064,levofloxacin,598,39,14,19,1,5,0.7368421052631579,0.95,0.2631578947368421,0.05,0.8434210526315788
ZENODO_10369064,levofloxacin,599,39,12,20,2,5,0.7058823529411765,0.9090909090909091,0.2941176470588235,0.09090909090909091,0.8074866310160428
ZENODO_10369064,levofloxacin,600,39,15,20,2,2,0.8823529411764706,0.9090909090909091,0.1176470588235294,0.09090909090909091,0.8957219251336899
ZENODO_10369064,levofloxacin,601,39,11,25,1,2,0.8461538461538461,0.9615384615384616,0.1538461538461538,0.038461538461538464,0.903846153846154
ZENODO_10369064,levofloxacin,602,39,11,25,1,2,0.8461538461538461,0.9615384615384616,0.1538461538461538,0.038461538461538464,0.903846153846154
ZENODO_10369064,levofloxacin,603,39,15,21,1,2,0.8823529411764706,0.9545454545454546,0.1176470588235294,0.045454545454545456,0.9184491978609626
ZENODO_10369064,levofloxacin,604,39,18,18,1,2,0.9,0.9473684210526315,0.1,0.05263157894736842,0.9236842105263158
ZENODO_10369064,levofloxacin,605,39,12,26,0,1,0.9230769230769231,1.0,0.0769230769230769,0.0,0.9615384615384616
ZENODO_10369064,levofloxacin,606,39,11,24,1,3,0.7857142857142857,0.96,0.2142857142857142,0.04,0.8728571428571428
ZENODO_10369064,levofloxacin,607,39,13,23,1,2,0.8666666666666667,0.9583333333333334,0.1333333333333333,0.041666666666666664,0.9125
ZENODO_10369064,levofloxacin,608,39,15,21,0,3,0.8333333333333334,1.0,0.1666666666666666,0.0,0.9166666666666669
ZENODO_10369064,levofloxacin,609,39,14,22,0,3,0.8235294117647058,1.0,0.1764705882352941,0.0,0.9117647058823528
ZENODO_10369064,levofloxacin,610,39,12,22,2,3,0.8,0.9166666666666666,0.2,0.08333333333333333,0.8583333333333334
ZENODO_10369064,levofloxacin,611,39,12,24,0,3,0.8,1.0,0.2,0.0,0.9
ZENODO_10369064,levofloxacin,612,39,10,28,0,1,0.9090909090909091,1.0,0.0909090909090909,0.0,0.9545454545454546
ZENODO_10369064,levofloxacin,613,39,12,24,2,1,0.9230769230769231,0.9230769230769231,0.0769230769230769,0.07692307692307693,0.9230769230769232
ZENODO_10369064,levofloxacin,614,39,17,21,0,1,0.9444444444444444,1.0,0.0555555555555555,0.0,0.9722222222222222
ZENODO_10369064,levofloxacin,615,39,17,19,0,3,0.85,1.0,0.15,0.0,0.925
ZENODO_10369064,levofloxacin,616,39,17,14,3,5,0.7727272727272727,0.8235294117647058,0.2272727272727272,0.17647058823529413,0.7981283422459893
ZENODO_10369064,levofloxacin,617,39,14,16,1,8,0.6363636363636364,0.9411764705882353,0.3636363636363636,0.058823529411764705,0.7887700534759359
ZENODO_10369064,levofloxacin,618,39,16,16,2,5,0.7619047619047619,0.8888888888888888,0.238095238095238,0.1111111111111111,0.8253968253968254
ZENODO_10369064,levofloxacin,619,39,18,20,1,0,1.0,0.9523809523809523,0.0,0.047619047619047616,0.9761904761904762
ZENODO_10369064,levofloxacin,620,39,18,17,0,4,0.8181818181818182,1.0,0.1818181818181818,0.0,0.9090909090909092
ZENODO_10369064,levofloxacin,621,39,13,25,0,1,0.9285714285714286,1.0,0.0714285714285714,0.0,0.9642857142857144
ZENODO_10369064,levofloxacin,622,39,13,22,2,2,0.8666666666666667,0.9166666666666666,0.1333333333333333,0.08333333333333333,0.8916666666666666
ZENODO_10369064,levofloxacin,623,39,12,25,0,2,0.8571428571428571,1.0,0.1428571428571428,0.0,0.9285714285714286
ZENODO_10369064,levofloxacin,624,39,16,22,0,1,0.9411764705882353,1.0,0.0588235294117647,0.0,0.9705882352941176
ZENODO_10369064,levofloxacin,625,39,14,23,0,2,0.875,1.0,0.125,0.0,0.9375
ZENODO_10369064,levofloxacin,626,39,16,20,0,3,0.8421052631578947,1.0,0.1578947368421052,0.0,0.9210526315789472
ZENODO_10369064,levofloxacin,627,39,16,20,0,3,0.8421052631578947,1.0,0.1578947368421052,0.0,0.9210526315789472
ZENODO_10369064,levofloxacin,628,39,13,21,2,3,0.8125,0.9130434782608695,0.1875,0.08695652173913043,0.8627717391304348
ZENODO_10369064,levofloxacin,629,39,12,25,1,1,0.9230769230769231,0.9615384615384616,0.0769230769230769,0.038461538461538464,0.9423076923076924
ZENODO_10369064,levofloxacin,630,39,11,24,1,3,0.7857142857142857,0.96,0.2142857142857142,0.04,0.8728571428571428
ZENODO_10369064,levofloxacin,631,39,10,25,0,4,0.7142857142857143,1.0,0.2857142857142857,0.0,0.8571428571428572
ZENODO_10369064,levofloxacin,632,39,13,23,2,1,0.9285714285714286,0.92,0.0714285714285714,0.08,0.9242857142857144
ZENODO_10369064,levofloxacin,633,39,15,18,3,3,0.8333333333333334,0.8571428571428571,0.1666666666666666,0.14285714285714285,0.8452380952380952
ZENODO_10369064,levofloxacin,634,39,12,25,1,1,0.9230769230769231,0.9615384615384616,0.0769230769230769,0.038461538461538464,0.9423076923076924
ZENODO_10369064,levofloxacin,635,39,13,25,1,0,1.0,0.9615384615384616,0.0,0.038461538461538464,0.9807692307692308
ZENODO_10369064,levofloxacin,636,39,14,21,2,2,0.875,0.9130434782608695,0.125,0.08695652173913043,0.8940217391304348
ZENODO_10369064,levofloxacin,637,39,24,14,0,1,0.96,1.0,0.04,0.0,0.98
ZENODO_10369064,levofloxacin,638,39,9,27,2,1,0.9,0.9310344827586207,0.1,0.06896551724137931,0.9155172413793105
ZENODO_10369064,levofloxacin,639,39,11,25,1,2,0.8461538461538461,0.9615384615384616,0.1538461538461538,0.038461538461538464,0.903846153846154
ZENODO_10369064,levofloxacin,640,39,14,22,2,1,0.9333333333333333,0.9166666666666666,0.0666666666666666,0.08333333333333333,0.925
ZENODO_10369064,levofloxacin,641,39,14,22,2,1,0.9333333333333333,0.9166666666666666,0.0666666666666666,0.08333333333333333,0.925
ZENODO_10369064,levofloxacin,642,39,19,16,2,2,0.9047619047619048,0.8888888888888888,0.0952380952380952,0.1111111111111111,0.8968253968253967
ZENODO_10369064,levofloxacin,643,39,10,26,0,3,0.7692307692307693,1.0,0.2307692307692307,0.0,0.8846153846153846
ZENODO_10369064,levofloxacin,644,39,15,23,0,1,0.9375,1.0,0.0625,0.0,0.96875
ZENODO_10369064,levofloxacin,645,39,16,23,0,0,1.0,1.0,0.0,0.0,1.0
ZENODO_10369064,levofloxacin,646,39,10,24,0,5,0.6666666666666666,1.0,0.3333333333333333,0.0,0.8333333333333333
ZENODO_10369064,levofloxacin,647,39,19,17,0,3,0.8636363636363636,1.0,0.1363636363636363,0.0,0.931818181818182
ZENODO_10369064,levofloxacin,648,39,12,24,2,1,0.9230769230769231,0.9230769230769231,0.0769230769230769,0.07692307692307693,0.9230769230769232
ZENODO_10369064,levofloxacin,649,39,20,13,1,5,0.8,0.9285714285714286,0.2,0.07142857142857142,0.8642857142857143
ZENODO_10369064,levofloxacin,650,39,16,23,0,0,1.0,1.0,0.0,0.0,1.0
ZENODO_10369064,levofloxacin,651,39,18,16,1,4,0.8181818181818182,0.9411764705882353,0.1818181818181818,0.058823529411764705,0.8796791443850267
ZENODO_10369064,levofloxacin,652,39,15,21,1,2,0.8823529411764706,0.9545454545454546,0.1176470588235294,0.045454545454545456,0.9184491978609626
ZENODO_10369064,levofloxacin,653,39,11,25,1,2,0.8461538461538461,0.9615384615384616,0.1538461538461538,0.038461538461538464,0.903846153846154
ZENODO_10369064,levofloxacin,654,39,13,21,3,2,0.8666666666666667,0.875,0.1333333333333333,0.125,0.8708333333333333
ZENODO_10369064,levofloxacin,655,39,9,26,1,3,0.75,0.9629629629629629,0.25,0.037037037037037035,0.8564814814814814
ZENODO_10369064,levofloxacin,656,39,17,20,0,2,0.8947368421052632,1.0,0.1052631578947368,0.0,0.9473684210526316
ZENODO_10369064,levofloxacin,657,39,9,27,2,1,0.9,0.9310344827586207,0.1,0.06896551724137931,0.9155172413793105
ZENODO_10369064,levofloxacin,658,39,12,22,2,3,0.8,0.9166666666666666,0.2,0.08333333333333333,0.8583333333333334
ZENODO_10369064,levofloxacin,659,39,14,22,0,3,0.8235294117647058,1.0,0.1764705882352941,0.0,0.9117647058823528
ZENODO_10369064,levofloxacin,660,39,16,22,1,0,1.0,0.9565217391304348,0.0,0.043478260869565216,0.9782608695652174
ZENODO_10369064,levofloxacin,661,39,17,19,1,2,0.8947368421052632,0.95,0.1052631578947368,0.05,0.9223684210526316
ZENODO_10369064,levofloxacin,662,39,14,22,2,1,0.9333333333333333,0.9166666666666666,0.0666666666666666,0.08333333333333333,0.925
ZENODO_10369064,levofloxacin,663,39,18,20,0,1,0.9473684210526315,1.0,0.0526315789473684,0.0,0.9736842105263156
ZENODO_10369064,levofloxacin,664,39,17,17,1,4,0.8095238095238095,0.9444444444444444,0.1904761904761904,0.05555555555555555,0.876984126984127
ZENODO_10369064,levofloxacin,665,39,10,25,1,3,0.7692307692307693,0.9615384615384616,0.2307692307692307,0.038461538461538464,0.8653846153846154
ZENODO_10369064,levofloxacin,666,39,14,22,1,2,0.875,0.9565217391304348,0.125,0.043478260869565216,0.9157608695652174
ZENODO_10369064,levofloxacin,667,39,11,25,2,1,0.9166666666666666,0.9259259259259259,0.0833333333333333,0.07407407407407407,0.9212962962962964
ZENODO_10369064,levofloxacin,668,39,13,24,1,1,0.9285714285714286,0.96,0.0714285714285714,0.04,0.9442857142857144
ZENODO_10369064,levofloxacin,669,39,12,27,0,0,1.0,1.0,0.0,0.0,1.0
ZENODO_10369064,levofloxacin,670,39,17,18,2,2,0.8947368421052632,0.9,0.1052631578947368,0.1,0.8973684210526316
ZENODO_10369064,levofloxacin,671,39,17,22,0,0,1.0,1.0,0.0,0.0,1.0
ZENODO_10369064,levofloxacin,672,39,13,24,0,2,0.8666666666666667,1.0,0.1333333333333333,0.0,0.9333333333333332
ZENODO_10369064,levofloxacin,673,39,15,19,0,5,0.75,1.0,0.25,0.0,0.875
ZENODO_10369064,levofloxacin,674,39,14,23,1,1,0.9333333333333333,0.9583333333333334,0.0666666666666666,0.041666666666666664,0.9458333333333332
ZENODO_10369064,levofloxacin,675,39,14,23,0,2,0.875,1.0,0.125,0.0,0.9375
ZENODO_10369064,levofloxacin,676,39,13,24,1,1,0.9285714285714286,0.96,0.0714285714285714,0.04,0.9442857142857144
ZENODO_10369064,levofloxacin,677,39,12,24,0,3,0.8,1.0,0.2,0.0,0.9
ZENODO_10369064,levofloxacin,678,39,17,18,1,3,0.85,0.9473684210526315,0.15,0.05263157894736842,0.8986842105263158
ZENODO_10369064,levofloxacin,679,39,17,18,1,3,0.85,0.9473684210526315,0.15,0.05263157894736842,0.8986842105263158
ZENODO_10369064,levofloxacin,680,39,16,22,0,1,0.9411764705882353,1.0,0.0588235294117647,0.0,0.9705882352941176
ZENODO_10369064,levofloxacin,681,39,14,22,0,3,0.8235294117647058,1.0,0.1764705882352941,0.0,0.9117647058823528
ZENODO_10369064,levofloxacin,682,39,16,20,0,3,0.8421052631578947,1.0,0.1578947368421052,0.0,0.9210526315789472
ZENODO_10369064,levofloxacin,683,39,13,21,2,3,0.8125,0.9130434782608695,0.1875,0.08695652173913043,0.8627717391304348
ZENODO_10369064,levofloxacin,684,39,15,22,0,2,0.8823529411764706,1.0,0.1176470588235294,0.0,0.9411764705882352
ZENODO_10369064,levofloxacin,685,39,12,23,2,2,0.8571428571428571,0.92,0.1428571428571428,0.08,0.8885714285714286
ZENODO_10369064,levofloxacin,686,39,14,23,0,2,0.875,1.0,0.125,0.0,0.9375
ZENODO_10369064,levofloxacin,687,39,15,19,1,4,0.7894736842105263,0.95,0.2105263157894736,0.05,0.8697368421052631
ZENODO_10369064,levofloxacin,688,39,10,24,0,5,0.6666666666666666,1.0,0.3333333333333333,0.0,0.8333333333333333
ZENODO_10369064,levofloxacin,689,39,14,22,0,3,0.8235294117647058,1.0,0.1764705882352941,0.0,0.9117647058823528
ZENODO_10369064,levofloxacin,690,39,12,22,3,2,0.8571428571428571,0.88,0.1428571428571428,0.12,0.8685714285714285
ZENODO_10369064,levofloxacin,691,39,15,20,1,3,0.8333333333333334,0.9523809523809523,0.1666666666666666,0.047619047619047616,0.8928571428571428
ZENODO_10369064,levofloxacin,692,39,15,23,1,0,1.0,0.9583333333333334,0.0,0.041666666666666664,0.9791666666666669
ZENODO_10369064,levofloxacin,693,39,12,23,0,4,0.75,1.0,0.25,0.0,0.875
ZENODO_10369064,levofloxacin,694,39,19,17,1,2,0.9047619047619048,0.9444444444444444,0.0952380952380952,0.05555555555555555,0.9246031746031746
ZENODO_10369064,levofloxacin,695,39,14,24,0,1,0.9333333333333333,1.0,0.0666666666666666,0.0,0.9666666666666668
ZENODO_10369064,levofloxacin,696,39,10,28,0,1,0.9090909090909091,1.0,0.0909090909090909,0.0,0.9545454545454546
ZENODO_10369064,levofloxacin,697,39,14,23,0,2,0.875,1.0,0.125,0.0,0.9375
ZENODO_10369064,levofloxacin,698,39,8,27,1,3,0.7272727272727273,0.9642857142857143,0.2727272727272727,0.03571428571428571,0.8457792207792207
ZENODO_10369064,levofloxacin,699,39,16,19,2,2,0.8888888888888888,0.9047619047619048,0.1111111111111111,0.09523809523809523,0.8968253968253967
ZENODO_10369064,levofloxacin,700,39,20,19,0,0,1.0,1.0,0.0,0.0,1.0
ZENODO_10369064,levofloxacin,701,39,13,24,1,1,0.9285714285714286,0.96,0.0714285714285714,0.04,0.9442857142857144
ZENODO_10369064,levofloxacin,702,39,9,24,1,5,0.6428571428571429,0.96,0.3571428571428571,0.04,0.8014285714285714
ZENODO_10369064,levofloxacin,703,39,21,16,0,2,0.9130434782608695,1.0,0.0869565217391304,0.0,0.9565217391304348
ZENODO_10369064,levofloxacin,704,39,13,25,0,1,0.9285714285714286,1.0,0.0714285714285714,0.0,0.9642857142857144
ZENODO_10369064,levofloxacin,705,39,13,21,0,5,0.7222222222222222,1.0,0.2777777777777778,0.0,0.8611111111111112
ZENODO_10369064,levofloxacin,706,39,17,17,1,4,0.8095238095238095,0.9444444444444444,0.1904761904761904,0.05555555555555555,0.876984126984127
ZENODO_10369064,levofloxacin,707,39,15,23,1,0,1.0,0.9583333333333334,0.0,0.041666666666666664,0.9791666666666669
ZENODO_10369064,levofloxacin,708,39,15,21,1,2,0.8823529411764706,0.9545454545454546,0.1176470588235294,0.045454545454545456,0.9184491978609626
ZENODO_10369064,levofloxacin,709,39,19,18,0,2,0.9047619047619048,1.0,0.0952380952380952,0.0,0.9523809523809524
ZENODO_10369064,levofloxacin,710,39,11,27,1,0,1.0,0.9642857142857143,0.0,0.03571428571428571,0.9821428571428572
ZENODO_10369064,levofloxacin,711,39,15,21,0,3,0.8333333333333334,1.0,0.1666666666666666,0.0,0.9166666666666669
ZENODO_10369064,levofloxacin,712,39,14,19,2,4,0.7777777777777778,0.9047619047619048,0.2222222222222222,0.09523809523809523,0.8412698412698413
ZENODO_10369064,levofloxacin,713,39,14,24,0,1,0.9333333333333333,1.0,0.0666666666666666,0.0,0.9666666666666668
ZENODO_10369064,levofloxacin,714,39,6,29,0,4,0.6,1.0,0.4,0.0,0.8
ZENODO_10369064,levofloxacin,715,39,17,20,1,1,0.9444444444444444,0.9523809523809523,0.0555555555555555,0.047619047619047616,0.9484126984126984
ZENODO_10369064,levofloxacin,716,39,17,20,2,0,1.0,0.9090909090909091,0.0,0.09090909090909091,0.9545454545454546
ZENODO_10369064,levofloxacin,717,39,18,17,0,4,0.8181818181818182,1.0,0.1818181818181818,0.0,0.9090909090909092
ZENODO_10369064,levofloxacin,718,39,21,16,1,1,0.9545454545454546,0.9411764705882353,0.0454545454545454,0.058823529411764705,0.9478609625668448
ZENODO_10369064,levofloxacin,719,39,16,19,1,3,0.8421052631578947,0.95,0.1578947368421052,0.05,0.8960526315789473
ZENODO_10369064,levofloxacin,720,39,12,22,1,4,0.75,0.9565217391304348,0.25,0.043478260869565216,0.8532608695652174
ZENODO_10369064,levofloxacin,721,39,13,25,1,0,1.0,0.9615384615384616,0.0,0.038461538461538464,0.9807692307692308
ZENODO_10369064,levofloxacin,722,39,9,26,1,3,0.75,0.9629629629629629,0.25,0.037037037037037035,0.8564814814814814
ZENODO_10369064,levofloxacin,723,39,16,20,0,3,0.8421052631578947,1.0,0.1578947368421052,0.0,0.9210526315789472
ZENODO_10369064,levofloxacin,724,39,21,14,1,3,0.875,0.9333333333333333,0.125,0.06666666666666667,0.9041666666666668
ZENODO_10369064,levofloxacin,725,39,14,22,1,2,0.875,0.9565217391304348,0.125,0.043478260869565216,0.9157608695652174
ZENODO_10369064,levofloxacin,726,39,8,28,0,3,0.7272727272727273,1.0,0.2727272727272727,0.0,0.8636363636363636
ZENODO_10369064,levofloxacin,727,39,16,21,2,0,1.0,0.9130434782608695,0.0,0.08695652173913043,0.9565217391304348
ZENODO_10369064,levofloxacin,728,39,17,22,0,0,1.0,1.0,0.0,0.0,1.0
ZENODO_10369064,levofloxacin,729,39,13,22,1,3,0.8125,0.9565217391304348,0.1875,0.043478260869565216,0.8845108695652174
ZENODO_10369064,levofloxacin,730,39,13,25,0,1,0.9285714285714286,1.0,0.0714285714285714,0.0,0.9642857142857144
ZENODO_10369064,levofloxacin,731,39,14,20,0,5,0.7368421052631579,1.0,0.2631578947368421,0.0,0.868421052631579
ZENODO_10369064,levofloxacin,732,39,12,25,1,1,0.9230769230769231,0.9615384615384616,0.0769230769230769,0.038461538461538464,0.9423076923076924
ZENODO_10369064,levofloxacin,733,39,10,27,1,1,0.9090909090909091,0.9642857142857143,0.0909090909090909,0.03571428571428571,0.9366883116883116
ZENODO_10369064,levofloxacin,734,39,15,22,1,1,0.9375,0.9565217391304348,0.0625,0.043478260869565216,0.9470108695652174
ZENODO_10369064,levofloxacin,735,39,13,24,0,2,0.8666666666666667,1.0,0.1333333333333333,0.0,0.9333333333333332
ZENODO_10369064,levofloxacin,736,39,18,19,1,1,0.9473684210526315,0.95,0.0526315789473684,0.05,0.9486842105263158
ZENODO_10369064,levofloxacin,737,39,8,25,2,4,0.6666666666666666,0.9259259259259259,0.3333333333333333,0.07407407407407407,0.7962962962962963
ZENODO_10369064,levofloxacin,738,39,16,19,1,3,0.8421052631578947,0.95,0.1578947368421052,0.05,0.8960526315789473
ZENODO_10369064,levofloxacin,739,39,16,20,1,2,0.8888888888888888,0.9523809523809523,0.1111111111111111,0.047619047619047616,0.9206349206349206
ZENODO_10369064,levofloxacin,740,39,15,20,1,3,0.8333333333333334,0.9523809523809523,0.1666666666666666,0.047619047619047616,0.8928571428571428
ZENODO_10369064,levofloxacin,741,39,14,22,2,1,0.9333333333333333,0.9166666666666666,0.0666666666666666,0.08333333333333333,0.925
ZENODO_10369064,levofloxacin,742,39,16,21,0,2,0.8888888888888888,1.0,0.1111111111111111,0.0,0.9444444444444444
ZENODO_10369064,levofloxacin,743,39,11,25,1,2,0.8461538461538461,0.9615384615384616,0.1538461538461538,0.038461538461538464,0.903846153846154
ZENODO_10369064,levofloxacin,744,39,18,20,1,0,1.0,0.9523809523809523,0.0,0.047619047619047616,0.9761904761904762
ZENODO_10369064,levofloxacin,745,39,11,25,0,3,0.7857142857142857,1.0,0.2142857142857142,0.0,0.8928571428571428
ZENODO_10369064,levofloxacin,746,39,15,22,0,2,0.8823529411764706,1.0,0.1176470588235294,0.0,0.9411764705882352
ZENODO_10369064,levofloxacin,747,39,13,24,0,2,0.8666666666666667,1.0,0.1333333333333333,0.0,0.9333333333333332
ZENODO_10369064,levofloxacin,748,39,16,21,2,0,1.0,0.9130434782608695,0.0,0.08695652173913043,0.9565217391304348
ZENODO_10369064,levofloxacin,749,39,24,13,1,1,0.96,0.9285714285714286,0.04,0.07142857142857142,0.9442857142857144
ZENODO_10369064,levofloxacin,750,39,8,29,1,1,0.8888888888888888,0.9666666666666667,0.1111111111111111,0.03333333333333333,0.9277777777777778
ZENODO_10369064,levofloxacin,751,39,15,19,0,5,0.75,1.0,0.25,0.0,0.875
ZENODO_10369064,levofloxacin,752,39,15,23,0,1,0.9375,1.0,0.0625,0.0,0.96875
ZENODO_10369064,levofloxacin,753,39,13,22,2,2,0.8666666666666667,0.9166666666666666,0.1333333333333333,0.08333333333333333,0.8916666666666666
ZENODO_10369064,levofloxacin,754,39,13,21,1,4,0.7647058823529411,0.9545454545454546,0.2352941176470588,0.045454545454545456,0.8596256684491979
ZENODO_10369064,levofloxacin,755,39,16,21,1,1,0.9411764705882353,0.9545454545454546,0.0588235294117647,0.045454545454545456,0.9478609625668448
ZENODO_10369064,levofloxacin,756,39,12,25,1,1,0.9230769230769231,0.9615384615384616,0.0769230769230769,0.038461538461538464,0.9423076923076924
ZENODO_10369064,levofloxacin,757,39,15,21,0,3,0.8333333333333334,1.0,0.1666666666666666,0.0,0.9166666666666669
ZENODO_10369064,levofloxacin,758,39,11,19,2,7,0.6111111111111112,0.9047619047619048,0.3888888888888889,0.09523809523809523,0.7579365079365079
ZENODO_10369064,levofloxacin,759,39,15,21,2,1,0.9375,0.9130434782608695,0.0625,0.08695652173913043,0.9252717391304348
ZENODO_10369064,levofloxacin,760,39,16,21,0,2,0.8888888888888888,1.0,0.1111111111111111,0.0,0.9444444444444444
ZENODO_10369064,levofloxacin,761,39,18,21,0,0,1.0,1.0,0.0,0.0,1.0
ZENODO_10369064,levofloxacin,762,39,15,21,1,2,0.8823529411764706,0.9545454545454546,0.1176470588235294,0.045454545454545456,0.9184491978609626
ZENODO_10369064,levofloxacin,763,39,13,23,2,1,0.9285714285714286,0.92,0.0714285714285714,0.08,0.9242857142857144
ZENODO_10369064,levofloxacin,764,39,15,21,1,2,0.8823529411764706,0.9545454545454546,0.1176470588235294,0.045454545454545456,0.9184491978609626
ZENODO_10369064,levofloxacin,765,39,14,23,0,2,0.875,1.0,0.125,0.0,0.9375
ZENODO_10369064,levofloxacin,766,39,16,18,0,5,0.7619047619047619,1.0,0.238095238095238,0.0,0.8809523809523809
ZENODO_10369064,levofloxacin,767,39,12,26,0,1,0.9230769230769231,1.0,0.0769230769230769,0.0,0.9615384615384616
ZENODO_10369064,levofloxacin,768,39,18,19,0,2,0.9,1.0,0.1,0.0,0.95
ZENODO_10369064,levofloxacin,769,39,16,20,1,2,0.8888888888888888,0.9523809523809523,0.1111111111111111,0.047619047619047616,0.9206349206349206
ZENODO_10369064,levofloxacin,770,39,16,22,0,1,0.9411764705882353,1.0,0.0588235294117647,0.0,0.9705882352941176
ZENODO_10369064,levofloxacin,771,39,12,23,1,3,0.8,0.9583333333333334,0.2,0.041666666666666664,0.8791666666666667
ZENODO_10369064,levofloxacin,772,39,19,17,2,1,0.95,0.8947368421052632,0.05,0.10526315789473684,0.9223684210526316
ZENODO_10369064,levofloxacin,773,39,12,27,0,0,1.0,1.0,0.0,0.0,1.0
ZENODO_10369064,levofloxacin,774,39,17,17,1,4,0.8095238095238095,0.9444444444444444,0.1904761904761904,0.05555555555555555,0.876984126984127
ZENODO_10369064,levofloxacin,775,39,15,23,1,0,1.0,0.9583333333333334,0.0,0.041666666666666664,0.9791666666666669
ZENODO_10369064,levofloxacin,776,39,16,20,0,3,0.8421052631578947,1.0,0.1578947368421052,0.0,0.9210526315789472
ZENODO_10369064,levofloxacin,777,39,9,26,1,3,0.75,0.9629629629629629,0.25,0.037037037037037035,0.8564814814814814
ZENODO_10369064,levofloxacin,778,39,15,23,0,1,0.9375,1.0,0.0625,0.0,0.96875
ZENODO_10369064,levofloxacin,779,39,16,19,1,3,0.8421052631578947,0.95,0.1578947368421052,0.05,0.8960526315789473
ZENODO_10369064,levofloxacin,780,39,14,22,3,0,1.0,0.88,0.0,0.12,0.94
ZENODO_10369064,levofloxacin,781,39,16,21,0,2,0.8888888888888888,1.0,0.1111111111111111,0.0,0.9444444444444444
ZENODO_10369064,levofloxacin,782,39,17,20,0,2,0.8947368421052632,1.0,0.1052631578947368,0.0,0.9473684210526316
ZENODO_10369064,levofloxacin,783,39,13,22,1,3,0.8125,0.9565217391304348,0.1875,0.043478260869565216,0.8845108695652174
ZENODO_10369064,levofloxacin,784,39,19,18,2,0,1.0,0.9,0.0,0.1,0.95
ZENODO_10369064,levofloxacin,785,39,15,19,3,2,0.8823529411764706,0.8636363636363636,0.1176470588235294,0.13636363636363635,0.8729946524064172
ZENODO_10369064,levofloxacin,786,39,13,22,1,3,0.8125,0.9565217391304348,0.1875,0.043478260869565216,0.8845108695652174
ZENODO_10369064,levofloxacin,787,39,14,20,0,5,0.7368421052631579,1.0,0.2631578947368421,0.0,0.868421052631579
ZENODO_10369064,levofloxacin,788,39,14,22,0,3,0.8235294117647058,1.0,0.1764705882352941,0.0,0.9117647058823528
ZENODO_10369064,levofloxacin,789,39,14,21,2,2,0.875,0.9130434782608695,0.125,0.08695652173913043,0.8940217391304348
ZENODO_10369064,levofloxacin,790,39,19,17,1,2,0.9047619047619048,0.9444444444444444,0.0952380952380952,0.05555555555555555,0.9246031746031746
ZENODO_10369064,levofloxacin,791,39,9,27,1,2,0.8181818181818182,0.9642857142857143,0.1818181818181818,0.03571428571428571,0.8912337662337663
ZENODO_10369064,levofloxacin,792,39,14,24,0,1,0.9333333333333333,1.0,0.0666666666666666,0.0,0.9666666666666668
ZENODO_10369064,levofloxacin,793,39,12,21,1,5,0.7058823529411765,0.9545454545454546,0.2941176470588235,0.045454545454545456,0.8302139037433156
ZENODO_10369064,levofloxacin,794,39,13,21,2,3,0.8125,0.9130434782608695,0.1875,0.08695652173913043,0.8627717391304348
ZENODO_10369064,levofloxacin,795,39,15,21,0,3,0.8333333333333334,1.0,0.1666666666666666,0.0,0.9166666666666669
ZENODO_10369064,levofloxacin,796,39,16,22,0,1,0.9411764705882353,1.0,0.0588235294117647,0.0,0.9705882352941176
ZENODO_10369064,levofloxacin,797,39,11,24,1,3,0.7857142857142857,0.96,0.2142857142857142,0.04,0.8728571428571428
ZENODO_10369064,levofloxacin,798,39,16,19,1,3,0.8421052631578947,0.95,0.1578947368421052,0.05,0.8960526315789473
ZENODO_10369064,levofloxacin,799,39,15,21,1,2,0.8823529411764706,0.9545454545454546,0.1176470588235294,0.045454545454545456,0.9184491978609626
ZENODO_10369064,levofloxacin,800,39,16,20,1,2,0.8888888888888888,0.9523809523809523,0.1111111111111111,0.047619047619047616,0.9206349206349206
ZENODO_10369064,levofloxacin,801,39,14,21,1,3,0.8235294117647058,0.9545454545454546,0.1764705882352941,0.045454545454545456,0.8890374331550802
ZENODO_10369064,levofloxacin,802,39,16,21,0,2,0.8888888888888888,1.0,0.1111111111111111,0.0,0.9444444444444444
ZENODO_10369064,levofloxacin,803,39,16,19,0,4,0.8,1.0,0.2,0.0,0.9
ZENODO_10369064,levofloxacin,804,39,14,23,1,1,0.9333333333333333,0.9583333333333334,0.0666666666666666,0.041666666666666664,0.9458333333333332
ZENODO_10369064,levofloxacin,805,39,13,23,2,1,0.9285714285714286,0.92,0.0714285714285714,0.08,0.9242857142857144
ZENODO_10369064,levofloxacin,806,39,15,19,2,3,0.8333333333333334,0.9047619047619048,0.1666666666666666,0.09523809523809523,0.8690476190476191
ZENODO_10369064,levofloxacin,807,39,12,18,6,3,0.8,0.75,0.2,0.25,0.775
ZENODO_10369064,levofloxacin,808,39,7,27,2,3,0.7,0.9310344827586207,0.3,0.06896551724137931,0.8155172413793104
ZENODO_10369064,levofloxacin,809,39,13,22,2,2,0.8666666666666667,0.9166666666666666,0.1333333333333333,0.08333333333333333,0.8916666666666666
ZENODO_10369064,levofloxacin,810,39,15,20,3,1,0.9375,0.8695652173913043,0.0625,0.13043478260869565,0.903532608695652
ZENODO_10369064,levofloxacin,811,39,12,24,2,1,0.9230769230769231,0.9230769230769231,0.0769230769230769,0.07692307692307693,0.9230769230769232
ZENODO_10369064,levofloxacin,812,39,13,25,0,1,0.9285714285714286,1.0,0.0714285714285714,0.0,0.9642857142857144
ZENODO_10369064,levofloxacin,813,39,15,18,1,5,0.75,0.9473684210526315,0.25,0.05263157894736842,0.8486842105263157
ZENODO_10369064,levofloxacin,814,39,16,21,0,2,0.8888888888888888,1.0,0.1111111111111111,0.0,0.9444444444444444
ZENODO_10369064,levofloxacin,815,39,16,18,3,2,0.8888888888888888,0.8571428571428571,0.1111111111111111,0.14285714285714285,0.873015873015873
ZENODO_10369064,levofloxacin,816,39,16,20,1,2,0.8888888888888888,0.9523809523809523,0.1111111111111111,0.047619047619047616,0.9206349206349206
ZENODO_10369064,levofloxacin,817,39,15,23,0,1,0.9375,1.0,0.0625,0.0,0.96875
ZENODO_10369064,levofloxacin,818,39,14,23,2,0,1.0,0.92,0.0,0.08,0.96
ZENODO_10369064,levofloxacin,819,39,13,22,3,1,0.9285714285714286,0.88,0.0714285714285714,0.12,0.9042857142857144
ZENODO_10369064,levofloxacin,820,39,17,21,0,1,0.9444444444444444,1.0,0.0555555555555555,0.0,0.9722222222222222
ZENODO_10369064,levofloxacin,821,39,13,24,0,2,0.8666666666666667,1.0,0.1333333333333333,0.0,0.9333333333333332
ZENODO_10369064,levofloxacin,822,39,14,23,1,1,0.9333333333333333,0.9583333333333334,0.0666666666666666,0.041666666666666664,0.9458333333333332
ZENODO_10369064,levofloxacin,823,39,18,18,1,2,0.9,0.9473684210526315,0.1,0.05263157894736842,0.9236842105263158
ZENODO_10369064,levofloxacin,824,39,14,23,1,1,0.9333333333333333,0.9583333333333334,0.0666666666666666,0.041666666666666664,0.9458333333333332
ZENODO_10369064,levofloxacin,825,39,15,20,0,4,0.7894736842105263,1.0,0.2105263157894736,0.0,0.8947368421052632
ZENODO_10369064,levofloxacin,826,39,15,20,3,1,0.9375,0.8695652173913043,0.0625,0.13043478260869565,0.903532608695652
ZENODO_10369064,levofloxacin,827,39,16,19,3,1,0.9411764705882353,0.8636363636363636,0.0588235294117647,0.13636363636363635,0.9024064171122994
ZENODO_10369064,levofloxacin,828,39,19,18,1,1,0.95,0.9473684210526315,0.05,0.05263157894736842,0.9486842105263158
ZENODO_10369064,levofloxacin,829,39,19,18,0,2,0.9047619047619048,1.0,0.0952380952380952,0.0,0.9523809523809524
ZENODO_10369064,levofloxacin,830,39,10,21,4,4,0.7142857142857143,0.84,0.2857142857142857,0.16,0.7771428571428571
ZENODO_10369064,levofloxacin,831,39,18,19,1,1,0.9473684210526315,0.95,0.0526315789473684,0.05,0.9486842105263158
ZENODO_10369064,levofloxacin,832,39,14,22,2,1,0.9333333333333333,0.9166666666666666,0.0666666666666666,0.08333333333333333,0.925
ZENODO_10369064,levofloxacin,833,39,6,29,0,4,0.6,1.0,0.4,0.0,0.8
ZENODO_10369064,levofloxacin,834,39,12,24,1,2,0.8571428571428571,0.96,0.1428571428571428,0.04,0.9085714285714286
ZENODO_10369064,levofloxacin,835,39,16,22,1,0,1.0,0.9565217391304348,0.0,0.043478260869565216,0.9782608695652174
ZENODO_10369064,levofloxacin,836,39,15,23,0,1,0.9375,1.0,0.0625,0.0,0.96875
ZENODO_10369064,levofloxacin,837,39,11,26,0,2,0.8461538461538461,1.0,0.1538461538461538,0.0,0.9230769230769232
ZENODO_10369064,levofloxacin,838,39,16,19,1,3,0.8421052631578947,0.95,0.1578947368421052,0.05,0.8960526315789473
ZENODO_10369064,levofloxacin,839,39,13,25,0,1,0.9285714285714286,1.0,0.0714285714285714,0.0,0.9642857142857144
ZENODO_10369064,levofloxacin,840,39,16,16,5,2,0.8888888888888888,0.7619047619047619,0.1111111111111111,0.23809523809523808,0.8253968253968254
ZENODO_10369064,levofloxacin,841,39,14,20,2,3,0.8235294117647058,0.9090909090909091,0.1764705882352941,0.09090909090909091,0.8663101604278074
ZENODO_10369064,levofloxacin,842,39,19,18,1,1,0.95,0.9473684210526315,0.05,0.05263157894736842,0.9486842105263158
ZENODO_10369064,levofloxacin,843,39,10,25,2,2,0.8333333333333334,0.9259259259259259,0.1666666666666666,0.07407407407407407,0.8796296296296297
ZENODO_10369064,levofloxacin,844,39,22,17,0,0,1.0,1.0,0.0,0.0,1.0
ZENODO_10369064,levofloxacin,845,39,13,24,0,2,0.8666666666666667,1.0,0.1333333333333333,0.0,0.9333333333333332
ZENODO_10369064,levofloxacin,846,39,14,21,2,2,0.875,0.9130434782608695,0.125,0.08695652173913043,0.8940217391304348
ZENODO_10369064,levofloxacin,847,39,20,17,0,2,0.9090909090909091,1.0,0.0909090909090909,0.0,0.9545454545454546
ZENODO_10369064,levofloxacin,848,39,17,21,0,1,0.9444444444444444,1.0,0.0555555555555555,0.0,0.9722222222222222
ZENODO_10369064,levofloxacin,849,39,13,21,3,2,0.8666666666666667,0.875,0.1333333333333333,0.125,0.8708333333333333
ZENODO_10369064,levofloxacin,850,39,17,20,1,1,0.9444444444444444,0.9523809523809523,0.0555555555555555,0.047619047619047616,0.9484126984126984
ZENODO_10369064,levofloxacin,851,39,18,20,1,0,1.0,0.9523809523809523,0.0,0.047619047619047616,0.9761904761904762
ZENODO_10369064,levofloxacin,852,39,9,27,0,3,0.75,1.0,0.25,0.0,0.875
ZENODO_10369064,levofloxacin,853,39,14,23,1,1,0.9333333333333333,0.9583333333333334,0.0666666666666666,0.041666666666666664,0.9458333333333332
ZENODO_10369064,levofloxacin,854,39,18,16,2,3,0.8571428571428571,0.8888888888888888,0.1428571428571428,0.1111111111111111,0.873015873015873
ZENODO_10369064,levofloxacin,855,39,15,20,1,3,0.8333333333333334,0.9523809523809523,0.1666666666666666,0.047619047619047616,0.8928571428571428
ZENODO_10369064,levofloxacin,856,39,14,24,0,1,0.9333333333333333,1.0,0.0666666666666666,0.0,0.9666666666666668
ZENODO_10369064,levofloxacin,857,39,18,20,0,1,0.9473684210526315,1.0,0.0526315789473684,0.0,0.9736842105263156
ZENODO_10369064,levofloxacin,858,39,14,23,0,2,0.875,1.0,0.125,0.0,0.9375
ZENODO_10369064,levofloxacin,859,39,14,23,1,1,0.9333333333333333,0.9583333333333334,0.0666666666666666,0.041666666666666664,0.9458333333333332
ZENODO_10369064,levofloxacin,860,39,10,27,1,1,0.9090909090909091,0.9642857142857143,0.0909090909090909,0.03571428571428571,0.9366883116883116
ZENODO_10369064,levofloxacin,861,39,17,20,1,1,0.9444444444444444,0.9523809523809523,0.0555555555555555,0.047619047619047616,0.9484126984126984
ZENODO_10369064,levofloxacin,862,39,10,25,1,3,0.7692307692307693,0.9615384615384616,0.2307692307692307,0.038461538461538464,0.8653846153846154
ZENODO_10369064,levofloxacin,863,39,15,17,2,5,0.75,0.8947368421052632,0.25,0.10526315789473684,0.8223684210526316
ZENODO_10369064,levofloxacin,864,39,14,24,0,1,0.9333333333333333,1.0,0.0666666666666666,0.0,0.9666666666666668
ZENODO_10369064,levofloxacin,865,39,14,21,2,2,0.875,0.9130434782608695,0.125,0.08695652173913043,0.8940217391304348
ZENODO_10369064,levofloxacin,866,39,16,21,1,1,0.9411764705882353,0.9545454545454546,0.0588235294117647,0.045454545454545456,0.9478609625668448
ZENODO_10369064,levofloxacin,867,39,13,21,3,2,0.8666666666666667,0.875,0.1333333333333333,0.125,0.8708333333333333
ZENODO_10369064,levofloxacin,868,39,14,21,2,2,0.875,0.9130434782608695,0.125,0.08695652173913043,0.8940217391304348
ZENODO_10369064,levofloxacin,869,39,16,21,1,1,0.9411764705882353,0.9545454545454546,0.0588235294117647,0.045454545454545456,0.9478609625668448
ZENODO_10369064,levofloxacin,870,39,17,20,1,1,0.9444444444444444,0.9523809523809523,0.0555555555555555,0.047619047619047616,0.9484126984126984
ZENODO_10369064,levofloxacin,871,39,22,15,0,2,0.9166666666666666,1.0,0.0833333333333333,0.0,0.9583333333333331
ZENODO_10369064,levofloxacin,872,39,12,25,0,2,0.8571428571428571,1.0,0.1428571428571428,0.0,0.9285714285714286
ZENODO_10369064,levofloxacin,873,39,19,15,1,4,0.8260869565217391,0.9375,0.1739130434782608,0.0625,0.8817934782608696
ZENODO_10369064,levofloxacin,874,39,16,21,0,2,0.8888888888888888,1.0,0.1111111111111111,0.0,0.9444444444444444
ZENODO_10369064,levofloxacin,875,39,12,24,3,0,1.0,0.8888888888888888,0.0,0.1111111111111111,0.9444444444444444
ZENODO_10369064,levofloxacin,876,39,15,21,2,1,0.9375,0.9130434782608695,0.0625,0.08695652173913043,0.9252717391304348
ZENODO_10369064,levofloxacin,877,39,16,22,0,1,0.9411764705882353,1.0,0.0588235294117647,0.0,0.9705882352941176
ZENODO_10369064,levofloxacin,878,39,9,28,0,2,0.8181818181818182,1.0,0.1818181818181818,0.0,0.9090909090909092
ZENODO_10369064,levofloxacin,879,39,14,22,2,1,0.9333333333333333,0.9166666666666666,0.0666666666666666,0.08333333333333333,0.925
ZENODO_10369064,levofloxacin,880,39,11,27,0,1,0.9166666666666666,1.0,0.0833333333333333,0.0,0.9583333333333331
ZENODO_10369064,levofloxacin,881,39,13,20,4,2,0.8666666666666667,0.8333333333333334,0.1333333333333333,0.16666666666666666,0.8500000000000001
ZENODO_10369064,levofloxacin,882,39,17,22,0,0,1.0,1.0,0.0,0.0,1.0
ZENODO_10369064,levofloxacin,883,39,12,20,2,5,0.7058823529411765,0.9090909090909091,0.2941176470588235,0.09090909090909091,0.8074866310160428
ZENODO_10369064,levofloxacin,884,39,10,26,1,2,0.8333333333333334,0.9629629629629629,0.1666666666666666,0.037037037037037035,0.8981481481481481
ZENODO_10369064,levofloxacin,885,39,15,23,1,0,1.0,0.9583333333333334,0.0,0.041666666666666664,0.9791666666666669
ZENODO_10369064,levofloxacin,886,39,19,17,0,3,0.8636363636363636,1.0,0.1363636363636363,0.0,0.931818181818182
ZENODO_10369064,levofloxacin,887,39,14,23,1,1,0.9333333333333333,0.9583333333333334,0.0666666666666666,0.041666666666666664,0.9458333333333332
ZENODO_10369064,levofloxacin,888,39,16,16,1,6,0.7272727272727273,0.9411764705882353,0.2727272727272727,0.058823529411764705,0.8342245989304813
ZENODO_10369064,levofloxacin,889,39,14,23,0,2,0.875,1.0,0.125,0.0,0.9375
ZENODO_10369064,levofloxacin,890,39,12,27,0,0,1.0,1.0,0.0,0.0,1.0
ZENODO_10369064,levofloxacin,891,39,18,19,1,1,0.9473684210526315,0.95,0.0526315789473684,0.05,0.9486842105263158
ZENODO_10369064,levofloxacin,892,39,16,19,1,3,0.8421052631578947,0.95,0.1578947368421052,0.05,0.8960526315789473
ZENODO_10369064,levofloxacin,893,39,14,23,2,0,1.0,0.92,0.0,0.08,0.96
ZENODO_10369064,levofloxacin,894,39,12,24,0,3,0.8,1.0,0.2,0.0,0.9
ZENODO_10369064,levofloxacin,895,39,15,23,1,0,1.0,0.9583333333333334,0.0,0.041666666666666664,0.9791666666666669
ZENODO_10369064,levofloxacin,896,39,15,20,0,4,0.7894736842105263,1.0,0.2105263157894736,0.0,0.8947368421052632
ZENODO_10369064,levofloxacin,897,39,17,18,1,3,0.85,0.9473684210526315,0.15,0.05263157894736842,0.8986842105263158
ZENODO_10369064,levofloxacin,898,39,13,23,0,3,0.8125,1.0,0.1875,0.0,0.90625
ZENODO_10369064,levofloxacin,899,39,17,19,1,2,0.8947368421052632,0.95,0.1052631578947368,0.05,0.9223684210526316
ZENODO_10369064,levofloxacin,900,39,11,22,1,5,0.6875,0.9565217391304348,0.3125,0.043478260869565216,0.8220108695652174
ZENODO_10369064,levofloxacin,901,39,16,20,0,3,0.8421052631578947,1.0,0.1578947368421052,0.0,0.9210526315789472
ZENODO_10369064,levofloxacin,902,39,16,21,1,1,0.9411764705882353,0.9545454545454546,0.0588235294117647,0.045454545454545456,0.9478609625668448
ZENODO_10369064,levofloxacin,903,39,13,24,2,0,1.0,0.9230769230769231,0.0,0.07692307692307693,0.9615384615384616
ZENODO_10369064,levofloxacin,904,39,15,23,1,0,1.0,0.9583333333333334,0.0,0.041666666666666664,0.9791666666666669
ZENODO_10369064,levofloxacin,905,39,18,20,0,1,0.9473684210526315,1.0,0.0526315789473684,0.0,0.9736842105263156
ZENODO_10369064,levofloxacin,906,39,11,25,0,3,0.7857142857142857,1.0,0.2142857142857142,0.0,0.8928571428571428
ZENODO_10369064,levofloxacin,907,39,15,22,1,1,0.9375,0.9565217391304348,0.0625,0.043478260869565216,0.9470108695652174
ZENODO_10369064,levofloxacin,908,39,19,17,2,1,0.95,0.8947368421052632,0.05,0.10526315789473684,0.9223684210526316
ZENODO_10369064,levofloxacin,909,39,12,26,0,1,0.9230769230769231,1.0,0.0769230769230769,0.0,0.9615384615384616
ZENODO_10369064,levofloxacin,910,39,12,24,1,2,0.8571428571428571,0.96,0.1428571428571428,0.04,0.9085714285714286
ZENODO_10369064,levofloxacin,911,39,13,20,0,6,0.6842105263157895,1.0,0.3157894736842105,0.0,0.8421052631578947
ZENODO_10369064,levofloxacin,912,39,11,26,1,1,0.9166666666666666,0.9629629629629629,0.0833333333333333,0.037037037037037035,0.9398148148148148
ZENODO_10369064,levofloxacin,913,39,17,21,0,1,0.9444444444444444,1.0,0.0555555555555555,0.0,0.9722222222222222
ZENODO_10369064,levofloxacin,914,39,16,21,0,2,0.8888888888888888,1.0,0.1111111111111111,0.0,0.9444444444444444
ZENODO_10369064,levofloxacin,915,39,20,15,1,3,0.8695652173913043,0.9375,0.1304347826086956,0.0625,0.903532608695652
ZENODO_10369064,levofloxacin,916,39,14,23,0,2,0.875,1.0,0.125,0.0,0.9375
ZENODO_10369064,levofloxacin,917,39,14,23,1,1,0.9333333333333333,0.9583333333333334,0.0666666666666666,0.041666666666666664,0.9458333333333332
ZENODO_10369064,levofloxacin,918,39,12,22,3,2,0.8571428571428571,0.88,0.1428571428571428,0.12,0.8685714285714285
ZENODO_10369064,levofloxacin,919,39,15,24,0,0,1.0,1.0,0.0,0.0,1.0
ZENODO_10369064,levofloxacin,920,39,19,18,2,0,1.0,0.9,0.0,0.1,0.95
ZENODO_10369064,levofloxacin,921,39,11,25,2,1,0.9166666666666666,0.9259259259259259,0.0833333333333333,0.07407407407407407,0.9212962962962964
ZENODO_10369064,levofloxacin,922,39,17,19,0,3,0.85,1.0,0.15,0.0,0.925
ZENODO_10369064,levofloxacin,923,39,15,21,1,2,0.8823529411764706,0.9545454545454546,0.1176470588235294,0.045454545454545456,0.9184491978609626
ZENODO_10369064,levofloxacin,924,39,12,25,1,1,0.9230769230769231,0.9615384615384616,0.0769230769230769,0.038461538461538464,0.9423076923076924
ZENODO_10369064,levofloxacin,925,39,15,23,0,1,0.9375,1.0,0.0625,0.0,0.96875
ZENODO_10369064,levofloxacin,926,39,15,20,2,2,0.8823529411764706,0.9090909090909091,0.1176470588235294,0.09090909090909091,0.8957219251336899
ZENODO_10369064,levofloxacin,927,39,13,23,2,1,0.9285714285714286,0.92,0.0714285714285714,0.08,0.9242857142857144
ZENODO_10369064,levofloxacin,928,39,15,22,0,2,0.8823529411764706,1.0,0.1176470588235294,0.0,0.9411764705882352
ZENODO_10369064,levofloxacin,929,39,12,22,3,2,0.8571428571428571,0.88,0.1428571428571428,0.12,0.8685714285714285
ZENODO_10369064,levofloxacin,930,39,12,25,2,0,1.0,0.9259259259259259,0.0,0.07407407407407407,0.962962962962963
ZENODO_10369064,levofloxacin,931,39,13,24,1,1,0.9285714285714286,0.96,0.0714285714285714,0.04,0.9442857142857144
ZENODO_10369064,levofloxacin,932,39,16,21,1,1,0.9411764705882353,0.9545454545454546,0.0588235294117647,0.045454545454545456,0.9478609625668448
ZENODO_10369064,levofloxacin,933,39,8,25,2,4,0.6666666666666666,0.9259259259259259,0.3333333333333333,0.07407407407407407,0.7962962962962963
ZENODO_10369064,levofloxacin,934,39,9,28,1,1,0.9,0.9655172413793104,0.1,0.034482758620689655,0.9327586206896552
ZENODO_10369064,levofloxacin,935,39,15,22,1,1,0.9375,0.9565217391304348,0.0625,0.043478260869565216,0.9470108695652174
ZENODO_10369064,levofloxacin,936,39,14,23,1,1,0.9333333333333333,0.9583333333333334,0.0666666666666666,0.041666666666666664,0.9458333333333332
ZENODO_10369064,levofloxacin,937,39,17,19,1,2,0.8947368421052632,0.95,0.1052631578947368,0.05,0.9223684210526316
ZENODO_10369064,levofloxacin,938,39,10,25,2,2,0.8333333333333334,0.9259259259259259,0.1666666666666666,0.07407407407407407,0.8796296296296297
ZENODO_10369064,levofloxacin,939,39,12,26,1,0,1.0,0.9629629629629629,0.0,0.037037037037037035,0.9814814814814814
ZENODO_10369064,levofloxacin,940,39,12,22,3,2,0.8571428571428571,0.88,0.1428571428571428,0.12,0.8685714285714285
ZENODO_10369064,levofloxacin,941,39,8,27,0,4,0.6666666666666666,1.0,0.3333333333333333,0.0,0.8333333333333333
ZENODO_10369064,levofloxacin,942,39,18,18,0,3,0.8571428571428571,1.0,0.1428571428571428,0.0,0.9285714285714286
ZENODO_10369064,levofloxacin,943,39,15,22,0,2,0.8823529411764706,1.0,0.1176470588235294,0.0,0.9411764705882352
ZENODO_10369064,levofloxacin,944,39,17,20,0,2,0.8947368421052632,1.0,0.1052631578947368,0.0,0.9473684210526316
ZENODO_10369064,levofloxacin,945,39,16,20,0,3,0.8421052631578947,1.0,0.1578947368421052,0.0,0.9210526315789472
ZENODO_10369064,levofloxacin,946,39,17,18,1,3,0.85,0.9473684210526315,0.15,0.05263157894736842,0.8986842105263158
ZENODO_10369064,levofloxacin,947,39,14,21,1,3,0.8235294117647058,0.9545454545454546,0.1764705882352941,0.045454545454545456,0.8890374331550802
ZENODO_10369064,levofloxacin,948,39,12,26,0,1,0.9230769230769231,1.0,0.0769230769230769,0.0,0.9615384615384616
ZENODO_10369064,levofloxacin,949,39,14,25,0,0,1.0,1.0,0.0,0.0,1.0
ZENODO_10369064,levofloxacin,950,39,13,25,0,1,0.9285714285714286,1.0,0.0714285714285714,0.0,0.9642857142857144
ZENODO_10369064,levofloxacin,951,39,18,20,1,0,1.0,0.9523809523809523,0.0,0.047619047619047616,0.9761904761904762
ZENODO_10369064,levofloxacin,952,39,13,22,2,2,0.8666666666666667,0.9166666666666666,0.1333333333333333,0.08333333333333333,0.8916666666666666
ZENODO_10369064,levofloxacin,953,39,15,21,0,3,0.8333333333333334,1.0,0.1666666666666666,0.0,0.9166666666666669
ZENODO_10369064,levofloxacin,954,39,10,28,0,1,0.9090909090909091,1.0,0.0909090909090909,0.0,0.9545454545454546
ZENODO_10369064,levofloxacin,955,39,13,21,2,3,0.8125,0.9130434782608695,0.1875,0.08695652173913043,0.8627717391304348
ZENODO_10369064,levofloxacin,956,39,17,20,0,2,0.8947368421052632,1.0,0.1052631578947368,0.0,0.9473684210526316
ZENODO_10369064,levofloxacin,957,39,11,25,0,3,0.7857142857142857,1.0,0.2142857142857142,0.0,0.8928571428571428
ZENODO_10369064,levofloxacin,958,39,13,21,4,1,0.9285714285714286,0.84,0.0714285714285714,0.16,0.8842857142857143
ZENODO_10369064,levofloxacin,959,39,12,23,1,3,0.8,0.9583333333333334,0.2,0.041666666666666664,0.8791666666666667
ZENODO_10369064,levofloxacin,960,39,13,22,1,3,0.8125,0.9565217391304348,0.1875,0.043478260869565216,0.8845108695652174
ZENODO_10369064,levofloxacin,961,39,20,18,0,1,0.9523809523809523,1.0,0.0476190476190476,0.0,0.9761904761904762
ZENODO_10369064,levofloxacin,962,39,14,24,0,1,0.9333333333333333,1.0,0.0666666666666666,0.0,0.9666666666666668
ZENODO_10369064,levofloxacin,963,39,21,15,0,3,0.875,1.0,0.125,0.0,0.9375
ZENODO_10369064,levofloxacin,964,39,11,26,1,1,0.9166666666666666,0.9629629629629629,0.0833333333333333,0.037037037037037035,0.9398148148148148
ZENODO_10369064,levofloxacin,965,39,10,26,0,3,0.7692307692307693,1.0,0.2307692307692307,0.0,0.8846153846153846
ZENODO_10369064,levofloxacin,966,39,21,17,0,1,0.9545454545454546,1.0,0.0454545454545454,0.0,0.9772727272727272
ZENODO_10369064,levofloxacin,967,39,11,27,0,1,0.9166666666666666,1.0,0.0833333333333333,0.0,0.9583333333333331
ZENODO_10369064,levofloxacin,968,39,22,15,0,2,0.9166666666666666,1.0,0.0833333333333333,0.0,0.9583333333333331
ZENODO_10369064,levofloxacin,969,39,15,20,1,3,0.8333333333333334,0.9523809523809523,0.1666666666666666,0.047619047619047616,0.8928571428571428
ZENODO_10369064,levofloxacin,970,39,16,21,2,0,1.0,0.9130434782608695,0.0,0.08695652173913043,0.9565217391304348
ZENODO_10369064,levofloxacin,971,39,11,23,3,2,0.8461538461538461,0.8846153846153846,0.1538461538461538,0.11538461538461539,0.8653846153846154
ZENODO_10369064,levofloxacin,972,39,15,23,0,1,0.9375,1.0,0.0625,0.0,0.96875
ZENODO_10369064,levofloxacin,973,39,15,21,1,2,0.8823529411764706,0.9545454545454546,0.1176470588235294,0.045454545454545456,0.9184491978609626
ZENODO_10369064,levofloxacin,974,39,16,20,1,2,0.8888888888888888,0.9523809523809523,0.1111111111111111,0.047619047619047616,0.9206349206349206
ZENODO_10369064,levofloxacin,975,39,12,21,3,3,0.8,0.875,0.2,0.125,0.8375
ZENODO_10369064,levofloxacin,976,39,15,22,1,1,0.9375,0.9565217391304348,0.0625,0.043478260869565216,0.9470108695652174
ZENODO_10369064,levofloxacin,977,39,14,21,0,4,0.7777777777777778,1.0,0.2222222222222222,0.0,0.8888888888888888
ZENODO_10369064,levofloxacin,978,39,14,23,0,2,0.875,1.0,0.125,0.0,0.9375
ZENODO_10369064,levofloxacin,979,39,15,21,1,2,0.8823529411764706,0.9545454545454546,0.1176470588235294,0.045454545454545456,0.9184491978609626
ZENODO_10369064,levofloxacin,980,39,11,26,0,2,0.8461538461538461,1.0,0.1538461538461538,0.0,0.9230769230769232
ZENODO_10369064,levofloxacin,981,39,12,17,4,6,0.6666666666666666,0.8095238095238095,0.3333333333333333,0.19047619047619047,0.7380952380952381
ZENODO_10369064,levofloxacin,982,39,19,16,1,3,0.8636363636363636,0.9411764705882353,0.1363636363636363,0.058823529411764705,0.9024064171122994
ZENODO_10369064,levofloxacin,983,39,13,24,1,1,0.9285714285714286,0.96,0.0714285714285714,0.04,0.9442857142857144
ZENODO_10369064,levofloxacin,984,39,15,20,0,4,0.7894736842105263,1.0,0.2105263157894736,0.0,0.8947368421052632
ZENODO_10369064,levofloxacin,985,39,13,19,2,5,0.7222222222222222,0.9047619047619048,0.2777777777777778,0.09523809523809523,0.8134920634920635
ZENODO_10369064,levofloxacin,986,39,13,23,0,3,0.8125,1.0,0.1875,0.0,0.90625
ZENODO_10369064,levofloxacin,987,39,14,22,2,1,0.9333333333333333,0.9166666666666666,0.0666666666666666,0.08333333333333333,0.925
ZENODO_10369064,levofloxacin,988,39,17,19,1,2,0.8947368421052632,0.95,0.1052631578947368,0.05,0.9223684210526316
ZENODO_10369064,levofloxacin,989,39,14,22,1,2,0.875,0.9565217391304348,0.125,0.043478260869565216,0.9157608695652174
ZENODO_10369064,levofloxacin,990,39,12,24,1,2,0.8571428571428571,0.96,0.1428571428571428,0.04,0.9085714285714286
ZENODO_10369064,levofloxacin,991,39,17,21,0,1,0.9444444444444444,1.0,0.0555555555555555,0.0,0.9722222222222222
ZENODO_10369064,levofloxacin,992,39,17,22,0,0,1.0,1.0,0.0,0.0,1.0
ZENODO_10369064,levofloxacin,993,39,15,21,1,2,0.8823529411764706,0.9545454545454546,0.1176470588235294,0.045454545454545456,0.9184491978609626
ZENODO_10369064,levofloxacin,994,39,17,20,1,1,0.9444444444444444,0.9523809523809523,0.0555555555555555,0.047619047619047616,0.9484126984126984
ZENODO_10369064,levofloxacin,995,39,16,21,1,1,0.9411764705882353,0.9545454545454546,0.0588235294117647,0.045454545454545456,0.9478609625668448
ZENODO_10369064,levofloxacin,996,39,13,21,1,4,0.7647058823529411,0.9545454545454546,0.2352941176470588,0.045454545454545456,0.8596256684491979
ZENODO_10369064,levofloxacin,997,39,15,24,0,0,1.0,1.0,0.0,0.0,1.0
ZENODO_10369064,levofloxacin,998,39,19,18,0,2,0.9047619047619048,1.0,0.0952380952380952,0.0,0.9523809523809524
ZENODO_10369064,levofloxacin,999,39,14,22,0,3,0.8235294117647058,1.0,0.1764705882352941,0.0,0.9117647058823528
ZENODO_10369064,levofloxacin,1000,39,14,19,0,6,0.7,1.0,0.3,0.0,0.85
ZENODO_10369064,levofloxacin,1001,39,10,25,1,3,0.7692307692307693,0.9615384615384616,0.2307692307692307,0.038461538461538464,0.8653846153846154
ZENODO_10369064,levofloxacin,1002,39,13,24,1,1,0.9285714285714286,0.96,0.0714285714285714,0.04,0.9442857142857144
ZENODO_10369064,levofloxacin,1003,39,17,22,0,0,1.0,1.0,0.0,0.0,1.0
ZENODO_10369064,levofloxacin,1004,39,19,18,1,1,0.95,0.9473684210526315,0.05,0.05263157894736842,0.9486842105263158
ZENODO_10369064,levofloxacin,1005,39,18,18,2,1,0.9473684210526315,0.9,0.0526315789473684,0.1,0.9236842105263158
ZENODO_10369064,levofloxacin,1006,39,17,19,0,3,0.85,1.0,0.15,0.0,0.925
ZENODO_10369064,levofloxacin,1007,39,14,19,1,5,0.7368421052631579,0.95,0.2631578947368421,0.05,0.8434210526315788
ZENODO_10369064,levofloxacin,1008,39,19,18,1,1,0.95,0.9473684210526315,0.05,0.05263157894736842,0.9486842105263158
ZENODO_10369064,levofloxacin,1009,39,15,23,1,0,1.0,0.9583333333333334,0.0,0.041666666666666664,0.9791666666666669
ZENODO_10369064,levofloxacin,1010,39,10,28,1,0,1.0,0.9655172413793104,0.0,0.034482758620689655,0.9827586206896552
ZENODO_10369064,levofloxacin,1011,39,14,24,0,1,0.9333333333333333,1.0,0.0666666666666666,0.0,0.9666666666666668
ZENODO_10369064,levofloxacin,1012,39,17,21,0,1,0.9444444444444444,1.0,0.0555555555555555,0.0,0.9722222222222222
ZENODO_10369064,levofloxacin,1013,39,11,26,1,1,0.9166666666666666,0.9629629629629629,0.0833333333333333,0.037037037037037035,0.9398148148148148
ZENODO_10369064,levofloxacin,1014,39,12,22,3,2,0.8571428571428571,0.88,0.1428571428571428,0.12,0.8685714285714285
ZENODO_10369064,levofloxacin,1015,39,12,22,2,3,0.8,0.9166666666666666,0.2,0.08333333333333333,0.8583333333333334
ZENODO_10369064,levofloxacin,1016,39,16,21,0,2,0.8888888888888888,1.0,0.1111111111111111,0.0,0.9444444444444444
ZENODO_10369064,levofloxacin,1017,39,16,21,0,2,0.8888888888888888,1.0,0.1111111111111111,0.0,0.9444444444444444
ZENODO_10369064,levofloxacin,1018,39,6,30,1,2,0.75,0.967741935483871,0.25,0.03225806451612903,0.8588709677419355
ZENODO_10369064,levofloxacin,1019,39,17,21,1,0,1.0,0.9545454545454546,0.0,0.045454545454545456,0.9772727272727272
ZENODO_10369064,levofloxacin,1020,39,10,23,1,5,0.6666666666666666,0.9583333333333334,0.3333333333333333,0.041666666666666664,0.8125
ZENODO_10369064,levofloxacin,1021,39,13,25,0,1,0.9285714285714286,1.0,0.0714285714285714,0.0,0.9642857142857144
ZENODO_10369064,levofloxacin,1022,39,13,26,0,0,1.0,1.0,0.0,0.0,1.0
ZENODO_10369064,levofloxacin,1023,39,12,20,4,3,0.8,0.8333333333333334,0.2,0.16666666666666666,0.8166666666666667
ZENODO_10369064,levofloxacin,1024,39,14,22,1,2,0.875,0.9565217391304348,0.125,0.043478260869565216,0.9157608695652174
ZENODO_10369064,levofloxacin,1025,39,13,22,1,3,0.8125,0.9565217391304348,0.1875,0.043478260869565216,0.8845108695652174
ZENODO_10369064,levofloxacin,1026,39,14,19,2,4,0.7777777777777778,0.9047619047619048,0.2222222222222222,0.09523809523809523,0.8412698412698413
ZENODO_10369064,levofloxacin,1027,39,15,22,0,2,0.8823529411764706,1.0,0.1176470588235294,0.0,0.9411764705882352
ZENODO_10369064,levofloxacin,1028,39,15,20,1,3,0.8333333333333334,0.9523809523809523,0.1666666666666666,0.047619047619047616,0.8928571428571428
ZENODO_10369064,levofloxacin,1029,39,15,21,3,0,1.0,0.875,0.0,0.125,0.9375
ZENODO_10369064,levofloxacin,1030,39,13,20,2,4,0.7647058823529411,0.9090909090909091,0.2352941176470588,0.09090909090909091,0.8368983957219251
ZENODO_10369064,levofloxacin,1031,39,13,24,0,2,0.8666666666666667,1.0,0.1333333333333333,0.0,0.9333333333333332
ZENODO_10369064,levofloxacin,1032,39,9,25,2,3,0.75,0.9259259259259259,0.25,0.07407407407407407,0.837962962962963
ZENODO_10369064,levofloxacin,1033,39,14,24,0,1,0.9333333333333333,1.0,0.0666666666666666,0.0,0.9666666666666668
ZENODO_10369064,levofloxacin,1034,39,14,24,0,1,0.9333333333333333,1.0,0.0666666666666666,0.0,0.9666666666666668
ZENODO_10369064,levofloxacin,1035,39,17,21,0,1,0.9444444444444444,1.0,0.0555555555555555,0.0,0.9722222222222222
ZENODO_10369064,levofloxacin,1036,39,12,24,2,1,0.9230769230769231,0.9230769230769231,0.0769230769230769,0.07692307692307693,0.9230769230769232
ZENODO_10369064,levofloxacin,1037,39,15,21,3,0,1.0,0.875,0.0,0.125,0.9375
ZENODO_10369064,levofloxacin,1038,39,16,22,0,1,0.9411764705882353,1.0,0.0588235294117647,0.0,0.9705882352941176
ZENODO_10369064,levofloxacin,1039,39,15,23,0,1,0.9375,1.0,0.0625,0.0,0.96875
ZENODO_10369064,levofloxacin,1040,39,11,24,1,3,0.7857142857142857,0.96,0.2142857142857142,0.04,0.8728571428571428
ZENODO_10369064,levofloxacin,1041,39,14,23,0,2,0.875,1.0,0.125,0.0,0.9375
ZENODO_10369064,levofloxacin,1042,39,19,17,1,2,0.9047619047619048,0.9444444444444444,0.0952380952380952,0.05555555555555555,0.9246031746031746
ZENODO_10369064,levofloxacin,1043,39,16,21,1,1,0.9411764705882353,0.9545454545454546,0.0588235294117647,0.045454545454545456,0.9478609625668448
ZENODO_10369064,levofloxacin,1044,39,14,22,2,1,0.9333333333333333,0.9166666666666666,0.0666666666666666,0.08333333333333333,0.925
ZENODO_10369064,levofloxacin,1045,39,13,19,1,6,0.6842105263157895,0.95,0.3157894736842105,0.05,0.8171052631578948
ZENODO_10369064,levofloxacin,1046,39,19,16,1,3,0.8636363636363636,0.9411764705882353,0.1363636363636363,0.058823529411764705,0.9024064171122994
ZENODO_10369064,levofloxacin,1047,39,18,18,1,2,0.9,0.9473684210526315,0.1,0.05263157894736842,0.9236842105263158
ZENODO_10369064,levofloxacin,1048,39,16,18,0,5,0.7619047619047619,1.0,0.238095238095238,0.0,0.8809523809523809
ZENODO_10369064,levofloxacin,1049,39,12,24,1,2,0.8571428571428571,0.96,0.1428571428571428,0.04,0.9085714285714286
ZENODO_10369064,levofloxacin,1050,39,9,23,1,6,0.6,0.9583333333333334,0.4,0.041666666666666664,0.7791666666666667
ZENODO_10369064,levofloxacin,1051,39,17,19,2,1,0.9444444444444444,0.9047619047619048,0.0555555555555555,0.09523809523809523,0.9246031746031746
ZENODO_10369064,levofloxacin,1052,39,15,21,1,2,0.8823529411764706,0.9545454545454546,0.1176470588235294,0.045454545454545456,0.9184491978609626
ZENODO_10369064,levofloxacin,1053,39,12,22,2,3,0.8,0.9166666666666666,0.2,0.08333333333333333,0.8583333333333334
ZENODO_10369064,levofloxacin,1054,39,12,26,0,1,0.9230769230769231,1.0,0.0769230769230769,0.0,0.9615384615384616
ZENODO_10369064,levofloxacin,1055,39,12,24,1,2,0.8571428571428571,0.96,0.1428571428571428,0.04,0.9085714285714286
ZENODO_10369064,levofloxacin,1056,39,9,23,2,5,0.6428571428571429,0.92,0.3571428571428571,0.08,0.7814285714285715
ZENODO_10369064,levofloxacin,1057,39,13,22,1,3,0.8125,0.9565217391304348,0.1875,0.043478260869565216,0.8845108695652174
ZENODO_10369064,levofloxacin,1058,39,11,27,0,1,0.9166666666666666,1.0,0.0833333333333333,0.0,0.9583333333333331
ZENODO_10369064,levofloxacin,1059,39,19,16,1,3,0.8636363636363636,0.9411764705882353,0.1363636363636363,0.058823529411764705,0.9024064171122994
ZENODO_10369064,levofloxacin,1060,39,16,19,3,1,0.9411764705882353,0.8636363636363636,0.0588235294117647,0.13636363636363635,0.9024064171122994
ZENODO_10369064,levofloxacin,1061,39,16,22,1,0,1.0,0.9565217391304348,0.0,0.043478260869565216,0.9782608695652174
ZENODO_10369064,levofloxacin,1062,39,10,27,1,1,0.9090909090909091,0.9642857142857143,0.0909090909090909,0.03571428571428571,0.9366883116883116
ZENODO_10369064,levofloxacin,1063,39,16,23,0,0,1.0,1.0,0.0,0.0,1.0
ZENODO_10369064,levofloxacin,1064,39,14,23,1,1,0.9333333333333333,0.9583333333333334,0.0666666666666666,0.041666666666666664,0.9458333333333332
ZENODO_10369064,levofloxacin,1065,39,11,25,2,1,0.9166666666666666,0.9259259259259259,0.0833333333333333,0.07407407407407407,0.9212962962962964
ZENODO_10369064,levofloxacin,1066,39,12,26,0,1,0.9230769230769231,1.0,0.0769230769230769,0.0,0.9615384615384616
ZENODO_10369064,levofloxacin,1067,39,23,14,1,1,0.9583333333333334,0.9333333333333333,0.0416666666666666,0.06666666666666667,0.9458333333333332
ZENODO_10369064,levofloxacin,1068,39,12,25,2,0,1.0,0.9259259259259259,0.0,0.07407407407407407,0.962962962962963
ZENODO_10369064,levofloxacin,1069,39,16,22,0,1,0.9411764705882353,1.0,0.0588235294117647,0.0,0.9705882352941176
ZENODO_10369064,levofloxacin,1070,39,15,21,1,2,0.8823529411764706,0.9545454545454546,0.1176470588235294,0.045454545454545456,0.9184491978609626
ZENODO_10369064,levofloxacin,1071,39,11,25,0,3,0.7857142857142857,1.0,0.2142857142857142,0.0,0.8928571428571428
ZENODO_10369064,levofloxacin,1072,39,19,19,0,1,0.95,1.0,0.05,0.0,0.975
ZENODO_10369064,levofloxacin,1073,39,18,18,2,1,0.9473684210526315,0.9,0.0526315789473684,0.1,0.9236842105263158
ZENODO_10369064,levofloxacin,1074,39,12,22,5,0,1.0,0.8148148148148148,0.0,0.18518518518518517,0.9074074074074074
ZENODO_10369064,levofloxacin,1075,39,14,24,0,1,0.9333333333333333,1.0,0.0666666666666666,0.0,0.9666666666666668
ZENODO_10369064,levofloxacin,1076,39,8,25,3,3,0.7272727272727273,0.8928571428571429,0.2727272727272727,0.10714285714285714,0.8100649350649352
ZENODO_10369064,levofloxacin,1077,39,13,23,1,2,0.8666666666666667,0.9583333333333334,0.1333333333333333,0.041666666666666664,0.9125
ZENODO_10369064,levofloxacin,1078,39,12,23,1,3,0.8,0.9583333333333334,0.2,0.041666666666666664,0.8791666666666667
ZENODO_10369064,levofloxacin,1079,39,9,26,1,3,0.75,0.9629629629629629,0.25,0.037037037037037035,0.8564814814814814
ZENODO_10369064,levofloxacin,1080,39,11,27,0,1,0.9166666666666666,1.0,0.0833333333333333,0.0,0.9583333333333331
ZENODO_10369064,levofloxacin,1081,39,16,19,2,2,0.8888888888888888,0.9047619047619048,0.1111111111111111,0.09523809523809523,0.8968253968253967
ZENODO_10369064,levofloxacin,1082,39,17,20,0,2,0.8947368421052632,1.0,0.1052631578947368,0.0,0.9473684210526316
ZENODO_10369064,levofloxacin,1083,39,19,15,2,3,0.8636363636363636,0.8823529411764706,0.1363636363636363,0.11764705882352941,0.8729946524064172
ZENODO_10369064,levofloxacin,1084,39,14,18,5,2,0.875,0.782608695652174,0.125,0.21739130434782608,0.8288043478260869
ZENODO_10369064,levofloxacin,1085,39,16,20,1,2,0.8888888888888888,0.9523809523809523,0.1111111111111111,0.047619047619047616,0.9206349206349206
ZENODO_10369064,levofloxacin,1086,39,14,24,0,1,0.9333333333333333,1.0,0.0666666666666666,0.0,0.9666666666666668
ZENODO_10369064,levofloxacin,1087,39,15,20,2,2,0.8823529411764706,0.9090909090909091,0.1176470588235294,0.09090909090909091,0.8957219251336899
ZENODO_10369064,levofloxacin,1088,39,11,21,3,4,0.7333333333333333,0.875,0.2666666666666666,0.125,0.8041666666666667
ZENODO_10369064,levofloxacin,1089,39,16,21,1,1,0.9411764705882353,0.9545454545454546,0.0588235294117647,0.045454545454545456,0.9478609625668448
ZENODO_10369064,levofloxacin,1090,39,13,22,2,2,0.8666666666666667,0.9166666666666666,0.1333333333333333,0.08333333333333333,0.8916666666666666
ZENODO_10369064,levofloxacin,1091,39,14,21,1,3,0.8235294117647058,0.9545454545454546,0.1764705882352941,0.045454545454545456,0.8890374331550802
ZENODO_10369064,levofloxacin,1092,39,18,18,2,1,0.9473684210526315,0.9,0.0526315789473684,0.1,0.9236842105263158
ZENODO_10369064,levofloxacin,1093,39,20,18,0,1,0.9523809523809523,1.0,0.0476190476190476,0.0,0.9761904761904762
ZENODO_10369064,levofloxacin,1094,39,9,26,1,3,0.75,0.9629629629629629,0.25,0.037037037037037035,0.8564814814814814
ZENODO_10369064,levofloxacin,1095,39,12,24,0,3,0.8,1.0,0.2,0.0,0.9
ZENODO_10369064,levofloxacin,1096,39,17,20,1,1,0.9444444444444444,0.9523809523809523,0.0555555555555555,0.047619047619047616,0.9484126984126984
ZENODO_10369064,levofloxacin,1097,39,16,23,0,0,1.0,1.0,0.0,0.0,1.0
ZENODO_10369064,levofloxacin,1098,39,17,19,1,2,0.8947368421052632,0.95,0.1052631578947368,0.05,0.9223684210526316
ZENODO_10369064,levofloxacin,1099,39,12,22,0,5,0.7058823529411765,1.0,0.2941176470588235,0.0,0.8529411764705883
ZENODO_10369064,levofloxacin,1100,39,16,18,2,3,0.8421052631578947,0.9,0.1578947368421052,0.1,0.8710526315789473
ZENODO_10369064,levofloxacin,1101,39,20,19,0,0,1.0,1.0,0.0,0.0,1.0
ZENODO_10369064,levofloxacin,1102,39,12,24,0,3,0.8,1.0,0.2,0.0,0.9
ZENODO_10369064,levofloxacin,1103,39,12,25,2,0,1.0,0.9259259259259259,0.0,0.07407407407407407,0.962962962962963
ZENODO_10369064,levofloxacin,1104,39,17,18,2,2,0.8947368421052632,0.9,0.1052631578947368,0.1,0.8973684210526316
ZENODO_10369064,levofloxacin,1105,39,15,22,0,2,0.8823529411764706,1.0,0.1176470588235294,0.0,0.9411764705882352
ZENODO_10369064,levofloxacin,1106,39,19,15,1,4,0.8260869565217391,0.9375,0.1739130434782608,0.0625,0.8817934782608696
ZENODO_10369064,levofloxacin,1107,39,17,19,1,2,0.8947368421052632,0.95,0.1052631578947368,0.05,0.9223684210526316
ZENODO_10369064,levofloxacin,1108,39,12,24,1,2,0.8571428571428571,0.96,0.1428571428571428,0.04,0.9085714285714286
ZENODO_10369064,levofloxacin,1109,39,11,26,1,1,0.9166666666666666,0.9629629629629629,0.0833333333333333,0.037037037037037035,0.9398148148148148
ZENODO_10369064,levofloxacin,1110,39,21,16,0,2,0.9130434782608695,1.0,0.0869565217391304,0.0,0.9565217391304348
ZENODO_10369064,levofloxacin,1111,39,11,26,1,1,0.9166666666666666,0.9629629629629629,0.0833333333333333,0.037037037037037035,0.9398148148148148
ZENODO_10369064,levofloxacin,1112,39,15,22,1,1,0.9375,0.9565217391304348,0.0625,0.043478260869565216,0.9470108695652174
ZENODO_10369064,levofloxacin,1113,39,13,23,0,3,0.8125,1.0,0.1875,0.0,0.90625
ZENODO_10369064,levofloxacin,1114,39,13,23,2,1,0.9285714285714286,0.92,0.0714285714285714,0.08,0.9242857142857144
ZENODO_10369064,levofloxacin,1115,39,15,19,3,2,0.8823529411764706,0.8636363636363636,0.1176470588235294,0.13636363636363635,0.8729946524064172
ZENODO_10369064,levofloxacin,1116,39,15,19,0,5,0.75,1.0,0.25,0.0,0.875
ZENODO_10369064,levofloxacin,1117,39,11,26,0,2,0.8461538461538461,1.0,0.1538461538461538,0.0,0.9230769230769232
ZENODO_10369064,levofloxacin,1118,39,21,17,0,1,0.9545454545454546,1.0,0.0454545454545454,0.0,0.9772727272727272
ZENODO_10369064,levofloxacin,1119,39,15,20,0,4,0.7894736842105263,1.0,0.2105263157894736,0.0,0.8947368421052632
ZENODO_10369064,levofloxacin,1120,39,15,21,2,1,0.9375,0.9130434782608695,0.0625,0.08695652173913043,0.9252717391304348
ZENODO_10369064,levofloxacin,1121,39,15,22,1,1,0.9375,0.9565217391304348,0.0625,0.043478260869565216,0.9470108695652174
ZENODO_10369064,levofloxacin,1122,39,19,19,1,0,1.0,0.95,0.0,0.05,0.975
ZENODO_10369064,levofloxacin,1123,39,16,21,2,0,1.0,0.9130434782608695,0.0,0.08695652173913043,0.9565217391304348
ZENODO_10369064,levofloxacin,1124,39,10,25,1,3,0.7692307692307693,0.9615384615384616,0.2307692307692307,0.038461538461538464,0.8653846153846154
ZENODO_10369064,levofloxacin,1125,39,16,21,0,2,0.8888888888888888,1.0,0.1111111111111111,0.0,0.9444444444444444
ZENODO_10369064,levofloxacin,1126,39,12,23,1,3,0.8,0.9583333333333334,0.2,0.041666666666666664,0.8791666666666667
ZENODO_10369064,levofloxacin,1127,39,12,26,0,1,0.9230769230769231,1.0,0.0769230769230769,0.0,0.9615384615384616
ZENODO_10369064,levofloxacin,1128,39,10,29,0,0,1.0,1.0,0.0,0.0,1.0
ZENODO_10369064,levofloxacin,1129,39,14,25,0,0,1.0,1.0,0.0,0.0,1.0
ZENODO_10369064,levofloxacin,1130,39,13,19,2,5,0.7222222222222222,0.9047619047619048,0.2777777777777778,0.09523809523809523,0.8134920634920635
ZENODO_10369064,levofloxacin,1131,39,13,23,2,1,0.9285714285714286,0.92,0.0714285714285714,0.08,0.9242857142857144
ZENODO_10369064,levofloxacin,1132,39,12,26,0,1,0.9230769230769231,1.0,0.0769230769230769,0.0,0.9615384615384616
ZENODO_10369064,levofloxacin,1133,39,11,24,1,3,0.7857142857142857,0.96,0.2142857142857142,0.04,0.8728571428571428
ZENODO_10369064,levofloxacin,1134,39,15,23,0,1,0.9375,1.0,0.0625,0.0,0.96875
ZENODO_10369064,levofloxacin,1135,39,18,20,0,1,0.9473684210526315,1.0,0.0526315789473684,0.0,0.9736842105263156
ZENODO_10369064,levofloxacin,1136,39,18,14,2,5,0.782608695652174,0.875,0.217391304347826,0.125,0.8288043478260869
ZENODO_10369064,levofloxacin,1137,39,11,25,1,2,0.8461538461538461,0.9615384615384616,0.1538461538461538,0.038461538461538464,0.903846153846154
ZENODO_10369064,levofloxacin,1138,39,15,22,1,1,0.9375,0.9565217391304348,0.0625,0.043478260869565216,0.9470108695652174
ZENODO_10369064,levofloxacin,1139,39,13,25,0,1,0.9285714285714286,1.0,0.0714285714285714,0.0,0.9642857142857144
ZENODO_10369064,levofloxacin,1140,39,13,23,0,3,0.8125,1.0,0.1875,0.0,0.90625
ZENODO_10369064,levofloxacin,1141,39,12,22,2,3,0.8,0.9166666666666666,0.2,0.08333333333333333,0.8583333333333334
ZENODO_10369064,levofloxacin,1142,39,13,23,1,2,0.8666666666666667,0.9583333333333334,0.1333333333333333,0.041666666666666664,0.9125
ZENODO_10369064,levofloxacin,1143,39,9,25,3,2,0.8181818181818182,0.8928571428571429,0.1818181818181818,0.10714285714285714,0.8555194805194806
ZENODO_10369064,levofloxacin,1144,39,15,21,0,3,0.8333333333333334,1.0,0.1666666666666666,0.0,0.9166666666666669
ZENODO_10369064,levofloxacin,1145,39,17,20,1,1,0.9444444444444444,0.9523809523809523,0.0555555555555555,0.047619047619047616,0.9484126984126984
ZENODO_10369064,levofloxacin,1146,39,19,16,0,4,0.8260869565217391,1.0,0.1739130434782608,0.0,0.9130434782608696
ZENODO_10369064,levofloxacin,1147,39,10,25,3,1,0.9090909090909091,0.8928571428571429,0.0909090909090909,0.10714285714285714,0.900974025974026
ZENODO_10369064,levofloxacin,1148,39,17,19,2,1,0.9444444444444444,0.9047619047619048,0.0555555555555555,0.09523809523809523,0.9246031746031746
ZENODO_10369064,levofloxacin,1149,39,16,20,2,1,0.9411764705882353,0.9090909090909091,0.0588235294117647,0.09090909090909091,0.925133689839572
ZENODO_10369064,levofloxacin,1150,39,10,25,1,3,0.7692307692307693,0.9615384615384616,0.2307692307692307,0.038461538461538464,0.8653846153846154
ZENODO_10369064,levofloxacin,1151,39,14,20,2,3,0.8235294117647058,0.9090909090909091,0.1764705882352941,0.09090909090909091,0.8663101604278074
ZENODO_10369064,levofloxacin,1152,39,14,23,0,2,0.875,1.0,0.125,0.0,0.9375
ZENODO_10369064,levofloxacin,1153,39,14,20,3,2,0.875,0.8695652173913043,0.125,0.13043478260869565,0.8722826086956521
ZENODO_10369064,levofloxacin,1154,39,12,21,2,4,0.75,0.9130434782608695,0.25,0.08695652173913043,0.8315217391304348
ZENODO_10369064,levofloxacin,1155,39,12,26,0,1,0.9230769230769231,1.0,0.0769230769230769,0.0,0.9615384615384616
ZENODO_10369064,levofloxacin,1156,39,15,21,0,3,0.8333333333333334,1.0,0.1666666666666666,0.0,0.9166666666666669
ZENODO_10369064,levofloxacin,1157,39,13,24,0,2,0.8666666666666667,1.0,0.1333333333333333,0.0,0.9333333333333332
ZENODO_10369064,levofloxacin,1158,39,12,23,1,3,0.8,0.9583333333333334,0.2,0.041666666666666664,0.8791666666666667
ZENODO_10369064,levofloxacin,1159,39,12,24,3,0,1.0,0.8888888888888888,0.0,0.1111111111111111,0.9444444444444444
ZENODO_10369064,levofloxacin,1160,39,9,26,2,2,0.8181818181818182,0.9285714285714286,0.1818181818181818,0.07142857142857142,0.8733766233766234
ZENODO_10369064,levofloxacin,1161,39,16,22,0,1,0.9411764705882353,1.0,0.0588235294117647,0.0,0.9705882352941176
ZENODO_10369064,levofloxacin,1162,39,10,28,0,1,0.9090909090909091,1.0,0.0909090909090909,0.0,0.9545454545454546
ZENODO_10369064,levofloxacin,1163,39,11,25,1,2,0.8461538461538461,0.9615384615384616,0.1538461538461538,0.038461538461538464,0.903846153846154
ZENODO_10369064,levofloxacin,1164,39,13,21,2,3,0.8125,0.9130434782608695,0.1875,0.08695652173913043,0.8627717391304348
ZENODO_10369064,levofloxacin,1165,39,11,26,0,2,0.8461538461538461,1.0,0.1538461538461538,0.0,0.9230769230769232
ZENODO_10369064,levofloxacin,1166,39,18,18,1,2,0.9,0.9473684210526315,0.1,0.05263157894736842,0.9236842105263158
ZENODO_10369064,levofloxacin,1167,39,15,21,0,3,0.8333333333333334,1.0,0.1666666666666666,0.0,0.9166666666666669
ZENODO_10369064,levofloxacin,1168,39,17,19,0,3,0.85,1.0,0.15,0.0,0.925
ZENODO_10369064,levofloxacin,1169,39,12,25,1,1,0.9230769230769231,0.9615384615384616,0.0769230769230769,0.038461538461538464,0.9423076923076924
ZENODO_10369064,levofloxacin,1170,39,12,26,1,0,1.0,0.9629629629629629,0.0,0.037037037037037035,0.9814814814814814
ZENODO_10369064,levofloxacin,1171,39,10,27,1,1,0.9090909090909091,0.9642857142857143,0.0909090909090909,0.03571428571428571,0.9366883116883116
ZENODO_10369064,levofloxacin,1172,39,16,20,0,3,0.8421052631578947,1.0,0.1578947368421052,0.0,0.9210526315789472
ZENODO_10369064,levofloxacin,1173,39,16,22,1,0,1.0,0.9565217391304348,0.0,0.043478260869565216,0.9782608695652174
ZENODO_10369064,levofloxacin,1174,39,12,23,2,2,0.8571428571428571,0.92,0.1428571428571428,0.08,0.8885714285714286
ZENODO_10369064,levofloxacin,1175,39,13,24,1,1,0.9285714285714286,0.96,0.0714285714285714,0.04,0.9442857142857144
ZENODO_10369064,levofloxacin,1176,39,10,26,2,1,0.9090909090909091,0.9285714285714286,0.0909090909090909,0.07142857142857142,0.9188311688311688
ZENODO_10369064,levofloxacin,1177,39,18,20,1,0,1.0,0.9523809523809523,0.0,0.047619047619047616,0.9761904761904762
ZENODO_10369064,levofloxacin,1178,39,15,23,0,1,0.9375,1.0,0.0625,0.0,0.96875
ZENODO_10369064,levofloxacin,1179,39,13,22,2,2,0.8666666666666667,0.9166666666666666,0.1333333333333333,0.08333333333333333,0.8916666666666666
ZENODO_10369064,levofloxacin,1180,39,13,23,1,2,0.8666666666666667,0.9583333333333334,0.1333333333333333,0.041666666666666664,0.9125
ZENODO_10369064,levofloxacin,1181,39,15,23,0,1,0.9375,1.0,0.0625,0.0,0.96875
ZENODO_10369064,levofloxacin,1182,39,10,25,1,3,0.7692307692307693,0.9615384615384616,0.2307692307692307,0.038461538461538464,0.8653846153846154
ZENODO_10369064,levofloxacin,1183,39,16,20,1,2,0.8888888888888888,0.9523809523809523,0.1111111111111111,0.047619047619047616,0.9206349206349206
ZENODO_10369064,levofloxacin,1184,39,16,22,0,1,0.9411764705882353,1.0,0.0588235294117647,0.0,0.9705882352941176
ZENODO_10369064,levofloxacin,1185,39,7,27,2,3,0.7,0.9310344827586207,0.3,0.06896551724137931,0.8155172413793104
ZENODO_10369064,levofloxacin,1186,39,14,25,0,0,1.0,1.0,0.0,0.0,1.0
ZENODO_10369064,levofloxacin,1187,39,19,17,1,2,0.9047619047619048,0.9444444444444444,0.0952380952380952,0.05555555555555555,0.9246031746031746
ZENODO_10369064,levofloxacin,1188,39,15,23,0,1,0.9375,1.0,0.0625,0.0,0.96875
ZENODO_10369064,levofloxacin,1189,39,15,22,0,2,0.8823529411764706,1.0,0.1176470588235294,0.0,0.9411764705882352
ZENODO_10369064,levofloxacin,1190,39,14,22,3,0,1.0,0.88,0.0,0.12,0.94
ZENODO_10369064,levofloxacin,1191,39,15,22,1,1,0.9375,0.9565217391304348,0.0625,0.043478260869565216,0.9470108695652174
ZENODO_10369064,levofloxacin,1192,39,10,27,1,1,0.9090909090909091,0.9642857142857143,0.0909090909090909,0.03571428571428571,0.9366883116883116
ZENODO_10369064,levofloxacin,1193,39,10,24,0,5,0.6666666666666666,1.0,0.3333333333333333,0.0,0.8333333333333333
ZENODO_10369064,levofloxacin,1194,39,14,22,2,1,0.9333333333333333,0.9166666666666666,0.0666666666666666,0.08333333333333333,0.925
ZENODO_10369064,levofloxacin,1195,39,16,20,1,2,0.8888888888888888,0.9523809523809523,0.1111111111111111,0.047619047619047616,0.9206349206349206
ZENODO_10369064,levofloxacin,1196,39,10,27,0,2,0.8333333333333334,1.0,0.1666666666666666,0.0,0.9166666666666669
ZENODO_10369064,levofloxacin,1197,39,12,25,1,1,0.9230769230769231,0.9615384615384616,0.0769230769230769,0.038461538461538464,0.9423076923076924
ZENODO_10369064,levofloxacin,1198,39,12,22,3,2,0.8571428571428571,0.88,0.1428571428571428,0.12,0.8685714285714285
ZENODO_10369064,levofloxacin,1199,39,23,13,0,3,0.8846153846153846,1.0,0.1153846153846153,0.0,0.9423076923076924
ZENODO_10369064,levofloxacin,1200,39,15,20,1,3,0.8333333333333334,0.9523809523809523,0.1666666666666666,0.047619047619047616,0.8928571428571428
ZENODO_10369064,levofloxacin,1201,39,16,18,0,5,0.7619047619047619,1.0,0.238095238095238,0.0,0.8809523809523809
ZENODO_10369064,levofloxacin,1202,39,15,24,0,0,1.0,1.0,0.0,0.0,1.0
ZENODO_10369064,levofloxacin,1203,39,10,28,1,0,1.0,0.9655172413793104,0.0,0.034482758620689655,0.9827586206896552
ZENODO_10369064,levofloxacin,1204,39,15,22,0,2,0.8823529411764706,1.0,0.1176470588235294,0.0,0.9411764705882352
ZENODO_10369064,levofloxacin,1205,39,18,20,0,1,0.9473684210526315,1.0,0.0526315789473684,0.0,0.9736842105263156
ZENODO_10369064,levofloxacin,1206,39,14,20,2,3,0.8235294117647058,0.9090909090909091,0.1764705882352941,0.09090909090909091,0.8663101604278074
ZENODO_10369064,levofloxacin,1207,39,14,22,1,2,0.875,0.9565217391304348,0.125,0.043478260869565216,0.9157608695652174
ZENODO_10369064,levofloxacin,1208,39,15,23,1,0,1.0,0.9583333333333334,0.0,0.041666666666666664,0.9791666666666669
ZENODO_10369064,levofloxacin,1209,39,18,21,0,0,1.0,1.0,0.0,0.0,1.0
ZENODO_10369064,levofloxacin,1210,39,11,26,1,1,0.9166666666666666,0.9629629629629629,0.0833333333333333,0.037037037037037035,0.9398148148148148
ZENODO_10369064,levofloxacin,1211,39,22,13,1,3,0.88,0.9285714285714286,0.12,0.07142857142857142,0.9042857142857144
ZENODO_10369064,levofloxacin,1212,39,14,23,0,2,0.875,1.0,0.125,0.0,0.9375
ZENODO_10369064,levofloxacin,1213,39,10,25,1,3,0.7692307692307693,0.9615384615384616,0.2307692307692307,0.038461538461538464,0.8653846153846154
ZENODO_10369064,levofloxacin,1214,39,13,23,1,2,0.8666666666666667,0.9583333333333334,0.1333333333333333,0.041666666666666664,0.9125
ZENODO_10369064,levofloxacin,1215,39,19,18,1,1,0.95,0.9473684210526315,0.05,0.05263157894736842,0.9486842105263158
ZENODO_10369064,levofloxacin,1216,39,20,17,0,2,0.9090909090909091,1.0,0.0909090909090909,0.0,0.9545454545454546
ZENODO_10369064,levofloxacin,1217,39,11,23,2,3,0.7857142857142857,0.92,0.2142857142857142,0.08,0.8528571428571429
ZENODO_10369064,levofloxacin,1218,39,15,19,1,4,0.7894736842105263,0.95,0.2105263157894736,0.05,0.8697368421052631
ZENODO_10369064,levofloxacin,1219,39,16,20,2,1,0.9411764705882353,0.9090909090909091,0.0588235294117647,0.09090909090909091,0.925133689839572
ZENODO_10369064,levofloxacin,1220,39,14,25,0,0,1.0,1.0,0.0,0.0,1.0
ZENODO_10369064,levofloxacin,1221,39,19,16,2,2,0.9047619047619048,0.8888888888888888,0.0952380952380952,0.1111111111111111,0.8968253968253967
ZENODO_10369064,levofloxacin,1222,39,8,30,1,0,1.0,0.967741935483871,0.0,0.03225806451612903,0.9838709677419356
ZENODO_10369064,levofloxacin,1223,39,14,21,1,3,0.8235294117647058,0.9545454545454546,0.1764705882352941,0.045454545454545456,0.8890374331550802
ZENODO_10369064,levofloxacin,1224,39,13,24,0,2,0.8666666666666667,1.0,0.1333333333333333,0.0,0.9333333333333332
ZENODO_10369064,levofloxacin,1225,39,20,15,1,3,0.8695652173913043,0.9375,0.1304347826086956,0.0625,0.903532608695652
ZENODO_10369064,levofloxacin,1226,39,21,16,1,1,0.9545454545454546,0.9411764705882353,0.0454545454545454,0.058823529411764705,0.9478609625668448
ZENODO_10369064,levofloxacin,1227,39,23,14,1,1,0.9583333333333334,0.9333333333333333,0.0416666666666666,0.06666666666666667,0.9458333333333332
ZENODO_10369064,levofloxacin,1228,39,19,19,0,1,0.95,1.0,0.05,0.0,0.975
ZENODO_10369064,levofloxacin,1229,39,14,22,0,3,0.8235294117647058,1.0,0.1764705882352941,0.0,0.9117647058823528
ZENODO_10369064,levofloxacin,1230,39,15,20,1,3,0.8333333333333334,0.9523809523809523,0.1666666666666666,0.047619047619047616,0.8928571428571428
ZENODO_10369064,levofloxacin,1231,39,18,16,0,5,0.782608695652174,1.0,0.217391304347826,0.0,0.8913043478260869
ZENODO_10369064,levofloxacin,1232,39,9,26,2,2,0.8181818181818182,0.9285714285714286,0.1818181818181818,0.07142857142857142,0.8733766233766234
ZENODO_10369064,levofloxacin,1233,39,13,23,2,1,0.9285714285714286,0.92,0.0714285714285714,0.08,0.9242857142857144
ZENODO_10369064,levofloxacin,1234,39,11,27,1,0,1.0,0.9642857142857143,0.0,0.03571428571428571,0.9821428571428572
ZENODO_10369064,levofloxacin,1235,39,15,22,0,2,0.8823529411764706,1.0,0.1176470588235294,0.0,0.9411764705882352
ZENODO_10369064,levofloxacin,1236,39,12,24,1,2,0.8571428571428571,0.96,0.1428571428571428,0.04,0.9085714285714286
ZENODO_10369064,levofloxacin,1237,39,18,20,0,1,0.9473684210526315,1.0,0.0526315789473684,0.0,0.9736842105263156
ZENODO_10369064,levofloxacin,1238,39,8,26,3,2,0.8,0.896551724137931,0.2,0.10344827586206896,0.8482758620689655
ZENODO_10369064,levofloxacin,1239,39,11,24,3,1,0.9166666666666666,0.8888888888888888,0.0833333333333333,0.1111111111111111,0.9027777777777776
ZENODO_10369064,levofloxacin,1240,39,19,20,0,0,1.0,1.0,0.0,0.0,1.0
ZENODO_10369064,levofloxacin,1241,39,13,25,1,0,1.0,0.9615384615384616,0.0,0.038461538461538464,0.9807692307692308
ZENODO_10369064,levofloxacin,1242,39,19,17,1,2,0.9047619047619048,0.9444444444444444,0.0952380952380952,0.05555555555555555,0.9246031746031746
ZENODO_10369064,levofloxacin,1243,39,11,25,1,2,0.8461538461538461,0.9615384615384616,0.1538461538461538,0.038461538461538464,0.903846153846154
ZENODO_10369064,levofloxacin,1244,39,19,18,2,0,1.0,0.9,0.0,0.1,0.95
ZENODO_10369064,levofloxacin,1245,39,13,24,0,2,0.8666666666666667,1.0,0.1333333333333333,0.0,0.9333333333333332
ZENODO_10369064,levofloxacin,1246,39,13,21,2,3,0.8125,0.9130434782608695,0.1875,0.08695652173913043,0.8627717391304348
ZENODO_10369064,levofloxacin,1247,39,12,25,1,1,0.9230769230769231,0.9615384615384616,0.0769230769230769,0.038461538461538464,0.9423076923076924
ZENODO_10369064,levofloxacin,1248,39,16,19,0,4,0.8,1.0,0.2,0.0,0.9
ZENODO_10369064,levofloxacin,1249,39,16,20,0,3,0.8421052631578947,1.0,0.1578947368421052,0.0,0.9210526315789472
ZENODO_10369064,levofloxacin,1250,39,13,25,0,1,0.9285714285714286,1.0,0.0714285714285714,0.0,0.9642857142857144
ZENODO_10369064,levofloxacin,1251,39,15,24,0,0,1.0,1.0,0.0,0.0,1.0
ZENODO_10369064,levofloxacin,1252,39,17,18,0,4,0.8095238095238095,1.0,0.1904761904761904,0.0,0.9047619047619048
ZENODO_10369064,levofloxacin,1253,39,12,23,1,3,0.8,0.9583333333333334,0.2,0.041666666666666664,0.8791666666666667
ZENODO_10369064,levofloxacin,1254,39,18,18,2,1,0.9473684210526315,0.9,0.0526315789473684,0.1,0.9236842105263158
ZENODO_10369064,levofloxacin,1255,39,14,21,1,3,0.8235294117647058,0.9545454545454546,0.1764705882352941,0.045454545454545456,0.8890374331550802
ZENODO_10369064,levofloxacin,1256,39,14,23,1,1,0.9333333333333333,0.9583333333333334,0.0666666666666666,0.041666666666666664,0.9458333333333332
ZENODO_10369064,levofloxacin,1257,39,13,23,1,2,0.8666666666666667,0.9583333333333334,0.1333333333333333,0.041666666666666664,0.9125
ZENODO_10369064,levofloxacin,1258,39,13,23,1,2,0.8666666666666667,0.9583333333333334,0.1333333333333333,0.041666666666666664,0.9125
ZENODO_10369064,levofloxacin,1259,39,10,24,2,3,0.7692307692307693,0.9230769230769231,0.2307692307692307,0.07692307692307693,0.8461538461538463
ZENODO_10369064,levofloxacin,1260,39,14,19,1,5,0.7368421052631579,0.95,0.2631578947368421,0.05,0.8434210526315788
ZENODO_10369064,levofloxacin,1261,39,10,28,0,1,0.9090909090909091,1.0,0.0909090909090909,0.0,0.9545454545454546
ZENODO_10369064,levofloxacin,1262,39,15,19,2,3,0.8333333333333334,0.9047619047619048,0.1666666666666666,0.09523809523809523,0.8690476190476191
ZENODO_10369064,levofloxacin,1263,39,12,23,1,3,0.8,0.9583333333333334,0.2,0.041666666666666664,0.8791666666666667
ZENODO_10369064,levofloxacin,1264,39,10,27,1,1,0.9090909090909091,0.9642857142857143,0.0909090909090909,0.03571428571428571,0.9366883116883116
ZENODO_10369064,levofloxacin,1265,39,15,20,2,2,0.8823529411764706,0.9090909090909091,0.1176470588235294,0.09090909090909091,0.8957219251336899
ZENODO_10369064,levofloxacin,1266,39,19,16,1,3,0.8636363636363636,0.9411764705882353,0.1363636363636363,0.058823529411764705,0.9024064171122994
ZENODO_10369064,levofloxacin,1267,39,11,24,0,4,0.7333333333333333,1.0,0.2666666666666666,0.0,0.8666666666666667
ZENODO_10369064,levofloxacin,1268,39,13,24,1,1,0.9285714285714286,0.96,0.0714285714285714,0.04,0.9442857142857144
ZENODO_10369064,levofloxacin,1269,39,10,26,2,1,0.9090909090909091,0.9285714285714286,0.0909090909090909,0.07142857142857142,0.9188311688311688
ZENODO_10369064,levofloxacin,1270,39,14,21,1,3,0.8235294117647058,0.9545454545454546,0.1764705882352941,0.045454545454545456,0.8890374331550802
ZENODO_10369064,levofloxacin,1271,39,19,17,0,3,0.8636363636363636,1.0,0.1363636363636363,0.0,0.931818181818182
ZENODO_10369064,levofloxacin,1272,39,16,22,0,1,0.9411764705882353,1.0,0.0588235294117647,0.0,0.9705882352941176
ZENODO_10369064,levofloxacin,1273,39,18,17,1,3,0.8571428571428571,0.9444444444444444,0.1428571428571428,0.05555555555555555,0.9007936507936508
ZENODO_10369064,levofloxacin,1274,39,15,22,2,0,1.0,0.9166666666666666,0.0,0.08333333333333333,0.9583333333333331
ZENODO_10369064,levofloxacin,1275,39,12,24,1,2,0.8571428571428571,0.96,0.1428571428571428,0.04,0.9085714285714286
ZENODO_10369064,levofloxacin,1276,39,12,24,0,3,0.8,1.0,0.2,0.0,0.9
ZENODO_10369064,levofloxacin,1277,39,10,26,0,3,0.7692307692307693,1.0,0.2307692307692307,0.0,0.8846153846153846
ZENODO_10369064,levofloxacin,1278,39,11,26,1,1,0.9166666666666666,0.9629629629629629,0.0833333333333333,0.037037037037037035,0.9398148148148148
ZENODO_10369064,levofloxacin,1279,39,15,22,2,0,1.0,0.9166666666666666,0.0,0.08333333333333333,0.9583333333333331
ZENODO_10369064,levofloxacin,1280,39,15,21,2,1,0.9375,0.9130434782608695,0.0625,0.08695652173913043,0.9252717391304348
ZENODO_10369064,levofloxacin,1281,39,16,17,3,3,0.8421052631578947,0.85,0.1578947368421052,0.15,0.8460526315789474
ZENODO_10369064,levofloxacin,1282,39,12,25,1,1,0.9230769230769231,0.9615384615384616,0.0769230769230769,0.038461538461538464,0.9423076923076924
ZENODO_10369064,levofloxacin,1283,39,16,20,0,3,0.8421052631578947,1.0,0.1578947368421052,0.0,0.9210526315789472
ZENODO_10369064,levofloxacin,1284,39,15,21,1,2,0.8823529411764706,0.9545454545454546,0.1176470588235294,0.045454545454545456,0.9184491978609626
ZENODO_10369064,levofloxacin,1285,39,15,24,0,0,1.0,1.0,0.0,0.0,1.0
ZENODO_10369064,levofloxacin,1286,39,14,22,0,3,0.8235294117647058,1.0,0.1764705882352941,0.0,0.9117647058823528
ZENODO_10369064,levofloxacin,1287,39,13,24,1,1,0.9285714285714286,0.96,0.0714285714285714,0.04,0.9442857142857144
ZENODO_10369064,levofloxacin,1288,39,15,23,0,1,0.9375,1.0,0.0625,0.0,0.96875
ZENODO_10369064,levofloxacin,1289,39,18,20,0,1,0.9473684210526315,1.0,0.0526315789473684,0.0,0.9736842105263156
ZENODO_10369064,levofloxacin,1290,39,15,21,1,2,0.8823529411764706,0.9545454545454546,0.1176470588235294,0.045454545454545456,0.9184491978609626
ZENODO_10369064,levofloxacin,1291,39,11,24,2,2,0.8461538461538461,0.9230769230769231,0.1538461538461538,0.07692307692307693,0.8846153846153846
ZENODO_10369064,levofloxacin,1292,39,15,22,1,1,0.9375,0.9565217391304348,0.0625,0.043478260869565216,0.9470108695652174
ZENODO_10369064,levofloxacin,1293,39,15,24,0,0,1.0,1.0,0.0,0.0,1.0
ZENODO_10369064,levofloxacin,1294,39,15,17,2,5,0.75,0.8947368421052632,0.25,0.10526315789473684,0.8223684210526316
ZENODO_10369064,levofloxacin,1295,39,12,26,0,1,0.9230769230769231,1.0,0.0769230769230769,0.0,0.9615384615384616
ZENODO_10369064,levofloxacin,1296,39,11,26,1,1,0.9166666666666666,0.9629629629629629,0.0833333333333333,0.037037037037037035,0.9398148148148148
ZENODO_10369064,levofloxacin,1297,39,16,21,1,1,0.9411764705882353,0.9545454545454546,0.0588235294117647,0.045454545454545456,0.9478609625668448
ZENODO_10369064,levofloxacin,1298,39,11,25,1,2,0.8461538461538461,0.9615384615384616,0.1538461538461538,0.038461538461538464,0.903846153846154
ZENODO_10369064,levofloxacin,1299,39,7,29,2,1,0.875,0.9354838709677419,0.125,0.06451612903225806,0.905241935483871
ZENODO_10369064,levofloxacin,1300,39,10,27,0,2,0.8333333333333334,1.0,0.1666666666666666,0.0,0.9166666666666669
ZENODO_10369064,levofloxacin,1301,39,9,28,0,2,0.8181818181818182,1.0,0.1818181818181818,0.0,0.9090909090909092
ZENODO_10369064,levofloxacin,1302,39,12,26,0,1,0.9230769230769231,1.0,0.0769230769230769,0.0,0.9615384615384616
ZENODO_10369064,levofloxacin,1303,39,14,21,1,3,0.8235294117647058,0.9545454545454546,0.1764705882352941,0.045454545454545456,0.8890374331550802
ZENODO_10369064,levofloxacin,1304,39,17,21,0,1,0.9444444444444444,1.0,0.0555555555555555,0.0,0.9722222222222222
ZENODO_10369064,levofloxacin,1305,39,14,23,1,1,0.9333333333333333,0.9583333333333334,0.0666666666666666,0.041666666666666664,0.9458333333333332
ZENODO_10369064,levofloxacin,1306,39,13,23,1,2,0.8666666666666667,0.9583333333333334,0.1333333333333333,0.041666666666666664,0.9125
ZENODO_10369064,levofloxacin,1307,39,6,28,2,3,0.6666666666666666,0.9333333333333333,0.3333333333333333,0.06666666666666667,0.8
ZENODO_10369064,levofloxacin,1308,39,13,24,1,1,0.9285714285714286,0.96,0.0714285714285714,0.04,0.9442857142857144
ZENODO_10369064,levofloxacin,1309,39,15,21,1,2,0.8823529411764706,0.9545454545454546,0.1176470588235294,0.045454545454545456,0.9184491978609626
ZENODO_10369064,levofloxacin,1310,39,13,26,0,0,1.0,1.0,0.0,0.0,1.0
ZENODO_10369064,levofloxacin,1311,39,22,13,0,4,0.8461538461538461,1.0,0.1538461538461538,0.0,0.9230769230769232
ZENODO_10369064,levofloxacin,1312,39,17,17,0,5,0.7727272727272727,1.0,0.2272727272727272,0.0,0.8863636363636364
ZENODO_10369064,levofloxacin,1313,39,14,22,2,1,0.9333333333333333,0.9166666666666666,0.0666666666666666,0.08333333333333333,0.925
ZENODO_10369064,levofloxacin,1314,39,16,22,0,1,0.9411764705882353,1.0,0.0588235294117647,0.0,0.9705882352941176
ZENODO_10369064,levofloxacin,1315,39,12,21,1,5,0.7058823529411765,0.9545454545454546,0.2941176470588235,0.045454545454545456,0.8302139037433156
ZENODO_10369064,levofloxacin,1316,39,10,23,3,3,0.7692307692307693,0.8846153846153846,0.2307692307692307,0.11538461538461539,0.8269230769230769
ZENODO_10369064,levofloxacin,1317,39,14,20,4,1,0.9333333333333333,0.8333333333333334,0.0666666666666666,0.16666666666666666,0.8833333333333333
ZENODO_10369064,levofloxacin,1318,39,13,20,2,4,0.7647058823529411,0.9090909090909091,0.2352941176470588,0.09090909090909091,0.8368983957219251
ZENODO_10369064,levofloxacin,1319,39,18,21,0,0,1.0,1.0,0.0,0.0,1.0
ZENODO_10369064,levofloxacin,1320,39,20,19,0,0,1.0,1.0,0.0,0.0,1.0
ZENODO_10369064,levofloxacin,1321,39,12,25,1,1,0.9230769230769231,0.9615384615384616,0.0769230769230769,0.038461538461538464,0.9423076923076924
ZENODO_10369064,levofloxacin,1322,39,15,19,1,4,0.7894736842105263,0.95,0.2105263157894736,0.05,0.8697368421052631
ZENODO_10369064,levofloxacin,1323,39,11,26,1,1,0.9166666666666666,0.9629629629629629,0.0833333333333333,0.037037037037037035,0.9398148148148148
ZENODO_10369064,levofloxacin,1324,39,11,27,0,1,0.9166666666666666,1.0,0.0833333333333333,0.0,0.9583333333333331
ZENODO_10369064,levofloxacin,1325,39,19,20,0,0,1.0,1.0,0.0,0.0,1.0
ZENODO_10369064,levofloxacin,1326,39,13,25,0,1,0.9285714285714286,1.0,0.0714285714285714,0.0,0.9642857142857144
ZENODO_10369064,levofloxacin,1327,39,13,19,1,6,0.6842105263157895,0.95,0.3157894736842105,0.05,0.8171052631578948
ZENODO_10369064,levofloxacin,1328,39,13,23,2,1,0.9285714285714286,0.92,0.0714285714285714,0.08,0.9242857142857144
ZENODO_10369064,levofloxacin,1329,39,15,23,0,1,0.9375,1.0,0.0625,0.0,0.96875
ZENODO_10369064,levofloxacin,1330,39,13,24,0,2,0.8666666666666667,1.0,0.1333333333333333,0.0,0.9333333333333332
ZENODO_10369064,levofloxacin,1331,39,13,24,1,1,0.9285714285714286,0.96,0.0714285714285714,0.04,0.9442857142857144
ZENODO_10369064,levofloxacin,1332,39,14,23,1,1,0.9333333333333333,0.9583333333333334,0.0666666666666666,0.041666666666666664,0.9458333333333332
ZENODO_10369064,levofloxacin,1333,39,16,18,0,5,0.7619047619047619,1.0,0.238095238095238,0.0,0.8809523809523809
ZENODO_10369064,levofloxacin,1334,39,18,18,1,2,0.9,0.9473684210526315,0.1,0.05263157894736842,0.9236842105263158
ZENODO_10369064,levofloxacin,1335,39,14,22,1,2,0.875,0.9565217391304348,0.125,0.043478260869565216,0.9157608695652174
ZENODO_10369064,levofloxacin,1336,39,12,23,1,3,0.8,0.9583333333333334,0.2,0.041666666666666664,0.8791666666666667
ZENODO_10369064,levofloxacin,1337,39,12,22,1,4,0.75,0.9565217391304348,0.25,0.043478260869565216,0.8532608695652174
ZENODO_10369064,levofloxacin,1338,39,11,24,1,3,0.7857142857142857,0.96,0.2142857142857142,0.04,0.8728571428571428
ZENODO_10369064,levofloxacin,1339,39,17,19,0,3,0.85,1.0,0.15,0.0,0.925
ZENODO_10369064,levofloxacin,1340,39,16,23,0,0,1.0,1.0,0.0,0.0,1.0
ZENODO_10369064,levofloxacin,1341,39,15,22,0,2,0.8823529411764706,1.0,0.1176470588235294,0.0,0.9411764705882352
ZENODO_10369064,levofloxacin,1342,39,12,24,1,2,0.8571428571428571,0.96,0.1428571428571428,0.04,0.9085714285714286
ZENODO_10369064,levofloxacin,1343,39,11,28,0,0,1.0,1.0,0.0,0.0,1.0
ZENODO_10369064,levofloxacin,1344,39,12,26,0,1,0.9230769230769231,1.0,0.0769230769230769,0.0,0.9615384615384616
ZENODO_10369064,levofloxacin,1345,39,15,21,1,2,0.8823529411764706,0.9545454545454546,0.1176470588235294,0.045454545454545456,0.9184491978609626
ZENODO_10369064,levofloxacin,1346,39,15,23,1,0,1.0,0.9583333333333334,0.0,0.041666666666666664,0.9791666666666669
ZENODO_10369064,levofloxacin,1347,39,13,24,0,2,0.8666666666666667,1.0,0.1333333333333333,0.0,0.9333333333333332
ZENODO_10369064,levofloxacin,1348,39,21,17,0,1,0.9545454545454546,1.0,0.0454545454545454,0.0,0.9772727272727272
ZENODO_10369064,levofloxacin,1349,39,16,20,2,1,0.9411764705882353,0.9090909090909091,0.0588235294117647,0.09090909090909091,0.925133689839572
ZENODO_10369064,levofloxacin,1350,39,13,22,1,3,0.8125,0.9565217391304348,0.1875,0.043478260869565216,0.8845108695652174
ZENODO_10369064,levofloxacin,1351,39,21,14,2,2,0.9130434782608695,0.875,0.0869565217391304,0.125,0.8940217391304348
ZENODO_10369064,levofloxacin,1352,39,14,22,1,2,0.875,0.9565217391304348,0.125,0.043478260869565216,0.9157608695652174
ZENODO_10369064,levofloxacin,1353,39,17,21,0,1,0.9444444444444444,1.0,0.0555555555555555,0.0,0.9722222222222222
ZENODO_10369064,levofloxacin,1354,39,20,19,0,0,1.0,1.0,0.0,0.0,1.0
ZENODO_10369064,levofloxacin,1355,39,10,25,1,3,0.7692307692307693,0.9615384615384616,0.2307692307692307,0.038461538461538464,0.8653846153846154
ZENODO_10369064,levofloxacin,1356,39,19,17,1,2,0.9047619047619048,0.9444444444444444,0.0952380952380952,0.05555555555555555,0.9246031746031746
ZENODO_10369064,levofloxacin,1357,39,10,27,1,1,0.9090909090909091,0.9642857142857143,0.0909090909090909,0.03571428571428571,0.9366883116883116
ZENODO_10369064,levofloxacin,1358,39,11,24,1,3,0.7857142857142857,0.96,0.2142857142857142,0.04,0.8728571428571428
ZENODO_10369064,levofloxacin,1359,39,10,29,0,0,1.0,1.0,0.0,0.0,1.0
ZENODO_10369064,levofloxacin,1360,39,19,16,1,3,0.8636363636363636,0.9411764705882353,0.1363636363636363,0.058823529411764705,0.9024064171122994
ZENODO_10369064,levofloxacin,1361,39,13,23,0,3,0.8125,1.0,0.1875,0.0,0.90625
ZENODO_10369064,levofloxacin,1362,39,14,25,0,0,1.0,1.0,0.0,0.0,1.0
ZENODO_10369064,levofloxacin,1363,39,18,19,1,1,0.9473684210526315,0.95,0.0526315789473684,0.05,0.9486842105263158
ZENODO_10369064,levofloxacin,1364,39,19,19,0,1,0.95,1.0,0.05,0.0,0.975
ZENODO_10369064,levofloxacin,1365,39,11,25,1,2,0.8461538461538461,0.9615384615384616,0.1538461538461538,0.038461538461538464,0.903846153846154
ZENODO_10369064,levofloxacin,1366,39,15,19,0,5,0.75,1.0,0.25,0.0,0.875
ZENODO_10369064,levofloxacin,1367,39,18,15,2,4,0.8181818181818182,0.8823529411764706,0.1818181818181818,0.11764705882352941,0.8502673796791445
ZENODO_10369064,levofloxacin,1368,39,13,25,1,0,1.0,0.9615384615384616,0.0,0.038461538461538464,0.9807692307692308
ZENODO_10369064,levofloxacin,1369,39,18,18,1,2,0.9,0.9473684210526315,0.1,0.05263157894736842,0.9236842105263158
ZENODO_10369064,levofloxacin,1370,39,15,23,0,1,0.9375,1.0,0.0625,0.0,0.96875
ZENODO_10369064,levofloxacin,1371,39,14,22,0,3,0.8235294117647058,1.0,0.1764705882352941,0.0,0.9117647058823528
ZENODO_10369064,levofloxacin,1372,39,15,23,0,1,0.9375,1.0,0.0625,0.0,0.96875
ZENODO_10369064,levofloxacin,1373,39,15,20,1,3,0.8333333333333334,0.9523809523809523,0.1666666666666666,0.047619047619047616,0.8928571428571428
ZENODO_10369064,levofloxacin,1374,39,15,19,2,3,0.8333333333333334,0.9047619047619048,0.1666666666666666,0.09523809523809523,0.8690476190476191
ZENODO_10369064,levofloxacin,1375,39,12,22,1,4,0.75,0.9565217391304348,0.25,0.043478260869565216,0.8532608695652174
ZENODO_10369064,levofloxacin,1376,39,12,24,1,2,0.8571428571428571,0.96,0.1428571428571428,0.04,0.9085714285714286
ZENODO_10369064,levofloxacin,1377,39,11,22,3,3,0.7857142857142857,0.88,0.2142857142857142,0.12,0.8328571428571429
ZENODO_10369064,levofloxacin,1378,39,18,16,4,1,0.9473684210526315,0.8,0.0526315789473684,0.2,0.8736842105263158
ZENODO_10369064,levofloxacin,1379,39,17,19,2,1,0.9444444444444444,0.9047619047619048,0.0555555555555555,0.09523809523809523,0.9246031746031746
ZENODO_10369064,levofloxacin,1380,39,16,22,0,1,0.9411764705882353,1.0,0.0588235294117647,0.0,0.9705882352941176
ZENODO_10369064,levofloxacin,1381,39,15,21,0,3,0.8333333333333334,1.0,0.1666666666666666,0.0,0.9166666666666669
ZENODO_10369064,levofloxacin,1382,39,14,23,1,1,0.9333333333333333,0.9583333333333334,0.0666666666666666,0.041666666666666664,0.9458333333333332
ZENODO_10369064,levofloxacin,1383,39,13,24,1,1,0.9285714285714286,0.96,0.0714285714285714,0.04,0.9442857142857144
ZENODO_10369064,levofloxacin,1384,39,14,22,3,0,1.0,0.88,0.0,0.12,0.94
ZENODO_10369064,levofloxacin,1385,39,8,25,3,3,0.7272727272727273,0.8928571428571429,0.2727272727272727,0.10714285714285714,0.8100649350649352
ZENODO_10369064,levofloxacin,1386,39,16,21,1,1,0.9411764705882353,0.9545454545454546,0.0588235294117647,0.045454545454545456,0.9478609625668448
ZENODO_10369064,levofloxacin,1387,39,16,18,3,2,0.8888888888888888,0.8571428571428571,0.1111111111111111,0.14285714285714285,0.873015873015873
ZENODO_10369064,levofloxacin,1388,39,12,23,0,4,0.75,1.0,0.25,0.0,0.875
ZENODO_10369064,levofloxacin,1389,39,14,22,2,1,0.9333333333333333,0.9166666666666666,0.0666666666666666,0.08333333333333333,0.925
ZENODO_10369064,levofloxacin,1390,39,18,20,0,1,0.9473684210526315,1.0,0.0526315789473684,0.0,0.9736842105263156
ZENODO_10369064,levofloxacin,1391,39,11,26,0,2,0.8461538461538461,1.0,0.1538461538461538,0.0,0.9230769230769232
ZENODO_10369064,levofloxacin,1392,39,11,20,2,6,0.6470588235294118,0.9090909090909091,0.3529411764705882,0.09090909090909091,0.7780748663101604
ZENODO_10369064,levofloxacin,1393,39,8,27,2,2,0.8,0.9310344827586207,0.2,0.06896551724137931,0.8655172413793104
ZENODO_10369064,levofloxacin,1394,39,10,25,1,3,0.7692307692307693,0.9615384615384616,0.2307692307692307,0.038461538461538464,0.8653846153846154
ZENODO_10369064,levofloxacin,1395,39,13,25,1,0,1.0,0.9615384615384616,0.0,0.038461538461538464,0.9807692307692308
ZENODO_10369064,levofloxacin,1396,39,14,24,1,0,1.0,0.96,0.0,0.04,0.98
ZENODO_10369064,levofloxacin,1397,39,14,22,2,1,0.9333333333333333,0.9166666666666666,0.0666666666666666,0.08333333333333333,0.925
ZENODO_10369064,levofloxacin,1398,39,11,28,0,0,1.0,1.0,0.0,0.0,1.0
ZENODO_10369064,levofloxacin,1399,39,9,24,0,6,0.6,1.0,0.4,0.0,0.8
ZENODO_10369064,levofloxacin,1400,39,9,24,3,3,0.75,0.8888888888888888,0.25,0.1111111111111111,0.8194444444444444
ZENODO_10369064,levofloxacin,1401,39,13,22,1,3,0.8125,0.9565217391304348,0.1875,0.043478260869565216,0.8845108695652174
ZENODO_10369064,levofloxacin,1402,39,12,25,0,2,0.8571428571428571,1.0,0.1428571428571428,0.0,0.9285714285714286
ZENODO_10369064,levofloxacin,1403,39,14,23,0,2,0.875,1.0,0.125,0.0,0.9375
ZENODO_10369064,levofloxacin,1404,39,12,23,1,3,0.8,0.9583333333333334,0.2,0.041666666666666664,0.8791666666666667
ZENODO_10369064,levofloxacin,1405,39,13,22,2,2,0.8666666666666667,0.9166666666666666,0.1333333333333333,0.08333333333333333,0.8916666666666666
ZENODO_10369064,levofloxacin,1406,39,14,22,2,1,0.9333333333333333,0.9166666666666666,0.0666666666666666,0.08333333333333333,0.925
ZENODO_10369064,levofloxacin,1407,39,8,29,0,2,0.8,1.0,0.2,0.0,0.9
ZENODO_10369064,levofloxacin,1408,39,17,21,0,1,0.9444444444444444,1.0,0.0555555555555555,0.0,0.9722222222222222
ZENODO_10369064,levofloxacin,1409,39,16,21,0,2,0.8888888888888888,1.0,0.1111111111111111,0.0,0.9444444444444444
ZENODO_10369064,levofloxacin,1410,39,9,28,1,1,0.9,0.9655172413793104,0.1,0.034482758620689655,0.9327586206896552
ZENODO_10369064,levofloxacin,1411,39,15,21,1,2,0.8823529411764706,0.9545454545454546,0.1176470588235294,0.045454545454545456,0.9184491978609626
ZENODO_10369064,levofloxacin,1412,39,20,15,1,3,0.8695652173913043,0.9375,0.1304347826086956,0.0625,0.903532608695652
ZENODO_10369064,levofloxacin,1413,39,15,20,2,2,0.8823529411764706,0.9090909090909091,0.1176470588235294,0.09090909090909091,0.8957219251336899
ZENODO_10369064,levofloxacin,1414,39,11,27,1,0,1.0,0.9642857142857143,0.0,0.03571428571428571,0.9821428571428572
ZENODO_10369064,levofloxacin,1415,39,16,20,0,3,0.8421052631578947,1.0,0.1578947368421052,0.0,0.9210526315789472
ZENODO_10369064,levofloxacin,1416,39,14,22,1,2,0.875,0.9565217391304348,0.125,0.043478260869565216,0.9157608695652174
ZENODO_10369064,levofloxacin,1417,39,17,21,0,1,0.9444444444444444,1.0,0.0555555555555555,0.0,0.9722222222222222
ZENODO_10369064,levofloxacin,1418,39,15,22,0,2,0.8823529411764706,1.0,0.1176470588235294,0.0,0.9411764705882352
ZENODO_10369064,levofloxacin,1419,39,13,21,0,5,0.7222222222222222,1.0,0.2777777777777778,0.0,0.8611111111111112
ZENODO_10369064,levofloxacin,1420,39,15,21,1,2,0.8823529411764706,0.9545454545454546,0.1176470588235294,0.045454545454545456,0.9184491978609626
ZENODO_10369064,levofloxacin,1421,39,16,21,1,1,0.9411764705882353,0.9545454545454546,0.0588235294117647,0.045454545454545456,0.9478609625668448
ZENODO_10369064,levofloxacin,1422,39,13,23,0,3,0.8125,1.0,0.1875,0.0,0.90625
ZENODO_10369064,levofloxacin,1423,39,17,20,0,2,0.8947368421052632,1.0,0.1052631578947368,0.0,0.9473684210526316
ZENODO_10369064,levofloxacin,1424,39,12,23,0,4,0.75,1.0,0.25,0.0,0.875
ZENODO_10369064,levofloxacin,1425,39,20,15,1,3,0.8695652173913043,0.9375,0.1304347826086956,0.0625,0.903532608695652
ZENODO_10369064,levofloxacin,1426,39,19,18,0,2,0.9047619047619048,1.0,0.0952380952380952,0.0,0.9523809523809524
ZENODO_10369064,levofloxacin,1427,39,15,23,0,1,0.9375,1.0,0.0625,0.0,0.96875
ZENODO_10369064,levofloxacin,1428,39,16,20,1,2,0.8888888888888888,0.9523809523809523,0.1111111111111111,0.047619047619047616,0.9206349206349206
ZENODO_10369064,levofloxacin,1429,39,13,22,1,3,0.8125,0.9565217391304348,0.1875,0.043478260869565216,0.8845108695652174
ZENODO_10369064,levofloxacin,1430,39,18,17,0,4,0.8181818181818182,1.0,0.1818181818181818,0.0,0.9090909090909092
ZENODO_10369064,levofloxacin,1431,39,9,27,1,2,0.8181818181818182,0.9642857142857143,0.1818181818181818,0.03571428571428571,0.8912337662337663
ZENODO_10369064,levofloxacin,1432,39,14,23,0,2,0.875,1.0,0.125,0.0,0.9375
ZENODO_10369064,levofloxacin,1433,39,7,26,1,5,0.5833333333333334,0.9629629629629629,0.4166666666666667,0.037037037037037035,0.7731481481481481
ZENODO_10369064,levofloxacin,1434,39,10,28,1,0,1.0,0.9655172413793104,0.0,0.034482758620689655,0.9827586206896552
ZENODO_10369064,levofloxacin,1435,39,23,15,0,1,0.9583333333333334,1.0,0.0416666666666666,0.0,0.9791666666666669
ZENODO_10369064,levofloxacin,1436,39,12,23,2,2,0.8571428571428571,0.92,0.1428571428571428,0.08,0.8885714285714286
ZENODO_10369064,levofloxacin,1437,39,14,24,1,0,1.0,0.96,0.0,0.04,0.98
ZENODO_10369064,levofloxacin,1438,39,15,23,0,1,0.9375,1.0,0.0625,0.0,0.96875
ZENODO_10369064,levofloxacin,1439,39,18,21,0,0,1.0,1.0,0.0,0.0,1.0
ZENODO_10369064,levofloxacin,1440,39,18,20,1,0,1.0,0.9523809523809523,0.0,0.047619047619047616,0.9761904761904762
ZENODO_10369064,levofloxacin,1441,39,16,20,2,1,0.9411764705882353,0.9090909090909091,0.0588235294117647,0.09090909090909091,0.925133689839572
ZENODO_10369064,levofloxacin,1442,39,20,16,2,1,0.9523809523809523,0.8888888888888888,0.0476190476190476,0.1111111111111111,0.9206349206349206
ZENODO_10369064,levofloxacin,1443,39,12,23,1,3,0.8,0.9583333333333334,0.2,0.041666666666666664,0.8791666666666667
ZENODO_10369064,levofloxacin,1444,39,10,25,3,1,0.9090909090909091,0.8928571428571429,0.0909090909090909,0.10714285714285714,0.900974025974026
ZENODO_10369064,levofloxacin,1445,39,19,18,0,2,0.9047619047619048,1.0,0.0952380952380952,0.0,0.9523809523809524
ZENODO_10369064,levofloxacin,1446,39,8,29,0,2,0.8,1.0,0.2,0.0,0.9
ZENODO_10369064,levofloxacin,1447,39,15,23,0,1,0.9375,1.0,0.0625,0.0,0.96875
ZENODO_10369064,levofloxacin,1448,39,14,21,0,4,0.7777777777777778,1.0,0.2222222222222222,0.0,0.8888888888888888
ZENODO_10369064,levofloxacin,1449,39,16,22,1,0,1.0,0.9565217391304348,0.0,0.043478260869565216,0.9782608695652174
ZENODO_10369064,levofloxacin,1450,39,16,19,2,2,0.8888888888888888,0.9047619047619048,0.1111111111111111,0.09523809523809523,0.8968253968253967
ZENODO_10369064,levofloxacin,1451,39,13,21,2,3,0.8125,0.9130434782608695,0.1875,0.08695652173913043,0.8627717391304348
ZENODO_10369064,levofloxacin,1452,39,12,22,3,2,0.8571428571428571,0.88,0.1428571428571428,0.12,0.8685714285714285
ZENODO_10369064,levofloxacin,1453,39,16,23,0,0,1.0,1.0,0.0,0.0,1.0
ZENODO_10369064,levofloxacin,1454,39,15,23,1,0,1.0,0.9583333333333334,0.0,0.041666666666666664,0.9791666666666669
ZENODO_10369064,levofloxacin,1455,39,14,22,1,2,0.875,0.9565217391304348,0.125,0.043478260869565216,0.9157608695652174
ZENODO_10369064,levofloxacin,1456,39,17,20,1,1,0.9444444444444444,0.9523809523809523,0.0555555555555555,0.047619047619047616,0.9484126984126984
ZENODO_10369064,levofloxacin,1457,39,11,28,0,0,1.0,1.0,0.0,0.0,1.0
ZENODO_10369064,levofloxacin,1458,39,11,26,1,1,0.9166666666666666,0.9629629629629629,0.0833333333333333,0.037037037037037035,0.9398148148148148
ZENODO_10369064,levofloxacin,1459,39,15,22,1,1,0.9375,0.9565217391304348,0.0625,0.043478260869565216,0.9470108695652174
ZENODO_10369064,levofloxacin,1460,39,18,18,1,2,0.9,0.9473684210526315,0.1,0.05263157894736842,0.9236842105263158
ZENODO_10369064,levofloxacin,1461,39,9,27,0,3,0.75,1.0,0.25,0.0,0.875
ZENODO_10369064,levofloxacin,1462,39,12,22,4,1,0.9230769230769231,0.8461538461538461,0.0769230769230769,0.15384615384615385,0.8846153846153846
ZENODO_10369064,levofloxacin,1463,39,12,19,4,4,0.75,0.8260869565217391,0.25,0.17391304347826086,0.7880434782608696
ZENODO_10369064,levofloxacin,1464,39,16,18,3,2,0.8888888888888888,0.8571428571428571,0.1111111111111111,0.14285714285714285,0.873015873015873
ZENODO_10369064,levofloxacin,1465,39,13,21,0,5,0.7222222222222222,1.0,0.2777777777777778,0.0,0.8611111111111112
ZENODO_10369064,levofloxacin,1466,39,14,21,2,2,0.875,0.9130434782608695,0.125,0.08695652173913043,0.8940217391304348
ZENODO_10369064,levofloxacin,1467,39,11,25,1,2,0.8461538461538461,0.9615384615384616,0.1538461538461538,0.038461538461538464,0.903846153846154
ZENODO_10369064,levofloxacin,1468,39,11,25,1,2,0.8461538461538461,0.9615384615384616,0.1538461538461538,0.038461538461538464,0.903846153846154
ZENODO_10369064,levofloxacin,1469,39,14,21,2,2,0.875,0.9130434782608695,0.125,0.08695652173913043,0.8940217391304348
ZENODO_10369064,levofloxacin,1470,39,12,22,2,3,0.8,0.9166666666666666,0.2,0.08333333333333333,0.8583333333333334
ZENODO_10369064,levofloxacin,1471,39,16,20,1,2,0.8888888888888888,0.9523809523809523,0.1111111111111111,0.047619047619047616,0.9206349206349206
ZENODO_10369064,levofloxacin,1472,39,12,26,0,1,0.9230769230769231,1.0,0.0769230769230769,0.0,0.9615384615384616
ZENODO_10369064,levofloxacin,1473,39,14,21,1,3,0.8235294117647058,0.9545454545454546,0.1764705882352941,0.045454545454545456,0.8890374331550802
ZENODO_10369064,levofloxacin,1474,39,15,23,1,0,1.0,0.9583333333333334,0.0,0.041666666666666664,0.9791666666666669
ZENODO_10369064,levofloxacin,1475,39,12,24,1,2,0.8571428571428571,0.96,0.1428571428571428,0.04,0.9085714285714286
ZENODO_10369064,levofloxacin,1476,39,13,24,1,1,0.9285714285714286,0.96,0.0714285714285714,0.04,0.9442857142857144
ZENODO_10369064,levofloxacin,1477,39,14,23,0,2,0.875,1.0,0.125,0.0,0.9375
ZENODO_10369064,levofloxacin,1478,39,12,25,1,1,0.9230769230769231,0.9615384615384616,0.0769230769230769,0.038461538461538464,0.9423076923076924
ZENODO_10369064,levofloxacin,1479,39,15,22,1,1,0.9375,0.9565217391304348,0.0625,0.043478260869565216,0.9470108695652174
ZENODO_10369064,levofloxacin,1480,39,17,19,1,2,0.8947368421052632,0.95,0.1052631578947368,0.05,0.9223684210526316
ZENODO_10369064,levofloxacin,1481,39,16,18,1,4,0.8,0.9473684210526315,0.2,0.05263157894736842,0.8736842105263158
ZENODO_10369064,levofloxacin,1482,39,13,22,2,2,0.8666666666666667,0.9166666666666666,0.1333333333333333,0.08333333333333333,0.8916666666666666
ZENODO_10369064,levofloxacin,1483,39,10,26,2,1,0.9090909090909091,0.9285714285714286,0.0909090909090909,0.07142857142857142,0.9188311688311688
ZENODO_10369064,levofloxacin,1484,39,17,17,3,2,0.8947368421052632,0.85,0.1052631578947368,0.15,0.8723684210526316
ZENODO_10369064,levofloxacin,1485,39,15,20,1,3,0.8333333333333334,0.9523809523809523,0.1666666666666666,0.047619047619047616,0.8928571428571428
ZENODO_10369064,levofloxacin,1486,39,15,20,3,1,0.9375,0.8695652173913043,0.0625,0.13043478260869565,0.903532608695652
ZENODO_10369064,levofloxacin,1487,39,14,22,1,2,0.875,0.9565217391304348,0.125,0.043478260869565216,0.9157608695652174
ZENODO_10369064,levofloxacin,1488,39,15,21,1,2,0.8823529411764706,0.9545454545454546,0.1176470588235294,0.045454545454545456,0.9184491978609626
ZENODO_10369064,levofloxacin,1489,39,12,23,0,4,0.75,1.0,0.25,0.0,0.875
ZENODO_10369064,levofloxacin,1490,39,11,22,3,3,0.7857142857142857,0.88,0.2142857142857142,0.12,0.8328571428571429
ZENODO_10369064,levofloxacin,1491,39,13,24,1,1,0.9285714285714286,0.96,0.0714285714285714,0.04,0.9442857142857144
ZENODO_10369064,levofloxacin,1492,39,18,19,2,0,1.0,0.9047619047619048,0.0,0.09523809523809523,0.9523809523809524
ZENODO_10369064,levofloxacin,1493,39,8,29,0,2,0.8,1.0,0.2,0.0,0.9
ZENODO_10369064,levofloxacin,1494,39,12,24,0,3,0.8,1.0,0.2,0.0,0.9
ZENODO_10369064,levofloxacin,1495,39,14,19,3,3,0.8235294117647058,0.8636363636363636,0.1764705882352941,0.13636363636363635,0.8435828877005347
ZENODO_10369064,levofloxacin,1496,39,17,19,1,2,0.8947368421052632,0.95,0.1052631578947368,0.05,0.9223684210526316
ZENODO_10369064,levofloxacin,1497,39,13,21,2,3,0.8125,0.9130434782608695,0.1875,0.08695652173913043,0.8627717391304348
ZENODO_10369064,levofloxacin,1498,39,16,19,3,1,0.9411764705882353,0.8636363636363636,0.0588235294117647,0.13636363636363635,0.9024064171122994
ZENODO_10369064,levofloxacin,1499,39,10,23,3,3,0.7692307692307693,0.8846153846153846,0.2307692307692307,0.11538461538461539,0.8269230769230769
ZENODO_10369064,levofloxacin,1500,39,9,28,1,1,0.9,0.9655172413793104,0.1,0.034482758620689655,0.9327586206896552
ZENODO_10369064,levofloxacin,1501,39,17,21,0,1,0.9444444444444444,1.0,0.0555555555555555,0.0,0.9722222222222222
ZENODO_10369064,levofloxacin,1502,39,13,25,0,1,0.9285714285714286,1.0,0.0714285714285714,0.0,0.9642857142857144
ZENODO_10369064,levofloxacin,1503,39,13,21,3,2,0.8666666666666667,0.875,0.1333333333333333,0.125,0.8708333333333333
ZENODO_10369064,levofloxacin,1504,39,21,17,0,1,0.9545454545454546,1.0,0.0454545454545454,0.0,0.9772727272727272
ZENODO_10369064,levofloxacin,1505,39,17,19,2,1,0.9444444444444444,0.9047619047619048,0.0555555555555555,0.09523809523809523,0.9246031746031746
ZENODO_10369064,levofloxacin,1506,39,8,29,0,2,0.8,1.0,0.2,0.0,0.9
ZENODO_10369064,levofloxacin,1507,39,13,21,0,5,0.7222222222222222,1.0,0.2777777777777778,0.0,0.8611111111111112
ZENODO_10369064,levofloxacin,1508,39,14,19,2,4,0.7777777777777778,0.9047619047619048,0.2222222222222222,0.09523809523809523,0.8412698412698413
ZENODO_10369064,levofloxacin,1509,39,12,22,1,4,0.75,0.9565217391304348,0.25,0.043478260869565216,0.8532608695652174
ZENODO_10369064,levofloxacin,1510,39,11,25,1,2,0.8461538461538461,0.9615384615384616,0.1538461538461538,0.038461538461538464,0.903846153846154
ZENODO_10369064,levofloxacin,1511,39,14,21,2,2,0.875,0.9130434782608695,0.125,0.08695652173913043,0.8940217391304348
ZENODO_10369064,levofloxacin,1512,39,13,24,1,1,0.9285714285714286,0.96,0.0714285714285714,0.04,0.9442857142857144
ZENODO_10369064,levofloxacin,1513,39,9,27,2,1,0.9,0.9310344827586207,0.1,0.06896551724137931,0.9155172413793105
ZENODO_10369064,levofloxacin,1514,39,17,18,0,4,0.8095238095238095,1.0,0.1904761904761904,0.0,0.9047619047619048
ZENODO_10369064,levofloxacin,1515,39,19,16,0,4,0.8260869565217391,1.0,0.1739130434782608,0.0,0.9130434782608696
ZENODO_10369064,levofloxacin,1516,39,15,19,3,2,0.8823529411764706,0.8636363636363636,0.1176470588235294,0.13636363636363635,0.8729946524064172
ZENODO_10369064,levofloxacin,1517,39,16,20,1,2,0.8888888888888888,0.9523809523809523,0.1111111111111111,0.047619047619047616,0.9206349206349206
ZENODO_10369064,levofloxacin,1518,39,12,23,1,3,0.8,0.9583333333333334,0.2,0.041666666666666664,0.8791666666666667
ZENODO_10369064,levofloxacin,1519,39,11,27,0,1,0.9166666666666666,1.0,0.0833333333333333,0.0,0.9583333333333331
ZENODO_10369064,levofloxacin,1520,39,14,22,2,1,0.9333333333333333,0.9166666666666666,0.0666666666666666,0.08333333333333333,0.925
ZENODO_10369064,levofloxacin,1521,39,15,21,1,2,0.8823529411764706,0.9545454545454546,0.1176470588235294,0.045454545454545456,0.9184491978609626
ZENODO_10369064,levofloxacin,1522,39,14,23,1,1,0.9333333333333333,0.9583333333333334,0.0666666666666666,0.041666666666666664,0.9458333333333332
ZENODO_10369064,levofloxacin,1523,39,16,18,2,3,0.8421052631578947,0.9,0.1578947368421052,0.1,0.8710526315789473
ZENODO_10369064,levofloxacin,1524,39,13,22,1,3,0.8125,0.9565217391304348,0.1875,0.043478260869565216,0.8845108695652174
ZENODO_10369064,levofloxacin,1525,39,15,20,3,1,0.9375,0.8695652173913043,0.0625,0.13043478260869565,0.903532608695652
ZENODO_10369064,levofloxacin,1526,39,13,24,0,2,0.8666666666666667,1.0,0.1333333333333333,0.0,0.9333333333333332
ZENODO_10369064,levofloxacin,1527,39,16,23,0,0,1.0,1.0,0.0,0.0,1.0
ZENODO_10369064,levofloxacin,1528,39,13,22,0,4,0.7647058823529411,1.0,0.2352941176470588,0.0,0.8823529411764706
ZENODO_10369064,levofloxacin,1529,39,8,29,1,1,0.8888888888888888,0.9666666666666667,0.1111111111111111,0.03333333333333333,0.9277777777777778
ZENODO_10369064,levofloxacin,1530,39,11,26,0,2,0.8461538461538461,1.0,0.1538461538461538,0.0,0.9230769230769232
ZENODO_10369064,levofloxacin,1531,39,10,23,0,6,0.625,1.0,0.375,0.0,0.8125
ZENODO_10369064,levofloxacin,1532,39,13,22,1,3,0.8125,0.9565217391304348,0.1875,0.043478260869565216,0.8845108695652174
ZENODO_10369064,levofloxacin,1533,39,8,27,2,2,0.8,0.9310344827586207,0.2,0.06896551724137931,0.8655172413793104
ZENODO_10369064,levofloxacin,1534,39,11,23,1,4,0.7333333333333333,0.9583333333333334,0.2666666666666666,0.041666666666666664,0.8458333333333333
ZENODO_10369064,levofloxacin,1535,39,12,24,2,1,0.9230769230769231,0.9230769230769231,0.0769230769230769,0.07692307692307693,0.9230769230769232
ZENODO_10369064,levofloxacin,1536,39,16,19,2,2,0.8888888888888888,0.9047619047619048,0.1111111111111111,0.09523809523809523,0.8968253968253967
ZENODO_10369064,levofloxacin,1537,39,13,25,0,1,0.9285714285714286,1.0,0.0714285714285714,0.0,0.9642857142857144
ZENODO_10369064,levofloxacin,1538,39,10,25,0,4,0.7142857142857143,1.0,0.2857142857142857,0.0,0.8571428571428572
ZENODO_10369064,levofloxacin,1539,39,12,24,0,3,0.8,1.0,0.2,0.0,0.9
ZENODO_10369064,levofloxacin,1540,39,15,17,3,4,0.7894736842105263,0.85,0.2105263157894736,0.15,0.8197368421052631
ZENODO_10369064,levofloxacin,1541,39,22,16,0,1,0.9565217391304348,1.0,0.0434782608695652,0.0,0.9782608695652174
ZENODO_10369064,levofloxacin,1542,39,16,19,1,3,0.8421052631578947,0.95,0.1578947368421052,0.05,0.8960526315789473
ZENODO_10369064,levofloxacin,1543,39,15,21,0,3,0.8333333333333334,1.0,0.1666666666666666,0.0,0.9166666666666669
ZENODO_10369064,levofloxacin,1544,39,12,22,3,2,0.8571428571428571,0.88,0.1428571428571428,0.12,0.8685714285714285
ZENODO_10369064,levofloxacin,1545,39,10,25,1,3,0.7692307692307693,0.9615384615384616,0.2307692307692307,0.038461538461538464,0.8653846153846154
ZENODO_10369064,levofloxacin,1546,39,13,25,0,1,0.9285714285714286,1.0,0.0714285714285714,0.0,0.9642857142857144
ZENODO_10369064,levofloxacin,1547,39,16,22,0,1,0.9411764705882353,1.0,0.0588235294117647,0.0,0.9705882352941176
ZENODO_10369064,levofloxacin,1548,39,10,23,2,4,0.7142857142857143,0.92,0.2857142857142857,0.08,0.8171428571428572
ZENODO_10369064,levofloxacin,1549,39,12,24,0,3,0.8,1.0,0.2,0.0,0.9
ZENODO_10369064,levofloxacin,1550,39,17,20,1,1,0.9444444444444444,0.9523809523809523,0.0555555555555555,0.047619047619047616,0.9484126984126984
ZENODO_10369064,levofloxacin,1551,39,17,21,1,0,1.0,0.9545454545454546,0.0,0.045454545454545456,0.9772727272727272
ZENODO_10369064,levofloxacin,1552,39,17,19,1,2,0.8947368421052632,0.95,0.1052631578947368,0.05,0.9223684210526316
ZENODO_10369064,levofloxacin,1553,39,20,15,2,2,0.9090909090909091,0.8823529411764706,0.0909090909090909,0.11764705882352941,0.8957219251336899
ZENODO_10369064,levofloxacin,1554,39,16,20,1,2,0.8888888888888888,0.9523809523809523,0.1111111111111111,0.047619047619047616,0.9206349206349206
ZENODO_10369064,levofloxacin,1555,39,11,26,0,2,0.8461538461538461,1.0,0.1538461538461538,0.0,0.9230769230769232
ZENODO_10369064,levofloxacin,1556,39,17,19,1,2,0.8947368421052632,0.95,0.1052631578947368,0.05,0.9223684210526316
ZENODO_10369064,levofloxacin,1557,39,15,22,1,1,0.9375,0.9565217391304348,0.0625,0.043478260869565216,0.9470108695652174
ZENODO_10369064,levofloxacin,1558,39,12,23,1,3,0.8,0.9583333333333334,0.2,0.041666666666666664,0.8791666666666667
ZENODO_10369064,levofloxacin,1559,39,16,21,1,1,0.9411764705882353,0.9545454545454546,0.0588235294117647,0.045454545454545456,0.9478609625668448
ZENODO_10369064,levofloxacin,1560,39,13,23,1,2,0.8666666666666667,0.9583333333333334,0.1333333333333333,0.041666666666666664,0.9125
ZENODO_10369064,levofloxacin,1561,39,18,21,0,0,1.0,1.0,0.0,0.0,1.0
ZENODO_10369064,levofloxacin,1562,39,9,28,1,1,0.9,0.9655172413793104,0.1,0.034482758620689655,0.9327586206896552
ZENODO_10369064,levofloxacin,1563,39,15,22,1,1,0.9375,0.9565217391304348,0.0625,0.043478260869565216,0.9470108695652174
ZENODO_10369064,levofloxacin,1564,39,17,20,1,1,0.9444444444444444,0.9523809523809523,0.0555555555555555,0.047619047619047616,0.9484126984126984
ZENODO_10369064,levofloxacin,1565,39,15,21,0,3,0.8333333333333334,1.0,0.1666666666666666,0.0,0.9166666666666669
ZENODO_10369064,levofloxacin,1566,39,14,23,0,2,0.875,1.0,0.125,0.0,0.9375
ZENODO_10369064,levofloxacin,1567,39,13,23,2,1,0.9285714285714286,0.92,0.0714285714285714,0.08,0.9242857142857144
ZENODO_10369064,levofloxacin,1568,39,12,23,1,3,0.8,0.9583333333333334,0.2,0.041666666666666664,0.8791666666666667
ZENODO_10369064,levofloxacin,1569,39,11,26,1,1,0.9166666666666666,0.9629629629629629,0.0833333333333333,0.037037037037037035,0.9398148148148148
ZENODO_10369064,levofloxacin,1570,39,9,25,1,4,0.6923076923076923,0.9615384615384616,0.3076923076923077,0.038461538461538464,0.8269230769230769
ZENODO_10369064,levofloxacin,1571,39,13,23,1,2,0.8666666666666667,0.9583333333333334,0.1333333333333333,0.041666666666666664,0.9125
ZENODO_10369064,levofloxacin,1572,39,13,19,1,6,0.6842105263157895,0.95,0.3157894736842105,0.05,0.8171052631578948
ZENODO_10369064,levofloxacin,1573,39,15,23,1,0,1.0,0.9583333333333334,0.0,0.041666666666666664,0.9791666666666669
ZENODO_10369064,levofloxacin,1574,39,15,22,1,1,0.9375,0.9565217391304348,0.0625,0.043478260869565216,0.9470108695652174
ZENODO_10369064,levofloxacin,1575,39,12,23,4,0,1.0,0.8518518518518519,0.0,0.14814814814814814,0.925925925925926
ZENODO_10369064,levofloxacin,1576,39,12,23,0,4,0.75,1.0,0.25,0.0,0.875
ZENODO_10369064,levofloxacin,1577,39,11,23,4,1,0.9166666666666666,0.8518518518518519,0.0833333333333333,0.14814814814814814,0.8842592592592593
ZENODO_10369064,levofloxacin,1578,39,18,18,1,2,0.9,0.9473684210526315,0.1,0.05263157894736842,0.9236842105263158
ZENODO_10369064,levofloxacin,1579,39,14,24,0,1,0.9333333333333333,1.0,0.0666666666666666,0.0,0.9666666666666668
ZENODO_10369064,levofloxacin,1580,39,13,23,0,3,0.8125,1.0,0.1875,0.0,0.90625
ZENODO_10369064,levofloxacin,1581,39,11,27,0,1,0.9166666666666666,1.0,0.0833333333333333,0.0,0.9583333333333331
ZENODO_10369064,levofloxacin,1582,39,12,20,2,5,0.7058823529411765,0.9090909090909091,0.2941176470588235,0.09090909090909091,0.8074866310160428
ZENODO_10369064,levofloxacin,1583,39,12,21,2,4,0.75,0.9130434782608695,0.25,0.08695652173913043,0.8315217391304348
ZENODO_10369064,levofloxacin,1584,39,12,24,0,3,0.8,1.0,0.2,0.0,0.9
ZENODO_10369064,levofloxacin,1585,39,13,25,1,0,1.0,0.9615384615384616,0.0,0.038461538461538464,0.9807692307692308
ZENODO_10369064,levofloxacin,1586,39,14,22,0,3,0.8235294117647058,1.0,0.1764705882352941,0.0,0.9117647058823528
ZENODO_10369064,levofloxacin,1587,39,13,19,3,4,0.7647058823529411,0.8636363636363636,0.2352941176470588,0.13636363636363635,0.8141711229946524
ZENODO_10369064,levofloxacin,1588,39,12,24,1,2,0.8571428571428571,0.96,0.1428571428571428,0.04,0.9085714285714286
ZENODO_10369064,levofloxacin,1589,39,15,20,0,4,0.7894736842105263,1.0,0.2105263157894736,0.0,0.8947368421052632
ZENODO_10369064,levofloxacin,1590,39,19,20,0,0,1.0,1.0,0.0,0.0,1.0
ZENODO_10369064,levofloxacin,1591,39,18,16,2,3,0.8571428571428571,0.8888888888888888,0.1428571428571428,0.1111111111111111,0.873015873015873
ZENODO_10369064,levofloxacin,1592,39,10,28,1,0,1.0,0.9655172413793104,0.0,0.034482758620689655,0.9827586206896552
ZENODO_10369064,levofloxacin,1593,39,12,24,0,3,0.8,1.0,0.2,0.0,0.9
ZENODO_10369064,levofloxacin,1594,39,12,23,2,2,0.8571428571428571,0.92,0.1428571428571428,0.08,0.8885714285714286
ZENODO_10369064,levofloxacin,1595,39,16,19,2,2,0.8888888888888888,0.9047619047619048,0.1111111111111111,0.09523809523809523,0.8968253968253967
ZENODO_10369064,levofloxacin,1596,39,13,22,0,4,0.7647058823529411,1.0,0.2352941176470588,0.0,0.8823529411764706
ZENODO_10369064,levofloxacin,1597,39,15,22,0,2,0.8823529411764706,1.0,0.1176470588235294,0.0,0.9411764705882352
ZENODO_10369064,levofloxacin,1598,39,14,22,0,3,0.8235294117647058,1.0,0.1764705882352941,0.0,0.9117647058823528
ZENODO_10369064,levofloxacin,1599,39,14,23,1,1,0.9333333333333333,0.9583333333333334,0.0666666666666666,0.041666666666666664,0.9458333333333332
ZENODO_10369064,levofloxacin,1600,39,19,20,0,0,1.0,1.0,0.0,0.0,1.0
ZENODO_10369064,levofloxacin,1601,39,10,25,1,3,0.7692307692307693,0.9615384615384616,0.2307692307692307,0.038461538461538464,0.8653846153846154
ZENODO_10369064,levofloxacin,1602,39,12,21,4,2,0.8571428571428571,0.84,0.1428571428571428,0.16,0.8485714285714285
ZENODO_10369064,levofloxacin,1603,39,15,16,3,5,0.75,0.8421052631578947,0.25,0.15789473684210525,0.7960526315789473
ZENODO_10369064,levofloxacin,1604,39,16,20,1,2,0.8888888888888888,0.9523809523809523,0.1111111111111111,0.047619047619047616,0.9206349206349206
ZENODO_10369064,levofloxacin,1605,39,15,23,1,0,1.0,0.9583333333333334,0.0,0.041666666666666664,0.9791666666666669
ZENODO_10369064,levofloxacin,1606,39,15,22,2,0,1.0,0.9166666666666666,0.0,0.08333333333333333,0.9583333333333331
ZENODO_10369064,levofloxacin,1607,39,10,25,1,3,0.7692307692307693,0.9615384615384616,0.2307692307692307,0.038461538461538464,0.8653846153846154
ZENODO_10369064,levofloxacin,1608,39,15,21,1,2,0.8823529411764706,0.9545454545454546,0.1176470588235294,0.045454545454545456,0.9184491978609626
ZENODO_10369064,levofloxacin,1609,39,18,20,1,0,1.0,0.9523809523809523,0.0,0.047619047619047616,0.9761904761904762
ZENODO_10369064,levofloxacin,1610,39,15,22,0,2,0.8823529411764706,1.0,0.1176470588235294,0.0,0.9411764705882352
ZENODO_10369064,levofloxacin,1611,39,12,25,1,1,0.9230769230769231,0.9615384615384616,0.0769230769230769,0.038461538461538464,0.9423076923076924
ZENODO_10369064,levofloxacin,1612,39,16,20,1,2,0.8888888888888888,0.9523809523809523,0.1111111111111111,0.047619047619047616,0.9206349206349206
ZENODO_10369064,levofloxacin,1613,39,14,23,1,1,0.9333333333333333,0.9583333333333334,0.0666666666666666,0.041666666666666664,0.9458333333333332
ZENODO_10369064,levofloxacin,1614,39,17,19,3,0,1.0,0.8636363636363636,0.0,0.13636363636363635,0.931818181818182
ZENODO_10369064,levofloxacin,1615,39,17,21,0,1,0.9444444444444444,1.0,0.0555555555555555,0.0,0.9722222222222222
ZENODO_10369064,levofloxacin,1616,39,10,26,1,2,0.8333333333333334,0.9629629629629629,0.1666666666666666,0.037037037037037035,0.8981481481481481
ZENODO_10369064,levofloxacin,1617,39,12,19,2,6,0.6666666666666666,0.9047619047619048,0.3333333333333333,0.09523809523809523,0.7857142857142857
ZENODO_10369064,levofloxacin,1618,39,15,21,2,1,0.9375,0.9130434782608695,0.0625,0.08695652173913043,0.9252717391304348
ZENODO_10369064,levofloxacin,1619,39,11,22,2,4,0.7333333333333333,0.9166666666666666,0.2666666666666666,0.08333333333333333,0.825
ZENODO_10369064,levofloxacin,1620,39,10,27,1,1,0.9090909090909091,0.9642857142857143,0.0909090909090909,0.03571428571428571,0.9366883116883116
ZENODO_10369064,levofloxacin,1621,39,20,16,1,2,0.9090909090909091,0.9411764705882353,0.0909090909090909,0.058823529411764705,0.925133689839572
ZENODO_10369064,levofloxacin,1622,39,13,24,0,2,0.8666666666666667,1.0,0.1333333333333333,0.0,0.9333333333333332
ZENODO_10369064,levofloxacin,1623,39,20,15,2,2,0.9090909090909091,0.8823529411764706,0.0909090909090909,0.11764705882352941,0.8957219251336899
ZENODO_10369064,levofloxacin,1624,39,15,23,0,1,0.9375,1.0,0.0625,0.0,0.96875
ZENODO_10369064,levofloxacin,1625,39,13,21,2,3,0.8125,0.9130434782608695,0.1875,0.08695652173913043,0.8627717391304348
ZENODO_10369064,levofloxacin,1626,39,11,22,1,5,0.6875,0.9565217391304348,0.3125,0.043478260869565216,0.8220108695652174
ZENODO_10369064,levofloxacin,1627,39,11,27,0,1,0.9166666666666666,1.0,0.0833333333333333,0.0,0.9583333333333331
ZENODO_10369064,levofloxacin,1628,39,17,19,0,3,0.85,1.0,0.15,0.0,0.925
ZENODO_10369064,levofloxacin,1629,39,13,21,1,4,0.7647058823529411,0.9545454545454546,0.2352941176470588,0.045454545454545456,0.8596256684491979
ZENODO_10369064,levofloxacin,1630,39,9,23,2,5,0.6428571428571429,0.92,0.3571428571428571,0.08,0.7814285714285715
ZENODO_10369064,levofloxacin,1631,39,16,21,0,2,0.8888888888888888,1.0,0.1111111111111111,0.0,0.9444444444444444
ZENODO_10369064,levofloxacin,1632,39,14,25,0,0,1.0,1.0,0.0,0.0,1.0
ZENODO_10369064,levofloxacin,1633,39,11,25,1,2,0.8461538461538461,0.9615384615384616,0.1538461538461538,0.038461538461538464,0.903846153846154
ZENODO_10369064,levofloxacin,1634,39,15,18,2,4,0.7894736842105263,0.9,0.2105263157894736,0.1,0.8447368421052632
ZENODO_10369064,levofloxacin,1635,39,17,20,0,2,0.8947368421052632,1.0,0.1052631578947368,0.0,0.9473684210526316
ZENODO_10369064,levofloxacin,1636,39,20,18,0,1,0.9523809523809523,1.0,0.0476190476190476,0.0,0.9761904761904762
ZENODO_10369064,levofloxacin,1637,39,16,22,0,1,0.9411764705882353,1.0,0.0588235294117647,0.0,0.9705882352941176
ZENODO_10369064,levofloxacin,1638,39,11,25,1,2,0.8461538461538461,0.9615384615384616,0.1538461538461538,0.038461538461538464,0.903846153846154
ZENODO_10369064,levofloxacin,1639,39,18,18,1,2,0.9,0.9473684210526315,0.1,0.05263157894736842,0.9236842105263158
ZENODO_10369064,levofloxacin,1640,39,13,23,2,1,0.9285714285714286,0.92,0.0714285714285714,0.08,0.9242857142857144
ZENODO_10369064,levofloxacin,1641,39,15,21,2,1,0.9375,0.9130434782608695,0.0625,0.08695652173913043,0.9252717391304348
ZENODO_10369064,levofloxacin,1642,39,15,18,1,5,0.75,0.9473684210526315,0.25,0.05263157894736842,0.8486842105263157
ZENODO_10369064,levofloxacin,1643,39,15,21,1,2,0.8823529411764706,0.9545454545454546,0.1176470588235294,0.045454545454545456,0.9184491978609626
ZENODO_10369064,levofloxacin,1644,39,14,25,0,0,1.0,1.0,0.0,0.0,1.0
ZENODO_10369064,levofloxacin,1645,39,9,25,2,3,0.75,0.9259259259259259,0.25,0.07407407407407407,0.837962962962963
ZENODO_10369064,levofloxacin,1646,39,15,18,0,6,0.7142857142857143,1.0,0.2857142857142857,0.0,0.8571428571428572
ZENODO_10369064,levofloxacin,1647,39,13,23,1,2,0.8666666666666667,0.9583333333333334,0.1333333333333333,0.041666666666666664,0.9125
ZENODO_10369064,levofloxacin,1648,39,15,22,0,2,0.8823529411764706,1.0,0.1176470588235294,0.0,0.9411764705882352
ZENODO_10369064,levofloxacin,1649,39,13,23,2,1,0.9285714285714286,0.92,0.0714285714285714,0.08,0.9242857142857144
ZENODO_10369064,levofloxacin,1650,39,19,18,1,1,0.95,0.9473684210526315,0.05,0.05263157894736842,0.9486842105263158
ZENODO_10369064,levofloxacin,1651,39,14,19,1,5,0.7368421052631579,0.95,0.2631578947368421,0.05,0.8434210526315788
ZENODO_10369064,levofloxacin,1652,39,12,27,0,0,1.0,1.0,0.0,0.0,1.0
ZENODO_10369064,levofloxacin,1653,39,18,19,0,2,0.9,1.0,0.1,0.0,0.95
ZENODO_10369064,levofloxacin,1654,39,16,22,0,1,0.9411764705882353,1.0,0.0588235294117647,0.0,0.9705882352941176
ZENODO_10369064,levofloxacin,1655,39,13,24,0,2,0.8666666666666667,1.0,0.1333333333333333,0.0,0.9333333333333332
ZENODO_10369064,levofloxacin,1656,39,15,21,0,3,0.8333333333333334,1.0,0.1666666666666666,0.0,0.9166666666666669
ZENODO_10369064,levofloxacin,1657,39,14,21,1,3,0.8235294117647058,0.9545454545454546,0.1764705882352941,0.045454545454545456,0.8890374331550802
ZENODO_10369064,levofloxacin,1658,39,11,22,0,6,0.6470588235294118,1.0,0.3529411764705882,0.0,0.8235294117647058
ZENODO_10369064,levofloxacin,1659,39,10,26,1,2,0.8333333333333334,0.9629629629629629,0.1666666666666666,0.037037037037037035,0.8981481481481481
ZENODO_10369064,levofloxacin,1660,39,13,25,0,1,0.9285714285714286,1.0,0.0714285714285714,0.0,0.9642857142857144
ZENODO_10369064,levofloxacin,1661,39,16,22,0,1,0.9411764705882353,1.0,0.0588235294117647,0.0,0.9705882352941176
ZENODO_10369064,levofloxacin,1662,39,14,22,1,2,0.875,0.9565217391304348,0.125,0.043478260869565216,0.9157608695652174
ZENODO_10369064,levofloxacin,1663,39,15,23,1,0,1.0,0.9583333333333334,0.0,0.041666666666666664,0.9791666666666669
ZENODO_10369064,levofloxacin,1664,39,14,22,0,3,0.8235294117647058,1.0,0.1764705882352941,0.0,0.9117647058823528
ZENODO_10369064,levofloxacin,1665,39,14,24,1,0,1.0,0.96,0.0,0.04,0.98
ZENODO_10369064,levofloxacin,1666,39,11,26,1,1,0.9166666666666666,0.9629629629629629,0.0833333333333333,0.037037037037037035,0.9398148148148148
ZENODO_10369064,levofloxacin,1667,39,12,22,0,5,0.7058823529411765,1.0,0.2941176470588235,0.0,0.8529411764705883
ZENODO_10369064,levofloxacin,1668,39,19,16,1,3,0.8636363636363636,0.9411764705882353,0.1363636363636363,0.058823529411764705,0.9024064171122994
ZENODO_10369064,levofloxacin,1669,39,14,18,2,5,0.7368421052631579,0.9,0.2631578947368421,0.1,0.8184210526315789
ZENODO_10369064,levofloxacin,1670,39,13,23,1,2,0.8666666666666667,0.9583333333333334,0.1333333333333333,0.041666666666666664,0.9125
ZENODO_10369064,levofloxacin,1671,39,15,20,0,4,0.7894736842105263,1.0,0.2105263157894736,0.0,0.8947368421052632
ZENODO_10369064,levofloxacin,1672,39,14,22,2,1,0.9333333333333333,0.9166666666666666,0.0666666666666666,0.08333333333333333,0.925
ZENODO_10369064,levofloxacin,1673,39,19,16,2,2,0.9047619047619048,0.8888888888888888,0.0952380952380952,0.1111111111111111,0.8968253968253967
ZENODO_10369064,levofloxacin,1674,39,13,22,1,3,0.8125,0.9565217391304348,0.1875,0.043478260869565216,0.8845108695652174
ZENODO_10369064,levofloxacin,1675,39,13,25,1,0,1.0,0.9615384615384616,0.0,0.038461538461538464,0.9807692307692308
ZENODO_10369064,levofloxacin,1676,39,18,18,0,3,0.8571428571428571,1.0,0.1428571428571428,0.0,0.9285714285714286
ZENODO_10369064,levofloxacin,1677,39,16,22,0,1,0.9411764705882353,1.0,0.0588235294117647,0.0,0.9705882352941176
ZENODO_10369064,levofloxacin,1678,39,10,28,0,1,0.9090909090909091,1.0,0.0909090909090909,0.0,0.9545454545454546
ZENODO_10369064,levofloxacin,1679,39,12,24,2,1,0.9230769230769231,0.9230769230769231,0.0769230769230769,0.07692307692307693,0.9230769230769232
ZENODO_10369064,levofloxacin,1680,39,11,24,1,3,0.7857142857142857,0.96,0.2142857142857142,0.04,0.8728571428571428
ZENODO_10369064,levofloxacin,1681,39,13,22,0,4,0.7647058823529411,1.0,0.2352941176470588,0.0,0.8823529411764706
ZENODO_10369064,levofloxacin,1682,39,18,17,0,4,0.8181818181818182,1.0,0.1818181818181818,0.0,0.9090909090909092
ZENODO_10369064,levofloxacin,1683,39,14,23,1,1,0.9333333333333333,0.9583333333333334,0.0666666666666666,0.041666666666666664,0.9458333333333332
ZENODO_10369064,levofloxacin,1684,39,15,22,0,2,0.8823529411764706,1.0,0.1176470588235294,0.0,0.9411764705882352
ZENODO_10369064,levofloxacin,1685,39,11,23,3,2,0.8461538461538461,0.8846153846153846,0.1538461538461538,0.11538461538461539,0.8653846153846154
ZENODO_10369064,levofloxacin,1686,39,14,20,0,5,0.7368421052631579,1.0,0.2631578947368421,0.0,0.868421052631579
ZENODO_10369064,levofloxacin,1687,39,16,22,0,1,0.9411764705882353,1.0,0.0588235294117647,0.0,0.9705882352941176
ZENODO_10369064,levofloxacin,1688,39,11,24,1,3,0.7857142857142857,0.96,0.2142857142857142,0.04,0.8728571428571428
ZENODO_10369064,levofloxacin,1689,39,11,24,4,0,1.0,0.8571428571428571,0.0,0.14285714285714285,0.9285714285714286
ZENODO_10369064,levofloxacin,1690,39,15,20,2,2,0.8823529411764706,0.9090909090909091,0.1176470588235294,0.09090909090909091,0.8957219251336899
ZENODO_10369064,levofloxacin,1691,39,16,19,2,2,0.8888888888888888,0.9047619047619048,0.1111111111111111,0.09523809523809523,0.8968253968253967
ZENODO_10369064,levofloxacin,1692,39,15,22,1,1,0.9375,0.9565217391304348,0.0625,0.043478260869565216,0.9470108695652174
ZENODO_10369064,levofloxacin,1693,39,14,24,0,1,0.9333333333333333,1.0,0.0666666666666666,0.0,0.9666666666666668
ZENODO_10369064,levofloxacin,1694,39,11,24,2,2,0.8461538461538461,0.9230769230769231,0.1538461538461538,0.07692307692307693,0.8846153846153846
ZENODO_10369064,levofloxacin,1695,39,16,20,1,2,0.8888888888888888,0.9523809523809523,0.1111111111111111,0.047619047619047616,0.9206349206349206
ZENODO_10369064,levofloxacin,1696,39,15,18,1,5,0.75,0.9473684210526315,0.25,0.05263157894736842,0.8486842105263157
ZENODO_10369064,levofloxacin,1697,39,14,24,1,0,1.0,0.96,0.0,0.04,0.98
ZENODO_10369064,levofloxacin,1698,39,11,25,1,2,0.8461538461538461,0.9615384615384616,0.1538461538461538,0.038461538461538464,0.903846153846154
ZENODO_10369064,levofloxacin,1699,39,14,22,0,3,0.8235294117647058,1.0,0.1764705882352941,0.0,0.9117647058823528
ZENODO_10369064,levofloxacin,1700,39,13,22,0,4,0.7647058823529411,1.0,0.2352941176470588,0.0,0.8823529411764706
ZENODO_10369064,levofloxacin,1701,39,15,20,1,3,0.8333333333333334,0.9523809523809523,0.1666666666666666,0.047619047619047616,0.8928571428571428
ZENODO_10369064,levofloxacin,1702,39,15,21,2,1,0.9375,0.9130434782608695,0.0625,0.08695652173913043,0.9252717391304348
ZENODO_10369064,levofloxacin,1703,39,8,29,0,2,0.8,1.0,0.2,0.0,0.9
ZENODO_10369064,levofloxacin,1704,39,14,24,1,0,1.0,0.96,0.0,0.04,0.98
ZENODO_10369064,levofloxacin,1705,39,16,17,5,1,0.9411764705882353,0.7727272727272727,0.0588235294117647,0.22727272727272727,0.856951871657754
ZENODO_10369064,levofloxacin,1706,39,14,22,0,3,0.8235294117647058,1.0,0.1764705882352941,0.0,0.9117647058823528
ZENODO_10369064,levofloxacin,1707,39,9,26,1,3,0.75,0.9629629629629629,0.25,0.037037037037037035,0.8564814814814814
ZENODO_10369064,levofloxacin,1708,39,13,23,2,1,0.9285714285714286,0.92,0.0714285714285714,0.08,0.9242857142857144
ZENODO_10369064,levofloxacin,1709,39,17,21,1,0,1.0,0.9545454545454546,0.0,0.045454545454545456,0.9772727272727272
ZENODO_10369064,levofloxacin,1710,39,16,17,2,4,0.8,0.8947368421052632,0.2,0.10526315789473684,0.8473684210526315
ZENODO_10369064,levofloxacin,1711,39,15,23,1,0,1.0,0.9583333333333334,0.0,0.041666666666666664,0.9791666666666669
ZENODO_10369064,levofloxacin,1712,39,13,20,1,5,0.7222222222222222,0.9523809523809523,0.2777777777777778,0.047619047619047616,0.8373015873015872
ZENODO_10369064,levofloxacin,1713,39,15,23,0,1,0.9375,1.0,0.0625,0.0,0.96875
ZENODO_10369064,levofloxacin,1714,39,17,22,0,0,1.0,1.0,0.0,0.0,1.0
ZENODO_10369064,levofloxacin,1715,39,11,25,2,1,0.9166666666666666,0.9259259259259259,0.0833333333333333,0.07407407407407407,0.9212962962962964
ZENODO_10369064,levofloxacin,1716,39,11,24,2,2,0.8461538461538461,0.9230769230769231,0.1538461538461538,0.07692307692307693,0.8846153846153846
ZENODO_10369064,levofloxacin,1717,39,10,23,2,4,0.7142857142857143,0.92,0.2857142857142857,0.08,0.8171428571428572
ZENODO_10369064,levofloxacin,1718,39,14,21,1,3,0.8235294117647058,0.9545454545454546,0.1764705882352941,0.045454545454545456,0.8890374331550802
ZENODO_10369064,levofloxacin,1719,39,17,17,0,5,0.7727272727272727,1.0,0.2272727272727272,0.0,0.8863636363636364
ZENODO_10369064,levofloxacin,1720,39,10,26,0,3,0.7692307692307693,1.0,0.2307692307692307,0.0,0.8846153846153846
ZENODO_10369064,levofloxacin,1721,39,16,22,1,0,1.0,0.9565217391304348,0.0,0.043478260869565216,0.9782608695652174
ZENODO_10369064,levofloxacin,1722,39,9,25,0,5,0.6428571428571429,1.0,0.3571428571428571,0.0,0.8214285714285714
ZENODO_10369064,levofloxacin,1723,39,12,24,1,2,0.8571428571428571,0.96,0.1428571428571428,0.04,0.9085714285714286
ZENODO_10369064,levofloxacin,1724,39,16,20,0,3,0.8421052631578947,1.0,0.1578947368421052,0.0,0.9210526315789472
ZENODO_10369064,levofloxacin,1725,39,9,26,1,3,0.75,0.9629629629629629,0.25,0.037037037037037035,0.8564814814814814
ZENODO_10369064,levofloxacin,1726,39,12,23,1,3,0.8,0.9583333333333334,0.2,0.041666666666666664,0.8791666666666667
ZENODO_10369064,levofloxacin,1727,39,17,22,0,0,1.0,1.0,0.0,0.0,1.0
ZENODO_10369064,levofloxacin,1728,39,20,16,1,2,0.9090909090909091,0.9411764705882353,0.0909090909090909,0.058823529411764705,0.925133689839572
ZENODO_10369064,levofloxacin,1729,39,16,20,0,3,0.8421052631578947,1.0,0.1578947368421052,0.0,0.9210526315789472
ZENODO_10369064,levofloxacin,1730,39,12,24,0,3,0.8,1.0,0.2,0.0,0.9
ZENODO_10369064,levofloxacin,1731,39,9,26,2,2,0.8181818181818182,0.9285714285714286,0.1818181818181818,0.07142857142857142,0.8733766233766234
ZENODO_10369064,levofloxacin,1732,39,15,21,1,2,0.8823529411764706,0.9545454545454546,0.1176470588235294,0.045454545454545456,0.9184491978609626
ZENODO_10369064,levofloxacin,1733,39,14,21,1,3,0.8235294117647058,0.9545454545454546,0.1764705882352941,0.045454545454545456,0.8890374331550802
ZENODO_10369064,levofloxacin,1734,39,17,21,0,1,0.9444444444444444,1.0,0.0555555555555555,0.0,0.9722222222222222
ZENODO_10369064,levofloxacin,1735,39,13,25,0,1,0.9285714285714286,1.0,0.0714285714285714,0.0,0.9642857142857144
ZENODO_10369064,levofloxacin,1736,39,13,24,1,1,0.9285714285714286,0.96,0.0714285714285714,0.04,0.9442857142857144
ZENODO_10369064,levofloxacin,1737,39,10,21,1,7,0.5882352941176471,0.9545454545454546,0.4117647058823529,0.045454545454545456,0.7713903743315509
ZENODO_10369064,levofloxacin,1738,39,20,14,1,4,0.8333333333333334,0.9333333333333333,0.1666666666666666,0.06666666666666667,0.8833333333333333
ZENODO_10369064,levofloxacin,1739,39,12,21,1,5,0.7058823529411765,0.9545454545454546,0.2941176470588235,0.045454545454545456,0.8302139037433156
ZENODO_10369064,levofloxacin,1740,39,10,24,2,3,0.7692307692307693,0.9230769230769231,0.2307692307692307,0.07692307692307693,0.8461538461538463
ZENODO_10369064,levofloxacin,1741,39,7,29,1,2,0.7777777777777778,0.9666666666666667,0.2222222222222222,0.03333333333333333,0.8722222222222222
ZENODO_10369064,levofloxacin,1742,39,18,20,0,1,0.9473684210526315,1.0,0.0526315789473684,0.0,0.9736842105263156
ZENODO_10369064,levofloxacin,1743,39,16,22,1,0,1.0,0.9565217391304348,0.0,0.043478260869565216,0.9782608695652174
ZENODO_10369064,levofloxacin,1744,39,20,16,2,1,0.9523809523809523,0.8888888888888888,0.0476190476190476,0.1111111111111111,0.9206349206349206
ZENODO_10369064,levofloxacin,1745,39,15,19,0,5,0.75,1.0,0.25,0.0,0.875
ZENODO_10369064,levofloxacin,1746,39,20,17,0,2,0.9090909090909091,1.0,0.0909090909090909,0.0,0.9545454545454546
ZENODO_10369064,levofloxacin,1747,39,18,17,2,2,0.9,0.8947368421052632,0.1,0.10526315789473684,0.8973684210526316
ZENODO_10369064,levofloxacin,1748,39,15,22,1,1,0.9375,0.9565217391304348,0.0625,0.043478260869565216,0.9470108695652174
ZENODO_10369064,levofloxacin,1749,39,19,17,0,3,0.8636363636363636,1.0,0.1363636363636363,0.0,0.931818181818182
ZENODO_10369064,levofloxacin,1750,39,11,26,0,2,0.8461538461538461,1.0,0.1538461538461538,0.0,0.9230769230769232
ZENODO_10369064,levofloxacin,1751,39,16,20,0,3,0.8421052631578947,1.0,0.1578947368421052,0.0,0.9210526315789472
ZENODO_10369064,levofloxacin,1752,39,15,23,0,1,0.9375,1.0,0.0625,0.0,0.96875
ZENODO_10369064,levofloxacin,1753,39,14,24,0,1,0.9333333333333333,1.0,0.0666666666666666,0.0,0.9666666666666668
ZENODO_10369064,levofloxacin,1754,39,19,19,0,1,0.95,1.0,0.05,0.0,0.975
ZENODO_10369064,levofloxacin,1755,39,17,19,0,3,0.85,1.0,0.15,0.0,0.925
ZENODO_10369064,levofloxacin,1756,39,15,22,2,0,1.0,0.9166666666666666,0.0,0.08333333333333333,0.9583333333333331
ZENODO_10369064,levofloxacin,1757,39,13,22,1,3,0.8125,0.9565217391304348,0.1875,0.043478260869565216,0.8845108695652174
ZENODO_10369064,levofloxacin,1758,39,12,26,0,1,0.9230769230769231,1.0,0.0769230769230769,0.0,0.9615384615384616
ZENODO_10369064,levofloxacin,1759,39,19,15,1,4,0.8260869565217391,0.9375,0.1739130434782608,0.0625,0.8817934782608696
ZENODO_10369064,levofloxacin,1760,39,14,21,3,1,0.9333333333333333,0.875,0.0666666666666666,0.125,0.9041666666666668
ZENODO_10369064,levofloxacin,1761,39,12,22,1,4,0.75,0.9565217391304348,0.25,0.043478260869565216,0.8532608695652174
ZENODO_10369064,levofloxacin,1762,39,19,17,2,1,0.95,0.8947368421052632,0.05,0.10526315789473684,0.9223684210526316
ZENODO_10369064,levofloxacin,1763,39,11,23,0,5,0.6875,1.0,0.3125,0.0,0.84375
ZENODO_10369064,levofloxacin,1764,39,13,22,1,3,0.8125,0.9565217391304348,0.1875,0.043478260869565216,0.8845108695652174
ZENODO_10369064,levofloxacin,1765,39,13,24,1,1,0.9285714285714286,0.96,0.0714285714285714,0.04,0.9442857142857144
ZENODO_10369064,levofloxacin,1766,39,16,21,2,0,1.0,0.9130434782608695,0.0,0.08695652173913043,0.9565217391304348
ZENODO_10369064,levofloxacin,1767,39,18,19,0,2,0.9,1.0,0.1,0.0,0.95
ZENODO_10369064,levofloxacin,1768,39,14,22,1,2,0.875,0.9565217391304348,0.125,0.043478260869565216,0.9157608695652174
ZENODO_10369064,levofloxacin,1769,39,15,21,0,3,0.8333333333333334,1.0,0.1666666666666666,0.0,0.9166666666666669
ZENODO_10369064,levofloxacin,1770,39,12,22,2,3,0.8,0.9166666666666666,0.2,0.08333333333333333,0.8583333333333334
ZENODO_10369064,levofloxacin,1771,39,19,17,1,2,0.9047619047619048,0.9444444444444444,0.0952380952380952,0.05555555555555555,0.9246031746031746
ZENODO_10369064,levofloxacin,1772,39,10,25,3,1,0.9090909090909091,0.8928571428571429,0.0909090909090909,0.10714285714285714,0.900974025974026
ZENODO_10369064,levofloxacin,1773,39,16,22,0,1,0.9411764705882353,1.0,0.0588235294117647,0.0,0.9705882352941176
ZENODO_10369064,levofloxacin,1774,39,15,20,1,3,0.8333333333333334,0.9523809523809523,0.1666666666666666,0.047619047619047616,0.8928571428571428
ZENODO_10369064,levofloxacin,1775,39,12,23,1,3,0.8,0.9583333333333334,0.2,0.041666666666666664,0.8791666666666667
ZENODO_10369064,levofloxacin,1776,39,13,25,0,1,0.9285714285714286,1.0,0.0714285714285714,0.0,0.9642857142857144
ZENODO_10369064,levofloxacin,1777,39,14,21,1,3,0.8235294117647058,0.9545454545454546,0.1764705882352941,0.045454545454545456,0.8890374331550802
ZENODO_10369064,levofloxacin,1778,39,11,26,0,2,0.8461538461538461,1.0,0.1538461538461538,0.0,0.9230769230769232
ZENODO_10369064,levofloxacin,1779,39,22,16,0,1,0.9565217391304348,1.0,0.0434782608695652,0.0,0.9782608695652174
ZENODO_10369064,levofloxacin,1780,39,13,23,2,1,0.9285714285714286,0.92,0.0714285714285714,0.08,0.9242857142857144
ZENODO_10369064,levofloxacin,1781,39,13,24,0,2,0.8666666666666667,1.0,0.1333333333333333,0.0,0.9333333333333332
ZENODO_10369064,levofloxacin,1782,39,14,22,1,2,0.875,0.9565217391304348,0.125,0.043478260869565216,0.9157608695652174
ZENODO_10369064,levofloxacin,1783,39,11,26,0,2,0.8461538461538461,1.0,0.1538461538461538,0.0,0.9230769230769232
ZENODO_10369064,levofloxacin,1784,39,14,21,0,4,0.7777777777777778,1.0,0.2222222222222222,0.0,0.8888888888888888
ZENODO_10369064,levofloxacin,1785,39,16,19,1,3,0.8421052631578947,0.95,0.1578947368421052,0.05,0.8960526315789473
ZENODO_10369064,levofloxacin,1786,39,13,25,0,1,0.9285714285714286,1.0,0.0714285714285714,0.0,0.9642857142857144
ZENODO_10369064,levofloxacin,1787,39,12,21,3,3,0.8,0.875,0.2,0.125,0.8375
ZENODO_10369064,levofloxacin,1788,39,15,22,0,2,0.8823529411764706,1.0,0.1176470588235294,0.0,0.9411764705882352
ZENODO_10369064,levofloxacin,1789,39,21,12,2,4,0.84,0.8571428571428571,0.16,0.14285714285714285,0.8485714285714285
ZENODO_10369064,levofloxacin,1790,39,13,21,1,4,0.7647058823529411,0.9545454545454546,0.2352941176470588,0.045454545454545456,0.8596256684491979
ZENODO_10369064,levofloxacin,1791,39,12,24,1,2,0.8571428571428571,0.96,0.1428571428571428,0.04,0.9085714285714286
ZENODO_10369064,levofloxacin,1792,39,14,23,0,2,0.875,1.0,0.125,0.0,0.9375
ZENODO_10369064,levofloxacin,1793,39,11,25,1,2,0.8461538461538461,0.9615384615384616,0.1538461538461538,0.038461538461538464,0.903846153846154
ZENODO_10369064,levofloxacin,1794,39,13,23,2,1,0.9285714285714286,0.92,0.0714285714285714,0.08,0.9242857142857144
ZENODO_10369064,levofloxacin,1795,39,15,18,4,2,0.8823529411764706,0.8181818181818182,0.1176470588235294,0.18181818181818182,0.8502673796791445
ZENODO_10369064,levofloxacin,1796,39,12,25,1,1,0.9230769230769231,0.9615384615384616,0.0769230769230769,0.038461538461538464,0.9423076923076924
ZENODO_10369064,levofloxacin,1797,39,8,28,0,3,0.7272727272727273,1.0,0.2727272727272727,0.0,0.8636363636363636
ZENODO_10369064,levofloxacin,1798,39,17,20,1,1,0.9444444444444444,0.9523809523809523,0.0555555555555555,0.047619047619047616,0.9484126984126984
ZENODO_10369064,levofloxacin,1799,39,14,20,3,2,0.875,0.8695652173913043,0.125,0.13043478260869565,0.8722826086956521
ZENODO_10369064,levofloxacin,1800,39,16,20,0,3,0.8421052631578947,1.0,0.1578947368421052,0.0,0.9210526315789472
ZENODO_10369064,levofloxacin,1801,39,14,25,0,0,1.0,1.0,0.0,0.0,1.0
ZENODO_10369064,levofloxacin,1802,39,14,23,1,1,0.9333333333333333,0.9583333333333334,0.0666666666666666,0.041666666666666664,0.9458333333333332
ZENODO_10369064,levofloxacin,1803,39,19,18,1,1,0.95,0.9473684210526315,0.05,0.05263157894736842,0.9486842105263158
ZENODO_10369064,levofloxacin,1804,39,13,23,2,1,0.9285714285714286,0.92,0.0714285714285714,0.08,0.9242857142857144
ZENODO_10369064,levofloxacin,1805,39,19,17,1,2,0.9047619047619048,0.9444444444444444,0.0952380952380952,0.05555555555555555,0.9246031746031746
ZENODO_10369064,levofloxacin,1806,39,15,21,0,3,0.8333333333333334,1.0,0.1666666666666666,0.0,0.9166666666666669
ZENODO_10369064,levofloxacin,1807,39,16,20,0,3,0.8421052631578947,1.0,0.1578947368421052,0.0,0.9210526315789472
ZENODO_10369064,levofloxacin,1808,39,12,25,1,1,0.9230769230769231,0.9615384615384616,0.0769230769230769,0.038461538461538464,0.9423076923076924
ZENODO_10369064,levofloxacin,1809,39,13,23,1,2,0.8666666666666667,0.9583333333333334,0.1333333333333333,0.041666666666666664,0.9125
ZENODO_10369064,levofloxacin,1810,39,15,19,2,3,0.8333333333333334,0.9047619047619048,0.1666666666666666,0.09523809523809523,0.8690476190476191
ZENODO_10369064,levofloxacin,1811,39,12,25,0,2,0.8571428571428571,1.0,0.1428571428571428,0.0,0.9285714285714286
ZENODO_10369064,levofloxacin,1812,39,21,15,1,2,0.9130434782608695,0.9375,0.0869565217391304,0.0625,0.9252717391304348
ZENODO_10369064,levofloxacin,1813,39,13,23,2,1,0.9285714285714286,0.92,0.0714285714285714,0.08,0.9242857142857144
ZENODO_10369064,levofloxacin,1814,39,12,27,0,0,1.0,1.0,0.0,0.0,1.0
ZENODO_10369064,levofloxacin,1815,39,18,17,1,3,0.8571428571428571,0.9444444444444444,0.1428571428571428,0.05555555555555555,0.9007936507936508
ZENODO_10369064,levofloxacin,1816,39,12,24,1,2,0.8571428571428571,0.96,0.1428571428571428,0.04,0.9085714285714286
ZENODO_10369064,levofloxacin,1817,39,11,26,0,2,0.8461538461538461,1.0,0.1538461538461538,0.0,0.9230769230769232
ZENODO_10369064,levofloxacin,1818,39,8,26,3,2,0.8,0.896551724137931,0.2,0.10344827586206896,0.8482758620689655
ZENODO_10369064,levofloxacin,1819,39,17,20,1,1,0.9444444444444444,0.9523809523809523,0.0555555555555555,0.047619047619047616,0.9484126984126984
ZENODO_10369064,levofloxacin,1820,39,12,25,0,2,0.8571428571428571,1.0,0.1428571428571428,0.0,0.9285714285714286
ZENODO_10369064,levofloxacin,1821,39,19,19,1,0,1.0,0.95,0.0,0.05,0.975
ZENODO_10369064,levofloxacin,1822,39,13,22,2,2,0.8666666666666667,0.9166666666666666,0.1333333333333333,0.08333333333333333,0.8916666666666666
ZENODO_10369064,levofloxacin,1823,39,14,21,2,2,0.875,0.9130434782608695,0.125,0.08695652173913043,0.8940217391304348
ZENODO_10369064,levofloxacin,1824,39,13,22,1,3,0.8125,0.9565217391304348,0.1875,0.043478260869565216,0.8845108695652174
ZENODO_10369064,levofloxacin,1825,39,14,22,1,2,0.875,0.9565217391304348,0.125,0.043478260869565216,0.9157608695652174
ZENODO_10369064,levofloxacin,1826,39,16,20,0,3,0.8421052631578947,1.0,0.1578947368421052,0.0,0.9210526315789472
ZENODO_10369064,levofloxacin,1827,39,15,20,1,3,0.8333333333333334,0.9523809523809523,0.1666666666666666,0.047619047619047616,0.8928571428571428
ZENODO_10369064,levofloxacin,1828,39,13,22,1,3,0.8125,0.9565217391304348,0.1875,0.043478260869565216,0.8845108695652174
ZENODO_10369064,levofloxacin,1829,39,14,22,1,2,0.875,0.9565217391304348,0.125,0.043478260869565216,0.9157608695652174
ZENODO_10369064,levofloxacin,1830,39,10,27,0,2,0.8333333333333334,1.0,0.1666666666666666,0.0,0.9166666666666669
ZENODO_10369064,levofloxacin,1831,39,11,26,0,2,0.8461538461538461,1.0,0.1538461538461538,0.0,0.9230769230769232
ZENODO_10369064,levofloxacin,1832,39,17,21,0,1,0.9444444444444444,1.0,0.0555555555555555,0.0,0.9722222222222222
ZENODO_10369064,levofloxacin,1833,39,15,19,2,3,0.8333333333333334,0.9047619047619048,0.1666666666666666,0.09523809523809523,0.8690476190476191
ZENODO_10369064,levofloxacin,1834,39,19,18,0,2,0.9047619047619048,1.0,0.0952380952380952,0.0,0.9523809523809524
ZENODO_10369064,levofloxacin,1835,39,19,15,1,4,0.8260869565217391,0.9375,0.1739130434782608,0.0625,0.8817934782608696
ZENODO_10369064,levofloxacin,1836,39,10,21,2,6,0.625,0.9130434782608695,0.375,0.08695652173913043,0.7690217391304348
ZENODO_10369064,levofloxacin,1837,39,20,17,1,1,0.9523809523809523,0.9444444444444444,0.0476190476190476,0.05555555555555555,0.9484126984126984
ZENODO_10369064,levofloxacin,1838,39,11,26,0,2,0.8461538461538461,1.0,0.1538461538461538,0.0,0.9230769230769232
ZENODO_10369064,levofloxacin,1839,39,20,17,0,2,0.9090909090909091,1.0,0.0909090909090909,0.0,0.9545454545454546
ZENODO_10369064,levofloxacin,1840,39,18,19,0,2,0.9,1.0,0.1,0.0,0.95
ZENODO_10369064,levofloxacin,1841,39,9,30,0,0,1.0,1.0,0.0,0.0,1.0
ZENODO_10369064,levofloxacin,1842,39,14,22,1,2,0.875,0.9565217391304348,0.125,0.043478260869565216,0.9157608695652174
ZENODO_10369064,levofloxacin,1843,39,13,22,0,4,0.7647058823529411,1.0,0.2352941176470588,0.0,0.8823529411764706
ZENODO_10369064,levofloxacin,1844,39,9,28,0,2,0.8181818181818182,1.0,0.1818181818181818,0.0,0.9090909090909092
ZENODO_10369064,levofloxacin,1845,39,19,19,0,1,0.95,1.0,0.05,0.0,0.975
ZENODO_10369064,levofloxacin,1846,39,6,32,1,0,1.0,0.9696969696969697,0.0,0.030303030303030304,0.9848484848484848
ZENODO_10369064,levofloxacin,1847,39,16,22,0,1,0.9411764705882353,1.0,0.0588235294117647,0.0,0.9705882352941176
ZENODO_10369064,levofloxacin,1848,39,13,23,1,2,0.8666666666666667,0.9583333333333334,0.1333333333333333,0.041666666666666664,0.9125
ZENODO_10369064,levofloxacin,1849,39,12,23,0,4,0.75,1.0,0.25,0.0,0.875
ZENODO_10369064,levofloxacin,1850,39,15,19,2,3,0.8333333333333334,0.9047619047619048,0.1666666666666666,0.09523809523809523,0.8690476190476191
ZENODO_10369064,levofloxacin,1851,39,16,19,0,4,0.8,1.0,0.2,0.0,0.9
ZENODO_10369064,levofloxacin,1852,39,19,19,0,1,0.95,1.0,0.05,0.0,0.975
ZENODO_10369064,levofloxacin,1853,39,14,21,1,3,0.8235294117647058,0.9545454545454546,0.1764705882352941,0.045454545454545456,0.8890374331550802
ZENODO_10369064,levofloxacin,1854,39,17,21,0,1,0.9444444444444444,1.0,0.0555555555555555,0.0,0.9722222222222222
ZENODO_10369064,levofloxacin,1855,39,13,23,1,2,0.8666666666666667,0.9583333333333334,0.1333333333333333,0.041666666666666664,0.9125
ZENODO_10369064,levofloxacin,1856,39,15,22,1,1,0.9375,0.9565217391304348,0.0625,0.043478260869565216,0.9470108695652174
ZENODO_10369064,levofloxacin,1857,39,15,20,2,2,0.8823529411764706,0.9090909090909091,0.1176470588235294,0.09090909090909091,0.8957219251336899
ZENODO_10369064,levofloxacin,1858,39,14,20,1,4,0.7777777777777778,0.9523809523809523,0.2222222222222222,0.047619047619047616,0.8650793650793651
ZENODO_10369064,levofloxacin,1859,39,13,23,1,2,0.8666666666666667,0.9583333333333334,0.1333333333333333,0.041666666666666664,0.9125
ZENODO_10369064,levofloxacin,1860,39,12,23,1,3,0.8,0.9583333333333334,0.2,0.041666666666666664,0.8791666666666667
ZENODO_10369064,levofloxacin,1861,39,16,21,0,2,0.8888888888888888,1.0,0.1111111111111111,0.0,0.9444444444444444
ZENODO_10369064,levofloxacin,1862,39,14,22,0,3,0.8235294117647058,1.0,0.1764705882352941,0.0,0.9117647058823528
ZENODO_10369064,levofloxacin,1863,39,16,21,0,2,0.8888888888888888,1.0,0.1111111111111111,0.0,0.9444444444444444
ZENODO_10369064,levofloxacin,1864,39,9,27,1,2,0.8181818181818182,0.9642857142857143,0.1818181818181818,0.03571428571428571,0.8912337662337663
ZENODO_10369064,levofloxacin,1865,39,20,17,1,1,0.9523809523809523,0.9444444444444444,0.0476190476190476,0.05555555555555555,0.9484126984126984
ZENODO_10369064,levofloxacin,1866,39,11,23,2,3,0.7857142857142857,0.92,0.2142857142857142,0.08,0.8528571428571429
ZENODO_10369064,levofloxacin,1867,39,19,16,2,2,0.9047619047619048,0.8888888888888888,0.0952380952380952,0.1111111111111111,0.8968253968253967
ZENODO_10369064,levofloxacin,1868,39,16,19,2,2,0.8888888888888888,0.9047619047619048,0.1111111111111111,0.09523809523809523,0.8968253968253967
ZENODO_10369064,levofloxacin,1869,39,16,18,2,3,0.8421052631578947,0.9,0.1578947368421052,0.1,0.8710526315789473
ZENODO_10369064,levofloxacin,1870,39,12,19,3,5,0.7058823529411765,0.8636363636363636,0.2941176470588235,0.13636363636363635,0.7847593582887701
ZENODO_10369064,levofloxacin,1871,39,15,22,0,2,0.8823529411764706,1.0,0.1176470588235294,0.0,0.9411764705882352
ZENODO_10369064,levofloxacin,1872,39,17,21,0,1,0.9444444444444444,1.0,0.0555555555555555,0.0,0.9722222222222222
ZENODO_10369064,levofloxacin,1873,39,16,21,2,0,1.0,0.9130434782608695,0.0,0.08695652173913043,0.9565217391304348
ZENODO_10369064,levofloxacin,1874,39,13,23,1,2,0.8666666666666667,0.9583333333333334,0.1333333333333333,0.041666666666666664,0.9125
ZENODO_10369064,levofloxacin,1875,39,14,25,0,0,1.0,1.0,0.0,0.0,1.0
ZENODO_10369064,levofloxacin,1876,39,14,21,0,4,0.7777777777777778,1.0,0.2222222222222222,0.0,0.8888888888888888
ZENODO_10369064,levofloxacin,1877,39,13,24,0,2,0.8666666666666667,1.0,0.1333333333333333,0.0,0.9333333333333332
ZENODO_10369064,levofloxacin,1878,39,13,22,1,3,0.8125,0.9565217391304348,0.1875,0.043478260869565216,0.8845108695652174
ZENODO_10369064,levofloxacin,1879,39,16,19,1,3,0.8421052631578947,0.95,0.1578947368421052,0.05,0.8960526315789473
ZENODO_10369064,levofloxacin,1880,39,7,29,0,3,0.7,1.0,0.3,0.0,0.85
ZENODO_10369064,levofloxacin,1881,39,14,24,0,1,0.9333333333333333,1.0,0.0666666666666666,0.0,0.9666666666666668
ZENODO_10369064,levofloxacin,1882,39,15,21,1,2,0.8823529411764706,0.9545454545454546,0.1176470588235294,0.045454545454545456,0.9184491978609626
ZENODO_10369064,levofloxacin,1883,39,12,25,1,1,0.9230769230769231,0.9615384615384616,0.0769230769230769,0.038461538461538464,0.9423076923076924
ZENODO_10369064,levofloxacin,1884,39,14,24,1,0,1.0,0.96,0.0,0.04,0.98
ZENODO_10369064,levofloxacin,1885,39,16,19,0,4,0.8,1.0,0.2,0.0,0.9
ZENODO_10369064,levofloxacin,1886,39,14,24,0,1,0.9333333333333333,1.0,0.0666666666666666,0.0,0.9666666666666668
ZENODO_10369064,levofloxacin,1887,39,12,24,0,3,0.8,1.0,0.2,0.0,0.9
ZENODO_10369064,levofloxacin,1888,39,15,23,1,0,1.0,0.9583333333333334,0.0,0.041666666666666664,0.9791666666666669
ZENODO_10369064,levofloxacin,1889,39,15,24,0,0,1.0,1.0,0.0,0.0,1.0
ZENODO_10369064,levofloxacin,1890,39,19,14,0,6,0.76,1.0,0.24,0.0,0.88
ZENODO_10369064,levofloxacin,1891,39,14,22,3,0,1.0,0.88,0.0,0.12,0.94
ZENODO_10369064,levofloxacin,1892,39,12,27,0,0,1.0,1.0,0.0,0.0,1.0
ZENODO_10369064,levofloxacin,1893,39,16,22,0,1,0.9411764705882353,1.0,0.0588235294117647,0.0,0.9705882352941176
ZENODO_10369064,levofloxacin,1894,39,11,26,1,1,0.9166666666666666,0.9629629629629629,0.0833333333333333,0.037037037037037035,0.9398148148148148
ZENODO_10369064,levofloxacin,1895,39,18,18,1,2,0.9,0.9473684210526315,0.1,0.05263157894736842,0.9236842105263158
ZENODO_10369064,levofloxacin,1896,39,14,23,0,2,0.875,1.0,0.125,0.0,0.9375
ZENODO_10369064,levofloxacin,1897,39,9,27,1,2,0.8181818181818182,0.9642857142857143,0.1818181818181818,0.03571428571428571,0.8912337662337663
ZENODO_10369064,levofloxacin,1898,39,17,19,3,0,1.0,0.8636363636363636,0.0,0.13636363636363635,0.931818181818182
ZENODO_10369064,levofloxacin,1899,39,11,26,0,2,0.8461538461538461,1.0,0.1538461538461538,0.0,0.9230769230769232
ZENODO_10369064,levofloxacin,1900,39,10,28,1,0,1.0,0.9655172413793104,0.0,0.034482758620689655,0.9827586206896552
ZENODO_10369064,levofloxacin,1901,39,17,21,1,0,1.0,0.9545454545454546,0.0,0.045454545454545456,0.9772727272727272
ZENODO_10369064,levofloxacin,1902,39,12,25,1,1,0.9230769230769231,0.9615384615384616,0.0769230769230769,0.038461538461538464,0.9423076923076924
ZENODO_10369064,levofloxacin,1903,39,14,17,4,4,0.7777777777777778,0.8095238095238095,0.2222222222222222,0.19047619047619047,0.7936507936507937
ZENODO_10369064,levofloxacin,1904,39,18,19,1,1,0.9473684210526315,0.95,0.0526315789473684,0.05,0.9486842105263158
ZENODO_10369064,levofloxacin,1905,39,13,26,0,0,1.0,1.0,0.0,0.0,1.0
ZENODO_10369064,levofloxacin,1906,39,9,27,1,2,0.8181818181818182,0.9642857142857143,0.1818181818181818,0.03571428571428571,0.8912337662337663
ZENODO_10369064,levofloxacin,1907,39,17,17,1,4,0.8095238095238095,0.9444444444444444,0.1904761904761904,0.05555555555555555,0.876984126984127
ZENODO_10369064,levofloxacin,1908,39,14,24,1,0,1.0,0.96,0.0,0.04,0.98
ZENODO_10369064,levofloxacin,1909,39,11,25,0,3,0.7857142857142857,1.0,0.2142857142857142,0.0,0.8928571428571428
ZENODO_10369064,levofloxacin,1910,39,16,20,0,3,0.8421052631578947,1.0,0.1578947368421052,0.0,0.9210526315789472
ZENODO_10369064,levofloxacin,1911,39,9,28,0,2,0.8181818181818182,1.0,0.1818181818181818,0.0,0.9090909090909092
ZENODO_10369064,levofloxacin,1912,39,9,26,0,4,0.6923076923076923,1.0,0.3076923076923077,0.0,0.8461538461538461
ZENODO_10369064,levofloxacin,1913,39,11,24,0,4,0.7333333333333333,1.0,0.2666666666666666,0.0,0.8666666666666667
ZENODO_10369064,levofloxacin,1914,39,18,21,0,0,1.0,1.0,0.0,0.0,1.0
ZENODO_10369064,levofloxacin,1915,39,13,25,0,1,0.9285714285714286,1.0,0.0714285714285714,0.0,0.9642857142857144
ZENODO_10369064,levofloxacin,1916,39,17,20,1,1,0.9444444444444444,0.9523809523809523,0.0555555555555555,0.047619047619047616,0.9484126984126984
ZENODO_10369064,levofloxacin,1917,39,11,26,0,2,0.8461538461538461,1.0,0.1538461538461538,0.0,0.9230769230769232
ZENODO_10369064,levofloxacin,1918,39,7,31,0,1,0.875,1.0,0.125,0.0,0.9375
ZENODO_10369064,levofloxacin,1919,39,14,24,1,0,1.0,0.96,0.0,0.04,0.98
ZENODO_10369064,levofloxacin,1920,39,17,21,0,1,0.9444444444444444,1.0,0.0555555555555555,0.0,0.9722222222222222
ZENODO_10369064,levofloxacin,1921,39,14,24,1,0,1.0,0.96,0.0,0.04,0.98
ZENODO_10369064,levofloxacin,1922,39,14,23,1,1,0.9333333333333333,0.9583333333333334,0.0666666666666666,0.041666666666666664,0.9458333333333332
ZENODO_10369064,levofloxacin,1923,39,17,20,1,1,0.9444444444444444,0.9523809523809523,0.0555555555555555,0.047619047619047616,0.9484126984126984
ZENODO_10369064,levofloxacin,1924,39,14,22,0,3,0.8235294117647058,1.0,0.1764705882352941,0.0,0.9117647058823528
ZENODO_10369064,levofloxacin,1925,39,15,24,0,0,1.0,1.0,0.0,0.0,1.0
ZENODO_10369064,levofloxacin,1926,39,16,20,2,1,0.9411764705882353,0.9090909090909091,0.0588235294117647,0.09090909090909091,0.925133689839572
ZENODO_10369064,levofloxacin,1927,39,12,26,0,1,0.9230769230769231,1.0,0.0769230769230769,0.0,0.9615384615384616
ZENODO_10369064,levofloxacin,1928,39,14,21,1,3,0.8235294117647058,0.9545454545454546,0.1764705882352941,0.045454545454545456,0.8890374331550802
ZENODO_10369064,levofloxacin,1929,39,13,22,1,3,0.8125,0.9565217391304348,0.1875,0.043478260869565216,0.8845108695652174
ZENODO_10369064,levofloxacin,1930,39,13,25,0,1,0.9285714285714286,1.0,0.0714285714285714,0.0,0.9642857142857144
ZENODO_10369064,levofloxacin,1931,39,12,23,2,2,0.8571428571428571,0.92,0.1428571428571428,0.08,0.8885714285714286
ZENODO_10369064,levofloxacin,1932,39,13,23,1,2,0.8666666666666667,0.9583333333333334,0.1333333333333333,0.041666666666666664,0.9125
ZENODO_10369064,levofloxacin,1933,39,17,20,0,2,0.8947368421052632,1.0,0.1052631578947368,0.0,0.9473684210526316
ZENODO_10369064,levofloxacin,1934,39,15,22,0,2,0.8823529411764706,1.0,0.1176470588235294,0.0,0.9411764705882352
ZENODO_10369064,levofloxacin,1935,39,12,23,2,2,0.8571428571428571,0.92,0.1428571428571428,0.08,0.8885714285714286
ZENODO_10369064,levofloxacin,1936,39,14,22,2,1,0.9333333333333333,0.9166666666666666,0.0666666666666666,0.08333333333333333,0.925
ZENODO_10369064,levofloxacin,1937,39,12,19,2,6,0.6666666666666666,0.9047619047619048,0.3333333333333333,0.09523809523809523,0.7857142857142857
ZENODO_10369064,levofloxacin,1938,39,14,22,0,3,0.8235294117647058,1.0,0.1764705882352941,0.0,0.9117647058823528
ZENODO_10369064,levofloxacin,1939,39,13,22,2,2,0.8666666666666667,0.9166666666666666,0.1333333333333333,0.08333333333333333,0.8916666666666666
ZENODO_10369064,levofloxacin,1940,39,10,21,5,3,0.7692307692307693,0.8076923076923077,0.2307692307692307,0.19230769230769232,0.7884615384615385
ZENODO_10369064,levofloxacin,1941,39,18,18,1,2,0.9,0.9473684210526315,0.1,0.05263157894736842,0.9236842105263158
ZENODO_10369064,levofloxacin,1942,39,19,18,0,2,0.9047619047619048,1.0,0.0952380952380952,0.0,0.9523809523809524
ZENODO_10369064,levofloxacin,1943,39,14,21,2,2,0.875,0.9130434782608695,0.125,0.08695652173913043,0.8940217391304348
ZENODO_10369064,levofloxacin,1944,39,11,23,0,5,0.6875,1.0,0.3125,0.0,0.84375
ZENODO_10369064,levofloxacin,1945,39,12,25,1,1,0.9230769230769231,0.9615384615384616,0.0769230769230769,0.038461538461538464,0.9423076923076924
ZENODO_10369064,levofloxacin,1946,39,9,27,1,2,0.8181818181818182,0.9642857142857143,0.1818181818181818,0.03571428571428571,0.8912337662337663
ZENODO_10369064,levofloxacin,1947,39,9,27,2,1,0.9,0.9310344827586207,0.1,0.06896551724137931,0.9155172413793105
ZENODO_10369064,levofloxacin,1948,39,15,23,0,1,0.9375,1.0,0.0625,0.0,0.96875
ZENODO_10369064,levofloxacin,1949,39,12,24,1,2,0.8571428571428571,0.96,0.1428571428571428,0.04,0.9085714285714286
ZENODO_10369064,levofloxacin,1950,39,12,21,3,3,0.8,0.875,0.2,0.125,0.8375
ZENODO_10369064,levofloxacin,1951,39,17,21,0,1,0.9444444444444444,1.0,0.0555555555555555,0.0,0.9722222222222222
ZENODO_10369064,levofloxacin,1952,39,17,20,1,1,0.9444444444444444,0.9523809523809523,0.0555555555555555,0.047619047619047616,0.9484126984126984
ZENODO_10369064,levofloxacin,1953,39,17,18,2,2,0.8947368421052632,0.9,0.1052631578947368,0.1,0.8973684210526316
ZENODO_10369064,levofloxacin,1954,39,17,19,0,3,0.85,1.0,0.15,0.0,0.925
ZENODO_10369064,levofloxacin,1955,39,15,18,1,5,0.75,0.9473684210526315,0.25,0.05263157894736842,0.8486842105263157
ZENODO_10369064,levofloxacin,1956,39,17,19,1,2,0.8947368421052632,0.95,0.1052631578947368,0.05,0.9223684210526316
ZENODO_10369064,levofloxacin,1957,39,9,24,2,4,0.6923076923076923,0.9230769230769231,0.3076923076923077,0.07692307692307693,0.8076923076923077
ZENODO_10369064,levofloxacin,1958,39,17,20,2,0,1.0,0.9090909090909091,0.0,0.09090909090909091,0.9545454545454546
ZENODO_10369064,levofloxacin,1959,39,13,22,0,4,0.7647058823529411,1.0,0.2352941176470588,0.0,0.8823529411764706
ZENODO_10369064,levofloxacin,1960,39,20,17,1,1,0.9523809523809523,0.9444444444444444,0.0476190476190476,0.05555555555555555,0.9484126984126984
ZENODO_10369064,levofloxacin,1961,39,12,24,1,2,0.8571428571428571,0.96,0.1428571428571428,0.04,0.9085714285714286
ZENODO_10369064,levofloxacin,1962,39,13,23,1,2,0.8666666666666667,0.9583333333333334,0.1333333333333333,0.041666666666666664,0.9125
ZENODO_10369064,levofloxacin,1963,39,12,22,3,2,0.8571428571428571,0.88,0.1428571428571428,0.12,0.8685714285714285
ZENODO_10369064,levofloxacin,1964,39,13,25,0,1,0.9285714285714286,1.0,0.0714285714285714,0.0,0.9642857142857144
ZENODO_10369064,levofloxacin,1965,39,15,21,0,3,0.8333333333333334,1.0,0.1666666666666666,0.0,0.9166666666666669
ZENODO_10369064,levofloxacin,1966,39,17,19,1,2,0.8947368421052632,0.95,0.1052631578947368,0.05,0.9223684210526316
ZENODO_10369064,levofloxacin,1967,39,13,26,0,0,1.0,1.0,0.0,0.0,1.0
ZENODO_10369064,levofloxacin,1968,39,14,24,1,0,1.0,0.96,0.0,0.04,0.98
ZENODO_10369064,levofloxacin,1969,39,18,20,0,1,0.9473684210526315,1.0,0.0526315789473684,0.0,0.9736842105263156
ZENODO_10369064,levofloxacin,1970,39,12,22,1,4,0.75,0.9565217391304348,0.25,0.043478260869565216,0.8532608695652174
ZENODO_10369064,levofloxacin,1971,39,16,18,2,3,0.8421052631578947,0.9,0.1578947368421052,0.1,0.8710526315789473
ZENODO_10369064,levofloxacin,1972,39,10,28,0,1,0.9090909090909091,1.0,0.0909090909090909,0.0,0.9545454545454546
ZENODO_10369064,levofloxacin,1973,39,19,15,2,3,0.8636363636363636,0.8823529411764706,0.1363636363636363,0.11764705882352941,0.8729946524064172
ZENODO_10369064,levofloxacin,1974,39,16,20,0,3,0.8421052631578947,1.0,0.1578947368421052,0.0,0.9210526315789472
ZENODO_10369064,levofloxacin,1975,39,14,23,1,1,0.9333333333333333,0.9583333333333334,0.0666666666666666,0.041666666666666664,0.9458333333333332
ZENODO_10369064,levofloxacin,1976,39,14,22,1,2,0.875,0.9565217391304348,0.125,0.043478260869565216,0.9157608695652174
ZENODO_10369064,levofloxacin,1977,39,19,18,1,1,0.95,0.9473684210526315,0.05,0.05263157894736842,0.9486842105263158
ZENODO_10369064,levofloxacin,1978,39,13,22,0,4,0.7647058823529411,1.0,0.2352941176470588,0.0,0.8823529411764706
ZENODO_10369064,levofloxacin,1979,39,16,17,2,4,0.8,0.8947368421052632,0.2,0.10526315789473684,0.8473684210526315
ZENODO_10369064,levofloxacin,1980,39,17,21,0,1,0.9444444444444444,1.0,0.0555555555555555,0.0,0.9722222222222222
ZENODO_10369064,levofloxacin,1981,39,15,23,0,1,0.9375,1.0,0.0625,0.0,0.96875
ZENODO_10369064,levofloxacin,1982,39,10,25,4,0,1.0,0.8620689655172413,0.0,0.13793103448275862,0.9310344827586208
ZENODO_10369064,levofloxacin,1983,39,13,25,0,1,0.9285714285714286,1.0,0.0714285714285714,0.0,0.9642857142857144
ZENODO_10369064,levofloxacin,1984,39,7,28,1,3,0.7,0.9655172413793104,0.3,0.034482758620689655,0.8327586206896551
ZENODO_10369064,levofloxacin,1985,39,12,24,1,2,0.8571428571428571,0.96,0.1428571428571428,0.04,0.9085714285714286
ZENODO_10369064,levofloxacin,1986,39,16,20,1,2,0.8888888888888888,0.9523809523809523,0.1111111111111111,0.047619047619047616,0.9206349206349206
ZENODO_10369064,levofloxacin,1987,39,12,23,1,3,0.8,0.9583333333333334,0.2,0.041666666666666664,0.8791666666666667
ZENODO_10369064,levofloxacin,1988,39,13,21,0,5,0.7222222222222222,1.0,0.2777777777777778,0.0,0.8611111111111112
ZENODO_10369064,levofloxacin,1989,39,20,16,0,3,0.8695652173913043,1.0,0.1304347826086956,0.0,0.934782608695652
ZENODO_10369064,levofloxacin,1990,39,11,23,0,5,0.6875,1.0,0.3125,0.0,0.84375
ZENODO_10369064,levofloxacin,1991,39,11,27,0,1,0.9166666666666666,1.0,0.0833333333333333,0.0,0.9583333333333331
ZENODO_10369064,levofloxacin,1992,39,11,24,1,3,0.7857142857142857,0.96,0.2142857142857142,0.04,0.8728571428571428
ZENODO_10369064,levofloxacin,1993,39,14,19,2,4,0.7777777777777778,0.9047619047619048,0.2222222222222222,0.09523809523809523,0.8412698412698413
ZENODO_10369064,levofloxacin,1994,39,12,26,0,1,0.9230769230769231,1.0,0.0769230769230769,0.0,0.9615384615384616
ZENODO_10369064,levofloxacin,1995,39,12,22,3,2,0.8571428571428571,0.88,0.1428571428571428,0.12,0.8685714285714285
ZENODO_10369064,levofloxacin,1996,39,11,25,1,2,0.8461538461538461,0.9615384615384616,0.1538461538461538,0.038461538461538464,0.903846153846154
ZENODO_10369064,levofloxacin,1997,39,19,20,0,0,1.0,1.0,0.0,0.0,1.0
ZENODO_10369064,levofloxacin,1998,39,14,24,1,0,1.0,0.96,0.0,0.04,0.98
ZENODO_10369064,levofloxacin,1999,39,18,21,0,0,1.0,1.0,0.0,0.0,1.0
ZENODO_10369064,levofloxacin,2000,39,15,21,1,2,0.8823529411764706,0.9545454545454546,0.1176470588235294,0.045454545454545456,0.9184491978609626
