dataset_id,isolate_id,lineage_recomputed,clustering_method,core_variable_sites,PC1,PC2,PC3,PC4,PC5,PC6,PC7,PC8,PC9,PC10,development_5nn_distance,development_5nn_percentile
CHINA_NINGXIA_2022,SHZY08,SNP_CLUSTER_01,core_SNP_TruncatedSVD20_KMeans8_fit_HPGP_GLOBAL,217003,88.53885,25.998823,7.5344095,3.8165371,-0.18811303,-0.265891,-0.890057,-1.2804443,0.13049895,-0.24649341,1.0467213711290706,0.9009661835748792
CHINA_NINGXIA_2022,SHZY19,SNP_CLUSTER_01,core_SNP_TruncatedSVD20_KMeans8_fit_HPGP_GLOBAL,217003,89.95428,14.671046,10.954471,0.72707194,-0.3100724,0.4875765,-2.8216279,0.43888974,1.6853242,0.012308406,0.8036620898350681,0.8236714975845411
CHINA_NINGXIA_2022,SHZY38,SNP_CLUSTER_01,core_SNP_TruncatedSVD20_KMeans8_fit_HPGP_GLOBAL,217003,86.98666,10.748355,15.711294,6.9042554,0.07388252,-1.4556572,-1.6194845,-0.5042559,0.5039542,0.5217669,0.4942267879825588,0.6159420289855072
CHINA_NINGXIA_2022,SHZY55,SNP_CLUSTER_01,core_SNP_TruncatedSVD20_KMeans8_fit_HPGP_GLOBAL,217003,90.53551,5.157826,14.005861,-1.5829651,0.47146884,0.86679614,-3.238129,-1.3405468,1.7294303,0.6285977,0.5634355243715063,0.6714975845410628
HPGP_GLOBAL,FRA-007,SNP_CLUSTER_01,core_SNP_TruncatedSVD20_KMeans8_fit_HPGP_GLOBAL,217003,85.78829,4.7280693,19.805363,15.549005,-1.2729601,-1.5342658,2.3613153,-0.41312656,-1.9278388,0.008520472,0.2863820581892961,0.2801932367149758
HPGP_GLOBAL,FRA-011,SNP_CLUSTER_01,core_SNP_TruncatedSVD20_KMeans8_fit_HPGP_GLOBAL,217003,89.298874,-4.3701115,16.403687,5.254105,-0.74017435,1.2470765,0.6601159,-0.8663753,0.80148953,-0.42000377,0.3452308574116794,0.4009661835748792
HPGP_GLOBAL,FRA-012,SNP_CLUSTER_01,core_SNP_TruncatedSVD20_KMeans8_fit_HPGP_GLOBAL,217003,87.91339,-4.1738076,15.27168,8.978384,-1.5027411,3.2247744,3.7171383,2.5389154,1.2597917,-3.4065175,0.716941743005005,0.7729468599033816
HPGP_GLOBAL,FRA-013,SNP_CLUSTER_01,core_SNP_TruncatedSVD20_KMeans8_fit_HPGP_GLOBAL,217003,89.29204,-2.9016337,19.836056,6.796848,-1.09033,4.3371925,-1.4805462,0.8859726,0.8827307,1.965217,0.4230148933697699,0.533816425120773
HPGP_GLOBAL,FRA-014,SNP_CLUSTER_01,core_SNP_TruncatedSVD20_KMeans8_fit_HPGP_GLOBAL,217003,87.91303,-4.173782,15.267352,8.976587,-1.5094254,3.244545,3.7262573,2.5450697,1.2407999,-3.4242496,0.7191138028673907,0.7801932367149759
HPGP_GLOBAL,FRA-015,SNP_CLUSTER_01,core_SNP_TruncatedSVD20_KMeans8_fit_HPGP_GLOBAL,217003,89.55766,-2.7576206,19.326332,7.7009015,-1.1791272,4.167435,-1.233743,0.0668804,0.598708,1.5521848,0.4058131207371732,0.5
HPGP_GLOBAL,FRA-016,SNP_CLUSTER_01,core_SNP_TruncatedSVD20_KMeans8_fit_HPGP_GLOBAL,217003,89.28429,-2.5031927,16.539598,6.6717772,-0.8346679,1.350407,-0.059608728,-2.2717905,0.32135287,-0.65297526,0.3750167543564218,0.4541062801932367
HPGP_GLOBAL,FRA-021,SNP_CLUSTER_01,core_SNP_TruncatedSVD20_KMeans8_fit_HPGP_GLOBAL,217003,90.09456,-5.850355,15.9235935,3.8124547,-1.0217698,1.6599097,-0.40660736,-0.49237907,1.4989357,-1.2104645,0.4150809971191176,0.5241545893719807
HPGP_GLOBAL,GER-004,SNP_CLUSTER_01,core_SNP_TruncatedSVD20_KMeans8_fit_HPGP_GLOBAL,217003,88.848564,0.0025401104,21.264595,7.466748,-0.6681617,1.5482249,-3.2285585,-1.7905682,2.6056798,0.36375192,0.2518699256649839,0.1980676328502415
HPGP_GLOBAL,GER-005,SNP_CLUSTER_01,core_SNP_TruncatedSVD20_KMeans8_fit_HPGP_GLOBAL,217003,85.89801,2.5103447,19.354671,12.073676,-1.1747407,0.6974428,1.7494649,-0.21368718,0.07286694,-0.6640376,0.3890808008278951,0.4685990338164251
HPGP_GLOBAL,GER-006,SNP_CLUSTER_01,core_SNP_TruncatedSVD20_KMeans8_fit_HPGP_GLOBAL,217003,89.0754,-2.7720275,21.861778,2.6888382,0.3149752,0.77072304,-4.566564,-2.9098854,2.4411628,1.0150707,0.2954281324155909,0.2995169082125604
HPGP_GLOBAL,GER-010,SNP_CLUSTER_01,core_SNP_TruncatedSVD20_KMeans8_fit_HPGP_GLOBAL,217003,87.17335,2.5752168,19.37411,12.2568445,-1.2824618,-0.18580312,1.0421085,0.23260736,0.3418853,0.432734,0.2478199189525821,0.181159420289855
HPGP_GLOBAL,GER-012,SNP_CLUSTER_01,core_SNP_TruncatedSVD20_KMeans8_fit_HPGP_GLOBAL,217003,87.115456,4.315136,19.575937,14.342922,-1.4328532,-0.54406136,1.7103385,0.4019007,-0.7958211,-0.867941,0.3069498315908134,0.3188405797101449
HPGP_GLOBAL,GER-013,SNP_CLUSTER_01,core_SNP_TruncatedSVD20_KMeans8_fit_HPGP_GLOBAL,217003,87.16671,1.1257124,17.872734,11.446681,-1.6107816,-2.0250459,0.98713565,-1.7122623,-0.6606188,-0.62843084,0.4093178454145242,0.5144927536231884
HPGP_GLOBAL,GER-015,SNP_CLUSTER_01,core_SNP_TruncatedSVD20_KMeans8_fit_HPGP_GLOBAL,217003,85.16867,5.6470723,19.71926,14.516647,-1.5277299,-1.2072322,1.3842028,0.76937896,-1.1485482,-0.35076016,0.3145413533741449,0.3429951690821256
HPGP_GLOBAL,GER-019,SNP_CLUSTER_01,core_SNP_TruncatedSVD20_KMeans8_fit_HPGP_GLOBAL,217003,88.60362,-3.2378383,17.074675,5.1470294,-0.14549604,1.2905961,-1.0126626,-0.91900396,-1.1349592,0.7581922,0.4250447210538578,0.5410628019323671
HPGP_GLOBAL,GER-021,SNP_CLUSTER_01,core_SNP_TruncatedSVD20_KMeans8_fit_HPGP_GLOBAL,217003,85.441444,2.9153907,17.485147,13.94013,-0.6439922,-1.3827084,2.9740703,1.4439659,-0.7683618,0.35895053,0.3750073514716734,0.4516908212560386
HPGP_GLOBAL,GRE-001,SNP_CLUSTER_01,core_SNP_TruncatedSVD20_KMeans8_fit_HPGP_GLOBAL,217003,90.613235,-4.717853,20.631155,2.0076215,-0.30930215,2.7028348,-4.6208243,-2.184285,2.895434,1.0830106,0.2720692617160817,0.251207729468599
HPGP_GLOBAL,GRE-004,SNP_CLUSTER_01,core_SNP_TruncatedSVD20_KMeans8_fit_HPGP_GLOBAL,217003,90.18585,-5.5448823,21.543411,1.8441328,-0.4147109,3.8458729,-5.354157,-3.0644276,2.5442386,1.6707956,0.307795623796009,0.3285024154589372
HPGP_GLOBAL,GRE-008,SNP_CLUSTER_01,core_SNP_TruncatedSVD20_KMeans8_fit_HPGP_GLOBAL,217003,89.46683,-2.5928297,20.679129,3.512387,0.08227847,1.8938932,-3.8388956,-0.99645114,3.123575,2.5710742,0.2730177609572372,0.2536231884057971
HPGP_GLOBAL,GRE-012,SNP_CLUSTER_01,core_SNP_TruncatedSVD20_KMeans8_fit_HPGP_GLOBAL,217003,89.99519,-3.8205962,20.33954,3.0833728,-0.32853797,2.6984277,-2.755047,-0.97865206,1.6408776,0.95397544,0.2706804032394199,0.2439613526570048
HPGP_GLOBAL,GRE-019,SNP_CLUSTER_01,core_SNP_TruncatedSVD20_KMeans8_fit_HPGP_GLOBAL,217003,90.08169,-3.8219223,20.470873,3.108668,-0.29201698,1.9778901,-2.9069905,-1.4777894,1.6529204,2.053044,0.2503731994501257,0.1884057971014492
HPGP_GLOBAL,GRE-020,SNP_CLUSTER_01,core_SNP_TruncatedSVD20_KMeans8_fit_HPGP_GLOBAL,217003,90.70187,-5.8585706,20.951683,0.6390351,-0.065997,2.323576,-5.169487,-3.1390789,3.5092297,1.0979444,0.2828197928258118,0.2657004830917874
HPGP_GLOBAL,GRE-044,SNP_CLUSTER_01,core_SNP_TruncatedSVD20_KMeans8_fit_HPGP_GLOBAL,217003,88.4337,-1.5591967,18.659786,4.8823824,0.034084562,1.6718574,-3.2025502,-1.8893628,1.7677505,1.3865151,0.2523337241878433,0.2053140096618357
HPGP_GLOBAL,IND-005,SNP_CLUSTER_01,core_SNP_TruncatedSVD20_KMeans8_fit_HPGP_GLOBAL,217003,90.27471,-2.4600742,15.757931,2.211221,0.4720455,2.1612487,-3.7433796,-2.4140925,1.6817003,-0.5663704,0.3923748189507766,0.4710144927536231
HPGP_GLOBAL,IND-006,SNP_CLUSTER_01,core_SNP_TruncatedSVD20_KMeans8_fit_HPGP_GLOBAL,217003,92.86982,-3.0972211,13.242158,1.9662673,0.8338426,3.0104878,-5.424179,-1.620977,2.7296596,1.6852438,0.6236924531820703,0.7222222222222222
HPGP_GLOBAL,IND-007,SNP_CLUSTER_01,core_SNP_TruncatedSVD20_KMeans8_fit_HPGP_GLOBAL,217003,85.391136,30.554253,8.111919,27.82357,-0.84150076,-10.073001,10.590035,0.5740232,-6.472872,-6.805954,0.8755792175818196,0.8671497584541062
HPGP_GLOBAL,IND-008,SNP_CLUSTER_01,core_SNP_TruncatedSVD20_KMeans8_fit_HPGP_GLOBAL,217003,85.2891,24.216686,9.962752,23.06726,-0.69154716,-8.273758,8.759896,1.8611529,-4.8589883,-5.25975,0.7716346007976436,0.8091787439613527
HPGP_GLOBAL,IND-009,SNP_CLUSTER_01,core_SNP_TruncatedSVD20_KMeans8_fit_HPGP_GLOBAL,217003,84.79791,28.450369,8.058305,26.867104,-0.6354557,-8.732834,9.3345585,1.296186,-6.4814343,-6.8688555,0.7715830256224573,0.8067632850241546
HPGP_GLOBAL,ISL-002,SNP_CLUSTER_01,core_SNP_TruncatedSVD20_KMeans8_fit_HPGP_GLOBAL,217003,77.85742,24.95524,18.822468,39.501244,-3.4826152,-11.218864,13.464037,3.033003,-8.250892,-3.8872023,0.5430637955183032,0.6521739130434783
HPGP_GLOBAL,ISL-004,SNP_CLUSTER_01,core_SNP_TruncatedSVD20_KMeans8_fit_HPGP_GLOBAL,217003,78.10589,24.752634,18.446915,39.47326,-3.5470877,-11.793619,13.450763,2.6220534,-7.830501,-3.5871568,0.5315954359858405,0.644927536231884
HPGP_GLOBAL,ISL-005,SNP_CLUSTER_01,core_SNP_TruncatedSVD20_KMeans8_fit_HPGP_GLOBAL,217003,78.40366,24.307596,18.998455,38.66997,-3.295036,-11.596868,13.350606,2.9861276,-7.775094,-4.062922,0.5332781654986821,0.6497584541062802
HPGP_GLOBAL,ISL-007,SNP_CLUSTER_01,core_SNP_TruncatedSVD20_KMeans8_fit_HPGP_GLOBAL,217003,77.72489,25.193953,18.724758,39.68828,-3.5849946,-11.423075,13.342956,2.7057943,-7.1873565,-4.3975754,0.5849072554378152,0.6956521739130435
HPGP_GLOBAL,ISL-009,SNP_CLUSTER_01,core_SNP_TruncatedSVD20_KMeans8_fit_HPGP_GLOBAL,217003,78.15479,25.365982,19.038694,39.431046,-3.7038374,-11.957806,13.857938,3.3672917,-8.469993,-3.59988,0.5660482274679396,0.6739130434782609
HPGP_GLOBAL,ISR-006,SNP_CLUSTER_01,core_SNP_TruncatedSVD20_KMeans8_fit_HPGP_GLOBAL,217003,88.3199,-0.87608075,20.368578,6.8918915,-0.6265137,1.2538574,-3.435254,-2.0435684,1.392404,1.5670421,0.2311574382575919,0.1570048309178744
HPGP_GLOBAL,ITA-004,SNP_CLUSTER_01,core_SNP_TruncatedSVD20_KMeans8_fit_HPGP_GLOBAL,217003,89.81785,-5.02105,20.689089,2.8540297,-0.29877868,3.4891794,-3.4893506,-2.9262679,2.9127383,2.2611053,0.3112683636418694,0.3357487922705314
HPGP_GLOBAL,ITA-007,SNP_CLUSTER_01,core_SNP_TruncatedSVD20_KMeans8_fit_HPGP_GLOBAL,217003,88.94851,-5.1457415,19.41598,3.4357631,-0.3868022,3.489503,-2.4467027,-1.1710712,2.8311162,2.599424,0.3119699868691062,0.3381642512077294
HPGP_GLOBAL,ITA-008,SNP_CLUSTER_01,core_SNP_TruncatedSVD20_KMeans8_fit_HPGP_GLOBAL,217003,88.642265,-0.6549023,18.682528,9.329587,-0.7384444,1.3712381,-1.2251823,0.45029667,1.6684852,1.1381725,0.3179530552253323,0.3454106280193236
HPGP_GLOBAL,ITA-009,SNP_CLUSTER_01,core_SNP_TruncatedSVD20_KMeans8_fit_HPGP_GLOBAL,217003,90.09933,-5.8117213,16.991716,2.9604354,-0.43768233,2.976685,-2.4165792,0.31184104,2.8000865,0.30501884,0.3534721230853421,0.4130434782608695
HPGP_GLOBAL,ITA-012,SNP_CLUSTER_01,core_SNP_TruncatedSVD20_KMeans8_fit_HPGP_GLOBAL,217003,89.367325,-3.2415626,17.410395,4.728454,-0.8383833,2.1881833,-0.8462977,-0.5416809,2.503164,0.9068884,0.3768694933534245,0.4565217391304347
HPGP_GLOBAL,ITA-013,SNP_CLUSTER_01,core_SNP_TruncatedSVD20_KMeans8_fit_HPGP_GLOBAL,217003,90.20464,-6.3308997,19.921352,0.94387394,-0.40804166,3.355057,-4.4466834,-1.4891768,1.0657042,0.4400851,0.3628057794227342,0.4347826086956521
HPGP_GLOBAL,ITA-015,SNP_CLUSTER_01,core_SNP_TruncatedSVD20_KMeans8_fit_HPGP_GLOBAL,217003,90.21924,-2.618663,18.538435,4.713925,-0.39688727,2.7254128,-2.2219903,-1.2322162,1.3535174,3.1003804,0.3550853171818441,0.4154589371980676
HPGP_GLOBAL,ITA-016,SNP_CLUSTER_01,core_SNP_TruncatedSVD20_KMeans8_fit_HPGP_GLOBAL,217003,89.36526,-4.039114,18.060055,4.1234508,-0.8435199,4.291529,-2.3475008,-0.9342193,4.1327147,1.2664171,0.3650614973756269,0.4396135265700483
HPGP_GLOBAL,ITA-022,SNP_CLUSTER_01,core_SNP_TruncatedSVD20_KMeans8_fit_HPGP_GLOBAL,217003,88.78651,1.772375,20.45087,9.03411,-0.84129596,1.49435,-2.0967028,-0.4717971,1.2559495,1.2751285,0.2993369971711256,0.3067632850241545
HPGP_GLOBAL,ITA-026,SNP_CLUSTER_01,core_SNP_TruncatedSVD20_KMeans8_fit_HPGP_GLOBAL,217003,88.87215,-4.8060374,17.60193,4.642865,-1.1118158,3.8709574,-4.3019137,-1.8275452,4.568959,2.7837167,0.3926780708980639,0.4734299516908212
HPGP_GLOBAL,ITA-027,SNP_CLUSTER_01,core_SNP_TruncatedSVD20_KMeans8_fit_HPGP_GLOBAL,217003,88.40999,-2.194228,20.921165,4.5735226,-0.07293318,2.5504105,-3.263431,-0.9133138,2.0409224,3.0992248,0.3081632487838087,0.3333333333333333
HPGP_GLOBAL,ITA-028,SNP_CLUSTER_01,core_SNP_TruncatedSVD20_KMeans8_fit_HPGP_GLOBAL,217003,89.54383,-2.5707505,21.188433,6.486653,-0.73688984,1.1181085,-3.8769617,-1.7581666,3.020711,1.4444449,0.2380966582407157,0.1666666666666666
HPGP_GLOBAL,ITA-030,SNP_CLUSTER_01,core_SNP_TruncatedSVD20_KMeans8_fit_HPGP_GLOBAL,217003,88.55324,-2.0728693,18.196337,7.4129415,-0.9167817,0.63338125,-1.1815623,-0.870395,0.9960085,0.033652347,0.3266963968194457,0.359903381642512
HPGP_GLOBAL,KAZ-001,SNP_CLUSTER_01,core_SNP_TruncatedSVD20_KMeans8_fit_HPGP_GLOBAL,217003,90.17625,-5.244645,19.238657,3.016879,-0.41440794,2.5598254,-2.863627,-1.3024275,2.6515393,1.4036714,0.2510958508573059,0.1932367149758454
HPGP_GLOBAL,KGZ-001,SNP_CLUSTER_01,core_SNP_TruncatedSVD20_KMeans8_fit_HPGP_GLOBAL,217003,90.172424,0.5265025,19.055004,0.9560499,0.021004912,0.76333624,-5.1381025,-1.6656214,2.3387427,1.1215703,0.3308866313279738,0.3719806763285024
HPGP_GLOBAL,KGZ-004,SNP_CLUSTER_01,core_SNP_TruncatedSVD20_KMeans8_fit_HPGP_GLOBAL,217003,86.325134,32.882687,7.3426476,14.469265,-1.5701958,-5.1034694,3.865503,1.4192656,-1.6728513,-0.4170345,0.9415856299447546,0.8816425120772947
HPGP_GLOBAL,KGZ-009,SNP_CLUSTER_01,core_SNP_TruncatedSVD20_KMeans8_fit_HPGP_GLOBAL,217003,88.08239,6.265572,18.360676,6.283402,0.11538512,-0.9612184,-1.6633526,-2.0496135,2.5560253,0.34861404,0.4393034766270405,0.5579710144927537
HPGP_GLOBAL,KGZ-010,SNP_CLUSTER_01,core_SNP_TruncatedSVD20_KMeans8_fit_HPGP_GLOBAL,217003,86.9545,27.061958,9.946686,14.234057,-1.4805335,-4.051335,2.6742861,0.07587613,-0.8469344,-1.0639931,0.7418202838939918,0.7874396135265701
HPGP_GLOBAL,LAT-002,SNP_CLUSTER_01,core_SNP_TruncatedSVD20_KMeans8_fit_HPGP_GLOBAL,217003,88.251495,-1.0868869,21.466253,6.1664276,-1.3542105,0.3745952,-3.6392257,-2.3487322,1.204218,1.6753724,0.2649506583917531,0.2318840579710145
HPGP_GLOBAL,LAT-003,SNP_CLUSTER_01,core_SNP_TruncatedSVD20_KMeans8_fit_HPGP_GLOBAL,217003,90.37506,-1.2370107,19.98569,2.2165496,0.11026934,0.9449262,-5.0720887,-2.0986173,1.9293643,0.7778502,0.297739907813392,0.3043478260869565
HPGP_GLOBAL,LAT-009,SNP_CLUSTER_01,core_SNP_TruncatedSVD20_KMeans8_fit_HPGP_GLOBAL,217003,87.1688,2.9086592,20.115253,12.953657,-1.5537827,-1.2950203,0.2447867,-0.25454554,1.4757328,0.78641176,0.201740213912682,0.1280193236714976
HPGP_GLOBAL,LAT-014,SNP_CLUSTER_01,core_SNP_TruncatedSVD20_KMeans8_fit_HPGP_GLOBAL,217003,85.36248,6.624467,20.457264,16.553308,-1.7966487,-2.4915898,1.5694232,-0.48469695,-1.5195467,0.21008983,0.2796053263920687,0.2632850241545894
HPGP_GLOBAL,LAT-015,SNP_CLUSTER_01,core_SNP_TruncatedSVD20_KMeans8_fit_HPGP_GLOBAL,217003,83.9645,10.365194,20.049347,21.291653,-2.1403232,-4.2690854,5.578445,1.4101146,-3.4193401,0.7939433,0.2520050657666387,0.2004830917874396
HPGP_GLOBAL,LAT-017,SNP_CLUSTER_01,core_SNP_TruncatedSVD20_KMeans8_fit_HPGP_GLOBAL,217003,86.97138,3.646045,19.994637,12.617165,-1.1843042,-1.5371901,-1.8051114,-0.7836438,0.97224253,0.70341474,0.2638443656370057,0.2270531400966183
HPGP_GLOBAL,LAT-018,SNP_CLUSTER_01,core_SNP_TruncatedSVD20_KMeans8_fit_HPGP_GLOBAL,217003,85.71872,7.739852,20.642384,18.806416,-2.7655559,-2.7841914,4.6200714,1.507532,-1.2704289,0.7025269,0.4914546962550403,0.6135265700483091
HPGP_GLOBAL,LAT-019,SNP_CLUSTER_01,core_SNP_TruncatedSVD20_KMeans8_fit_HPGP_GLOBAL,217003,84.52181,9.839751,19.785944,22.481077,-2.4848955,-3.8060973,5.0835767,0.84619147,-2.8933384,0.09325791,0.2718731529654907,0.2487922705314009
HPGP_GLOBAL,LAT-021,SNP_CLUSTER_01,core_SNP_TruncatedSVD20_KMeans8_fit_HPGP_GLOBAL,217003,84.844955,9.560985,20.10175,20.616983,-2.2637162,-3.7700315,4.753545,0.13675657,-3.228219,0.014144729,0.3250979439066393,0.3526570048309179
HPGP_GLOBAL,LAT-023,SNP_CLUSTER_01,core_SNP_TruncatedSVD20_KMeans8_fit_HPGP_GLOBAL,217003,87.06198,3.7422144,20.768059,13.500931,-0.749446,-1.7367604,0.41035315,0.772806,0.1140075,-0.8745418,0.290776350949767,0.2898550724637681
HPGP_GLOBAL,LAT-024,SNP_CLUSTER_01,core_SNP_TruncatedSVD20_KMeans8_fit_HPGP_GLOBAL,217003,83.39831,12.33287,18.906473,22.787416,-2.7363205,-4.8399496,5.7816105,0.9049705,-3.9080412,-0.4154428,0.341929545119796,0.3961352657004831
HPGP_GLOBAL,LAT-026,SNP_CLUSTER_01,core_SNP_TruncatedSVD20_KMeans8_fit_HPGP_GLOBAL,217003,86.419106,4.5175385,20.659168,11.43189,-0.7694308,-0.50787795,-0.8977004,-0.12648176,0.96753246,1.7185097,0.2450274377598832,0.1763285024154589
HPGP_GLOBAL,LAT-027,SNP_CLUSTER_01,core_SNP_TruncatedSVD20_KMeans8_fit_HPGP_GLOBAL,217003,86.27455,11.024089,17.712856,14.638728,-1.2401646,-1.8284215,1.2179711,0.7103016,-0.543978,0.6541209,0.2734144821487594,0.2560386473429952
HPGP_GLOBAL,LAT-029,SNP_CLUSTER_01,core_SNP_TruncatedSVD20_KMeans8_fit_HPGP_GLOBAL,217003,87.164276,11.820537,15.728866,11.09543,0.026770871,-1.4102865,-0.6392123,-0.101913705,0.48552024,0.16173077,0.4233683650958287,0.5362318840579711
HPGP_GLOBAL,LIT-001,SNP_CLUSTER_01,core_SNP_TruncatedSVD20_KMeans8_fit_HPGP_GLOBAL,217003,89.17262,-0.9255622,21.266909,8.60447,-1.0697376,0.19365658,-3.166164,-1.5897636,3.4786665,-0.0010489693,0.3277506763397911,0.3671497584541063
HPGP_GLOBAL,LIT-003,SNP_CLUSTER_01,core_SNP_TruncatedSVD20_KMeans8_fit_HPGP_GLOBAL,217003,86.23825,6.7032995,20.415169,14.982751,-1.5397553,-2.3514192,1.0004759,2.070417,0.056031384,-0.035901725,0.2893459619972671,0.28743961352657
HPGP_GLOBAL,LIT-006,SNP_CLUSTER_01,core_SNP_TruncatedSVD20_KMeans8_fit_HPGP_GLOBAL,217003,88.0674,1.3947827,20.474203,9.15932,-1.5719119,-0.45313916,-2.1346974,-0.5700019,1.848433,1.5188727,0.2620651475907928,0.2222222222222222
HPGP_GLOBAL,LIT-008,SNP_CLUSTER_01,core_SNP_TruncatedSVD20_KMeans8_fit_HPGP_GLOBAL,217003,88.1937,1.3983375,20.556818,8.403416,-1.3650836,-1.6799487,-2.6034346,-0.12544706,1.4244789,1.1830565,0.3277278508424166,0.3647342995169082
HPGP_GLOBAL,LIT-010,SNP_CLUSTER_01,core_SNP_TruncatedSVD20_KMeans8_fit_HPGP_GLOBAL,217003,86.07477,6.436462,20.02365,15.666494,-1.7629552,-2.477996,1.4450725,0.20105168,-1.0123124,1.0186934,0.2276947821748352,0.1400966183574879
HPGP_GLOBAL,LIT-013,SNP_CLUSTER_01,core_SNP_TruncatedSVD20_KMeans8_fit_HPGP_GLOBAL,217003,86.75953,3.2368433,21.013414,11.771011,-1.6430115,-0.8214514,-0.4426979,-0.58469105,1.0794601,1.8756167,0.2294224248384103,0.144927536231884
HPGP_GLOBAL,LIT-020,SNP_CLUSTER_01,core_SNP_TruncatedSVD20_KMeans8_fit_HPGP_GLOBAL,217003,87.21233,3.6437857,20.410387,13.281608,-1.1919467,-2.1066616,-0.11565937,-0.17096747,0.8638895,0.16877754,0.2349044726181223,0.1618357487922705
HPGP_GLOBAL,LIT-021,SNP_CLUSTER_01,core_SNP_TruncatedSVD20_KMeans8_fit_HPGP_GLOBAL,217003,83.96269,10.895718,20.331882,22.45317,-2.6229796,-4.9067793,5.4272876,0.47833216,-2.6316261,0.8518512,0.2851126021325353,0.2753623188405797
HPGP_GLOBAL,LIT-025,SNP_CLUSTER_01,core_SNP_TruncatedSVD20_KMeans8_fit_HPGP_GLOBAL,217003,86.48406,6.7192316,19.925169,15.770919,-1.904361,-1.9341402,1.5395521,0.9167377,-0.17221607,0.36383355,0.2041453760529069,0.1304347826086956
HPGP_GLOBAL,LIT-028,SNP_CLUSTER_01,core_SNP_TruncatedSVD20_KMeans8_fit_HPGP_GLOBAL,217003,86.16268,5.5805764,20.65665,16.547932,-1.7345443,-1.5033095,1.2638681,-0.24254927,-0.4629936,0.4904304,0.2310298157945136,0.1545893719806763
HPGP_GLOBAL,LIT-032,SNP_CLUSTER_01,core_SNP_TruncatedSVD20_KMeans8_fit_HPGP_GLOBAL,217003,87.011765,3.7579007,20.407604,12.750072,-1.4173797,-0.9274752,1.9777898,0.28477478,0.82016814,-0.39031476,0.2708555014464678,0.2463768115942029
HPGP_GLOBAL,LIT-041,SNP_CLUSTER_01,core_SNP_TruncatedSVD20_KMeans8_fit_HPGP_GLOBAL,217003,87.09518,7.700648,18.418406,14.995235,-1.5647451,-2.5428917,2.03867,0.6074628,-1.6088806,-1.049219,0.3613377757536522,0.429951690821256
HPGP_GLOBAL,MAL-019,SNP_CLUSTER_01,core_SNP_TruncatedSVD20_KMeans8_fit_HPGP_GLOBAL,217003,85.04368,30.805843,7.64927,26.884254,-0.8098519,-9.465329,10.164724,1.2677205,-6.000455,-7.140635,0.8022721362047424,0.8236714975845411
HPGP_GLOBAL,POL-004,SNP_CLUSTER_01,core_SNP_TruncatedSVD20_KMeans8_fit_HPGP_GLOBAL,217003,89.211784,-1.7573819,20.59041,4.9059696,-0.4123705,0.82931274,-4.06524,-1.1561295,1.0370344,0.59800035,0.2780072377899318,0.2584541062801932
HPGP_GLOBAL,POL-005,SNP_CLUSTER_01,core_SNP_TruncatedSVD20_KMeans8_fit_HPGP_GLOBAL,217003,88.257324,-1.7069091,21.604921,6.4555144,-1.1216834,0.71715987,-4.0394745,-2.1373124,2.33885,-0.2696642,0.2909164327574723,0.2922705314009662
HPGP_GLOBAL,POL-006,SNP_CLUSTER_01,core_SNP_TruncatedSVD20_KMeans8_fit_HPGP_GLOBAL,217003,89.61195,-2.04884,21.396324,3.9905152,-0.50493675,-0.1308873,-2.841827,-2.4464018,2.5734305,1.0930729,0.2962501253193402,0.3019323671497584
HPGP_GLOBAL,POL-007,SNP_CLUSTER_01,core_SNP_TruncatedSVD20_KMeans8_fit_HPGP_GLOBAL,217003,88.71581,-1.8516358,20.557734,5.4805765,-1.194127,1.0754284,-3.0412498,-1.9880037,3.7186267,1.9775765,0.2891962399957941,0.2850241545893719
HPGP_GLOBAL,POL-008,SNP_CLUSTER_01,core_SNP_TruncatedSVD20_KMeans8_fit_HPGP_GLOBAL,217003,89.431595,-0.49176213,20.091476,6.1614914,-0.7618016,1.3242385,-3.2447171,-2.076556,2.1298234,-0.23765545,0.2541066206918789,0.2125603864734299
HPGP_GLOBAL,POL-009,SNP_CLUSTER_01,core_SNP_TruncatedSVD20_KMeans8_fit_HPGP_GLOBAL,217003,88.126015,0.2586906,20.357286,9.32278,-0.58736205,0.33318916,-0.7992758,-0.14531219,1.46437,-0.9661785,0.3735419505038003,0.4492753623188406
HPGP_GLOBAL,POL-010,SNP_CLUSTER_01,core_SNP_TruncatedSVD20_KMeans8_fit_HPGP_GLOBAL,217003,89.141045,-2.5715556,21.282997,5.556994,-0.62540054,1.8314508,-3.7905931,-2.2347052,1.9961756,2.6093955,0.2637024168241144,0.2246376811594203
HPGP_GLOBAL,POL-104,SNP_CLUSTER_01,core_SNP_TruncatedSVD20_KMeans8_fit_HPGP_GLOBAL,217003,86.22981,4.724761,19.416807,15.003319,-1.5807676,-1.3298308,0.9962443,0.56005883,0.17425185,0.67361367,0.2308645041336764,0.1497584541062802
HPGP_GLOBAL,POL-105,SNP_CLUSTER_01,core_SNP_TruncatedSVD20_KMeans8_fit_HPGP_GLOBAL,217003,87.13668,3.218982,20.68099,12.403962,-1.4837742,-0.22760561,0.18804775,0.12663911,1.8488462,-0.09402968,0.24862422348336,0.1835748792270531
HPGP_GLOBAL,POL-106,SNP_CLUSTER_01,core_SNP_TruncatedSVD20_KMeans8_fit_HPGP_GLOBAL,217003,89.20236,-1.8886577,22.614304,7.4205494,-1.0695567,2.3388667,-9.033591,-4.0948753,6.549219,7.6975884,0.8136659976416822,0.8285024154589372
HPGP_GLOBAL,POL-108,SNP_CLUSTER_01,core_SNP_TruncatedSVD20_KMeans8_fit_HPGP_GLOBAL,217003,89.22399,-1.8620037,22.608644,7.4293246,-1.0956032,2.3511856,-9.086962,-4.0940146,6.533824,7.7306514,0.8176958971718034,0.8357487922705314
HPGP_GLOBAL,POL-110,SNP_CLUSTER_01,core_SNP_TruncatedSVD20_KMeans8_fit_HPGP_GLOBAL,217003,89.11271,-2.2837574,21.324026,5.4369574,-0.6022183,0.9687621,-6.1386156,-3.7197056,3.9250448,3.2362554,0.4820480945217674,0.6086956521739131
HPGP_GLOBAL,RUS-001,SNP_CLUSTER_01,core_SNP_TruncatedSVD20_KMeans8_fit_HPGP_GLOBAL,217003,87.56584,2.6446412,20.430635,10.565071,-1.1671613,1.4333398,-0.7418659,-0.91081864,1.3500286,1.5075521,0.3390096254728783,0.391304347826087
HPGP_GLOBAL,RUS-003,SNP_CLUSTER_01,core_SNP_TruncatedSVD20_KMeans8_fit_HPGP_GLOBAL,217003,87.13436,2.23212,22.004179,10.540543,-0.81868744,-0.115695104,-2.125955,-1.9650414,1.75311,0.43245316,0.3203493371349197,0.3478260869565217
HPGP_GLOBAL,RUS-004,SNP_CLUSTER_01,core_SNP_TruncatedSVD20_KMeans8_fit_HPGP_GLOBAL,217003,87.12522,4.0540237,19.113401,11.661542,-1.1929984,-0.9318928,-0.06306596,-0.60147864,1.4425935,1.1006578,0.2177746089498768,0.1328502415458937
HPGP_GLOBAL,RUS-007,SNP_CLUSTER_01,core_SNP_TruncatedSVD20_KMeans8_fit_HPGP_GLOBAL,217003,87.628815,5.4867215,20.250662,13.219355,-1.1435864,-0.6934082,-0.077128746,-0.42636272,0.31944507,0.80374914,0.2514011200489359,0.1956521739130435
HPGP_GLOBAL,RUS-011,SNP_CLUSTER_01,core_SNP_TruncatedSVD20_KMeans8_fit_HPGP_GLOBAL,217003,87.717575,1.6882604,20.583,7.1045876,-0.3457587,0.3025888,-2.863473,-1.3021443,1.2239158,0.34213376,0.3072325555225645,0.323671497584541
HPGP_GLOBAL,SPA-101,SNP_CLUSTER_01,core_SNP_TruncatedSVD20_KMeans8_fit_HPGP_GLOBAL,217003,89.28597,-4.342243,21.56005,2.0203407,0.0370823,1.0982893,-3.8283863,-1.6498803,2.8396919,1.9111956,0.2835484330659402,0.2681159420289855
HPGP_GLOBAL,SPA-504,SNP_CLUSTER_01,core_SNP_TruncatedSVD20_KMeans8_fit_HPGP_GLOBAL,217003,89.56289,-2.948997,20.778988,5.863879,-0.28300303,2.685482,-4.3760824,-1.3365284,3.3888412,1.8115788,0.2838704102281679,0.2705314009661835
HPGP_GLOBAL,SPA-806,SNP_CLUSTER_01,core_SNP_TruncatedSVD20_KMeans8_fit_HPGP_GLOBAL,217003,88.059975,1.4219216,21.832596,10.516099,-0.72911716,-0.07119197,-2.262564,-1.089987,1.2638248,0.7019423,0.2842669817732012,0.2729468599033816
HPGP_GLOBAL,SWE-008,SNP_CLUSTER_01,core_SNP_TruncatedSVD20_KMeans8_fit_HPGP_GLOBAL,217003,83.75961,10.428355,17.809547,21.56393,-2.0589662,-5.566359,7.318804,2.4717374,-1.6821058,-2.5526185,0.5607745053100321,0.6690821256038647
HPGP_GLOBAL,SWE-010,SNP_CLUSTER_01,core_SNP_TruncatedSVD20_KMeans8_fit_HPGP_GLOBAL,217003,83.6557,9.449226,18.460585,20.276741,-1.9075513,-3.8192642,6.371506,1.707882,-2.8159828,0.392791,0.3355074233223533,0.3840579710144927
HPGP_GLOBAL,SWE-015,SNP_CLUSTER_01,core_SNP_TruncatedSVD20_KMeans8_fit_HPGP_GLOBAL,217003,85.31431,6.2292128,17.473856,17.909163,-1.7877026,-3.2734342,3.5237207,-0.3012029,-2.9316282,-0.14959916,0.4036826854990051,0.4927536231884058
HPGP_GLOBAL,SWE-016,SNP_CLUSTER_01,core_SNP_TruncatedSVD20_KMeans8_fit_HPGP_GLOBAL,217003,84.67697,6.137432,17.920479,16.532192,-1.665909,-2.7548952,4.719431,0.57219654,-1.7237357,-2.27228,0.4613402119653275,0.5748792270531401
HPGP_GLOBAL,SWE-026,SNP_CLUSTER_01,core_SNP_TruncatedSVD20_KMeans8_fit_HPGP_GLOBAL,217003,85.451294,6.9493513,18.263966,15.231531,-1.831861,-3.295086,3.953684,-0.22732075,-1.6786089,-2.3330815,0.4197691912810996,0.5265700483091788
HPGP_GLOBAL,SWE-028,SNP_CLUSTER_01,core_SNP_TruncatedSVD20_KMeans8_fit_HPGP_GLOBAL,217003,81.82288,12.058128,17.65075,23.975233,-2.867215,-5.0370417,7.198175,1.3296221,-4.5845,-0.46933505,0.5971286251588511,0.7077294685990339
HPGP_GLOBAL,SWE-031,SNP_CLUSTER_01,core_SNP_TruncatedSVD20_KMeans8_fit_HPGP_GLOBAL,217003,84.5293,7.273155,17.643492,19.203026,-2.1982145,-3.9034529,7.0311904,1.0501275,-3.6866999,-2.2518063,0.4974658728403148,0.6231884057971014
HPGP_GLOBAL,SWT-002,SNP_CLUSTER_01,core_SNP_TruncatedSVD20_KMeans8_fit_HPGP_GLOBAL,217003,89.70334,-2.2247517,21.291883,5.3977637,-0.23839502,1.3806522,-4.324447,-1.9169842,2.3964489,0.39033377,0.2309954592362476,0.1521739130434782
HPGP_GLOBAL,SWT-004,SNP_CLUSTER_01,core_SNP_TruncatedSVD20_KMeans8_fit_HPGP_GLOBAL,217003,86.7963,2.9629166,20.003534,10.642659,-0.34069756,-0.6205883,-1.7655574,-0.76076984,-0.37518412,1.8782407,0.3392558259104958,0.393719806763285
HPGP_GLOBAL,SWT-006,SNP_CLUSTER_01,core_SNP_TruncatedSVD20_KMeans8_fit_HPGP_GLOBAL,217003,89.52648,-2.6100025,20.582165,4.398435,-0.058558255,1.7122631,-3.8888752,-2.740442,1.9095215,0.6974303,0.2456744109474662,0.178743961352657
HPGP_GLOBAL,SWT-008,SNP_CLUSTER_01,core_SNP_TruncatedSVD20_KMeans8_fit_HPGP_GLOBAL,217003,89.2057,-2.9774206,20.499334,4.972388,0.0040006107,0.81157845,-3.3662174,-1.9718843,2.755854,1.9347485,0.2286730811017522,0.1425120772946859
HPGP_GLOBAL,SWT-011,SNP_CLUSTER_01,core_SNP_TruncatedSVD20_KMeans8_fit_HPGP_GLOBAL,217003,86.09274,1.188814,17.18793,12.117538,-1.5523628,-2.7300184,2.8164818,-0.08185947,-2.0710516,-0.9578026,0.4393049437512626,0.5603864734299517
HPGP_GLOBAL,SWT-014,SNP_CLUSTER_01,core_SNP_TruncatedSVD20_KMeans8_fit_HPGP_GLOBAL,217003,89.70723,-4.6868205,21.345745,0.909055,-0.058279987,2.0846632,-6.056226,-2.947966,4.1697965,1.2768427,0.3352717485786277,0.3816425120772946
HPGP_GLOBAL,TUR-001,SNP_CLUSTER_01,core_SNP_TruncatedSVD20_KMeans8_fit_HPGP_GLOBAL,217003,86.43176,2.8877366,21.793148,12.356282,-0.8709625,-0.6536368,-0.8523979,-0.90609777,1.4923948,0.19411673,0.2502886602631567,0.1859903381642512
HPGP_GLOBAL,TUR-002,SNP_CLUSTER_01,core_SNP_TruncatedSVD20_KMeans8_fit_HPGP_GLOBAL,217003,88.259735,2.542728,21.388344,11.93894,-0.9602632,-2.3923745,-3.6014173,-2.7552235,5.6823473,9.611199,0.938841219005538,0.8792270531400966
HPGP_GLOBAL,TUR-005,SNP_CLUSTER_01,core_SNP_TruncatedSVD20_KMeans8_fit_HPGP_GLOBAL,217003,88.268005,2.5099192,21.459326,11.948107,-0.8640212,-2.3694754,-3.6046014,-2.791971,5.6326966,9.637401,0.9386941708629268,0.8768115942028986
HPGP_GLOBAL,TUR-008,SNP_CLUSTER_01,core_SNP_TruncatedSVD20_KMeans8_fit_HPGP_GLOBAL,217003,88.56792,-2.2891984,21.54191,5.0879445,-0.2877343,2.0797272,-3.814891,-2.1272206,1.9291812,1.1005274,0.2386871371650521,0.1690821256038647
HPGP_GLOBAL,TUR-011,SNP_CLUSTER_01,core_SNP_TruncatedSVD20_KMeans8_fit_HPGP_GLOBAL,217003,86.451645,4.5201406,21.256866,11.988898,-0.7704724,-1.4197807,-0.4901204,-1.3184123,0.58439165,-0.50825334,0.2945077319077314,0.2971014492753623
HPGP_GLOBAL,TUR-014,SNP_CLUSTER_01,core_SNP_TruncatedSVD20_KMeans8_fit_HPGP_GLOBAL,217003,88.56294,-1.2215668,21.277649,6.098889,-0.63338906,0.90309566,-2.6794956,-2.323277,0.8839265,0.3747717,0.2668449467262857,0.2367149758454106
HPGP_GLOBAL,TUR-017,SNP_CLUSTER_01,core_SNP_TruncatedSVD20_KMeans8_fit_HPGP_GLOBAL,217003,88.28408,0.22345334,21.937649,8.466362,-0.90068084,-0.19582486,-2.9033165,-1.7662238,2.4836874,1.7947756,0.3036565230064566,0.3115942028985507
HPGP_GLOBAL,TUR-023,SNP_CLUSTER_01,core_SNP_TruncatedSVD20_KMeans8_fit_HPGP_GLOBAL,217003,86.24213,5.00967,22.517355,15.3090105,-1.4832509,-1.1524137,-0.45924637,-0.37211844,0.9214724,-0.5510645,0.3445085487158109,0.3985507246376811
HPGP_GLOBAL,USA-106,SNP_CLUSTER_01,core_SNP_TruncatedSVD20_KMeans8_fit_HPGP_GLOBAL,217003,88.941284,-3.188407,19.206778,3.6584945,-0.74029845,0.27225327,-1.8110205,-2.9040582,0.6077132,-0.30908078,0.3984577000709775,0.4806763285024155
ZENODO_10369064,S45,SNP_CLUSTER_01,core_SNP_TruncatedSVD20_KMeans8_fit_HPGP_GLOBAL,217003,85.5786,27.768862,7.702327,10.708409,-0.8119401,-1.9207721,1.0537692,0.42970496,-0.848044,-1.0736791,0.7834546214427718,0.8164251207729468
ZENODO_10369064,S55,SNP_CLUSTER_01,core_SNP_TruncatedSVD20_KMeans8_fit_HPGP_GLOBAL,217003,85.38308,38.064747,3.9898915,10.371001,-0.7889971,-2.7757552,1.9464338,-0.0017745509,-0.58813334,-0.95579195,1.0165401765572486,0.893719806763285
HPGP_GLOBAL,ZAF-001,SNP_CLUSTER_02,core_SNP_TruncatedSVD20_KMeans8_fit_HPGP_GLOBAL,217003,89.640526,-3.8574908,-17.669752,13.467136,148.39034,-0.81283295,0.76462954,4.4991937,-1.2496291,-0.56071496,11.55094897486274,1.0
HPGP_GLOBAL,ZAF-006,SNP_CLUSTER_02,core_SNP_TruncatedSVD20_KMeans8_fit_HPGP_GLOBAL,217003,89.874626,-3.9620824,-17.595959,12.689858,146.86961,-1.4518313,0.5405415,4.83853,-1.1069354,-1.0326508,11.433381041600668,0.997584541062802
CHINA_NINGXIA_2022,SHZY01,SNP_CLUSTER_03,core_SNP_TruncatedSVD20_KMeans8_fit_HPGP_GLOBAL,217003,90.57585,68.60228,-16.231518,-3.7454276,-0.7633274,1.2433342,-1.1663789,-0.7946233,0.22578214,0.06852702,0.114890992045915,0.0193236714975845
CHINA_NINGXIA_2022,SHZY02,SNP_CLUSTER_03,core_SNP_TruncatedSVD20_KMeans8_fit_HPGP_GLOBAL,217003,90.53176,67.76978,-17.103426,-4.5538883,0.115108736,1.3498521,-0.5544779,-0.7321951,0.3504086,-0.032847278,0.160347438495157,0.1014492753623188
CHINA_NINGXIA_2022,SHZY03,SNP_CLUSTER_03,core_SNP_TruncatedSVD20_KMeans8_fit_HPGP_GLOBAL,217003,89.9864,68.517624,-16.851065,-4.3560038,-0.1040228,1.5556513,-0.74445397,-0.27415946,0.68023694,0.1526029,0.1674661731705328,0.1062801932367149
CHINA_NINGXIA_2022,SHZY04,SNP_CLUSTER_03,core_SNP_TruncatedSVD20_KMeans8_fit_HPGP_GLOBAL,217003,90.872,70.72958,-17.460133,-5.0885477,-0.4639004,1.8927226,-1.5659444,-0.8254917,0.29022485,-0.22344592,0.1059494161790383,0.0072463768115942
CHINA_NINGXIA_2022,SHZY05,SNP_CLUSTER_03,core_SNP_TruncatedSVD20_KMeans8_fit_HPGP_GLOBAL,217003,89.99634,67.621544,-16.10622,-3.9438505,-0.66272146,1.6200967,-1.0160792,-0.59646636,0.7417667,0.042285286,0.1440452993267056,0.0748792270531401
CHINA_NINGXIA_2022,SHZY06,SNP_CLUSTER_03,core_SNP_TruncatedSVD20_KMeans8_fit_HPGP_GLOBAL,217003,90.73515,70.6055,-17.696434,-5.3110485,-0.51723343,1.7963717,-1.5733784,-1.3252647,0.37592605,0.1609418,0.1064854218759138,0.0072463768115942
CHINA_NINGXIA_2022,SHZY07,SNP_CLUSTER_03,core_SNP_TruncatedSVD20_KMeans8_fit_HPGP_GLOBAL,217003,90.284676,68.44799,-16.131784,-4.0770535,-0.49361682,1.2223089,-0.91280454,-0.785371,0.2764913,-0.083885826,0.1276394095810669,0.038647342995169
CHINA_NINGXIA_2022,SHZY09,SNP_CLUSTER_03,core_SNP_TruncatedSVD20_KMeans8_fit_HPGP_GLOBAL,217003,90.61368,70.78458,-17.98518,-5.369271,-0.43710825,1.9874659,-1.3672581,-0.8071556,0.3359918,-0.0593544,0.0867990022194015,0.0
CHINA_NINGXIA_2022,SHZY10,SNP_CLUSTER_03,core_SNP_TruncatedSVD20_KMeans8_fit_HPGP_GLOBAL,217003,89.06207,58.21575,-9.591907,0.10906894,-0.6157635,1.1410884,-0.2814013,-0.909969,-0.12763058,-0.0065948814,0.4425401024046921,0.5628019323671497
CHINA_NINGXIA_2022,SHZY11,SNP_CLUSTER_03,core_SNP_TruncatedSVD20_KMeans8_fit_HPGP_GLOBAL,217003,90.06114,67.631454,-16.70332,-3.9240592,0.18288839,1.5286937,-0.4563149,-0.67396027,0.072375335,0.42976362,0.1679748372806677,0.1062801932367149
CHINA_NINGXIA_2022,SHZY12,SNP_CLUSTER_03,core_SNP_TruncatedSVD20_KMeans8_fit_HPGP_GLOBAL,217003,90.53742,68.759636,-17.445242,-4.8903723,-0.27047643,1.5946668,-0.9601487,-0.50798905,0.28747326,0.22792044,0.1123562250723012,0.0144927536231884
CHINA_NINGXIA_2022,SHZY13,SNP_CLUSTER_03,core_SNP_TruncatedSVD20_KMeans8_fit_HPGP_GLOBAL,217003,89.92049,67.90987,-16.638763,-4.435576,-0.42223898,1.8143427,-1.146243,-0.6224175,0.56088823,0.065383784,0.1431900766448181,0.0748792270531401
CHINA_NINGXIA_2022,SHZY14,SNP_CLUSTER_03,core_SNP_TruncatedSVD20_KMeans8_fit_HPGP_GLOBAL,217003,90.6968,68.422966,-16.402569,-3.9987705,-0.34772885,1.71736,-1.2607664,-1.0889533,0.5937229,-0.08500119,0.1167032975788602,0.0217391304347826
CHINA_NINGXIA_2022,SHZY15,SNP_CLUSTER_03,core_SNP_TruncatedSVD20_KMeans8_fit_HPGP_GLOBAL,217003,90.67626,68.71636,-17.13948,-4.703592,-0.4208763,1.5740141,-1.0522178,-0.13599022,0.17557716,0.16632019,0.1305161445748019,0.0483091787439613
CHINA_NINGXIA_2022,SHZY16,SNP_CLUSTER_03,core_SNP_TruncatedSVD20_KMeans8_fit_HPGP_GLOBAL,217003,90.1052,65.72549,-14.803538,-3.941319,-0.6858224,1.0792999,-1.8120803,-1.086207,-0.16055211,0.37584627,0.196531902982668,0.1207729468599033
CHINA_NINGXIA_2022,SHZY17,SNP_CLUSTER_03,core_SNP_TruncatedSVD20_KMeans8_fit_HPGP_GLOBAL,217003,90.65673,69.602425,-17.08742,-4.611836,-0.41226023,1.455835,-0.79865074,-0.6379397,0.7467841,-0.22433645,0.1337530999713304,0.0555555555555555
CHINA_NINGXIA_2022,SHZY18,SNP_CLUSTER_03,core_SNP_TruncatedSVD20_KMeans8_fit_HPGP_GLOBAL,217003,90.662964,68.62365,-17.075651,-4.312893,-0.12716539,1.5634747,-1.046956,-0.11811837,0.6198348,0.67328405,0.1675566974878957,0.1062801932367149
CHINA_NINGXIA_2022,SHZY20,SNP_CLUSTER_03,core_SNP_TruncatedSVD20_KMeans8_fit_HPGP_GLOBAL,217003,91.39254,69.39922,-17.64575,-4.672601,-0.26674968,1.5815521,-1.0080197,-0.48600563,0.23144707,0.08341854,0.1661250932510529,0.1038647342995169
CHINA_NINGXIA_2022,SHZY21,SNP_CLUSTER_03,core_SNP_TruncatedSVD20_KMeans8_fit_HPGP_GLOBAL,217003,90.08674,63.47176,-13.654404,-2.9266012,-0.67700964,1.2680366,-0.78040254,-0.7079183,0.5003159,-0.010309355,0.2090024386116216,0.1304347826086956
CHINA_NINGXIA_2022,SHZY22,SNP_CLUSTER_03,core_SNP_TruncatedSVD20_KMeans8_fit_HPGP_GLOBAL,217003,90.01002,65.077286,-13.461052,-1.5809059,-0.76218975,0.70523113,-0.21522823,-0.26813063,-0.43208066,0.26215824,0.1883973882871701,0.1183574879227053
CHINA_NINGXIA_2022,SHZY23,SNP_CLUSTER_03,core_SNP_TruncatedSVD20_KMeans8_fit_HPGP_GLOBAL,217003,90.65725,69.61412,-16.694426,-4.2400723,-0.83411443,1.6974891,-1.3514911,-1.0469995,1.007098,0.51135206,0.1318043458143999,0.0507246376811594
CHINA_NINGXIA_2022,SHZY24,SNP_CLUSTER_03,core_SNP_TruncatedSVD20_KMeans8_fit_HPGP_GLOBAL,217003,91.0752,67.29539,-15.581036,-4.5216928,-0.48662415,1.7904638,-0.6424501,-1.1214261,0.10734732,0.21610063,0.1895717191481157,0.1207729468599033
CHINA_NINGXIA_2022,SHZY26,SNP_CLUSTER_03,core_SNP_TruncatedSVD20_KMeans8_fit_HPGP_GLOBAL,217003,89.96442,69.5444,-17.519094,-4.7394,-0.2800405,1.6274724,-1.106511,-0.70428854,0.68030626,-0.050738286,0.1362406210609963,0.0579710144927536
CHINA_NINGXIA_2022,SHZY27,SNP_CLUSTER_03,core_SNP_TruncatedSVD20_KMeans8_fit_HPGP_GLOBAL,217003,90.61411,67.38138,-16.729805,-4.5660887,-0.1358439,1.8938057,-1.0441692,-0.83393574,0.7333047,0.071272135,0.135215107464352,0.0579710144927536
CHINA_NINGXIA_2022,SHZY28,SNP_CLUSTER_03,core_SNP_TruncatedSVD20_KMeans8_fit_HPGP_GLOBAL,217003,90.513336,69.69779,-17.34513,-5.116975,-0.5169992,2.2812216,-1.1624719,-0.88606215,0.7640059,-0.16590156,0.1076779011090326,0.0072463768115942
CHINA_NINGXIA_2022,SHZY29,SNP_CLUSTER_03,core_SNP_TruncatedSVD20_KMeans8_fit_HPGP_GLOBAL,217003,91.08185,68.61914,-17.398699,-4.6034265,-0.47105008,1.1126109,-1.094154,-0.9888761,0.7326576,0.36639318,0.1606188154580852,0.1014492753623188
CHINA_NINGXIA_2022,SHZY30,SNP_CLUSTER_03,core_SNP_TruncatedSVD20_KMeans8_fit_HPGP_GLOBAL,217003,90.42598,69.780876,-17.888348,-5.221499,-0.548188,1.6218321,-1.0189072,-0.42959374,0.34340402,0.03942677,0.103977543916488,0.0048309178743961
CHINA_NINGXIA_2022,SHZY31,SNP_CLUSTER_03,core_SNP_TruncatedSVD20_KMeans8_fit_HPGP_GLOBAL,217003,91.02773,67.93682,-16.500177,-4.9937553,-0.16545802,1.6146779,-1.3042274,-0.6952563,0.38574517,0.43972346,0.1481687440154358,0.0821256038647343
CHINA_NINGXIA_2022,SHZY32,SNP_CLUSTER_03,core_SNP_TruncatedSVD20_KMeans8_fit_HPGP_GLOBAL,217003,90.11162,67.53389,-16.53256,-5.013838,-0.5133495,1.8085635,-1.4903569,-0.7824285,0.5688984,0.27121833,0.138742764003633,0.0652173913043478
CHINA_NINGXIA_2022,SHZY33,SNP_CLUSTER_03,core_SNP_TruncatedSVD20_KMeans8_fit_HPGP_GLOBAL,217003,90.96783,69.85583,-17.406967,-5.0697045,-0.14283714,1.5299841,-0.5892103,-0.36046264,0.5532895,-0.16921303,0.1450577913426478,0.0748792270531401
CHINA_NINGXIA_2022,SHZY34,SNP_CLUSTER_03,core_SNP_TruncatedSVD20_KMeans8_fit_HPGP_GLOBAL,217003,90.62462,68.00525,-17.59904,-5.1987495,-0.5726145,1.8800184,-1.2292454,-0.7735366,0.7604493,0.0299243,0.1037491180763001,0.0048309178743961
CHINA_NINGXIA_2022,SHZY35,SNP_CLUSTER_03,core_SNP_TruncatedSVD20_KMeans8_fit_HPGP_GLOBAL,217003,90.68434,68.62862,-17.496658,-4.373446,-0.29233992,1.7473698,-1.3104249,-0.7731992,0.83041734,-0.1535138,0.129809180058246,0.0483091787439613
CHINA_NINGXIA_2022,SHZY36,SNP_CLUSTER_03,core_SNP_TruncatedSVD20_KMeans8_fit_HPGP_GLOBAL,217003,90.4767,67.76408,-17.076439,-4.0701237,-0.11852872,1.7327576,-1.2239214,-0.41944957,0.4254536,0.37855673,0.1444662707544265,0.0748792270531401
CHINA_NINGXIA_2022,SHZY37,SNP_CLUSTER_03,core_SNP_TruncatedSVD20_KMeans8_fit_HPGP_GLOBAL,217003,90.79028,68.70616,-16.746138,-4.1309896,-0.55016,1.5803257,-1.2517288,-0.6089474,0.45177612,0.20240636,0.1216100759460771,0.0265700483091787
CHINA_NINGXIA_2022,SHZY40,SNP_CLUSTER_03,core_SNP_TruncatedSVD20_KMeans8_fit_HPGP_GLOBAL,217003,90.34991,70.04376,-17.378466,-4.9528427,-0.6892067,2.151268,-0.8215021,-0.9261319,0.42001548,-0.31432748,0.1157671796043063,0.0217391304347826
CHINA_NINGXIA_2022,SHZY41,SNP_CLUSTER_03,core_SNP_TruncatedSVD20_KMeans8_fit_HPGP_GLOBAL,217003,88.682945,55.487812,-6.9705086,2.7065651,-0.47547534,-0.4923288,0.24373446,0.026528526,-0.3611381,-0.13370574,0.7241978245133908,0.7801932367149759
CHINA_NINGXIA_2022,SHZY42,SNP_CLUSTER_03,core_SNP_TruncatedSVD20_KMeans8_fit_HPGP_GLOBAL,217003,90.58078,69.871574,-17.241142,-5.0188394,-0.25049335,2.1844046,-1.2143161,-0.41434473,0.0514095,0.461484,0.1148312581485178,0.0193236714975845
CHINA_NINGXIA_2022,SHZY43,SNP_CLUSTER_03,core_SNP_TruncatedSVD20_KMeans8_fit_HPGP_GLOBAL,217003,90.6175,70.86473,-17.96478,-5.2711926,-0.65842307,2.3016732,-0.9114363,-0.73764145,0.51792014,-0.2050481,0.116937048720165,0.0217391304347826
CHINA_NINGXIA_2022,SHZY44,SNP_CLUSTER_03,core_SNP_TruncatedSVD20_KMeans8_fit_HPGP_GLOBAL,217003,90.29355,71.14897,-17.45942,-4.9872813,-0.9245659,1.9722576,-1.2357128,-1.3445946,0.31499603,-0.11181885,0.1093900995439451,0.0072463768115942
CHINA_NINGXIA_2022,SHZY45,SNP_CLUSTER_03,core_SNP_TruncatedSVD20_KMeans8_fit_HPGP_GLOBAL,217003,90.601944,67.15108,-15.748659,-3.820084,-0.57235,1.6643858,-1.6781187,-0.57526946,0.64653,0.6856565,0.1714306762930491,0.1111111111111111
CHINA_NINGXIA_2022,SHZY46,SNP_CLUSTER_03,core_SNP_TruncatedSVD20_KMeans8_fit_HPGP_GLOBAL,217003,89.68835,64.57939,-13.736328,-1.6686325,-0.6792405,1.0390313,-0.34162277,-0.31262743,-0.119653046,0.22493155,0.185204179069317,0.1183574879227053
CHINA_NINGXIA_2022,SHZY47,SNP_CLUSTER_03,core_SNP_TruncatedSVD20_KMeans8_fit_HPGP_GLOBAL,217003,90.93933,69.687126,-17.449757,-4.9683185,-0.17081647,1.5662911,-1.1129268,-0.8600443,0.039358158,0.14942749,0.11558493607143,0.0217391304347826
CHINA_NINGXIA_2022,SHZY48,SNP_CLUSTER_03,core_SNP_TruncatedSVD20_KMeans8_fit_HPGP_GLOBAL,217003,89.75426,65.79473,-14.155086,-1.691063,-1.0382816,0.87679327,-0.775363,-0.6067643,0.014715619,0.012689805,0.1818534917222486,0.1159420289855072
CHINA_NINGXIA_2022,SHZY49,SNP_CLUSTER_03,core_SNP_TruncatedSVD20_KMeans8_fit_HPGP_GLOBAL,217003,91.1018,70.19392,-18.05248,-5.5800443,-0.29664373,1.7508385,-1.3997142,-1.1328676,0.6411585,0.074384205,0.1254149642756089,0.0314009661835748
CHINA_NINGXIA_2022,SHZY50,SNP_CLUSTER_03,core_SNP_TruncatedSVD20_KMeans8_fit_HPGP_GLOBAL,217003,90.6122,70.430405,-17.77594,-4.77112,-0.45417112,1.6187094,-0.926243,-0.86052656,0.12933557,0.25244847,0.1113661502457148,0.0120772946859903
CHINA_NINGXIA_2022,SHZY51,SNP_CLUSTER_03,core_SNP_TruncatedSVD20_KMeans8_fit_HPGP_GLOBAL,217003,90.52767,67.8704,-15.457696,-2.885369,-0.7436956,1.7979871,-0.9515174,-0.68772846,0.008225902,-0.2585771,0.1303050654519023,0.0483091787439613
CHINA_NINGXIA_2022,SHZY52,SNP_CLUSTER_03,core_SNP_TruncatedSVD20_KMeans8_fit_HPGP_GLOBAL,217003,90.4163,68.043724,-16.705223,-4.8721027,-0.4045507,1.7774547,-1.2149516,-0.9053378,0.69740903,0.5002151,0.1231401139194692,0.0289855072463768
CHINA_NINGXIA_2022,SHZY53,SNP_CLUSTER_03,core_SNP_TruncatedSVD20_KMeans8_fit_HPGP_GLOBAL,217003,90.10833,67.54706,-16.251057,-3.8140807,-0.46203765,2.0407183,-0.783434,-0.91368675,0.448018,-0.16105959,0.1356518095647522,0.0579710144927536
CHINA_NINGXIA_2022,SHZY54,SNP_CLUSTER_03,core_SNP_TruncatedSVD20_KMeans8_fit_HPGP_GLOBAL,217003,90.989815,70.39651,-17.685791,-5.222187,-0.46714795,1.96618,-1.2881647,-0.85734826,0.21944717,0.25226247,0.1040811982858237,0.0048309178743961
CHINA_NINGXIA_2022,SHZY57,SNP_CLUSTER_03,core_SNP_TruncatedSVD20_KMeans8_fit_HPGP_GLOBAL,217003,90.450516,69.957,-17.40862,-4.5278754,-0.44496444,1.7224535,-0.9699481,-0.804101,0.2869766,0.029421661,0.1084227843912955,0.0072463768115942
CHINA_NINGXIA_2022,SHZY59,SNP_CLUSTER_03,core_SNP_TruncatedSVD20_KMeans8_fit_HPGP_GLOBAL,217003,90.72582,69.914,-17.630922,-4.9309936,-0.5247894,1.6487141,-1.135513,-0.70387805,0.6142738,0.12075049,0.1015388412055281,0.002415458937198
CHINA_NINGXIA_2022,SHZY60,SNP_CLUSTER_03,core_SNP_TruncatedSVD20_KMeans8_fit_HPGP_GLOBAL,217003,90.42937,70.526825,-18.006964,-5.3177614,-0.31205577,2.0632575,-1.2684368,-0.9028455,0.55599177,0.108042866,0.0959236928244857,0.002415458937198
HPGP_GLOBAL,ARG-008,SNP_CLUSTER_03,core_SNP_TruncatedSVD20_KMeans8_fit_HPGP_GLOBAL,217003,90.898796,70.98296,-17.424334,-4.4106646,-0.4860447,1.5159352,-1.5374454,-1.1253173,0.343377,0.21869932,0.129131435710939,0.0434782608695652
HPGP_GLOBAL,ARG-009,SNP_CLUSTER_03,core_SNP_TruncatedSVD20_KMeans8_fit_HPGP_GLOBAL,217003,90.29573,68.435036,-15.96046,-3.557339,-0.77139765,0.8897361,-0.85980475,-0.9287671,-0.68865895,-0.02860814,0.1367023548247972,0.0603864734299516
HPGP_GLOBAL,ARG-010,SNP_CLUSTER_03,core_SNP_TruncatedSVD20_KMeans8_fit_HPGP_GLOBAL,217003,90.24659,69.83108,-17.27874,-4.580519,-0.67420816,1.6413938,-1.912751,-0.92209214,-0.048647203,0.15594976,0.1322189585480834,0.0555555555555555
HPGP_GLOBAL,CHN-001,SNP_CLUSTER_03,core_SNP_TruncatedSVD20_KMeans8_fit_HPGP_GLOBAL,217003,90.92111,70.96419,-17.600657,-4.922027,-0.78975403,1.9365948,-1.9448752,-1.3937308,1.0551013,-0.6045569,0.1735441047027506,0.1135265700483091
HPGP_GLOBAL,CHN-002,SNP_CLUSTER_03,core_SNP_TruncatedSVD20_KMeans8_fit_HPGP_GLOBAL,217003,89.90555,68.89324,-15.9390955,-3.76185,-0.36667094,1.5420238,-0.9112569,-1.1697398,0.13810988,0.5102424,0.1602358719677907,0.1014492753623188
HPGP_GLOBAL,CHN-004,SNP_CLUSTER_03,core_SNP_TruncatedSVD20_KMeans8_fit_HPGP_GLOBAL,217003,90.44876,69.50956,-16.381216,-3.7995276,-0.57152945,1.8072513,-1.4418429,-0.8039458,0.39228263,0.15617487,0.1218269423955968,0.0289855072463768
HPGP_GLOBAL,CHN-005,SNP_CLUSTER_03,core_SNP_TruncatedSVD20_KMeans8_fit_HPGP_GLOBAL,217003,90.20869,70.85074,-17.536505,-5.030116,-0.84112245,2.6513484,-1.281578,-1.5506108,0.6880538,-0.05054631,0.126252138749021,0.0338164251207729
HPGP_GLOBAL,CHN-009,SNP_CLUSTER_03,core_SNP_TruncatedSVD20_KMeans8_fit_HPGP_GLOBAL,217003,90.22388,70.631996,-17.172813,-5.2813973,-0.5353949,2.4768755,-1.2807671,-0.798582,0.4005966,-0.5438335,0.1379216543784426,0.0652173913043478
HPGP_GLOBAL,CHN-010,SNP_CLUSTER_03,core_SNP_TruncatedSVD20_KMeans8_fit_HPGP_GLOBAL,217003,90.96468,70.146454,-17.180902,-5.437079,-1.1623579,2.6910987,-1.9117972,-1.3384569,0.84228003,0.19279051,0.1419384180558168,0.072463768115942
HPGP_GLOBAL,JAP-002,SNP_CLUSTER_03,core_SNP_TruncatedSVD20_KMeans8_fit_HPGP_GLOBAL,217003,90.79016,71.82794,-18.941576,-6.6909823,-0.5154503,2.036045,-1.2029742,-0.94188404,0.7968623,-0.26082048,0.1519980520191813,0.0942028985507246
HPGP_GLOBAL,JAP-009,SNP_CLUSTER_03,core_SNP_TruncatedSVD20_KMeans8_fit_HPGP_GLOBAL,217003,90.54296,70.75851,-17.597454,-4.791222,-0.84247375,2.4565694,-1.610559,-1.5285579,0.38641453,-0.08245739,0.1116923459780735,0.0144927536231884
HPGP_GLOBAL,JAP-010,SNP_CLUSTER_03,core_SNP_TruncatedSVD20_KMeans8_fit_HPGP_GLOBAL,217003,90.62139,69.92595,-17.473604,-5.3842726,-0.7132199,2.3226788,-1.502315,-0.8035957,0.31335622,0.16291927,0.1028701731089638,0.0048309178743961
HPGP_GLOBAL,JAP-012,SNP_CLUSTER_03,core_SNP_TruncatedSVD20_KMeans8_fit_HPGP_GLOBAL,217003,90.65227,69.37936,-17.279243,-5.5250626,-0.22204271,1.5475045,-1.1958824,-0.7117251,0.34283882,-0.06567734,0.1155551564723077,0.0217391304347826
HPGP_GLOBAL,JAP-013,SNP_CLUSTER_03,core_SNP_TruncatedSVD20_KMeans8_fit_HPGP_GLOBAL,217003,90.41104,69.4364,-16.538464,-4.213119,-0.8184937,1.9609009,-0.5728954,-0.3017359,-0.15429765,-0.054145455,0.1455808001372471,0.0772946859903381
HPGP_GLOBAL,JAP-015,SNP_CLUSTER_03,core_SNP_TruncatedSVD20_KMeans8_fit_HPGP_GLOBAL,217003,90.89826,71.58403,-18.812675,-5.4328837,-0.38692456,1.8863298,-1.4493374,-0.5612046,0.30318576,-0.07782683,0.1215243007344631,0.0241545893719806
HPGP_GLOBAL,JAP-019,SNP_CLUSTER_03,core_SNP_TruncatedSVD20_KMeans8_fit_HPGP_GLOBAL,217003,90.859825,72.20141,-18.34202,-6.0044255,-0.74487907,2.6423273,-1.0198649,-0.6533111,0.18908925,0.39998767,0.1410112241641028,0.0676328502415458
HPGP_GLOBAL,JAP-022,SNP_CLUSTER_03,core_SNP_TruncatedSVD20_KMeans8_fit_HPGP_GLOBAL,217003,90.74526,70.74193,-18.575739,-5.078141,-0.32011616,1.4125737,-1.017558,-0.44592953,0.19943213,0.11953922,0.1284740469838711,0.0410628019323671
HPGP_GLOBAL,JAP-028,SNP_CLUSTER_03,core_SNP_TruncatedSVD20_KMeans8_fit_HPGP_GLOBAL,217003,90.68996,71.72758,-18.450312,-6.2443447,-0.56858367,2.1652954,-1.1245203,-1.1310997,0.42631194,-0.9576383,0.1771588777497467,0.1159420289855072
HPGP_GLOBAL,KOR-002,SNP_CLUSTER_03,core_SNP_TruncatedSVD20_KMeans8_fit_HPGP_GLOBAL,217003,90.31707,67.87521,-15.690411,-3.5061054,-1.1520671,1.3312331,-0.5502313,-0.7932159,-0.94354916,-0.39216587,0.161029089610019,0.1038647342995169
HPGP_GLOBAL,KOR-007,SNP_CLUSTER_03,core_SNP_TruncatedSVD20_KMeans8_fit_HPGP_GLOBAL,217003,90.53864,69.789375,-17.003376,-4.243802,-0.6146851,2.0499172,-1.6365601,-1.2960949,0.40866506,0.39028892,0.1146658826057426,0.0169082125603864
HPGP_GLOBAL,KOR-008,SNP_CLUSTER_03,core_SNP_TruncatedSVD20_KMeans8_fit_HPGP_GLOBAL,217003,90.2518,68.56558,-15.612511,-3.4393687,-1.0803571,0.7470151,-0.84325385,-1.2061821,-0.17685792,-0.38842386,0.1270601367289921,0.036231884057971
HPGP_GLOBAL,KOR-010,SNP_CLUSTER_03,core_SNP_TruncatedSVD20_KMeans8_fit_HPGP_GLOBAL,217003,90.34945,70.3397,-17.133167,-4.160524,-1.0203614,1.6915866,-1.5048274,-1.983746,0.3445384,0.6431939,0.1518788137287584,0.0893719806763285
HPGP_GLOBAL,KOR-013,SNP_CLUSTER_03,core_SNP_TruncatedSVD20_KMeans8_fit_HPGP_GLOBAL,217003,90.33506,66.04794,-14.123905,-1.8223703,-0.50450027,1.7930229,-0.45947316,-0.043704376,-0.099615455,-0.6781871,0.2211656217391391,0.1376811594202898
HPGP_GLOBAL,KOR-014,SNP_CLUSTER_03,core_SNP_TruncatedSVD20_KMeans8_fit_HPGP_GLOBAL,217003,90.92445,69.960625,-17.140541,-4.1128497,-0.91852313,2.0531225,-1.1536671,-1.0150167,0.49007997,-0.13977216,0.1293394776398991,0.0483091787439613
HPGP_GLOBAL,KOR-019,SNP_CLUSTER_03,core_SNP_TruncatedSVD20_KMeans8_fit_HPGP_GLOBAL,217003,89.49764,66.95611,-14.938682,-3.171723,-0.76511157,1.3343855,-0.7678697,-0.88819075,-0.04121067,-0.23511963,0.1985873430423448,0.1231884057971014
HPGP_GLOBAL,KOR-022,SNP_CLUSTER_03,core_SNP_TruncatedSVD20_KMeans8_fit_HPGP_GLOBAL,217003,90.630646,70.216,-16.863905,-3.9705045,-0.7490225,1.6732638,-0.92262816,-0.9889208,0.03161473,-0.5190648,0.1215610924789007,0.0265700483091787
HPGP_GLOBAL,KOR-027,SNP_CLUSTER_03,core_SNP_TruncatedSVD20_KMeans8_fit_HPGP_GLOBAL,217003,90.520676,64.53154,-14.081535,-1.9765987,-0.45404172,0.39119995,-0.31676745,-0.31471017,0.37193438,-0.1961112,0.2523453518910967,0.2077294685990338
HPGP_GLOBAL,KOR-028,SNP_CLUSTER_03,core_SNP_TruncatedSVD20_KMeans8_fit_HPGP_GLOBAL,217003,90.15779,69.929634,-16.745007,-4.740456,-0.6938105,2.4790163,-1.5876245,-1.7059942,0.21890226,-0.44712323,0.1321085159176989,0.0531400966183574
HPGP_GLOBAL,KOR-036,SNP_CLUSTER_03,core_SNP_TruncatedSVD20_KMeans8_fit_HPGP_GLOBAL,217003,89.40037,65.38891,-13.327564,-1.6542001,-1.3951033,0.86528337,-0.53105116,-1.0933977,0.3852015,-0.68067926,0.266156076451688,0.2342995169082125
HPGP_GLOBAL,KOR-041,SNP_CLUSTER_03,core_SNP_TruncatedSVD20_KMeans8_fit_HPGP_GLOBAL,217003,90.395256,69.41355,-16.30116,-3.482246,-1.0291724,0.84937155,-0.6309154,-1.3247136,0.25133824,-0.010221558,0.1424233385639945,0.0748792270531401
HPGP_GLOBAL,KOR-042,SNP_CLUSTER_03,core_SNP_TruncatedSVD20_KMeans8_fit_HPGP_GLOBAL,217003,89.63855,65.79483,-13.719321,-1.6802244,-0.45834145,1.1237553,-0.43430534,0.42099836,-0.49144205,-0.48474708,0.2178691304789187,0.1352657004830917
HPGP_GLOBAL,KOR-044,SNP_CLUSTER_03,core_SNP_TruncatedSVD20_KMeans8_fit_HPGP_GLOBAL,217003,90.493,68.91489,-17.02278,-3.9683042,-1.0106881,1.85834,-0.9888525,-0.6078316,0.31798792,-0.7351271,0.1377127779469505,0.0628019323671497
HPGP_GLOBAL,KOR-046,SNP_CLUSTER_03,core_SNP_TruncatedSVD20_KMeans8_fit_HPGP_GLOBAL,217003,90.401505,70.50076,-17.382032,-4.4253325,-0.21472746,2.1890087,-1.0847405,-1.304303,0.33760545,-0.3287306,0.1240757724286569,0.0314009661835748
HPGP_GLOBAL,KOR-047,SNP_CLUSTER_03,core_SNP_TruncatedSVD20_KMeans8_fit_HPGP_GLOBAL,217003,90.5018,69.116425,-16.02469,-3.0293283,-0.71289957,1.16254,-1.2638705,-0.963231,0.06715853,-0.4350459,0.1340439969351579,0.0579710144927536
HPGP_GLOBAL,KOR-049,SNP_CLUSTER_03,core_SNP_TruncatedSVD20_KMeans8_fit_HPGP_GLOBAL,217003,89.744415,69.6307,-17.181177,-4.6598263,-0.9741131,1.7612741,-0.99561965,-1.1533641,0.43686575,0.482738,0.1679915728230566,0.108695652173913
HPGP_GLOBAL,KOR-050,SNP_CLUSTER_03,core_SNP_TruncatedSVD20_KMeans8_fit_HPGP_GLOBAL,217003,90.09988,70.15308,-16.317562,-3.1265125,-0.89910585,0.63312286,-1.3813319,-1.139116,0.9969603,-0.59820455,0.1837334204674416,0.1183574879227053
HPGP_GLOBAL,KOR-101,SNP_CLUSTER_03,core_SNP_TruncatedSVD20_KMeans8_fit_HPGP_GLOBAL,217003,90.63915,70.32045,-16.928028,-4.2779627,-0.7537183,1.3759376,-1.219327,-1.7085018,-0.059175603,0.49779266,0.1413841838254221,0.0700483091787439
HPGP_GLOBAL,KOR-105,SNP_CLUSTER_03,core_SNP_TruncatedSVD20_KMeans8_fit_HPGP_GLOBAL,217003,89.78154,64.84955,-13.701575,-2.175097,-1.0238901,0.80095667,-0.28387865,0.28643388,-0.8174245,0.12867424,0.2325526792588625,0.1594202898550724
HPGP_GLOBAL,KOR-109,SNP_CLUSTER_03,core_SNP_TruncatedSVD20_KMeans8_fit_HPGP_GLOBAL,217003,90.20623,69.415855,-16.55552,-3.8813357,-0.43725204,1.3315101,-1.607547,-1.2855184,0.8691243,-0.073006734,0.1519061874939392,0.0917874396135265
HPGP_GLOBAL,KOR-110,SNP_CLUSTER_03,core_SNP_TruncatedSVD20_KMeans8_fit_HPGP_GLOBAL,217003,90.19844,70.08107,-17.336912,-4.8245993,-0.5585316,1.9260839,-1.3364303,-0.64709646,-0.07351549,0.18216354,0.1291364122241114,0.0458937198067632
HPGP_GLOBAL,KOR-116,SNP_CLUSTER_03,core_SNP_TruncatedSVD20_KMeans8_fit_HPGP_GLOBAL,217003,90.32507,67.44759,-15.22071,-3.4174855,-0.5593639,1.9531535,-1.011105,-0.7265858,0.16704062,-0.11024072,0.146583407159108,0.0797101449275362
HPGP_GLOBAL,MAL-003,SNP_CLUSTER_03,core_SNP_TruncatedSVD20_KMeans8_fit_HPGP_GLOBAL,217003,91.268265,67.28547,-16.923677,-6.274203,-0.25333282,3.294877,-2.310259,-1.274721,1.16411,1.1416081,0.1890626076499084,0.1207729468599033
HPGP_GLOBAL,MAL-005,SNP_CLUSTER_03,core_SNP_TruncatedSVD20_KMeans8_fit_HPGP_GLOBAL,217003,90.655174,69.30857,-17.402565,-5.385182,-0.29181015,2.04753,-1.0509632,-0.6040263,1.4475687,-0.57070804,0.169367742346876,0.1111111111111111
HPGP_GLOBAL,MAL-006,SNP_CLUSTER_03,core_SNP_TruncatedSVD20_KMeans8_fit_HPGP_GLOBAL,217003,90.55629,69.690765,-18.068743,-5.9115033,0.19926627,1.9051293,-1.1542569,-0.9174786,0.7388889,0.41347852,0.1099448748277346,0.0096618357487922
HPGP_GLOBAL,MAL-012,SNP_CLUSTER_03,core_SNP_TruncatedSVD20_KMeans8_fit_HPGP_GLOBAL,217003,90.393036,69.46189,-17.549177,-5.5360875,-0.07263537,1.8973218,-1.8936149,-0.40071002,1.1000346,0.99753946,0.148180723979933,0.0845410628019323
HPGP_GLOBAL,MAL-018,SNP_CLUSTER_03,core_SNP_TruncatedSVD20_KMeans8_fit_HPGP_GLOBAL,217003,90.76103,70.69119,-18.213564,-5.756183,-0.25742733,1.9812003,-1.296488,-0.6772537,0.7593822,0.43596095,0.1047118674532694,0.0072463768115942
HPGP_GLOBAL,MAL-021,SNP_CLUSTER_03,core_SNP_TruncatedSVD20_KMeans8_fit_HPGP_GLOBAL,217003,90.28266,70.25811,-17.489008,-5.333864,-0.3544475,1.6372552,-1.1741501,-0.60709465,1.0455248,0.22797973,0.1316343929947072,0.0507246376811594
HPGP_GLOBAL,MAL-023,SNP_CLUSTER_03,core_SNP_TruncatedSVD20_KMeans8_fit_HPGP_GLOBAL,217003,90.761894,70.16926,-17.898155,-5.9788966,-0.7741489,2.3039522,-1.7596128,-1.313384,0.532808,0.28624573,0.1102545405097458,0.0120772946859903
HPGP_GLOBAL,MEX-028,SNP_CLUSTER_03,core_SNP_TruncatedSVD20_KMeans8_fit_HPGP_GLOBAL,217003,89.37377,58.51334,-11.506863,2.103592,-0.22506365,-7.2156544,4.1474104,5.451555,-2.5069804,-0.48571217,1.2231383170853327,0.9202898550724636
HPGP_GLOBAL,PER-138,SNP_CLUSTER_03,core_SNP_TruncatedSVD20_KMeans8_fit_HPGP_GLOBAL,217003,89.49836,56.062817,-11.826353,0.6865088,0.06418338,-7.1184087,6.1930394,5.2011385,-2.435762,0.61874294,1.2879862978830547,0.92512077294686
HPGP_GLOBAL,TWN-001,SNP_CLUSTER_03,core_SNP_TruncatedSVD20_KMeans8_fit_HPGP_GLOBAL,217003,91.15855,68.527054,-17.73516,-5.939895,-0.14232144,2.8323586,-1.636259,-0.99570805,0.7283741,0.65583634,0.1563314223461059,0.0966183574879227
HPGP_GLOBAL,TWN-004,SNP_CLUSTER_03,core_SNP_TruncatedSVD20_KMeans8_fit_HPGP_GLOBAL,217003,90.48554,66.967995,-16.89802,-5.8823175,-0.3040762,2.3208776,-2.4648504,-0.949503,0.92415875,0.8910551,0.166274393287156,0.1062801932367149
HPGP_GLOBAL,TWN-005,SNP_CLUSTER_03,core_SNP_TruncatedSVD20_KMeans8_fit_HPGP_GLOBAL,217003,90.65566,67.499565,-16.903532,-5.547032,0.34565917,3.013928,-1.796468,-1.1005242,1.2467228,0.4100511,0.1575944706002823,0.0990338164251207
HPGP_GLOBAL,TWN-006,SNP_CLUSTER_03,core_SNP_TruncatedSVD20_KMeans8_fit_HPGP_GLOBAL,217003,91.773796,49.411842,-11.899913,-7.989057,0.93364036,4.1906147,-3.5197642,-1.6510594,3.8435311,1.0938077,0.834653233686584,0.8478260869565217
HPGP_GLOBAL,TWN-007,SNP_CLUSTER_03,core_SNP_TruncatedSVD20_KMeans8_fit_HPGP_GLOBAL,217003,91.43571,66.60037,-16.495064,-6.4395337,0.06670161,2.4512167,-2.4787457,-1.3135237,0.8405153,0.5703834,0.199629408852697,0.1256038647342995
HPGP_GLOBAL,TWN-008,SNP_CLUSTER_03,core_SNP_TruncatedSVD20_KMeans8_fit_HPGP_GLOBAL,217003,90.62373,68.96939,-17.54942,-5.251056,-0.4472441,2.483722,-1.6741756,-0.858395,1.1034251,1.0972998,0.1480351299750134,0.0821256038647343
HPGP_GLOBAL,TWN-009,SNP_CLUSTER_03,core_SNP_TruncatedSVD20_KMeans8_fit_HPGP_GLOBAL,217003,90.491776,69.72473,-18.14582,-6.015874,-0.4986344,2.5414908,-1.8977456,-0.85337096,0.89910823,0.112146966,0.1271712200701936,0.038647342995169
HPGP_GLOBAL,TWN-020,SNP_CLUSTER_03,core_SNP_TruncatedSVD20_KMeans8_fit_HPGP_GLOBAL,217003,90.599464,68.306175,-16.784628,-5.449282,-0.39114937,2.0500448,-1.0969515,-0.61160064,0.85816234,0.28575698,0.114691292499973,0.0193236714975845
HPGP_GLOBAL,TWN-022,SNP_CLUSTER_03,core_SNP_TruncatedSVD20_KMeans8_fit_HPGP_GLOBAL,217003,90.43633,67.90129,-16.967005,-5.7265267,0.12597942,2.497677,-1.1951036,-1.3230982,0.9123936,-0.12901811,0.1492362662286659,0.0869565217391304
HPGP_GLOBAL,TWN-023,SNP_CLUSTER_03,core_SNP_TruncatedSVD20_KMeans8_fit_HPGP_GLOBAL,217003,90.63127,69.68043,-17.60369,-5.7321568,-0.48741612,2.3004484,-1.3360996,-0.7858761,0.3204801,0.348673,0.093159045635709,0.002415458937198
ZENODO_10369064,S01,SNP_CLUSTER_03,core_SNP_TruncatedSVD20_KMeans8_fit_HPGP_GLOBAL,217003,90.30983,69.661934,-17.57199,-4.946491,-0.38332778,1.8953757,-1.3344555,-0.8498598,0.17895424,0.21665785,0.0968392666979087,0.002415458937198
ZENODO_10369064,S03,SNP_CLUSTER_03,core_SNP_TruncatedSVD20_KMeans8_fit_HPGP_GLOBAL,217003,90.66389,70.0161,-17.70579,-5.2861466,0.047263186,1.8667681,-1.0245041,-0.9012053,0.8157054,0.052418128,0.0981456837540583,0.002415458937198
ZENODO_10369064,S04,SNP_CLUSTER_03,core_SNP_TruncatedSVD20_KMeans8_fit_HPGP_GLOBAL,217003,90.01751,66.616554,-14.844985,-3.2190957,-0.25967515,1.2420951,-0.9575889,-0.8886937,0.49858868,-0.5232823,0.1620560831522533,0.1038647342995169
ZENODO_10369064,S05,SNP_CLUSTER_03,core_SNP_TruncatedSVD20_KMeans8_fit_HPGP_GLOBAL,217003,91.124,70.04362,-17.181875,-4.7334476,-0.5040019,1.8596494,-1.3862426,-0.63687783,0.47934702,0.01601021,0.1230199317436489,0.0289855072463768
ZENODO_10369064,S06,SNP_CLUSTER_03,core_SNP_TruncatedSVD20_KMeans8_fit_HPGP_GLOBAL,217003,90.43477,69.601685,-16.752125,-4.1601233,-0.3957809,1.799325,-0.87406546,-0.93575114,0.45217764,-0.31529096,0.1033275821633915,0.0048309178743961
ZENODO_10369064,S07,SNP_CLUSTER_03,core_SNP_TruncatedSVD20_KMeans8_fit_HPGP_GLOBAL,217003,90.7954,70.193855,-17.473795,-5.01324,-0.45162934,1.185468,-1.2813027,-0.95484203,0.044466443,0.21384747,0.1165257027568679,0.0217391304347826
ZENODO_10369064,S08,SNP_CLUSTER_03,core_SNP_TruncatedSVD20_KMeans8_fit_HPGP_GLOBAL,217003,90.65951,69.99888,-17.035812,-4.960156,-0.68180585,1.73688,-1.4760664,-0.8892469,0.31221303,0.033610433,0.1000293142342874,0.002415458937198
ZENODO_10369064,S09,SNP_CLUSTER_03,core_SNP_TruncatedSVD20_KMeans8_fit_HPGP_GLOBAL,217003,90.55302,51.036186,-7.165375,-2.2794085,-0.41970664,1.1716341,-1.601992,-1.2126442,0.45438167,0.8324042,0.6591659568136111,0.7294685990338164
ZENODO_10369064,S10,SNP_CLUSTER_03,core_SNP_TruncatedSVD20_KMeans8_fit_HPGP_GLOBAL,217003,90.53757,70.28712,-16.969978,-4.712511,-0.7389736,1.7773025,-1.4309292,-1.0483713,0.62106603,0.19910568,0.1047103355306592,0.0048309178743961
ZENODO_10369064,S11,SNP_CLUSTER_03,core_SNP_TruncatedSVD20_KMeans8_fit_HPGP_GLOBAL,217003,91.12264,69.73632,-17.181362,-4.641171,-0.32089785,1.4840794,-1.0270541,-0.5250122,0.5968073,0.642468,0.1581577908521082,0.0990338164251207
ZENODO_10369064,S12,SNP_CLUSTER_03,core_SNP_TruncatedSVD20_KMeans8_fit_HPGP_GLOBAL,217003,90.767914,70.64432,-17.99875,-4.447864,-0.2091958,2.180807,-1.605018,-1.1309925,0.5964761,0.057301097,0.1112840329109825,0.0120772946859903
ZENODO_10369064,S13,SNP_CLUSTER_03,core_SNP_TruncatedSVD20_KMeans8_fit_HPGP_GLOBAL,217003,90.56776,70.35324,-18.190489,-5.1587367,-0.16817403,1.883777,-1.4880637,-1.1122811,0.6535203,-0.28565007,0.1219075729978559,0.0289855072463768
ZENODO_10369064,S14,SNP_CLUSTER_03,core_SNP_TruncatedSVD20_KMeans8_fit_HPGP_GLOBAL,217003,90.86005,70.111275,-17.815746,-5.203057,-0.2305863,2.1417217,-0.6613081,-0.73072684,0.94607145,0.50771356,0.1303269307613083,0.0483091787439613
ZENODO_10369064,S15,SNP_CLUSTER_03,core_SNP_TruncatedSVD20_KMeans8_fit_HPGP_GLOBAL,217003,90.55501,69.92204,-17.39916,-3.938589,-0.8903025,1.8260088,-0.91362274,-0.81253666,0.678475,0.1838332,0.1238252383175924,0.0289855072463768
ZENODO_10369064,S16,SNP_CLUSTER_03,core_SNP_TruncatedSVD20_KMeans8_fit_HPGP_GLOBAL,217003,90.76314,70.68762,-17.844774,-5.1802588,-0.30006564,1.4884709,-1.3191895,-0.77140105,0.6047989,0.18280983,0.0944377703458317,0.002415458937198
ZENODO_10369064,S17,SNP_CLUSTER_03,core_SNP_TruncatedSVD20_KMeans8_fit_HPGP_GLOBAL,217003,91.03369,70.54986,-17.605764,-5.0016227,-0.4209222,1.9065462,-1.1994959,-0.58507687,0.3625679,0.7143625,0.1335252976268549,0.0555555555555555
ZENODO_10369064,S18,SNP_CLUSTER_03,core_SNP_TruncatedSVD20_KMeans8_fit_HPGP_GLOBAL,217003,90.842964,69.826004,-17.301264,-4.6465225,-0.3308831,1.9994519,-0.7714907,-0.5803549,0.54353267,0.2133983,0.1270042779545935,0.0338164251207729
ZENODO_10369064,S19,SNP_CLUSTER_03,core_SNP_TruncatedSVD20_KMeans8_fit_HPGP_GLOBAL,217003,90.8463,70.03858,-17.648672,-4.7533035,-0.21717338,1.8075849,-1.2059662,-1.0108045,0.18107425,0.429603,0.1152539858606854,0.0193236714975845
ZENODO_10369064,S20,SNP_CLUSTER_03,core_SNP_TruncatedSVD20_KMeans8_fit_HPGP_GLOBAL,217003,90.37842,68.555565,-16.06471,-3.8713005,-0.8343072,2.1299083,-1.1065894,-1.0156133,0.22685866,0.15562019,0.1148853191144459,0.0193236714975845
ZENODO_10369064,S23,SNP_CLUSTER_03,core_SNP_TruncatedSVD20_KMeans8_fit_HPGP_GLOBAL,217003,90.516685,70.318375,-18.305025,-5.6751413,-0.0973386,1.6161472,-1.3403087,-0.6825115,0.69851387,0.32551283,0.0896798655603079,0.0
ZENODO_10369064,S24,SNP_CLUSTER_03,core_SNP_TruncatedSVD20_KMeans8_fit_HPGP_GLOBAL,217003,90.93546,69.09031,-16.910734,-4.7683263,-0.37657097,1.5625515,-1.5131692,-0.5370348,0.21362554,0.07852098,0.1247943960850796,0.0314009661835748
ZENODO_10369064,S25,SNP_CLUSTER_03,core_SNP_TruncatedSVD20_KMeans8_fit_HPGP_GLOBAL,217003,90.79724,68.66465,-16.667028,-5.080093,-0.39427707,2.3585882,-1.1708143,-1.0855489,0.2690631,0.06957447,0.1178634591833433,0.0217391304347826
ZENODO_10369064,S26,SNP_CLUSTER_03,core_SNP_TruncatedSVD20_KMeans8_fit_HPGP_GLOBAL,217003,90.44369,68.137314,-16.21887,-3.4244905,-0.70419383,1.4162004,-0.66304487,-0.5631475,0.528014,-0.44131717,0.1292126989192915,0.0458937198067632
ZENODO_10369064,S28,SNP_CLUSTER_03,core_SNP_TruncatedSVD20_KMeans8_fit_HPGP_GLOBAL,217003,90.550064,68.61918,-17.462183,-5.0512214,-0.43300617,1.7437732,-0.95566124,-1.0393023,0.79535943,0.28034762,0.1119585471951681,0.0144927536231884
ZENODO_10369064,S29,SNP_CLUSTER_03,core_SNP_TruncatedSVD20_KMeans8_fit_HPGP_GLOBAL,217003,90.407166,68.62711,-16.2952,-4.1282554,-0.768513,1.2706145,-1.2163643,-0.33975327,0.43140084,0.00839114,0.1385035582280797,0.0652173913043478
ZENODO_10369064,S30,SNP_CLUSTER_03,core_SNP_TruncatedSVD20_KMeans8_fit_HPGP_GLOBAL,217003,90.8189,69.9153,-17.923038,-5.058538,-0.31173772,1.356611,-1.5451032,-0.5736378,0.4712519,-0.16516362,0.1113077405315808,0.0120772946859903
ZENODO_10369064,S31,SNP_CLUSTER_03,core_SNP_TruncatedSVD20_KMeans8_fit_HPGP_GLOBAL,217003,91.34611,70.037796,-17.711126,-5.3499756,-0.2413968,1.7466367,-1.6500463,-1.0469308,0.5021427,0.15440547,0.1552983872083461,0.0942028985507246
ZENODO_10369064,S32,SNP_CLUSTER_03,core_SNP_TruncatedSVD20_KMeans8_fit_HPGP_GLOBAL,217003,90.68573,71.38717,-17.551044,-5.445207,-0.6760896,1.9954244,-1.6846054,-0.8956913,0.3627869,0.06266071,0.0964745408822631,0.002415458937198
ZENODO_10369064,S34,SNP_CLUSTER_03,core_SNP_TruncatedSVD20_KMeans8_fit_HPGP_GLOBAL,217003,91.02606,70.064156,-17.866753,-5.4543633,-0.12885664,1.8697236,-1.3162684,-0.56990695,0.60369885,0.06900595,0.1058335448719315,0.0072463768115942
ZENODO_10369064,S35,SNP_CLUSTER_03,core_SNP_TruncatedSVD20_KMeans8_fit_HPGP_GLOBAL,217003,90.592575,69.80462,-17.494474,-5.1976113,-0.108206496,1.7743119,-0.60687494,-0.46636212,0.43628067,0.0006925848,0.1188654357479814,0.0217391304347826
ZENODO_10369064,S36,SNP_CLUSTER_03,core_SNP_TruncatedSVD20_KMeans8_fit_HPGP_GLOBAL,217003,90.60406,69.65834,-17.620024,-4.758219,-0.12638243,1.3477297,-0.942612,-0.65107846,0.53016275,0.22659573,0.1164481428188288,0.0217391304347826
ZENODO_10369064,S37,SNP_CLUSTER_03,core_SNP_TruncatedSVD20_KMeans8_fit_HPGP_GLOBAL,217003,90.84608,70.21843,-17.44739,-4.826015,-0.47629383,1.7587379,-1.2592311,-1.0552974,0.52897495,0.18462825,0.1024208017306019,0.002415458937198
ZENODO_10369064,S39,SNP_CLUSTER_03,core_SNP_TruncatedSVD20_KMeans8_fit_HPGP_GLOBAL,217003,90.68349,65.98289,-14.856045,-4.1769524,-0.50062764,1.7564905,-1.0368543,-0.8864538,0.7351182,-0.27786252,0.1771544220384342,0.1135265700483091
ZENODO_10369064,S41,SNP_CLUSTER_03,core_SNP_TruncatedSVD20_KMeans8_fit_HPGP_GLOBAL,217003,90.645195,69.92732,-17.187658,-4.6548223,-0.27845424,1.7618943,-1.0584978,-0.55959624,0.64941186,0.28067514,0.1146397733989133,0.0144927536231884
ZENODO_10369064,S42,SNP_CLUSTER_03,core_SNP_TruncatedSVD20_KMeans8_fit_HPGP_GLOBAL,217003,88.91189,61.836956,-11.399169,-0.012830904,-0.50756556,0.33381718,0.11229241,-0.0146896,-0.5238599,-0.39317578,0.368765368612461,0.4420289855072464
ZENODO_10369064,S43,SNP_CLUSTER_03,core_SNP_TruncatedSVD20_KMeans8_fit_HPGP_GLOBAL,217003,90.729706,71.078575,-17.769787,-5.616104,-0.7650991,1.9688399,-1.5278322,-1.1381358,0.38290936,0.1582867,0.0935011205477559,0.002415458937198
ZENODO_10369064,S46,SNP_CLUSTER_03,core_SNP_TruncatedSVD20_KMeans8_fit_HPGP_GLOBAL,217003,90.64926,70.088196,-17.603804,-4.691682,-0.4707265,1.9490572,-1.3066834,-1.3017559,0.14117892,0.6566648,0.116197539648353,0.0217391304347826
ZENODO_10369064,S48,SNP_CLUSTER_03,core_SNP_TruncatedSVD20_KMeans8_fit_HPGP_GLOBAL,217003,90.117516,69.274925,-17.092411,-4.580289,-0.15170541,1.7832606,-1.0256753,-0.3489269,0.34826794,0.22856995,0.1337454436076713,0.0555555555555555
ZENODO_10369064,S49,SNP_CLUSTER_03,core_SNP_TruncatedSVD20_KMeans8_fit_HPGP_GLOBAL,217003,89.44743,63.965813,-12.726541,-0.7223051,-1.2736307,0.9488165,-0.39842066,-0.7745076,0.07647165,0.019527074,0.2444519170763925,0.1739130434782608
ZENODO_10369064,S50,SNP_CLUSTER_03,core_SNP_TruncatedSVD20_KMeans8_fit_HPGP_GLOBAL,217003,90.46263,71.011154,-17.88339,-5.283196,-0.44723308,1.8622837,-1.8591648,-0.9480822,0.11753617,0.27794173,0.1133449324294648,0.0144927536231884
ZENODO_10369064,S52,SNP_CLUSTER_03,core_SNP_TruncatedSVD20_KMeans8_fit_HPGP_GLOBAL,217003,90.492714,68.43462,-16.012012,-3.6251624,-0.7864584,1.9246949,-0.86417377,-0.43879202,0.2772958,-0.30522117,0.1053312082474322,0.0072463768115942
ZENODO_10369064,S56,SNP_CLUSTER_03,core_SNP_TruncatedSVD20_KMeans8_fit_HPGP_GLOBAL,217003,91.24528,70.852425,-18.135757,-5.2461085,-0.4317169,2.3529642,-1.0684537,-0.65916264,0.7665889,0.22215788,0.1465856379178517,0.0797101449275362
ZENODO_10369064,S57,SNP_CLUSTER_03,core_SNP_TruncatedSVD20_KMeans8_fit_HPGP_GLOBAL,217003,90.61597,70.824554,-18.122263,-5.3170238,-0.451345,1.982785,-1.2325639,-0.4797994,0.58521247,-0.02442675,0.0949355605922615,0.002415458937198
ZENODO_10369064,S64,SNP_CLUSTER_03,core_SNP_TruncatedSVD20_KMeans8_fit_HPGP_GLOBAL,217003,90.369576,69.78261,-16.806322,-4.60309,-0.27386013,1.7492725,-1.2533582,-0.4731493,0.076079324,-0.009344907,0.1075154811584537,0.0072463768115942
CHINA_NINGXIA_2022,SHZY39,SNP_CLUSTER_04,core_SNP_TruncatedSVD20_KMeans8_fit_HPGP_GLOBAL,217003,93.57753,2.6582582,2.745759,-8.969978,2.8604245,6.057985,-7.5511756,-3.0053134,3.9234433,1.3551415,0.9642048942406178,0.8840579710144928
HPGP_GLOBAL,ALG-001,SNP_CLUSTER_04,core_SNP_TruncatedSVD20_KMeans8_fit_HPGP_GLOBAL,217003,94.38375,-17.972883,8.691018,-9.078984,1.2291262,3.218034,-3.0126326,-7.384321,3.7493832,1.5104063,0.3564580478175205,0.4202898550724637
HPGP_GLOBAL,ALG-002,SNP_CLUSTER_04,core_SNP_TruncatedSVD20_KMeans8_fit_HPGP_GLOBAL,217003,94.90316,-19.894022,-0.09873826,-6.568788,0.7056906,3.844603,-2.2437856,-8.029381,2.8189082,3.5780308,0.5715889980728698,0.678743961352657
HPGP_GLOBAL,ALG-003,SNP_CLUSTER_04,core_SNP_TruncatedSVD20_KMeans8_fit_HPGP_GLOBAL,217003,96.77403,-22.1135,-0.67535233,-10.846176,1.5577502,6.360767,-3.6377802,-8.637309,5.0571237,1.3034794,0.8332121707230742,0.8429951690821256
HPGP_GLOBAL,ALG-004,SNP_CLUSTER_04,core_SNP_TruncatedSVD20_KMeans8_fit_HPGP_GLOBAL,217003,94.210396,-17.51491,6.66057,-9.164458,1.7859368,4.0868425,-3.0728824,-6.8879666,1.3131666,2.4911754,0.3641846227734009,0.4371980676328502
HPGP_GLOBAL,ALG-005,SNP_CLUSTER_04,core_SNP_TruncatedSVD20_KMeans8_fit_HPGP_GLOBAL,217003,94.82965,-17.227495,8.662272,-10.010826,1.1366872,3.5275846,-3.778191,-6.8351617,1.5411714,-0.80450964,0.4598587236376728,0.572463768115942
HPGP_GLOBAL,ALG-007,SNP_CLUSTER_04,core_SNP_TruncatedSVD20_KMeans8_fit_HPGP_GLOBAL,217003,94.95488,-17.068386,8.360552,-8.285918,1.3469013,3.152151,-4.801154,-7.4777455,1.8480308,1.9695138,0.3568908513879563,0.4227053140096618
HPGP_GLOBAL,ALG-008,SNP_CLUSTER_04,core_SNP_TruncatedSVD20_KMeans8_fit_HPGP_GLOBAL,217003,94.466995,-18.243048,1.9928824,-6.8543673,0.20302747,3.8230815,-1.8952112,-7.9172373,2.226283,0.20082591,0.4448501933468994,0.5652173913043478
HPGP_GLOBAL,ALG-009,SNP_CLUSTER_04,core_SNP_TruncatedSVD20_KMeans8_fit_HPGP_GLOBAL,217003,94.78928,-18.560493,7.313618,-11.07881,0.31189534,3.8116744,-4.3180814,-6.7072105,2.0471516,2.0518706,0.3625771590601127,0.4323671497584541
HPGP_GLOBAL,ALG-010,SNP_CLUSTER_04,core_SNP_TruncatedSVD20_KMeans8_fit_HPGP_GLOBAL,217003,93.9933,-16.583595,7.327221,-8.925689,1.3105518,3.9281101,-4.144026,-6.431203,2.5229776,1.2419722,0.3221203955455301,0.3502415458937198
HPGP_GLOBAL,ARG-001,SNP_CLUSTER_04,core_SNP_TruncatedSVD20_KMeans8_fit_HPGP_GLOBAL,217003,92.32668,-13.588483,9.729738,-5.7635126,0.30430916,3.9094627,-0.06954444,-0.84805655,2.153325,-0.119207546,0.4075113875230299,0.5048309178743962
HPGP_GLOBAL,ARG-002,SNP_CLUSTER_04,core_SNP_TruncatedSVD20_KMeans8_fit_HPGP_GLOBAL,217003,93.583305,-10.471711,1.9953446,-6.8447485,0.6685993,0.63295364,1.622954,-2.945963,-0.04572049,0.31384304,0.569575774125702,0.6763285024154589
HPGP_GLOBAL,ARG-003,SNP_CLUSTER_04,core_SNP_TruncatedSVD20_KMeans8_fit_HPGP_GLOBAL,217003,93.35431,-15.523757,9.48906,-8.866518,1.0239171,4.0356784,-1.5309262,-4.014008,1.3498926,-0.81688946,0.3018673735657859,0.3091787439613526
HPGP_GLOBAL,ARG-004,SNP_CLUSTER_04,core_SNP_TruncatedSVD20_KMeans8_fit_HPGP_GLOBAL,217003,94.04591,-15.660997,8.695044,-7.074978,0.06841454,4.1704392,0.5946123,-1.1835033,0.85398245,-1.0162905,0.2588600745321647,0.217391304347826
HPGP_GLOBAL,ARG-005,SNP_CLUSTER_04,core_SNP_TruncatedSVD20_KMeans8_fit_HPGP_GLOBAL,217003,93.685234,-16.047506,8.708793,-8.3316,0.030559713,3.8270273,0.9330344,-3.061809,-1.2818592,-1.274712,0.358681243893603,0.427536231884058
HPGP_GLOBAL,ARG-007,SNP_CLUSTER_04,core_SNP_TruncatedSVD20_KMeans8_fit_HPGP_GLOBAL,217003,94.19815,-15.66265,6.0132117,-6.8745756,-0.88323456,3.4572577,3.645946,2.1897862,2.161956,-4.1851106,0.3858858422106872,0.463768115942029
HPGP_GLOBAL,BRA-006,SNP_CLUSTER_04,core_SNP_TruncatedSVD20_KMeans8_fit_HPGP_GLOBAL,217003,94.19907,-17.62381,5.9575405,-6.8622727,0.021337893,4.3697996,-0.67478216,-0.9641022,0.71231884,-3.2322001,0.4041302336737992,0.4975845410628019
HPGP_GLOBAL,BRA-009,SNP_CLUSTER_04,core_SNP_TruncatedSVD20_KMeans8_fit_HPGP_GLOBAL,217003,94.41472,-18.321667,4.6515718,-7.3411264,0.19556122,2.271411,-1.5134635,-2.9604528,3.0690024,0.100086,0.4966233902213437,0.6207729468599034
HPGP_GLOBAL,BRA-017,SNP_CLUSTER_04,core_SNP_TruncatedSVD20_KMeans8_fit_HPGP_GLOBAL,217003,94.82152,-14.160421,8.4771385,-8.308811,0.36680767,1.7612981,0.7776381,-1.9258455,-0.37032482,0.40437883,0.369419362827964,0.4468599033816425
HPGP_GLOBAL,CHI-001,SNP_CLUSTER_04,core_SNP_TruncatedSVD20_KMeans8_fit_HPGP_GLOBAL,217003,92.936295,-11.23166,11.903485,-11.479929,0.87918407,-5.5664062,-2.5252087,-3.3156729,-0.89051944,0.7059789,1.035387229273346,0.8985507246376812
HPGP_GLOBAL,CHI-002,SNP_CLUSTER_04,core_SNP_TruncatedSVD20_KMeans8_fit_HPGP_GLOBAL,217003,93.34617,-10.737916,12.673996,-13.747695,1.2244679,-13.743719,-3.580091,0.55629563,0.42661104,14.280341,2.229540899394256,0.9806763285024156
HPGP_GLOBAL,CHI-008,SNP_CLUSTER_04,core_SNP_TruncatedSVD20_KMeans8_fit_HPGP_GLOBAL,217003,93.97596,-12.117702,10.20617,-12.189443,0.21491791,-14.143738,-1.1019603,0.019662326,-2.5546625,1.7117451,1.763926354965106,0.9444444444444444
HPGP_GLOBAL,CHI-103,SNP_CLUSTER_04,core_SNP_TruncatedSVD20_KMeans8_fit_HPGP_GLOBAL,217003,93.46794,-8.267035,11.725855,-16.856365,0.4151364,-16.68996,-2.8488042,4.616088,-2.4936113,31.6064,2.2261624371723165,0.9782608695652174
HPGP_GLOBAL,CHI-106,SNP_CLUSTER_04,core_SNP_TruncatedSVD20_KMeans8_fit_HPGP_GLOBAL,217003,93.288086,-10.832646,7.1569805,-15.421613,-0.2945574,-14.500883,4.7440195,9.012321,-3.504044,24.696205,1.9071099126569089,0.9565217391304348
HPGP_GLOBAL,CHI-107,SNP_CLUSTER_04,core_SNP_TruncatedSVD20_KMeans8_fit_HPGP_GLOBAL,217003,93.97698,-10.45477,12.054382,-16.656612,0.6194263,-16.412998,-3.181663,3.442243,-2.391735,29.989513,2.158640014024777,0.9758454106280192
HPGP_GLOBAL,COL-005,SNP_CLUSTER_04,core_SNP_TruncatedSVD20_KMeans8_fit_HPGP_GLOBAL,217003,94.043594,-12.364714,5.902421,-8.667027,0.12091056,3.8104901,-1.422435,-6.5952063,3.0402012,0.61634505,0.3808754986337863,0.4589371980676328
HPGP_GLOBAL,FRA-002,SNP_CLUSTER_04,core_SNP_TruncatedSVD20_KMeans8_fit_HPGP_GLOBAL,217003,91.215996,-9.435542,13.902873,0.42995182,0.2991008,2.6061141,-0.7101187,-0.9970377,2.6698334,-1.1899284,0.4220238172312539,0.5289855072463768
HPGP_GLOBAL,FRA-003,SNP_CLUSTER_04,core_SNP_TruncatedSVD20_KMeans8_fit_HPGP_GLOBAL,217003,91.43525,-11.394369,14.601871,-3.2896469,0.15937833,2.3382235,-2.93334,-3.098039,1.7820512,-0.16468318,0.4735458864589423,0.5893719806763285
HPGP_GLOBAL,FRA-004,SNP_CLUSTER_04,core_SNP_TruncatedSVD20_KMeans8_fit_HPGP_GLOBAL,217003,91.8932,-9.823345,13.763848,-1.0341902,-0.07472765,2.7205615,-0.31901887,-2.1681626,2.9635863,-0.35556918,0.4378303352419638,0.5555555555555556
HPGP_GLOBAL,FRA-005,SNP_CLUSTER_04,core_SNP_TruncatedSVD20_KMeans8_fit_HPGP_GLOBAL,217003,93.365036,-14.482351,12.78495,-10.127666,0.50064373,1.1171573,-1.8158365,-1.260368,0.4541042,0.679587,0.414936052263762,0.5217391304347826
HPGP_GLOBAL,FRA-006,SNP_CLUSTER_04,core_SNP_TruncatedSVD20_KMeans8_fit_HPGP_GLOBAL,217003,90.642204,-6.6257157,21.354057,-1.7390325,0.16401418,2.7729132,-6.8916945,-2.66652,2.831615,3.309741,0.3336771360539726,0.3792270531400966
HPGP_GLOBAL,FRA-008,SNP_CLUSTER_04,core_SNP_TruncatedSVD20_KMeans8_fit_HPGP_GLOBAL,217003,90.79288,-8.190907,18.431314,-0.10027601,-0.1811835,3.0105073,-3.9593217,-2.8106399,1.8687592,2.3283257,0.3585646658891983,0.4251207729468599
HPGP_GLOBAL,FRA-009,SNP_CLUSTER_04,core_SNP_TruncatedSVD20_KMeans8_fit_HPGP_GLOBAL,217003,94.260345,-17.373253,7.0347834,-7.812599,1.3697187,3.6057632,-4.678712,-7.3468127,4.6371174,2.8879118,0.4457792363415982,0.5676328502415459
HPGP_GLOBAL,FRA-010,SNP_CLUSTER_04,core_SNP_TruncatedSVD20_KMeans8_fit_HPGP_GLOBAL,217003,94.44525,-16.006332,10.570224,-8.89222,0.3195282,3.24613,-0.10943605,-1.2640623,0.23173839,-1.4914393,0.2442491374017911,0.1739130434782608
HPGP_GLOBAL,FRA-018,SNP_CLUSTER_04,core_SNP_TruncatedSVD20_KMeans8_fit_HPGP_GLOBAL,217003,92.52735,-10.176115,16.056278,-2.3981247,0.42890152,5.32905,-5.8743014,-1.348609,4.1925244,0.227217,0.5062884584817017,0.6280193236714976
HPGP_GLOBAL,FRA-019,SNP_CLUSTER_04,core_SNP_TruncatedSVD20_KMeans8_fit_HPGP_GLOBAL,217003,91.38165,-8.062175,16.677532,0.21470211,0.21793233,3.000233,-1.0196477,-2.024385,1.8053188,-0.55797315,0.4078478425208879,0.5072463768115942
HPGP_GLOBAL,GER-018,SNP_CLUSTER_04,core_SNP_TruncatedSVD20_KMeans8_fit_HPGP_GLOBAL,217003,93.16819,-11.758524,14.128971,-5.8990693,0.40249652,3.4602013,-3.0783186,-4.104654,-0.14928208,-0.15747191,0.3885489352162209,0.466183574879227
HPGP_GLOBAL,GRE-003,SNP_CLUSTER_04,core_SNP_TruncatedSVD20_KMeans8_fit_HPGP_GLOBAL,217003,91.343445,-8.516099,21.08837,-2.9880805,-0.046185706,3.912465,-7.6248174,-3.346602,3.1709597,3.682247,0.4240479515227641,0.538647342995169
HPGP_GLOBAL,GRE-041,SNP_CLUSTER_04,core_SNP_TruncatedSVD20_KMeans8_fit_HPGP_GLOBAL,217003,91.04755,-6.4693265,22.922682,-1.0039053,0.64624417,5.7517743,-11.641469,-5.463159,8.878893,8.66346,0.920534452975717,0.8719806763285024
HPGP_GLOBAL,GRE-046,SNP_CLUSTER_04,core_SNP_TruncatedSVD20_KMeans8_fit_HPGP_GLOBAL,217003,91.03351,-6.4644313,22.921537,-0.9985755,0.6544386,5.7578273,-11.652467,-5.4608026,8.878454,8.672928,0.9210526643026584,0.8743961352657005
HPGP_GLOBAL,HON-024,SNP_CLUSTER_04,core_SNP_TruncatedSVD20_KMeans8_fit_HPGP_GLOBAL,217003,93.168434,-12.117959,12.748537,-8.792241,-0.45711842,4.2958364,-4.039065,-1.3944687,0.29544583,-2.3078816,0.4710216767064871,0.5845410628019324
HPGP_GLOBAL,ISR-002,SNP_CLUSTER_04,core_SNP_TruncatedSVD20_KMeans8_fit_HPGP_GLOBAL,217003,92.147606,-12.229651,21.289778,-6.770499,0.9786743,4.8262005,-8.077353,-3.819629,4.3268275,2.3930817,0.3679342707992274,0.4420289855072464
HPGP_GLOBAL,ISR-004,SNP_CLUSTER_04,core_SNP_TruncatedSVD20_KMeans8_fit_HPGP_GLOBAL,217003,92.7627,-10.8721285,20.832272,-7.347003,1.429783,4.287577,-8.505472,-4.8600073,5.215336,0.9856461,0.4040096349959182,0.4951690821256038
HPGP_GLOBAL,ITA-002,SNP_CLUSTER_04,core_SNP_TruncatedSVD20_KMeans8_fit_HPGP_GLOBAL,217003,90.538864,-6.998343,20.24352,-1.0925831,0.52258384,1.751393,-5.509929,-2.1255968,1.6066434,2.191959,0.3358276427218299,0.3864734299516908
HPGP_GLOBAL,ITA-003,SNP_CLUSTER_04,core_SNP_TruncatedSVD20_KMeans8_fit_HPGP_GLOBAL,217003,91.232315,-9.962221,16.25725,-2.7552464,0.56110007,3.594425,-5.486799,-1.7973558,2.157981,2.5495596,0.3691109180245736,0.4444444444444444
HPGP_GLOBAL,ITA-006,SNP_CLUSTER_04,core_SNP_TruncatedSVD20_KMeans8_fit_HPGP_GLOBAL,217003,89.46773,-6.8092585,20.014273,-1.1324252,0.07787042,3.0345328,-6.0894456,-2.7119856,2.7550256,3.4705608,0.3937773654767411,0.4758454106280193
HPGP_GLOBAL,ITA-011,SNP_CLUSTER_04,core_SNP_TruncatedSVD20_KMeans8_fit_HPGP_GLOBAL,217003,92.029724,-11.299078,17.715265,-5.6948647,1.0239145,4.605703,-5.9250154,-3.8272681,3.4926324,2.5108457,0.398555580991172,0.4855072463768116
HPGP_GLOBAL,JOR-004,SNP_CLUSTER_04,core_SNP_TruncatedSVD20_KMeans8_fit_HPGP_GLOBAL,217003,92.14474,-10.661924,19.839123,-6.5814285,1.5609396,3.4898744,-8.282564,-5.204089,4.652198,2.821661,0.4065488603060118,0.5024154589371981
HPGP_GLOBAL,JOR-005,SNP_CLUSTER_04,core_SNP_TruncatedSVD20_KMeans8_fit_HPGP_GLOBAL,217003,92.93298,-13.908102,15.473344,-7.514867,0.8242871,6.857154,-8.532162,-4.649399,5.978932,1.4204998,0.4634877190711696,0.5772946859903382
HPGP_GLOBAL,JOR-006,SNP_CLUSTER_04,core_SNP_TruncatedSVD20_KMeans8_fit_HPGP_GLOBAL,217003,92.43296,-11.811332,18.522926,-7.0519476,0.99986696,5.846071,-8.114424,-2.5900419,5.3598986,5.22511,0.5728625350721495,0.6811594202898551
HPGP_GLOBAL,JOR-007,SNP_CLUSTER_04,core_SNP_TruncatedSVD20_KMeans8_fit_HPGP_GLOBAL,217003,94.1498,-14.088165,14.82583,-8.408769,1.6976849,5.699059,-8.903711,-4.49831,6.305733,2.6263847,0.5055198993532246,0.6256038647342995
HPGP_GLOBAL,JOR-009,SNP_CLUSTER_04,core_SNP_TruncatedSVD20_KMeans8_fit_HPGP_GLOBAL,217003,93.48225,-13.281341,19.873915,-8.97107,1.7823491,5.2482085,-9.385542,-4.3666654,4.85353,2.7761204,0.4117939758022606,0.5169082125603864
HPGP_GLOBAL,MAL-007,SNP_CLUSTER_04,core_SNP_TruncatedSVD20_KMeans8_fit_HPGP_GLOBAL,217003,97.94766,-21.694164,5.7857833,-18.05119,5.125406,11.910423,-15.43408,-8.197267,10.6966505,3.5491507,1.5765460446051398,0.9347826086956522
HPGP_GLOBAL,MEX-007,SNP_CLUSTER_04,core_SNP_TruncatedSVD20_KMeans8_fit_HPGP_GLOBAL,217003,93.219955,-11.761607,8.930561,-6.537961,-0.102016546,2.255702,0.48808596,-1.5826366,0.5053922,-1.4444959,0.3361779739134918,0.3888888888888889
HPGP_GLOBAL,MEX-008,SNP_CLUSTER_04,core_SNP_TruncatedSVD20_KMeans8_fit_HPGP_GLOBAL,217003,91.851135,-0.9568666,5.5744505,-7.798407,0.33463514,0.61126107,0.053989384,-0.6093164,-0.6600835,-1.6871792,0.6791294124141178,0.7415458937198067
HPGP_GLOBAL,MEX-009,SNP_CLUSTER_04,core_SNP_TruncatedSVD20_KMeans8_fit_HPGP_GLOBAL,217003,94.21522,-10.67009,7.6686206,-8.016946,0.15827154,1.1224902,-1.9399735,-3.5958922,-5.6587243,-1.2267867,0.8343037846766315,0.8454106280193237
HPGP_GLOBAL,PER-103,SNP_CLUSTER_04,core_SNP_TruncatedSVD20_KMeans8_fit_HPGP_GLOBAL,217003,94.457344,-12.803322,5.5503016,-9.542657,-0.118128605,2.6816387,-0.22962485,-6.5098763,3.482366,0.4197275,0.473303889018085,0.5869565217391305
HPGP_GLOBAL,POR-002,SNP_CLUSTER_04,core_SNP_TruncatedSVD20_KMeans8_fit_HPGP_GLOBAL,217003,95.26399,-17.174171,5.337473,-9.880358,0.7162123,5.006918,2.870377,1.2779411,2.8933768,-3.9131114,0.4798840748434386,0.6014492753623188
HPGP_GLOBAL,POR-003,SNP_CLUSTER_04,core_SNP_TruncatedSVD20_KMeans8_fit_HPGP_GLOBAL,217003,93.16468,-14.968936,11.44731,-8.970732,0.31993094,3.4366612,-0.33429402,-2.8241456,-0.40548784,0.13124391,0.2786476923447231,0.2608695652173913
HPGP_GLOBAL,POR-005,SNP_CLUSTER_04,core_SNP_TruncatedSVD20_KMeans8_fit_HPGP_GLOBAL,217003,95.056015,-16.293236,6.4752326,-7.4762244,0.2924643,5.336173,5.1267614,2.111663,1.3562776,-4.654403,0.3811694340302524,0.4613526570048309
HPGP_GLOBAL,POR-010,SNP_CLUSTER_04,core_SNP_TruncatedSVD20_KMeans8_fit_HPGP_GLOBAL,217003,93.92087,-15.153123,12.280106,-9.792972,1.1076008,5.200127,-2.900853,-3.1509569,0.6450238,-0.31464738,0.3079077398546943,0.3309178743961353
HPGP_GLOBAL,POR-018,SNP_CLUSTER_04,core_SNP_TruncatedSVD20_KMeans8_fit_HPGP_GLOBAL,217003,94.06202,-15.6691,10.37528,-9.200638,0.5991484,4.8224444,-1.6924716,-1.8089124,0.59904927,2.2426887,0.4279585126116689,0.5458937198067633
HPGP_GLOBAL,POR-104,SNP_CLUSTER_04,core_SNP_TruncatedSVD20_KMeans8_fit_HPGP_GLOBAL,217003,93.36189,-16.475174,7.0591173,-8.895613,-0.583814,3.7697093,4.2377934,2.376016,0.8027824,-3.1549704,0.3075503967414705,0.3260869565217391
HPGP_GLOBAL,POR-105,SNP_CLUSTER_04,core_SNP_TruncatedSVD20_KMeans8_fit_HPGP_GLOBAL,217003,93.13625,-15.444376,12.255438,-9.26938,0.6442838,3.2465684,0.124054275,-0.78875107,0.20094523,2.2880862,0.4338053577668083,0.5531400966183575
HPGP_GLOBAL,POR-106,SNP_CLUSTER_04,core_SNP_TruncatedSVD20_KMeans8_fit_HPGP_GLOBAL,217003,93.75634,-15.313087,11.570384,-9.345298,0.986097,5.088448,-0.90525335,-3.251942,0.52977824,-0.40668637,0.2616396049152944,0.2198067632850241
HPGP_GLOBAL,POR-107,SNP_CLUSTER_04,core_SNP_TruncatedSVD20_KMeans8_fit_HPGP_GLOBAL,217003,92.69004,-15.970908,10.019343,-7.8705745,0.8084523,4.0233197,1.267974,-1.1235919,0.8513657,-1.9114225,0.3495066800531585,0.4082125603864734
HPGP_GLOBAL,POR-109,SNP_CLUSTER_04,core_SNP_TruncatedSVD20_KMeans8_fit_HPGP_GLOBAL,217003,94.06196,-14.615602,11.935077,-7.733357,0.14217389,4.324609,-0.19561139,-0.66307235,0.8718167,-1.7684447,0.2408867728653259,0.1714975845410628
HPGP_GLOBAL,PRI-001,SNP_CLUSTER_04,core_SNP_TruncatedSVD20_KMeans8_fit_HPGP_GLOBAL,217003,94.75142,-16.905972,9.583661,-11.667837,0.6323558,8.971013,-8.193599,-15.675876,-62.033817,0.31270316,4.132905551251892,0.9879227053140096
HPGP_GLOBAL,PRI-002,SNP_CLUSTER_04,core_SNP_TruncatedSVD20_KMeans8_fit_HPGP_GLOBAL,217003,94.27011,-15.452613,11.096886,-11.690793,0.35559958,10.092435,-9.207969,-17.007738,-72.31669,0.22183557,4.282742216616688,0.9927536231884058
HPGP_GLOBAL,PRI-004,SNP_CLUSTER_04,core_SNP_TruncatedSVD20_KMeans8_fit_HPGP_GLOBAL,217003,95.51243,-18.410492,4.135044,-11.218826,0.34259304,10.012099,-9.187914,-15.582803,-71.21747,0.0040867226,4.2242931130853645,0.9903381642512076
HPGP_GLOBAL,PRI-006,SNP_CLUSTER_04,core_SNP_TruncatedSVD20_KMeans8_fit_HPGP_GLOBAL,217003,94.9414,-16.97817,8.517252,-11.788701,0.4991603,9.682844,-7.7625866,-17.453701,-73.815735,-0.59574956,4.40576981257483,0.9951690821256038
HPGP_GLOBAL,SPA-003,SNP_CLUSTER_04,core_SNP_TruncatedSVD20_KMeans8_fit_HPGP_GLOBAL,217003,93.64215,-15.477894,10.720681,-8.252132,0.35322812,3.43556,-1.2799737,-0.9651471,1.1477149,-0.123994425,0.2539623455259514,0.2101449275362318
HPGP_GLOBAL,SPA-005,SNP_CLUSTER_04,core_SNP_TruncatedSVD20_KMeans8_fit_HPGP_GLOBAL,217003,93.187904,-15.51985,10.4848,-7.236028,0.7257678,4.4761047,-1.3331419,-3.000802,0.4981699,-0.4686759,0.2552564172892008,0.214975845410628
HPGP_GLOBAL,SPA-006,SNP_CLUSTER_04,core_SNP_TruncatedSVD20_KMeans8_fit_HPGP_GLOBAL,217003,94.367355,-15.795991,9.69713,-7.9270563,0.011912562,4.6137066,-1.6499479,-3.2899413,-0.7116856,-0.20916958,0.3323777502114411,0.3743961352657005
HPGP_GLOBAL,SPA-009,SNP_CLUSTER_04,core_SNP_TruncatedSVD20_KMeans8_fit_HPGP_GLOBAL,217003,93.30076,-14.299746,13.97265,-8.035646,0.26336777,4.7067027,-1.7784469,-3.0334518,0.40626964,-0.29022813,0.2508353569247471,0.1908212560386473
HPGP_GLOBAL,SPA-012,SNP_CLUSTER_04,core_SNP_TruncatedSVD20_KMeans8_fit_HPGP_GLOBAL,217003,94.19091,-16.049545,9.041841,-8.03079,0.5248231,3.055011,-0.65389985,-1.2537737,-0.24202718,-0.7325505,0.2352827347272313,0.1642512077294686
HPGP_GLOBAL,SPA-017,SNP_CLUSTER_04,core_SNP_TruncatedSVD20_KMeans8_fit_HPGP_GLOBAL,217003,94.52412,-14.896639,7.9507866,-6.409336,-0.090220764,5.108268,2.023933,1.2950708,1.5036274,-2.3989143,0.3470069633771652,0.4033816425120773
HPGP_GLOBAL,SPA-105,SNP_CLUSTER_04,core_SNP_TruncatedSVD20_KMeans8_fit_HPGP_GLOBAL,217003,94.71792,-17.557734,3.1408577,-5.117413,0.19211425,3.9382682,-1.801768,-7.2975674,0.9839794,-0.93784,0.5594055977455592,0.6642512077294686
HPGP_GLOBAL,SPA-108,SNP_CLUSTER_04,core_SNP_TruncatedSVD20_KMeans8_fit_HPGP_GLOBAL,217003,92.59915,-14.355398,10.183246,-5.988859,-0.06508377,3.128904,1.1556873,-1.2489189,-1.598161,-0.99114746,0.4227962862391748,0.5314009661835749
HPGP_GLOBAL,SPA-111,SNP_CLUSTER_04,core_SNP_TruncatedSVD20_KMeans8_fit_HPGP_GLOBAL,217003,92.35267,-13.923819,14.567776,-8.158993,0.6138362,3.936088,-1.8613391,-3.8586488,1.1469456,2.3973234,0.4841286556112277,0.6111111111111112
HPGP_GLOBAL,SPA-201,SNP_CLUSTER_04,core_SNP_TruncatedSVD20_KMeans8_fit_HPGP_GLOBAL,217003,94.09004,-15.610987,9.312698,-7.3637805,0.63161343,5.0129843,0.07111725,0.50322556,1.0935333,-1.2122289,0.3044000282879845,0.3140096618357488
HPGP_GLOBAL,SPA-203,SNP_CLUSTER_04,core_SNP_TruncatedSVD20_KMeans8_fit_HPGP_GLOBAL,217003,93.61787,-15.419051,12.90373,-9.294831,0.95813894,1.3450814,-3.062012,-2.8362038,2.2018855,3.9866626,0.5994167307279661,0.7101449275362319
HPGP_GLOBAL,SPA-205,SNP_CLUSTER_04,core_SNP_TruncatedSVD20_KMeans8_fit_HPGP_GLOBAL,217003,93.124756,-13.801043,13.087039,-8.038554,0.87601453,4.889014,-2.3824089,-2.3099172,1.5935465,-0.28411686,0.2701012702483417,0.2415458937198067
HPGP_GLOBAL,SPA-210,SNP_CLUSTER_04,core_SNP_TruncatedSVD20_KMeans8_fit_HPGP_GLOBAL,217003,94.52236,-14.756622,12.967946,-8.52992,0.58121943,3.2123818,-1.0771937,-0.662101,2.045751,-1.3179244,0.285190345361368,0.2777777777777778
HPGP_GLOBAL,SPA-301,SNP_CLUSTER_04,core_SNP_TruncatedSVD20_KMeans8_fit_HPGP_GLOBAL,217003,94.60305,-15.816571,7.398411,-6.4872756,-0.16546272,2.8330967,2.2243946,-1.3546716,2.499662,-3.0942936,0.467680156179009,0.5797101449275363
HPGP_GLOBAL,SPA-303,SNP_CLUSTER_04,core_SNP_TruncatedSVD20_KMeans8_fit_HPGP_GLOBAL,217003,91.11159,-13.970057,11.803578,-6.1005354,0.5415195,2.6588387,-1.8576082,-1.5555454,1.4382788,-0.99365,0.4816316072779509,0.606280193236715
HPGP_GLOBAL,SPA-311,SNP_CLUSTER_04,core_SNP_TruncatedSVD20_KMeans8_fit_HPGP_GLOBAL,217003,93.33429,-13.811937,12.260416,-6.9658785,-0.08286378,4.026317,-0.042860404,-0.381546,-0.02846644,-2.595444,0.327382672567152,0.3623188405797101
HPGP_GLOBAL,SPA-315,SNP_CLUSTER_04,core_SNP_TruncatedSVD20_KMeans8_fit_HPGP_GLOBAL,217003,92.91524,-12.865178,10.62852,-4.8947115,0.35028693,3.5140486,0.01427158,-0.7837141,1.554716,-2.1074913,0.3512299306550005,0.4106280193236715
HPGP_GLOBAL,SPA-321,SNP_CLUSTER_04,core_SNP_TruncatedSVD20_KMeans8_fit_HPGP_GLOBAL,217003,94.18533,-14.82473,10.891495,-8.645545,-0.36421263,5.203827,1.30539,-0.847096,0.6079535,-1.9812752,0.3060163392088171,0.3164251207729469
HPGP_GLOBAL,SPA-401,SNP_CLUSTER_04,core_SNP_TruncatedSVD20_KMeans8_fit_HPGP_GLOBAL,217003,92.914604,-15.068594,11.748664,-8.710467,0.45294753,3.1676083,-0.87399256,-3.6177564,-1.0816702,0.7293134,0.3324105005755186,0.3768115942028985
HPGP_GLOBAL,SPA-413,SNP_CLUSTER_04,core_SNP_TruncatedSVD20_KMeans8_fit_HPGP_GLOBAL,217003,93.82354,-15.43905,10.095646,-8.338305,0.67249084,3.5593343,-1.8725367,-5.1634054,-0.39589065,1.2080834,0.3984850076056857,0.4830917874396135
HPGP_GLOBAL,SPA-502,SNP_CLUSTER_04,core_SNP_TruncatedSVD20_KMeans8_fit_HPGP_GLOBAL,217003,94.215935,-15.814572,8.920445,-7.106282,0.38449985,3.048884,0.4884984,-2.7381828,0.82567006,-1.2392162,0.2638476061033906,0.2294685990338164
HPGP_GLOBAL,SPA-508,SNP_CLUSTER_04,core_SNP_TruncatedSVD20_KMeans8_fit_HPGP_GLOBAL,217003,93.84804,-15.590079,10.473372,-7.8516417,0.38459572,3.863941,-1.4400122,-1.9049177,2.6907754,-0.57670414,0.2694872318909229,0.2391304347826087
HPGP_GLOBAL,SPA-607,SNP_CLUSTER_04,core_SNP_TruncatedSVD20_KMeans8_fit_HPGP_GLOBAL,217003,94.68038,-15.631488,9.1282625,-8.162186,0.25158,5.0029445,3.2566419,2.0449245,2.7795932,-1.3796005,0.4309793257758342,0.5507246376811594
HPGP_GLOBAL,SPA-703,SNP_CLUSTER_04,core_SNP_TruncatedSVD20_KMeans8_fit_HPGP_GLOBAL,217003,93.65332,-14.129378,14.092352,-9.467633,0.6550756,2.0070605,-3.537756,-3.699231,0.8989379,0.06120822,0.4277677986859805,0.5434782608695652
HPGP_GLOBAL,SPA-705,SNP_CLUSTER_04,core_SNP_TruncatedSVD20_KMeans8_fit_HPGP_GLOBAL,217003,93.79835,-14.541715,12.910188,-8.40513,0.1074003,3.554081,-1.4128209,-1.5090417,2.0248964,-0.54648536,0.2303465911714268,0.1473429951690821
HPGP_GLOBAL,SPA-707,SNP_CLUSTER_04,core_SNP_TruncatedSVD20_KMeans8_fit_HPGP_GLOBAL,217003,93.38466,-13.240006,14.330627,-7.847095,0.11300324,3.9914703,-2.583723,-3.249851,2.4005995,-1.3405294,0.3256493661182565,0.357487922705314
HPGP_GLOBAL,SPA-803,SNP_CLUSTER_04,core_SNP_TruncatedSVD20_KMeans8_fit_HPGP_GLOBAL,217003,93.79068,-15.13369,8.262704,-7.5256166,-0.28312072,4.2924547,1.767089,1.1550016,1.7075891,-2.6588485,0.3474297255265603,0.4057971014492754
HPGP_GLOBAL,SPA-805,SNP_CLUSTER_04,core_SNP_TruncatedSVD20_KMeans8_fit_HPGP_GLOBAL,217003,94.64256,-15.179142,10.438684,-7.5099087,0.19947653,3.615544,0.3860279,-3.1124198,0.45158732,-1.5134925,0.2887498415481397,0.2826086956521739
HPGP_GLOBAL,SWE-006,SNP_CLUSTER_04,core_SNP_TruncatedSVD20_KMeans8_fit_HPGP_GLOBAL,217003,92.07096,-9.1151,17.921682,-2.2313771,-0.02550746,4.396681,-4.821709,-2.361023,3.298052,2.6289964,0.4031804601785786,0.4903381642512077
HPGP_GLOBAL,SWT-001,SNP_CLUSTER_04,core_SNP_TruncatedSVD20_KMeans8_fit_HPGP_GLOBAL,217003,94.65573,-16.199879,9.308669,-7.677789,-0.2977587,4.406027,-3.6956923,-1.7792504,1.0686707,-0.40732244,0.4081477027321405,0.5096618357487923
HPGP_GLOBAL,SWT-010,SNP_CLUSTER_04,core_SNP_TruncatedSVD20_KMeans8_fit_HPGP_GLOBAL,217003,97.799164,-21.230618,6.222269,-17.214918,5.878106,10.438506,-14.387777,-7.9646096,10.6312895,3.6207583,1.4657272794357676,0.929951690821256
HPGP_GLOBAL,SWT-012,SNP_CLUSTER_04,core_SNP_TruncatedSVD20_KMeans8_fit_HPGP_GLOBAL,217003,94.06233,-15.986915,9.070812,-9.155235,0.52484465,3.0076065,-1.1600875,-1.6492811,-0.04191783,-0.5288352,0.2522107048279504,0.2028985507246377
HPGP_GLOBAL,SWT-013,SNP_CLUSTER_04,core_SNP_TruncatedSVD20_KMeans8_fit_HPGP_GLOBAL,217003,91.60802,-8.943997,22.440357,-3.4098144,0.90940654,3.6811757,-6.951126,-3.651439,3.6877277,0.7690135,0.4682347671704462,0.5821256038647343
HPGP_GLOBAL,SWT-015,SNP_CLUSTER_04,core_SNP_TruncatedSVD20_KMeans8_fit_HPGP_GLOBAL,217003,93.9584,-16.114475,11.663745,-9.610411,0.4126866,5.324728,-1.0904115,-0.99375594,2.0661778,-0.18209393,0.3145215931681913,0.3405797101449275
HPGP_GLOBAL,SWT-017,SNP_CLUSTER_04,core_SNP_TruncatedSVD20_KMeans8_fit_HPGP_GLOBAL,217003,91.945885,-11.074951,14.76234,-4.538389,0.90492445,4.89651,-6.232078,-2.4386065,2.495818,1.2255456,0.4016167919593835,0.4879227053140096
HPGP_GLOBAL,TUR-003,SNP_CLUSTER_04,core_SNP_TruncatedSVD20_KMeans8_fit_HPGP_GLOBAL,217003,90.33115,-6.4560685,21.209263,-0.3489981,0.13068421,1.7724048,-6.6103067,-3.2254143,2.3112159,1.2024161,0.3254405632061517,0.3550724637681159
HPGP_GLOBAL,TUR-010,SNP_CLUSTER_04,core_SNP_TruncatedSVD20_KMeans8_fit_HPGP_GLOBAL,217003,90.063965,-6.0103974,21.70367,-1.1280787,-0.18785906,3.1858995,-7.274156,-4.839925,3.8595092,1.8758258,0.4090378410253173,0.5120772946859904
HPGP_GLOBAL,USA-207,SNP_CLUSTER_04,core_SNP_TruncatedSVD20_KMeans8_fit_HPGP_GLOBAL,217003,94.68931,-12.5103035,9.100739,-8.343033,0.8422644,2.732796,-0.5311631,-0.045706034,0.86756146,0.13825385,0.3279471875433415,0.3695652173913043
HPGP_GLOBAL,USA-414,SNP_CLUSTER_04,core_SNP_TruncatedSVD20_KMeans8_fit_HPGP_GLOBAL,217003,92.396065,-12.458242,13.307255,-5.6306205,-0.12173013,2.8324766,-0.90635824,-4.1056886,-0.07179899,-0.3393736,0.394191465957852,0.4782608695652174
HPGP_GLOBAL,CHI-007,SNP_CLUSTER_05,core_SNP_TruncatedSVD20_KMeans8_fit_HPGP_GLOBAL,217003,94.261314,-11.943316,11.844472,-21.737223,0.67332125,-50.39192,-8.366324,-3.926636,0.69142276,-10.081608,0.5771730074658532,0.6884057971014492
HPGP_GLOBAL,CHI-010,SNP_CLUSTER_05,core_SNP_TruncatedSVD20_KMeans8_fit_HPGP_GLOBAL,217003,93.662056,-2.3570428,7.4179296,-13.174646,0.033145715,-28.873083,-4.15636,-1.0419983,-1.1256205,-3.9521904,2.3212716305908394,0.9830917874396136
HPGP_GLOBAL,CHI-014,SNP_CLUSTER_05,core_SNP_TruncatedSVD20_KMeans8_fit_HPGP_GLOBAL,217003,93.14843,-10.970756,12.821939,-20.929049,1.1151723,-46.18518,-8.143661,-3.0543633,-0.22562926,-6.9195766,0.6858620217827953,0.7439613526570048
HPGP_GLOBAL,CHI-017,SNP_CLUSTER_05,core_SNP_TruncatedSVD20_KMeans8_fit_HPGP_GLOBAL,217003,93.79377,-12.677641,11.776259,-21.420502,0.9894999,-48.252106,-6.973297,-3.2258132,0.2102686,-9.33226,0.4751004698478913,0.5966183574879227
HPGP_GLOBAL,CHI-101,SNP_CLUSTER_05,core_SNP_TruncatedSVD20_KMeans8_fit_HPGP_GLOBAL,217003,92.970436,-3.7233996,9.449881,-18.803175,0.23329253,-46.662655,-7.747335,-3.6779304,0.002152454,-14.930073,0.7577342131188476,0.7946859903381642
HPGP_GLOBAL,CHI-102,SNP_CLUSTER_05,core_SNP_TruncatedSVD20_KMeans8_fit_HPGP_GLOBAL,217003,93.52363,-7.279282,9.735458,-18.659397,0.7986064,-45.9958,-6.5121346,-2.5868347,1.4279922,-9.704666,0.5821199607434526,0.6908212560386473
HPGP_GLOBAL,CHI-104,SNP_CLUSTER_05,core_SNP_TruncatedSVD20_KMeans8_fit_HPGP_GLOBAL,217003,93.7088,4.755449,5.57136,-18.115685,0.38801774,-45.97181,-6.250414,-1.0972283,-0.27267087,-13.4391165,0.8063617539411034,0.8260869565217391
HPGP_GLOBAL,CHI-113,SNP_CLUSTER_05,core_SNP_TruncatedSVD20_KMeans8_fit_HPGP_GLOBAL,217003,93.949486,-4.8392015,9.738318,-21.603132,0.75656736,-52.386223,-8.606184,-3.7106035,-0.42083156,-11.208483,0.7083251771222188,0.7608695652173914
HPGP_GLOBAL,CHI-114,SNP_CLUSTER_05,core_SNP_TruncatedSVD20_KMeans8_fit_HPGP_GLOBAL,217003,94.71333,-10.679927,9.314526,-19.740925,1.667115,-46.593243,-5.5344,-3.2437541,0.41126657,-9.173366,0.5863902749405462,0.6980676328502415
HPGP_GLOBAL,CHI-126,SNP_CLUSTER_05,core_SNP_TruncatedSVD20_KMeans8_fit_HPGP_GLOBAL,217003,93.49533,-6.6441097,9.812998,-19.94084,0.29108787,-50.41384,-6.982344,-2.9788136,0.08531533,-14.576334,0.6958716500008734,0.751207729468599
HPGP_GLOBAL,BRA-025,SNP_CLUSTER_06,core_SNP_TruncatedSVD20_KMeans8_fit_HPGP_GLOBAL,217003,96.02409,-19.279573,-0.0122402245,-8.627834,-0.15536216,3.5612602,7.13521,3.5416865,0.26820612,0.258355,0.6692762549255271,0.7367149758454107
HPGP_GLOBAL,CHI-004,SNP_CLUSTER_06,core_SNP_TruncatedSVD20_KMeans8_fit_HPGP_GLOBAL,217003,98.109024,-21.617546,-19.116882,-1.7188402,-2.0329344,-4.1137676,4.627595,20.494131,-0.7367955,26.591282,2.0894906997777345,0.9734299516908212
HPGP_GLOBAL,CHI-005,SNP_CLUSTER_06,core_SNP_TruncatedSVD20_KMeans8_fit_HPGP_GLOBAL,217003,95.06134,-12.971657,-12.003318,-8.167968,-1.1879406,-7.643856,21.2101,17.413525,-5.5672755,27.47271,0.9697089261445188,0.8864734299516909
HPGP_GLOBAL,CHI-011,SNP_CLUSTER_06,core_SNP_TruncatedSVD20_KMeans8_fit_HPGP_GLOBAL,217003,96.82227,-15.877612,-6.3757334,-9.565849,-0.5986642,-0.20202021,14.14504,18.563807,-4.682737,5.5149107,1.7422584877019112,0.9396135265700484
HPGP_GLOBAL,CHI-018,SNP_CLUSTER_06,core_SNP_TruncatedSVD20_KMeans8_fit_HPGP_GLOBAL,217003,95.28611,-11.072669,-0.14866787,-10.678989,-0.4048102,-8.500337,13.640474,18.884272,-5.158537,25.99441,1.1874392822786746,0.9178743961352656
HPGP_GLOBAL,CHI-021,SNP_CLUSTER_06,core_SNP_TruncatedSVD20_KMeans8_fit_HPGP_GLOBAL,217003,96.22414,-17.692574,-15.3934355,-4.9889283,-1.0417484,-6.449464,15.204722,7.3854384,-2.9753497,20.768147,1.828145255214056,0.9468599033816424
HPGP_GLOBAL,CHI-022,SNP_CLUSTER_06,core_SNP_TruncatedSVD20_KMeans8_fit_HPGP_GLOBAL,217003,97.041145,-19.70723,-21.19079,1.4526588,-2.1469662,-1.5414345,-0.86850184,16.488216,0.5916355,19.393246,2.5757415929374696,0.9855072463768116
HPGP_GLOBAL,CHI-023,SNP_CLUSTER_06,core_SNP_TruncatedSVD20_KMeans8_fit_HPGP_GLOBAL,217003,95.04432,-10.359738,-6.0865455,-10.900295,-1.0008543,-6.677327,21.909855,21.759995,-5.5025105,27.782,0.7144652658773492,0.7705314009661836
HPGP_GLOBAL,CHI-024,SNP_CLUSTER_06,core_SNP_TruncatedSVD20_KMeans8_fit_HPGP_GLOBAL,217003,95.281075,-14.451027,-3.4118361,-11.613216,-0.9868685,-6.186072,23.298004,25.24275,-6.1578,29.32761,0.8660365618368076,0.8647342995169082
HPGP_GLOBAL,CHI-119,SNP_CLUSTER_06,core_SNP_TruncatedSVD20_KMeans8_fit_HPGP_GLOBAL,217003,94.80269,-6.1939187,-9.513979,-9.512897,-1.5084938,-7.070755,20.421432,26.174276,-5.5277195,24.79792,0.9718873340275171,0.8888888888888888
HPGP_GLOBAL,CHI-122,SNP_CLUSTER_06,core_SNP_TruncatedSVD20_KMeans8_fit_HPGP_GLOBAL,217003,96.805916,-15.220211,-11.144574,-7.9543214,-1.1068426,-2.8987277,21.314726,19.737558,-4.8198347,11.215755,2.0682612851755144,0.9710144927536232
HPGP_GLOBAL,CHI-123,SNP_CLUSTER_06,core_SNP_TruncatedSVD20_KMeans8_fit_HPGP_GLOBAL,217003,94.68721,-10.285338,1.4962537,-8.7495165,-0.4687487,-3.7058716,6.8574,5.2814636,0.5529655,2.3715293,1.0127534626762538,0.893719806763285
HPGP_GLOBAL,CHI-124,SNP_CLUSTER_06,core_SNP_TruncatedSVD20_KMeans8_fit_HPGP_GLOBAL,217003,96.77481,-14.53807,-22.904789,-2.2287621,-1.5502632,-4.975983,21.335094,7.326073,-2.5416367,17.700174,2.0504531036819245,0.9685990338164252
HPGP_GLOBAL,CHI-125,SNP_CLUSTER_06,core_SNP_TruncatedSVD20_KMeans8_fit_HPGP_GLOBAL,217003,95.96707,-13.204396,-2.940554,-12.158032,-1.956244,-5.772638,25.450584,26.984688,-5.516123,26.914846,1.044908063801424,0.9009661835748792
HPGP_GLOBAL,CHI-127,SNP_CLUSTER_06,core_SNP_TruncatedSVD20_KMeans8_fit_HPGP_GLOBAL,217003,95.166794,-11.071838,-5.959907,-9.254758,-1.2358865,-8.315336,18.032175,19.060688,-6.051218,27.481766,0.8144600301529799,0.8309178743961353
HPGP_GLOBAL,COL-008,SNP_CLUSTER_06,core_SNP_TruncatedSVD20_KMeans8_fit_HPGP_GLOBAL,217003,94.91263,-15.220124,0.35047778,-5.8250012,-0.63169336,3.2569404,9.2045355,4.214421,2.1388958,3.3554893,0.6931269064016108,0.748792270531401
HPGP_GLOBAL,CRI-001,SNP_CLUSTER_06,core_SNP_TruncatedSVD20_KMeans8_fit_HPGP_GLOBAL,217003,95.63687,-19.676823,-1.8878562,-5.542565,-1.1791419,5.7399907,3.2635133,2.8343184,-0.19025898,-7.932282,0.5738108947914926,0.6835748792270532
HPGP_GLOBAL,CRI-002,SNP_CLUSTER_06,core_SNP_TruncatedSVD20_KMeans8_fit_HPGP_GLOBAL,217003,95.81106,-18.441587,-3.613821,-4.4903164,-1.8738266,5.66201,3.1917932,6.226047,0.3215658,-6.97597,0.525730415356631,0.6376811594202898
HPGP_GLOBAL,CRI-005,SNP_CLUSTER_06,core_SNP_TruncatedSVD20_KMeans8_fit_HPGP_GLOBAL,217003,94.928154,-16.208046,2.6951365,-6.2728252,-1.4162538,5.242046,4.099692,6.7498593,0.45975578,-7.3637376,0.4964847298924386,0.6183574879227053
HPGP_GLOBAL,CRI-006,SNP_CLUSTER_06,core_SNP_TruncatedSVD20_KMeans8_fit_HPGP_GLOBAL,217003,95.19031,-16.072433,4.100955,-6.3191442,-0.40997395,5.6346197,2.1270738,3.7125003,1.4426798,-3.054181,0.4749866102932748,0.5942028985507246
HPGP_GLOBAL,FRA-001,SNP_CLUSTER_06,core_SNP_TruncatedSVD20_KMeans8_fit_HPGP_GLOBAL,217003,94.42532,-16.499647,6.345104,-8.212018,0.2145229,6.3734856,4.2723265,3.6672106,1.54521,-5.186789,0.413939763126662,0.5193236714975845
HPGP_GLOBAL,FRA-017,SNP_CLUSTER_06,core_SNP_TruncatedSVD20_KMeans8_fit_HPGP_GLOBAL,217003,94.868744,-18.982307,2.660332,-8.653137,-0.43858773,4.983769,6.1469536,0.052055348,1.0813329,-5.5916753,0.5441334614284632,0.6545893719806763
HPGP_GLOBAL,FRA-020,SNP_CLUSTER_06,core_SNP_TruncatedSVD20_KMeans8_fit_HPGP_GLOBAL,217003,94.0175,-17.501898,5.104264,-8.895837,-0.2776013,5.2047267,4.3910146,2.527621,0.85774183,-2.712902,0.3071935115355183,0.321256038647343
HPGP_GLOBAL,GTM-004,SNP_CLUSTER_06,core_SNP_TruncatedSVD20_KMeans8_fit_HPGP_GLOBAL,217003,94.973206,-12.960202,-4.596887,-2.945953,-1.8200619,4.102555,5.6647186,10.229871,0.557119,-9.88566,0.7067252480073022,0.7584541062801933
HPGP_GLOBAL,HON-005,SNP_CLUSTER_06,core_SNP_TruncatedSVD20_KMeans8_fit_HPGP_GLOBAL,217003,95.64218,-15.428596,-2.743693,-6.86571,-1.0366426,4.8714523,7.757517,14.440569,-0.47882706,-14.751733,1.0208620720207393,0.8961352657004831
HPGP_GLOBAL,HON-006,SNP_CLUSTER_06,core_SNP_TruncatedSVD20_KMeans8_fit_HPGP_GLOBAL,217003,97.18274,-22.227793,-19.116932,-1.433822,-1.3443236,0.67304224,9.781573,4.392448,0.24363205,-10.142861,1.271215948857753,0.9227053140096618
HPGP_GLOBAL,HON-009,SNP_CLUSTER_06,core_SNP_TruncatedSVD20_KMeans8_fit_HPGP_GLOBAL,217003,95.956406,-14.265435,-3.5850334,-7.5491977,-1.7782711,7.2684755,7.6319833,22.183952,-2.8162177,-22.191011,1.964568486790696,0.9637681159420288
HPGP_GLOBAL,HON-025,SNP_CLUSTER_06,core_SNP_TruncatedSVD20_KMeans8_fit_HPGP_GLOBAL,217003,94.5378,-13.121939,2.338255,-5.0032,-0.13863954,4.1215816,6.3156705,7.833637,1.612515,-8.576709,0.5294091638732625,0.642512077294686
HPGP_GLOBAL,HON-027,SNP_CLUSTER_06,core_SNP_TruncatedSVD20_KMeans8_fit_HPGP_GLOBAL,217003,94.80581,-16.034979,2.2060456,-8.816226,-0.50894177,4.7842283,8.151044,11.558252,1.5689497,-7.31571,0.6594548564705807,0.7318840579710145
HPGP_GLOBAL,MEX-001,SNP_CLUSTER_06,core_SNP_TruncatedSVD20_KMeans8_fit_HPGP_GLOBAL,217003,95.45366,-16.827732,0.90227264,-12.258574,-1.045059,10.133006,18.727776,24.267504,-1.5308566,-36.162624,1.8895664675035115,0.9541062801932368
HPGP_GLOBAL,MEX-002,SNP_CLUSTER_06,core_SNP_TruncatedSVD20_KMeans8_fit_HPGP_GLOBAL,217003,95.45801,-13.720682,0.6482817,-8.86091,-0.45704126,5.9517646,11.423535,8.71578,-0.1552829,-13.403126,0.7995745752887914,0.8188405797101449
HPGP_GLOBAL,MEX-003,SNP_CLUSTER_06,core_SNP_TruncatedSVD20_KMeans8_fit_HPGP_GLOBAL,217003,96.61101,-21.086105,-9.743221,-6.984791,-1.3715004,7.599614,17.19305,13.3228855,-1.3777456,-24.299675,1.94445408556515,0.961352657004831
HPGP_GLOBAL,MEX-004,SNP_CLUSTER_06,core_SNP_TruncatedSVD20_KMeans8_fit_HPGP_GLOBAL,217003,95.50927,-14.682525,-1.2608285,-11.484112,-1.1165555,9.412945,18.173252,24.639164,-1.1800636,-33.041912,1.7039805070759584,0.9371980676328504
HPGP_GLOBAL,MEX-012,SNP_CLUSTER_06,core_SNP_TruncatedSVD20_KMeans8_fit_HPGP_GLOBAL,217003,93.75363,-13.692162,4.636786,-5.803015,-0.39380416,4.129512,5.1492624,3.3617535,0.25742438,-7.292757,0.531830164694464,0.6473429951690821
HPGP_GLOBAL,MEX-023,SNP_CLUSTER_06,core_SNP_TruncatedSVD20_KMeans8_fit_HPGP_GLOBAL,217003,95.52974,-14.650075,0.8473213,-7.0335617,0.19128962,4.4027376,6.3240848,3.300824,2.1479213,-6.015119,0.4413257945123437,0.5628019323671497
HPGP_GLOBAL,MEX-024,SNP_CLUSTER_06,core_SNP_TruncatedSVD20_KMeans8_fit_HPGP_GLOBAL,217003,94.516205,-11.943582,-0.4938098,-4.923828,-0.97498244,5.013626,8.635416,6.372815,-0.83940846,-8.1499605,0.5527082574008995,0.6594202898550725
HPGP_GLOBAL,MEX-027,SNP_CLUSTER_06,core_SNP_TruncatedSVD20_KMeans8_fit_HPGP_GLOBAL,217003,96.11571,-14.877813,-3.7217884,-6.3370767,-0.8056347,3.850654,6.6658945,8.542104,-0.6062789,-6.0363727,0.5966506927947101,0.7028985507246377
HPGP_GLOBAL,MEX-032,SNP_CLUSTER_06,core_SNP_TruncatedSVD20_KMeans8_fit_HPGP_GLOBAL,217003,96.49563,-16.19637,0.0124266045,-10.836135,-1.2499031,10.134668,17.461206,25.781069,-2.550976,-36.309288,1.9203566005914052,0.9589371980676328
HPGP_GLOBAL,MEX-035,SNP_CLUSTER_06,core_SNP_TruncatedSVD20_KMeans8_fit_HPGP_GLOBAL,217003,94.75312,-10.314262,2.9184887,-9.517564,-0.104693815,4.3940043,11.230022,10.784317,-0.1442482,-12.223639,0.7316133808765105,0.785024154589372
HPGP_GLOBAL,MEX-040,SNP_CLUSTER_06,core_SNP_TruncatedSVD20_KMeans8_fit_HPGP_GLOBAL,217003,94.635925,-14.51467,0.6581151,-7.2060914,-0.10185418,3.8203502,3.6040711,4.7928424,2.6644456,-6.727015,0.4744693069989202,0.5917874396135265
HPGP_GLOBAL,MEX-041,SNP_CLUSTER_06,core_SNP_TruncatedSVD20_KMeans8_fit_HPGP_GLOBAL,217003,96.93204,-19.988468,-6.9220705,-6.031777,-0.94560015,3.785318,10.420149,5.2022004,1.4491779,0.07084778,0.7267775342674588,0.782608695652174
HPGP_GLOBAL,MEX-043,SNP_CLUSTER_06,core_SNP_TruncatedSVD20_KMeans8_fit_HPGP_GLOBAL,217003,94.8388,-9.119003,-1.3021022,-5.8609495,-1.0433646,2.298868,8.515257,6.8352885,-0.24321471,-6.1927056,0.5188533640833526,0.6328502415458938
HPGP_GLOBAL,MEX-046,SNP_CLUSTER_06,core_SNP_TruncatedSVD20_KMeans8_fit_HPGP_GLOBAL,217003,96.90049,-19.571447,-15.910854,-3.9096391,-1.5429833,3.6067266,10.2624445,-1.7350768,6.932277,-6.4852314,1.1669329942430977,0.9130434782608696
HPGP_GLOBAL,NGA-010,SNP_CLUSTER_06,core_SNP_TruncatedSVD20_KMeans8_fit_HPGP_GLOBAL,217003,100.89091,-29.299154,-15.362071,-12.171941,2.3922765,9.051551,-8.874906,-9.461342,7.4333787,2.183969,1.7478852732226415,0.9420289855072465
HPGP_GLOBAL,PER-017,SNP_CLUSTER_06,core_SNP_TruncatedSVD20_KMeans8_fit_HPGP_GLOBAL,217003,96.65125,-22.04541,-9.100224,-5.0499086,-1.2954032,4.994447,11.130362,0.06327635,5.3824844,-7.936382,0.98579351896242,0.8913043478260869
HPGP_GLOBAL,PER-018,SNP_CLUSTER_06,core_SNP_TruncatedSVD20_KMeans8_fit_HPGP_GLOBAL,217003,96.37656,-16.995739,-7.2786183,-5.28314,-0.5675889,1.2956274,8.156014,1.6593753,1.6008229,-4.418952,0.7465679826429066,0.7898550724637681
HPGP_GLOBAL,PER-101,SNP_CLUSTER_06,core_SNP_TruncatedSVD20_KMeans8_fit_HPGP_GLOBAL,217003,93.9896,-2.6338692,0.6231986,-5.270339,-0.8253181,1.9944365,7.0082455,6.4177794,0.83399135,3.67622,0.8529339765134395,0.8599033816425121
HPGP_GLOBAL,PER-104,SNP_CLUSTER_06,core_SNP_TruncatedSVD20_KMeans8_fit_HPGP_GLOBAL,217003,94.39925,-8.48946,-2.098381,-5.4732795,-0.4540292,2.9310536,7.0003424,4.121811,1.9045149,-4.6338463,0.4799648601617164,0.6038647342995169
HPGP_GLOBAL,PER-107,SNP_CLUSTER_06,core_SNP_TruncatedSVD20_KMeans8_fit_HPGP_GLOBAL,217003,94.53241,-12.362429,1.2094753,-6.6353407,-0.65636474,3.5596144,9.667282,8.135214,1.3095806,-3.6120832,0.604506894335578,0.714975845410628
HPGP_GLOBAL,PER-117,SNP_CLUSTER_06,core_SNP_TruncatedSVD20_KMeans8_fit_HPGP_GLOBAL,217003,95.19007,-13.94957,0.7153864,-8.732676,-0.3718722,5.3308487,9.626675,6.1363325,0.13090914,-6.2503376,0.5290586508186969,0.6400966183574879
HPGP_GLOBAL,PER-124,SNP_CLUSTER_06,core_SNP_TruncatedSVD20_KMeans8_fit_HPGP_GLOBAL,217003,94.82926,-16.399656,-1.4141482,-5.0770316,-1.0439926,5.2162232,4.2858844,3.5738428,1.930223,-5.802209,0.4514342644117633,0.5700483091787439
HPGP_GLOBAL,PER-140,SNP_CLUSTER_06,core_SNP_TruncatedSVD20_KMeans8_fit_HPGP_GLOBAL,217003,99.55563,-23.52358,-22.212822,-2.1171029,-0.9703167,2.8008673,1.3047311,-0.88958544,2.4712334,-0.27879977,1.5310391982116074,0.932367149758454
HPGP_GLOBAL,POR-112,SNP_CLUSTER_06,core_SNP_TruncatedSVD20_KMeans8_fit_HPGP_GLOBAL,217003,93.72429,-16.437798,6.8408403,-9.149473,-0.23138134,4.5891466,4.3557234,3.1635978,1.0361389,-3.7605581,0.291644575766663,0.2946859903381642
HPGP_GLOBAL,POR-113,SNP_CLUSTER_06,core_SNP_TruncatedSVD20_KMeans8_fit_HPGP_GLOBAL,217003,94.697296,-18.364775,0.6996724,-7.889647,-0.512776,3.149149,7.826385,5.3900313,-0.8965559,6.3735533,0.8481482051583729,0.855072463768116
HPGP_GLOBAL,POR-114,SNP_CLUSTER_06,core_SNP_TruncatedSVD20_KMeans8_fit_HPGP_GLOBAL,217003,95.66842,-18.26874,3.2229457,-9.095791,-0.5124383,4.085608,8.904637,9.346949,-2.3676972,1.699783,0.8528037832004418,0.857487922705314
HPGP_GLOBAL,SPA-015,SNP_CLUSTER_06,core_SNP_TruncatedSVD20_KMeans8_fit_HPGP_GLOBAL,217003,94.61595,-16.863668,5.326045,-8.576872,-0.22213623,6.1577287,7.272056,7.417649,0.58460873,-5.063838,0.5768943848728163,0.6859903381642513
HPGP_GLOBAL,SPA-312,SNP_CLUSTER_06,core_SNP_TruncatedSVD20_KMeans8_fit_HPGP_GLOBAL,217003,94.60548,-16.823553,5.975559,-9.57031,-0.0073992712,5.4791036,9.948489,8.05099,-1.5574825,-8.293752,0.6454887237428981,0.7270531400966184
HPGP_GLOBAL,SPA-318,SNP_CLUSTER_06,core_SNP_TruncatedSVD20_KMeans8_fit_HPGP_GLOBAL,217003,95.66249,-19.621723,-4.9786196,-5.246243,-1.7150611,4.0256143,11.800667,6.7250867,0.17618561,1.6755713,0.6981318132289965,0.7536231884057971
HPGP_GLOBAL,SPA-405,SNP_CLUSTER_06,core_SNP_TruncatedSVD20_KMeans8_fit_HPGP_GLOBAL,217003,93.87042,-15.139004,1.2738041,-5.3787174,-0.359815,4.874663,7.777183,4.207477,0.36799514,-4.521071,0.4777167079689731,0.5990338164251208
HPGP_GLOBAL,SPA-509,SNP_CLUSTER_06,core_SNP_TruncatedSVD20_KMeans8_fit_HPGP_GLOBAL,217003,95.429504,-17.914896,-1.0828731,-5.406904,-0.050800797,2.5816922,5.5970616,0.68015754,0.5675522,-0.40309307,0.7041593261207358,0.7560386473429952
HPGP_GLOBAL,SPA-801,SNP_CLUSTER_06,core_SNP_TruncatedSVD20_KMeans8_fit_HPGP_GLOBAL,217003,94.291214,-16.754549,4.989339,-7.697831,-0.12700534,4.174241,4.83538,2.8968585,-0.13199864,-2.4106748,0.3553801833012258,0.4178743961352657
HPGP_GLOBAL,SWT-005,SNP_CLUSTER_06,core_SNP_TruncatedSVD20_KMeans8_fit_HPGP_GLOBAL,217003,93.77711,-10.588021,2.9875214,-7.2440267,-0.650396,3.955197,6.3962255,4.0196266,0.11196284,-4.1636534,0.4295969416605768,0.5483091787439613
HPGP_GLOBAL,USA-002,SNP_CLUSTER_06,core_SNP_TruncatedSVD20_KMeans8_fit_HPGP_GLOBAL,217003,95.42288,-16.011337,0.7461783,-8.119956,-1.2061576,4.5220165,7.5559425,9.106713,1.6866468,-9.665128,0.5967591634238871,0.7053140096618358
HPGP_GLOBAL,USA-204,SNP_CLUSTER_06,core_SNP_TruncatedSVD20_KMeans8_fit_HPGP_GLOBAL,217003,95.849754,-15.6086445,-2.361424,-4.2548285,-1.2282957,4.7111225,6.859953,4.9876747,1.1118968,-5.565866,0.493638145575768,0.6159420289855072
HPGP_GLOBAL,USA-302,SNP_CLUSTER_06,core_SNP_TruncatedSVD20_KMeans8_fit_HPGP_GLOBAL,217003,95.933975,-21.339262,-5.954246,-5.8445716,-1.3161284,2.9229052,7.990767,7.6347537,-2.8726892,1.7915449,0.7622517407237371,0.7995169082125604
HPGP_GLOBAL,ARG-006,SNP_CLUSTER_07,core_SNP_TruncatedSVD20_KMeans8_fit_HPGP_GLOBAL,217003,101.389244,-32.070004,-44.27801,11.698957,-3.8979375,-1.9210969,-21.824295,17.746187,-2.1362617,8.170509,1.1390720150033604,0.9106280193236715
HPGP_GLOBAL,BRA-010,SNP_CLUSTER_07,core_SNP_TruncatedSVD20_KMeans8_fit_HPGP_GLOBAL,217003,102.92258,-40.296864,-54.689903,13.884914,-3.429608,-1.14474,-17.116795,2.432928,0.60647804,3.09856,1.1279216590885537,0.9082125603864736
HPGP_GLOBAL,BRA-013,SNP_CLUSTER_07,core_SNP_TruncatedSVD20_KMeans8_fit_HPGP_GLOBAL,217003,103.49779,-38.653923,-53.624725,12.990273,-4.3803353,-1.639334,-19.576427,5.292992,-0.43574014,3.2182012,0.9557769975479764,0.8840579710144928
HPGP_GLOBAL,BRA-020,SNP_CLUSTER_07,core_SNP_TruncatedSVD20_KMeans8_fit_HPGP_GLOBAL,217003,103.99898,-41.740383,-59.83665,17.605669,-4.216956,-1.5444875,-30.96726,13.679706,-1.6884173,4.6839743,1.3581511486435138,0.927536231884058
HPGP_GLOBAL,BRA-022,SNP_CLUSTER_07,core_SNP_TruncatedSVD20_KMeans8_fit_HPGP_GLOBAL,217003,103.672325,-39.411613,-54.359997,14.779251,-5.111038,-1.4773453,-29.382097,14.190393,-1.276505,4.496987,1.0790206218151943,0.9057971014492754
HPGP_GLOBAL,BRA-023,SNP_CLUSTER_07,core_SNP_TruncatedSVD20_KMeans8_fit_HPGP_GLOBAL,217003,101.25358,-30.783249,-43.05283,13.241193,-4.551106,1.3619963,-21.447386,13.258886,-0.9460641,4.0333753,0.765852759079401,0.8043478260869565
HPGP_GLOBAL,GTM-010,SNP_CLUSTER_07,core_SNP_TruncatedSVD20_KMeans8_fit_HPGP_GLOBAL,217003,100.88869,-31.623785,-47.310745,12.522084,-3.866389,-1.3869116,-17.374353,12.833188,-0.9702822,1.4223723,0.8237957543190573,0.8381642512077294
HPGP_GLOBAL,HON-003,SNP_CLUSTER_07,core_SNP_TruncatedSVD20_KMeans8_fit_HPGP_GLOBAL,217003,100.17982,-30.666573,-38.38907,10.791735,-5.839912,-0.82241404,-28.541523,29.436106,-7.479432,-15.870947,2.025643097631156,0.966183574879227
HPGP_GLOBAL,HON-004,SNP_CLUSTER_07,core_SNP_TruncatedSVD20_KMeans8_fit_HPGP_GLOBAL,217003,101.28888,-27.72468,-45.444313,13.737618,-4.844882,-0.48631972,-22.898558,15.563428,-1.5023127,1.9092048,0.6410605902270479,0.7246376811594203
HPGP_GLOBAL,HON-007,SNP_CLUSTER_07,core_SNP_TruncatedSVD20_KMeans8_fit_HPGP_GLOBAL,217003,101.280365,-31.855633,-41.926514,12.827832,-5.793371,-1.6080747,-29.130707,28.361643,-6.9234576,-14.669443,1.8427450958648768,0.9492753623188406
HPGP_GLOBAL,HON-015,SNP_CLUSTER_07,core_SNP_TruncatedSVD20_KMeans8_fit_HPGP_GLOBAL,217003,99.97567,-29.19737,-33.855263,8.719467,-4.025943,1.687154,-15.339746,16.194408,-1.4249537,-0.6552448,0.8442880918586738,0.8502415458937198
HPGP_GLOBAL,HON-017,SNP_CLUSTER_07,core_SNP_TruncatedSVD20_KMeans8_fit_HPGP_GLOBAL,217003,102.53294,-34.84263,-47.51248,12.60915,-5.2292933,-0.79753524,-22.982729,15.702436,-0.008002156,-0.32379124,0.7114129266418218,0.7681159420289855
HPGP_GLOBAL,HON-018,SNP_CLUSTER_07,core_SNP_TruncatedSVD20_KMeans8_fit_HPGP_GLOBAL,217003,101.536804,-31.50251,-41.234863,12.42487,-5.93142,-0.8606652,-30.121656,28.319027,-8.306677,-13.457859,1.851642364307719,0.9516908212560388
HPGP_GLOBAL,HON-019,SNP_CLUSTER_07,core_SNP_TruncatedSVD20_KMeans8_fit_HPGP_GLOBAL,217003,102.20559,-33.92547,-43.96658,13.131978,-4.7275043,-0.71266675,-21.947014,16.846668,-0.883799,0.9163118,0.6184449264901949,0.7198067632850241
HPGP_GLOBAL,HON-020,SNP_CLUSTER_07,core_SNP_TruncatedSVD20_KMeans8_fit_HPGP_GLOBAL,217003,100.94014,-28.473713,-35.203777,10.140115,-4.458845,1.1679919,-22.193106,18.441368,-0.5119787,-1.8738797,0.8464443636246919,0.8526570048309179
HPGP_GLOBAL,HON-021,SNP_CLUSTER_07,core_SNP_TruncatedSVD20_KMeans8_fit_HPGP_GLOBAL,217003,100.3356,-28.706959,-37.96274,8.333138,-3.7608583,2.9350162,-18.446032,16.717184,-0.4085555,0.3205813,0.7519089620799231,0.7922705314009661
HPGP_GLOBAL,PER-116,SNP_CLUSTER_07,core_SNP_TruncatedSVD20_KMeans8_fit_HPGP_GLOBAL,217003,100.53524,-25.786734,-34.267223,8.060498,-2.9936676,-0.64488,-16.560875,13.662872,-1.119377,0.7225997,0.8267545603993248,0.8405797101449275
HPGP_GLOBAL,ZAF-002,SNP_CLUSTER_07,core_SNP_TruncatedSVD20_KMeans8_fit_HPGP_GLOBAL,217003,101.526695,-34.032707,-48.00659,14.614014,5.5298133,-1.3058866,-20.771587,6.8311977,-0.6421823,4.3369064,1.168233138321458,0.9154589371980676
HPGP_GLOBAL,ZAF-004,SNP_CLUSTER_07,core_SNP_TruncatedSVD20_KMeans8_fit_HPGP_GLOBAL,217003,102.214905,-35.950714,-51.19869,15.7341385,-1.0623965,-0.66518044,-19.490223,5.6195617,0.55236626,3.03997,0.8657825314318046,0.8623188405797102
HPGP_GLOBAL,BRA-002,SNP_CLUSTER_08,core_SNP_TruncatedSVD20_KMeans8_fit_HPGP_GLOBAL,217003,103.284676,-39.604794,-52.683376,8.506795,-3.0656242,-1.0807506,1.7939945,-13.202211,2.5722446,0.70759046,0.6696562332629903,0.7391304347826086
HPGP_GLOBAL,BRA-014,SNP_CLUSTER_08,core_SNP_TruncatedSVD20_KMeans8_fit_HPGP_GLOBAL,217003,100.44262,-33.11343,-37.901905,4.9516644,-2.9298015,0.21230072,5.1293535,-7.9780865,2.2988117,0.5548963,0.81518847653537,0.8333333333333334
HPGP_GLOBAL,BRA-018,SNP_CLUSTER_08,core_SNP_TruncatedSVD20_KMeans8_fit_HPGP_GLOBAL,217003,103.67053,-39.788235,-52.85601,9.454754,-3.404339,-0.7128774,-2.2088473,-10.658722,3.2807117,2.7144792,1.052077411295207,0.9033816425120772
HPGP_GLOBAL,COL-003,SNP_CLUSTER_08,core_SNP_TruncatedSVD20_KMeans8_fit_HPGP_GLOBAL,217003,99.86064,-30.978779,-35.22203,2.7021744,-1.0397693,-1.6427563,13.873267,-8.424306,1.3336694,-1.5583704,0.7795186410948648,0.8140096618357487
HPGP_GLOBAL,COL-006,SNP_CLUSTER_08,core_SNP_TruncatedSVD20_KMeans8_fit_HPGP_GLOBAL,217003,98.97283,-26.06582,-27.177334,0.54377073,-1.1724489,0.36034498,12.837407,-7.4195237,2.4175875,-1.5101054,0.8011652278928636,0.821256038647343
HPGP_GLOBAL,CRI-004,SNP_CLUSTER_08,core_SNP_TruncatedSVD20_KMeans8_fit_HPGP_GLOBAL,217003,100.23738,-31.788286,-36.117268,4.313366,-2.8618793,-0.17234443,8.55904,-13.405142,3.317548,-1.6910235,0.7088101999658422,0.7632850241545893
HPGP_GLOBAL,GMB-004,SNP_CLUSTER_08,core_SNP_TruncatedSVD20_KMeans8_fit_HPGP_GLOBAL,217003,103.71775,-40.544926,-58.054825,7.1318326,-1.2913208,-4.5051603,18.45855,-18.913773,0.13780458,-0.72993416,0.6043494786418891,0.7125603864734299
HPGP_GLOBAL,GMB-007,SNP_CLUSTER_08,core_SNP_TruncatedSVD20_KMeans8_fit_HPGP_GLOBAL,217003,103.8155,-39.550007,-56.632904,6.936181,-0.65722495,-4.5688167,17.390991,-20.523462,1.1904547,-2.5412154,0.5612487147551924,0.6714975845410628
HPGP_GLOBAL,GMB-008,SNP_CLUSTER_08,core_SNP_TruncatedSVD20_KMeans8_fit_HPGP_GLOBAL,217003,103.33544,-39.982132,-55.96632,6.85692,-1.5461599,-3.881866,16.583273,-20.264338,1.5552651,-1.2745646,0.5186402623083715,0.6304347826086957
HPGP_GLOBAL,GMB-009,SNP_CLUSTER_08,core_SNP_TruncatedSVD20_KMeans8_fit_HPGP_GLOBAL,217003,104.73083,-40.59603,-55.867344,7.540234,-2.5636218,-2.4573793,11.462205,-19.919603,2.914145,0.62944436,0.555383658189601,0.6618357487922706
HPGP_GLOBAL,NGA-019,SNP_CLUSTER_08,core_SNP_TruncatedSVD20_KMeans8_fit_HPGP_GLOBAL,217003,103.43518,-41.23715,-56.71164,8.279044,-2.489906,-2.4414155,12.52324,-24.123554,3.2455215,0.8924948,0.763491522231725,0.8019323671497585
HPGP_GLOBAL,PER-013,SNP_CLUSTER_08,core_SNP_TruncatedSVD20_KMeans8_fit_HPGP_GLOBAL,217003,101.8609,-34.173897,-47.725143,7.765206,-2.3190498,-1.398328,7.151666,-16.386307,3.4763885,0.37426168,0.5841447250684197,0.6932367149758454
HPGP_GLOBAL,PER-020,SNP_CLUSTER_08,core_SNP_TruncatedSVD20_KMeans8_fit_HPGP_GLOBAL,217003,100.22712,-30.177717,-39.56136,4.8023643,-2.3771203,-1.6006536,9.936652,-13.501469,4.313097,1.649275,0.7173697397283835,0.7753623188405797
HPGP_GLOBAL,PER-112,SNP_CLUSTER_08,core_SNP_TruncatedSVD20_KMeans8_fit_HPGP_GLOBAL,217003,99.11413,-25.704975,-32.592842,2.2720113,-1.9843328,-0.87122124,11.541695,-11.097139,2.673051,2.6027036,0.7802421630190756,0.8164251207729468
HPGP_GLOBAL,POR-004,SNP_CLUSTER_08,core_SNP_TruncatedSVD20_KMeans8_fit_HPGP_GLOBAL,217003,104.08536,-40.280315,-58.64492,7.028986,-1.1679417,-4.470468,19.454786,-19.785593,0.5479339,-2.161586,0.6530148028676306,0.7294685990338164
HPGP_GLOBAL,PRI-005,SNP_CLUSTER_08,core_SNP_TruncatedSVD20_KMeans8_fit_HPGP_GLOBAL,217003,103.376495,-38.939835,-52.023525,7.926775,-3.2849317,-1.9123882,5.6463366,-17.51208,-0.15947092,0.8903001,0.6862941105234143,0.7463768115942029
HPGP_GLOBAL,SPA-202,SNP_CLUSTER_08,core_SNP_TruncatedSVD20_KMeans8_fit_HPGP_GLOBAL,217003,103.73443,-39.52802,-51.90858,9.05341,-2.6838348,-0.88848084,7.5006843,-19.403765,4.320964,-0.31249878,0.6088972234130899,0.717391304347826
HPGP_GLOBAL,SPA-609,SNP_CLUSTER_08,core_SNP_TruncatedSVD20_KMeans8_fit_HPGP_GLOBAL,217003,99.518486,-27.621725,-26.795612,-0.011780771,-1.8458793,0.35003498,8.858521,-8.887507,2.3713017,-1.212833,0.7621017690427001,0.7971014492753623
HPGP_GLOBAL,USA-003,SNP_CLUSTER_08,core_SNP_TruncatedSVD20_KMeans8_fit_HPGP_GLOBAL,217003,100.21498,-27.63788,-36.24375,4.649827,-2.1556072,-1.0230576,12.501493,-12.700799,1.2060169,-1.4350901,0.7178874725810381,0.7777777777777778
HPGP_GLOBAL,USA-102,SNP_CLUSTER_08,core_SNP_TruncatedSVD20_KMeans8_fit_HPGP_GLOBAL,217003,102.24984,-35.454586,-45.626774,9.593645,-3.2721133,-2.3441746,7.59611,-17.717842,2.4703631,0.7006967,0.5606219374907255,0.6666666666666666
HPGP_GLOBAL,USA-104,SNP_CLUSTER_08,core_SNP_TruncatedSVD20_KMeans8_fit_HPGP_GLOBAL,217003,102.79189,-38.00115,-49.174435,9.126766,-2.854687,-1.3976246,3.298629,-14.497291,3.7844563,1.127992,0.5966404740108866,0.7004830917874396
HPGP_GLOBAL,USA-105,SNP_CLUSTER_08,core_SNP_TruncatedSVD20_KMeans8_fit_HPGP_GLOBAL,217003,100.940765,-33.75398,-45.28857,9.686922,-2.860471,-3.9854903,11.024772,-15.137825,2.5369818,-0.7031241,0.7730026069395887,0.8115942028985508
HPGP_GLOBAL,USA-202,SNP_CLUSTER_08,core_SNP_TruncatedSVD20_KMeans8_fit_HPGP_GLOBAL,217003,103.474304,-39.409332,-56.38312,10.57713,-2.6972983,-2.7837946,4.0474935,-15.646672,2.798068,2.167581,0.6663797479121334,0.7342995169082126
HPGP_GLOBAL,USA-206,SNP_CLUSTER_08,core_SNP_TruncatedSVD20_KMeans8_fit_HPGP_GLOBAL,217003,99.85758,-28.948423,-34.867653,5.2696714,-2.180916,-0.44074538,6.548915,-9.47265,3.9223273,-1.6064527,0.7102866326460034,0.7657004830917874
HPGP_GLOBAL,USA-304,SNP_CLUSTER_08,core_SNP_TruncatedSVD20_KMeans8_fit_HPGP_GLOBAL,217003,104.24074,-41.234035,-57.162567,8.6343775,-2.3789563,-3.0567517,11.99018,-20.616226,2.1253607,0.45242622,0.5486091804685115,0.6570048309178744
HPGP_GLOBAL,USA-311,SNP_CLUSTER_08,core_SNP_TruncatedSVD20_KMeans8_fit_HPGP_GLOBAL,217003,100.61793,-31.464905,-41.17911,10.615571,-2.5413902,-1.9539808,3.2560232,-10.023466,2.589176,0.31569543,0.8937910392327637,0.8695652173913043
HPGP_GLOBAL,USA-406,SNP_CLUSTER_08,core_SNP_TruncatedSVD20_KMeans8_fit_HPGP_GLOBAL,217003,103.570694,-38.846985,-52.923462,9.002232,-2.3062422,-2.5370574,9.782348,-18.06872,3.6455219,-0.0028213344,0.5231213084608993,0.6352657004830918
