negative_control,antibiotic,model,split_type,fold,n_train,n_test,n,n_resistant,n_susceptible,tp,tn,fp,fn,prevalence,sensitivity,specificity,false_susceptible_rate,false_resistant_rate,balanced_accuracy,mcc,ppv,npv,auroc_binary_score,auprc_binary_score,brier_binary_score,auroc_probability,auprc_probability,brier_probability,calibration_intercept,calibration_slope
TRAINING_LABEL_PERMUTATION,clarithromycin,MUTATION_ONLY_LOGISTIC,RANDOM_ISOLATE_LABEL_PERMUTATION,1,331,83,83,22,61,0,61,0,22,0.26506024096385544,0.0,1.0,1.0,0.0,0.5,0.0,nan,0.7349397590361446,0.5,0.26506024096385544,0.26506024096385544,0.0,0.24044342558704884,0.21492421760051467,-83.0609074207621,-76.64113019806153
TRAINING_LABEL_PERMUTATION,clarithromycin,MUTATION_ONLY_LOGISTIC,HPGP_TO_EXTERNAL_LABEL_PERMUTATION,ZENODO_10369064__001,414,44,44,20,24,0,24,0,20,0.45454545454545453,0.0,1.0,1.0,0.0,0.5,0.0,nan,0.5454545454545454,0.5,0.45454545454545453,0.45454545454545453,0.9291666666666668,0.8980861244019138,0.25337109140750175,16.312281925867687,17.125228060673265
TRAINING_LABEL_PERMUTATION,clarithromycin,MUTATION_ONLY_LOGISTIC,RANDOM_ISOLATE_LABEL_PERMUTATION,2,331,83,83,22,61,0,61,0,22,0.26506024096385544,0.0,1.0,1.0,0.0,0.5,0.0,nan,0.7349397590361446,0.5,0.26506024096385544,0.26506024096385544,0.9545454545454546,0.966593647316539,0.1640459235373324,16.358335402188942,17.855418754312083
TRAINING_LABEL_PERMUTATION,clarithromycin,MUTATION_ONLY_LOGISTIC,HPGP_TO_EXTERNAL_LABEL_PERMUTATION,ZENODO_10369064__002,414,44,44,20,24,0,24,0,20,0.45454545454545453,0.0,1.0,1.0,0.0,0.5,0.0,nan,0.5454545454545454,0.5,0.45454545454545453,0.45454545454545453,0.9291666666666668,0.8980861244019138,0.26550854004354263,27.922634345094462,28.53640322365345
TRAINING_LABEL_PERMUTATION,clarithromycin,MUTATION_ONLY_LOGISTIC,RANDOM_ISOLATE_LABEL_PERMUTATION,3,331,83,83,22,61,0,61,0,22,0.26506024096385544,0.0,1.0,1.0,0.0,0.5,0.0,nan,0.7349397590361446,0.5,0.26506024096385544,0.26506024096385544,0.0,0.24125821467688938,0.2130654161100114,-100.27532644255832,-94.61847057479193
TRAINING_LABEL_PERMUTATION,clarithromycin,MUTATION_ONLY_LOGISTIC,HPGP_TO_EXTERNAL_LABEL_PERMUTATION,ZENODO_10369064__003,414,44,44,20,24,0,24,0,20,0.45454545454545453,0.0,1.0,1.0,0.0,0.5,0.0,nan,0.5454545454545454,0.5,0.45454545454545453,0.45454545454545453,0.0708333333333333,0.41709090909090907,0.30464954633008656,-30.17071225273083,-27.569965566626284
TRAINING_LABEL_PERMUTATION,clarithromycin,MUTATION_ONLY_LOGISTIC,RANDOM_ISOLATE_LABEL_PERMUTATION,4,331,83,83,22,61,0,61,0,22,0.26506024096385544,0.0,1.0,1.0,0.0,0.5,0.0,nan,0.7349397590361446,0.5,0.26506024096385544,0.26506024096385544,0.7727272727272727,0.8329682365826944,0.20341529920298565,-3.099462773230804,-1.905108461018059
TRAINING_LABEL_PERMUTATION,clarithromycin,MUTATION_ONLY_LOGISTIC,HPGP_TO_EXTERNAL_LABEL_PERMUTATION,ZENODO_10369064__004,414,44,44,20,24,0,24,0,20,0.45454545454545453,0.0,1.0,1.0,0.0,0.5,0.0,nan,0.5454545454545454,0.5,0.45454545454545453,0.45454545454545453,0.0708333333333333,0.41709090909090907,0.3456369379452853,-9.815287679235121,-8.207665854282416
TRAINING_LABEL_PERMUTATION,clarithromycin,MUTATION_ONLY_LOGISTIC,RANDOM_ISOLATE_LABEL_PERMUTATION,5,331,83,83,22,61,0,61,0,22,0.26506024096385544,0.0,1.0,1.0,0.0,0.5,0.0,nan,0.7349397590361446,0.5,0.26506024096385544,0.26506024096385544,0.8181818181818182,0.8651218510405257,0.18341861331419623,13.003259523204282,13.857820913783483
TRAINING_LABEL_PERMUTATION,clarithromycin,MUTATION_ONLY_LOGISTIC,HPGP_TO_EXTERNAL_LABEL_PERMUTATION,ZENODO_10369064__005,414,44,44,20,24,0,24,0,20,0.45454545454545453,0.0,1.0,1.0,0.0,0.5,0.0,nan,0.5454545454545454,0.5,0.45454545454545453,0.45454545454545453,0.0708333333333333,0.41709090909090907,0.2980608709958105,-45.91838245103144,-42.60566873944512
TRAINING_LABEL_PERMUTATION,clarithromycin,MUTATION_ONLY_LOGISTIC,RANDOM_ISOLATE_LABEL_PERMUTATION,6,331,83,83,22,61,0,61,0,22,0.26506024096385544,0.0,1.0,1.0,0.0,0.5,0.0,nan,0.7349397590361446,0.5,0.26506024096385544,0.26506024096385544,0.0,0.23530770810514787,0.2226969293647469,-206.4602671707335,-210.69835235944714
TRAINING_LABEL_PERMUTATION,clarithromycin,MUTATION_ONLY_LOGISTIC,HPGP_TO_EXTERNAL_LABEL_PERMUTATION,ZENODO_10369064__006,414,44,44,20,24,0,24,0,20,0.45454545454545453,0.0,1.0,1.0,0.0,0.5,0.0,nan,0.5454545454545454,0.5,0.45454545454545453,0.45454545454545453,0.0708333333333333,0.41709090909090907,0.2970908963715428,-37.40720191503087,-36.05339974835581
TRAINING_LABEL_PERMUTATION,clarithromycin,MUTATION_ONLY_LOGISTIC,RANDOM_ISOLATE_LABEL_PERMUTATION,7,331,83,83,22,61,0,61,0,22,0.26506024096385544,0.0,1.0,1.0,0.0,0.5,0.0,nan,0.7349397590361446,0.5,0.26506024096385544,0.26506024096385544,1.0,1.0,0.18422695566506325,174.5156691899872,170.8782860673183
TRAINING_LABEL_PERMUTATION,clarithromycin,MUTATION_ONLY_LOGISTIC,HPGP_TO_EXTERNAL_LABEL_PERMUTATION,ZENODO_10369064__007,414,44,44,20,24,0,24,0,20,0.45454545454545453,0.0,1.0,1.0,0.0,0.5,0.0,nan,0.5454545454545454,0.5,0.45454545454545453,0.45454545454545453,0.9291666666666668,0.8980861244019138,0.24256023640601973,11.343050686344817,11.889745976146669
TRAINING_LABEL_PERMUTATION,clarithromycin,MUTATION_ONLY_LOGISTIC,RANDOM_ISOLATE_LABEL_PERMUTATION,8,331,83,83,22,61,0,61,0,22,0.26506024096385544,0.0,1.0,1.0,0.0,0.5,0.0,nan,0.7349397590361446,0.5,0.26506024096385544,0.26506024096385544,0.9090909090909092,0.9331872946330777,0.1881798580466884,63.929516440163106,63.60603348874439
TRAINING_LABEL_PERMUTATION,clarithromycin,MUTATION_ONLY_LOGISTIC,HPGP_TO_EXTERNAL_LABEL_PERMUTATION,ZENODO_10369064__008,414,44,44,20,24,0,24,0,20,0.45454545454545453,0.0,1.0,1.0,0.0,0.5,0.0,nan,0.5454545454545454,0.5,0.45454545454545453,0.45454545454545453,0.9291666666666668,0.8980861244019138,0.27800544326668475,90.06500022654092,89.49571561647633
TRAINING_LABEL_PERMUTATION,clarithromycin,MUTATION_ONLY_LOGISTIC,RANDOM_ISOLATE_LABEL_PERMUTATION,9,331,83,83,22,61,0,61,0,22,0.26506024096385544,0.0,1.0,1.0,0.0,0.5,0.0,nan,0.7349397590361446,0.5,0.26506024096385544,0.26506024096385544,0.0,0.22618133762712075,0.22288240009986904,-81.93669465854829,-76.74900890448434
TRAINING_LABEL_PERMUTATION,clarithromycin,MUTATION_ONLY_LOGISTIC,HPGP_TO_EXTERNAL_LABEL_PERMUTATION,ZENODO_10369064__009,414,44,44,20,24,0,24,0,20,0.45454545454545453,0.0,1.0,1.0,0.0,0.5,0.0,nan,0.5454545454545454,0.5,0.45454545454545453,0.45454545454545453,0.0708333333333333,0.41709090909090907,0.31077666844999147,-20.86815144894088,-19.205048729527824
TRAINING_LABEL_PERMUTATION,clarithromycin,MUTATION_ONLY_LOGISTIC,RANDOM_ISOLATE_LABEL_PERMUTATION,10,331,83,83,22,61,0,61,0,22,0.26506024096385544,0.0,1.0,1.0,0.0,0.5,0.0,nan,0.7349397590361446,0.5,0.26506024096385544,0.26506024096385544,0.0,0.23461394484728326,0.2156746488843936,-75.3604245149569,-69.0748641059873
TRAINING_LABEL_PERMUTATION,clarithromycin,MUTATION_ONLY_LOGISTIC,HPGP_TO_EXTERNAL_LABEL_PERMUTATION,ZENODO_10369064__010,414,44,44,20,24,0,24,0,20,0.45454545454545453,0.0,1.0,1.0,0.0,0.5,0.0,nan,0.5454545454545454,0.5,0.45454545454545453,0.45454545454545453,0.0708333333333333,0.41709090909090907,0.297411095387884,-40.326967860401076,-38.31637374245217
TRAINING_LABEL_PERMUTATION,clarithromycin,MUTATION_ONLY_LOGISTIC,RANDOM_ISOLATE_LABEL_PERMUTATION,11,331,83,83,22,61,0,61,0,22,0.26506024096385544,0.0,1.0,1.0,0.0,0.5,0.0,nan,0.7349397590361446,0.5,0.26506024096385544,0.26506024096385544,0.0,0.24856327667572647,0.21382598305829187,-92.71466325364668,-86.45694689941243
TRAINING_LABEL_PERMUTATION,clarithromycin,MUTATION_ONLY_LOGISTIC,HPGP_TO_EXTERNAL_LABEL_PERMUTATION,ZENODO_10369064__011,414,44,44,20,24,0,24,0,20,0.45454545454545453,0.0,1.0,1.0,0.0,0.5,0.0,nan,0.5454545454545454,0.5,0.45454545454545453,0.45454545454545453,0.0708333333333333,0.41709090909090907,0.30422748865505145,-28.310699496678154,-26.280217577044343
TRAINING_LABEL_PERMUTATION,clarithromycin,MUTATION_ONLY_LOGISTIC,RANDOM_ISOLATE_LABEL_PERMUTATION,12,331,83,83,22,61,0,61,0,22,0.26506024096385544,0.0,1.0,1.0,0.0,0.5,0.0,nan,0.7349397590361446,0.5,0.26506024096385544,0.26506024096385544,0.0,0.24044342558704884,0.21492421760051467,-83.06090742076213,-76.6411301980615
TRAINING_LABEL_PERMUTATION,clarithromycin,MUTATION_ONLY_LOGISTIC,HPGP_TO_EXTERNAL_LABEL_PERMUTATION,ZENODO_10369064__012,414,44,44,20,24,0,24,0,20,0.45454545454545453,0.0,1.0,1.0,0.0,0.5,0.0,nan,0.5454545454545454,0.5,0.45454545454545453,0.45454545454545453,0.0708333333333333,0.41709090909090907,0.29107016988162404,-83.34718251554105,-79.78897012349081
TRAINING_LABEL_PERMUTATION,clarithromycin,MUTATION_ONLY_LOGISTIC,RANDOM_ISOLATE_LABEL_PERMUTATION,13,331,83,83,22,61,0,61,0,22,0.26506024096385544,0.0,1.0,1.0,0.0,0.5,0.0,nan,0.7349397590361446,0.5,0.26506024096385544,0.26506024096385544,0.0,0.2286558822703401,0.2010487829282461,-392.8503673749078,-378.5201578127617
TRAINING_LABEL_PERMUTATION,clarithromycin,MUTATION_ONLY_LOGISTIC,HPGP_TO_EXTERNAL_LABEL_PERMUTATION,ZENODO_10369064__013,414,44,44,20,24,0,24,0,20,0.45454545454545453,0.0,1.0,1.0,0.0,0.5,0.0,nan,0.5454545454545454,0.5,0.45454545454545453,0.45454545454545453,0.9291666666666668,0.8980861244019138,0.2657888491972298,27.47645042383197,27.84542745197233
TRAINING_LABEL_PERMUTATION,clarithromycin,MUTATION_ONLY_LOGISTIC,RANDOM_ISOLATE_LABEL_PERMUTATION,14,331,83,83,22,61,0,61,0,22,0.26506024096385544,0.0,1.0,1.0,0.0,0.5,0.0,nan,0.7349397590361446,0.5,0.26506024096385544,0.26506024096385544,1.0,1.0,0.16517615865964883,85.92753301772538,85.56535049509435
TRAINING_LABEL_PERMUTATION,clarithromycin,MUTATION_ONLY_LOGISTIC,HPGP_TO_EXTERNAL_LABEL_PERMUTATION,ZENODO_10369064__014,414,44,44,20,24,0,24,0,20,0.45454545454545453,0.0,1.0,1.0,0.0,0.5,0.0,nan,0.5454545454545454,0.5,0.45454545454545453,0.45454545454545453,0.9291666666666668,0.8980861244019138,0.23550492633729378,9.90359676948563,10.899741890895386
TRAINING_LABEL_PERMUTATION,clarithromycin,MUTATION_ONLY_LOGISTIC,RANDOM_ISOLATE_LABEL_PERMUTATION,15,331,83,83,22,61,0,61,0,22,0.26506024096385544,0.0,1.0,1.0,0.0,0.5,0.0,nan,0.7349397590361446,0.5,0.26506024096385544,0.26506024096385544,0.0,0.24856327667572647,0.20797113603955053,-130.1457156364167,-123.2661471984135
TRAINING_LABEL_PERMUTATION,clarithromycin,MUTATION_ONLY_LOGISTIC,HPGP_TO_EXTERNAL_LABEL_PERMUTATION,ZENODO_10369064__015,414,44,44,20,24,0,24,0,20,0.45454545454545453,0.0,1.0,1.0,0.0,0.5,0.0,nan,0.5454545454545454,0.5,0.45454545454545453,0.45454545454545453,0.9291666666666668,0.8980861244019138,0.24159800334371279,11.42413047127223,12.30724209593215
TRAINING_LABEL_PERMUTATION,clarithromycin,MUTATION_ONLY_LOGISTIC,RANDOM_ISOLATE_LABEL_PERMUTATION,16,331,83,83,22,61,0,61,0,22,0.26506024096385544,0.0,1.0,1.0,0.0,0.5,0.0,nan,0.7349397590361446,0.5,0.26506024096385544,0.26506024096385544,0.1818181818181818,0.39868565169769987,0.20055646187927834,-52.27681404218142,-49.44423012349101
TRAINING_LABEL_PERMUTATION,clarithromycin,MUTATION_ONLY_LOGISTIC,HPGP_TO_EXTERNAL_LABEL_PERMUTATION,ZENODO_10369064__016,414,44,44,20,24,0,24,0,20,0.45454545454545453,0.0,1.0,1.0,0.0,0.5,0.0,nan,0.5454545454545454,0.5,0.45454545454545453,0.45454545454545453,0.0708333333333333,0.41709090909090907,0.2846193014874637,-2900.3745428931493,-2817.6854309819887
TRAINING_LABEL_PERMUTATION,clarithromycin,MUTATION_ONLY_LOGISTIC,RANDOM_ISOLATE_LABEL_PERMUTATION,17,331,83,83,22,61,0,61,0,22,0.26506024096385544,0.0,1.0,1.0,0.0,0.5,0.0,nan,0.7349397590361446,0.5,0.26506024096385544,0.26506024096385544,1.0,1.0,0.17959889217498562,111.50158574126199,110.08733512566347
TRAINING_LABEL_PERMUTATION,clarithromycin,MUTATION_ONLY_LOGISTIC,HPGP_TO_EXTERNAL_LABEL_PERMUTATION,ZENODO_10369064__017,414,44,44,20,24,0,24,0,20,0.45454545454545453,0.0,1.0,1.0,0.0,0.5,0.0,nan,0.5454545454545454,0.5,0.45454545454545453,0.45454545454545453,0.9291666666666668,0.8980861244019138,0.266075437016641,27.02257463795397,27.150958691908393
TRAINING_LABEL_PERMUTATION,clarithromycin,MUTATION_ONLY_LOGISTIC,RANDOM_ISOLATE_LABEL_PERMUTATION,18,331,83,83,22,61,0,61,0,22,0.26506024096385544,0.0,1.0,1.0,0.0,0.5,0.0,nan,0.7349397590361446,0.5,0.26506024096385544,0.26506024096385544,0.8636363636363636,0.8997809419496167,0.1812013980482833,5.724268147113105,6.765283197606615
TRAINING_LABEL_PERMUTATION,clarithromycin,MUTATION_ONLY_LOGISTIC,HPGP_TO_EXTERNAL_LABEL_PERMUTATION,ZENODO_10369064__018,414,44,44,20,24,0,24,0,20,0.45454545454545453,0.0,1.0,1.0,0.0,0.5,0.0,nan,0.5454545454545454,0.5,0.45454545454545453,0.45454545454545453,0.0708333333333333,0.41709090909090907,0.2843868469652805,-928.0662747461975,-908.8465074754783
TRAINING_LABEL_PERMUTATION,clarithromycin,MUTATION_ONLY_LOGISTIC,RANDOM_ISOLATE_LABEL_PERMUTATION,19,331,83,83,22,61,0,61,0,22,0.26506024096385544,0.0,1.0,1.0,0.0,0.5,0.0,nan,0.7349397590361446,0.5,0.26506024096385544,0.26506024096385544,0.9545454545454546,0.966593647316539,0.17071052584842739,14.996598794279713,16.612045375515653
TRAINING_LABEL_PERMUTATION,clarithromycin,MUTATION_ONLY_LOGISTIC,HPGP_TO_EXTERNAL_LABEL_PERMUTATION,ZENODO_10369064__019,414,44,44,20,24,0,24,0,20,0.45454545454545453,0.0,1.0,1.0,0.0,0.5,0.0,nan,0.5454545454545454,0.5,0.45454545454545453,0.45454545454545453,0.9291666666666668,0.8980861244019138,0.2649855067733903,28.76178413530046,29.85864021458866
TRAINING_LABEL_PERMUTATION,clarithromycin,MUTATION_ONLY_LOGISTIC,RANDOM_ISOLATE_LABEL_PERMUTATION,20,331,83,83,22,61,0,61,0,22,0.26506024096385544,0.0,1.0,1.0,0.0,0.5,0.0,nan,0.7349397590361446,0.5,0.26506024096385544,0.26506024096385544,0.0909090909090909,0.3318729463307777,0.20324042312054763,-36.101200066669676,-33.28365388880205
TRAINING_LABEL_PERMUTATION,clarithromycin,MUTATION_ONLY_LOGISTIC,HPGP_TO_EXTERNAL_LABEL_PERMUTATION,ZENODO_10369064__020,414,44,44,20,24,0,24,0,20,0.45454545454545453,0.0,1.0,1.0,0.0,0.5,0.0,nan,0.5454545454545454,0.5,0.45454545454545453,0.45454545454545453,0.0708333333333333,0.41709090909090907,0.2972387505199691,-38.78396645086991,-37.1231773434756
TRAINING_LABEL_PERMUTATION,clarithromycin,MUTATION_ONLY_LOGISTIC,RANDOM_ISOLATE_LABEL_PERMUTATION,21,331,83,83,22,61,0,61,0,22,0.26506024096385544,0.0,1.0,1.0,0.0,0.5,0.0,nan,0.7349397590361446,0.5,0.26506024096385544,0.26506024096385544,0.1818181818181818,0.39868565169769987,0.2056569646453444,-34.21606821602642,-31.96983422656804
TRAINING_LABEL_PERMUTATION,clarithromycin,MUTATION_ONLY_LOGISTIC,HPGP_TO_EXTERNAL_LABEL_PERMUTATION,ZENODO_10369064__021,414,44,44,20,24,0,24,0,20,0.45454545454545453,0.0,1.0,1.0,0.0,0.5,0.0,nan,0.5454545454545454,0.5,0.45454545454545453,0.45454545454545453,0.0708333333333333,0.41709090909090907,0.28398074079967983,-376.38703224182143,-374.1090385850869
TRAINING_LABEL_PERMUTATION,clarithromycin,MUTATION_ONLY_LOGISTIC,RANDOM_ISOLATE_LABEL_PERMUTATION,22,331,83,83,22,61,0,61,0,22,0.26506024096385544,0.0,1.0,1.0,0.0,0.5,0.0,nan,0.7349397590361446,0.5,0.26506024096385544,0.26506024096385544,0.7727272727272727,0.8329682365826944,0.19636096655565122,-6.981461066879422,-5.719214155418774
TRAINING_LABEL_PERMUTATION,clarithromycin,MUTATION_ONLY_LOGISTIC,HPGP_TO_EXTERNAL_LABEL_PERMUTATION,ZENODO_10369064__022,414,44,44,20,24,0,24,0,20,0.45454545454545453,0.0,1.0,1.0,0.0,0.5,0.0,nan,0.5454545454545454,0.5,0.45454545454545453,0.45454545454545453,0.0708333333333333,0.41709090909090907,0.29130356629061377,-89.85872242675605,-85.32761737670647
TRAINING_LABEL_PERMUTATION,clarithromycin,MUTATION_ONLY_LOGISTIC,RANDOM_ISOLATE_LABEL_PERMUTATION,23,331,83,83,22,61,0,61,0,22,0.26506024096385544,0.0,1.0,1.0,0.0,0.5,0.0,nan,0.7349397590361446,0.5,0.26506024096385544,0.26506024096385544,0.1818181818181818,0.39868565169769987,0.23217659598865417,-13.917490402317963,-12.43247876891324
TRAINING_LABEL_PERMUTATION,clarithromycin,MUTATION_ONLY_LOGISTIC,HPGP_TO_EXTERNAL_LABEL_PERMUTATION,ZENODO_10369064__023,414,44,44,20,24,0,24,0,20,0.45454545454545453,0.0,1.0,1.0,0.0,0.5,0.0,nan,0.5454545454545454,0.5,0.45454545454545453,0.45454545454545453,0.0708333333333333,0.41709090909090907,0.31748086925917834,-16.538664445546818,-15.073443658736826
TRAINING_LABEL_PERMUTATION,clarithromycin,MUTATION_ONLY_LOGISTIC,RANDOM_ISOLATE_LABEL_PERMUTATION,24,331,83,83,22,61,0,61,0,22,0.26506024096385544,0.0,1.0,1.0,0.0,0.5,0.0,nan,0.7349397590361446,0.5,0.26506024096385544,0.26506024096385544,0.0,0.24125821467688938,0.20407463063942766,-219.18449640922194,-209.48519552654002
TRAINING_LABEL_PERMUTATION,clarithromycin,MUTATION_ONLY_LOGISTIC,HPGP_TO_EXTERNAL_LABEL_PERMUTATION,ZENODO_10369064__024,414,44,44,20,24,0,24,0,20,0.45454545454545453,0.0,1.0,1.0,0.0,0.5,0.0,nan,0.5454545454545454,0.5,0.45454545454545453,0.45454545454545453,0.9291666666666668,0.8980861244019138,0.2848677750641213,1334.2891962631109,1285.7636656113043
TRAINING_LABEL_PERMUTATION,clarithromycin,MUTATION_ONLY_LOGISTIC,RANDOM_ISOLATE_LABEL_PERMUTATION,25,331,83,83,22,61,0,61,0,22,0.26506024096385544,0.0,1.0,1.0,0.0,0.5,0.0,nan,0.7349397590361446,0.5,0.26506024096385544,0.26506024096385544,0.0,0.23461394484728326,0.20023566818714764,-649.6641351117264,-631.7335054688223
TRAINING_LABEL_PERMUTATION,clarithromycin,MUTATION_ONLY_LOGISTIC,HPGP_TO_EXTERNAL_LABEL_PERMUTATION,ZENODO_10369064__025,414,44,44,20,24,0,24,0,20,0.45454545454545453,0.0,1.0,1.0,0.0,0.5,0.0,nan,0.5454545454545454,0.5,0.45454545454545453,0.45454545454545453,0.9291666666666668,0.8980861244019138,0.2722527890074453,40.384253080297775,40.029499137733914
TRAINING_LABEL_PERMUTATION,clarithromycin,MUTATION_ONLY_LOGISTIC,RANDOM_ISOLATE_LABEL_PERMUTATION,26,331,83,83,22,61,0,61,0,22,0.26506024096385544,0.0,1.0,1.0,0.0,0.5,0.0,nan,0.7349397590361446,0.5,0.26506024096385544,0.26506024096385544,1.0,1.0,0.17757880879223828,89.80271868667802,91.35837138662677
TRAINING_LABEL_PERMUTATION,clarithromycin,MUTATION_ONLY_LOGISTIC,HPGP_TO_EXTERNAL_LABEL_PERMUTATION,ZENODO_10369064__026,414,44,44,20,24,0,24,0,20,0.45454545454545453,0.0,1.0,1.0,0.0,0.5,0.0,nan,0.5454545454545454,0.5,0.45454545454545453,0.45454545454545453,0.9291666666666668,0.8980861244019138,0.2780054432666844,90.06500022653792,89.49571561647343
TRAINING_LABEL_PERMUTATION,clarithromycin,MUTATION_ONLY_LOGISTIC,RANDOM_ISOLATE_LABEL_PERMUTATION,27,331,83,83,22,61,0,61,0,22,0.26506024096385544,0.0,1.0,1.0,0.0,0.5,0.0,nan,0.7349397590361446,0.5,0.26506024096385544,0.26506024096385544,0.8181818181818182,0.8647248928373427,0.1977348355380598,-3.161225509180177,-2.0370788662190695
TRAINING_LABEL_PERMUTATION,clarithromycin,MUTATION_ONLY_LOGISTIC,HPGP_TO_EXTERNAL_LABEL_PERMUTATION,ZENODO_10369064__027,414,44,44,20,24,0,24,0,20,0.45454545454545453,0.0,1.0,1.0,0.0,0.5,0.0,nan,0.5454545454545454,0.5,0.45454545454545453,0.45454545454545453,0.9291666666666668,0.8980861244019138,0.27171240856733614,42.764965098196065,43.103033473797595
TRAINING_LABEL_PERMUTATION,clarithromycin,MUTATION_ONLY_LOGISTIC,RANDOM_ISOLATE_LABEL_PERMUTATION,28,331,83,83,22,61,0,61,0,22,0.26506024096385544,0.0,1.0,1.0,0.0,0.5,0.0,nan,0.7349397590361446,0.5,0.26506024096385544,0.26506024096385544,1.0,1.0,0.17835121790798328,114.3705785235214,113.30028136866736
TRAINING_LABEL_PERMUTATION,clarithromycin,MUTATION_ONLY_LOGISTIC,HPGP_TO_EXTERNAL_LABEL_PERMUTATION,ZENODO_10369064__028,414,44,44,20,24,0,24,0,20,0.45454545454545453,0.0,1.0,1.0,0.0,0.5,0.0,nan,0.5454545454545454,0.5,0.45454545454545453,0.45454545454545453,0.9291666666666668,0.8980861244019138,0.27851722282661073,79.11301350479894,77.33141498156205
TRAINING_LABEL_PERMUTATION,clarithromycin,MUTATION_ONLY_LOGISTIC,RANDOM_ISOLATE_LABEL_PERMUTATION,29,331,83,83,22,61,0,61,0,22,0.26506024096385544,0.0,1.0,1.0,0.0,0.5,0.0,nan,0.7349397590361446,0.5,0.26506024096385544,0.26506024096385544,1.0,1.0,0.19189141241479493,2058.986649897294,1982.1379905363299
TRAINING_LABEL_PERMUTATION,clarithromycin,MUTATION_ONLY_LOGISTIC,HPGP_TO_EXTERNAL_LABEL_PERMUTATION,ZENODO_10369064__029,414,44,44,20,24,0,24,0,20,0.45454545454545453,0.0,1.0,1.0,0.0,0.5,0.0,nan,0.5454545454545454,0.5,0.45454545454545453,0.45454545454545453,0.0708333333333333,0.41709090909090907,0.31787665465014797,-17.582722687292733,-15.678516165683325
TRAINING_LABEL_PERMUTATION,clarithromycin,MUTATION_ONLY_LOGISTIC,RANDOM_ISOLATE_LABEL_PERMUTATION,30,331,83,83,22,61,0,61,0,22,0.26506024096385544,0.0,1.0,1.0,0.0,0.5,0.0,nan,0.7349397590361446,0.5,0.26506024096385544,0.26506024096385544,0.0,0.24125821467688938,0.20755179560605677,-183.64036023550307,-177.16107148970335
TRAINING_LABEL_PERMUTATION,clarithromycin,MUTATION_ONLY_LOGISTIC,HPGP_TO_EXTERNAL_LABEL_PERMUTATION,ZENODO_10369064__030,414,44,44,20,24,0,24,0,20,0.45454545454545453,0.0,1.0,1.0,0.0,0.5,0.0,nan,0.5454545454545454,0.5,0.45454545454545453,0.45454545454545453,0.0708333333333333,0.41709090909090907,0.2972387505199689,-38.78396645087105,-37.12317734347668
TRAINING_LABEL_PERMUTATION,clarithromycin,MUTATION_ONLY_LOGISTIC,RANDOM_ISOLATE_LABEL_PERMUTATION,31,331,83,83,22,61,0,61,0,22,0.26506024096385544,0.0,1.0,1.0,0.0,0.5,0.0,nan,0.7349397590361446,0.5,0.26506024096385544,0.26506024096385544,0.9090909090909092,0.9331872946330777,0.17569097226694433,14.691440122919822,15.58874208522975
TRAINING_LABEL_PERMUTATION,clarithromycin,MUTATION_ONLY_LOGISTIC,HPGP_TO_EXTERNAL_LABEL_PERMUTATION,ZENODO_10369064__031,414,44,44,20,24,0,24,0,20,0.45454545454545453,0.0,1.0,1.0,0.0,0.5,0.0,nan,0.5454545454545454,0.5,0.45454545454545453,0.45454545454545453,0.0708333333333333,0.41709090909090907,0.2976064162739813,-42.03045422436848,-39.62891961298981
TRAINING_LABEL_PERMUTATION,clarithromycin,MUTATION_ONLY_LOGISTIC,RANDOM_ISOLATE_LABEL_PERMUTATION,32,331,83,83,22,61,0,61,0,22,0.26506024096385544,0.0,1.0,1.0,0.0,0.5,0.0,nan,0.7349397590361446,0.5,0.26506024096385544,0.26506024096385544,0.9090909090909092,0.9327799000881575,0.19266739612605796,78.88397462271485,78.18542840035124
TRAINING_LABEL_PERMUTATION,clarithromycin,MUTATION_ONLY_LOGISTIC,HPGP_TO_EXTERNAL_LABEL_PERMUTATION,ZENODO_10369064__032,414,44,44,20,24,0,24,0,20,0.45454545454545453,0.0,1.0,1.0,0.0,0.5,0.0,nan,0.5454545454545454,0.5,0.45454545454545453,0.45454545454545453,0.9291666666666668,0.8980861244019138,0.2782547218848629,84.2915278365518,83.08240329001963
TRAINING_LABEL_PERMUTATION,clarithromycin,MUTATION_ONLY_LOGISTIC,RANDOM_ISOLATE_LABEL_PERMUTATION,33,331,83,83,22,61,0,61,0,22,0.26506024096385544,0.0,1.0,1.0,0.0,0.5,0.0,nan,0.7349397590361446,0.5,0.26506024096385544,0.26506024096385544,0.2272727272727272,0.432092004381161,0.18177647677399855,7.13763158460922,7.962303899167072
TRAINING_LABEL_PERMUTATION,clarithromycin,MUTATION_ONLY_LOGISTIC,HPGP_TO_EXTERNAL_LABEL_PERMUTATION,ZENODO_10369064__033,414,44,44,20,24,0,24,0,20,0.45454545454545453,0.0,1.0,1.0,0.0,0.5,0.0,nan,0.5454545454545454,0.5,0.45454545454545453,0.45454545454545453,0.9291666666666668,0.8980861244019138,0.2530682950020766,16.39918121814889,17.361275926734912
TRAINING_LABEL_PERMUTATION,clarithromycin,MUTATION_ONLY_LOGISTIC,RANDOM_ISOLATE_LABEL_PERMUTATION,34,331,83,83,22,61,0,61,0,22,0.26506024096385544,0.0,1.0,1.0,0.0,0.5,0.0,nan,0.7349397590361446,0.5,0.26506024096385544,0.26506024096385544,0.1363636363636363,0.36527929901423883,0.19578505568758425,-9.468317339468502,-8.14873218901244
TRAINING_LABEL_PERMUTATION,clarithromycin,MUTATION_ONLY_LOGISTIC,HPGP_TO_EXTERNAL_LABEL_PERMUTATION,ZENODO_10369064__034,414,44,44,20,24,0,24,0,20,0.45454545454545453,0.0,1.0,1.0,0.0,0.5,0.0,nan,0.5454545454545454,0.5,0.45454545454545453,0.45454545454545453,0.0708333333333333,0.41709090909090907,0.2839807407996798,-376.3870322418387,-374.1090385851038
TRAINING_LABEL_PERMUTATION,clarithromycin,MUTATION_ONLY_LOGISTIC,RANDOM_ISOLATE_LABEL_PERMUTATION,35,331,83,83,22,61,0,61,0,22,0.26506024096385544,0.0,1.0,1.0,0.0,0.5,0.0,nan,0.7349397590361446,0.5,0.26506024096385544,0.26506024096385544,0.0,0.24125821467688938,0.2186565471436488,-79.20553477953789,-73.5101203021104
TRAINING_LABEL_PERMUTATION,clarithromycin,MUTATION_ONLY_LOGISTIC,HPGP_TO_EXTERNAL_LABEL_PERMUTATION,ZENODO_10369064__035,414,44,44,20,24,0,24,0,20,0.45454545454545453,0.0,1.0,1.0,0.0,0.5,0.0,nan,0.5454545454545454,0.5,0.45454545454545453,0.45454545454545453,0.9291666666666668,0.8980861244019138,0.2253249336878955,7.813322993997251,8.570353823746595
TRAINING_LABEL_PERMUTATION,clarithromycin,MUTATION_ONLY_LOGISTIC,RANDOM_ISOLATE_LABEL_PERMUTATION,36,331,83,83,22,61,0,61,0,22,0.26506024096385544,0.0,1.0,1.0,0.0,0.5,0.0,nan,0.7349397590361446,0.5,0.26506024096385544,0.26506024096385544,1.0,1.0,0.1834903276847834,184.74112065573024,179.9981189349069
TRAINING_LABEL_PERMUTATION,clarithromycin,MUTATION_ONLY_LOGISTIC,HPGP_TO_EXTERNAL_LABEL_PERMUTATION,ZENODO_10369064__036,414,44,44,20,24,0,24,0,20,0.45454545454545453,0.0,1.0,1.0,0.0,0.5,0.0,nan,0.5454545454545454,0.5,0.45454545454545453,0.45454545454545453,0.9291666666666668,0.8980861244019138,0.2533710914075017,16.312281925867662,17.12522806067322
TRAINING_LABEL_PERMUTATION,clarithromycin,MUTATION_ONLY_LOGISTIC,RANDOM_ISOLATE_LABEL_PERMUTATION,37,331,83,83,22,61,0,61,0,22,0.26506024096385544,0.0,1.0,1.0,0.0,0.5,0.0,nan,0.7349397590361446,0.5,0.26506024096385544,0.26506024096385544,1.0,1.0,0.1795988921749856,111.50158574126242,110.08733512566367
TRAINING_LABEL_PERMUTATION,clarithromycin,MUTATION_ONLY_LOGISTIC,HPGP_TO_EXTERNAL_LABEL_PERMUTATION,ZENODO_10369064__037,414,44,44,20,24,0,24,0,20,0.45454545454545453,0.0,1.0,1.0,0.0,0.5,0.0,nan,0.5454545454545454,0.5,0.45454545454545453,0.45454545454545453,0.0708333333333333,0.41709090909090907,0.33152020085556744,-12.465623616557508,-10.818399967400673
TRAINING_LABEL_PERMUTATION,clarithromycin,MUTATION_ONLY_LOGISTIC,RANDOM_ISOLATE_LABEL_PERMUTATION,38,331,83,83,22,61,0,61,0,22,0.26506024096385544,0.0,1.0,1.0,0.0,0.5,0.0,nan,0.7349397590361446,0.5,0.26506024096385544,0.26506024096385544,0.9090909090909092,0.9331872946330777,0.17028846366417838,11.23091681737872,12.348048063837423
TRAINING_LABEL_PERMUTATION,clarithromycin,MUTATION_ONLY_LOGISTIC,HPGP_TO_EXTERNAL_LABEL_PERMUTATION,ZENODO_10369064__038,414,44,44,20,24,0,24,0,20,0.45454545454545453,0.0,1.0,1.0,0.0,0.5,0.0,nan,0.5454545454545454,0.5,0.45454545454545453,0.45454545454545453,0.0708333333333333,0.41709090909090907,0.31064947773920254,-20.38591890587492,-18.894951300251734
TRAINING_LABEL_PERMUTATION,clarithromycin,MUTATION_ONLY_LOGISTIC,RANDOM_ISOLATE_LABEL_PERMUTATION,39,331,83,83,22,61,0,61,0,22,0.26506024096385544,0.0,1.0,1.0,0.0,0.5,0.0,nan,0.7349397590361446,0.5,0.26506024096385544,0.26506024096385544,0.9090909090909092,0.9331872946330777,0.1965108142371983,-5.552076536208333,-4.408905325590813
TRAINING_LABEL_PERMUTATION,clarithromycin,MUTATION_ONLY_LOGISTIC,HPGP_TO_EXTERNAL_LABEL_PERMUTATION,ZENODO_10369064__039,414,44,44,20,24,0,24,0,20,0.45454545454545453,0.0,1.0,1.0,0.0,0.5,0.0,nan,0.5454545454545454,0.5,0.45454545454545453,0.45454545454545453,0.9291666666666668,0.8980861244019138,0.24126652399039966,11.435582227825085,12.426861448760233
TRAINING_LABEL_PERMUTATION,clarithromycin,MUTATION_ONLY_LOGISTIC,RANDOM_ISOLATE_LABEL_PERMUTATION,40,331,83,83,22,61,0,61,0,22,0.26506024096385544,0.0,1.0,1.0,0.0,0.5,0.0,nan,0.7349397590361446,0.5,0.26506024096385544,0.26506024096385544,0.0,0.24384985830768963,0.2055782011114767,-154.2867002120225,-146.05251407742873
TRAINING_LABEL_PERMUTATION,clarithromycin,MUTATION_ONLY_LOGISTIC,HPGP_TO_EXTERNAL_LABEL_PERMUTATION,ZENODO_10369064__040,414,44,44,20,24,0,24,0,20,0.45454545454545453,0.0,1.0,1.0,0.0,0.5,0.0,nan,0.5454545454545454,0.5,0.45454545454545453,0.45454545454545453,0.9291666666666668,0.8980861244019138,0.2848677750641213,1334.2891962630715,1285.763665611266
TRAINING_LABEL_PERMUTATION,clarithromycin,MUTATION_ONLY_LOGISTIC,RANDOM_ISOLATE_LABEL_PERMUTATION,41,331,83,83,22,61,0,61,0,22,0.26506024096385544,0.0,1.0,1.0,0.0,0.5,0.0,nan,0.7349397590361446,0.5,0.26506024096385544,0.26506024096385544,0.0909090909090909,0.3318729463307777,0.21487444586221985,-21.466257182634624,-19.03852876694389
TRAINING_LABEL_PERMUTATION,clarithromycin,MUTATION_ONLY_LOGISTIC,HPGP_TO_EXTERNAL_LABEL_PERMUTATION,ZENODO_10369064__041,414,44,44,20,24,0,24,0,20,0.45454545454545453,0.0,1.0,1.0,0.0,0.5,0.0,nan,0.5454545454545454,0.5,0.45454545454545453,0.45454545454545453,0.0708333333333333,0.41709090909090907,0.2910701698816239,-83.34718251554104,-79.78897012349083
TRAINING_LABEL_PERMUTATION,clarithromycin,MUTATION_ONLY_LOGISTIC,RANDOM_ISOLATE_LABEL_PERMUTATION,42,331,83,83,22,61,0,61,0,22,0.26506024096385544,0.0,1.0,1.0,0.0,0.5,0.0,nan,0.7349397590361446,0.5,0.26506024096385544,0.26506024096385544,0.8181818181818182,0.8651218510405257,0.19359414508161144,-0.9012673517236979,0.11362422274349955
TRAINING_LABEL_PERMUTATION,clarithromycin,MUTATION_ONLY_LOGISTIC,HPGP_TO_EXTERNAL_LABEL_PERMUTATION,ZENODO_10369064__042,414,44,44,20,24,0,24,0,20,0.45454545454545453,0.0,1.0,1.0,0.0,0.5,0.0,nan,0.5454545454545454,0.5,0.45454545454545453,0.45454545454545453,0.0708333333333333,0.41709090909090907,0.28461930148746384,-2900.3745428923094,-2817.6854309811742
TRAINING_LABEL_PERMUTATION,clarithromycin,MUTATION_ONLY_LOGISTIC,RANDOM_ISOLATE_LABEL_PERMUTATION,43,331,83,83,22,61,0,61,0,22,0.26506024096385544,0.0,1.0,1.0,0.0,0.5,0.0,nan,0.7349397590361446,0.5,0.26506024096385544,0.26506024096385544,1.0,1.0,0.18884464472216256,294.022216354931,287.11916254730346
TRAINING_LABEL_PERMUTATION,clarithromycin,MUTATION_ONLY_LOGISTIC,HPGP_TO_EXTERNAL_LABEL_PERMUTATION,ZENODO_10369064__043,414,44,44,20,24,0,24,0,20,0.45454545454545453,0.0,1.0,1.0,0.0,0.5,0.0,nan,0.5454545454545454,0.5,0.45454545454545453,0.45454545454545453,0.0708333333333333,0.41709090909090907,0.29238578270989585,-134.58689118398323,-123.62586250676281
TRAINING_LABEL_PERMUTATION,clarithromycin,MUTATION_ONLY_LOGISTIC,RANDOM_ISOLATE_LABEL_PERMUTATION,44,331,83,83,22,61,0,61,0,22,0.26506024096385544,0.0,1.0,1.0,0.0,0.5,0.0,nan,0.7349397590361446,0.5,0.26506024096385544,0.26506024096385544,0.0909090909090909,0.3318729463307777,0.2148744458622197,-21.466257182634713,-19.03852876694395
TRAINING_LABEL_PERMUTATION,clarithromycin,MUTATION_ONLY_LOGISTIC,HPGP_TO_EXTERNAL_LABEL_PERMUTATION,ZENODO_10369064__044,414,44,44,20,24,0,24,0,20,0.45454545454545453,0.0,1.0,1.0,0.0,0.5,0.0,nan,0.5454545454545454,0.5,0.45454545454545453,0.45454545454545453,0.9291666666666668,0.8980861244019138,0.2593945532051747,20.64723274386925,21.388790045663026
TRAINING_LABEL_PERMUTATION,clarithromycin,MUTATION_ONLY_LOGISTIC,RANDOM_ISOLATE_LABEL_PERMUTATION,45,331,83,83,22,61,0,61,0,22,0.26506024096385544,0.0,1.0,1.0,0.0,0.5,0.0,nan,0.7349397590361446,0.5,0.26506024096385544,0.26506024096385544,1.0,1.0,0.16168882174711754,49.74112263969836,50.57442441032294
TRAINING_LABEL_PERMUTATION,clarithromycin,MUTATION_ONLY_LOGISTIC,HPGP_TO_EXTERNAL_LABEL_PERMUTATION,ZENODO_10369064__045,414,44,44,20,24,0,24,0,20,0.45454545454545453,0.0,1.0,1.0,0.0,0.5,0.0,nan,0.5454545454545454,0.5,0.45454545454545453,0.45454545454545453,0.0708333333333333,0.41709090909090907,0.3040518264659345,-27.469745950578268,-25.693582666919507
TRAINING_LABEL_PERMUTATION,clarithromycin,MUTATION_ONLY_LOGISTIC,RANDOM_ISOLATE_LABEL_PERMUTATION,46,331,83,83,22,61,0,61,0,22,0.26506024096385544,0.0,1.0,1.0,0.0,0.5,0.0,nan,0.7349397590361446,0.5,0.26506024096385544,0.26506024096385544,1.0,1.0,0.17680531561649548,110.82569468119978,108.19093115359406
TRAINING_LABEL_PERMUTATION,clarithromycin,MUTATION_ONLY_LOGISTIC,HPGP_TO_EXTERNAL_LABEL_PERMUTATION,ZENODO_10369064__046,414,44,44,20,24,0,24,0,20,0.45454545454545453,0.0,1.0,1.0,0.0,0.5,0.0,nan,0.5454545454545454,0.5,0.45454545454545453,0.45454545454545453,0.0708333333333333,0.41709090909090907,0.31748086925917823,-16.538664445546797,-15.073443658736819
TRAINING_LABEL_PERMUTATION,clarithromycin,MUTATION_ONLY_LOGISTIC,RANDOM_ISOLATE_LABEL_PERMUTATION,47,331,83,83,22,61,1,61,0,21,0.26506024096385544,0.045454545454545456,1.0,0.9545454545454546,0.0,0.5227272727272727,0.18388514684003537,1.0,0.7439024390243902,0.5227272727272727,0.2984665936473166,0.25301204819277107,1.0,1.0,0.1801924790171102,319.1701945881749,301.81838693213484
TRAINING_LABEL_PERMUTATION,clarithromycin,MUTATION_ONLY_LOGISTIC,HPGP_TO_EXTERNAL_LABEL_PERMUTATION,ZENODO_10369064__047,414,44,44,20,24,0,24,0,20,0.45454545454545453,0.0,1.0,1.0,0.0,0.5,0.0,nan,0.5454545454545454,0.5,0.45454545454545453,0.45454545454545453,0.9291666666666668,0.8980861244019138,0.27197794168498557,41.551939585478145,41.53658168195676
TRAINING_LABEL_PERMUTATION,clarithromycin,MUTATION_ONLY_LOGISTIC,RANDOM_ISOLATE_LABEL_PERMUTATION,48,331,83,83,22,61,0,61,0,22,0.26506024096385544,0.0,1.0,1.0,0.0,0.5,0.0,nan,0.7349397590361446,0.5,0.26506024096385544,0.26506024096385544,0.1818181818181818,0.39868565169769987,0.2267458195894068,-15.636749800805148,-14.07986246298021
TRAINING_LABEL_PERMUTATION,clarithromycin,MUTATION_ONLY_LOGISTIC,HPGP_TO_EXTERNAL_LABEL_PERMUTATION,ZENODO_10369064__048,414,44,44,20,24,0,24,0,20,0.45454545454545453,0.0,1.0,1.0,0.0,0.5,0.0,nan,0.5454545454545454,0.5,0.45454545454545453,0.45454545454545453,0.0708333333333333,0.41709090909090907,0.3040518264659346,-27.469745950578194,-25.69358266691943
TRAINING_LABEL_PERMUTATION,clarithromycin,MUTATION_ONLY_LOGISTIC,RANDOM_ISOLATE_LABEL_PERMUTATION,49,331,83,83,22,61,0,61,0,22,0.26506024096385544,0.0,1.0,1.0,0.0,0.5,0.0,nan,0.7349397590361446,0.5,0.26506024096385544,0.26506024096385544,1.0,1.0,0.17879207045782153,104.45429697875232,103.84993905341008
TRAINING_LABEL_PERMUTATION,clarithromycin,MUTATION_ONLY_LOGISTIC,HPGP_TO_EXTERNAL_LABEL_PERMUTATION,ZENODO_10369064__049,414,44,44,20,24,0,24,0,20,0.45454545454545453,0.0,1.0,1.0,0.0,0.5,0.0,nan,0.5454545454545454,0.5,0.45454545454545453,0.45454545454545453,0.9291666666666668,0.8980861244019138,0.2655085400435426,27.92263434509435,28.536403223653334
TRAINING_LABEL_PERMUTATION,clarithromycin,MUTATION_ONLY_LOGISTIC,RANDOM_ISOLATE_LABEL_PERMUTATION,50,331,83,83,22,61,0,61,0,22,0.26506024096385544,0.0,1.0,1.0,0.0,0.5,0.0,nan,0.7349397590361446,0.5,0.26506024096385544,0.26506024096385544,0.9090909090909092,0.9331872946330777,0.19090691928404832,16.53761830890942,17.390292798972965
TRAINING_LABEL_PERMUTATION,clarithromycin,MUTATION_ONLY_LOGISTIC,HPGP_TO_EXTERNAL_LABEL_PERMUTATION,ZENODO_10369064__050,414,44,44,20,24,0,24,0,20,0.45454545454545453,0.0,1.0,1.0,0.0,0.5,0.0,nan,0.5454545454545454,0.5,0.45454545454545453,0.45454545454545453,0.0708333333333333,0.41709090909090907,0.3042274886550514,-28.310699496678232,-26.280217577044407
TRAINING_LABEL_PERMUTATION,clarithromycin,MUTATION_ONLY_LOGISTIC,RANDOM_ISOLATE_LABEL_PERMUTATION,51,331,83,83,22,61,0,61,0,22,0.26506024096385544,0.0,1.0,1.0,0.0,0.5,0.0,nan,0.7349397590361446,0.5,0.26506024096385544,0.26506024096385544,0.0,0.25374518602268314,0.2083388462740475,-106.87794295311095,-99.68512361370378
TRAINING_LABEL_PERMUTATION,clarithromycin,MUTATION_ONLY_LOGISTIC,HPGP_TO_EXTERNAL_LABEL_PERMUTATION,ZENODO_10369064__051,414,44,44,20,24,0,24,0,20,0.45454545454545453,0.0,1.0,1.0,0.0,0.5,0.0,nan,0.5454545454545454,0.5,0.45454545454545453,0.45454545454545453,0.9291666666666668,0.8980861244019138,0.25398459945687424,16.10494153046398,16.613124888683476
TRAINING_LABEL_PERMUTATION,clarithromycin,MUTATION_ONLY_LOGISTIC,RANDOM_ISOLATE_LABEL_PERMUTATION,52,331,83,83,22,61,0,61,0,22,0.26506024096385544,0.0,1.0,1.0,0.0,0.5,0.0,nan,0.7349397590361446,0.5,0.26506024096385544,0.26506024096385544,1.0,1.0,0.18638704781236898,185.70196525691475,183.6874328928087
TRAINING_LABEL_PERMUTATION,clarithromycin,MUTATION_ONLY_LOGISTIC,HPGP_TO_EXTERNAL_LABEL_PERMUTATION,ZENODO_10369064__052,414,44,44,20,24,0,24,0,20,0.45454545454545453,0.0,1.0,1.0,0.0,0.5,0.0,nan,0.5454545454545454,0.5,0.45454545454545453,0.45454545454545453,0.0708333333333333,0.41709090909090907,0.30464954633008656,-30.17071225273076,-27.569965566626223
TRAINING_LABEL_PERMUTATION,clarithromycin,MUTATION_ONLY_LOGISTIC,RANDOM_ISOLATE_LABEL_PERMUTATION,53,331,83,83,22,61,0,61,0,22,0.26506024096385544,0.0,1.0,1.0,0.0,0.5,0.0,nan,0.7349397590361446,0.5,0.26506024096385544,0.26506024096385544,1.0,1.0,0.18349032768478385,184.74112065573544,179.9981189349131
TRAINING_LABEL_PERMUTATION,clarithromycin,MUTATION_ONLY_LOGISTIC,HPGP_TO_EXTERNAL_LABEL_PERMUTATION,ZENODO_10369064__053,414,44,44,20,24,0,24,0,20,0.45454545454545453,0.0,1.0,1.0,0.0,0.5,0.0,nan,0.5454545454545454,0.5,0.45454545454545453,0.45454545454545453,0.0708333333333333,0.41709090909090907,0.28417284632265677,-530.8304596105405,-523.8379715730161
TRAINING_LABEL_PERMUTATION,clarithromycin,MUTATION_ONLY_LOGISTIC,RANDOM_ISOLATE_LABEL_PERMUTATION,54,331,83,83,22,61,0,61,0,22,0.26506024096385544,0.0,1.0,1.0,0.0,0.5,0.0,nan,0.7349397590361446,0.5,0.26506024096385544,0.26506024096385544,0.0,0.24044342558704884,0.2127801444476715,-105.5897809763724,-99.63918967078611
TRAINING_LABEL_PERMUTATION,clarithromycin,MUTATION_ONLY_LOGISTIC,HPGP_TO_EXTERNAL_LABEL_PERMUTATION,ZENODO_10369064__054,414,44,44,20,24,0,24,0,20,0.45454545454545453,0.0,1.0,1.0,0.0,0.5,0.0,nan,0.5454545454545454,0.5,0.45454545454545453,0.45454545454545453,0.0708333333333333,0.41709090909090907,0.3106494777392026,-20.385918905874764,-18.894951300251606
TRAINING_LABEL_PERMUTATION,clarithromycin,MUTATION_ONLY_LOGISTIC,RANDOM_ISOLATE_LABEL_PERMUTATION,55,331,83,83,22,61,0,61,0,22,0.26506024096385544,0.0,1.0,1.0,0.0,0.5,0.0,nan,0.7349397590361446,0.5,0.26506024096385544,0.26506024096385544,0.0909090909090909,0.3318729463307777,0.20851530703654375,-10.869517642862943,-8.912042771430835
TRAINING_LABEL_PERMUTATION,clarithromycin,MUTATION_ONLY_LOGISTIC,HPGP_TO_EXTERNAL_LABEL_PERMUTATION,ZENODO_10369064__055,414,44,44,20,24,0,24,0,20,0.45454545454545453,0.0,1.0,1.0,0.0,0.5,0.0,nan,0.5454545454545454,0.5,0.45454545454545453,0.45454545454545453,0.0708333333333333,0.41709090909090907,0.3040518264659345,-27.46974595057827,-25.69358266691951
TRAINING_LABEL_PERMUTATION,clarithromycin,MUTATION_ONLY_LOGISTIC,RANDOM_ISOLATE_LABEL_PERMUTATION,56,331,83,83,22,61,0,61,0,22,0.26506024096385544,0.0,1.0,1.0,0.0,0.5,0.0,nan,0.7349397590361446,0.5,0.26506024096385544,0.26506024096385544,0.1818181818181818,0.39868565169769987,0.19552830077693234,-103.9350577590354,-99.68930280798166
TRAINING_LABEL_PERMUTATION,clarithromycin,MUTATION_ONLY_LOGISTIC,HPGP_TO_EXTERNAL_LABEL_PERMUTATION,ZENODO_10369064__056,414,44,44,20,24,0,24,0,20,0.45454545454545453,0.0,1.0,1.0,0.0,0.5,0.0,nan,0.5454545454545454,0.5,0.45454545454545453,0.45454545454545453,0.0708333333333333,0.41709090909090907,0.28461930148746384,-2900.3745428928155,-2817.6854309816654
TRAINING_LABEL_PERMUTATION,clarithromycin,MUTATION_ONLY_LOGISTIC,RANDOM_ISOLATE_LABEL_PERMUTATION,57,331,83,83,22,61,0,61,0,22,0.26506024096385544,0.0,1.0,1.0,0.0,0.5,0.0,nan,0.7349397590361446,0.5,0.26506024096385544,0.26506024096385544,0.0,0.24384985830768963,0.20557820111147687,-154.2867002120223,-146.0525140774286
TRAINING_LABEL_PERMUTATION,clarithromycin,MUTATION_ONLY_LOGISTIC,HPGP_TO_EXTERNAL_LABEL_PERMUTATION,ZENODO_10369064__057,414,44,44,20,24,0,24,0,20,0.45454545454545453,0.0,1.0,1.0,0.0,0.5,0.0,nan,0.5454545454545454,0.5,0.45454545454545453,0.45454545454545453,0.9291666666666668,0.8980861244019138,0.25939455320517446,20.647232743869004,21.388790045662756
TRAINING_LABEL_PERMUTATION,clarithromycin,MUTATION_ONLY_LOGISTIC,RANDOM_ISOLATE_LABEL_PERMUTATION,58,331,83,83,22,61,0,61,0,22,0.26506024096385544,0.0,1.0,1.0,0.0,0.5,0.0,nan,0.7349397590361446,0.5,0.26506024096385544,0.26506024096385544,0.1363636363636363,0.3652792990142388,0.197200826030698,-18.915020201740575,-17.17468546294539
TRAINING_LABEL_PERMUTATION,clarithromycin,MUTATION_ONLY_LOGISTIC,HPGP_TO_EXTERNAL_LABEL_PERMUTATION,ZENODO_10369064__058,414,44,44,20,24,0,24,0,20,0.45454545454545453,0.0,1.0,1.0,0.0,0.5,0.0,nan,0.5454545454545454,0.5,0.45454545454545453,0.45454545454545453,0.9291666666666668,0.8980861244019138,0.2787892965548624,74.30268178176743,72.0170687097359
TRAINING_LABEL_PERMUTATION,clarithromycin,MUTATION_ONLY_LOGISTIC,RANDOM_ISOLATE_LABEL_PERMUTATION,59,331,83,83,22,61,0,61,0,22,0.26506024096385544,0.0,1.0,1.0,0.0,0.5,0.0,nan,0.7349397590361446,0.5,0.26506024096385544,0.26506024096385544,0.1363636363636363,0.3652792990142388,0.1993586487085949,-9.169244536657882,-7.725644056881973
TRAINING_LABEL_PERMUTATION,clarithromycin,MUTATION_ONLY_LOGISTIC,HPGP_TO_EXTERNAL_LABEL_PERMUTATION,ZENODO_10369064__059,414,44,44,20,24,0,24,0,20,0.45454545454545453,0.0,1.0,1.0,0.0,0.5,0.0,nan,0.5454545454545454,0.5,0.45454545454545453,0.45454545454545453,0.0708333333333333,0.41709090909090907,0.2983166018665085,-48.23071974834994,-44.387515820972624
TRAINING_LABEL_PERMUTATION,clarithromycin,MUTATION_ONLY_LOGISTIC,RANDOM_ISOLATE_LABEL_PERMUTATION,60,331,83,83,22,61,0,61,0,22,0.26506024096385544,0.0,1.0,1.0,0.0,0.5,0.0,nan,0.7349397590361446,0.5,0.26506024096385544,0.26506024096385544,1.0,1.0,0.18121555134189604,128.71693668563313,127.91126882124917
TRAINING_LABEL_PERMUTATION,clarithromycin,MUTATION_ONLY_LOGISTIC,HPGP_TO_EXTERNAL_LABEL_PERMUTATION,ZENODO_10369064__060,414,44,44,20,24,0,24,0,20,0.45454545454545453,0.0,1.0,1.0,0.0,0.5,0.0,nan,0.5454545454545454,0.5,0.45454545454545453,0.45454545454545453,0.9291666666666668,0.8980861244019138,0.26550854004354263,27.9226343450945,28.5364032236535
TRAINING_LABEL_PERMUTATION,clarithromycin,MUTATION_ONLY_LOGISTIC,RANDOM_ISOLATE_LABEL_PERMUTATION,61,331,83,83,22,61,0,61,0,22,0.26506024096385544,0.0,1.0,1.0,0.0,0.5,0.0,nan,0.7349397590361446,0.5,0.26506024096385544,0.26506024096385544,0.0,0.23461394484728326,0.20529868266779408,-175.94369805036462,-167.5050866809972
TRAINING_LABEL_PERMUTATION,clarithromycin,MUTATION_ONLY_LOGISTIC,HPGP_TO_EXTERNAL_LABEL_PERMUTATION,ZENODO_10369064__061,414,44,44,20,24,0,24,0,20,0.45454545454545453,0.0,1.0,1.0,0.0,0.5,0.0,nan,0.5454545454545454,0.5,0.45454545454545453,0.45454545454545453,0.0708333333333333,0.41709090909090907,0.2976064162739814,-42.03045422436819,-39.628919612989534
TRAINING_LABEL_PERMUTATION,clarithromycin,MUTATION_ONLY_LOGISTIC,RANDOM_ISOLATE_LABEL_PERMUTATION,62,331,83,83,22,61,0,61,0,22,0.26506024096385544,0.0,1.0,1.0,0.0,0.5,0.0,nan,0.7349397590361446,0.5,0.26506024096385544,0.26506024096385544,0.1818181818181818,0.39868565169769987,0.19599386865653592,-3.953811763380928,-2.84667322706491
TRAINING_LABEL_PERMUTATION,clarithromycin,MUTATION_ONLY_LOGISTIC,HPGP_TO_EXTERNAL_LABEL_PERMUTATION,ZENODO_10369064__062,414,44,44,20,24,0,24,0,20,0.45454545454545453,0.0,1.0,1.0,0.0,0.5,0.0,nan,0.5454545454545454,0.5,0.45454545454545453,0.45454545454545453,0.0708333333333333,0.41709090909090907,0.3174808692591783,-16.538664445546743,-15.073443658736775
TRAINING_LABEL_PERMUTATION,clarithromycin,MUTATION_ONLY_LOGISTIC,RANDOM_ISOLATE_LABEL_PERMUTATION,63,331,83,83,22,61,0,61,0,22,0.26506024096385544,0.0,1.0,1.0,0.0,0.5,0.0,nan,0.7349397590361446,0.5,0.26506024096385544,0.26506024096385544,0.9090909090909092,0.9331872946330777,0.19880072598393578,-4.853502833453644,-3.7357496407452686
TRAINING_LABEL_PERMUTATION,clarithromycin,MUTATION_ONLY_LOGISTIC,HPGP_TO_EXTERNAL_LABEL_PERMUTATION,ZENODO_10369064__063,414,44,44,20,24,0,24,0,20,0.45454545454545453,0.0,1.0,1.0,0.0,0.5,0.0,nan,0.5454545454545454,0.5,0.45454545454545453,0.45454545454545453,0.9291666666666668,0.8980861244019138,0.25337109140750175,16.312281925867687,17.125228060673265
TRAINING_LABEL_PERMUTATION,clarithromycin,MUTATION_ONLY_LOGISTIC,RANDOM_ISOLATE_LABEL_PERMUTATION,64,331,83,83,22,61,0,61,0,22,0.26506024096385544,0.0,1.0,1.0,0.0,0.5,0.0,nan,0.7349397590361446,0.5,0.26506024096385544,0.26506024096385544,1.0,1.0,0.19030307903603774,399.8180514961633,390.89535540063383
TRAINING_LABEL_PERMUTATION,clarithromycin,MUTATION_ONLY_LOGISTIC,HPGP_TO_EXTERNAL_LABEL_PERMUTATION,ZENODO_10369064__064,414,44,44,20,24,0,24,0,20,0.45454545454545453,0.0,1.0,1.0,0.0,0.5,0.0,nan,0.5454545454545454,0.5,0.45454545454545453,0.45454545454545453,0.0708333333333333,0.41709090909090907,0.31064947773920243,-20.385918905874924,-18.894951300251766
TRAINING_LABEL_PERMUTATION,clarithromycin,MUTATION_ONLY_LOGISTIC,RANDOM_ISOLATE_LABEL_PERMUTATION,65,331,83,83,22,61,0,61,0,22,0.26506024096385544,0.0,1.0,1.0,0.0,0.5,0.0,nan,0.7349397590361446,0.5,0.26506024096385544,0.26506024096385544,0.0,0.23530770810514787,0.23794707588801664,-38.82174850513806,-34.08225311134562
TRAINING_LABEL_PERMUTATION,clarithromycin,MUTATION_ONLY_LOGISTIC,HPGP_TO_EXTERNAL_LABEL_PERMUTATION,ZENODO_10369064__065,414,44,44,20,24,0,24,0,20,0.45454545454545453,0.0,1.0,1.0,0.0,0.5,0.0,nan,0.5454545454545454,0.5,0.45454545454545453,0.45454545454545453,0.9291666666666668,0.8980861244019138,0.25367501506672785,16.21203129435929,16.872841765480487
TRAINING_LABEL_PERMUTATION,clarithromycin,MUTATION_ONLY_LOGISTIC,RANDOM_ISOLATE_LABEL_PERMUTATION,66,331,83,83,22,61,0,61,0,22,0.26506024096385544,0.0,1.0,1.0,0.0,0.5,0.0,nan,0.7349397590361446,0.5,0.26506024096385544,0.26506024096385544,0.0,0.24856327667572647,0.19984642538018868,-296.5551857763264,-284.04185856210637
TRAINING_LABEL_PERMUTATION,clarithromycin,MUTATION_ONLY_LOGISTIC,HPGP_TO_EXTERNAL_LABEL_PERMUTATION,ZENODO_10369064__066,414,44,44,20,24,0,24,0,20,0.45454545454545453,0.0,1.0,1.0,0.0,0.5,0.0,nan,0.5454545454545454,0.5,0.45454545454545453,0.45454545454545453,0.9291666666666668,0.8980861244019138,0.27225278900744526,40.38425308029778,40.02949913773393
TRAINING_LABEL_PERMUTATION,clarithromycin,MUTATION_ONLY_LOGISTIC,RANDOM_ISOLATE_LABEL_PERMUTATION,67,331,83,83,22,61,0,61,0,22,0.26506024096385544,0.0,1.0,1.0,0.0,0.5,0.0,nan,0.7349397590361446,0.5,0.26506024096385544,0.26506024096385544,1.0,0.9999999999999999,0.18929830476711101,1052.274242918985,1012.2068204972882
TRAINING_LABEL_PERMUTATION,clarithromycin,MUTATION_ONLY_LOGISTIC,HPGP_TO_EXTERNAL_LABEL_PERMUTATION,ZENODO_10369064__067,414,44,44,20,24,0,24,0,20,0.45454545454545453,0.0,1.0,1.0,0.0,0.5,0.0,nan,0.5454545454545454,0.5,0.45454545454545453,0.45454545454545453,0.9291666666666668,0.8980861244019138,0.28486777506412087,1334.2891962610838,1285.7636656093446
TRAINING_LABEL_PERMUTATION,clarithromycin,MUTATION_ONLY_LOGISTIC,RANDOM_ISOLATE_LABEL_PERMUTATION,68,331,83,83,22,61,0,61,0,22,0.26506024096385544,0.0,1.0,1.0,0.0,0.5,0.0,nan,0.7349397590361446,0.5,0.26506024096385544,0.26506024096385544,0.1818181818181818,0.39868565169769987,0.1857876758929081,1.7029277496089832,2.6854346559788453
TRAINING_LABEL_PERMUTATION,clarithromycin,MUTATION_ONLY_LOGISTIC,HPGP_TO_EXTERNAL_LABEL_PERMUTATION,ZENODO_10369064__068,414,44,44,20,24,0,24,0,20,0.45454545454545453,0.0,1.0,1.0,0.0,0.5,0.0,nan,0.5454545454545454,0.5,0.45454545454545453,0.45454545454545453,0.9291666666666668,0.8980861244019138,0.2785172228266106,79.1130135047987,77.33141498156184
TRAINING_LABEL_PERMUTATION,clarithromycin,MUTATION_ONLY_LOGISTIC,RANDOM_ISOLATE_LABEL_PERMUTATION,69,331,83,83,22,61,0,61,0,22,0.26506024096385544,0.0,1.0,1.0,0.0,0.5,0.0,nan,0.7349397590361446,0.5,0.26506024096385544,0.26506024096385544,1.0,1.0,0.17879207045782153,104.45429697875218,103.84993905340997
TRAINING_LABEL_PERMUTATION,clarithromycin,MUTATION_ONLY_LOGISTIC,HPGP_TO_EXTERNAL_LABEL_PERMUTATION,ZENODO_10369064__069,414,44,44,20,24,0,24,0,20,0.45454545454545453,0.0,1.0,1.0,0.0,0.5,0.0,nan,0.5454545454545454,0.5,0.45454545454545453,0.45454545454545453,0.0708333333333333,0.41709090909090907,0.29723875051996906,-38.783966450870075,-37.12317734347576
TRAINING_LABEL_PERMUTATION,clarithromycin,MUTATION_ONLY_LOGISTIC,RANDOM_ISOLATE_LABEL_PERMUTATION,70,331,83,83,22,61,0,61,0,22,0.26506024096385544,0.0,1.0,1.0,0.0,0.5,0.0,nan,0.7349397590361446,0.5,0.26506024096385544,0.26506024096385544,0.0,0.26506024096385544,0.20785172921659292,-116.57085157421693,-105.60056622846984
TRAINING_LABEL_PERMUTATION,clarithromycin,MUTATION_ONLY_LOGISTIC,HPGP_TO_EXTERNAL_LABEL_PERMUTATION,ZENODO_10369064__070,414,44,44,20,24,0,24,0,20,0.45454545454545453,0.0,1.0,1.0,0.0,0.5,0.0,nan,0.5454545454545454,0.5,0.45454545454545453,0.45454545454545453,0.9291666666666668,0.8980861244019138,0.26607543701664116,27.0225746379542,27.150958691908613
TRAINING_LABEL_PERMUTATION,clarithromycin,MUTATION_ONLY_LOGISTIC,RANDOM_ISOLATE_LABEL_PERMUTATION,71,331,83,83,22,61,0,61,0,22,0.26506024096385544,0.0,1.0,1.0,0.0,0.5,0.0,nan,0.7349397590361446,0.5,0.26506024096385544,0.26506024096385544,1.0,1.0,0.1629884867027156,45.70849205710991,47.852691441308586
TRAINING_LABEL_PERMUTATION,clarithromycin,MUTATION_ONLY_LOGISTIC,HPGP_TO_EXTERNAL_LABEL_PERMUTATION,ZENODO_10369064__071,414,44,44,20,24,0,24,0,20,0.45454545454545453,0.0,1.0,1.0,0.0,0.5,0.0,nan,0.5454545454545454,0.5,0.45454545454545453,0.45454545454545453,0.0708333333333333,0.41709090909090907,0.3042274886550514,-28.310699496678282,-26.280217577044453
TRAINING_LABEL_PERMUTATION,clarithromycin,MUTATION_ONLY_LOGISTIC,RANDOM_ISOLATE_LABEL_PERMUTATION,72,331,83,83,22,61,0,61,0,22,0.26506024096385544,0.0,1.0,1.0,0.0,0.5,0.0,nan,0.7349397590361446,0.5,0.26506024096385544,0.26506024096385544,0.0,0.24856327667572647,0.20219939054388145,-259.20317941729144,-250.66203497435006
TRAINING_LABEL_PERMUTATION,clarithromycin,MUTATION_ONLY_LOGISTIC,HPGP_TO_EXTERNAL_LABEL_PERMUTATION,ZENODO_10369064__072,414,44,44,20,24,0,24,0,20,0.45454545454545453,0.0,1.0,1.0,0.0,0.5,0.0,nan,0.5454545454545454,0.5,0.45454545454545453,0.45454545454545453,0.0708333333333333,0.41709090909090907,0.2974110953878842,-40.32696786040041,-38.31637374245156
TRAINING_LABEL_PERMUTATION,clarithromycin,MUTATION_ONLY_LOGISTIC,RANDOM_ISOLATE_LABEL_PERMUTATION,73,331,83,83,22,61,0,61,0,22,0.26506024096385544,0.0,1.0,1.0,0.0,0.5,0.0,nan,0.7349397590361446,0.5,0.26506024096385544,0.26506024096385544,0.0909090909090909,0.3318729463307777,0.20901902594655977,-26.713007708412764,-24.14424618344512
TRAINING_LABEL_PERMUTATION,clarithromycin,MUTATION_ONLY_LOGISTIC,HPGP_TO_EXTERNAL_LABEL_PERMUTATION,ZENODO_10369064__073,414,44,44,20,24,0,24,0,20,0.45454545454545453,0.0,1.0,1.0,0.0,0.5,0.0,nan,0.5454545454545454,0.5,0.45454545454545453,0.45454545454545453,0.0708333333333333,0.41709090909090907,0.2976064162739814,-42.03045422436824,-39.628919612989584
TRAINING_LABEL_PERMUTATION,clarithromycin,MUTATION_ONLY_LOGISTIC,RANDOM_ISOLATE_LABEL_PERMUTATION,74,331,83,83,22,61,0,61,0,22,0.26506024096385544,0.0,1.0,1.0,0.0,0.5,0.0,nan,0.7349397590361446,0.5,0.26506024096385544,0.26506024096385544,1.0,1.0,0.18422695566506322,174.51566918998745,170.87828606731838
TRAINING_LABEL_PERMUTATION,clarithromycin,MUTATION_ONLY_LOGISTIC,HPGP_TO_EXTERNAL_LABEL_PERMUTATION,ZENODO_10369064__074,414,44,44,20,24,0,24,0,20,0.45454545454545453,0.0,1.0,1.0,0.0,0.5,0.0,nan,0.5454545454545454,0.5,0.45454545454545453,0.45454545454545453,0.9291666666666668,0.8980861244019138,0.2599858052752656,20.232920077279545,20.60029854800332
TRAINING_LABEL_PERMUTATION,clarithromycin,MUTATION_ONLY_LOGISTIC,RANDOM_ISOLATE_LABEL_PERMUTATION,75,331,83,83,22,61,0,61,0,22,0.26506024096385544,0.0,1.0,1.0,0.0,0.5,0.0,nan,0.7349397590361446,0.5,0.26506024096385544,0.26506024096385544,0.9090909090909092,0.9331872946330777,0.17996155323268487,14.207892806137558,15.380607430493367
TRAINING_LABEL_PERMUTATION,clarithromycin,MUTATION_ONLY_LOGISTIC,HPGP_TO_EXTERNAL_LABEL_PERMUTATION,ZENODO_10369064__075,414,44,44,20,24,0,24,0,20,0.45454545454545453,0.0,1.0,1.0,0.0,0.5,0.0,nan,0.5454545454545454,0.5,0.45454545454545453,0.45454545454545453,0.9291666666666668,0.8980861244019138,0.24192896488412738,11.405376565360992,12.177204940932873
TRAINING_LABEL_PERMUTATION,clarithromycin,MUTATION_ONLY_LOGISTIC,RANDOM_ISOLATE_LABEL_PERMUTATION,76,331,83,83,22,61,0,61,0,22,0.26506024096385544,0.0,1.0,1.0,0.0,0.5,0.0,nan,0.7349397590361446,0.5,0.26506024096385544,0.26506024096385544,0.0,0.24856327667572647,0.21382598305829179,-92.71466325364763,-86.45694689941345
TRAINING_LABEL_PERMUTATION,clarithromycin,MUTATION_ONLY_LOGISTIC,HPGP_TO_EXTERNAL_LABEL_PERMUTATION,ZENODO_10369064__076,414,44,44,20,24,0,24,0,20,0.45454545454545453,0.0,1.0,1.0,0.0,0.5,0.0,nan,0.5454545454545454,0.5,0.45454545454545453,0.45454545454545453,0.0708333333333333,0.41709090909090907,0.2910701698816238,-83.3471825155425,-79.78897012349219
TRAINING_LABEL_PERMUTATION,clarithromycin,MUTATION_ONLY_LOGISTIC,RANDOM_ISOLATE_LABEL_PERMUTATION,77,331,83,83,22,61,0,61,0,22,0.26506024096385544,0.0,1.0,1.0,0.0,0.5,0.0,nan,0.7349397590361446,0.5,0.26506024096385544,0.26506024096385544,0.9090909090909092,0.9331872946330777,0.1909069192840485,16.537618308908495,17.390292798971988
TRAINING_LABEL_PERMUTATION,clarithromycin,MUTATION_ONLY_LOGISTIC,HPGP_TO_EXTERNAL_LABEL_PERMUTATION,ZENODO_10369064__077,414,44,44,20,24,0,24,0,20,0.45454545454545453,0.0,1.0,1.0,0.0,0.5,0.0,nan,0.5454545454545454,0.5,0.45454545454545453,0.45454545454545453,0.0708333333333333,0.41709090909090907,0.33152020085556744,-12.465623616557503,-10.818399967400666
TRAINING_LABEL_PERMUTATION,clarithromycin,MUTATION_ONLY_LOGISTIC,RANDOM_ISOLATE_LABEL_PERMUTATION,78,331,83,83,22,61,0,61,0,22,0.26506024096385544,0.0,1.0,1.0,0.0,0.5,0.0,nan,0.7349397590361446,0.5,0.26506024096385544,0.26506024096385544,0.0,0.24856327667572647,0.2103510926083152,-119.61026296117224,-113.94605234260607
TRAINING_LABEL_PERMUTATION,clarithromycin,MUTATION_ONLY_LOGISTIC,HPGP_TO_EXTERNAL_LABEL_PERMUTATION,ZENODO_10369064__078,414,44,44,20,24,0,24,0,20,0.45454545454545453,0.0,1.0,1.0,0.0,0.5,0.0,nan,0.5454545454545454,0.5,0.45454545454545453,0.45454545454545453,0.9291666666666668,0.8980861244019138,0.25968878716627447,20.445875402526127,20.99995181840641
TRAINING_LABEL_PERMUTATION,clarithromycin,MUTATION_ONLY_LOGISTIC,RANDOM_ISOLATE_LABEL_PERMUTATION,79,331,83,83,22,61,0,61,0,22,0.26506024096385544,0.0,1.0,1.0,0.0,0.5,0.0,nan,0.7349397590361446,0.5,0.26506024096385544,0.26506024096385544,0.8181818181818182,0.8663745892661556,0.17091414098757932,9.722043535247876,10.56455859951263
TRAINING_LABEL_PERMUTATION,clarithromycin,MUTATION_ONLY_LOGISTIC,HPGP_TO_EXTERNAL_LABEL_PERMUTATION,ZENODO_10369064__079,414,44,44,20,24,0,24,0,20,0.45454545454545453,0.0,1.0,1.0,0.0,0.5,0.0,nan,0.5454545454545454,0.5,0.45454545454545453,0.45454545454545453,0.9291666666666668,0.8980861244019138,0.25939455320517446,20.647232743869004,21.388790045662756
TRAINING_LABEL_PERMUTATION,clarithromycin,MUTATION_ONLY_LOGISTIC,RANDOM_ISOLATE_LABEL_PERMUTATION,80,331,83,83,22,61,0,61,0,22,0.26506024096385544,0.0,1.0,1.0,0.0,0.5,0.0,nan,0.7349397590361446,0.5,0.26506024096385544,0.26506024096385544,1.0,1.0,0.18218232798125664,161.89189155580377,157.0805542943033
TRAINING_LABEL_PERMUTATION,clarithromycin,MUTATION_ONLY_LOGISTIC,HPGP_TO_EXTERNAL_LABEL_PERMUTATION,ZENODO_10369064__080,414,44,44,20,24,0,24,0,20,0.45454545454545453,0.0,1.0,1.0,0.0,0.5,0.0,nan,0.5454545454545454,0.5,0.45454545454545453,0.45454545454545453,0.0708333333333333,0.41709090909090907,0.3177147284570587,-17.22578306952993,-15.477682492509079
TRAINING_LABEL_PERMUTATION,clarithromycin,MUTATION_ONLY_LOGISTIC,RANDOM_ISOLATE_LABEL_PERMUTATION,81,331,83,83,22,61,0,61,0,22,0.26506024096385544,0.0,1.0,1.0,0.0,0.5,0.0,nan,0.7349397590361446,0.5,0.26506024096385544,0.26506024096385544,0.8636363636363636,0.8997809419496167,0.16974573031109133,18.225517109970962,18.816177595307952
TRAINING_LABEL_PERMUTATION,clarithromycin,MUTATION_ONLY_LOGISTIC,HPGP_TO_EXTERNAL_LABEL_PERMUTATION,ZENODO_10369064__081,414,44,44,20,24,0,24,0,20,0.45454545454545453,0.0,1.0,1.0,0.0,0.5,0.0,nan,0.5454545454545454,0.5,0.45454545454545453,0.45454545454545453,0.0708333333333333,0.41709090909090907,0.2976064162739813,-42.03045422436858,-39.62891961298988
TRAINING_LABEL_PERMUTATION,clarithromycin,MUTATION_ONLY_LOGISTIC,RANDOM_ISOLATE_LABEL_PERMUTATION,82,331,83,83,22,61,0,61,0,22,0.26506024096385544,0.0,1.0,1.0,0.0,0.5,0.0,nan,0.7349397590361446,0.5,0.26506024096385544,0.26506024096385544,0.0,0.24125821467688938,0.20407463063942763,-219.18449640912948,-209.48519552649077
TRAINING_LABEL_PERMUTATION,clarithromycin,MUTATION_ONLY_LOGISTIC,HPGP_TO_EXTERNAL_LABEL_PERMUTATION,ZENODO_10369064__082,414,44,44,20,24,0,24,0,20,0.45454545454545453,0.0,1.0,1.0,0.0,0.5,0.0,nan,0.5454545454545454,0.5,0.45454545454545453,0.45454545454545453,0.0708333333333333,0.41709090909090907,0.2908557296656197,-76.95412470907746,-74.24672300175261
TRAINING_LABEL_PERMUTATION,clarithromycin,MUTATION_ONLY_LOGISTIC,RANDOM_ISOLATE_LABEL_PERMUTATION,83,331,83,83,22,61,0,61,0,22,0.26506024096385544,0.0,1.0,1.0,0.0,0.5,0.0,nan,0.7349397590361446,0.5,0.26506024096385544,0.26506024096385544,0.8636363636363636,0.8997809419496167,0.19524625340712454,-75.821229324784,-72.56304268592676
TRAINING_LABEL_PERMUTATION,clarithromycin,MUTATION_ONLY_LOGISTIC,HPGP_TO_EXTERNAL_LABEL_PERMUTATION,ZENODO_10369064__083,414,44,44,20,24,0,24,0,20,0.45454545454545453,0.0,1.0,1.0,0.0,0.5,0.0,nan,0.5454545454545454,0.5,0.45454545454545453,0.45454545454545453,0.0708333333333333,0.41709090909090907,0.28461930148746384,-2900.3745428917587,-2817.68543098064
TRAINING_LABEL_PERMUTATION,clarithromycin,MUTATION_ONLY_LOGISTIC,RANDOM_ISOLATE_LABEL_PERMUTATION,84,331,83,83,22,61,0,61,0,22,0.26506024096385544,0.0,1.0,1.0,0.0,0.5,0.0,nan,0.7349397590361446,0.5,0.26506024096385544,0.26506024096385544,0.0,0.24856327667572647,0.22576354213455388,-55.71172089959873,-49.76482589080196
TRAINING_LABEL_PERMUTATION,clarithromycin,MUTATION_ONLY_LOGISTIC,HPGP_TO_EXTERNAL_LABEL_PERMUTATION,ZENODO_10369064__084,414,44,44,20,24,0,24,0,20,0.45454545454545453,0.0,1.0,1.0,0.0,0.5,0.0,nan,0.5454545454545454,0.5,0.45454545454545453,0.45454545454545453,0.0708333333333333,0.41709090909090907,0.29831660186650827,-48.23071974835202,-44.38751582097452
TRAINING_LABEL_PERMUTATION,clarithromycin,MUTATION_ONLY_LOGISTIC,RANDOM_ISOLATE_LABEL_PERMUTATION,85,331,83,83,22,61,0,61,0,22,0.26506024096385544,0.0,1.0,1.0,0.0,0.5,0.0,nan,0.7349397590361446,0.5,0.26506024096385544,0.26506024096385544,0.8181818181818182,0.8663745892661556,0.19031587564056496,9.403821419825867,10.191878120311895
TRAINING_LABEL_PERMUTATION,clarithromycin,MUTATION_ONLY_LOGISTIC,HPGP_TO_EXTERNAL_LABEL_PERMUTATION,ZENODO_10369064__085,414,44,44,20,24,0,24,0,20,0.45454545454545453,0.0,1.0,1.0,0.0,0.5,0.0,nan,0.5454545454545454,0.5,0.45454545454545453,0.45454545454545453,0.0708333333333333,0.41709090909090907,0.297411095387884,-40.32696786040142,-38.316373742452484
TRAINING_LABEL_PERMUTATION,clarithromycin,MUTATION_ONLY_LOGISTIC,RANDOM_ISOLATE_LABEL_PERMUTATION,86,331,83,83,22,61,0,61,0,22,0.26506024096385544,0.0,1.0,1.0,0.0,0.5,0.0,nan,0.7349397590361446,0.5,0.26506024096385544,0.26506024096385544,0.9090909090909092,0.9331872946330777,0.19090691928404807,16.537618308911288,17.390292798974944
TRAINING_LABEL_PERMUTATION,clarithromycin,MUTATION_ONLY_LOGISTIC,HPGP_TO_EXTERNAL_LABEL_PERMUTATION,ZENODO_10369064__086,414,44,44,20,24,0,24,0,20,0.45454545454545453,0.0,1.0,1.0,0.0,0.5,0.0,nan,0.5454545454545454,0.5,0.45454545454545453,0.45454545454545453,0.9291666666666668,0.8980861244019138,0.23712676338671843,9.855734965903624,10.358880557540246
TRAINING_LABEL_PERMUTATION,clarithromycin,MUTATION_ONLY_LOGISTIC,RANDOM_ISOLATE_LABEL_PERMUTATION,87,331,83,83,22,61,0,61,0,22,0.26506024096385544,0.0,1.0,1.0,0.0,0.5,0.0,nan,0.7349397590361446,0.5,0.26506024096385544,0.26506024096385544,0.9545454545454546,0.966593647316539,0.18183718836225712,19.70258986487318,21.275622643021126
TRAINING_LABEL_PERMUTATION,clarithromycin,MUTATION_ONLY_LOGISTIC,HPGP_TO_EXTERNAL_LABEL_PERMUTATION,ZENODO_10369064__087,414,44,44,20,24,0,24,0,20,0.45454545454545453,0.0,1.0,1.0,0.0,0.5,0.0,nan,0.5454545454545454,0.5,0.45454545454545453,0.45454545454545453,0.0708333333333333,0.41709090909090907,0.290662114647353,-71.92693550782833,-69.91958264125515
TRAINING_LABEL_PERMUTATION,clarithromycin,MUTATION_ONLY_LOGISTIC,RANDOM_ISOLATE_LABEL_PERMUTATION,88,331,83,83,22,61,0,61,0,22,0.26506024096385544,0.0,1.0,1.0,0.0,0.5,0.0,nan,0.7349397590361446,0.5,0.26506024096385544,0.26506024096385544,0.1363636363636363,0.3560283090403572,0.23457678190618664,-9.482272088579407,-7.652622386238276
TRAINING_LABEL_PERMUTATION,clarithromycin,MUTATION_ONLY_LOGISTIC,HPGP_TO_EXTERNAL_LABEL_PERMUTATION,ZENODO_10369064__088,414,44,44,20,24,0,24,0,20,0.45454545454545453,0.0,1.0,1.0,0.0,0.5,0.0,nan,0.5454545454545454,0.5,0.45454545454545453,0.45454545454545453,0.9291666666666668,0.8980861244019138,0.2854025588478825,410.5740677287566,389.058480711912
TRAINING_LABEL_PERMUTATION,clarithromycin,MUTATION_ONLY_LOGISTIC,RANDOM_ISOLATE_LABEL_PERMUTATION,89,331,83,83,22,61,0,61,0,22,0.26506024096385544,0.0,1.0,1.0,0.0,0.5,0.0,nan,0.7349397590361446,0.5,0.26506024096385544,0.26506024096385544,1.0,1.0,0.17642863898202762,84.33379744341434,85.3537184495814
TRAINING_LABEL_PERMUTATION,clarithromycin,MUTATION_ONLY_LOGISTIC,HPGP_TO_EXTERNAL_LABEL_PERMUTATION,ZENODO_10369064__089,414,44,44,20,24,0,24,0,20,0.45454545454545453,0.0,1.0,1.0,0.0,0.5,0.0,nan,0.5454545454545454,0.5,0.45454545454545453,0.45454545454545453,0.0708333333333333,0.41709090909090907,0.29049179708341083,-67.6621227817321,-66.23778500500067
TRAINING_LABEL_PERMUTATION,clarithromycin,MUTATION_ONLY_LOGISTIC,RANDOM_ISOLATE_LABEL_PERMUTATION,90,331,83,83,22,61,0,61,0,22,0.26506024096385544,0.0,1.0,1.0,0.0,0.5,0.0,nan,0.7349397590361446,0.5,0.26506024096385544,0.26506024096385544,0.8636363636363636,0.8997809419496167,0.1881687309841425,12.708520913976631,13.5745886940989
TRAINING_LABEL_PERMUTATION,clarithromycin,MUTATION_ONLY_LOGISTIC,HPGP_TO_EXTERNAL_LABEL_PERMUTATION,ZENODO_10369064__090,414,44,44,20,24,0,24,0,20,0.45454545454545453,0.0,1.0,1.0,0.0,0.5,0.0,nan,0.5454545454545454,0.5,0.45454545454545453,0.45454545454545453,0.9291666666666668,0.8980861244019138,0.2422499141485579,11.37798403694665,12.037218460476387
TRAINING_LABEL_PERMUTATION,clarithromycin,MUTATION_ONLY_LOGISTIC,RANDOM_ISOLATE_LABEL_PERMUTATION,91,331,83,83,22,61,0,61,0,22,0.26506024096385544,0.0,1.0,1.0,0.0,0.5,0.0,nan,0.7349397590361446,0.5,0.26506024096385544,0.26506024096385544,1.0,1.0,0.1739736648894521,83.24131783310415,82.11709120466998
TRAINING_LABEL_PERMUTATION,clarithromycin,MUTATION_ONLY_LOGISTIC,HPGP_TO_EXTERNAL_LABEL_PERMUTATION,ZENODO_10369064__091,414,44,44,20,24,0,24,0,20,0.45454545454545453,0.0,1.0,1.0,0.0,0.5,0.0,nan,0.5454545454545454,0.5,0.45454545454545453,0.45454545454545453,0.9291666666666668,0.8980861244019138,0.21916010500893765,7.022784209050449,7.944103704995904
TRAINING_LABEL_PERMUTATION,clarithromycin,MUTATION_ONLY_LOGISTIC,RANDOM_ISOLATE_LABEL_PERMUTATION,92,331,83,83,22,61,0,61,0,22,0.26506024096385544,0.0,1.0,1.0,0.0,0.5,0.0,nan,0.7349397590361446,0.5,0.26506024096385544,0.26506024096385544,0.9545454545454546,0.9665936473165389,0.19215758786358947,135.8020809077666,133.3477021394369
TRAINING_LABEL_PERMUTATION,clarithromycin,MUTATION_ONLY_LOGISTIC,HPGP_TO_EXTERNAL_LABEL_PERMUTATION,ZENODO_10369064__092,414,44,44,20,24,0,24,0,20,0.45454545454545453,0.0,1.0,1.0,0.0,0.5,0.0,nan,0.5454545454545454,0.5,0.45454545454545453,0.45454545454545453,0.9291666666666668,0.8980861244019138,0.26607543701664116,27.022574637954175,27.15095869190863
TRAINING_LABEL_PERMUTATION,clarithromycin,MUTATION_ONLY_LOGISTIC,RANDOM_ISOLATE_LABEL_PERMUTATION,93,331,83,83,22,61,0,61,0,22,0.26506024096385544,0.0,1.0,1.0,0.0,0.5,0.0,nan,0.7349397590361446,0.5,0.26506024096385544,0.26506024096385544,0.8636363636363636,0.8997809419496167,0.17125161131728336,5.411586463519938,6.535349251062437
TRAINING_LABEL_PERMUTATION,clarithromycin,MUTATION_ONLY_LOGISTIC,HPGP_TO_EXTERNAL_LABEL_PERMUTATION,ZENODO_10369064__093,414,44,44,20,24,0,24,0,20,0.45454545454545453,0.0,1.0,1.0,0.0,0.5,0.0,nan,0.5454545454545454,0.5,0.45454545454545453,0.45454545454545453,0.0708333333333333,0.41709090909090907,0.2846193014874638,-2900.374542893628,-2817.6854309824525
TRAINING_LABEL_PERMUTATION,clarithromycin,MUTATION_ONLY_LOGISTIC,RANDOM_ISOLATE_LABEL_PERMUTATION,94,331,83,83,22,61,0,61,0,22,0.26506024096385544,0.0,1.0,1.0,0.0,0.5,0.0,nan,0.7349397590361446,0.5,0.26506024096385544,0.26506024096385544,1.0,1.0,0.18422695566506322,174.51566918998734,170.87828606731847
TRAINING_LABEL_PERMUTATION,clarithromycin,MUTATION_ONLY_LOGISTIC,HPGP_TO_EXTERNAL_LABEL_PERMUTATION,ZENODO_10369064__094,414,44,44,20,24,0,24,0,20,0.45454545454545453,0.0,1.0,1.0,0.0,0.5,0.0,nan,0.5454545454545454,0.5,0.45454545454545453,0.45454545454545453,0.9291666666666668,0.8980861244019138,0.27851722282661073,79.11301350479874,77.33141498156182
TRAINING_LABEL_PERMUTATION,clarithromycin,MUTATION_ONLY_LOGISTIC,RANDOM_ISOLATE_LABEL_PERMUTATION,95,331,83,83,22,61,0,61,0,22,0.26506024096385544,0.0,1.0,1.0,0.0,0.5,0.0,nan,0.7349397590361446,0.5,0.26506024096385544,0.26506024096385544,1.0,1.0,0.18089972532375007,380.99488419108417,360.1506948335923
TRAINING_LABEL_PERMUTATION,clarithromycin,MUTATION_ONLY_LOGISTIC,HPGP_TO_EXTERNAL_LABEL_PERMUTATION,ZENODO_10369064__095,414,44,44,20,24,0,24,0,20,0.45454545454545453,0.0,1.0,1.0,0.0,0.5,0.0,nan,0.5454545454545454,0.5,0.45454545454545453,0.45454545454545453,0.9291666666666668,0.8980861244019138,0.2477562645175296,13.406705431928811,14.134257563069657
TRAINING_LABEL_PERMUTATION,clarithromycin,MUTATION_ONLY_LOGISTIC,RANDOM_ISOLATE_LABEL_PERMUTATION,96,331,83,83,22,61,0,61,0,22,0.26506024096385544,0.0,1.0,1.0,0.0,0.5,0.0,nan,0.7349397590361446,0.5,0.26506024096385544,0.26506024096385544,0.9545454545454546,0.966593647316539,0.1924709907259433,85.99637476080409,85.5129592215159
TRAINING_LABEL_PERMUTATION,clarithromycin,MUTATION_ONLY_LOGISTIC,HPGP_TO_EXTERNAL_LABEL_PERMUTATION,ZENODO_10369064__096,414,44,44,20,24,0,24,0,20,0.45454545454545453,0.0,1.0,1.0,0.0,0.5,0.0,nan,0.5454545454545454,0.5,0.45454545454545453,0.45454545454545453,0.9291666666666668,0.8980861244019138,0.27101843347537663,46.44531304211223,47.85893270440168
TRAINING_LABEL_PERMUTATION,clarithromycin,MUTATION_ONLY_LOGISTIC,RANDOM_ISOLATE_LABEL_PERMUTATION,97,331,83,83,22,61,0,61,0,22,0.26506024096385544,0.0,1.0,1.0,0.0,0.5,0.0,nan,0.7349397590361446,0.5,0.26506024096385544,0.26506024096385544,0.0909090909090909,0.3318729463307777,0.2125871643315948,-16.290291635088963,-14.035891580519237
TRAINING_LABEL_PERMUTATION,clarithromycin,MUTATION_ONLY_LOGISTIC,HPGP_TO_EXTERNAL_LABEL_PERMUTATION,ZENODO_10369064__097,414,44,44,20,24,0,24,0,20,0.45454545454545453,0.0,1.0,1.0,0.0,0.5,0.0,nan,0.5454545454545454,0.5,0.45454545454545453,0.45454545454545453,0.0708333333333333,0.41709090909090907,0.3247205350860766,-14.712497986219702,-12.89909049009437
TRAINING_LABEL_PERMUTATION,clarithromycin,MUTATION_ONLY_LOGISTIC,RANDOM_ISOLATE_LABEL_PERMUTATION,98,331,83,83,22,61,0,61,0,22,0.26506024096385544,0.0,1.0,1.0,0.0,0.5,0.0,nan,0.7349397590361446,0.5,0.26506024096385544,0.26506024096385544,0.9090909090909092,0.9331872946330777,0.19315338189811274,-0.2598073374904479,0.7448307112667798
TRAINING_LABEL_PERMUTATION,clarithromycin,MUTATION_ONLY_LOGISTIC,HPGP_TO_EXTERNAL_LABEL_PERMUTATION,ZENODO_10369064__098,414,44,44,20,24,0,24,0,20,0.45454545454545453,0.0,1.0,1.0,0.0,0.5,0.0,nan,0.5454545454545454,0.5,0.45454545454545453,0.45454545454545453,0.9291666666666668,0.8980861244019138,0.2780054432666844,90.06500022653697,89.49571561647245
TRAINING_LABEL_PERMUTATION,clarithromycin,MUTATION_ONLY_LOGISTIC,RANDOM_ISOLATE_LABEL_PERMUTATION,99,331,83,83,22,61,0,61,0,22,0.26506024096385544,0.0,1.0,1.0,0.0,0.5,0.0,nan,0.7349397590361446,0.5,0.26506024096385544,0.26506024096385544,0.2272727272727272,0.432092004381161,0.19380410471478257,-0.4092304567876181,0.6020086359937906
TRAINING_LABEL_PERMUTATION,clarithromycin,MUTATION_ONLY_LOGISTIC,HPGP_TO_EXTERNAL_LABEL_PERMUTATION,ZENODO_10369064__099,414,44,44,20,24,0,24,0,20,0.45454545454545453,0.0,1.0,1.0,0.0,0.5,0.0,nan,0.5454545454545454,0.5,0.45454545454545453,0.45454545454545453,0.9291666666666668,0.8980861244019138,0.25251057223797196,16.536165805521343,17.771585597585847
TRAINING_LABEL_PERMUTATION,clarithromycin,MUTATION_ONLY_LOGISTIC,RANDOM_ISOLATE_LABEL_PERMUTATION,100,331,83,83,22,61,0,61,0,22,0.26506024096385544,0.0,1.0,1.0,0.0,0.5,0.0,nan,0.7349397590361446,0.5,0.26506024096385544,0.26506024096385544,0.0,0.23530770810514787,0.21149629750491533,-245.44456137317684,-242.59828162628975
TRAINING_LABEL_PERMUTATION,clarithromycin,MUTATION_ONLY_LOGISTIC,HPGP_TO_EXTERNAL_LABEL_PERMUTATION,ZENODO_10369064__100,414,44,44,20,24,0,24,0,20,0.45454545454545453,0.0,1.0,1.0,0.0,0.5,0.0,nan,0.5454545454545454,0.5,0.45454545454545453,0.45454545454545453,0.0708333333333333,0.41709090909090907,0.2841728463226566,-530.8304596107595,-523.8379715732314
TRAINING_LABEL_PERMUTATION,levofloxacin,MUTATION_ONLY_LOGISTIC,RANDOM_ISOLATE_LABEL_PERMUTATION,1,331,83,83,27,56,0,56,0,27,0.3253012048192771,0.0,1.0,1.0,0.0,0.5,0.0,nan,0.6746987951807228,0.5,0.3253012048192771,0.3253012048192771,0.5,0.62978390789085,0.22382835650134103,-1.1782568630543806,-0.5636599960082177
TRAINING_LABEL_PERMUTATION,levofloxacin,MUTATION_ONLY_LOGISTIC,HPGP_TO_EXTERNAL_LABEL_PERMUTATION,CHINA_NINGXIA_2022__001,414,57,57,28,29,0,29,0,28,0.49122807017543857,0.0,1.0,1.0,0.0,0.5,0.0,nan,0.5087719298245614,0.5,0.49122807017543857,0.49122807017543857,0.5486453201970444,0.6007447864945381,0.27177686525644806,4.168350858369689,5.541199244526435
TRAINING_LABEL_PERMUTATION,levofloxacin,MUTATION_ONLY_LOGISTIC,HPGP_TO_EXTERNAL_LABEL_PERMUTATION,ZENODO_10369064__001,414,39,39,16,23,0,23,0,16,0.41025641025641024,0.0,1.0,1.0,0.0,0.5,0.0,nan,0.5897435897435898,0.5,0.41025641025641024,0.41025641025641024,0.7975543478260869,0.8053101178101179,0.2393751078771821,20.89487826916886,27.74772559722209
TRAINING_LABEL_PERMUTATION,levofloxacin,MUTATION_ONLY_LOGISTIC,RANDOM_ISOLATE_LABEL_PERMUTATION,2,331,83,83,27,56,11,56,0,16,0.3253012048192771,0.4074074074074074,1.0,0.5925925925925926,0.0,0.7037037037037037,0.5629142279100245,1.0,0.7777777777777778,0.7037037037037037,0.6001784917447568,0.1927710843373494,0.5185185185185185,0.6553927597189251,0.20028949783028802,0.7438262532939426,2.0618892397480795
TRAINING_LABEL_PERMUTATION,levofloxacin,MUTATION_ONLY_LOGISTIC,HPGP_TO_EXTERNAL_LABEL_PERMUTATION,CHINA_NINGXIA_2022__002,414,57,57,28,29,0,29,0,28,0.49122807017543857,0.0,1.0,1.0,0.0,0.5,0.0,nan,0.5087719298245614,0.5,0.49122807017543857,0.49122807017543857,0.4969211822660098,0.5253283722823016,0.285896937960537,-0.8203252074366618,-1.0305791931112551
TRAINING_LABEL_PERMUTATION,levofloxacin,MUTATION_ONLY_LOGISTIC,HPGP_TO_EXTERNAL_LABEL_PERMUTATION,ZENODO_10369064__002,414,39,39,16,23,0,23,0,16,0.41025641025641024,0.0,1.0,1.0,0.0,0.5,0.0,nan,0.5897435897435898,0.5,0.41025641025641024,0.41025641025641024,0.1453804347826086,0.3647680372680373,0.2724480359623507,-11.677913308818463,-15.469777875766619
TRAINING_LABEL_PERMUTATION,levofloxacin,MUTATION_ONLY_LOGISTIC,RANDOM_ISOLATE_LABEL_PERMUTATION,3,331,83,83,27,56,0,56,0,27,0.3253012048192771,0.0,1.0,1.0,0.0,0.5,0.0,nan,0.6746987951807228,0.5,0.3253012048192771,0.3253012048192771,0.7592592592592593,0.8215290584768495,0.22214489784842542,-1.2987441809526359,-0.7713355511865345
TRAINING_LABEL_PERMUTATION,levofloxacin,MUTATION_ONLY_LOGISTIC,HPGP_TO_EXTERNAL_LABEL_PERMUTATION,CHINA_NINGXIA_2022__003,414,57,57,28,29,0,29,0,28,0.49122807017543857,0.0,1.0,1.0,0.0,0.5,0.0,nan,0.5087719298245614,0.5,0.49122807017543857,0.49122807017543857,0.4759852216748768,0.5094736973460907,0.2787258691834528,-0.43788619719443495,-0.548649453012834
TRAINING_LABEL_PERMUTATION,levofloxacin,MUTATION_ONLY_LOGISTIC,HPGP_TO_EXTERNAL_LABEL_PERMUTATION,ZENODO_10369064__003,414,39,39,16,23,0,23,0,16,0.41025641025641024,0.0,1.0,1.0,0.0,0.5,0.0,nan,0.5897435897435898,0.5,0.41025641025641024,0.41025641025641024,0.8546195652173914,0.8316795594756121,0.2432786192028631,7.039794310694106,10.185395483520479
TRAINING_LABEL_PERMUTATION,levofloxacin,MUTATION_ONLY_LOGISTIC,RANDOM_ISOLATE_LABEL_PERMUTATION,4,331,83,83,27,56,4,56,0,23,0.3253012048192771,0.14814814814814814,1.0,0.8518518518518519,0.0,0.5740740740740741,0.32406235328078015,1.0,0.7088607594936709,0.5740740740740741,0.4252565818830879,0.27710843373493976,0.4074074074074074,0.5488941969767231,0.1983827497330327,3.8120590555669636,5.962595060947357
TRAINING_LABEL_PERMUTATION,levofloxacin,MUTATION_ONLY_LOGISTIC,HPGP_TO_EXTERNAL_LABEL_PERMUTATION,CHINA_NINGXIA_2022__004,414,57,57,28,29,0,29,0,28,0.49122807017543857,0.0,1.0,1.0,0.0,0.5,0.0,nan,0.5087719298245614,0.5,0.49122807017543857,0.49122807017543857,0.3355911330049261,0.4143629171519992,0.2939429453841734,-3.9353014043330106,-5.4075934297931045
TRAINING_LABEL_PERMUTATION,levofloxacin,MUTATION_ONLY_LOGISTIC,HPGP_TO_EXTERNAL_LABEL_PERMUTATION,ZENODO_10369064__004,414,39,39,16,23,0,23,0,16,0.41025641025641024,0.0,1.0,1.0,0.0,0.5,0.0,nan,0.5897435897435898,0.5,0.41025641025641024,0.41025641025641024,0.6100543478260869,0.6668131962636606,0.24738408301211173,-0.3176226248532997,0.06617706841389093
TRAINING_LABEL_PERMUTATION,levofloxacin,MUTATION_ONLY_LOGISTIC,RANDOM_ISOLATE_LABEL_PERMUTATION,5,331,83,83,27,56,0,56,0,27,0.3253012048192771,0.0,1.0,1.0,0.0,0.5,0.0,nan,0.6746987951807228,0.5,0.3253012048192771,0.3253012048192771,0.5555555555555556,0.6884507727881222,0.2185914094294286,-0.7030945466066298,0.03568014742019306
TRAINING_LABEL_PERMUTATION,levofloxacin,MUTATION_ONLY_LOGISTIC,HPGP_TO_EXTERNAL_LABEL_PERMUTATION,CHINA_NINGXIA_2022__005,414,57,57,28,29,0,29,0,28,0.49122807017543857,0.0,1.0,1.0,0.0,0.5,0.0,nan,0.5087719298245614,0.5,0.49122807017543857,0.49122807017543857,0.5116995073891626,0.49963161395279426,0.27494783899885405,0.8956514650034939,1.2873936785166826
TRAINING_LABEL_PERMUTATION,levofloxacin,MUTATION_ONLY_LOGISTIC,HPGP_TO_EXTERNAL_LABEL_PERMUTATION,ZENODO_10369064__005,414,39,39,16,23,0,23,0,16,0.41025641025641024,0.0,1.0,1.0,0.0,0.5,0.0,nan,0.5897435897435898,0.5,0.41025641025641024,0.41025641025641024,0.7894021739130435,0.7770321457821457,0.23313959134775944,9.34827364858689,13.539671664693353
TRAINING_LABEL_PERMUTATION,levofloxacin,MUTATION_ONLY_LOGISTIC,RANDOM_ISOLATE_LABEL_PERMUTATION,6,331,83,83,27,56,0,56,0,27,0.3253012048192771,0.0,1.0,1.0,0.0,0.5,0.0,nan,0.6746987951807228,0.5,0.3253012048192771,0.3253012048192771,0.5185185185185185,0.6578108479285001,0.22541695342841112,-2.1089785209350738,-1.7940970295211924
TRAINING_LABEL_PERMUTATION,levofloxacin,MUTATION_ONLY_LOGISTIC,HPGP_TO_EXTERNAL_LABEL_PERMUTATION,CHINA_NINGXIA_2022__006,414,57,57,28,29,0,29,0,28,0.49122807017543857,0.0,1.0,1.0,0.0,0.5,0.0,nan,0.5087719298245614,0.5,0.49122807017543857,0.49122807017543857,0.395935960591133,0.4329129734951274,0.28765160986242455,-2.3076673910656926,-3.1921708762194685
TRAINING_LABEL_PERMUTATION,levofloxacin,MUTATION_ONLY_LOGISTIC,HPGP_TO_EXTERNAL_LABEL_PERMUTATION,ZENODO_10369064__006,414,39,39,16,23,0,23,0,16,0.41025641025641024,0.0,1.0,1.0,0.0,0.5,0.0,nan,0.5897435897435898,0.5,0.41025641025641024,0.41025641025641024,0.7296195652173914,0.7409029221529222,0.23214437463730497,1.9111842142799587,3.4578463893740405
TRAINING_LABEL_PERMUTATION,levofloxacin,MUTATION_ONLY_LOGISTIC,RANDOM_ISOLATE_LABEL_PERMUTATION,7,331,83,83,27,56,0,56,0,27,0.3253012048192771,0.0,1.0,1.0,0.0,0.5,0.0,nan,0.6746987951807228,0.5,0.3253012048192771,0.3253012048192771,0.7037037037037037,0.796387194870015,0.218251893086041,-0.5256514788997996,0.27487670315525936
TRAINING_LABEL_PERMUTATION,levofloxacin,MUTATION_ONLY_LOGISTIC,HPGP_TO_EXTERNAL_LABEL_PERMUTATION,CHINA_NINGXIA_2022__007,414,57,57,28,29,0,29,0,28,0.49122807017543857,0.0,1.0,1.0,0.0,0.5,0.0,nan,0.5087719298245614,0.5,0.49122807017543857,0.49122807017543857,0.5227832512315271,0.5177505823874382,0.27511438139595945,0.9623524612205798,1.272044216307632
TRAINING_LABEL_PERMUTATION,levofloxacin,MUTATION_ONLY_LOGISTIC,HPGP_TO_EXTERNAL_LABEL_PERMUTATION,ZENODO_10369064__007,414,39,39,16,23,0,23,0,16,0.41025641025641024,0.0,1.0,1.0,0.0,0.5,0.0,nan,0.5897435897435898,0.5,0.41025641025641024,0.41025641025641024,0.3301630434782608,0.5226411519514967,0.27681615153247746,-2.852824716423688,-2.929918586992958
TRAINING_LABEL_PERMUTATION,levofloxacin,MUTATION_ONLY_LOGISTIC,RANDOM_ISOLATE_LABEL_PERMUTATION,8,331,83,83,27,56,0,56,0,27,0.3253012048192771,0.0,1.0,1.0,0.0,0.5,0.0,nan,0.6746987951807228,0.5,0.3253012048192771,0.3253012048192771,0.5925925925925926,0.7251227130745201,0.18847515143507665,5.465446442556121,8.040663926089517
TRAINING_LABEL_PERMUTATION,levofloxacin,MUTATION_ONLY_LOGISTIC,HPGP_TO_EXTERNAL_LABEL_PERMUTATION,CHINA_NINGXIA_2022__008,414,57,57,28,29,1,29,0,27,0.49122807017543857,0.03571428571428571,1.0,0.9642857142857143,0.0,0.5178571428571429,0.13599594831899836,1.0,0.5178571428571429,0.5178571428571429,0.5093984962406015,0.47368421052631576,0.4057881773399015,0.48271132001093686,0.278813093382721,-0.27037936947100355,-0.32092192291659877
TRAINING_LABEL_PERMUTATION,levofloxacin,MUTATION_ONLY_LOGISTIC,HPGP_TO_EXTERNAL_LABEL_PERMUTATION,ZENODO_10369064__008,414,39,39,16,23,0,23,0,16,0.41025641025641024,0.0,1.0,1.0,0.0,0.5,0.0,nan,0.5897435897435898,0.5,0.41025641025641024,0.41025641025641024,0.6100543478260869,0.6668131962636606,0.24539165309361635,3.5638619876032682,5.368897888302533
TRAINING_LABEL_PERMUTATION,levofloxacin,MUTATION_ONLY_LOGISTIC,RANDOM_ISOLATE_LABEL_PERMUTATION,9,331,83,83,27,56,0,56,0,27,0.3253012048192771,0.0,1.0,1.0,0.0,0.5,0.0,nan,0.6746987951807228,0.5,0.3253012048192771,0.3253012048192771,0.3148148148148147,0.4821652567628087,0.24173348723495847,-6.263138320370183,-7.453810312277714
TRAINING_LABEL_PERMUTATION,levofloxacin,MUTATION_ONLY_LOGISTIC,HPGP_TO_EXTERNAL_LABEL_PERMUTATION,CHINA_NINGXIA_2022__009,414,57,57,28,29,0,29,0,28,0.49122807017543857,0.0,1.0,1.0,0.0,0.5,0.0,nan,0.5087719298245614,0.5,0.49122807017543857,0.49122807017543857,0.5794334975369458,0.5813485481912062,0.27302055761252764,1.3740204014605442,1.9622901817758143
TRAINING_LABEL_PERMUTATION,levofloxacin,MUTATION_ONLY_LOGISTIC,HPGP_TO_EXTERNAL_LABEL_PERMUTATION,ZENODO_10369064__009,414,39,39,16,23,0,23,0,16,0.41025641025641024,0.0,1.0,1.0,0.0,0.5,0.0,nan,0.5897435897435898,0.5,0.41025641025641024,0.41025641025641024,0.7975543478260869,0.8053101178101179,0.23900528463608156,3.4315446923470074,5.243262161178258
TRAINING_LABEL_PERMUTATION,levofloxacin,MUTATION_ONLY_LOGISTIC,RANDOM_ISOLATE_LABEL_PERMUTATION,10,331,83,83,27,56,0,56,0,27,0.3253012048192771,0.0,1.0,1.0,0.0,0.5,0.0,nan,0.6746987951807228,0.5,0.3253012048192771,0.3253012048192771,0.7222222222222222,0.7945839438124368,0.19348480400597992,2.7463675823278066,4.805683651187817
TRAINING_LABEL_PERMUTATION,levofloxacin,MUTATION_ONLY_LOGISTIC,HPGP_TO_EXTERNAL_LABEL_PERMUTATION,CHINA_NINGXIA_2022__010,414,57,57,28,29,0,29,0,28,0.49122807017543857,0.0,1.0,1.0,0.0,0.5,0.0,nan,0.5087719298245614,0.5,0.49122807017543857,0.49122807017543857,0.5966748768472906,0.5765972682466043,0.2735041006896193,1.3755650924783935,1.855374164703282
TRAINING_LABEL_PERMUTATION,levofloxacin,MUTATION_ONLY_LOGISTIC,HPGP_TO_EXTERNAL_LABEL_PERMUTATION,ZENODO_10369064__010,414,39,39,16,23,0,23,0,16,0.41025641025641024,0.0,1.0,1.0,0.0,0.5,0.0,nan,0.5897435897435898,0.5,0.41025641025641024,0.41025641025641024,0.3899456521739131,0.5734416445623343,0.26338820672248886,-2.9017888933473595,-3.143735939825701
TRAINING_LABEL_PERMUTATION,levofloxacin,MUTATION_ONLY_LOGISTIC,RANDOM_ISOLATE_LABEL_PERMUTATION,11,331,83,83,27,56,0,56,0,27,0.3253012048192771,0.0,1.0,1.0,0.0,0.5,0.0,nan,0.6746987951807228,0.5,0.3253012048192771,0.3253012048192771,0.0925925925925925,0.30242585658586785,0.24260441168207542,-7.957305803351114,-10.08789029593944
TRAINING_LABEL_PERMUTATION,levofloxacin,MUTATION_ONLY_LOGISTIC,HPGP_TO_EXTERNAL_LABEL_PERMUTATION,CHINA_NINGXIA_2022__011,414,57,57,28,29,0,29,0,28,0.49122807017543857,0.0,1.0,1.0,0.0,0.5,0.0,nan,0.5087719298245614,0.5,0.49122807017543857,0.49122807017543857,0.4612068965517242,0.49742733533785455,0.2869242100515639,-0.6526600774382646,-0.7743073869723824
TRAINING_LABEL_PERMUTATION,levofloxacin,MUTATION_ONLY_LOGISTIC,HPGP_TO_EXTERNAL_LABEL_PERMUTATION,ZENODO_10369064__011,414,39,39,16,23,0,23,0,16,0.41025641025641024,0.0,1.0,1.0,0.0,0.5,0.0,nan,0.5897435897435898,0.5,0.41025641025641024,0.41025641025641024,0.2078804347826087,0.4186969828417197,0.2725759409310987,-4.428907763584029,-5.0406845885666405
TRAINING_LABEL_PERMUTATION,levofloxacin,MUTATION_ONLY_LOGISTIC,RANDOM_ISOLATE_LABEL_PERMUTATION,12,331,83,83,27,56,3,56,0,24,0.3253012048192771,0.1111111111111111,1.0,0.8888888888888888,0.0,0.5555555555555556,0.27888667551135854,1.0,0.7,0.5555555555555556,0.4002677376171352,0.2891566265060241,0.8333333333333333,0.8737905207327199,0.18873804497947222,4.9800331477315405,7.396022481590702
TRAINING_LABEL_PERMUTATION,levofloxacin,MUTATION_ONLY_LOGISTIC,HPGP_TO_EXTERNAL_LABEL_PERMUTATION,CHINA_NINGXIA_2022__012,414,57,57,28,29,0,29,0,28,0.49122807017543857,0.0,1.0,1.0,0.0,0.5,0.0,nan,0.5087719298245614,0.5,0.49122807017543857,0.49122807017543857,0.4944581280788178,0.5219743000010982,0.2813573836887649,-1.921683020549128,-2.6402723743009093
TRAINING_LABEL_PERMUTATION,levofloxacin,MUTATION_ONLY_LOGISTIC,HPGP_TO_EXTERNAL_LABEL_PERMUTATION,ZENODO_10369064__012,414,39,39,16,23,0,23,0,16,0.41025641025641024,0.0,1.0,1.0,0.0,0.5,0.0,nan,0.5897435897435898,0.5,0.41025641025641024,0.41025641025641024,0.202445652173913,0.4222864691614691,0.26566499274432687,-12.331253037825192,-16.631857875426117
TRAINING_LABEL_PERMUTATION,levofloxacin,MUTATION_ONLY_LOGISTIC,RANDOM_ISOLATE_LABEL_PERMUTATION,13,331,83,83,27,56,0,56,0,27,0.3253012048192771,0.0,1.0,1.0,0.0,0.5,0.0,nan,0.6746987951807228,0.5,0.3253012048192771,0.3253012048192771,0.3333333333333333,0.5094971237861938,0.23819444069803317,-3.9105937051914674,-4.326229707441608
TRAINING_LABEL_PERMUTATION,levofloxacin,MUTATION_ONLY_LOGISTIC,HPGP_TO_EXTERNAL_LABEL_PERMUTATION,CHINA_NINGXIA_2022__013,414,57,57,28,29,0,29,0,28,0.49122807017543857,0.0,1.0,1.0,0.0,0.5,0.0,nan,0.5087719298245614,0.5,0.49122807017543857,0.49122807017543857,0.3700738916256157,0.44943130620974997,0.2940304604598117,-2.382975299321479,-3.110358191675095
TRAINING_LABEL_PERMUTATION,levofloxacin,MUTATION_ONLY_LOGISTIC,HPGP_TO_EXTERNAL_LABEL_PERMUTATION,ZENODO_10369064__013,414,39,39,16,23,0,23,0,16,0.41025641025641024,0.0,1.0,1.0,0.0,0.5,0.0,nan,0.5897435897435898,0.5,0.41025641025641024,0.41025641025641024,0.735054347826087,0.7607470197930725,0.23447662541831293,2.91418218681914,4.86859130616026
TRAINING_LABEL_PERMUTATION,levofloxacin,MUTATION_ONLY_LOGISTIC,RANDOM_ISOLATE_LABEL_PERMUTATION,14,331,83,83,27,56,0,56,0,27,0.3253012048192771,0.0,1.0,1.0,0.0,0.5,0.0,nan,0.6746987951807228,0.5,0.3253012048192771,0.3253012048192771,0.4259259259259259,0.574424962049613,0.22456768896543677,-2.1305323532338387,-1.811259448582311
TRAINING_LABEL_PERMUTATION,levofloxacin,MUTATION_ONLY_LOGISTIC,HPGP_TO_EXTERNAL_LABEL_PERMUTATION,CHINA_NINGXIA_2022__014,414,57,57,28,29,1,29,0,27,0.49122807017543857,0.03571428571428571,1.0,0.9642857142857143,0.0,0.5178571428571429,0.13599594831899836,1.0,0.5178571428571429,0.5178571428571429,0.5093984962406015,0.47368421052631576,0.5584975369458128,0.5786690013757517,0.2759701068550233,0.44597027007378665,0.642790610414752
TRAINING_LABEL_PERMUTATION,levofloxacin,MUTATION_ONLY_LOGISTIC,HPGP_TO_EXTERNAL_LABEL_PERMUTATION,ZENODO_10369064__014,414,39,39,16,23,0,23,0,16,0.41025641025641024,0.0,1.0,1.0,0.0,0.5,0.0,nan,0.5897435897435898,0.5,0.41025641025641024,0.41025641025641024,0.1453804347826086,0.3647680372680373,0.2769585399525669,-9.648378448410254,-11.821849726817181
TRAINING_LABEL_PERMUTATION,levofloxacin,MUTATION_ONLY_LOGISTIC,RANDOM_ISOLATE_LABEL_PERMUTATION,15,331,83,83,27,56,0,56,0,27,0.3253012048192771,0.0,1.0,1.0,0.0,0.5,0.0,nan,0.6746987951807228,0.5,0.3253012048192771,0.3253012048192771,0.2222222222222222,0.39074960375675216,0.2242017734211881,-10.111965994778702,-12.472405613485334
TRAINING_LABEL_PERMUTATION,levofloxacin,MUTATION_ONLY_LOGISTIC,HPGP_TO_EXTERNAL_LABEL_PERMUTATION,CHINA_NINGXIA_2022__015,414,57,57,28,29,0,29,0,28,0.49122807017543857,0.0,1.0,1.0,0.0,0.5,0.0,nan,0.5087719298245614,0.5,0.49122807017543857,0.49122807017543857,0.5511083743842364,0.5765696855971907,0.2773861993186999,0.03938149061763931,0.1023786549331063
TRAINING_LABEL_PERMUTATION,levofloxacin,MUTATION_ONLY_LOGISTIC,HPGP_TO_EXTERNAL_LABEL_PERMUTATION,ZENODO_10369064__015,414,39,39,16,23,0,23,0,16,0.41025641025641024,0.0,1.0,1.0,0.0,0.5,0.0,nan,0.5897435897435898,0.5,0.41025641025641024,0.41025641025641024,0.139945652173913,0.36893649143649143,0.2648828494241536,-24.913840398791912,-33.47952990164102
TRAINING_LABEL_PERMUTATION,levofloxacin,MUTATION_ONLY_LOGISTIC,RANDOM_ISOLATE_LABEL_PERMUTATION,16,331,83,83,27,56,0,56,0,27,0.3253012048192771,0.0,1.0,1.0,0.0,0.5,0.0,nan,0.6746987951807228,0.5,0.3253012048192771,0.3253012048192771,0.0555555555555555,0.25164527641437073,0.24290284541464133,-14.695338040540504,-18.927744105709465
TRAINING_LABEL_PERMUTATION,levofloxacin,MUTATION_ONLY_LOGISTIC,HPGP_TO_EXTERNAL_LABEL_PERMUTATION,CHINA_NINGXIA_2022__016,414,57,57,28,29,0,29,0,28,0.49122807017543857,0.0,1.0,1.0,0.0,0.5,0.0,nan,0.5087719298245614,0.5,0.49122807017543857,0.49122807017543857,0.4821428571428571,0.5222647391603722,0.28284047570468046,-0.4185514124385814,-0.4938458504529905
TRAINING_LABEL_PERMUTATION,levofloxacin,MUTATION_ONLY_LOGISTIC,HPGP_TO_EXTERNAL_LABEL_PERMUTATION,ZENODO_10369064__016,414,39,39,16,23,0,23,0,16,0.41025641025641024,0.0,1.0,1.0,0.0,0.5,0.0,nan,0.5897435897435898,0.5,0.41025641025641024,0.41025641025641024,0.202445652173913,0.4222864691614691,0.2619145033068019,-3.9141849962595976,-4.552359385305633
TRAINING_LABEL_PERMUTATION,levofloxacin,MUTATION_ONLY_LOGISTIC,RANDOM_ISOLATE_LABEL_PERMUTATION,17,331,83,83,27,56,0,56,0,27,0.3253012048192771,0.0,1.0,1.0,0.0,0.5,0.0,nan,0.6746987951807228,0.5,0.3253012048192771,0.3253012048192771,0.4814814814814814,0.6025583816748475,0.22448044766911981,-1.9347265340169046,-1.5330654788126055
TRAINING_LABEL_PERMUTATION,levofloxacin,MUTATION_ONLY_LOGISTIC,HPGP_TO_EXTERNAL_LABEL_PERMUTATION,CHINA_NINGXIA_2022__017,414,57,57,28,29,0,29,0,28,0.49122807017543857,0.0,1.0,1.0,0.0,0.5,0.0,nan,0.5087719298245614,0.5,0.49122807017543857,0.49122807017543857,0.5671182266009852,0.5763873970640887,0.2710852301577523,1.2723874349202544,1.8345369986061706
TRAINING_LABEL_PERMUTATION,levofloxacin,MUTATION_ONLY_LOGISTIC,HPGP_TO_EXTERNAL_LABEL_PERMUTATION,ZENODO_10369064__017,414,39,39,16,23,0,23,0,16,0.41025641025641024,0.0,1.0,1.0,0.0,0.5,0.0,nan,0.5897435897435898,0.5,0.41025641025641024,0.41025641025641024,0.7948369565217391,0.7968966562716563,0.23082728224135574,5.978841756856182,8.842350464255938
TRAINING_LABEL_PERMUTATION,levofloxacin,MUTATION_ONLY_LOGISTIC,RANDOM_ISOLATE_LABEL_PERMUTATION,18,331,83,83,27,56,0,56,0,27,0.3253012048192771,0.0,1.0,1.0,0.0,0.5,0.0,nan,0.6746987951807228,0.5,0.3253012048192771,0.3253012048192771,0.8148148148148149,0.8465993368692775,0.20733204770977318,2.7589946764036393,4.946148643734657
TRAINING_LABEL_PERMUTATION,levofloxacin,MUTATION_ONLY_LOGISTIC,HPGP_TO_EXTERNAL_LABEL_PERMUTATION,CHINA_NINGXIA_2022__018,414,57,57,28,29,0,29,0,28,0.49122807017543857,0.0,1.0,1.0,0.0,0.5,0.0,nan,0.5087719298245614,0.5,0.49122807017543857,0.49122807017543857,0.458743842364532,0.4882364794418335,0.28606441037960173,-1.8485397980744442,-2.4924588211208425
TRAINING_LABEL_PERMUTATION,levofloxacin,MUTATION_ONLY_LOGISTIC,HPGP_TO_EXTERNAL_LABEL_PERMUTATION,ZENODO_10369064__018,414,39,39,16,23,0,23,0,16,0.41025641025641024,0.0,1.0,1.0,0.0,0.5,0.0,nan,0.5897435897435898,0.5,0.41025641025641024,0.41025641025641024,0.202445652173913,0.42233890013495273,0.271701698813181,-9.772545845968354,-12.841227980493484
TRAINING_LABEL_PERMUTATION,levofloxacin,MUTATION_ONLY_LOGISTIC,RANDOM_ISOLATE_LABEL_PERMUTATION,19,331,83,83,27,56,4,56,0,23,0.3253012048192771,0.14814814814814814,1.0,0.8518518518518519,0.0,0.5740740740740741,0.32406235328078015,1.0,0.7088607594936709,0.5740740740740741,0.4252565818830879,0.27710843373493976,0.8888888888888888,0.9250334672021419,0.1879071923532341,5.92039251344565,8.547716919334407
TRAINING_LABEL_PERMUTATION,levofloxacin,MUTATION_ONLY_LOGISTIC,HPGP_TO_EXTERNAL_LABEL_PERMUTATION,CHINA_NINGXIA_2022__019,414,57,57,28,29,0,29,0,28,0.49122807017543857,0.0,1.0,1.0,0.0,0.5,0.0,nan,0.5087719298245614,0.5,0.49122807017543857,0.49122807017543857,0.6286945812807881,0.6293485105875123,0.27054691726261115,2.5966859816740233,3.521411314160023
TRAINING_LABEL_PERMUTATION,levofloxacin,MUTATION_ONLY_LOGISTIC,HPGP_TO_EXTERNAL_LABEL_PERMUTATION,ZENODO_10369064__019,414,39,39,16,23,0,23,0,16,0.41025641025641024,0.0,1.0,1.0,0.0,0.5,0.0,nan,0.5897435897435898,0.5,0.41025641025641024,0.41025641025641024,0.3899456521739131,0.5734416445623343,0.24532619087910357,11.075565268294962,14.892902258261614
TRAINING_LABEL_PERMUTATION,levofloxacin,MUTATION_ONLY_LOGISTIC,RANDOM_ISOLATE_LABEL_PERMUTATION,20,331,83,83,27,56,0,56,0,27,0.3253012048192771,0.0,1.0,1.0,0.0,0.5,0.0,nan,0.6746987951807228,0.5,0.3253012048192771,0.3253012048192771,0.5,0.6287554517104295,0.2276318837936878,-2.0648264351199277,-1.798815075027219
TRAINING_LABEL_PERMUTATION,levofloxacin,MUTATION_ONLY_LOGISTIC,HPGP_TO_EXTERNAL_LABEL_PERMUTATION,CHINA_NINGXIA_2022__020,414,57,57,28,29,0,29,0,28,0.49122807017543857,0.0,1.0,1.0,0.0,0.5,0.0,nan,0.5087719298245614,0.5,0.49122807017543857,0.49122807017543857,0.3368226600985222,0.4146239431879578,0.2967478891947084,-2.3396700028312436,-3.1891935184247675
TRAINING_LABEL_PERMUTATION,levofloxacin,MUTATION_ONLY_LOGISTIC,HPGP_TO_EXTERNAL_LABEL_PERMUTATION,ZENODO_10369064__020,414,39,39,16,23,0,23,0,16,0.41025641025641024,0.0,1.0,1.0,0.0,0.5,0.0,nan,0.5897435897435898,0.5,0.41025641025641024,0.41025641025641024,0.6100543478260869,0.6668131962636606,0.24127678479285422,0.31035318673252205,1.0180422400672517
TRAINING_LABEL_PERMUTATION,levofloxacin,MUTATION_ONLY_LOGISTIC,RANDOM_ISOLATE_LABEL_PERMUTATION,21,331,83,83,27,56,0,56,0,27,0.3253012048192771,0.0,1.0,1.0,0.0,0.5,0.0,nan,0.6746987951807228,0.5,0.3253012048192771,0.3253012048192771,0.6111111111111112,0.7147947714916383,0.2256602290270385,-1.5362096452736231,-1.0319693096811655
TRAINING_LABEL_PERMUTATION,levofloxacin,MUTATION_ONLY_LOGISTIC,HPGP_TO_EXTERNAL_LABEL_PERMUTATION,CHINA_NINGXIA_2022__021,414,57,57,28,29,1,29,0,27,0.49122807017543857,0.03571428571428571,1.0,0.9642857142857143,0.0,0.5178571428571429,0.13599594831899836,1.0,0.5178571428571429,0.5178571428571429,0.5093984962406015,0.47368421052631576,0.5314039408866995,0.5429183276181285,0.27278699042427385,0.3626220401584477,0.5650041609967857
TRAINING_LABEL_PERMUTATION,levofloxacin,MUTATION_ONLY_LOGISTIC,HPGP_TO_EXTERNAL_LABEL_PERMUTATION,ZENODO_10369064__021,414,39,39,16,23,0,23,0,16,0.41025641025641024,0.0,1.0,1.0,0.0,0.5,0.0,nan,0.5897435897435898,0.5,0.41025641025641024,0.41025641025641024,0.7948369565217391,0.7968966562716563,0.21230281876863194,5.275747147000777,8.19746230164143
TRAINING_LABEL_PERMUTATION,levofloxacin,MUTATION_ONLY_LOGISTIC,RANDOM_ISOLATE_LABEL_PERMUTATION,22,331,83,83,27,56,0,56,0,27,0.3253012048192771,0.0,1.0,1.0,0.0,0.5,0.0,nan,0.6746987951807228,0.5,0.3253012048192771,0.3253012048192771,0.3888888888888888,0.5497507978743035,0.22885681093687113,-4.1651629829092585,-4.58841737163045
TRAINING_LABEL_PERMUTATION,levofloxacin,MUTATION_ONLY_LOGISTIC,HPGP_TO_EXTERNAL_LABEL_PERMUTATION,CHINA_NINGXIA_2022__022,414,57,57,28,29,0,29,0,28,0.49122807017543857,0.0,1.0,1.0,0.0,0.5,0.0,nan,0.5087719298245614,0.5,0.49122807017543857,0.49122807017543857,0.4230295566502463,0.44114376042220416,0.28615635496713165,-1.231863329018435,-1.6492574321314242
TRAINING_LABEL_PERMUTATION,levofloxacin,MUTATION_ONLY_LOGISTIC,HPGP_TO_EXTERNAL_LABEL_PERMUTATION,ZENODO_10369064__022,414,39,39,16,23,0,23,0,16,0.41025641025641024,0.0,1.0,1.0,0.0,0.5,0.0,nan,0.5897435897435898,0.5,0.41025641025641024,0.41025641025641024,0.7296195652173914,0.7409553531264057,0.2217899300718625,3.988659483915256,6.513330650923001
TRAINING_LABEL_PERMUTATION,levofloxacin,MUTATION_ONLY_LOGISTIC,RANDOM_ISOLATE_LABEL_PERMUTATION,23,331,83,83,27,56,0,56,0,27,0.3253012048192771,0.0,1.0,1.0,0.0,0.5,0.0,nan,0.6746987951807228,0.5,0.3253012048192771,0.3253012048192771,0.9814814814814814,0.9750111557340473,0.18722002018851788,102.66232042560273,128.76784992402537
TRAINING_LABEL_PERMUTATION,levofloxacin,MUTATION_ONLY_LOGISTIC,HPGP_TO_EXTERNAL_LABEL_PERMUTATION,CHINA_NINGXIA_2022__023,414,57,57,28,29,3,28,1,25,0.49122807017543857,0.10714285714285714,0.9655172413793104,0.8928571428571429,0.034482758620689655,0.5363300492610837,0.14220211852586698,0.75,0.5283018867924528,0.5363300492610837,0.518953634085213,0.45614035087719296,0.5966748768472906,0.5765972682466043,0.266736774788079,1.347232889588716,1.8555365851357186
TRAINING_LABEL_PERMUTATION,levofloxacin,MUTATION_ONLY_LOGISTIC,HPGP_TO_EXTERNAL_LABEL_PERMUTATION,ZENODO_10369064__023,414,39,39,16,23,2,23,0,14,0.41025641025641024,0.125,1.0,0.875,0.0,0.5625,0.27875204519913876,1.0,0.6216216216216216,0.5625,0.483974358974359,0.358974358974359,0.264945652173913,0.4747680372680373,0.254862010871157,-0.6351619672344498,-0.33777999961888405
TRAINING_LABEL_PERMUTATION,levofloxacin,MUTATION_ONLY_LOGISTIC,RANDOM_ISOLATE_LABEL_PERMUTATION,24,331,83,83,27,56,0,56,0,27,0.3253012048192771,0.0,1.0,1.0,0.0,0.5,0.0,nan,0.6746987951807228,0.5,0.3253012048192771,0.3253012048192771,0.5185185185185185,0.6629882894943135,0.22379707050375305,-2.295616356797622,-2.078538976193135
TRAINING_LABEL_PERMUTATION,levofloxacin,MUTATION_ONLY_LOGISTIC,HPGP_TO_EXTERNAL_LABEL_PERMUTATION,CHINA_NINGXIA_2022__024,414,57,57,28,29,0,29,0,28,0.49122807017543857,0.0,1.0,1.0,0.0,0.5,0.0,nan,0.5087719298245614,0.5,0.49122807017543857,0.49122807017543857,0.5387931034482759,0.5684677781675791,0.2777005157939351,0.9394196232379325,1.2776142980648695
TRAINING_LABEL_PERMUTATION,levofloxacin,MUTATION_ONLY_LOGISTIC,HPGP_TO_EXTERNAL_LABEL_PERMUTATION,ZENODO_10369064__024,414,39,39,16,23,0,23,0,16,0.41025641025641024,0.0,1.0,1.0,0.0,0.5,0.0,nan,0.5897435897435898,0.5,0.41025641025641024,0.41025641025641024,0.9171195652173912,0.8746794871794872,0.22584226302734306,17.9481105277481,24.59245194378556
TRAINING_LABEL_PERMUTATION,levofloxacin,MUTATION_ONLY_LOGISTIC,RANDOM_ISOLATE_LABEL_PERMUTATION,25,331,83,83,27,56,4,56,0,23,0.3253012048192771,0.14814814814814814,1.0,0.8518518518518519,0.0,0.5740740740740741,0.32406235328078015,1.0,0.7088607594936709,0.5740740740740741,0.4252565818830879,0.27710843373493976,1.0,1.0,0.17750107173223711,50.72860302224808,66.40776420645467
TRAINING_LABEL_PERMUTATION,levofloxacin,MUTATION_ONLY_LOGISTIC,HPGP_TO_EXTERNAL_LABEL_PERMUTATION,CHINA_NINGXIA_2022__025,414,57,57,28,29,0,29,0,28,0.49122807017543857,0.0,1.0,1.0,0.0,0.5,0.0,nan,0.5087719298245614,0.5,0.49122807017543857,0.49122807017543857,0.4944581280788178,0.5219743000010982,0.2844705209354926,-3.3349961655889113,-4.378676166264889
TRAINING_LABEL_PERMUTATION,levofloxacin,MUTATION_ONLY_LOGISTIC,HPGP_TO_EXTERNAL_LABEL_PERMUTATION,ZENODO_10369064__025,414,39,39,16,23,0,23,0,16,0.41025641025641024,0.0,1.0,1.0,0.0,0.5,0.0,nan,0.5897435897435898,0.5,0.41025641025641024,0.41025641025641024,0.327445652173913,0.5244662136109505,0.2526168413197334,-4.743864618014121,-5.921955973192157
TRAINING_LABEL_PERMUTATION,levofloxacin,MUTATION_ONLY_LOGISTIC,RANDOM_ISOLATE_LABEL_PERMUTATION,26,331,83,83,27,56,0,56,0,27,0.3253012048192771,0.0,1.0,1.0,0.0,0.5,0.0,nan,0.6746987951807228,0.5,0.3253012048192771,0.3253012048192771,0.7962962962962963,0.84719982747536,0.22052716952049722,-1.105077868189198,-0.521605361922733
TRAINING_LABEL_PERMUTATION,levofloxacin,MUTATION_ONLY_LOGISTIC,HPGP_TO_EXTERNAL_LABEL_PERMUTATION,CHINA_NINGXIA_2022__026,414,57,57,28,29,0,29,0,28,0.49122807017543857,0.0,1.0,1.0,0.0,0.5,0.0,nan,0.5087719298245614,0.5,0.49122807017543857,0.49122807017543857,0.5929802955665024,0.6323397780164697,0.26738603633254926,5.533540108432839,7.154549342767774
TRAINING_LABEL_PERMUTATION,levofloxacin,MUTATION_ONLY_LOGISTIC,HPGP_TO_EXTERNAL_LABEL_PERMUTATION,ZENODO_10369064__026,414,39,39,16,23,0,23,0,16,0.41025641025641024,0.0,1.0,1.0,0.0,0.5,0.0,nan,0.5897435897435898,0.5,0.41025641025641024,0.41025641025641024,0.9225543478260868,0.8887820512820513,0.24044146180312778,243.73165940840678,303.27242663000914
TRAINING_LABEL_PERMUTATION,levofloxacin,MUTATION_ONLY_LOGISTIC,RANDOM_ISOLATE_LABEL_PERMUTATION,27,331,83,83,27,56,0,56,0,27,0.3253012048192771,0.0,1.0,1.0,0.0,0.5,0.0,nan,0.6746987951807228,0.5,0.3253012048192771,0.3253012048192771,0.537037037037037,0.6602596510193093,0.20541241941145755,1.8576246290692466,3.46226230079647
TRAINING_LABEL_PERMUTATION,levofloxacin,MUTATION_ONLY_LOGISTIC,HPGP_TO_EXTERNAL_LABEL_PERMUTATION,CHINA_NINGXIA_2022__027,414,57,57,28,29,1,29,0,27,0.49122807017543857,0.03571428571428571,1.0,0.9642857142857143,0.0,0.5178571428571429,0.13599594831899836,1.0,0.5178571428571429,0.5178571428571429,0.5093984962406015,0.47368421052631576,0.4833743842364532,0.48961018617973506,0.2763975548840828,0.4181765554229731,0.6215520372079985
TRAINING_LABEL_PERMUTATION,levofloxacin,MUTATION_ONLY_LOGISTIC,HPGP_TO_EXTERNAL_LABEL_PERMUTATION,ZENODO_10369064__027,414,39,39,16,23,0,23,0,16,0.41025641025641024,0.0,1.0,1.0,0.0,0.5,0.0,nan,0.5897435897435898,0.5,0.41025641025641024,0.41025641025641024,0.6698369565217391,0.7045046732546733,0.22802658143415203,5.5149186135080335,8.169332001515585
TRAINING_LABEL_PERMUTATION,levofloxacin,MUTATION_ONLY_LOGISTIC,RANDOM_ISOLATE_LABEL_PERMUTATION,28,331,83,83,27,56,0,56,0,27,0.3253012048192771,0.0,1.0,1.0,0.0,0.5,0.0,nan,0.6746987951807228,0.5,0.3253012048192771,0.3253012048192771,0.3148148148148147,0.48189994162074706,0.24040067519976022,-6.059969552503865,-7.036241531679167
TRAINING_LABEL_PERMUTATION,levofloxacin,MUTATION_ONLY_LOGISTIC,HPGP_TO_EXTERNAL_LABEL_PERMUTATION,CHINA_NINGXIA_2022__028,414,57,57,28,29,0,29,0,28,0.49122807017543857,0.0,1.0,1.0,0.0,0.5,0.0,nan,0.5087719298245614,0.5,0.49122807017543857,0.49122807017543857,0.5030788177339902,0.537178771694749,0.2799796784441727,-2.089142496642102,-2.9102988840491664
TRAINING_LABEL_PERMUTATION,levofloxacin,MUTATION_ONLY_LOGISTIC,HPGP_TO_EXTERNAL_LABEL_PERMUTATION,ZENODO_10369064__028,414,39,39,16,23,0,23,0,16,0.41025641025641024,0.0,1.0,1.0,0.0,0.5,0.0,nan,0.5897435897435898,0.5,0.41025641025641024,0.41025641025641024,0.7921195652173914,0.7878276003276004,0.25303851524658605,-1.09047338846861,-0.9941628341309935
TRAINING_LABEL_PERMUTATION,levofloxacin,MUTATION_ONLY_LOGISTIC,RANDOM_ISOLATE_LABEL_PERMUTATION,29,331,83,83,27,56,0,56,0,27,0.3253012048192771,0.0,1.0,1.0,0.0,0.5,0.0,nan,0.6746987951807228,0.5,0.3253012048192771,0.3253012048192771,0.3703703703703703,0.544786553621895,0.22020639461113312,-1.6675059412049327,-1.2848724223936212
TRAINING_LABEL_PERMUTATION,levofloxacin,MUTATION_ONLY_LOGISTIC,HPGP_TO_EXTERNAL_LABEL_PERMUTATION,CHINA_NINGXIA_2022__029,414,57,57,28,29,0,29,0,28,0.49122807017543857,0.0,1.0,1.0,0.0,0.5,0.0,nan,0.5087719298245614,0.5,0.49122807017543857,0.49122807017543857,0.5905172413793103,0.5863054551964326,0.27360129662131627,1.6752392782606356,2.313098185045028
TRAINING_LABEL_PERMUTATION,levofloxacin,MUTATION_ONLY_LOGISTIC,HPGP_TO_EXTERNAL_LABEL_PERMUTATION,ZENODO_10369064__029,414,39,39,16,23,0,23,0,16,0.41025641025641024,0.0,1.0,1.0,0.0,0.5,0.0,nan,0.5897435897435898,0.5,0.41025641025641024,0.41025641025641024,0.264945652173913,0.4747680372680373,0.26031309221384114,-4.408962637749955,-5.132401310888182
TRAINING_LABEL_PERMUTATION,levofloxacin,MUTATION_ONLY_LOGISTIC,RANDOM_ISOLATE_LABEL_PERMUTATION,30,331,83,83,27,56,0,56,0,27,0.3253012048192771,0.0,1.0,1.0,0.0,0.5,0.0,nan,0.6746987951807228,0.5,0.3253012048192771,0.3253012048192771,0.2962962962962963,0.48984178429116076,0.22249404744790235,-1.1621075072500366,-0.5941422432943662
TRAINING_LABEL_PERMUTATION,levofloxacin,MUTATION_ONLY_LOGISTIC,HPGP_TO_EXTERNAL_LABEL_PERMUTATION,CHINA_NINGXIA_2022__030,414,57,57,28,29,0,29,0,28,0.49122807017543857,0.0,1.0,1.0,0.0,0.5,0.0,nan,0.5087719298245614,0.5,0.49122807017543857,0.49122807017543857,0.4858374384236453,0.5457832211556144,0.2799913053856962,-1.3403041823170059,-1.7975678554474663
TRAINING_LABEL_PERMUTATION,levofloxacin,MUTATION_ONLY_LOGISTIC,HPGP_TO_EXTERNAL_LABEL_PERMUTATION,ZENODO_10369064__030,414,39,39,16,23,0,23,0,16,0.41025641025641024,0.0,1.0,1.0,0.0,0.5,0.0,nan,0.5897435897435898,0.5,0.41025641025641024,0.41025641025641024,0.735054347826087,0.7607470197930725,0.24230360782757598,5.178963042325266,7.791798449522398
TRAINING_LABEL_PERMUTATION,levofloxacin,MUTATION_ONLY_LOGISTIC,RANDOM_ISOLATE_LABEL_PERMUTATION,31,331,83,83,27,56,0,56,0,27,0.3253012048192771,0.0,1.0,1.0,0.0,0.5,0.0,nan,0.6746987951807228,0.5,0.3253012048192771,0.3253012048192771,0.0185185185185185,0.2138451025822744,0.2394161262506934,-201.03361288564813,-284.4771929770436
TRAINING_LABEL_PERMUTATION,levofloxacin,MUTATION_ONLY_LOGISTIC,HPGP_TO_EXTERNAL_LABEL_PERMUTATION,CHINA_NINGXIA_2022__031,414,57,57,28,29,0,29,0,28,0.49122807017543857,0.0,1.0,1.0,0.0,0.5,0.0,nan,0.5087719298245614,0.5,0.49122807017543857,0.49122807017543857,0.4513546798029556,0.4862502645623218,0.27788058935131366,0.2323606681631792,0.3604005557466674
TRAINING_LABEL_PERMUTATION,levofloxacin,MUTATION_ONLY_LOGISTIC,HPGP_TO_EXTERNAL_LABEL_PERMUTATION,ZENODO_10369064__031,414,39,39,16,23,0,23,0,16,0.41025641025641024,0.0,1.0,1.0,0.0,0.5,0.0,nan,0.5897435897435898,0.5,0.41025641025641024,0.41025641025641024,0.202445652173913,0.42233890013495273,0.24622386850711053,1.0506722078225463,1.8910814974084382
TRAINING_LABEL_PERMUTATION,levofloxacin,MUTATION_ONLY_LOGISTIC,RANDOM_ISOLATE_LABEL_PERMUTATION,32,331,83,83,27,56,0,56,0,27,0.3253012048192771,0.0,1.0,1.0,0.0,0.5,0.0,nan,0.6746987951807228,0.5,0.3253012048192771,0.3253012048192771,0.2407407407407407,0.419532225422453,0.2472075422597246,-6.6137265019513976,-7.738026758719101
TRAINING_LABEL_PERMUTATION,levofloxacin,MUTATION_ONLY_LOGISTIC,HPGP_TO_EXTERNAL_LABEL_PERMUTATION,CHINA_NINGXIA_2022__032,414,57,57,28,29,0,29,0,28,0.49122807017543857,0.0,1.0,1.0,0.0,0.5,0.0,nan,0.5087719298245614,0.5,0.49122807017543857,0.49122807017543857,0.4685960591133005,0.4995495823317558,0.2777454945991689,0.16184478510146047,0.2674073148555481
TRAINING_LABEL_PERMUTATION,levofloxacin,MUTATION_ONLY_LOGISTIC,HPGP_TO_EXTERNAL_LABEL_PERMUTATION,ZENODO_10369064__032,414,39,39,16,23,0,23,0,16,0.41025641025641024,0.0,1.0,1.0,0.0,0.5,0.0,nan,0.5897435897435898,0.5,0.41025641025641024,0.41025641025641024,0.2051630434782608,0.41992473242473244,0.25478438960153127,-33.300171097521115,-44.47557440718855
TRAINING_LABEL_PERMUTATION,levofloxacin,MUTATION_ONLY_LOGISTIC,RANDOM_ISOLATE_LABEL_PERMUTATION,33,331,83,83,27,56,0,56,0,27,0.3253012048192771,0.0,1.0,1.0,0.0,0.5,0.0,nan,0.6746987951807228,0.5,0.3253012048192771,0.3253012048192771,0.2222222222222222,0.39510690223169764,0.24197009055990995,-8.154073559023745,-9.495015654002934
TRAINING_LABEL_PERMUTATION,levofloxacin,MUTATION_ONLY_LOGISTIC,HPGP_TO_EXTERNAL_LABEL_PERMUTATION,CHINA_NINGXIA_2022__033,414,57,57,28,29,0,29,0,28,0.49122807017543857,0.0,1.0,1.0,0.0,0.5,0.0,nan,0.5087719298245614,0.5,0.49122807017543857,0.49122807017543857,0.4328817733990148,0.469550868746468,0.2820322272735998,-1.5761195692077297,-2.0657887734765934
TRAINING_LABEL_PERMUTATION,levofloxacin,MUTATION_ONLY_LOGISTIC,HPGP_TO_EXTERNAL_LABEL_PERMUTATION,ZENODO_10369064__033,414,39,39,16,23,0,23,0,16,0.41025641025641024,0.0,1.0,1.0,0.0,0.5,0.0,nan,0.5897435897435898,0.5,0.41025641025641024,0.41025641025641024,0.0801630434782608,0.3093531581031581,0.27070399270577594,-18.44118834730346,-23.84216014336283
TRAINING_LABEL_PERMUTATION,levofloxacin,MUTATION_ONLY_LOGISTIC,RANDOM_ISOLATE_LABEL_PERMUTATION,34,331,83,83,27,56,0,56,0,27,0.3253012048192771,0.0,1.0,1.0,0.0,0.5,0.0,nan,0.6746987951807228,0.5,0.3253012048192771,0.3253012048192771,0.2592592592592592,0.45250705886803866,0.2407775693921796,-3.1827174137682275,-3.0917171461525266
TRAINING_LABEL_PERMUTATION,levofloxacin,MUTATION_ONLY_LOGISTIC,HPGP_TO_EXTERNAL_LABEL_PERMUTATION,CHINA_NINGXIA_2022__034,414,57,57,28,29,1,29,0,27,0.49122807017543857,0.03571428571428571,1.0,0.9642857142857143,0.0,0.5178571428571429,0.13599594831899836,1.0,0.5178571428571429,0.5178571428571429,0.5093984962406015,0.47368421052631576,0.3713054187192118,0.4496923322457086,0.282641338345463,-0.6526505347986783,-0.7926546017633019
TRAINING_LABEL_PERMUTATION,levofloxacin,MUTATION_ONLY_LOGISTIC,HPGP_TO_EXTERNAL_LABEL_PERMUTATION,ZENODO_10369064__034,414,39,39,16,23,2,23,0,14,0.41025641025641024,0.125,1.0,0.875,0.0,0.5625,0.27875204519913876,1.0,0.6216216216216216,0.5625,0.483974358974359,0.358974358974359,0.735054347826087,0.7607470197930725,0.2361104664306121,11.230782451248494,15.285796645187107
TRAINING_LABEL_PERMUTATION,levofloxacin,MUTATION_ONLY_LOGISTIC,RANDOM_ISOLATE_LABEL_PERMUTATION,35,331,83,83,27,56,0,56,0,27,0.3253012048192771,0.0,1.0,1.0,0.0,0.5,0.0,nan,0.6746987951807228,0.5,0.3253012048192771,0.3253012048192771,0.4444444444444444,0.5739268626331753,0.2182377019334374,0.49975279385586013,1.6394354232900474
TRAINING_LABEL_PERMUTATION,levofloxacin,MUTATION_ONLY_LOGISTIC,HPGP_TO_EXTERNAL_LABEL_PERMUTATION,CHINA_NINGXIA_2022__035,414,57,57,28,29,0,29,0,28,0.49122807017543857,0.0,1.0,1.0,0.0,0.5,0.0,nan,0.5087719298245614,0.5,0.49122807017543857,0.49122807017543857,0.4427339901477832,0.5136618977734634,0.2803992790951128,-2.394380851567753,-3.2375618422792347
TRAINING_LABEL_PERMUTATION,levofloxacin,MUTATION_ONLY_LOGISTIC,HPGP_TO_EXTERNAL_LABEL_PERMUTATION,ZENODO_10369064__035,414,39,39,16,23,0,23,0,16,0.41025641025641024,0.0,1.0,1.0,0.0,0.5,0.0,nan,0.5897435897435898,0.5,0.41025641025641024,0.41025641025641024,0.672554347826087,0.7153001278001279,0.24318881359992198,6.2982643531204925,9.384737976928543
TRAINING_LABEL_PERMUTATION,levofloxacin,MUTATION_ONLY_LOGISTIC,RANDOM_ISOLATE_LABEL_PERMUTATION,36,331,83,83,27,56,0,56,0,27,0.3253012048192771,0.0,1.0,1.0,0.0,0.5,0.0,nan,0.6746987951807228,0.5,0.3253012048192771,0.3253012048192771,0.0,0.22235066451179822,0.245704844899051,-435.74228358675884,-640.8832685696027
TRAINING_LABEL_PERMUTATION,levofloxacin,MUTATION_ONLY_LOGISTIC,HPGP_TO_EXTERNAL_LABEL_PERMUTATION,CHINA_NINGXIA_2022__036,414,57,57,28,29,0,29,0,28,0.49122807017543857,0.0,1.0,1.0,0.0,0.5,0.0,nan,0.5087719298245614,0.5,0.49122807017543857,0.49122807017543857,0.4956896551724137,0.49851311996060704,0.2814168982213992,0.08504165471918264,0.1550797603112545
TRAINING_LABEL_PERMUTATION,levofloxacin,MUTATION_ONLY_LOGISTIC,HPGP_TO_EXTERNAL_LABEL_PERMUTATION,ZENODO_10369064__036,414,39,39,16,23,0,23,0,16,0.41025641025641024,0.0,1.0,1.0,0.0,0.5,0.0,nan,0.5897435897435898,0.5,0.41025641025641024,0.41025641025641024,0.2105978260869565,0.41687192118226596,0.27969513418101133,-5.24043189966724,-6.082878803098338
TRAINING_LABEL_PERMUTATION,levofloxacin,MUTATION_ONLY_LOGISTIC,RANDOM_ISOLATE_LABEL_PERMUTATION,37,331,83,83,27,56,1,56,0,26,0.3253012048192771,0.037037037037037035,1.0,0.9629629629629629,0.0,0.5185185185185185,0.1590395745378993,1.0,0.6829268292682927,0.5185185185185185,0.3502900490852298,0.3132530120481928,1.0,1.0,0.19565335595640718,75.93475961595107,97.21360035007416
TRAINING_LABEL_PERMUTATION,levofloxacin,MUTATION_ONLY_LOGISTIC,HPGP_TO_EXTERNAL_LABEL_PERMUTATION,CHINA_NINGXIA_2022__037,414,57,57,28,29,0,29,0,28,0.49122807017543857,0.0,1.0,1.0,0.0,0.5,0.0,nan,0.5087719298245614,0.5,0.49122807017543857,0.49122807017543857,0.33435960591133,0.4141451139732003,0.2898347809087436,-6.989973832174212,-9.737871386475147
TRAINING_LABEL_PERMUTATION,levofloxacin,MUTATION_ONLY_LOGISTIC,HPGP_TO_EXTERNAL_LABEL_PERMUTATION,ZENODO_10369064__037,414,39,39,16,23,0,23,0,16,0.41025641025641024,0.0,1.0,1.0,0.0,0.5,0.0,nan,0.5897435897435898,0.5,0.41025641025641024,0.41025641025641024,0.6100543478260869,0.6668131962636606,0.2490792306820356,-1.328688669476733,-1.384482657493715
TRAINING_LABEL_PERMUTATION,levofloxacin,MUTATION_ONLY_LOGISTIC,RANDOM_ISOLATE_LABEL_PERMUTATION,38,331,83,83,27,56,0,56,0,27,0.3253012048192771,0.0,1.0,1.0,0.0,0.5,0.0,nan,0.6746987951807228,0.5,0.3253012048192771,0.3253012048192771,0.6111111111111112,0.713910853042723,0.22459672638307912,-2.921130055117931,-2.8964404450846923
TRAINING_LABEL_PERMUTATION,levofloxacin,MUTATION_ONLY_LOGISTIC,HPGP_TO_EXTERNAL_LABEL_PERMUTATION,CHINA_NINGXIA_2022__038,414,57,57,28,29,0,29,0,28,0.49122807017543857,0.0,1.0,1.0,0.0,0.5,0.0,nan,0.5087719298245614,0.5,0.49122807017543857,0.49122807017543857,0.5129310344827587,0.5000611847609857,0.2820789097365336,-0.8041212827551822,-1.0241858881248533
TRAINING_LABEL_PERMUTATION,levofloxacin,MUTATION_ONLY_LOGISTIC,HPGP_TO_EXTERNAL_LABEL_PERMUTATION,ZENODO_10369064__038,414,39,39,16,23,0,23,0,16,0.41025641025641024,0.0,1.0,1.0,0.0,0.5,0.0,nan,0.5897435897435898,0.5,0.41025641025641024,0.41025641025641024,0.9144021739130436,0.8663118131868132,0.2243178461975692,12.555811124059288,18.095247707906683
TRAINING_LABEL_PERMUTATION,levofloxacin,MUTATION_ONLY_LOGISTIC,RANDOM_ISOLATE_LABEL_PERMUTATION,39,331,83,83,27,56,0,56,0,27,0.3253012048192771,0.0,1.0,1.0,0.0,0.5,0.0,nan,0.6746987951807228,0.5,0.3253012048192771,0.3253012048192771,0.7777777777777777,0.8206554241425432,0.1947167021711925,5.168369261251988,8.189734663361094
TRAINING_LABEL_PERMUTATION,levofloxacin,MUTATION_ONLY_LOGISTIC,HPGP_TO_EXTERNAL_LABEL_PERMUTATION,CHINA_NINGXIA_2022__039,414,57,57,28,29,0,29,0,28,0.49122807017543857,0.0,1.0,1.0,0.0,0.5,0.0,nan,0.5087719298245614,0.5,0.49122807017543857,0.49122807017543857,0.4193349753694581,0.4377542340700235,0.29001435233090495,-1.9263639573278846,-2.5786910533586713
TRAINING_LABEL_PERMUTATION,levofloxacin,MUTATION_ONLY_LOGISTIC,HPGP_TO_EXTERNAL_LABEL_PERMUTATION,ZENODO_10369064__039,414,39,39,16,23,0,23,0,16,0.41025641025641024,0.0,1.0,1.0,0.0,0.5,0.0,nan,0.5897435897435898,0.5,0.41025641025641024,0.41025641025641024,0.7296195652173914,0.7409553531264057,0.22873036183223347,2.501268391804878,4.371924568220489
TRAINING_LABEL_PERMUTATION,levofloxacin,MUTATION_ONLY_LOGISTIC,RANDOM_ISOLATE_LABEL_PERMUTATION,40,331,83,83,27,56,0,56,0,27,0.3253012048192771,0.0,1.0,1.0,0.0,0.5,0.0,nan,0.6746987951807228,0.5,0.3253012048192771,0.3253012048192771,0.7037037037037037,0.8000892458723783,0.20225247004218827,6.498889294852771,9.62413162608537
TRAINING_LABEL_PERMUTATION,levofloxacin,MUTATION_ONLY_LOGISTIC,HPGP_TO_EXTERNAL_LABEL_PERMUTATION,CHINA_NINGXIA_2022__040,414,57,57,28,29,0,29,0,28,0.49122807017543857,0.0,1.0,1.0,0.0,0.5,0.0,nan,0.5087719298245614,0.5,0.49122807017543857,0.49122807017543857,0.5153940886699507,0.5156680259860726,0.2802050285969144,-0.07637386217192298,-0.05425761918526791
TRAINING_LABEL_PERMUTATION,levofloxacin,MUTATION_ONLY_LOGISTIC,HPGP_TO_EXTERNAL_LABEL_PERMUTATION,ZENODO_10369064__040,414,39,39,16,23,0,23,0,16,0.41025641025641024,0.0,1.0,1.0,0.0,0.5,0.0,nan,0.5897435897435898,0.5,0.41025641025641024,0.41025641025641024,0.3301630434782608,0.5226411519514967,0.2648771893944726,-7.3603344202463905,-8.995228744276064
TRAINING_LABEL_PERMUTATION,levofloxacin,MUTATION_ONLY_LOGISTIC,RANDOM_ISOLATE_LABEL_PERMUTATION,41,331,83,83,27,56,0,56,0,27,0.3253012048192771,0.0,1.0,1.0,0.0,0.5,0.0,nan,0.6746987951807228,0.5,0.3253012048192771,0.3253012048192771,0.4814814814814815,0.5748508902590015,0.21366745195533698,2.3311056789205047,4.226874089880592
TRAINING_LABEL_PERMUTATION,levofloxacin,MUTATION_ONLY_LOGISTIC,HPGP_TO_EXTERNAL_LABEL_PERMUTATION,CHINA_NINGXIA_2022__041,414,57,57,28,29,0,29,0,28,0.49122807017543857,0.0,1.0,1.0,0.0,0.5,0.0,nan,0.5087719298245614,0.5,0.49122807017543857,0.49122807017543857,0.3713054187192118,0.43138259995368744,0.28759261994146496,-11.187540272933395,-15.620916115335945
TRAINING_LABEL_PERMUTATION,levofloxacin,MUTATION_ONLY_LOGISTIC,HPGP_TO_EXTERNAL_LABEL_PERMUTATION,ZENODO_10369064__041,414,39,39,16,23,0,23,0,16,0.41025641025641024,0.0,1.0,1.0,0.0,0.5,0.0,nan,0.5897435897435898,0.5,0.41025641025641024,0.41025641025641024,0.077445652173913,0.3124715496039026,0.25378084583925303,-1187.243305541559,-1715.4718313729536
TRAINING_LABEL_PERMUTATION,levofloxacin,MUTATION_ONLY_LOGISTIC,RANDOM_ISOLATE_LABEL_PERMUTATION,42,331,83,83,27,56,0,56,0,27,0.3253012048192771,0.0,1.0,1.0,0.0,0.5,0.0,nan,0.6746987951807228,0.5,0.3253012048192771,0.3253012048192771,0.2037037037037037,0.3878744384246535,0.23387579899159813,-4.863615003088362,-5.385426150878573
TRAINING_LABEL_PERMUTATION,levofloxacin,MUTATION_ONLY_LOGISTIC,HPGP_TO_EXTERNAL_LABEL_PERMUTATION,CHINA_NINGXIA_2022__042,414,57,57,28,29,0,29,0,28,0.49122807017543857,0.0,1.0,1.0,0.0,0.5,0.0,nan,0.5087719298245614,0.5,0.49122807017543857,0.49122807017543857,0.4488916256157635,0.5006217824002261,0.29213776878562464,-1.0579907836998665,-1.3794148029805786
TRAINING_LABEL_PERMUTATION,levofloxacin,MUTATION_ONLY_LOGISTIC,HPGP_TO_EXTERNAL_LABEL_PERMUTATION,ZENODO_10369064__042,414,39,39,16,23,0,23,0,16,0.41025641025641024,0.0,1.0,1.0,0.0,0.5,0.0,nan,0.5897435897435898,0.5,0.41025641025641024,0.41025641025641024,0.735054347826087,0.7607470197930725,0.23026089106976938,2.373425734116989,4.09377086570848
TRAINING_LABEL_PERMUTATION,levofloxacin,MUTATION_ONLY_LOGISTIC,RANDOM_ISOLATE_LABEL_PERMUTATION,43,331,83,83,27,56,0,56,0,27,0.3253012048192771,0.0,1.0,1.0,0.0,0.5,0.0,nan,0.6746987951807228,0.5,0.3253012048192771,0.3253012048192771,0.9814814814814814,0.9750111557340473,0.18356695412913412,92.79890290254663,111.91531976295275
TRAINING_LABEL_PERMUTATION,levofloxacin,MUTATION_ONLY_LOGISTIC,HPGP_TO_EXTERNAL_LABEL_PERMUTATION,CHINA_NINGXIA_2022__043,414,57,57,28,29,1,29,0,27,0.49122807017543857,0.03571428571428571,1.0,0.9642857142857143,0.0,0.5178571428571429,0.13599594831899836,1.0,0.5178571428571429,0.5178571428571429,0.5093984962406015,0.47368421052631576,0.5929802955665024,0.6323397780164697,0.2669792076640712,2.8993173469350224,3.8503094509524924
TRAINING_LABEL_PERMUTATION,levofloxacin,MUTATION_ONLY_LOGISTIC,HPGP_TO_EXTERNAL_LABEL_PERMUTATION,ZENODO_10369064__043,414,39,39,16,23,0,23,0,16,0.41025641025641024,0.0,1.0,1.0,0.0,0.5,0.0,nan,0.5897435897435898,0.5,0.41025641025641024,0.41025641025641024,0.9225543478260868,0.8887820512820513,0.23544377378234776,181.67463969560166,225.20357279128928
TRAINING_LABEL_PERMUTATION,levofloxacin,MUTATION_ONLY_LOGISTIC,RANDOM_ISOLATE_LABEL_PERMUTATION,44,331,83,83,27,56,0,56,0,27,0.3253012048192771,0.0,1.0,1.0,0.0,0.5,0.0,nan,0.6746987951807228,0.5,0.3253012048192771,0.3253012048192771,0.2592592592592592,0.4186952093424511,0.23879680626028546,-4.775753210479283,-5.323584088926615
TRAINING_LABEL_PERMUTATION,levofloxacin,MUTATION_ONLY_LOGISTIC,HPGP_TO_EXTERNAL_LABEL_PERMUTATION,CHINA_NINGXIA_2022__044,414,57,57,28,29,0,29,0,28,0.49122807017543857,0.0,1.0,1.0,0.0,0.5,0.0,nan,0.5087719298245614,0.5,0.49122807017543857,0.49122807017543857,0.4685960591133005,0.4995495823317558,0.2796069751985126,-0.022283773912058057,0.016816859895898352
TRAINING_LABEL_PERMUTATION,levofloxacin,MUTATION_ONLY_LOGISTIC,HPGP_TO_EXTERNAL_LABEL_PERMUTATION,ZENODO_10369064__044,414,39,39,16,23,0,23,0,16,0.41025641025641024,0.0,1.0,1.0,0.0,0.5,0.0,nan,0.5897435897435898,0.5,0.41025641025641024,0.41025641025641024,0.2051630434782608,0.41992473242473244,0.2513518287880871,-3.7570906792194516,-4.498262727025959
TRAINING_LABEL_PERMUTATION,levofloxacin,MUTATION_ONLY_LOGISTIC,RANDOM_ISOLATE_LABEL_PERMUTATION,45,331,83,83,27,56,0,56,0,27,0.3253012048192771,0.0,1.0,1.0,0.0,0.5,0.0,nan,0.6746987951807228,0.5,0.3253012048192771,0.3253012048192771,0.4814814814814814,0.6375036009014963,0.2186293590019002,-0.19672463432803436,0.7219745383068908
TRAINING_LABEL_PERMUTATION,levofloxacin,MUTATION_ONLY_LOGISTIC,HPGP_TO_EXTERNAL_LABEL_PERMUTATION,CHINA_NINGXIA_2022__045,414,57,57,28,29,0,29,0,28,0.49122807017543857,0.0,1.0,1.0,0.0,0.5,0.0,nan,0.5087719298245614,0.5,0.49122807017543857,0.49122807017543857,0.458743842364532,0.4791526069216167,0.28727753700018765,-1.7431008040554585,-2.3016068015905615
TRAINING_LABEL_PERMUTATION,levofloxacin,MUTATION_ONLY_LOGISTIC,HPGP_TO_EXTERNAL_LABEL_PERMUTATION,ZENODO_10369064__045,414,39,39,16,23,0,23,0,16,0.41025641025641024,0.0,1.0,1.0,0.0,0.5,0.0,nan,0.5897435897435898,0.5,0.41025641025641024,0.41025641025641024,0.8491847826086957,0.8118878928089455,0.23478852695943295,6.021113102382488,9.25863430461255
TRAINING_LABEL_PERMUTATION,levofloxacin,MUTATION_ONLY_LOGISTIC,RANDOM_ISOLATE_LABEL_PERMUTATION,46,331,83,83,27,56,0,56,0,27,0.3253012048192771,0.0,1.0,1.0,0.0,0.5,0.0,nan,0.6746987951807228,0.5,0.3253012048192771,0.3253012048192771,0.0555555555555555,0.26568838116805416,0.23500215050026305,-21.92616610438584,-26.66867331933699
TRAINING_LABEL_PERMUTATION,levofloxacin,MUTATION_ONLY_LOGISTIC,HPGP_TO_EXTERNAL_LABEL_PERMUTATION,CHINA_NINGXIA_2022__046,414,57,57,28,29,1,29,0,27,0.49122807017543857,0.03571428571428571,1.0,0.9642857142857143,0.0,0.5178571428571429,0.13599594831899836,1.0,0.5178571428571429,0.5178571428571429,0.5093984962406015,0.47368421052631576,0.4107142857142857,0.4839563188974452,0.27706614169566496,0.36051467244982127,0.5371712507004653
TRAINING_LABEL_PERMUTATION,levofloxacin,MUTATION_ONLY_LOGISTIC,HPGP_TO_EXTERNAL_LABEL_PERMUTATION,ZENODO_10369064__046,414,39,39,16,23,0,23,0,16,0.41025641025641024,0.0,1.0,1.0,0.0,0.5,0.0,nan,0.5897435897435898,0.5,0.41025641025641024,0.41025641025641024,0.6100543478260869,0.6666990964785082,0.2529965869926425,-5.143057520731306,-6.354661391075738
TRAINING_LABEL_PERMUTATION,levofloxacin,MUTATION_ONLY_LOGISTIC,RANDOM_ISOLATE_LABEL_PERMUTATION,47,331,83,83,27,56,0,56,0,27,0.3253012048192771,0.0,1.0,1.0,0.0,0.5,0.0,nan,0.6746987951807228,0.5,0.3253012048192771,0.3253012048192771,0.9814814814814814,0.9750111557340473,0.21052758397171342,405.27494499523266,540.0626697618949
TRAINING_LABEL_PERMUTATION,levofloxacin,MUTATION_ONLY_LOGISTIC,HPGP_TO_EXTERNAL_LABEL_PERMUTATION,CHINA_NINGXIA_2022__047,414,57,57,28,29,0,29,0,28,0.49122807017543857,0.0,1.0,1.0,0.0,0.5,0.0,nan,0.5087719298245614,0.5,0.49122807017543857,0.49122807017543857,0.6016009852216749,0.5999653150733977,0.2712902210264359,2.962163488968271,4.016078193711929
TRAINING_LABEL_PERMUTATION,levofloxacin,MUTATION_ONLY_LOGISTIC,HPGP_TO_EXTERNAL_LABEL_PERMUTATION,ZENODO_10369064__047,414,39,39,16,23,0,23,0,16,0.41025641025641024,0.0,1.0,1.0,0.0,0.5,0.0,nan,0.5897435897435898,0.5,0.41025641025641024,0.41025641025641024,0.9198369565217392,0.8819368131868133,0.2361006184383745,31.00205619607912,40.89807818270177
TRAINING_LABEL_PERMUTATION,levofloxacin,MUTATION_ONLY_LOGISTIC,RANDOM_ISOLATE_LABEL_PERMUTATION,48,331,83,83,27,56,6,56,0,21,0.3253012048192771,0.2222222222222222,1.0,0.7777777777777778,0.0,0.6111111111111112,0.40201512610368484,1.0,0.7272727272727273,0.6111111111111112,0.4752342704149933,0.25301204819277107,0.3703703703703703,0.5497503355802222,0.2406817596527368,-2.601622045234417,-2.3464221137227277
TRAINING_LABEL_PERMUTATION,levofloxacin,MUTATION_ONLY_LOGISTIC,HPGP_TO_EXTERNAL_LABEL_PERMUTATION,CHINA_NINGXIA_2022__048,414,57,57,28,29,0,29,0,28,0.49122807017543857,0.0,1.0,1.0,0.0,0.5,0.0,nan,0.5087719298245614,0.5,0.49122807017543857,0.49122807017543857,0.4070197044334975,0.4411945446194673,0.2831270706915409,-1.991227505380819,-2.5895045835451955
TRAINING_LABEL_PERMUTATION,levofloxacin,MUTATION_ONLY_LOGISTIC,HPGP_TO_EXTERNAL_LABEL_PERMUTATION,ZENODO_10369064__048,414,39,39,16,23,0,23,0,16,0.41025641025641024,0.0,1.0,1.0,0.0,0.5,0.0,nan,0.5897435897435898,0.5,0.41025641025641024,0.41025641025641024,0.0855978260869565,0.3053413990913991,0.2648035092979399,-15.807177464512002,-20.65113558220671
TRAINING_LABEL_PERMUTATION,levofloxacin,MUTATION_ONLY_LOGISTIC,RANDOM_ISOLATE_LABEL_PERMUTATION,49,331,83,83,27,56,0,56,0,27,0.3253012048192771,0.0,1.0,1.0,0.0,0.5,0.0,nan,0.6746987951807228,0.5,0.3253012048192771,0.3253012048192771,0.7962962962962963,0.8484650854128766,0.19934686384791536,5.143727454400571,7.772785240266071
TRAINING_LABEL_PERMUTATION,levofloxacin,MUTATION_ONLY_LOGISTIC,HPGP_TO_EXTERNAL_LABEL_PERMUTATION,CHINA_NINGXIA_2022__049,414,57,57,28,29,0,29,0,28,0.49122807017543857,0.0,1.0,1.0,0.0,0.5,0.0,nan,0.5087719298245614,0.5,0.49122807017543857,0.49122807017543857,0.3368226600985222,0.4146239431879578,0.29571640606607696,-3.3934192598707327,-4.721229561559936
TRAINING_LABEL_PERMUTATION,levofloxacin,MUTATION_ONLY_LOGISTIC,HPGP_TO_EXTERNAL_LABEL_PERMUTATION,ZENODO_10369064__049,414,39,39,16,23,0,23,0,16,0.41025641025641024,0.0,1.0,1.0,0.0,0.5,0.0,nan,0.5897435897435898,0.5,0.41025641025641024,0.41025641025641024,0.6100543478260869,0.6668131962636606,0.2589905196482364,-3.7544801008127386,-4.9574132751957585
TRAINING_LABEL_PERMUTATION,levofloxacin,MUTATION_ONLY_LOGISTIC,RANDOM_ISOLATE_LABEL_PERMUTATION,50,331,83,83,27,56,0,56,0,27,0.3253012048192771,0.0,1.0,1.0,0.0,0.5,0.0,nan,0.6746987951807228,0.5,0.3253012048192771,0.3253012048192771,0.3518518518518518,0.5086941266827861,0.22592884615665537,-2.7155012768545235,-2.6941705001738985
TRAINING_LABEL_PERMUTATION,levofloxacin,MUTATION_ONLY_LOGISTIC,HPGP_TO_EXTERNAL_LABEL_PERMUTATION,CHINA_NINGXIA_2022__050,414,57,57,28,29,0,29,0,28,0.49122807017543857,0.0,1.0,1.0,0.0,0.5,0.0,nan,0.5087719298245614,0.5,0.49122807017543857,0.49122807017543857,0.5757389162561577,0.5835852116374558,0.2733379085400175,2.853109898287455,3.907546197634114
TRAINING_LABEL_PERMUTATION,levofloxacin,MUTATION_ONLY_LOGISTIC,HPGP_TO_EXTERNAL_LABEL_PERMUTATION,ZENODO_10369064__050,414,39,39,16,23,0,23,0,16,0.41025641025641024,0.0,1.0,1.0,0.0,0.5,0.0,nan,0.5897435897435898,0.5,0.41025641025641024,0.41025641025641024,0.1508152173913043,0.36158979271048236,0.2625399000381299,-18.56014972024058,-23.471620670116238
TRAINING_LABEL_PERMUTATION,levofloxacin,MUTATION_ONLY_LOGISTIC,RANDOM_ISOLATE_LABEL_PERMUTATION,51,331,83,83,27,56,0,56,0,27,0.3253012048192771,0.0,1.0,1.0,0.0,0.5,0.0,nan,0.6746987951807228,0.5,0.3253012048192771,0.3253012048192771,0.2222222222222222,0.39318686413733267,0.2429332069997585,-8.734017516619195,-10.118859371225025
TRAINING_LABEL_PERMUTATION,levofloxacin,MUTATION_ONLY_LOGISTIC,HPGP_TO_EXTERNAL_LABEL_PERMUTATION,CHINA_NINGXIA_2022__051,414,57,57,28,29,0,29,0,28,0.49122807017543857,0.0,1.0,1.0,0.0,0.5,0.0,nan,0.5087719298245614,0.5,0.49122807017543857,0.49122807017543857,0.3713054187192118,0.4496562798130396,0.28608562292908757,-2.3669283939110946,-3.2413875398445895
TRAINING_LABEL_PERMUTATION,levofloxacin,MUTATION_ONLY_LOGISTIC,HPGP_TO_EXTERNAL_LABEL_PERMUTATION,ZENODO_10369064__051,414,39,39,16,23,0,23,0,16,0.41025641025641024,0.0,1.0,1.0,0.0,0.5,0.0,nan,0.5897435897435898,0.5,0.41025641025641024,0.41025641025641024,0.6100543478260869,0.6668131962636606,0.25607217873614513,-2.451096126322812,-2.891713808691708
TRAINING_LABEL_PERMUTATION,levofloxacin,MUTATION_ONLY_LOGISTIC,RANDOM_ISOLATE_LABEL_PERMUTATION,52,331,83,83,27,56,0,56,0,27,0.3253012048192771,0.0,1.0,1.0,0.0,0.5,0.0,nan,0.6746987951807228,0.5,0.3253012048192771,0.3253012048192771,0.6851851851851851,0.772434924884724,0.2016648249003526,4.147528926993827,6.770505718468854
TRAINING_LABEL_PERMUTATION,levofloxacin,MUTATION_ONLY_LOGISTIC,HPGP_TO_EXTERNAL_LABEL_PERMUTATION,CHINA_NINGXIA_2022__052,414,57,57,28,29,1,29,0,27,0.49122807017543857,0.03571428571428571,1.0,0.9642857142857143,0.0,0.5178571428571429,0.13599594831899836,1.0,0.5178571428571429,0.5178571428571429,0.5093984962406015,0.47368421052631576,0.5486453201970443,0.5583518624838408,0.27154083331659706,1.0401215867640174,1.4499991421237393
TRAINING_LABEL_PERMUTATION,levofloxacin,MUTATION_ONLY_LOGISTIC,HPGP_TO_EXTERNAL_LABEL_PERMUTATION,ZENODO_10369064__052,414,39,39,16,23,0,23,0,16,0.41025641025641024,0.0,1.0,1.0,0.0,0.5,0.0,nan,0.5897435897435898,0.5,0.41025641025641024,0.41025641025641024,0.1508152173913043,0.36158979271048236,0.2798607370122644,-7.587094762936289,-8.797576425071519
TRAINING_LABEL_PERMUTATION,levofloxacin,MUTATION_ONLY_LOGISTIC,RANDOM_ISOLATE_LABEL_PERMUTATION,53,331,83,83,27,56,0,56,0,27,0.3253012048192771,0.0,1.0,1.0,0.0,0.5,0.0,nan,0.6746987951807228,0.5,0.3253012048192771,0.3253012048192771,0.2962962962962963,0.4829715570099327,0.22800586384024696,-2.385727218824402,-2.167708542199858
TRAINING_LABEL_PERMUTATION,levofloxacin,MUTATION_ONLY_LOGISTIC,HPGP_TO_EXTERNAL_LABEL_PERMUTATION,CHINA_NINGXIA_2022__053,414,57,57,28,29,0,29,0,28,0.49122807017543857,0.0,1.0,1.0,0.0,0.5,0.0,nan,0.5087719298245614,0.5,0.49122807017543857,0.49122807017543857,0.5240147783251232,0.5302505823874382,0.28154891886948963,0.2460502114875796,0.35332262670354725
TRAINING_LABEL_PERMUTATION,levofloxacin,MUTATION_ONLY_LOGISTIC,HPGP_TO_EXTERNAL_LABEL_PERMUTATION,ZENODO_10369064__053,414,39,39,16,23,0,23,0,16,0.41025641025641024,0.0,1.0,1.0,0.0,0.5,0.0,nan,0.5897435897435898,0.5,0.41025641025641024,0.41025641025641024,0.2105978260869565,0.4167464878671775,0.30855683536201084,-4.219914851303261,-4.463637333979562
TRAINING_LABEL_PERMUTATION,levofloxacin,MUTATION_ONLY_LOGISTIC,RANDOM_ISOLATE_LABEL_PERMUTATION,54,331,83,83,27,56,0,56,0,27,0.3253012048192771,0.0,1.0,1.0,0.0,0.5,0.0,nan,0.6746987951807228,0.5,0.3253012048192771,0.3253012048192771,0.7407407407407407,0.825078090138331,0.1895875247212073,4.0100737004585465,6.363595375981492
TRAINING_LABEL_PERMUTATION,levofloxacin,MUTATION_ONLY_LOGISTIC,HPGP_TO_EXTERNAL_LABEL_PERMUTATION,CHINA_NINGXIA_2022__054,414,57,57,28,29,0,29,0,28,0.49122807017543857,0.0,1.0,1.0,0.0,0.5,0.0,nan,0.5087719298245614,0.5,0.49122807017543857,0.49122807017543857,0.5166256157635468,0.5282198358783081,0.2753447494220476,0.5271128227487268,0.7524470264799312
TRAINING_LABEL_PERMUTATION,levofloxacin,MUTATION_ONLY_LOGISTIC,HPGP_TO_EXTERNAL_LABEL_PERMUTATION,ZENODO_10369064__054,414,39,39,16,23,0,23,0,16,0.41025641025641024,0.0,1.0,1.0,0.0,0.5,0.0,nan,0.5897435897435898,0.5,0.41025641025641024,0.41025641025641024,0.2105978260869565,0.4167464878671775,0.28156496739259423,-4.966161853854824,-5.652214140691406
TRAINING_LABEL_PERMUTATION,levofloxacin,MUTATION_ONLY_LOGISTIC,RANDOM_ISOLATE_LABEL_PERMUTATION,55,331,83,83,27,56,0,56,0,27,0.3253012048192771,0.0,1.0,1.0,0.0,0.5,0.0,nan,0.6746987951807228,0.5,0.3253012048192771,0.3253012048192771,0.7777777777777778,0.8500669344042839,0.20215647245976406,1.394228836534258,2.9215640350458782
TRAINING_LABEL_PERMUTATION,levofloxacin,MUTATION_ONLY_LOGISTIC,HPGP_TO_EXTERNAL_LABEL_PERMUTATION,CHINA_NINGXIA_2022__055,414,57,57,28,29,0,29,0,28,0.49122807017543857,0.0,1.0,1.0,0.0,0.5,0.0,nan,0.5087719298245614,0.5,0.49122807017543857,0.49122807017543857,0.5387931034482759,0.5684677781675791,0.27451813266507746,0.7724954578210063,1.1217798758686626
TRAINING_LABEL_PERMUTATION,levofloxacin,MUTATION_ONLY_LOGISTIC,HPGP_TO_EXTERNAL_LABEL_PERMUTATION,ZENODO_10369064__055,414,39,39,16,23,0,23,0,16,0.41025641025641024,0.0,1.0,1.0,0.0,0.5,0.0,nan,0.5897435897435898,0.5,0.41025641025641024,0.41025641025641024,0.7921195652173914,0.7878276003276004,0.24007305965871614,5.361753106529622,7.957559647244121
TRAINING_LABEL_PERMUTATION,levofloxacin,MUTATION_ONLY_LOGISTIC,RANDOM_ISOLATE_LABEL_PERMUTATION,56,331,83,83,27,56,0,56,0,27,0.3253012048192771,0.0,1.0,1.0,0.0,0.5,0.0,nan,0.6746987951807228,0.5,0.3253012048192771,0.3253012048192771,0.925925925925926,0.9500223114680946,0.1954260946319905,14.924513051155845,21.878927962913153
TRAINING_LABEL_PERMUTATION,levofloxacin,MUTATION_ONLY_LOGISTIC,HPGP_TO_EXTERNAL_LABEL_PERMUTATION,CHINA_NINGXIA_2022__056,414,57,57,28,29,0,29,0,28,0.49122807017543857,0.0,1.0,1.0,0.0,0.5,0.0,nan,0.5087719298245614,0.5,0.49122807017543857,0.49122807017543857,0.521551724137931,0.5416372920478113,0.27920588690374926,0.22884336953005827,0.34392084176412185
TRAINING_LABEL_PERMUTATION,levofloxacin,MUTATION_ONLY_LOGISTIC,HPGP_TO_EXTERNAL_LABEL_PERMUTATION,ZENODO_10369064__056,414,39,39,16,23,0,23,0,16,0.41025641025641024,0.0,1.0,1.0,0.0,0.5,0.0,nan,0.5897435897435898,0.5,0.41025641025641024,0.41025641025641024,0.327445652173913,0.5244662136109505,0.26079565397322174,-3.4395747264182814,-3.856230438901776
TRAINING_LABEL_PERMUTATION,levofloxacin,MUTATION_ONLY_LOGISTIC,RANDOM_ISOLATE_LABEL_PERMUTATION,57,331,83,83,27,56,0,56,0,27,0.3253012048192771,0.0,1.0,1.0,0.0,0.5,0.0,nan,0.6746987951807228,0.5,0.3253012048192771,0.3253012048192771,0.0,0.22986881613081328,0.2656523511201911,-80.32311807631173,-110.376180007327
TRAINING_LABEL_PERMUTATION,levofloxacin,MUTATION_ONLY_LOGISTIC,HPGP_TO_EXTERNAL_LABEL_PERMUTATION,CHINA_NINGXIA_2022__057,414,57,57,28,29,1,29,0,27,0.49122807017543857,0.03571428571428571,1.0,0.9642857142857143,0.0,0.5178571428571429,0.13599594831899836,1.0,0.5178571428571429,0.5178571428571429,0.5093984962406015,0.47368421052631576,0.4094827586206896,0.4836804016785219,0.2895104184390333,-1.2527028253700576,-1.576230240862437
TRAINING_LABEL_PERMUTATION,levofloxacin,MUTATION_ONLY_LOGISTIC,HPGP_TO_EXTERNAL_LABEL_PERMUTATION,ZENODO_10369064__057,414,39,39,16,23,0,23,0,16,0.41025641025641024,0.0,1.0,1.0,0.0,0.5,0.0,nan,0.5897435897435898,0.5,0.41025641025641024,0.41025641025641024,0.735054347826087,0.7606945888195888,0.25682506326075893,-2.6166045008079504,-3.031771562730297
TRAINING_LABEL_PERMUTATION,levofloxacin,MUTATION_ONLY_LOGISTIC,RANDOM_ISOLATE_LABEL_PERMUTATION,58,331,83,83,27,56,0,56,0,27,0.3253012048192771,0.0,1.0,1.0,0.0,0.5,0.0,nan,0.6746987951807228,0.5,0.3253012048192771,0.3253012048192771,0.9814814814814814,0.9750111557340473,0.17373546984979613,51.32600852046556,58.65609174526058
TRAINING_LABEL_PERMUTATION,levofloxacin,MUTATION_ONLY_LOGISTIC,HPGP_TO_EXTERNAL_LABEL_PERMUTATION,CHINA_NINGXIA_2022__058,414,57,57,28,29,0,29,0,28,0.49122807017543857,0.0,1.0,1.0,0.0,0.5,0.0,nan,0.5087719298245614,0.5,0.49122807017543857,0.49122807017543857,0.5720443349753694,0.5683495986113742,0.27216568234480343,1.3608450878265501,1.8927955418077438
TRAINING_LABEL_PERMUTATION,levofloxacin,MUTATION_ONLY_LOGISTIC,HPGP_TO_EXTERNAL_LABEL_PERMUTATION,ZENODO_10369064__058,414,39,39,16,23,0,23,0,16,0.41025641025641024,0.0,1.0,1.0,0.0,0.5,0.0,nan,0.5897435897435898,0.5,0.41025641025641024,0.41025641025641024,0.9171195652173912,0.8746794871794872,0.2180458676887927,10.57508218949946,15.2090671071085
TRAINING_LABEL_PERMUTATION,levofloxacin,MUTATION_ONLY_LOGISTIC,RANDOM_ISOLATE_LABEL_PERMUTATION,59,331,83,83,27,56,0,56,0,27,0.3253012048192771,0.0,1.0,1.0,0.0,0.5,0.0,nan,0.6746987951807228,0.5,0.3253012048192771,0.3253012048192771,0.7962962962962963,0.8484650854128765,0.18535867993646835,7.157340025896684,10.458570310986723
TRAINING_LABEL_PERMUTATION,levofloxacin,MUTATION_ONLY_LOGISTIC,HPGP_TO_EXTERNAL_LABEL_PERMUTATION,CHINA_NINGXIA_2022__059,414,57,57,28,29,0,29,0,28,0.49122807017543857,0.0,1.0,1.0,0.0,0.5,0.0,nan,0.5087719298245614,0.5,0.49122807017543857,0.49122807017543857,0.5449507389162562,0.5573548275565953,0.27882753679303174,0.7512641931275034,0.9946341266714412
TRAINING_LABEL_PERMUTATION,levofloxacin,MUTATION_ONLY_LOGISTIC,HPGP_TO_EXTERNAL_LABEL_PERMUTATION,ZENODO_10369064__059,414,39,39,16,23,0,23,0,16,0.41025641025641024,0.0,1.0,1.0,0.0,0.5,0.0,nan,0.5897435897435898,0.5,0.41025641025641024,0.41025641025641024,0.3301630434782608,0.5226411519514967,0.2731126983129504,-3.6231331244062126,-3.9304531147847066
TRAINING_LABEL_PERMUTATION,levofloxacin,MUTATION_ONLY_LOGISTIC,RANDOM_ISOLATE_LABEL_PERMUTATION,60,331,83,83,27,56,0,56,0,27,0.3253012048192771,0.0,1.0,1.0,0.0,0.5,0.0,nan,0.6746987951807228,0.5,0.3253012048192771,0.3253012048192771,0.9444444444444444,0.9497175694648513,0.1983818457933948,27.658043428225866,36.39668166246263
TRAINING_LABEL_PERMUTATION,levofloxacin,MUTATION_ONLY_LOGISTIC,HPGP_TO_EXTERNAL_LABEL_PERMUTATION,CHINA_NINGXIA_2022__060,414,57,57,28,29,0,29,0,28,0.49122807017543857,0.0,1.0,1.0,0.0,0.5,0.0,nan,0.5087719298245614,0.5,0.49122807017543857,0.49122807017543857,0.5153940886699507,0.5156680259860726,0.27930301427749105,0.07793158048779064,0.1510823343351443
TRAINING_LABEL_PERMUTATION,levofloxacin,MUTATION_ONLY_LOGISTIC,HPGP_TO_EXTERNAL_LABEL_PERMUTATION,ZENODO_10369064__060,414,39,39,16,23,0,23,0,16,0.41025641025641024,0.0,1.0,1.0,0.0,0.5,0.0,nan,0.5897435897435898,0.5,0.41025641025641024,0.41025641025641024,0.2105978260869565,0.41687192118226596,0.27459091375495676,-5.869375305075421,-6.936371344135306
TRAINING_LABEL_PERMUTATION,levofloxacin,MUTATION_ONLY_LOGISTIC,RANDOM_ISOLATE_LABEL_PERMUTATION,61,331,83,83,27,56,8,56,0,19,0.3253012048192771,0.2962962962962963,1.0,0.7037037037037037,0.0,0.6481481481481481,0.470355788633705,1.0,0.7466666666666667,0.6481481481481481,0.5252119589468986,0.2289156626506024,0.5,0.6318851162224657,0.21203716703109798,-0.24930339493940673,0.6556283253269184
TRAINING_LABEL_PERMUTATION,levofloxacin,MUTATION_ONLY_LOGISTIC,HPGP_TO_EXTERNAL_LABEL_PERMUTATION,CHINA_NINGXIA_2022__061,414,57,57,28,29,0,29,0,28,0.49122807017543857,0.0,1.0,1.0,0.0,0.5,0.0,nan,0.5087719298245614,0.5,0.49122807017543857,0.49122807017543857,0.4070197044334975,0.4622440998850773,0.28361988247842407,-2.2585768174666807,-2.8856959045473753
TRAINING_LABEL_PERMUTATION,levofloxacin,MUTATION_ONLY_LOGISTIC,HPGP_TO_EXTERNAL_LABEL_PERMUTATION,ZENODO_10369064__061,414,39,39,16,23,0,23,0,16,0.41025641025641024,0.0,1.0,1.0,0.0,0.5,0.0,nan,0.5897435897435898,0.5,0.41025641025641024,0.41025641025641024,0.202445652173913,0.42233890013495273,0.24807311292375003,0.3930850109984366,1.0250385379492806
TRAINING_LABEL_PERMUTATION,levofloxacin,MUTATION_ONLY_LOGISTIC,RANDOM_ISOLATE_LABEL_PERMUTATION,62,331,83,83,27,56,0,56,0,27,0.3253012048192771,0.0,1.0,1.0,0.0,0.5,0.0,nan,0.6746987951807228,0.5,0.3253012048192771,0.3253012048192771,0.3703703703703703,0.514687872946095,0.2623302691860536,-3.6437970639059616,-3.6573055407502557
TRAINING_LABEL_PERMUTATION,levofloxacin,MUTATION_ONLY_LOGISTIC,HPGP_TO_EXTERNAL_LABEL_PERMUTATION,CHINA_NINGXIA_2022__062,414,57,57,28,29,0,29,0,28,0.49122807017543857,0.0,1.0,1.0,0.0,0.5,0.0,nan,0.5087719298245614,0.5,0.49122807017543857,0.49122807017543857,0.5400246305418719,0.5559765199472846,0.27772636337912804,0.7637473296416452,1.0648740559871124
TRAINING_LABEL_PERMUTATION,levofloxacin,MUTATION_ONLY_LOGISTIC,HPGP_TO_EXTERNAL_LABEL_PERMUTATION,ZENODO_10369064__062,414,39,39,16,23,0,23,0,16,0.41025641025641024,0.0,1.0,1.0,0.0,0.5,0.0,nan,0.5897435897435898,0.5,0.41025641025641024,0.41025641025641024,0.1453804347826086,0.3647680372680373,0.2728186935506294,-11.907235525154377,-14.666815166477212
TRAINING_LABEL_PERMUTATION,levofloxacin,MUTATION_ONLY_LOGISTIC,RANDOM_ISOLATE_LABEL_PERMUTATION,63,331,83,83,27,56,0,56,0,27,0.3253012048192771,0.0,1.0,1.0,0.0,0.5,0.0,nan,0.6746987951807228,0.5,0.3253012048192771,0.3253012048192771,0.4629629629629629,0.6086439154363024,0.22472604074922753,-3.3573803357295757,-3.489817946853133
TRAINING_LABEL_PERMUTATION,levofloxacin,MUTATION_ONLY_LOGISTIC,HPGP_TO_EXTERNAL_LABEL_PERMUTATION,CHINA_NINGXIA_2022__063,414,57,57,28,29,0,29,0,28,0.49122807017543857,0.0,1.0,1.0,0.0,0.5,0.0,nan,0.5087719298245614,0.5,0.49122807017543857,0.49122807017543857,0.4772167487684728,0.543665129835519,0.27589054084040965,0.4759332860689969,0.7079617970891836
TRAINING_LABEL_PERMUTATION,levofloxacin,MUTATION_ONLY_LOGISTIC,HPGP_TO_EXTERNAL_LABEL_PERMUTATION,ZENODO_10369064__063,414,39,39,16,23,0,23,0,16,0.41025641025641024,0.0,1.0,1.0,0.0,0.5,0.0,nan,0.5897435897435898,0.5,0.41025641025641024,0.41025641025641024,0.672554347826087,0.7153001278001279,0.24954844463127474,-1.430333745559981,-1.4622581271053698
TRAINING_LABEL_PERMUTATION,levofloxacin,MUTATION_ONLY_LOGISTIC,RANDOM_ISOLATE_LABEL_PERMUTATION,64,331,83,83,27,56,0,56,0,27,0.3253012048192771,0.0,1.0,1.0,0.0,0.5,0.0,nan,0.6746987951807228,0.5,0.3253012048192771,0.3253012048192771,0.1296296296296296,0.325453728738033,0.25020975905397536,-5.945724809794958,-6.818098338361569
TRAINING_LABEL_PERMUTATION,levofloxacin,MUTATION_ONLY_LOGISTIC,HPGP_TO_EXTERNAL_LABEL_PERMUTATION,CHINA_NINGXIA_2022__064,414,57,57,28,29,0,29,0,28,0.49122807017543857,0.0,1.0,1.0,0.0,0.5,0.0,nan,0.5087719298245614,0.5,0.49122807017543857,0.49122807017543857,0.6016009852216748,0.6097605335527267,0.2758572013971612,1.138807946950375,1.508125852206423
TRAINING_LABEL_PERMUTATION,levofloxacin,MUTATION_ONLY_LOGISTIC,HPGP_TO_EXTERNAL_LABEL_PERMUTATION,ZENODO_10369064__064,414,39,39,16,23,0,23,0,16,0.41025641025641024,0.0,1.0,1.0,0.0,0.5,0.0,nan,0.5897435897435898,0.5,0.41025641025641024,0.41025641025641024,0.3899456521739131,0.5734416445623343,0.26026909903473705,-1.9931729273698695,-2.040683601942705
TRAINING_LABEL_PERMUTATION,levofloxacin,MUTATION_ONLY_LOGISTIC,RANDOM_ISOLATE_LABEL_PERMUTATION,65,331,83,83,27,56,0,56,0,27,0.3253012048192771,0.0,1.0,1.0,0.0,0.5,0.0,nan,0.6746987951807228,0.5,0.3253012048192771,0.3253012048192771,0.537037037037037,0.6624878229663569,0.20944506470125315,1.8911738639032387,3.5551823305102355
TRAINING_LABEL_PERMUTATION,levofloxacin,MUTATION_ONLY_LOGISTIC,HPGP_TO_EXTERNAL_LABEL_PERMUTATION,CHINA_NINGXIA_2022__065,414,57,57,28,29,0,29,0,28,0.49122807017543857,0.0,1.0,1.0,0.0,0.5,0.0,nan,0.5087719298245614,0.5,0.49122807017543857,0.49122807017543857,0.3762315270935961,0.45090127869954794,0.28982450040468966,-2.4541061106544584,-3.406132420999791
TRAINING_LABEL_PERMUTATION,levofloxacin,MUTATION_ONLY_LOGISTIC,HPGP_TO_EXTERNAL_LABEL_PERMUTATION,ZENODO_10369064__065,414,39,39,16,23,0,23,0,16,0.41025641025641024,0.0,1.0,1.0,0.0,0.5,0.0,nan,0.5897435897435898,0.5,0.41025641025641024,0.41025641025641024,0.6100543478260869,0.6666990964785082,0.2640200667514247,-3.589629566635945,-4.589994619518471
TRAINING_LABEL_PERMUTATION,levofloxacin,MUTATION_ONLY_LOGISTIC,RANDOM_ISOLATE_LABEL_PERMUTATION,66,331,83,83,27,56,1,56,0,26,0.3253012048192771,0.037037037037037035,1.0,0.9629629629629629,0.0,0.5185185185185185,0.1590395745378993,1.0,0.6829268292682927,0.5185185185185185,0.3502900490852298,0.3132530120481928,0.7037037037037037,0.7704971934521712,0.21408655989670317,0.4445748532308967,1.490307483645306
TRAINING_LABEL_PERMUTATION,levofloxacin,MUTATION_ONLY_LOGISTIC,HPGP_TO_EXTERNAL_LABEL_PERMUTATION,CHINA_NINGXIA_2022__066,414,57,57,28,29,0,29,0,28,0.49122807017543857,0.0,1.0,1.0,0.0,0.5,0.0,nan,0.5087719298245614,0.5,0.49122807017543857,0.49122807017543857,0.5905172413793103,0.5863054551964326,0.27967700694109926,-0.022118829581889054,0.017297398813238152
TRAINING_LABEL_PERMUTATION,levofloxacin,MUTATION_ONLY_LOGISTIC,HPGP_TO_EXTERNAL_LABEL_PERMUTATION,ZENODO_10369064__066,414,39,39,16,23,0,23,0,16,0.41025641025641024,0.0,1.0,1.0,0.0,0.5,0.0,nan,0.5897435897435898,0.5,0.41025641025641024,0.41025641025641024,0.3899456521739131,0.5734416445623343,0.25589657547607153,-6.71291952003311,-8.339105567475634
TRAINING_LABEL_PERMUTATION,levofloxacin,MUTATION_ONLY_LOGISTIC,RANDOM_ISOLATE_LABEL_PERMUTATION,67,331,83,83,27,56,1,56,0,26,0.3253012048192771,0.037037037037037035,1.0,0.9629629629629629,0.0,0.5185185185185185,0.1590395745378993,1.0,0.6829268292682927,0.5185185185185185,0.3502900490852298,0.3132530120481928,0.3703703703703703,0.546139325233423,0.21152226541864774,1.5001948524406319,3.149418655029659
TRAINING_LABEL_PERMUTATION,levofloxacin,MUTATION_ONLY_LOGISTIC,HPGP_TO_EXTERNAL_LABEL_PERMUTATION,CHINA_NINGXIA_2022__067,414,57,57,28,29,0,29,0,28,0.49122807017543857,0.0,1.0,1.0,0.0,0.5,0.0,nan,0.5087719298245614,0.5,0.49122807017543857,0.49122807017543857,0.4784482758620689,0.5439380711798889,0.2774903000619123,-0.1382726294785966,-0.14250312975222487
TRAINING_LABEL_PERMUTATION,levofloxacin,MUTATION_ONLY_LOGISTIC,HPGP_TO_EXTERNAL_LABEL_PERMUTATION,ZENODO_10369064__067,414,39,39,16,23,0,23,0,16,0.41025641025641024,0.0,1.0,1.0,0.0,0.5,0.0,nan,0.5897435897435898,0.5,0.41025641025641024,0.41025641025641024,0.672554347826087,0.7153001278001279,0.2525193630327738,-4.813089658685694,-6.100595304454265
TRAINING_LABEL_PERMUTATION,levofloxacin,MUTATION_ONLY_LOGISTIC,RANDOM_ISOLATE_LABEL_PERMUTATION,68,331,83,83,27,56,0,56,0,27,0.3253012048192771,0.0,1.0,1.0,0.0,0.5,0.0,nan,0.6746987951807228,0.5,0.3253012048192771,0.3253012048192771,0.4074074074074074,0.5420687947028604,0.21181118868165572,0.3898860746811606,1.5195722660174287
TRAINING_LABEL_PERMUTATION,levofloxacin,MUTATION_ONLY_LOGISTIC,HPGP_TO_EXTERNAL_LABEL_PERMUTATION,CHINA_NINGXIA_2022__068,414,57,57,28,29,0,29,0,28,0.49122807017543857,0.0,1.0,1.0,0.0,0.5,0.0,nan,0.5087719298245614,0.5,0.49122807017543857,0.49122807017543857,0.4328817733990148,0.469550868746468,0.2853107658010145,-1.4832684950660329,-1.8842386363562331
TRAINING_LABEL_PERMUTATION,levofloxacin,MUTATION_ONLY_LOGISTIC,HPGP_TO_EXTERNAL_LABEL_PERMUTATION,ZENODO_10369064__068,414,39,39,16,23,0,23,0,16,0.41025641025641024,0.0,1.0,1.0,0.0,0.5,0.0,nan,0.5897435897435898,0.5,0.41025641025641024,0.41025641025641024,0.2051630434782608,0.41992473242473244,0.2708880329640281,-8.49326662262519,-10.545947388704034
TRAINING_LABEL_PERMUTATION,levofloxacin,MUTATION_ONLY_LOGISTIC,RANDOM_ISOLATE_LABEL_PERMUTATION,69,331,83,83,27,56,0,56,0,27,0.3253012048192771,0.0,1.0,1.0,0.0,0.5,0.0,nan,0.6746987951807228,0.5,0.3253012048192771,0.3253012048192771,0.5185185185185185,0.6618176409341068,0.22732433112590164,-2.998019953113456,-2.9505947047889163
TRAINING_LABEL_PERMUTATION,levofloxacin,MUTATION_ONLY_LOGISTIC,HPGP_TO_EXTERNAL_LABEL_PERMUTATION,CHINA_NINGXIA_2022__069,414,57,57,28,29,0,29,0,28,0.49122807017543857,0.0,1.0,1.0,0.0,0.5,0.0,nan,0.5087719298245614,0.5,0.49122807017543857,0.49122807017543857,0.4488916256157635,0.5006217824002261,0.2775119749388966,0.5526533944868149,0.7746934743084428
TRAINING_LABEL_PERMUTATION,levofloxacin,MUTATION_ONLY_LOGISTIC,HPGP_TO_EXTERNAL_LABEL_PERMUTATION,ZENODO_10369064__069,414,39,39,16,23,0,23,0,16,0.41025641025641024,0.0,1.0,1.0,0.0,0.5,0.0,nan,0.5897435897435898,0.5,0.41025641025641024,0.41025641025641024,0.860054347826087,0.8473045594756121,0.23050712878315976,20.62757680333542,27.263251197134267
TRAINING_LABEL_PERMUTATION,levofloxacin,MUTATION_ONLY_LOGISTIC,RANDOM_ISOLATE_LABEL_PERMUTATION,70,331,83,83,27,56,0,56,0,27,0.3253012048192771,0.0,1.0,1.0,0.0,0.5,0.0,nan,0.6746987951807228,0.5,0.3253012048192771,0.3253012048192771,0.5,0.6286207279482525,0.2266034939818637,-4.3742175053895656,-4.825669849158058
TRAINING_LABEL_PERMUTATION,levofloxacin,MUTATION_ONLY_LOGISTIC,HPGP_TO_EXTERNAL_LABEL_PERMUTATION,CHINA_NINGXIA_2022__070,414,57,57,28,29,0,29,0,28,0.49122807017543857,0.0,1.0,1.0,0.0,0.5,0.0,nan,0.5087719298245614,0.5,0.49122807017543857,0.49122807017543857,0.4772167487684728,0.543665129835519,0.27727397723858777,-0.16357858717909718,-0.18235555479091356
TRAINING_LABEL_PERMUTATION,levofloxacin,MUTATION_ONLY_LOGISTIC,HPGP_TO_EXTERNAL_LABEL_PERMUTATION,ZENODO_10369064__070,414,39,39,16,23,0,23,0,16,0.41025641025641024,0.0,1.0,1.0,0.0,0.5,0.0,nan,0.5897435897435898,0.5,0.41025641025641024,0.41025641025641024,0.672554347826087,0.7153001278001279,0.2355832234883082,1.2693216807323333,2.371824268936318
TRAINING_LABEL_PERMUTATION,levofloxacin,MUTATION_ONLY_LOGISTIC,RANDOM_ISOLATE_LABEL_PERMUTATION,71,331,83,83,27,56,0,56,0,27,0.3253012048192771,0.0,1.0,1.0,0.0,0.5,0.0,nan,0.6746987951807228,0.5,0.3253012048192771,0.3253012048192771,0.2777777777777778,0.4538090260359826,0.23879879607269966,-4.80030356655034,-4.747693543176412
TRAINING_LABEL_PERMUTATION,levofloxacin,MUTATION_ONLY_LOGISTIC,HPGP_TO_EXTERNAL_LABEL_PERMUTATION,CHINA_NINGXIA_2022__071,414,57,57,28,29,0,29,0,28,0.49122807017543857,0.0,1.0,1.0,0.0,0.5,0.0,nan,0.5087719298245614,0.5,0.49122807017543857,0.49122807017543857,0.5141625615763546,0.5730101222369628,0.27602365063863377,0.20263185043378293,0.3253581917385062
TRAINING_LABEL_PERMUTATION,levofloxacin,MUTATION_ONLY_LOGISTIC,HPGP_TO_EXTERNAL_LABEL_PERMUTATION,ZENODO_10369064__071,414,39,39,16,23,0,23,0,16,0.41025641025641024,0.0,1.0,1.0,0.0,0.5,0.0,nan,0.5897435897435898,0.5,0.41025641025641024,0.41025641025641024,0.672554347826087,0.7153001278001279,0.2524360017366946,-0.8490920170586563,-0.6427691719371437
TRAINING_LABEL_PERMUTATION,levofloxacin,MUTATION_ONLY_LOGISTIC,RANDOM_ISOLATE_LABEL_PERMUTATION,72,331,83,83,27,56,0,56,0,27,0.3253012048192771,0.0,1.0,1.0,0.0,0.5,0.0,nan,0.6746987951807228,0.5,0.3253012048192771,0.3253012048192771,0.1481481481481481,0.36274578879674185,0.24283307126056586,-8.661349630409624,-9.805308471724388
TRAINING_LABEL_PERMUTATION,levofloxacin,MUTATION_ONLY_LOGISTIC,HPGP_TO_EXTERNAL_LABEL_PERMUTATION,CHINA_NINGXIA_2022__072,414,57,57,28,29,0,29,0,28,0.49122807017543857,0.0,1.0,1.0,0.0,0.5,0.0,nan,0.5087719298245614,0.5,0.49122807017543857,0.49122807017543857,0.4846059113300492,0.48924388847072914,0.28672369423902666,-0.7980250342079304,-1.0298656617586697
TRAINING_LABEL_PERMUTATION,levofloxacin,MUTATION_ONLY_LOGISTIC,HPGP_TO_EXTERNAL_LABEL_PERMUTATION,ZENODO_10369064__072,414,39,39,16,23,0,23,0,16,0.41025641025641024,0.0,1.0,1.0,0.0,0.5,0.0,nan,0.5897435897435898,0.5,0.41025641025641024,0.41025641025641024,0.7894021739130435,0.7771049896049895,0.22011144660894397,2.754506612950851,4.663550657566149
TRAINING_LABEL_PERMUTATION,levofloxacin,MUTATION_ONLY_LOGISTIC,RANDOM_ISOLATE_LABEL_PERMUTATION,73,331,83,83,27,56,0,56,0,27,0.3253012048192771,0.0,1.0,1.0,0.0,0.5,0.0,nan,0.6746987951807228,0.5,0.3253012048192771,0.3253012048192771,0.8333333333333333,0.8728534390727466,0.1916437644678137,4.382228533661128,7.242885694893869
TRAINING_LABEL_PERMUTATION,levofloxacin,MUTATION_ONLY_LOGISTIC,HPGP_TO_EXTERNAL_LABEL_PERMUTATION,CHINA_NINGXIA_2022__073,414,57,57,28,29,0,29,0,28,0.49122807017543857,0.0,1.0,1.0,0.0,0.5,0.0,nan,0.5087719298245614,0.5,0.49122807017543857,0.49122807017543857,0.33435960591133,0.4141853515134378,0.29146937593951944,-6.846375669627062,-9.732004836099064
TRAINING_LABEL_PERMUTATION,levofloxacin,MUTATION_ONLY_LOGISTIC,HPGP_TO_EXTERNAL_LABEL_PERMUTATION,ZENODO_10369064__073,414,39,39,16,23,0,23,0,16,0.41025641025641024,0.0,1.0,1.0,0.0,0.5,0.0,nan,0.5897435897435898,0.5,0.41025641025641024,0.41025641025641024,0.6100543478260869,0.666760765290177,0.25259912478541785,-3.1042847342497124,-3.954609865703833
TRAINING_LABEL_PERMUTATION,levofloxacin,MUTATION_ONLY_LOGISTIC,RANDOM_ISOLATE_LABEL_PERMUTATION,74,331,83,83,27,56,0,56,0,27,0.3253012048192771,0.0,1.0,1.0,0.0,0.5,0.0,nan,0.6746987951807228,0.5,0.3253012048192771,0.3253012048192771,0.925925925925926,0.9500223114680946,0.18493634107760687,17.933387080560884,24.29562280463423
TRAINING_LABEL_PERMUTATION,levofloxacin,MUTATION_ONLY_LOGISTIC,HPGP_TO_EXTERNAL_LABEL_PERMUTATION,CHINA_NINGXIA_2022__074,414,57,57,28,29,0,29,0,28,0.49122807017543857,0.0,1.0,1.0,0.0,0.5,0.0,nan,0.5087719298245614,0.5,0.49122807017543857,0.49122807017543857,0.479679802955665,0.5442139883988122,0.2857179117646405,-0.9854503721155764,-1.2623125927611845
TRAINING_LABEL_PERMUTATION,levofloxacin,MUTATION_ONLY_LOGISTIC,HPGP_TO_EXTERNAL_LABEL_PERMUTATION,ZENODO_10369064__074,414,39,39,16,23,0,23,0,16,0.41025641025641024,0.0,1.0,1.0,0.0,0.5,0.0,nan,0.5897435897435898,0.5,0.41025641025641024,0.41025641025641024,0.7975543478260869,0.8053101178101179,0.24897820476697702,-0.5171103769077341,-0.2127975170633513
TRAINING_LABEL_PERMUTATION,levofloxacin,MUTATION_ONLY_LOGISTIC,RANDOM_ISOLATE_LABEL_PERMUTATION,75,331,83,83,27,56,0,56,0,27,0.3253012048192771,0.0,1.0,1.0,0.0,0.5,0.0,nan,0.6746987951807228,0.5,0.3253012048192771,0.3253012048192771,0.4814814814814814,0.6282540439479537,0.2164195319477172,-0.6011903594879889,0.16246091772978913
TRAINING_LABEL_PERMUTATION,levofloxacin,MUTATION_ONLY_LOGISTIC,HPGP_TO_EXTERNAL_LABEL_PERMUTATION,CHINA_NINGXIA_2022__075,414,57,57,28,29,0,29,0,28,0.49122807017543857,0.0,1.0,1.0,0.0,0.5,0.0,nan,0.5087719298245614,0.5,0.49122807017543857,0.49122807017543857,0.5227832512315271,0.5510604192246524,0.28187542002019383,-0.0014018960498603978,0.04293620463765983
TRAINING_LABEL_PERMUTATION,levofloxacin,MUTATION_ONLY_LOGISTIC,HPGP_TO_EXTERNAL_LABEL_PERMUTATION,ZENODO_10369064__075,414,39,39,16,23,0,23,0,16,0.41025641025641024,0.0,1.0,1.0,0.0,0.5,0.0,nan,0.5897435897435898,0.5,0.41025641025641024,0.41025641025641024,0.264945652173913,0.4747680372680373,0.2619251441408763,-2.5094399360678734,-2.7275067504769175
TRAINING_LABEL_PERMUTATION,levofloxacin,MUTATION_ONLY_LOGISTIC,RANDOM_ISOLATE_LABEL_PERMUTATION,76,331,83,83,27,56,0,56,0,27,0.3253012048192771,0.0,1.0,1.0,0.0,0.5,0.0,nan,0.6746987951807228,0.5,0.3253012048192771,0.3253012048192771,0.6481481481481481,0.7377860836834118,0.2312436558641309,-3.338096824260595,-3.4978370142619064
TRAINING_LABEL_PERMUTATION,levofloxacin,MUTATION_ONLY_LOGISTIC,HPGP_TO_EXTERNAL_LABEL_PERMUTATION,CHINA_NINGXIA_2022__076,414,57,57,28,29,0,29,0,28,0.49122807017543857,0.0,1.0,1.0,0.0,0.5,0.0,nan,0.5087719298245614,0.5,0.49122807017543857,0.49122807017543857,0.4735221674876847,0.4924910354891558,0.27963042620485673,-4.274947183672561,-5.727780461630984
TRAINING_LABEL_PERMUTATION,levofloxacin,MUTATION_ONLY_LOGISTIC,HPGP_TO_EXTERNAL_LABEL_PERMUTATION,ZENODO_10369064__076,414,39,39,16,23,0,23,0,16,0.41025641025641024,0.0,1.0,1.0,0.0,0.5,0.0,nan,0.5897435897435898,0.5,0.41025641025641024,0.41025641025641024,0.2051630434782608,0.41992473242473244,0.25501472184505736,-35.31214332615327,-47.01957163713011
TRAINING_LABEL_PERMUTATION,levofloxacin,MUTATION_ONLY_LOGISTIC,RANDOM_ISOLATE_LABEL_PERMUTATION,77,331,83,83,27,56,0,56,0,27,0.3253012048192771,0.0,1.0,1.0,0.0,0.5,0.0,nan,0.6746987951807228,0.5,0.3253012048192771,0.3253012048192771,0.6296296296296295,0.7147252860476123,0.19293252847036882,8.487059871169409,11.985532621232997
TRAINING_LABEL_PERMUTATION,levofloxacin,MUTATION_ONLY_LOGISTIC,HPGP_TO_EXTERNAL_LABEL_PERMUTATION,CHINA_NINGXIA_2022__077,414,57,57,28,29,0,29,0,28,0.49122807017543857,0.0,1.0,1.0,0.0,0.5,0.0,nan,0.5087719298245614,0.5,0.49122807017543857,0.49122807017543857,0.4772167487684728,0.543665129835519,0.2774744972665648,-0.2913172224895582,-0.3568822227847732
TRAINING_LABEL_PERMUTATION,levofloxacin,MUTATION_ONLY_LOGISTIC,HPGP_TO_EXTERNAL_LABEL_PERMUTATION,ZENODO_10369064__077,414,39,39,16,23,0,23,0,16,0.41025641025641024,0.0,1.0,1.0,0.0,0.5,0.0,nan,0.5897435897435898,0.5,0.41025641025641024,0.41025641025641024,0.672554347826087,0.7153001278001279,0.25286592102279437,-4.722012521620694,-6.001254375127068
TRAINING_LABEL_PERMUTATION,levofloxacin,MUTATION_ONLY_LOGISTIC,RANDOM_ISOLATE_LABEL_PERMUTATION,78,331,83,83,27,56,1,56,0,26,0.3253012048192771,0.037037037037037035,1.0,0.9629629629629629,0.0,0.5185185185185185,0.1590395745378993,1.0,0.6829268292682927,0.5185185185185185,0.3502900490852298,0.3132530120481928,0.5555555555555556,0.6886258484229315,0.21730976131887286,-0.41562396861266726,0.40219199206375517
TRAINING_LABEL_PERMUTATION,levofloxacin,MUTATION_ONLY_LOGISTIC,HPGP_TO_EXTERNAL_LABEL_PERMUTATION,CHINA_NINGXIA_2022__078,414,57,57,28,29,0,29,0,28,0.49122807017543857,0.0,1.0,1.0,0.0,0.5,0.0,nan,0.5087719298245614,0.5,0.49122807017543857,0.49122807017543857,0.4710591133004925,0.5233336755754933,0.2805882319598014,-0.8613530315405986,-1.130094670669377
TRAINING_LABEL_PERMUTATION,levofloxacin,MUTATION_ONLY_LOGISTIC,HPGP_TO_EXTERNAL_LABEL_PERMUTATION,ZENODO_10369064__078,414,39,39,16,23,0,23,0,16,0.41025641025641024,0.0,1.0,1.0,0.0,0.5,0.0,nan,0.5897435897435898,0.5,0.41025641025641024,0.41025641025641024,0.672554347826087,0.7153001278001279,0.24449921700020477,2.2973552336820897,3.7451964707256598
TRAINING_LABEL_PERMUTATION,levofloxacin,MUTATION_ONLY_LOGISTIC,RANDOM_ISOLATE_LABEL_PERMUTATION,79,331,83,83,27,56,0,56,0,27,0.3253012048192771,0.0,1.0,1.0,0.0,0.5,0.0,nan,0.6746987951807228,0.5,0.3253012048192771,0.3253012048192771,0.5925925925925926,0.6828337662127038,0.22900013128745034,-1.6956274760132835,-1.2596892016845955
TRAINING_LABEL_PERMUTATION,levofloxacin,MUTATION_ONLY_LOGISTIC,HPGP_TO_EXTERNAL_LABEL_PERMUTATION,CHINA_NINGXIA_2022__079,414,57,57,28,29,0,29,0,28,0.49122807017543857,0.0,1.0,1.0,0.0,0.5,0.0,nan,0.5087719298245614,0.5,0.49122807017543857,0.49122807017543857,0.478448275862069,0.4598901768309663,0.2838869337358686,-1.6679521903039183,-2.2228430007188793
TRAINING_LABEL_PERMUTATION,levofloxacin,MUTATION_ONLY_LOGISTIC,HPGP_TO_EXTERNAL_LABEL_PERMUTATION,ZENODO_10369064__079,414,39,39,16,23,0,23,0,16,0.41025641025641024,0.0,1.0,1.0,0.0,0.5,0.0,nan,0.5897435897435898,0.5,0.41025641025641024,0.41025641025641024,0.8491847826086957,0.8118878928089455,0.2321002376715299,6.919773783793536,10.68851955679426
TRAINING_LABEL_PERMUTATION,levofloxacin,MUTATION_ONLY_LOGISTIC,RANDOM_ISOLATE_LABEL_PERMUTATION,80,331,83,83,27,56,0,56,0,27,0.3253012048192771,0.0,1.0,1.0,0.0,0.5,0.0,nan,0.6746987951807228,0.5,0.3253012048192771,0.3253012048192771,0.3333333333333333,0.5205253477180725,0.21758929030335242,-0.3676479876715628,0.47270857458684445
TRAINING_LABEL_PERMUTATION,levofloxacin,MUTATION_ONLY_LOGISTIC,HPGP_TO_EXTERNAL_LABEL_PERMUTATION,CHINA_NINGXIA_2022__080,414,57,57,28,29,0,29,0,28,0.49122807017543857,0.0,1.0,1.0,0.0,0.5,0.0,nan,0.5087719298245614,0.5,0.49122807017543857,0.49122807017543857,0.4193349753694581,0.4446662138205677,0.28503154422187904,-1.8540365348841765,-2.4287047045228256
TRAINING_LABEL_PERMUTATION,levofloxacin,MUTATION_ONLY_LOGISTIC,HPGP_TO_EXTERNAL_LABEL_PERMUTATION,ZENODO_10369064__080,414,39,39,16,23,0,23,0,16,0.41025641025641024,0.0,1.0,1.0,0.0,0.5,0.0,nan,0.5897435897435898,0.5,0.41025641025641024,0.41025641025641024,0.0910326086956521,0.30228858784893264,0.261337201294959,-14.77263438754212,-19.53025972532855
TRAINING_LABEL_PERMUTATION,levofloxacin,MUTATION_ONLY_LOGISTIC,RANDOM_ISOLATE_LABEL_PERMUTATION,81,331,83,83,27,56,0,56,0,27,0.3253012048192771,0.0,1.0,1.0,0.0,0.5,0.0,nan,0.6746987951807228,0.5,0.3253012048192771,0.3253012048192771,0.3333333333333333,0.536144578313253,0.2161846841252601,0.8089791951334244,2.074054472540382
TRAINING_LABEL_PERMUTATION,levofloxacin,MUTATION_ONLY_LOGISTIC,HPGP_TO_EXTERNAL_LABEL_PERMUTATION,CHINA_NINGXIA_2022__081,414,57,57,28,29,0,29,0,28,0.49122807017543857,0.0,1.0,1.0,0.0,0.5,0.0,nan,0.5087719298245614,0.5,0.49122807017543857,0.49122807017543857,0.3762315270935961,0.4509474510146278,0.2872137391639178,-1.2726576914632446,-1.675930914579329
TRAINING_LABEL_PERMUTATION,levofloxacin,MUTATION_ONLY_LOGISTIC,HPGP_TO_EXTERNAL_LABEL_PERMUTATION,ZENODO_10369064__081,414,39,39,16,23,0,23,0,16,0.41025641025641024,0.0,1.0,1.0,0.0,0.5,0.0,nan,0.5897435897435898,0.5,0.41025641025641024,0.41025641025641024,0.6100543478260869,0.6666990964785082,0.2406519937910481,0.897930789369008,1.810816964632488
TRAINING_LABEL_PERMUTATION,levofloxacin,MUTATION_ONLY_LOGISTIC,RANDOM_ISOLATE_LABEL_PERMUTATION,82,331,83,83,27,56,0,56,0,27,0.3253012048192771,0.0,1.0,1.0,0.0,0.5,0.0,nan,0.6746987951807228,0.5,0.3253012048192771,0.3253012048192771,0.0185185185185185,0.22719948346665744,0.24709756093407645,-165.63471519761765,-248.9756779136796
TRAINING_LABEL_PERMUTATION,levofloxacin,MUTATION_ONLY_LOGISTIC,HPGP_TO_EXTERNAL_LABEL_PERMUTATION,CHINA_NINGXIA_2022__082,414,57,57,28,29,0,29,0,28,0.49122807017543857,0.0,1.0,1.0,0.0,0.5,0.0,nan,0.5087719298245614,0.5,0.49122807017543857,0.49122807017543857,0.521551724137931,0.5323438983225667,0.27610944923359865,0.8008053002113465,1.1024445167439554
TRAINING_LABEL_PERMUTATION,levofloxacin,MUTATION_ONLY_LOGISTIC,HPGP_TO_EXTERNAL_LABEL_PERMUTATION,ZENODO_10369064__082,414,39,39,16,23,0,23,0,16,0.41025641025641024,0.0,1.0,1.0,0.0,0.5,0.0,nan,0.5897435897435898,0.5,0.41025641025641024,0.41025641025641024,0.1508152173913043,0.36158979271048236,0.2861700928000603,-6.690162385387589,-7.729875651735174
TRAINING_LABEL_PERMUTATION,levofloxacin,MUTATION_ONLY_LOGISTIC,RANDOM_ISOLATE_LABEL_PERMUTATION,83,331,83,83,27,56,0,56,0,27,0.3253012048192771,0.0,1.0,1.0,0.0,0.5,0.0,nan,0.6746987951807228,0.5,0.3253012048192771,0.3253012048192771,0.4444444444444444,0.5723852397256979,0.21939801863933103,-0.7422188447499415,-0.017419919348036612
TRAINING_LABEL_PERMUTATION,levofloxacin,MUTATION_ONLY_LOGISTIC,HPGP_TO_EXTERNAL_LABEL_PERMUTATION,CHINA_NINGXIA_2022__083,414,57,57,28,29,0,29,0,28,0.49122807017543857,0.0,1.0,1.0,0.0,0.5,0.0,nan,0.5087719298245614,0.5,0.49122807017543857,0.49122807017543857,0.5695812807881773,0.5568552047545408,0.27619427590680984,1.2186671355192942,1.6766192731495158
TRAINING_LABEL_PERMUTATION,levofloxacin,MUTATION_ONLY_LOGISTIC,HPGP_TO_EXTERNAL_LABEL_PERMUTATION,ZENODO_10369064__083,414,39,39,16,23,0,23,0,16,0.41025641025641024,0.0,1.0,1.0,0.0,0.5,0.0,nan,0.5897435897435898,0.5,0.41025641025641024,0.41025641025641024,0.2703804347826087,0.47158979271048235,0.26461648987994013,-7.038370175743508,-8.537553373317296
TRAINING_LABEL_PERMUTATION,levofloxacin,MUTATION_ONLY_LOGISTIC,RANDOM_ISOLATE_LABEL_PERMUTATION,84,331,83,83,27,56,0,56,0,27,0.3253012048192771,0.0,1.0,1.0,0.0,0.5,0.0,nan,0.6746987951807228,0.5,0.3253012048192771,0.3253012048192771,0.9814814814814814,0.9750111557340474,0.2057906967672277,98.03154475359304,128.26908029438036
TRAINING_LABEL_PERMUTATION,levofloxacin,MUTATION_ONLY_LOGISTIC,HPGP_TO_EXTERNAL_LABEL_PERMUTATION,CHINA_NINGXIA_2022__084,414,57,57,28,29,0,29,0,28,0.49122807017543857,0.0,1.0,1.0,0.0,0.5,0.0,nan,0.5087719298245614,0.5,0.49122807017543857,0.49122807017543857,0.437807881773399,0.49258624692090425,0.2818554122861309,-0.5941699742335803,-0.7606440980520224
TRAINING_LABEL_PERMUTATION,levofloxacin,MUTATION_ONLY_LOGISTIC,HPGP_TO_EXTERNAL_LABEL_PERMUTATION,ZENODO_10369064__084,414,39,39,16,23,0,23,0,16,0.41025641025641024,0.0,1.0,1.0,0.0,0.5,0.0,nan,0.5897435897435898,0.5,0.41025641025641024,0.41025641025641024,0.7296195652173914,0.7409029221529222,0.24363144035915232,0.7949456678308223,1.6278988091654951
TRAINING_LABEL_PERMUTATION,levofloxacin,MUTATION_ONLY_LOGISTIC,RANDOM_ISOLATE_LABEL_PERMUTATION,85,331,83,83,27,56,0,56,0,27,0.3253012048192771,0.0,1.0,1.0,0.0,0.5,0.0,nan,0.6746987951807228,0.5,0.3253012048192771,0.3253012048192771,0.537037037037037,0.6640752992031151,0.21115374336246287,1.1289460082066005,2.3668248130315206
TRAINING_LABEL_PERMUTATION,levofloxacin,MUTATION_ONLY_LOGISTIC,HPGP_TO_EXTERNAL_LABEL_PERMUTATION,CHINA_NINGXIA_2022__085,414,57,57,28,29,0,29,0,28,0.49122807017543857,0.0,1.0,1.0,0.0,0.5,0.0,nan,0.5087719298245614,0.5,0.49122807017543857,0.49122807017543857,0.4870689655172414,0.5199739418686646,0.2832612675174293,-1.3703296178904298,-1.7828331604944683
TRAINING_LABEL_PERMUTATION,levofloxacin,MUTATION_ONLY_LOGISTIC,HPGP_TO_EXTERNAL_LABEL_PERMUTATION,ZENODO_10369064__085,414,39,39,16,23,0,23,0,16,0.41025641025641024,0.0,1.0,1.0,0.0,0.5,0.0,nan,0.5897435897435898,0.5,0.41025641025641024,0.41025641025641024,0.202445652173913,0.42233890013495273,0.2655723464415809,-10.559111107843774,-13.345672736143886
TRAINING_LABEL_PERMUTATION,levofloxacin,MUTATION_ONLY_LOGISTIC,RANDOM_ISOLATE_LABEL_PERMUTATION,86,331,83,83,27,56,0,56,0,27,0.3253012048192771,0.0,1.0,1.0,0.0,0.5,0.0,nan,0.6746987951807228,0.5,0.3253012048192771,0.3253012048192771,0.2962962962962963,0.4884077372291097,0.23316234600989846,-6.25940418117099,-7.178387114952097
TRAINING_LABEL_PERMUTATION,levofloxacin,MUTATION_ONLY_LOGISTIC,HPGP_TO_EXTERNAL_LABEL_PERMUTATION,CHINA_NINGXIA_2022__086,414,57,57,28,29,0,29,0,28,0.49122807017543857,0.0,1.0,1.0,0.0,0.5,0.0,nan,0.5087719298245614,0.5,0.49122807017543857,0.49122807017543857,0.4907635467980296,0.505651807831959,0.2817979182796241,0.31150165108554884,0.43362494511358485
TRAINING_LABEL_PERMUTATION,levofloxacin,MUTATION_ONLY_LOGISTIC,HPGP_TO_EXTERNAL_LABEL_PERMUTATION,ZENODO_10369064__086,414,39,39,16,23,0,23,0,16,0.41025641025641024,0.0,1.0,1.0,0.0,0.5,0.0,nan,0.5897435897435898,0.5,0.41025641025641024,0.41025641025641024,0.2105978260869565,0.41687192118226596,0.28654553836534996,-4.338664620830104,-4.74499709854858
TRAINING_LABEL_PERMUTATION,levofloxacin,MUTATION_ONLY_LOGISTIC,RANDOM_ISOLATE_LABEL_PERMUTATION,87,331,83,83,27,56,0,56,0,27,0.3253012048192771,0.0,1.0,1.0,0.0,0.5,0.0,nan,0.6746987951807228,0.5,0.3253012048192771,0.3253012048192771,0.2777777777777778,0.4570594263855918,0.21964230972894508,-0.7875058654203984,-0.07988281417639423
TRAINING_LABEL_PERMUTATION,levofloxacin,MUTATION_ONLY_LOGISTIC,HPGP_TO_EXTERNAL_LABEL_PERMUTATION,CHINA_NINGXIA_2022__087,414,57,57,28,29,0,29,0,28,0.49122807017543857,0.0,1.0,1.0,0.0,0.5,0.0,nan,0.5087719298245614,0.5,0.49122807017543857,0.49122807017543857,0.585591133004926,0.6031706625053198,0.27790993344560944,0.42858184546202344,0.5851172668427566
TRAINING_LABEL_PERMUTATION,levofloxacin,MUTATION_ONLY_LOGISTIC,HPGP_TO_EXTERNAL_LABEL_PERMUTATION,ZENODO_10369064__087,414,39,39,16,23,0,23,0,16,0.41025641025641024,0.0,1.0,1.0,0.0,0.5,0.0,nan,0.5897435897435898,0.5,0.41025641025641024,0.41025641025641024,0.264945652173913,0.4747680372680373,0.28666535911860686,-4.573934965442176,-4.999813204905158
TRAINING_LABEL_PERMUTATION,levofloxacin,MUTATION_ONLY_LOGISTIC,RANDOM_ISOLATE_LABEL_PERMUTATION,88,331,83,83,27,56,0,56,0,27,0.3253012048192771,0.0,1.0,1.0,0.0,0.5,0.0,nan,0.6746987951807228,0.5,0.3253012048192771,0.3253012048192771,0.8888888888888888,0.9250334672021419,0.20489147683018963,1.9428156824081366,3.603645500273677
TRAINING_LABEL_PERMUTATION,levofloxacin,MUTATION_ONLY_LOGISTIC,HPGP_TO_EXTERNAL_LABEL_PERMUTATION,CHINA_NINGXIA_2022__088,414,57,57,28,29,0,29,0,28,0.49122807017543857,0.0,1.0,1.0,0.0,0.5,0.0,nan,0.5087719298245614,0.5,0.49122807017543857,0.49122807017543857,0.4107142857142857,0.48391277753314915,0.28218585696208737,-0.9143519242663234,-1.1616004355540368
TRAINING_LABEL_PERMUTATION,levofloxacin,MUTATION_ONLY_LOGISTIC,HPGP_TO_EXTERNAL_LABEL_PERMUTATION,ZENODO_10369064__088,414,39,39,16,23,0,23,0,16,0.41025641025641024,0.0,1.0,1.0,0.0,0.5,0.0,nan,0.5897435897435898,0.5,0.41025641025641024,0.41025641025641024,0.735054347826087,0.7606945888195888,0.24708892643679597,0.265984652235788,0.8643107121897614
TRAINING_LABEL_PERMUTATION,levofloxacin,MUTATION_ONLY_LOGISTIC,RANDOM_ISOLATE_LABEL_PERMUTATION,89,331,83,83,27,56,6,56,0,21,0.3253012048192771,0.2222222222222222,1.0,0.7777777777777778,0.0,0.6111111111111112,0.40201512610368484,1.0,0.7272727272727273,0.6111111111111112,0.4752342704149933,0.25301204819277107,0.7407407407407407,0.8250780901383311,0.19604508880745602,9.207632568130723,12.782017569153448
TRAINING_LABEL_PERMUTATION,levofloxacin,MUTATION_ONLY_LOGISTIC,HPGP_TO_EXTERNAL_LABEL_PERMUTATION,CHINA_NINGXIA_2022__089,414,57,57,28,29,0,29,0,28,0.49122807017543857,0.0,1.0,1.0,0.0,0.5,0.0,nan,0.5087719298245614,0.5,0.49122807017543857,0.49122807017543857,0.5227832512315271,0.5511611015716208,0.2791460237103972,0.44582013829737427,0.6312012136144819
TRAINING_LABEL_PERMUTATION,levofloxacin,MUTATION_ONLY_LOGISTIC,HPGP_TO_EXTERNAL_LABEL_PERMUTATION,ZENODO_10369064__089,414,39,39,16,23,0,23,0,16,0.41025641025641024,0.0,1.0,1.0,0.0,0.5,0.0,nan,0.5897435897435898,0.5,0.41025641025641024,0.41025641025641024,0.327445652173913,0.5244662136109505,0.25450501560588124,-3.687762250250162,-4.323330184664174
TRAINING_LABEL_PERMUTATION,levofloxacin,MUTATION_ONLY_LOGISTIC,RANDOM_ISOLATE_LABEL_PERMUTATION,90,331,83,83,27,56,0,56,0,27,0.3253012048192771,0.0,1.0,1.0,0.0,0.5,0.0,nan,0.6746987951807228,0.5,0.3253012048192771,0.3253012048192771,0.3333333333333333,0.5030837904554994,0.20993172831303997,2.388275942485444,3.9669552884732693
TRAINING_LABEL_PERMUTATION,levofloxacin,MUTATION_ONLY_LOGISTIC,HPGP_TO_EXTERNAL_LABEL_PERMUTATION,CHINA_NINGXIA_2022__090,414,57,57,28,29,0,29,0,28,0.49122807017543857,0.0,1.0,1.0,0.0,0.5,0.0,nan,0.5087719298245614,0.5,0.49122807017543857,0.49122807017543857,0.4144088669950738,0.47755583063798457,0.2806148313789441,-0.8994072010286396,-1.182773985948762
TRAINING_LABEL_PERMUTATION,levofloxacin,MUTATION_ONLY_LOGISTIC,HPGP_TO_EXTERNAL_LABEL_PERMUTATION,ZENODO_10369064__090,414,39,39,16,23,0,23,0,16,0.41025641025641024,0.0,1.0,1.0,0.0,0.5,0.0,nan,0.5897435897435898,0.5,0.41025641025641024,0.41025641025641024,0.735054347826087,0.7606945888195888,0.2455181086943665,1.2308185732463113,2.2010956160824215
TRAINING_LABEL_PERMUTATION,levofloxacin,MUTATION_ONLY_LOGISTIC,RANDOM_ISOLATE_LABEL_PERMUTATION,91,331,83,83,27,56,0,56,0,27,0.3253012048192771,0.0,1.0,1.0,0.0,0.5,0.0,nan,0.6746987951807228,0.5,0.3253012048192771,0.3253012048192771,0.3148148148148147,0.4788148991187776,0.2390738196559886,-12.270580913529548,-15.956276588163819
TRAINING_LABEL_PERMUTATION,levofloxacin,MUTATION_ONLY_LOGISTIC,HPGP_TO_EXTERNAL_LABEL_PERMUTATION,CHINA_NINGXIA_2022__091,414,57,57,28,29,0,29,0,28,0.49122807017543857,0.0,1.0,1.0,0.0,0.5,0.0,nan,0.5087719298245614,0.5,0.49122807017543857,0.49122807017543857,0.4846059113300492,0.48924388847072914,0.2804066676585523,-0.6192233265324125,-0.8035431201366816
TRAINING_LABEL_PERMUTATION,levofloxacin,MUTATION_ONLY_LOGISTIC,HPGP_TO_EXTERNAL_LABEL_PERMUTATION,ZENODO_10369064__091,414,39,39,16,23,0,23,0,16,0.41025641025641024,0.0,1.0,1.0,0.0,0.5,0.0,nan,0.5897435897435898,0.5,0.41025641025641024,0.41025641025641024,0.7894021739130435,0.7771049896049895,0.22904893540227958,4.9233607895569005,7.720177943691828
TRAINING_LABEL_PERMUTATION,levofloxacin,MUTATION_ONLY_LOGISTIC,RANDOM_ISOLATE_LABEL_PERMUTATION,92,331,83,83,27,56,0,56,0,27,0.3253012048192771,0.0,1.0,1.0,0.0,0.5,0.0,nan,0.6746987951807228,0.5,0.3253012048192771,0.3253012048192771,0.3703703703703703,0.5175513961230275,0.21375637886433932,3.0379154657374294,4.952772684113843
TRAINING_LABEL_PERMUTATION,levofloxacin,MUTATION_ONLY_LOGISTIC,HPGP_TO_EXTERNAL_LABEL_PERMUTATION,CHINA_NINGXIA_2022__092,414,57,57,28,29,0,29,0,28,0.49122807017543857,0.0,1.0,1.0,0.0,0.5,0.0,nan,0.5087719298245614,0.5,0.49122807017543857,0.49122807017543857,0.33435960591133,0.4141853515134378,0.28866069387028087,-2.55987481298452,-3.502594388342318
TRAINING_LABEL_PERMUTATION,levofloxacin,MUTATION_ONLY_LOGISTIC,HPGP_TO_EXTERNAL_LABEL_PERMUTATION,ZENODO_10369064__092,414,39,39,16,23,0,23,0,16,0.41025641025641024,0.0,1.0,1.0,0.0,0.5,0.0,nan,0.5897435897435898,0.5,0.41025641025641024,0.41025641025641024,0.6100543478260869,0.666760765290177,0.23174912164689543,2.2679945839015927,3.9865526366141935
TRAINING_LABEL_PERMUTATION,levofloxacin,MUTATION_ONLY_LOGISTIC,RANDOM_ISOLATE_LABEL_PERMUTATION,93,331,83,83,27,56,0,56,0,27,0.3253012048192771,0.0,1.0,1.0,0.0,0.5,0.0,nan,0.6746987951807228,0.5,0.3253012048192771,0.3253012048192771,0.2777777777777778,0.45601649910297687,0.23342808010090255,-14.030926406804172,-18.299761718765907
TRAINING_LABEL_PERMUTATION,levofloxacin,MUTATION_ONLY_LOGISTIC,HPGP_TO_EXTERNAL_LABEL_PERMUTATION,CHINA_NINGXIA_2022__093,414,57,57,28,29,0,29,0,28,0.49122807017543857,0.0,1.0,1.0,0.0,0.5,0.0,nan,0.5087719298245614,0.5,0.49122807017543857,0.49122807017543857,0.4415024630541871,0.4857866175650613,0.2906128125143697,-1.6343720484355417,-2.1484741676168766
TRAINING_LABEL_PERMUTATION,levofloxacin,MUTATION_ONLY_LOGISTIC,HPGP_TO_EXTERNAL_LABEL_PERMUTATION,ZENODO_10369064__093,414,39,39,16,23,0,23,0,16,0.41025641025641024,0.0,1.0,1.0,0.0,0.5,0.0,nan,0.5897435897435898,0.5,0.41025641025641024,0.41025641025641024,0.8546195652173914,0.8316795594756121,0.23176405612410284,5.405007256521342,8.623686864046956
TRAINING_LABEL_PERMUTATION,levofloxacin,MUTATION_ONLY_LOGISTIC,RANDOM_ISOLATE_LABEL_PERMUTATION,94,331,83,83,27,56,0,56,0,27,0.3253012048192771,0.0,1.0,1.0,0.0,0.5,0.0,nan,0.6746987951807228,0.5,0.3253012048192771,0.3253012048192771,0.5185185185185185,0.6578984504017971,0.2086371117473003,0.6740749993665914,1.9051338596153222
TRAINING_LABEL_PERMUTATION,levofloxacin,MUTATION_ONLY_LOGISTIC,HPGP_TO_EXTERNAL_LABEL_PERMUTATION,CHINA_NINGXIA_2022__094,414,57,57,28,29,0,29,0,28,0.49122807017543857,0.0,1.0,1.0,0.0,0.5,0.0,nan,0.5087719298245614,0.5,0.49122807017543857,0.49122807017543857,0.521551724137931,0.5764292924772247,0.27843515601205626,0.19725648949998242,0.31005404865792385
TRAINING_LABEL_PERMUTATION,levofloxacin,MUTATION_ONLY_LOGISTIC,HPGP_TO_EXTERNAL_LABEL_PERMUTATION,ZENODO_10369064__094,414,39,39,16,23,0,23,0,16,0.41025641025641024,0.0,1.0,1.0,0.0,0.5,0.0,nan,0.5897435897435898,0.5,0.41025641025641024,0.41025641025641024,0.860054347826087,0.8473045594756121,0.2398060390864634,9.82393967409339,13.849829535839348
TRAINING_LABEL_PERMUTATION,levofloxacin,MUTATION_ONLY_LOGISTIC,RANDOM_ISOLATE_LABEL_PERMUTATION,95,331,83,83,27,56,0,56,0,27,0.3253012048192771,0.0,1.0,1.0,0.0,0.5,0.0,nan,0.6746987951807228,0.5,0.3253012048192771,0.3253012048192771,0.4814814814814814,0.6276968901187294,0.22683275174171097,-8.10002277162426,-10.287500857726032
TRAINING_LABEL_PERMUTATION,levofloxacin,MUTATION_ONLY_LOGISTIC,HPGP_TO_EXTERNAL_LABEL_PERMUTATION,CHINA_NINGXIA_2022__095,414,57,57,28,29,0,29,0,28,0.49122807017543857,0.0,1.0,1.0,0.0,0.5,0.0,nan,0.5087719298245614,0.5,0.49122807017543857,0.49122807017543857,0.3897783251231527,0.4365389177999749,0.29330691058581626,-1.905619231630603,-2.5324926458721833
TRAINING_LABEL_PERMUTATION,levofloxacin,MUTATION_ONLY_LOGISTIC,HPGP_TO_EXTERNAL_LABEL_PERMUTATION,ZENODO_10369064__095,414,39,39,16,23,0,23,0,16,0.41025641025641024,0.0,1.0,1.0,0.0,0.5,0.0,nan,0.5897435897435898,0.5,0.41025641025641024,0.41025641025641024,0.0828804347826086,0.3077031358281358,0.2884022082775841,-10.303700783017181,-13.444220987970294
TRAINING_LABEL_PERMUTATION,levofloxacin,MUTATION_ONLY_LOGISTIC,RANDOM_ISOLATE_LABEL_PERMUTATION,96,331,83,83,27,56,0,56,0,27,0.3253012048192771,0.0,1.0,1.0,0.0,0.5,0.0,nan,0.6746987951807228,0.5,0.3253012048192771,0.3253012048192771,0.5925925925925926,0.6932876101055669,0.19602338723037852,6.426545400709129,9.065753299950536
TRAINING_LABEL_PERMUTATION,levofloxacin,MUTATION_ONLY_LOGISTIC,HPGP_TO_EXTERNAL_LABEL_PERMUTATION,CHINA_NINGXIA_2022__096,414,57,57,28,29,0,29,0,28,0.49122807017543857,0.0,1.0,1.0,0.0,0.5,0.0,nan,0.5087719298245614,0.5,0.49122807017543857,0.49122807017543857,0.4833743842364532,0.503621061322829,0.2814729875852729,-0.10473196462518485,-0.08949549218014934
TRAINING_LABEL_PERMUTATION,levofloxacin,MUTATION_ONLY_LOGISTIC,HPGP_TO_EXTERNAL_LABEL_PERMUTATION,ZENODO_10369064__096,414,39,39,16,23,0,23,0,16,0.41025641025641024,0.0,1.0,1.0,0.0,0.5,0.0,nan,0.5897435897435898,0.5,0.41025641025641024,0.41025641025641024,0.2105978260869565,0.41687192118226596,0.2643433105795464,-6.17848557852278,-7.347759777716736
TRAINING_LABEL_PERMUTATION,levofloxacin,MUTATION_ONLY_LOGISTIC,RANDOM_ISOLATE_LABEL_PERMUTATION,97,331,83,83,27,56,0,56,0,27,0.3253012048192771,0.0,1.0,1.0,0.0,0.5,0.0,nan,0.6746987951807228,0.5,0.3253012048192771,0.3253012048192771,0.1296296296296296,0.32181793653482904,0.23166925952410444,-4.649748214481982,-4.943722785164743
TRAINING_LABEL_PERMUTATION,levofloxacin,MUTATION_ONLY_LOGISTIC,HPGP_TO_EXTERNAL_LABEL_PERMUTATION,CHINA_NINGXIA_2022__097,414,57,57,28,29,0,29,0,28,0.49122807017543857,0.0,1.0,1.0,0.0,0.5,0.0,nan,0.5087719298245614,0.5,0.49122807017543857,0.49122807017543857,0.4870689655172414,0.5200120102692667,0.28528487590927554,-2.8503616610809916,-3.692756471305863
TRAINING_LABEL_PERMUTATION,levofloxacin,MUTATION_ONLY_LOGISTIC,HPGP_TO_EXTERNAL_LABEL_PERMUTATION,ZENODO_10369064__097,414,39,39,16,23,0,23,0,16,0.41025641025641024,0.0,1.0,1.0,0.0,0.5,0.0,nan,0.5897435897435898,0.5,0.41025641025641024,0.41025641025641024,0.327445652173913,0.5244662136109505,0.24985803924077132,-0.7267107843649213,-0.4944718563780957
TRAINING_LABEL_PERMUTATION,levofloxacin,MUTATION_ONLY_LOGISTIC,RANDOM_ISOLATE_LABEL_PERMUTATION,98,331,83,83,27,56,0,56,0,27,0.3253012048192771,0.0,1.0,1.0,0.0,0.5,0.0,nan,0.6746987951807228,0.5,0.3253012048192771,0.3253012048192771,0.4814814814814814,0.6357395393539972,0.23347820351775814,-1.9966287960328406,-1.6378027730029803
TRAINING_LABEL_PERMUTATION,levofloxacin,MUTATION_ONLY_LOGISTIC,HPGP_TO_EXTERNAL_LABEL_PERMUTATION,CHINA_NINGXIA_2022__098,414,57,57,28,29,0,29,0,28,0.49122807017543857,0.0,1.0,1.0,0.0,0.5,0.0,nan,0.5087719298245614,0.5,0.49122807017543857,0.49122807017543857,0.5437192118226601,0.5478310180327858,0.2739810464585375,1.4277967943844925,1.9081105333423942
TRAINING_LABEL_PERMUTATION,levofloxacin,MUTATION_ONLY_LOGISTIC,HPGP_TO_EXTERNAL_LABEL_PERMUTATION,ZENODO_10369064__098,414,39,39,16,23,0,23,0,16,0.41025641025641024,0.0,1.0,1.0,0.0,0.5,0.0,nan,0.5897435897435898,0.5,0.41025641025641024,0.41025641025641024,0.3301630434782608,0.5226411519514967,0.2510031126960006,-0.33952414038060685,0.030469139316651205
TRAINING_LABEL_PERMUTATION,levofloxacin,MUTATION_ONLY_LOGISTIC,RANDOM_ISOLATE_LABEL_PERMUTATION,99,331,83,83,27,56,0,56,0,27,0.3253012048192771,0.0,1.0,1.0,0.0,0.5,0.0,nan,0.6746987951807228,0.5,0.3253012048192771,0.3253012048192771,0.4629629629629629,0.6004372595120153,0.22053694353543712,-1.1743592103086904,-0.5906615930799902
TRAINING_LABEL_PERMUTATION,levofloxacin,MUTATION_ONLY_LOGISTIC,HPGP_TO_EXTERNAL_LABEL_PERMUTATION,CHINA_NINGXIA_2022__099,414,57,57,28,29,0,29,0,28,0.49122807017543857,0.0,1.0,1.0,0.0,0.5,0.0,nan,0.5087719298245614,0.5,0.49122807017543857,0.49122807017543857,0.437807881773399,0.49258624692090425,0.2818514286988478,-0.5078469998644249,-0.6524458240226774
TRAINING_LABEL_PERMUTATION,levofloxacin,MUTATION_ONLY_LOGISTIC,HPGP_TO_EXTERNAL_LABEL_PERMUTATION,ZENODO_10369064__099,414,39,39,16,23,0,23,0,16,0.41025641025641024,0.0,1.0,1.0,0.0,0.5,0.0,nan,0.5897435897435898,0.5,0.41025641025641024,0.41025641025641024,0.7296195652173914,0.7409029221529222,0.22861392583103532,2.709405629597387,4.511489831634634
TRAINING_LABEL_PERMUTATION,levofloxacin,MUTATION_ONLY_LOGISTIC,RANDOM_ISOLATE_LABEL_PERMUTATION,100,331,83,83,27,56,3,56,0,24,0.3253012048192771,0.1111111111111111,1.0,0.8888888888888888,0.0,0.5555555555555556,0.27888667551135854,1.0,0.7,0.5555555555555556,0.4002677376171352,0.2891566265060241,0.1666666666666666,0.3526336642666212,0.2189220303526536,-0.4788844053930928,0.35159389397902413
TRAINING_LABEL_PERMUTATION,levofloxacin,MUTATION_ONLY_LOGISTIC,HPGP_TO_EXTERNAL_LABEL_PERMUTATION,CHINA_NINGXIA_2022__100,414,57,57,28,29,0,29,0,28,0.49122807017543857,0.0,1.0,1.0,0.0,0.5,0.0,nan,0.5087719298245614,0.5,0.49122807017543857,0.49122807017543857,0.5769704433497537,0.5588859512636708,0.27443151000396154,1.2816092565248918,1.7572031919696667
TRAINING_LABEL_PERMUTATION,levofloxacin,MUTATION_ONLY_LOGISTIC,HPGP_TO_EXTERNAL_LABEL_PERMUTATION,ZENODO_10369064__100,414,39,39,16,23,0,23,0,16,0.41025641025641024,0.0,1.0,1.0,0.0,0.5,0.0,nan,0.5897435897435898,0.5,0.41025641025641024,0.41025641025641024,0.2703804347826087,0.47158979271048235,0.2720528308754353,-5.19577442661034,-5.947645220112077
