negative_control,antibiotic,model,split_type,fold,n_train,n_test,n,n_resistant,n_susceptible,tp,tn,fp,fn,prevalence,sensitivity,specificity,false_susceptible_rate,false_resistant_rate,balanced_accuracy,mcc,ppv,npv,auroc_binary_score,auprc_binary_score,brier_binary_score,auroc_probability,auprc_probability,brier_probability,calibration_intercept,calibration_slope
SIZE_PREVALENCE_MATCHED_RANDOM_CORE_SNP_PANEL,clarithromycin,RANDOM_CORE_SNP_LOGISTIC,RANDOM_ISOLATE_RANDOM_SNP_PANEL,1,331,83,83,22,61,0,61,0,22,0.26506024096385544,0.0,1.0,1.0,0.0,0.5,0.0,nan,0.7349397590361446,0.5,0.26506024096385544,0.26506024096385544,0.496274217585693,0.2654040404040404,0.1950098437496636,-0.49106983514533825,0.510690037631727
SIZE_PREVALENCE_MATCHED_RANDOM_CORE_SNP_PANEL,clarithromycin,RANDOM_CORE_SNP_LOGISTIC,HPGP_TO_EXTERNAL_RANDOM_SNP_PANEL,ZENODO_10369064__001,414,44,44,20,24,0,24,0,20,0.45454545454545453,0.0,1.0,1.0,0.0,0.5,0.0,nan,0.5454545454545454,0.5,0.45454545454545453,0.45454545454545453,0.5458333333333334,0.4787878787878788,0.2772130159392051,3.4109516590583326,3.812133510721992
SIZE_PREVALENCE_MATCHED_RANDOM_CORE_SNP_PANEL,clarithromycin,RANDOM_CORE_SNP_LOGISTIC,RANDOM_ISOLATE_RANDOM_SNP_PANEL,2,331,83,83,22,61,0,61,0,22,0.26506024096385544,0.0,1.0,1.0,0.0,0.5,0.0,nan,0.7349397590361446,0.5,0.26506024096385544,0.26506024096385544,0.4467213114754098,0.24490958965733065,0.1951994371069358,-4.429947818110146,-3.322015308624207
SIZE_PREVALENCE_MATCHED_RANDOM_CORE_SNP_PANEL,clarithromycin,RANDOM_CORE_SNP_LOGISTIC,HPGP_TO_EXTERNAL_RANDOM_SNP_PANEL,ZENODO_10369064__002,414,44,44,20,24,0,24,0,20,0.45454545454545453,0.0,1.0,1.0,0.0,0.5,0.0,nan,0.5454545454545454,0.5,0.45454545454545453,0.45454545454545453,0.5,0.45454545454545453,0.28708859466358927,nan,nan
SIZE_PREVALENCE_MATCHED_RANDOM_CORE_SNP_PANEL,clarithromycin,RANDOM_CORE_SNP_LOGISTIC,RANDOM_ISOLATE_RANDOM_SNP_PANEL,3,331,83,83,22,61,0,61,0,22,0.26506024096385544,0.0,1.0,1.0,0.0,0.5,0.0,nan,0.7349397590361446,0.5,0.26506024096385544,0.26506024096385544,0.6099105812220567,0.3163772361125641,0.1905379522941818,8.664947404029828,9.713721739261322
SIZE_PREVALENCE_MATCHED_RANDOM_CORE_SNP_PANEL,clarithromycin,RANDOM_CORE_SNP_LOGISTIC,HPGP_TO_EXTERNAL_RANDOM_SNP_PANEL,ZENODO_10369064__003,414,44,44,20,24,0,24,0,20,0.45454545454545453,0.0,1.0,1.0,0.0,0.5,0.0,nan,0.5454545454545454,0.5,0.45454545454545453,0.45454545454545453,0.5,0.45454545454545453,0.2775123117907753,nan,nan
SIZE_PREVALENCE_MATCHED_RANDOM_CORE_SNP_PANEL,clarithromycin,RANDOM_CORE_SNP_LOGISTIC,RANDOM_ISOLATE_RANDOM_SNP_PANEL,4,331,83,83,22,61,0,61,0,22,0.26506024096385544,0.0,1.0,1.0,0.0,0.5,0.0,nan,0.7349397590361446,0.5,0.26506024096385544,0.26506024096385544,0.3990312965722802,0.23320488161070002,0.20541473049331602,-2.8968181222678693,-1.7222498357532556
SIZE_PREVALENCE_MATCHED_RANDOM_CORE_SNP_PANEL,clarithromycin,RANDOM_CORE_SNP_LOGISTIC,HPGP_TO_EXTERNAL_RANDOM_SNP_PANEL,ZENODO_10369064__004,414,44,44,20,24,0,24,0,20,0.45454545454545453,0.0,1.0,1.0,0.0,0.5,0.0,nan,0.5454545454545454,0.5,0.45454545454545453,0.45454545454545453,0.5416666666666667,0.47619047619047616,0.27976726298875054,41.23433880660007,42.34209263083711
SIZE_PREVALENCE_MATCHED_RANDOM_CORE_SNP_PANEL,clarithromycin,RANDOM_CORE_SNP_LOGISTIC,RANDOM_ISOLATE_RANDOM_SNP_PANEL,5,331,83,83,22,61,0,61,0,22,0.26506024096385544,0.0,1.0,1.0,0.0,0.5,0.0,nan,0.7349397590361446,0.5,0.26506024096385544,0.26506024096385544,0.5238450074515648,0.27469008264462813,0.19413074773227879,0.56371566649512,1.5004284813996704
SIZE_PREVALENCE_MATCHED_RANDOM_CORE_SNP_PANEL,clarithromycin,RANDOM_CORE_SNP_LOGISTIC,HPGP_TO_EXTERNAL_RANDOM_SNP_PANEL,ZENODO_10369064__005,414,44,44,20,24,0,24,0,20,0.45454545454545453,0.0,1.0,1.0,0.0,0.5,0.0,nan,0.5454545454545454,0.5,0.45454545454545453,0.45454545454545453,0.5302083333333333,0.4703488372093023,0.28331134719501183,2.514407400537126,2.5913665330610227
SIZE_PREVALENCE_MATCHED_RANDOM_CORE_SNP_PANEL,clarithromycin,RANDOM_CORE_SNP_LOGISTIC,RANDOM_ISOLATE_RANDOM_SNP_PANEL,6,331,83,83,22,61,0,61,0,22,0.26506024096385544,0.0,1.0,1.0,0.0,0.5,0.0,nan,0.7349397590361446,0.5,0.26506024096385544,0.26506024096385544,0.502608047690015,0.26742639200187823,0.19675630937028696,-1.064864285471543,-0.043160409649379096
SIZE_PREVALENCE_MATCHED_RANDOM_CORE_SNP_PANEL,clarithromycin,RANDOM_CORE_SNP_LOGISTIC,HPGP_TO_EXTERNAL_RANDOM_SNP_PANEL,ZENODO_10369064__006,414,44,44,20,24,0,24,0,20,0.45454545454545453,0.0,1.0,1.0,0.0,0.5,0.0,nan,0.5454545454545454,0.5,0.45454545454545453,0.45454545454545453,0.3875,0.4027568039195946,0.29154438526435417,-4.412887203412685,-4.293377383337358
SIZE_PREVALENCE_MATCHED_RANDOM_CORE_SNP_PANEL,clarithromycin,RANDOM_CORE_SNP_LOGISTIC,RANDOM_ISOLATE_RANDOM_SNP_PANEL,7,331,83,83,22,61,0,61,0,22,0.26506024096385544,0.0,1.0,1.0,0.0,0.5,0.0,nan,0.7349397590361446,0.5,0.26506024096385544,0.26506024096385544,0.5290611028315947,0.27889412416851445,0.1946139919560542,-0.0038049264107838376,0.9935257677953901
SIZE_PREVALENCE_MATCHED_RANDOM_CORE_SNP_PANEL,clarithromycin,RANDOM_CORE_SNP_LOGISTIC,HPGP_TO_EXTERNAL_RANDOM_SNP_PANEL,ZENODO_10369064__007,414,44,44,20,24,0,24,0,20,0.45454545454545453,0.0,1.0,1.0,0.0,0.5,0.0,nan,0.5454545454545454,0.5,0.45454545454545453,0.45454545454545453,0.4895833333333333,0.4492894056847545,0.28958903440055583,-0.08255373314243666,0.09132414447166352
SIZE_PREVALENCE_MATCHED_RANDOM_CORE_SNP_PANEL,clarithromycin,RANDOM_CORE_SNP_LOGISTIC,RANDOM_ISOLATE_RANDOM_SNP_PANEL,8,331,83,83,22,61,0,61,0,22,0.26506024096385544,0.0,1.0,1.0,0.0,0.5,0.0,nan,0.7349397590361446,0.5,0.26506024096385544,0.26506024096385544,0.5525335320417288,0.2936688311688312,0.19252605401461886,0.06795757225834978,1.0164147242615251
SIZE_PREVALENCE_MATCHED_RANDOM_CORE_SNP_PANEL,clarithromycin,RANDOM_CORE_SNP_LOGISTIC,HPGP_TO_EXTERNAL_RANDOM_SNP_PANEL,ZENODO_10369064__008,414,44,44,20,24,0,24,0,20,0.45454545454545453,0.0,1.0,1.0,0.0,0.5,0.0,nan,0.5454545454545454,0.5,0.45454545454545453,0.45454545454545453,0.5416666666666667,0.47653958944281527,0.26305117491741564,0.3542826038494895,0.7193093172875472
SIZE_PREVALENCE_MATCHED_RANDOM_CORE_SNP_PANEL,clarithromycin,RANDOM_CORE_SNP_LOGISTIC,RANDOM_ISOLATE_RANDOM_SNP_PANEL,9,331,83,83,22,61,0,61,0,22,0.26506024096385544,0.0,1.0,1.0,0.0,0.5,0.0,nan,0.7349397590361446,0.5,0.26506024096385544,0.26506024096385544,0.5923994038748138,0.31475869809203144,0.19013799926090105,0.7900258352712421,1.7818821932743734
SIZE_PREVALENCE_MATCHED_RANDOM_CORE_SNP_PANEL,clarithromycin,RANDOM_CORE_SNP_LOGISTIC,HPGP_TO_EXTERNAL_RANDOM_SNP_PANEL,ZENODO_10369064__009,414,44,44,20,24,0,24,0,20,0.45454545454545453,0.0,1.0,1.0,0.0,0.5,0.0,nan,0.5454545454545454,0.5,0.45454545454545453,0.45454545454545453,0.4635416666666666,0.4407575757575758,0.2744358345407238,-0.8091273839299971,-0.8083952557099323
SIZE_PREVALENCE_MATCHED_RANDOM_CORE_SNP_PANEL,clarithromycin,RANDOM_CORE_SNP_LOGISTIC,RANDOM_ISOLATE_RANDOM_SNP_PANEL,10,331,83,83,22,61,0,61,0,22,0.26506024096385544,0.0,1.0,1.0,0.0,0.5,0.0,nan,0.7349397590361446,0.5,0.26506024096385544,0.26506024096385544,0.4873323397913561,0.2608863646023283,0.20030999590385853,-1.225353477771535,-0.19022982893568333
SIZE_PREVALENCE_MATCHED_RANDOM_CORE_SNP_PANEL,clarithromycin,RANDOM_CORE_SNP_LOGISTIC,HPGP_TO_EXTERNAL_RANDOM_SNP_PANEL,ZENODO_10369064__010,414,44,44,20,24,0,24,0,20,0.45454545454545453,0.0,1.0,1.0,0.0,0.5,0.0,nan,0.5454545454545454,0.5,0.45454545454545453,0.45454545454545453,0.4708333333333333,0.4405764966740576,0.2793983280596932,-1.7749347500639345,-1.7454444088928387
SIZE_PREVALENCE_MATCHED_RANDOM_CORE_SNP_PANEL,clarithromycin,RANDOM_CORE_SNP_LOGISTIC,RANDOM_ISOLATE_RANDOM_SNP_PANEL,11,331,83,83,22,61,0,61,0,22,0.26506024096385544,0.0,1.0,1.0,0.0,0.5,0.0,nan,0.7349397590361446,0.5,0.26506024096385544,0.26506024096385544,0.4646050670640834,0.2534227820372399,0.19700194703105411,-2.482274429570218,-1.4492154878898735
SIZE_PREVALENCE_MATCHED_RANDOM_CORE_SNP_PANEL,clarithromycin,RANDOM_CORE_SNP_LOGISTIC,HPGP_TO_EXTERNAL_RANDOM_SNP_PANEL,ZENODO_10369064__011,414,44,44,20,24,0,24,0,20,0.45454545454545453,0.0,1.0,1.0,0.0,0.5,0.0,nan,0.5454545454545454,0.5,0.45454545454545453,0.45454545454545453,0.45,0.4311688311688311,0.28298964883729283,-51.40732711097485,-52.2472159972782
SIZE_PREVALENCE_MATCHED_RANDOM_CORE_SNP_PANEL,clarithromycin,RANDOM_CORE_SNP_LOGISTIC,RANDOM_ISOLATE_RANDOM_SNP_PANEL,12,331,83,83,22,61,0,61,0,22,0.26506024096385544,0.0,1.0,1.0,0.0,0.5,0.0,nan,0.7349397590361446,0.5,0.26506024096385544,0.26506024096385544,0.5249627421758569,0.2743843236425506,0.19418150777639887,-0.101544797971299,0.8986526268089462
SIZE_PREVALENCE_MATCHED_RANDOM_CORE_SNP_PANEL,clarithromycin,RANDOM_CORE_SNP_LOGISTIC,HPGP_TO_EXTERNAL_RANDOM_SNP_PANEL,ZENODO_10369064__012,414,44,44,20,24,0,24,0,20,0.45454545454545453,0.0,1.0,1.0,0.0,0.5,0.0,nan,0.5454545454545454,0.5,0.45454545454545453,0.45454545454545453,0.5,0.45454545454545453,0.2794291451352273,nan,nan
SIZE_PREVALENCE_MATCHED_RANDOM_CORE_SNP_PANEL,clarithromycin,RANDOM_CORE_SNP_LOGISTIC,RANDOM_ISOLATE_RANDOM_SNP_PANEL,13,331,83,83,22,61,0,61,0,22,0.26506024096385544,0.0,1.0,1.0,0.0,0.5,0.0,nan,0.7349397590361446,0.5,0.26506024096385544,0.26506024096385544,0.5175111773472428,0.2721177966999965,0.1976413963599985,-0.8140017446735452,0.19287113564850963
SIZE_PREVALENCE_MATCHED_RANDOM_CORE_SNP_PANEL,clarithromycin,RANDOM_CORE_SNP_LOGISTIC,HPGP_TO_EXTERNAL_RANDOM_SNP_PANEL,ZENODO_10369064__013,414,44,44,20,24,0,24,0,20,0.45454545454545453,0.0,1.0,1.0,0.0,0.5,0.0,nan,0.5454545454545454,0.5,0.45454545454545453,0.45454545454545453,0.5166666666666666,0.46297117516629716,0.2738543846033792,0.4928244781377421,0.7503305728809371
SIZE_PREVALENCE_MATCHED_RANDOM_CORE_SNP_PANEL,clarithromycin,RANDOM_CORE_SNP_LOGISTIC,RANDOM_ISOLATE_RANDOM_SNP_PANEL,14,331,83,83,22,61,0,61,0,22,0.26506024096385544,0.0,1.0,1.0,0.0,0.5,0.0,nan,0.7349397590361446,0.5,0.26506024096385544,0.26506024096385544,0.5685543964232489,0.2983952797925514,0.19260869436512007,-0.12566003927899053,0.85163851368092
SIZE_PREVALENCE_MATCHED_RANDOM_CORE_SNP_PANEL,clarithromycin,RANDOM_CORE_SNP_LOGISTIC,HPGP_TO_EXTERNAL_RANDOM_SNP_PANEL,ZENODO_10369064__014,414,44,44,20,24,0,24,0,20,0.45454545454545453,0.0,1.0,1.0,0.0,0.5,0.0,nan,0.5454545454545454,0.5,0.45454545454545453,0.45454545454545453,0.515625,0.46297117516629716,0.2755831406388837,0.4838543016579039,0.7242713266529841
SIZE_PREVALENCE_MATCHED_RANDOM_CORE_SNP_PANEL,clarithromycin,RANDOM_CORE_SNP_LOGISTIC,RANDOM_ISOLATE_RANDOM_SNP_PANEL,15,331,83,83,22,61,0,61,0,22,0.26506024096385544,0.0,1.0,1.0,0.0,0.5,0.0,nan,0.7349397590361446,0.5,0.26506024096385544,0.26506024096385544,0.5126676602086438,0.2701298701298701,0.194382385228822,-0.03103010592567356,0.9449519754670089
SIZE_PREVALENCE_MATCHED_RANDOM_CORE_SNP_PANEL,clarithromycin,RANDOM_CORE_SNP_LOGISTIC,HPGP_TO_EXTERNAL_RANDOM_SNP_PANEL,ZENODO_10369064__015,414,44,44,20,24,0,24,0,20,0.45454545454545453,0.0,1.0,1.0,0.0,0.5,0.0,nan,0.5454545454545454,0.5,0.45454545454545453,0.45454545454545453,0.475,0.44363636363636366,0.28933502476578404,-2.39959848720468,-2.0461821923102153
SIZE_PREVALENCE_MATCHED_RANDOM_CORE_SNP_PANEL,clarithromycin,RANDOM_CORE_SNP_LOGISTIC,RANDOM_ISOLATE_RANDOM_SNP_PANEL,16,331,83,83,22,61,0,61,0,22,0.26506024096385544,0.0,1.0,1.0,0.0,0.5,0.0,nan,0.7349397590361446,0.5,0.26506024096385544,0.26506024096385544,0.510059612518629,0.26946784001208596,0.19855550478444595,-1.3224253553297785,-0.2895840729724694
SIZE_PREVALENCE_MATCHED_RANDOM_CORE_SNP_PANEL,clarithromycin,RANDOM_CORE_SNP_LOGISTIC,HPGP_TO_EXTERNAL_RANDOM_SNP_PANEL,ZENODO_10369064__016,414,44,44,20,24,0,24,0,20,0.45454545454545453,0.0,1.0,1.0,0.0,0.5,0.0,nan,0.5454545454545454,0.5,0.45454545454545453,0.45454545454545453,0.5,0.45454545454545453,0.2830124888546447,nan,nan
SIZE_PREVALENCE_MATCHED_RANDOM_CORE_SNP_PANEL,clarithromycin,RANDOM_CORE_SNP_LOGISTIC,RANDOM_ISOLATE_RANDOM_SNP_PANEL,17,331,83,83,22,61,0,61,0,22,0.26506024096385544,0.0,1.0,1.0,0.0,0.5,0.0,nan,0.7349397590361446,0.5,0.26506024096385544,0.26506024096385544,0.4724292101341281,0.2501434308663224,0.19996969928874436,-1.55264339329699,-0.5145544654136288
SIZE_PREVALENCE_MATCHED_RANDOM_CORE_SNP_PANEL,clarithromycin,RANDOM_CORE_SNP_LOGISTIC,HPGP_TO_EXTERNAL_RANDOM_SNP_PANEL,ZENODO_10369064__017,414,44,44,20,24,0,24,0,20,0.45454545454545453,0.0,1.0,1.0,0.0,0.5,0.0,nan,0.5454545454545454,0.5,0.45454545454545453,0.45454545454545453,0.525,0.48181818181818176,0.29202227146037935,98.2663654202126,86.82793652121983
SIZE_PREVALENCE_MATCHED_RANDOM_CORE_SNP_PANEL,clarithromycin,RANDOM_CORE_SNP_LOGISTIC,RANDOM_ISOLATE_RANDOM_SNP_PANEL,18,331,83,83,22,61,0,61,0,22,0.26506024096385544,0.0,1.0,1.0,0.0,0.5,0.0,nan,0.7349397590361446,0.5,0.26506024096385544,0.26506024096385544,0.5391207153502235,0.2822099172824705,0.1942355892658528,-0.4234742042339971,0.5710190925917537
SIZE_PREVALENCE_MATCHED_RANDOM_CORE_SNP_PANEL,clarithromycin,RANDOM_CORE_SNP_LOGISTIC,HPGP_TO_EXTERNAL_RANDOM_SNP_PANEL,ZENODO_10369064__018,414,44,44,20,24,0,24,0,20,0.45454545454545453,0.0,1.0,1.0,0.0,0.5,0.0,nan,0.5454545454545454,0.5,0.45454545454545453,0.45454545454545453,0.4458333333333333,0.42943181818181814,0.2835918387407768,-3.8257505737939828,-3.7923299786098275
SIZE_PREVALENCE_MATCHED_RANDOM_CORE_SNP_PANEL,clarithromycin,RANDOM_CORE_SNP_LOGISTIC,RANDOM_ISOLATE_RANDOM_SNP_PANEL,19,331,83,83,22,61,0,61,0,22,0.26506024096385544,0.0,1.0,1.0,0.0,0.5,0.0,nan,0.7349397590361446,0.5,0.26506024096385544,0.26506024096385544,0.5044709388971684,0.3086801752464403,0.1954259305062269,-0.8105514498771844,0.20587598409258961
SIZE_PREVALENCE_MATCHED_RANDOM_CORE_SNP_PANEL,clarithromycin,RANDOM_CORE_SNP_LOGISTIC,HPGP_TO_EXTERNAL_RANDOM_SNP_PANEL,ZENODO_10369064__019,414,44,44,20,24,0,24,0,20,0.45454545454545453,0.0,1.0,1.0,0.0,0.5,0.0,nan,0.5454545454545454,0.5,0.45454545454545453,0.45454545454545453,0.5416666666666667,0.4797979797979798,0.2748029695755181,0.4612918597093486,0.6818627809712731
SIZE_PREVALENCE_MATCHED_RANDOM_CORE_SNP_PANEL,clarithromycin,RANDOM_CORE_SNP_LOGISTIC,RANDOM_ISOLATE_RANDOM_SNP_PANEL,20,331,83,83,22,61,0,61,0,22,0.26506024096385544,0.0,1.0,1.0,0.0,0.5,0.0,nan,0.7349397590361446,0.5,0.26506024096385544,0.26506024096385544,0.4783904619970194,0.25704073865704735,0.19784283194795746,-1.5520001318338197,-0.5212481212880871
SIZE_PREVALENCE_MATCHED_RANDOM_CORE_SNP_PANEL,clarithromycin,RANDOM_CORE_SNP_LOGISTIC,HPGP_TO_EXTERNAL_RANDOM_SNP_PANEL,ZENODO_10369064__020,414,44,44,20,24,0,24,0,20,0.45454545454545453,0.0,1.0,1.0,0.0,0.5,0.0,nan,0.5454545454545454,0.5,0.45454545454545453,0.45454545454545453,0.53125,0.4717703349282296,0.28042356407500557,0.9176886861518622,1.1129504130362804
SIZE_PREVALENCE_MATCHED_RANDOM_CORE_SNP_PANEL,clarithromycin,RANDOM_CORE_SNP_LOGISTIC,RANDOM_ISOLATE_RANDOM_SNP_PANEL,21,331,83,83,22,61,0,61,0,22,0.26506024096385544,0.0,1.0,1.0,0.0,0.5,0.0,nan,0.7349397590361446,0.5,0.26506024096385544,0.26506024096385544,0.4470938897168405,0.24649357529445506,0.19553791231216136,-9.73580809748187,-8.43413581923254
SIZE_PREVALENCE_MATCHED_RANDOM_CORE_SNP_PANEL,clarithromycin,RANDOM_CORE_SNP_LOGISTIC,HPGP_TO_EXTERNAL_RANDOM_SNP_PANEL,ZENODO_10369064__021,414,44,44,20,24,0,24,0,20,0.45454545454545453,0.0,1.0,1.0,0.0,0.5,0.0,nan,0.5454545454545454,0.5,0.45454545454545453,0.45454545454545453,0.45,0.4311688311688312,0.2824607655147483,-2.2825851236970163,-2.1183098671080387
SIZE_PREVALENCE_MATCHED_RANDOM_CORE_SNP_PANEL,clarithromycin,RANDOM_CORE_SNP_LOGISTIC,RANDOM_ISOLATE_RANDOM_SNP_PANEL,22,331,83,83,22,61,0,61,0,22,0.26506024096385544,0.0,1.0,1.0,0.0,0.5,0.0,nan,0.7349397590361446,0.5,0.26506024096385544,0.26506024096385544,0.5219821162444114,0.2746973083613764,0.19450581998928965,0.28182763347865963,1.2529742907308612
SIZE_PREVALENCE_MATCHED_RANDOM_CORE_SNP_PANEL,clarithromycin,RANDOM_CORE_SNP_LOGISTIC,HPGP_TO_EXTERNAL_RANDOM_SNP_PANEL,ZENODO_10369064__022,414,44,44,20,24,0,24,0,20,0.45454545454545453,0.0,1.0,1.0,0.0,0.5,0.0,nan,0.5454545454545454,0.5,0.45454545454545453,0.45454545454545453,0.5041666666666668,0.4568181818181818,0.2846233016050265,-0.08819501645473848,0.09154043782299733
SIZE_PREVALENCE_MATCHED_RANDOM_CORE_SNP_PANEL,clarithromycin,RANDOM_CORE_SNP_LOGISTIC,RANDOM_ISOLATE_RANDOM_SNP_PANEL,23,331,83,83,22,61,0,61,0,22,0.26506024096385544,0.0,1.0,1.0,0.0,0.5,0.0,nan,0.7349397590361446,0.5,0.26506024096385544,0.26506024096385544,0.6274217585692996,0.3319991144169212,0.18601712579111934,1.503571694578475,2.463290837021553
SIZE_PREVALENCE_MATCHED_RANDOM_CORE_SNP_PANEL,clarithromycin,RANDOM_CORE_SNP_LOGISTIC,HPGP_TO_EXTERNAL_RANDOM_SNP_PANEL,ZENODO_10369064__023,414,44,44,20,24,0,24,0,20,0.45454545454545453,0.0,1.0,1.0,0.0,0.5,0.0,nan,0.5454545454545454,0.5,0.45454545454545453,0.45454545454545453,0.5,0.45454545454545453,0.27175993276569765,nan,nan
SIZE_PREVALENCE_MATCHED_RANDOM_CORE_SNP_PANEL,clarithromycin,RANDOM_CORE_SNP_LOGISTIC,RANDOM_ISOLATE_RANDOM_SNP_PANEL,24,331,83,83,22,61,0,61,0,22,0.26506024096385544,0.0,1.0,1.0,0.0,0.5,0.0,nan,0.7349397590361446,0.5,0.26506024096385544,0.26506024096385544,0.4418777943368107,0.2499905578426559,0.199833606588765,-4.3888150264099455,-3.168824878038385
SIZE_PREVALENCE_MATCHED_RANDOM_CORE_SNP_PANEL,clarithromycin,RANDOM_CORE_SNP_LOGISTIC,HPGP_TO_EXTERNAL_RANDOM_SNP_PANEL,ZENODO_10369064__024,414,44,44,20,24,0,24,0,20,0.45454545454545453,0.0,1.0,1.0,0.0,0.5,0.0,nan,0.5454545454545454,0.5,0.45454545454545453,0.45454545454545453,0.5208333333333333,0.46511627906976744,0.2849464951494376,159.9569211581401,154.56463588638988
SIZE_PREVALENCE_MATCHED_RANDOM_CORE_SNP_PANEL,clarithromycin,RANDOM_CORE_SNP_LOGISTIC,RANDOM_ISOLATE_RANDOM_SNP_PANEL,25,331,83,83,22,61,0,61,0,22,0.26506024096385544,0.0,1.0,1.0,0.0,0.5,0.0,nan,0.7349397590361446,0.5,0.26506024096385544,0.26506024096385544,0.555886736214605,0.2925366237677985,0.19488296645054448,-0.273391752108461,0.7077931794793887
SIZE_PREVALENCE_MATCHED_RANDOM_CORE_SNP_PANEL,clarithromycin,RANDOM_CORE_SNP_LOGISTIC,HPGP_TO_EXTERNAL_RANDOM_SNP_PANEL,ZENODO_10369064__025,414,44,44,20,24,0,24,0,20,0.45454545454545453,0.0,1.0,1.0,0.0,0.5,0.0,nan,0.5454545454545454,0.5,0.45454545454545453,0.45454545454545453,0.525,0.48181818181818176,0.27732500433076135,11.35705203314213,11.704509763144316
SIZE_PREVALENCE_MATCHED_RANDOM_CORE_SNP_PANEL,clarithromycin,RANDOM_CORE_SNP_LOGISTIC,RANDOM_ISOLATE_RANDOM_SNP_PANEL,26,331,83,83,22,61,0,61,0,22,0.26506024096385544,0.0,1.0,1.0,0.0,0.5,0.0,nan,0.7349397590361446,0.5,0.26506024096385544,0.26506024096385544,0.4754098360655738,0.25567493639782796,0.19581521538568422,-2.8345218429446164,-1.7602886601613443
SIZE_PREVALENCE_MATCHED_RANDOM_CORE_SNP_PANEL,clarithromycin,RANDOM_CORE_SNP_LOGISTIC,HPGP_TO_EXTERNAL_RANDOM_SNP_PANEL,ZENODO_10369064__026,414,44,44,20,24,0,24,0,20,0.45454545454545453,0.0,1.0,1.0,0.0,0.5,0.0,nan,0.5454545454545454,0.5,0.45454545454545453,0.45454545454545453,0.5416666666666667,0.47619047619047616,0.2817873514646227,56.55312124957991,56.7017649324612
SIZE_PREVALENCE_MATCHED_RANDOM_CORE_SNP_PANEL,clarithromycin,RANDOM_CORE_SNP_LOGISTIC,RANDOM_ISOLATE_RANDOM_SNP_PANEL,27,331,83,83,22,61,0,61,0,22,0.26506024096385544,0.0,1.0,1.0,0.0,0.5,0.0,nan,0.7349397590361446,0.5,0.26506024096385544,0.26506024096385544,0.5003725782414307,0.26540563078761326,0.1971552727990203,-1.1678407175133458,-0.14290893618883876
SIZE_PREVALENCE_MATCHED_RANDOM_CORE_SNP_PANEL,clarithromycin,RANDOM_CORE_SNP_LOGISTIC,HPGP_TO_EXTERNAL_RANDOM_SNP_PANEL,ZENODO_10369064__027,414,44,44,20,24,0,24,0,20,0.45454545454545453,0.0,1.0,1.0,0.0,0.5,0.0,nan,0.5454545454545454,0.5,0.45454545454545453,0.45454545454545453,0.5166666666666666,0.4631578947368421,0.27866047044180414,0.29025585189602826,0.4952830580691697
SIZE_PREVALENCE_MATCHED_RANDOM_CORE_SNP_PANEL,clarithromycin,RANDOM_CORE_SNP_LOGISTIC,RANDOM_ISOLATE_RANDOM_SNP_PANEL,28,331,83,83,22,61,0,61,0,22,0.26506024096385544,0.0,1.0,1.0,0.0,0.5,0.0,nan,0.7349397590361446,0.5,0.26506024096385544,0.26506024096385544,0.5648286140089419,0.2980326902013649,0.1924619638725783,1.5373876963456006,2.502365909829909
SIZE_PREVALENCE_MATCHED_RANDOM_CORE_SNP_PANEL,clarithromycin,RANDOM_CORE_SNP_LOGISTIC,HPGP_TO_EXTERNAL_RANDOM_SNP_PANEL,ZENODO_10369064__028,414,44,44,20,24,0,24,0,20,0.45454545454545453,0.0,1.0,1.0,0.0,0.5,0.0,nan,0.5454545454545454,0.5,0.45454545454545453,0.45454545454545453,0.5041666666666668,0.4568181818181818,0.27832796472704335,0.3823900621196069,0.5973159825188177
SIZE_PREVALENCE_MATCHED_RANDOM_CORE_SNP_PANEL,clarithromycin,RANDOM_CORE_SNP_LOGISTIC,RANDOM_ISOLATE_RANDOM_SNP_PANEL,29,331,83,83,22,61,0,61,0,22,0.26506024096385544,0.0,1.0,1.0,0.0,0.5,0.0,nan,0.7349397590361446,0.5,0.26506024096385544,0.26506024096385544,0.5678092399403876,0.29483726150392814,0.19159233581691631,0.8129531140642345,1.7917721499369477
SIZE_PREVALENCE_MATCHED_RANDOM_CORE_SNP_PANEL,clarithromycin,RANDOM_CORE_SNP_LOGISTIC,HPGP_TO_EXTERNAL_RANDOM_SNP_PANEL,ZENODO_10369064__029,414,44,44,20,24,0,24,0,20,0.45454545454545453,0.0,1.0,1.0,0.0,0.5,0.0,nan,0.5454545454545454,0.5,0.45454545454545453,0.45454545454545453,0.5208333333333333,0.46511627906976744,0.2749226082770965,14.524356089667323,16.158979945892494
SIZE_PREVALENCE_MATCHED_RANDOM_CORE_SNP_PANEL,clarithromycin,RANDOM_CORE_SNP_LOGISTIC,RANDOM_ISOLATE_RANDOM_SNP_PANEL,30,331,83,83,22,61,0,61,0,22,0.26506024096385544,0.0,1.0,1.0,0.0,0.5,0.0,nan,0.7349397590361446,0.5,0.26506024096385544,0.26506024096385544,0.5037257824143071,0.27476619765776394,0.19621220981487392,-1.3743534957619659,-0.34221700541958033
SIZE_PREVALENCE_MATCHED_RANDOM_CORE_SNP_PANEL,clarithromycin,RANDOM_CORE_SNP_LOGISTIC,HPGP_TO_EXTERNAL_RANDOM_SNP_PANEL,ZENODO_10369064__030,414,44,44,20,24,0,24,0,20,0.45454545454545453,0.0,1.0,1.0,0.0,0.5,0.0,nan,0.5454545454545454,0.5,0.45454545454545453,0.45454545454545453,0.475,0.44249471458773787,0.28252764194303137,-25.89691813504649,-26.211092856297345
SIZE_PREVALENCE_MATCHED_RANDOM_CORE_SNP_PANEL,clarithromycin,RANDOM_CORE_SNP_LOGISTIC,RANDOM_ISOLATE_RANDOM_SNP_PANEL,31,331,83,83,22,61,0,61,0,22,0.26506024096385544,0.0,1.0,1.0,0.0,0.5,0.0,nan,0.7349397590361446,0.5,0.26506024096385544,0.26506024096385544,0.4396423248882265,0.24524220182716233,0.20931407150217554,-1.6331177979013767,-0.6440757823301209
SIZE_PREVALENCE_MATCHED_RANDOM_CORE_SNP_PANEL,clarithromycin,RANDOM_CORE_SNP_LOGISTIC,HPGP_TO_EXTERNAL_RANDOM_SNP_PANEL,ZENODO_10369064__031,414,44,44,20,24,0,24,0,20,0.45454545454545453,0.0,1.0,1.0,0.0,0.5,0.0,nan,0.5454545454545454,0.5,0.45454545454545453,0.45454545454545453,0.4552083333333333,0.44249471458773787,0.2955513456119671,-63.69826821914658,-55.32379826132134
SIZE_PREVALENCE_MATCHED_RANDOM_CORE_SNP_PANEL,clarithromycin,RANDOM_CORE_SNP_LOGISTIC,RANDOM_ISOLATE_RANDOM_SNP_PANEL,32,331,83,83,22,61,0,61,0,22,0.26506024096385544,0.0,1.0,1.0,0.0,0.5,0.0,nan,0.7349397590361446,0.5,0.26506024096385544,0.26506024096385544,0.4672131147540983,0.2548419843453637,0.19794396837044922,-1.7248662634238296,-0.7006309053066113
SIZE_PREVALENCE_MATCHED_RANDOM_CORE_SNP_PANEL,clarithromycin,RANDOM_CORE_SNP_LOGISTIC,HPGP_TO_EXTERNAL_RANDOM_SNP_PANEL,ZENODO_10369064__032,414,44,44,20,24,0,24,0,20,0.45454545454545453,0.0,1.0,1.0,0.0,0.5,0.0,nan,0.5454545454545454,0.5,0.45454545454545453,0.45454545454545453,0.475,0.44249471458773787,0.2900247483844148,-75.4628450211299,-68.83579181045046
SIZE_PREVALENCE_MATCHED_RANDOM_CORE_SNP_PANEL,clarithromycin,RANDOM_CORE_SNP_LOGISTIC,RANDOM_ISOLATE_RANDOM_SNP_PANEL,33,331,83,83,22,61,0,61,0,22,0.26506024096385544,0.0,1.0,1.0,0.0,0.5,0.0,nan,0.7349397590361446,0.5,0.26506024096385544,0.26506024096385544,0.4858420268256334,0.26477031119128924,0.19667216691855038,-3.949242468813883,-2.8193095171674107
SIZE_PREVALENCE_MATCHED_RANDOM_CORE_SNP_PANEL,clarithromycin,RANDOM_CORE_SNP_LOGISTIC,HPGP_TO_EXTERNAL_RANDOM_SNP_PANEL,ZENODO_10369064__033,414,44,44,20,24,0,24,0,20,0.45454545454545453,0.0,1.0,1.0,0.0,0.5,0.0,nan,0.5454545454545454,0.5,0.45454545454545453,0.45454545454545453,0.525,0.48181818181818176,0.2817207057357527,25.10709835520849,24.792414444631945
SIZE_PREVALENCE_MATCHED_RANDOM_CORE_SNP_PANEL,clarithromycin,RANDOM_CORE_SNP_LOGISTIC,RANDOM_ISOLATE_RANDOM_SNP_PANEL,34,331,83,83,22,61,0,61,0,22,0.26506024096385544,0.0,1.0,1.0,0.0,0.5,0.0,nan,0.7349397590361446,0.5,0.26506024096385544,0.26506024096385544,0.559612518628912,0.2908134164964766,0.19275780984597812,2.767759278935672,3.723696498287304
SIZE_PREVALENCE_MATCHED_RANDOM_CORE_SNP_PANEL,clarithromycin,RANDOM_CORE_SNP_LOGISTIC,HPGP_TO_EXTERNAL_RANDOM_SNP_PANEL,ZENODO_10369064__034,414,44,44,20,24,0,24,0,20,0.45454545454545453,0.0,1.0,1.0,0.0,0.5,0.0,nan,0.5454545454545454,0.5,0.45454545454545453,0.45454545454545453,0.475,0.44249471458773787,0.28071210280152054,-35.72253305599813,-37.0845794812644
SIZE_PREVALENCE_MATCHED_RANDOM_CORE_SNP_PANEL,clarithromycin,RANDOM_CORE_SNP_LOGISTIC,RANDOM_ISOLATE_RANDOM_SNP_PANEL,35,331,83,83,22,61,0,61,0,22,0.26506024096385544,0.0,1.0,1.0,0.0,0.5,0.0,nan,0.7349397590361446,0.5,0.26506024096385544,0.26506024096385544,0.5048435171385991,0.2918260454405033,0.19469281738121838,5.003331469821973,5.8462829290095435
SIZE_PREVALENCE_MATCHED_RANDOM_CORE_SNP_PANEL,clarithromycin,RANDOM_CORE_SNP_LOGISTIC,HPGP_TO_EXTERNAL_RANDOM_SNP_PANEL,ZENODO_10369064__035,414,44,44,20,24,0,24,0,20,0.45454545454545453,0.0,1.0,1.0,0.0,0.5,0.0,nan,0.5454545454545454,0.5,0.45454545454545453,0.45454545454545453,0.4604166666666666,0.4321969696969697,0.29037734955286215,-3.150601429674537,-2.9746732565584075
SIZE_PREVALENCE_MATCHED_RANDOM_CORE_SNP_PANEL,clarithromycin,RANDOM_CORE_SNP_LOGISTIC,RANDOM_ISOLATE_RANDOM_SNP_PANEL,36,331,83,83,22,61,0,61,0,22,0.26506024096385544,0.0,1.0,1.0,0.0,0.5,0.0,nan,0.7349397590361446,0.5,0.26506024096385544,0.26506024096385544,0.6110283159463488,0.36048740416210295,0.19115940368781414,4.372578090921466,5.323795017114061
SIZE_PREVALENCE_MATCHED_RANDOM_CORE_SNP_PANEL,clarithromycin,RANDOM_CORE_SNP_LOGISTIC,HPGP_TO_EXTERNAL_RANDOM_SNP_PANEL,ZENODO_10369064__036,414,44,44,20,24,0,24,0,20,0.45454545454545453,0.0,1.0,1.0,0.0,0.5,0.0,nan,0.5454545454545454,0.5,0.45454545454545453,0.45454545454545453,0.4770833333333333,0.44351705205363745,0.2665518400726141,-0.9159333625457655,-0.9936066366772863
SIZE_PREVALENCE_MATCHED_RANDOM_CORE_SNP_PANEL,clarithromycin,RANDOM_CORE_SNP_LOGISTIC,RANDOM_ISOLATE_RANDOM_SNP_PANEL,37,331,83,83,22,61,0,61,0,22,0.26506024096385544,0.0,1.0,1.0,0.0,0.5,0.0,nan,0.7349397590361446,0.5,0.26506024096385544,0.26506024096385544,0.4918032786885246,0.2607327578499392,0.19585067115480304,-1.0336630757646184,-0.013325260328954744
SIZE_PREVALENCE_MATCHED_RANDOM_CORE_SNP_PANEL,clarithromycin,RANDOM_CORE_SNP_LOGISTIC,HPGP_TO_EXTERNAL_RANDOM_SNP_PANEL,ZENODO_10369064__037,414,44,44,20,24,0,24,0,20,0.45454545454545453,0.0,1.0,1.0,0.0,0.5,0.0,nan,0.5454545454545454,0.5,0.45454545454545453,0.45454545454545453,0.4968749999999999,0.45301771871539315,0.27892117454856863,7.518832432722126,7.990303860695231
SIZE_PREVALENCE_MATCHED_RANDOM_CORE_SNP_PANEL,clarithromycin,RANDOM_CORE_SNP_LOGISTIC,RANDOM_ISOLATE_RANDOM_SNP_PANEL,38,331,83,83,22,61,0,61,0,22,0.26506024096385544,0.0,1.0,1.0,0.0,0.5,0.0,nan,0.7349397590361446,0.5,0.26506024096385544,0.26506024096385544,0.5085692995529061,0.26854682105868816,0.19345931147805395,1.2405930105125003,2.1940910093705703
SIZE_PREVALENCE_MATCHED_RANDOM_CORE_SNP_PANEL,clarithromycin,RANDOM_CORE_SNP_LOGISTIC,HPGP_TO_EXTERNAL_RANDOM_SNP_PANEL,ZENODO_10369064__038,414,44,44,20,24,0,24,0,20,0.45454545454545453,0.0,1.0,1.0,0.0,0.5,0.0,nan,0.5454545454545454,0.5,0.45454545454545453,0.45454545454545453,0.6291666666666667,0.5322884012539184,0.28191638940550634,18.275185985720512,18.189937549894697
SIZE_PREVALENCE_MATCHED_RANDOM_CORE_SNP_PANEL,clarithromycin,RANDOM_CORE_SNP_LOGISTIC,RANDOM_ISOLATE_RANDOM_SNP_PANEL,39,331,83,83,22,61,0,61,0,22,0.26506024096385544,0.0,1.0,1.0,0.0,0.5,0.0,nan,0.7349397590361446,0.5,0.26506024096385544,0.26506024096385544,0.5081967213114753,0.268947543420435,0.1967607956939593,-0.9033011458683381,0.11411053654532878
SIZE_PREVALENCE_MATCHED_RANDOM_CORE_SNP_PANEL,clarithromycin,RANDOM_CORE_SNP_LOGISTIC,HPGP_TO_EXTERNAL_RANDOM_SNP_PANEL,ZENODO_10369064__039,414,44,44,20,24,0,24,0,20,0.45454545454545453,0.0,1.0,1.0,0.0,0.5,0.0,nan,0.5454545454545454,0.5,0.45454545454545453,0.45454545454545453,0.4708333333333333,0.4405764966740576,0.29588039821371953,-3.199625067830815,-2.615539636187994
SIZE_PREVALENCE_MATCHED_RANDOM_CORE_SNP_PANEL,clarithromycin,RANDOM_CORE_SNP_LOGISTIC,RANDOM_ISOLATE_RANDOM_SNP_PANEL,40,331,83,83,22,61,0,61,0,22,0.26506024096385544,0.0,1.0,1.0,0.0,0.5,0.0,nan,0.7349397590361446,0.5,0.26506024096385544,0.26506024096385544,0.4947839046199702,0.26279359863697216,0.19536453220689715,-1.227395665478574,-0.20298002196639328
SIZE_PREVALENCE_MATCHED_RANDOM_CORE_SNP_PANEL,clarithromycin,RANDOM_CORE_SNP_LOGISTIC,HPGP_TO_EXTERNAL_RANDOM_SNP_PANEL,ZENODO_10369064__040,414,44,44,20,24,0,24,0,20,0.45454545454545453,0.0,1.0,1.0,0.0,0.5,0.0,nan,0.5454545454545454,0.5,0.45454545454545453,0.45454545454545453,0.6,0.5636363636363637,0.27864710298449286,315.8713683154097,302.89134389227877
SIZE_PREVALENCE_MATCHED_RANDOM_CORE_SNP_PANEL,clarithromycin,RANDOM_CORE_SNP_LOGISTIC,RANDOM_ISOLATE_RANDOM_SNP_PANEL,41,331,83,83,22,61,0,61,0,22,0.26506024096385544,0.0,1.0,1.0,0.0,0.5,0.0,nan,0.7349397590361446,0.5,0.26506024096385544,0.26506024096385544,0.5588673621460507,0.29048821548821546,0.1928691179926771,0.6268087845003094,1.5543678149950764
SIZE_PREVALENCE_MATCHED_RANDOM_CORE_SNP_PANEL,clarithromycin,RANDOM_CORE_SNP_LOGISTIC,HPGP_TO_EXTERNAL_RANDOM_SNP_PANEL,ZENODO_10369064__041,414,44,44,20,24,0,24,0,20,0.45454545454545453,0.0,1.0,1.0,0.0,0.5,0.0,nan,0.5454545454545454,0.5,0.45454545454545453,0.45454545454545453,0.5166666666666666,0.46297117516629716,0.279467698423229,0.630999593603043,0.8308827306215663
SIZE_PREVALENCE_MATCHED_RANDOM_CORE_SNP_PANEL,clarithromycin,RANDOM_CORE_SNP_LOGISTIC,RANDOM_ISOLATE_RANDOM_SNP_PANEL,42,331,83,83,22,61,0,60,1,22,0.26506024096385544,0.0,0.9836065573770492,1.0,0.01639344262295082,0.4918032786885246,-0.06631923328657013,0.0,0.7317073170731707,0.4918032786885246,0.26506024096385544,0.27710843373493976,0.5178837555886737,0.275842004381161,0.20056387985306498,-1.9859326335247067,-0.9132375464319148
SIZE_PREVALENCE_MATCHED_RANDOM_CORE_SNP_PANEL,clarithromycin,RANDOM_CORE_SNP_LOGISTIC,HPGP_TO_EXTERNAL_RANDOM_SNP_PANEL,ZENODO_10369064__042,414,44,44,20,24,0,24,0,20,0.45454545454545453,0.0,1.0,1.0,0.0,0.5,0.0,nan,0.5454545454545454,0.5,0.45454545454545453,0.45454545454545453,0.5791666666666666,0.4993265993265993,0.27570196900592125,2.3741778870538113,2.677875303710224
SIZE_PREVALENCE_MATCHED_RANDOM_CORE_SNP_PANEL,clarithromycin,RANDOM_CORE_SNP_LOGISTIC,RANDOM_ISOLATE_RANDOM_SNP_PANEL,43,331,83,83,22,61,0,61,0,22,0.26506024096385544,0.0,1.0,1.0,0.0,0.5,0.0,nan,0.7349397590361446,0.5,0.26506024096385544,0.26506024096385544,0.503725782414307,0.26670942670112624,0.19557432448402257,-0.809236276420836,0.20264432155944603
SIZE_PREVALENCE_MATCHED_RANDOM_CORE_SNP_PANEL,clarithromycin,RANDOM_CORE_SNP_LOGISTIC,HPGP_TO_EXTERNAL_RANDOM_SNP_PANEL,ZENODO_10369064__043,414,44,44,20,24,0,24,0,20,0.45454545454545453,0.0,1.0,1.0,0.0,0.5,0.0,nan,0.5454545454545454,0.5,0.45454545454545453,0.45454545454545453,0.5,0.45454545454545453,0.27902206853900774,nan,nan
SIZE_PREVALENCE_MATCHED_RANDOM_CORE_SNP_PANEL,clarithromycin,RANDOM_CORE_SNP_LOGISTIC,RANDOM_ISOLATE_RANDOM_SNP_PANEL,44,331,83,83,22,61,0,61,0,22,0.26506024096385544,0.0,1.0,1.0,0.0,0.5,0.0,nan,0.7349397590361446,0.5,0.26506024096385544,0.26506024096385544,0.5950074515648286,0.31255792400370713,0.1900884394029878,1.8335075558287897,2.824404256527373
SIZE_PREVALENCE_MATCHED_RANDOM_CORE_SNP_PANEL,clarithromycin,RANDOM_CORE_SNP_LOGISTIC,HPGP_TO_EXTERNAL_RANDOM_SNP_PANEL,ZENODO_10369064__044,414,44,44,20,24,0,24,0,20,0.45454545454545453,0.0,1.0,1.0,0.0,0.5,0.0,nan,0.5454545454545454,0.5,0.45454545454545453,0.45454545454545453,0.5249999999999999,0.46915584415584416,0.2727014656015169,0.0850186532607213,0.30887522048489024
SIZE_PREVALENCE_MATCHED_RANDOM_CORE_SNP_PANEL,clarithromycin,RANDOM_CORE_SNP_LOGISTIC,RANDOM_ISOLATE_RANDOM_SNP_PANEL,45,331,83,83,22,61,0,61,0,22,0.26506024096385544,0.0,1.0,1.0,0.0,0.5,0.0,nan,0.7349397590361446,0.5,0.26506024096385544,0.26506024096385544,0.4932935916542474,0.25764840398986744,0.19498539888963703,-2.627433607979166,-1.5726836467904293
SIZE_PREVALENCE_MATCHED_RANDOM_CORE_SNP_PANEL,clarithromycin,RANDOM_CORE_SNP_LOGISTIC,HPGP_TO_EXTERNAL_RANDOM_SNP_PANEL,ZENODO_10369064__045,414,44,44,20,24,0,24,0,20,0.45454545454545453,0.0,1.0,1.0,0.0,0.5,0.0,nan,0.5454545454545454,0.5,0.45454545454545453,0.45454545454545453,0.5083333333333333,0.4643356643356643,0.28376745639293244,1.2506668261795069,1.4037424182536706
SIZE_PREVALENCE_MATCHED_RANDOM_CORE_SNP_PANEL,clarithromycin,RANDOM_CORE_SNP_LOGISTIC,RANDOM_ISOLATE_RANDOM_SNP_PANEL,46,331,83,83,22,61,0,61,0,22,0.26506024096385544,0.0,1.0,1.0,0.0,0.5,0.0,nan,0.7349397590361446,0.5,0.26506024096385544,0.26506024096385544,0.5767511177347242,0.3043537787513691,0.1917065677890024,0.21839517174566803,1.2352695617103897
SIZE_PREVALENCE_MATCHED_RANDOM_CORE_SNP_PANEL,clarithromycin,RANDOM_CORE_SNP_LOGISTIC,HPGP_TO_EXTERNAL_RANDOM_SNP_PANEL,ZENODO_10369064__046,414,44,44,20,24,0,24,0,20,0.45454545454545453,0.0,1.0,1.0,0.0,0.5,0.0,nan,0.5454545454545454,0.5,0.45454545454545453,0.45454545454545453,0.4854166666666666,0.45064935064935063,0.2927588152692184,-1.013953848133751,-0.7517344695003377
SIZE_PREVALENCE_MATCHED_RANDOM_CORE_SNP_PANEL,clarithromycin,RANDOM_CORE_SNP_LOGISTIC,RANDOM_ISOLATE_RANDOM_SNP_PANEL,47,331,83,83,22,61,0,61,0,22,0.26506024096385544,0.0,1.0,1.0,0.0,0.5,0.0,nan,0.7349397590361446,0.5,0.26506024096385544,0.26506024096385544,0.451564828614009,0.25149950451155273,0.19535491883617764,-9.160089959932382,-8.014830282636732
SIZE_PREVALENCE_MATCHED_RANDOM_CORE_SNP_PANEL,clarithromycin,RANDOM_CORE_SNP_LOGISTIC,HPGP_TO_EXTERNAL_RANDOM_SNP_PANEL,ZENODO_10369064__047,414,44,44,20,24,0,24,0,20,0.45454545454545453,0.0,1.0,1.0,0.0,0.5,0.0,nan,0.5454545454545454,0.5,0.45454545454545453,0.45454545454545453,0.475,0.44249471458773787,0.285553019048489,-19.274567311069436,-18.93468156307045
SIZE_PREVALENCE_MATCHED_RANDOM_CORE_SNP_PANEL,clarithromycin,RANDOM_CORE_SNP_LOGISTIC,RANDOM_ISOLATE_RANDOM_SNP_PANEL,48,331,83,83,22,61,0,61,0,22,0.26506024096385544,0.0,1.0,1.0,0.0,0.5,0.0,nan,0.7349397590361446,0.5,0.26506024096385544,0.26506024096385544,0.4843517138599106,0.25997244108398404,0.195136915340101,-2.9653986563842953,-1.8825808218803386
SIZE_PREVALENCE_MATCHED_RANDOM_CORE_SNP_PANEL,clarithromycin,RANDOM_CORE_SNP_LOGISTIC,HPGP_TO_EXTERNAL_RANDOM_SNP_PANEL,ZENODO_10369064__048,414,44,44,20,24,0,24,0,20,0.45454545454545453,0.0,1.0,1.0,0.0,0.5,0.0,nan,0.5454545454545454,0.5,0.45454545454545453,0.45454545454545453,0.4968749999999999,0.45301771871539315,0.28359100864469367,11.385802779154165,11.337081679136867
SIZE_PREVALENCE_MATCHED_RANDOM_CORE_SNP_PANEL,clarithromycin,RANDOM_CORE_SNP_LOGISTIC,RANDOM_ISOLATE_RANDOM_SNP_PANEL,49,331,83,83,22,61,0,61,0,22,0.26506024096385544,0.0,1.0,1.0,0.0,0.5,0.0,nan,0.7349397590361446,0.5,0.26506024096385544,0.26506024096385544,0.5033532041728763,0.26669472502805835,0.19419750836693536,1.7266618399609794,2.691368573527402
SIZE_PREVALENCE_MATCHED_RANDOM_CORE_SNP_PANEL,clarithromycin,RANDOM_CORE_SNP_LOGISTIC,HPGP_TO_EXTERNAL_RANDOM_SNP_PANEL,ZENODO_10369064__049,414,44,44,20,24,0,24,0,20,0.45454545454545453,0.0,1.0,1.0,0.0,0.5,0.0,nan,0.5454545454545454,0.5,0.45454545454545453,0.45454545454545453,0.55,0.509090909090909,0.2833212333286672,189.52861525044892,186.35005162514273
SIZE_PREVALENCE_MATCHED_RANDOM_CORE_SNP_PANEL,clarithromycin,RANDOM_CORE_SNP_LOGISTIC,RANDOM_ISOLATE_RANDOM_SNP_PANEL,50,331,83,83,22,61,0,61,0,22,0.26506024096385544,0.0,1.0,1.0,0.0,0.5,0.0,nan,0.7349397590361446,0.5,0.26506024096385544,0.26506024096385544,0.4359165424739195,0.2521618625277162,0.1968730330219421,-4.14015718214878,-3.041302282559661
SIZE_PREVALENCE_MATCHED_RANDOM_CORE_SNP_PANEL,clarithromycin,RANDOM_CORE_SNP_LOGISTIC,HPGP_TO_EXTERNAL_RANDOM_SNP_PANEL,ZENODO_10369064__050,414,44,44,20,24,0,24,0,20,0.45454545454545453,0.0,1.0,1.0,0.0,0.5,0.0,nan,0.5454545454545454,0.5,0.45454545454545453,0.45454545454545453,0.5218750000000001,0.46588269454123116,0.2844389134914562,1.64614619204369,1.7601180516396084
SIZE_PREVALENCE_MATCHED_RANDOM_CORE_SNP_PANEL,clarithromycin,RANDOM_CORE_SNP_LOGISTIC,RANDOM_ISOLATE_RANDOM_SNP_PANEL,51,331,83,83,22,61,0,61,0,22,0.26506024096385544,0.0,1.0,1.0,0.0,0.5,0.0,nan,0.7349397590361446,0.5,0.26506024096385544,0.26506024096385544,0.3956780923994039,0.25005476451259584,0.1976894772201381,-12.857947132758735,-11.330242136108867
SIZE_PREVALENCE_MATCHED_RANDOM_CORE_SNP_PANEL,clarithromycin,RANDOM_CORE_SNP_LOGISTIC,HPGP_TO_EXTERNAL_RANDOM_SNP_PANEL,ZENODO_10369064__051,414,44,44,20,24,0,24,0,20,0.45454545454545453,0.0,1.0,1.0,0.0,0.5,0.0,nan,0.5454545454545454,0.5,0.45454545454545453,0.45454545454545453,0.525,0.48181818181818176,0.282703781432302,170.77809491863223,169.94183596793272
SIZE_PREVALENCE_MATCHED_RANDOM_CORE_SNP_PANEL,clarithromycin,RANDOM_CORE_SNP_LOGISTIC,RANDOM_ISOLATE_RANDOM_SNP_PANEL,52,331,83,83,22,61,0,61,0,22,0.26506024096385544,0.0,1.0,1.0,0.0,0.5,0.0,nan,0.7349397590361446,0.5,0.26506024096385544,0.26506024096385544,0.510059612518629,0.2697453736389969,0.19556153602377568,-6.7713069007780415,-5.66047472270568
SIZE_PREVALENCE_MATCHED_RANDOM_CORE_SNP_PANEL,clarithromycin,RANDOM_CORE_SNP_LOGISTIC,HPGP_TO_EXTERNAL_RANDOM_SNP_PANEL,ZENODO_10369064__052,414,44,44,20,24,0,24,0,20,0.45454545454545453,0.0,1.0,1.0,0.0,0.5,0.0,nan,0.5454545454545454,0.5,0.45454545454545453,0.45454545454545453,0.475,0.44249471458773787,0.28271899993814437,-68.66576443107239,-68.78589902537944
SIZE_PREVALENCE_MATCHED_RANDOM_CORE_SNP_PANEL,clarithromycin,RANDOM_CORE_SNP_LOGISTIC,RANDOM_ISOLATE_RANDOM_SNP_PANEL,53,331,83,83,22,61,0,61,0,22,0.26506024096385544,0.0,1.0,1.0,0.0,0.5,0.0,nan,0.7349397590361446,0.5,0.26506024096385544,0.26506024096385544,0.5417287630402385,0.2925366237677985,0.19414501248234056,0.006761819929265525,0.9933705871745576
SIZE_PREVALENCE_MATCHED_RANDOM_CORE_SNP_PANEL,clarithromycin,RANDOM_CORE_SNP_LOGISTIC,HPGP_TO_EXTERNAL_RANDOM_SNP_PANEL,ZENODO_10369064__053,414,44,44,20,24,0,24,0,20,0.45454545454545453,0.0,1.0,1.0,0.0,0.5,0.0,nan,0.5454545454545454,0.5,0.45454545454545453,0.45454545454545453,0.5083333333333333,0.4587223587223587,0.28302108112226815,0.1230836290807603,0.30185112412535514
SIZE_PREVALENCE_MATCHED_RANDOM_CORE_SNP_PANEL,clarithromycin,RANDOM_CORE_SNP_LOGISTIC,RANDOM_ISOLATE_RANDOM_SNP_PANEL,54,331,83,83,22,61,0,61,0,22,0.26506024096385544,0.0,1.0,1.0,0.0,0.5,0.0,nan,0.7349397590361446,0.5,0.26506024096385544,0.26506024096385544,0.4843517138599105,0.2602851967309799,0.19820088880373823,-2.87767372359016,-1.7985512831684731
SIZE_PREVALENCE_MATCHED_RANDOM_CORE_SNP_PANEL,clarithromycin,RANDOM_CORE_SNP_LOGISTIC,HPGP_TO_EXTERNAL_RANDOM_SNP_PANEL,ZENODO_10369064__054,414,44,44,20,24,0,24,0,20,0.45454545454545453,0.0,1.0,1.0,0.0,0.5,0.0,nan,0.5454545454545454,0.5,0.45454545454545453,0.45454545454545453,0.503125,0.456629711751663,0.29321059037246716,-0.42185317250938775,-0.20989960121603177
SIZE_PREVALENCE_MATCHED_RANDOM_CORE_SNP_PANEL,clarithromycin,RANDOM_CORE_SNP_LOGISTIC,RANDOM_ISOLATE_RANDOM_SNP_PANEL,55,331,83,83,22,61,0,61,0,22,0.26506024096385544,0.0,1.0,1.0,0.0,0.5,0.0,nan,0.7349397590361446,0.5,0.26506024096385544,0.26506024096385544,0.5499254843517138,0.28753665689149566,0.19350473234996038,1.457474200514726,2.4008457186161007
SIZE_PREVALENCE_MATCHED_RANDOM_CORE_SNP_PANEL,clarithromycin,RANDOM_CORE_SNP_LOGISTIC,HPGP_TO_EXTERNAL_RANDOM_SNP_PANEL,ZENODO_10369064__055,414,44,44,20,24,0,24,0,20,0.45454545454545453,0.0,1.0,1.0,0.0,0.5,0.0,nan,0.5454545454545454,0.5,0.45454545454545453,0.45454545454545453,0.45,0.4311688311688311,0.28558212302983554,-21.021946870612613,-21.495929718390748
SIZE_PREVALENCE_MATCHED_RANDOM_CORE_SNP_PANEL,clarithromycin,RANDOM_CORE_SNP_LOGISTIC,RANDOM_ISOLATE_RANDOM_SNP_PANEL,56,331,83,83,22,61,0,61,0,22,0.26506024096385544,0.0,1.0,1.0,0.0,0.5,0.0,nan,0.7349397590361446,0.5,0.26506024096385544,0.26506024096385544,0.5380029806259315,0.2919944239768993,0.1929016348131875,1.0425207938271166,2.0319651008402766
SIZE_PREVALENCE_MATCHED_RANDOM_CORE_SNP_PANEL,clarithromycin,RANDOM_CORE_SNP_LOGISTIC,HPGP_TO_EXTERNAL_RANDOM_SNP_PANEL,ZENODO_10369064__056,414,44,44,20,24,0,24,0,20,0.45454545454545453,0.0,1.0,1.0,0.0,0.5,0.0,nan,0.5454545454545454,0.5,0.45454545454545453,0.45454545454545453,0.4916666666666667,0.45047021943573673,0.28766909675466795,-0.7436942746414729,-0.5258619141527325
SIZE_PREVALENCE_MATCHED_RANDOM_CORE_SNP_PANEL,clarithromycin,RANDOM_CORE_SNP_LOGISTIC,RANDOM_ISOLATE_RANDOM_SNP_PANEL,57,331,83,83,22,61,0,61,0,22,0.26506024096385544,0.0,1.0,1.0,0.0,0.5,0.0,nan,0.7349397590361446,0.5,0.26506024096385544,0.26506024096385544,0.625558867362146,0.32555590628507297,0.18724818939592078,3.247137231709734,4.377395265772523
SIZE_PREVALENCE_MATCHED_RANDOM_CORE_SNP_PANEL,clarithromycin,RANDOM_CORE_SNP_LOGISTIC,HPGP_TO_EXTERNAL_RANDOM_SNP_PANEL,ZENODO_10369064__057,414,44,44,20,24,0,24,0,20,0.45454545454545453,0.0,1.0,1.0,0.0,0.5,0.0,nan,0.5454545454545454,0.5,0.45454545454545453,0.45454545454545453,0.5208333333333333,0.46511627906976744,0.2719036244940044,7.008421774491308,8.205709786666475
SIZE_PREVALENCE_MATCHED_RANDOM_CORE_SNP_PANEL,clarithromycin,RANDOM_CORE_SNP_LOGISTIC,RANDOM_ISOLATE_RANDOM_SNP_PANEL,58,331,83,83,22,61,0,61,0,22,0.26506024096385544,0.0,1.0,1.0,0.0,0.5,0.0,nan,0.7349397590361446,0.5,0.26506024096385544,0.26506024096385544,0.5253353204172877,0.28476716784493344,0.19447809737435984,-0.265358652428874,0.740679837290811
SIZE_PREVALENCE_MATCHED_RANDOM_CORE_SNP_PANEL,clarithromycin,RANDOM_CORE_SNP_LOGISTIC,HPGP_TO_EXTERNAL_RANDOM_SNP_PANEL,ZENODO_10369064__058,414,44,44,20,24,0,24,0,20,0.45454545454545453,0.0,1.0,1.0,0.0,0.5,0.0,nan,0.5454545454545454,0.5,0.45454545454545453,0.45454545454545453,0.4833333333333333,0.44848484848484843,0.27765996659710995,-14.656848599731546,-15.526211638449148
SIZE_PREVALENCE_MATCHED_RANDOM_CORE_SNP_PANEL,clarithromycin,RANDOM_CORE_SNP_LOGISTIC,RANDOM_ISOLATE_RANDOM_SNP_PANEL,59,331,83,83,22,61,0,61,0,22,0.26506024096385544,0.0,1.0,1.0,0.0,0.5,0.0,nan,0.7349397590361446,0.5,0.26506024096385544,0.26506024096385544,0.5961251862891207,0.3137153681791249,0.1888961357868235,0.6646986205142756,1.5939227693063167
SIZE_PREVALENCE_MATCHED_RANDOM_CORE_SNP_PANEL,clarithromycin,RANDOM_CORE_SNP_LOGISTIC,HPGP_TO_EXTERNAL_RANDOM_SNP_PANEL,ZENODO_10369064__059,414,44,44,20,24,0,24,0,20,0.45454545454545453,0.0,1.0,1.0,0.0,0.5,0.0,nan,0.5454545454545454,0.5,0.45454545454545453,0.45454545454545453,0.515625,0.4627622377622378,0.2793686720137115,0.13763366605539654,0.33061228898323824
SIZE_PREVALENCE_MATCHED_RANDOM_CORE_SNP_PANEL,clarithromycin,RANDOM_CORE_SNP_LOGISTIC,RANDOM_ISOLATE_RANDOM_SNP_PANEL,60,331,83,83,22,61,0,61,0,22,0.26506024096385544,0.0,1.0,1.0,0.0,0.5,0.0,nan,0.7349397590361446,0.5,0.26506024096385544,0.26506024096385544,0.4616244411326378,0.25448384446878425,0.19594765480329085,-4.7470311500991,-3.4717747282170954
SIZE_PREVALENCE_MATCHED_RANDOM_CORE_SNP_PANEL,clarithromycin,RANDOM_CORE_SNP_LOGISTIC,HPGP_TO_EXTERNAL_RANDOM_SNP_PANEL,ZENODO_10369064__060,414,44,44,20,24,0,24,0,20,0.45454545454545453,0.0,1.0,1.0,0.0,0.5,0.0,nan,0.5454545454545454,0.5,0.45454545454545453,0.45454545454545453,0.525,0.46818181818181814,0.27542483152993813,0.13416695881077823,0.3499819029689842
SIZE_PREVALENCE_MATCHED_RANDOM_CORE_SNP_PANEL,clarithromycin,RANDOM_CORE_SNP_LOGISTIC,RANDOM_ISOLATE_RANDOM_SNP_PANEL,61,331,83,83,22,61,0,61,0,22,0.26506024096385544,0.0,1.0,1.0,0.0,0.5,0.0,nan,0.7349397590361446,0.5,0.26506024096385544,0.26506024096385544,0.4806259314456035,0.26116587562370697,0.1971242426888526,-1.638668471655827,-0.561520472848929
SIZE_PREVALENCE_MATCHED_RANDOM_CORE_SNP_PANEL,clarithromycin,RANDOM_CORE_SNP_LOGISTIC,HPGP_TO_EXTERNAL_RANDOM_SNP_PANEL,ZENODO_10369064__061,414,44,44,20,24,0,24,0,20,0.45454545454545453,0.0,1.0,1.0,0.0,0.5,0.0,nan,0.5454545454545454,0.5,0.45454545454545453,0.45454545454545453,0.6625,0.5624505928853755,0.26264056393007357,2.735216654144854,3.279622651657539
SIZE_PREVALENCE_MATCHED_RANDOM_CORE_SNP_PANEL,clarithromycin,RANDOM_CORE_SNP_LOGISTIC,RANDOM_ISOLATE_RANDOM_SNP_PANEL,62,331,83,83,22,61,0,61,0,22,0.26506024096385544,0.0,1.0,1.0,0.0,0.5,0.0,nan,0.7349397590361446,0.5,0.26506024096385544,0.26506024096385544,0.5827123695976156,0.3057749338662465,0.19280583226104667,0.8532447970173858,1.7935589224194293
SIZE_PREVALENCE_MATCHED_RANDOM_CORE_SNP_PANEL,clarithromycin,RANDOM_CORE_SNP_LOGISTIC,HPGP_TO_EXTERNAL_RANDOM_SNP_PANEL,ZENODO_10369064__062,414,44,44,20,24,0,24,0,20,0.45454545454545453,0.0,1.0,1.0,0.0,0.5,0.0,nan,0.5454545454545454,0.5,0.45454545454545453,0.45454545454545453,0.5,0.45454545454545453,0.2770144928978277,nan,nan
SIZE_PREVALENCE_MATCHED_RANDOM_CORE_SNP_PANEL,clarithromycin,RANDOM_CORE_SNP_LOGISTIC,RANDOM_ISOLATE_RANDOM_SNP_PANEL,63,331,83,83,22,61,0,61,0,22,0.26506024096385544,0.0,1.0,1.0,0.0,0.5,0.0,nan,0.7349397590361446,0.5,0.26506024096385544,0.26506024096385544,0.4612518628912071,0.25131056567163784,0.19677834097903998,-2.0253064606638516,-0.9590365864041873
SIZE_PREVALENCE_MATCHED_RANDOM_CORE_SNP_PANEL,clarithromycin,RANDOM_CORE_SNP_LOGISTIC,HPGP_TO_EXTERNAL_RANDOM_SNP_PANEL,ZENODO_10369064__063,414,44,44,20,24,0,24,0,20,0.45454545454545453,0.0,1.0,1.0,0.0,0.5,0.0,nan,0.5454545454545454,0.5,0.45454545454545453,0.45454545454545453,0.5375,0.4779220779220779,0.2839641887917343,3.814965450781213,3.8619837804067814
SIZE_PREVALENCE_MATCHED_RANDOM_CORE_SNP_PANEL,clarithromycin,RANDOM_CORE_SNP_LOGISTIC,RANDOM_ISOLATE_RANDOM_SNP_PANEL,64,331,83,83,22,61,0,61,0,22,0.26506024096385544,0.0,1.0,1.0,0.0,0.5,0.0,nan,0.7349397590361446,0.5,0.26506024096385544,0.26506024096385544,0.6445603576751117,0.36795667518559083,0.19271454969551832,-0.09649399872194028,0.9472839958527172
SIZE_PREVALENCE_MATCHED_RANDOM_CORE_SNP_PANEL,clarithromycin,RANDOM_CORE_SNP_LOGISTIC,HPGP_TO_EXTERNAL_RANDOM_SNP_PANEL,ZENODO_10369064__064,414,44,44,20,24,0,24,0,20,0.45454545454545453,0.0,1.0,1.0,0.0,0.5,0.0,nan,0.5454545454545454,0.5,0.45454545454545453,0.45454545454545453,0.4624999999999999,0.4905624780624781,0.26944620797935454,-0.5400372985606402,-0.4823859584112661
SIZE_PREVALENCE_MATCHED_RANDOM_CORE_SNP_PANEL,clarithromycin,RANDOM_CORE_SNP_LOGISTIC,RANDOM_ISOLATE_RANDOM_SNP_PANEL,65,331,83,83,22,61,2,59,2,20,0.26506024096385544,0.09090909090909091,0.9672131147540983,0.9090909090909091,0.03278688524590164,0.5290611028315946,0.1197773784369052,0.5,0.7468354430379747,0.5290611028315946,0.2864184008762322,0.26506024096385544,0.4806259314456035,0.29622880235676247,0.19263860633838376,-0.18749321777711553,0.8043837899360843
SIZE_PREVALENCE_MATCHED_RANDOM_CORE_SNP_PANEL,clarithromycin,RANDOM_CORE_SNP_LOGISTIC,HPGP_TO_EXTERNAL_RANDOM_SNP_PANEL,ZENODO_10369064__065,414,44,44,20,24,1,23,1,19,0.45454545454545453,0.05,0.9583333333333334,0.95,0.041666666666666664,0.5041666666666667,0.019920476822239894,0.5,0.5476190476190477,0.5041666666666667,0.4568181818181818,0.45454545454545453,0.584375,0.5098484848484849,0.2862238116044898,0.013616323717456085,0.18900386735131214
SIZE_PREVALENCE_MATCHED_RANDOM_CORE_SNP_PANEL,clarithromycin,RANDOM_CORE_SNP_LOGISTIC,RANDOM_ISOLATE_RANDOM_SNP_PANEL,66,331,83,83,22,61,0,61,0,22,0.26506024096385544,0.0,1.0,1.0,0.0,0.5,0.0,nan,0.7349397590361446,0.5,0.26506024096385544,0.26506024096385544,0.4273472429210133,0.24570050537076535,0.19856348333150078,-4.067883702648626,-2.920492650558884
SIZE_PREVALENCE_MATCHED_RANDOM_CORE_SNP_PANEL,clarithromycin,RANDOM_CORE_SNP_LOGISTIC,HPGP_TO_EXTERNAL_RANDOM_SNP_PANEL,ZENODO_10369064__066,414,44,44,20,24,0,24,0,20,0.45454545454545453,0.0,1.0,1.0,0.0,0.5,0.0,nan,0.5454545454545454,0.5,0.45454545454545453,0.45454545454545453,0.390625,0.41919191919191917,0.28769936666676316,-19.656300155503388,-18.796165601284173
SIZE_PREVALENCE_MATCHED_RANDOM_CORE_SNP_PANEL,clarithromycin,RANDOM_CORE_SNP_LOGISTIC,RANDOM_ISOLATE_RANDOM_SNP_PANEL,67,331,83,83,22,61,0,61,0,22,0.26506024096385544,0.0,1.0,1.0,0.0,0.5,0.0,nan,0.7349397590361446,0.5,0.26506024096385544,0.26506024096385544,0.4038748137108792,0.23880978459291713,0.1954675583943442,-7.667986572055732,-6.443592573707092
SIZE_PREVALENCE_MATCHED_RANDOM_CORE_SNP_PANEL,clarithromycin,RANDOM_CORE_SNP_LOGISTIC,HPGP_TO_EXTERNAL_RANDOM_SNP_PANEL,ZENODO_10369064__067,414,44,44,20,24,0,24,0,20,0.45454545454545453,0.0,1.0,1.0,0.0,0.5,0.0,nan,0.5454545454545454,0.5,0.45454545454545453,0.45454545454545453,0.4791666666666667,0.45454545454545453,0.2879460445338386,-59.498389216716696,-55.43260279607797
SIZE_PREVALENCE_MATCHED_RANDOM_CORE_SNP_PANEL,clarithromycin,RANDOM_CORE_SNP_LOGISTIC,RANDOM_ISOLATE_RANDOM_SNP_PANEL,68,331,83,83,22,61,0,61,0,22,0.26506024096385544,0.0,1.0,1.0,0.0,0.5,0.0,nan,0.7349397590361446,0.5,0.26506024096385544,0.26506024096385544,0.536140089418778,0.2814180274818281,0.19406996395292553,-0.3916573083785417,0.5821405741632288
SIZE_PREVALENCE_MATCHED_RANDOM_CORE_SNP_PANEL,clarithromycin,RANDOM_CORE_SNP_LOGISTIC,HPGP_TO_EXTERNAL_RANDOM_SNP_PANEL,ZENODO_10369064__068,414,44,44,20,24,0,24,0,20,0.45454545454545453,0.0,1.0,1.0,0.0,0.5,0.0,nan,0.5454545454545454,0.5,0.45454545454545453,0.45454545454545453,0.41875,0.4175475687103594,0.29381812915946937,-3.610283657698354,-3.3520167890977786
SIZE_PREVALENCE_MATCHED_RANDOM_CORE_SNP_PANEL,clarithromycin,RANDOM_CORE_SNP_LOGISTIC,RANDOM_ISOLATE_RANDOM_SNP_PANEL,69,331,83,83,22,61,0,61,0,22,0.26506024096385544,0.0,1.0,1.0,0.0,0.5,0.0,nan,0.7349397590361446,0.5,0.26506024096385544,0.26506024096385544,0.5741430700447093,0.3086391018619934,0.19516810106007393,-1.0212425796072384,-0.0013832808840681951
SIZE_PREVALENCE_MATCHED_RANDOM_CORE_SNP_PANEL,clarithromycin,RANDOM_CORE_SNP_LOGISTIC,HPGP_TO_EXTERNAL_RANDOM_SNP_PANEL,ZENODO_10369064__069,414,44,44,20,24,0,24,0,20,0.45454545454545453,0.0,1.0,1.0,0.0,0.5,0.0,nan,0.5454545454545454,0.5,0.45454545454545453,0.45454545454545453,0.55,0.4839160839160839,0.28076933600968756,2.1544660341808965,2.3310571378974125
SIZE_PREVALENCE_MATCHED_RANDOM_CORE_SNP_PANEL,clarithromycin,RANDOM_CORE_SNP_LOGISTIC,RANDOM_ISOLATE_RANDOM_SNP_PANEL,70,331,83,83,22,61,0,61,0,22,0.26506024096385544,0.0,1.0,1.0,0.0,0.5,0.0,nan,0.7349397590361446,0.5,0.26506024096385544,0.26506024096385544,0.529806259314456,0.27833980044345896,0.19434062091726753,-0.26188350238307345,0.7229124817864059
SIZE_PREVALENCE_MATCHED_RANDOM_CORE_SNP_PANEL,clarithromycin,RANDOM_CORE_SNP_LOGISTIC,HPGP_TO_EXTERNAL_RANDOM_SNP_PANEL,ZENODO_10369064__070,414,44,44,20,24,0,24,0,20,0.45454545454545453,0.0,1.0,1.0,0.0,0.5,0.0,nan,0.5454545454545454,0.5,0.45454545454545453,0.45454545454545453,0.4875,0.4485795454545455,0.28255199857606406,-0.44974242383009466,-0.2739212140802688
SIZE_PREVALENCE_MATCHED_RANDOM_CORE_SNP_PANEL,clarithromycin,RANDOM_CORE_SNP_LOGISTIC,RANDOM_ISOLATE_RANDOM_SNP_PANEL,71,331,83,83,22,61,0,61,0,22,0.26506024096385544,0.0,1.0,1.0,0.0,0.5,0.0,nan,0.7349397590361446,0.5,0.26506024096385544,0.26506024096385544,0.6110283159463488,0.3190599388148204,0.18699421932427904,0.6144456955007451,1.5066673058731017
SIZE_PREVALENCE_MATCHED_RANDOM_CORE_SNP_PANEL,clarithromycin,RANDOM_CORE_SNP_LOGISTIC,HPGP_TO_EXTERNAL_RANDOM_SNP_PANEL,ZENODO_10369064__071,414,44,44,20,24,0,24,0,20,0.45454545454545453,0.0,1.0,1.0,0.0,0.5,0.0,nan,0.5454545454545454,0.5,0.45454545454545453,0.45454545454545453,0.4708333333333333,0.4405764966740576,0.281777613920875,-1.1116007330941617,-1.0119354501409825
SIZE_PREVALENCE_MATCHED_RANDOM_CORE_SNP_PANEL,clarithromycin,RANDOM_CORE_SNP_LOGISTIC,RANDOM_ISOLATE_RANDOM_SNP_PANEL,72,331,83,83,22,61,0,61,0,22,0.26506024096385544,0.0,1.0,1.0,0.0,0.5,0.0,nan,0.7349397590361446,0.5,0.26506024096385544,0.26506024096385544,0.5018628912071535,0.29384566760937914,0.19280452919656052,0.5038486747893786,1.5000821733039285
SIZE_PREVALENCE_MATCHED_RANDOM_CORE_SNP_PANEL,clarithromycin,RANDOM_CORE_SNP_LOGISTIC,HPGP_TO_EXTERNAL_RANDOM_SNP_PANEL,ZENODO_10369064__072,414,44,44,20,24,0,24,0,20,0.45454545454545453,0.0,1.0,1.0,0.0,0.5,0.0,nan,0.5454545454545454,0.5,0.45454545454545453,0.45454545454545453,0.5,0.45454545454545453,0.2868183864627416,-0.08586880489644982,0.09096804675659058
SIZE_PREVALENCE_MATCHED_RANDOM_CORE_SNP_PANEL,clarithromycin,RANDOM_CORE_SNP_LOGISTIC,RANDOM_ISOLATE_RANDOM_SNP_PANEL,73,331,83,83,22,61,0,61,0,22,0.26506024096385544,0.0,1.0,1.0,0.0,0.5,0.0,nan,0.7349397590361446,0.5,0.26506024096385544,0.26506024096385544,0.4366616989567808,0.2534227820372399,0.1966887614365819,-10.504397265500673,-9.224628529952088
SIZE_PREVALENCE_MATCHED_RANDOM_CORE_SNP_PANEL,clarithromycin,RANDOM_CORE_SNP_LOGISTIC,HPGP_TO_EXTERNAL_RANDOM_SNP_PANEL,ZENODO_10369064__073,414,44,44,20,24,0,24,0,20,0.45454545454545453,0.0,1.0,1.0,0.0,0.5,0.0,nan,0.5454545454545454,0.5,0.45454545454545453,0.45454545454545453,0.4875,0.4490909090909091,0.2840334755685178,-0.08912504951851528,0.09110805365550807
SIZE_PREVALENCE_MATCHED_RANDOM_CORE_SNP_PANEL,clarithromycin,RANDOM_CORE_SNP_LOGISTIC,RANDOM_ISOLATE_RANDOM_SNP_PANEL,74,331,83,83,22,61,0,61,0,22,0.26506024096385544,0.0,1.0,1.0,0.0,0.5,0.0,nan,0.7349397590361446,0.5,0.26506024096385544,0.26506024096385544,0.5320417287630401,0.28265126622191244,0.19728379816856786,-1.0695941758828196,-0.04864625851380657
SIZE_PREVALENCE_MATCHED_RANDOM_CORE_SNP_PANEL,clarithromycin,RANDOM_CORE_SNP_LOGISTIC,HPGP_TO_EXTERNAL_RANDOM_SNP_PANEL,ZENODO_10369064__074,414,44,44,20,24,0,24,0,20,0.45454545454545453,0.0,1.0,1.0,0.0,0.5,0.0,nan,0.5454545454545454,0.5,0.45454545454545453,0.45454545454545453,0.525,0.48181818181818176,0.28623912414101915,12.252640938879,11.350557511521323
SIZE_PREVALENCE_MATCHED_RANDOM_CORE_SNP_PANEL,clarithromycin,RANDOM_CORE_SNP_LOGISTIC,RANDOM_ISOLATE_RANDOM_SNP_PANEL,75,331,83,83,22,61,0,61,0,22,0.26506024096385544,0.0,1.0,1.0,0.0,0.5,0.0,nan,0.7349397590361446,0.5,0.26506024096385544,0.26506024096385544,0.5339046199701938,0.2822132686590518,0.1937621000611835,-0.030155875476294725,0.9983605854729046
SIZE_PREVALENCE_MATCHED_RANDOM_CORE_SNP_PANEL,clarithromycin,RANDOM_CORE_SNP_LOGISTIC,HPGP_TO_EXTERNAL_RANDOM_SNP_PANEL,ZENODO_10369064__075,414,44,44,20,24,0,24,0,20,0.45454545454545453,0.0,1.0,1.0,0.0,0.5,0.0,nan,0.5454545454545454,0.5,0.45454545454545453,0.45454545454545453,0.475,0.44249471458773787,0.2812250841370508,-14.319084390301601,-14.95301874986054
SIZE_PREVALENCE_MATCHED_RANDOM_CORE_SNP_PANEL,clarithromycin,RANDOM_CORE_SNP_LOGISTIC,RANDOM_ISOLATE_RANDOM_SNP_PANEL,76,331,83,83,22,61,0,61,0,22,0.26506024096385544,0.0,1.0,1.0,0.0,0.5,0.0,nan,0.7349397590361446,0.5,0.26506024096385544,0.26506024096385544,0.4429955290611027,0.2482335760152911,0.19914922460096043,-2.693511621228444,-1.5799570163094896
SIZE_PREVALENCE_MATCHED_RANDOM_CORE_SNP_PANEL,clarithromycin,RANDOM_CORE_SNP_LOGISTIC,HPGP_TO_EXTERNAL_RANDOM_SNP_PANEL,ZENODO_10369064__076,414,44,44,20,24,0,24,0,20,0.45454545454545453,0.0,1.0,1.0,0.0,0.5,0.0,nan,0.5454545454545454,0.5,0.45454545454545453,0.45454545454545453,0.5541666666666666,0.4860606060606061,0.2870861430464324,8.565799798845585,8.168382675412497
SIZE_PREVALENCE_MATCHED_RANDOM_CORE_SNP_PANEL,clarithromycin,RANDOM_CORE_SNP_LOGISTIC,RANDOM_ISOLATE_RANDOM_SNP_PANEL,77,331,83,83,22,61,0,61,0,22,0.26506024096385544,0.0,1.0,1.0,0.0,0.5,0.0,nan,0.7349397590361446,0.5,0.26506024096385544,0.26506024096385544,0.5,0.2819590048505711,0.1940267313693585,-0.17455413235509773,0.8125013410063604
SIZE_PREVALENCE_MATCHED_RANDOM_CORE_SNP_PANEL,clarithromycin,RANDOM_CORE_SNP_LOGISTIC,HPGP_TO_EXTERNAL_RANDOM_SNP_PANEL,ZENODO_10369064__077,414,44,44,20,24,0,24,0,20,0.45454545454545453,0.0,1.0,1.0,0.0,0.5,0.0,nan,0.5454545454545454,0.5,0.45454545454545453,0.45454545454545453,0.4958333333333333,0.4524891774891775,0.27857758666400295,-0.5592449628590995,-0.4011181385154847
SIZE_PREVALENCE_MATCHED_RANDOM_CORE_SNP_PANEL,clarithromycin,RANDOM_CORE_SNP_LOGISTIC,RANDOM_ISOLATE_RANDOM_SNP_PANEL,78,331,83,83,22,61,0,61,0,22,0.26506024096385544,0.0,1.0,1.0,0.0,0.5,0.0,nan,0.7349397590361446,0.5,0.26506024096385544,0.26506024096385544,0.4288375558867362,0.2406466776195692,0.19742451503998099,-1.616527304509949,-0.5621861045182804
SIZE_PREVALENCE_MATCHED_RANDOM_CORE_SNP_PANEL,clarithromycin,RANDOM_CORE_SNP_LOGISTIC,HPGP_TO_EXTERNAL_RANDOM_SNP_PANEL,ZENODO_10369064__078,414,44,44,20,24,0,24,0,20,0.45454545454545453,0.0,1.0,1.0,0.0,0.5,0.0,nan,0.5454545454545454,0.5,0.45454545454545453,0.45454545454545453,0.5479166666666667,0.48527131782945737,0.28224603922572994,13.495168112433511,13.382586257301202
SIZE_PREVALENCE_MATCHED_RANDOM_CORE_SNP_PANEL,clarithromycin,RANDOM_CORE_SNP_LOGISTIC,RANDOM_ISOLATE_RANDOM_SNP_PANEL,79,331,83,83,22,61,0,61,0,22,0.26506024096385544,0.0,1.0,1.0,0.0,0.5,0.0,nan,0.7349397590361446,0.5,0.26506024096385544,0.26506024096385544,0.5033532041728763,0.2679505902397469,0.1948352356139808,-0.49426525905845636,0.5093456982148084
SIZE_PREVALENCE_MATCHED_RANDOM_CORE_SNP_PANEL,clarithromycin,RANDOM_CORE_SNP_LOGISTIC,HPGP_TO_EXTERNAL_RANDOM_SNP_PANEL,ZENODO_10369064__079,414,44,44,20,24,0,24,0,20,0.45454545454545453,0.0,1.0,1.0,0.0,0.5,0.0,nan,0.5454545454545454,0.5,0.45454545454545453,0.45454545454545453,0.525,0.48181818181818176,0.28487995934090515,107.76171840892079,103.8930863002658
SIZE_PREVALENCE_MATCHED_RANDOM_CORE_SNP_PANEL,clarithromycin,RANDOM_CORE_SNP_LOGISTIC,RANDOM_ISOLATE_RANDOM_SNP_PANEL,80,331,83,83,22,61,0,61,0,22,0.26506024096385544,0.0,1.0,1.0,0.0,0.5,0.0,nan,0.7349397590361446,0.5,0.26506024096385544,0.26506024096385544,0.5581222056631893,0.29378754868950946,0.193472455538747,4.464187261395358,5.3394920952802885
SIZE_PREVALENCE_MATCHED_RANDOM_CORE_SNP_PANEL,clarithromycin,RANDOM_CORE_SNP_LOGISTIC,HPGP_TO_EXTERNAL_RANDOM_SNP_PANEL,ZENODO_10369064__080,414,44,44,20,24,0,24,0,20,0.45454545454545453,0.0,1.0,1.0,0.0,0.5,0.0,nan,0.5454545454545454,0.5,0.45454545454545453,0.45454545454545453,0.4854166666666666,0.44777962347729794,0.286620671246413,-0.08605738854359951,0.09131222603055227
SIZE_PREVALENCE_MATCHED_RANDOM_CORE_SNP_PANEL,clarithromycin,RANDOM_CORE_SNP_LOGISTIC,RANDOM_ISOLATE_RANDOM_SNP_PANEL,81,331,83,83,22,61,0,61,0,22,0.26506024096385544,0.0,1.0,1.0,0.0,0.5,0.0,nan,0.7349397590361446,0.5,0.26506024096385544,0.26506024096385544,0.6087928464977646,0.3204398011626927,0.19106266661242063,2.4298946264629517,3.353263157296337
SIZE_PREVALENCE_MATCHED_RANDOM_CORE_SNP_PANEL,clarithromycin,RANDOM_CORE_SNP_LOGISTIC,HPGP_TO_EXTERNAL_RANDOM_SNP_PANEL,ZENODO_10369064__081,414,44,44,20,24,0,24,0,20,0.45454545454545453,0.0,1.0,1.0,0.0,0.5,0.0,nan,0.5454545454545454,0.5,0.45454545454545453,0.45454545454545453,0.4572916666666666,0.46297117516629716,0.2835367035009753,-1.3284038700594396,-1.2198157193302148
SIZE_PREVALENCE_MATCHED_RANDOM_CORE_SNP_PANEL,clarithromycin,RANDOM_CORE_SNP_LOGISTIC,RANDOM_ISOLATE_RANDOM_SNP_PANEL,82,331,83,83,22,61,0,61,0,22,0.26506024096385544,0.0,1.0,1.0,0.0,0.5,0.0,nan,0.7349397590361446,0.5,0.26506024096385544,0.26506024096385544,0.4552906110283159,0.25788845301040425,0.20260795817149166,-2.5409916560851356,-1.3690864702512235
SIZE_PREVALENCE_MATCHED_RANDOM_CORE_SNP_PANEL,clarithromycin,RANDOM_CORE_SNP_LOGISTIC,HPGP_TO_EXTERNAL_RANDOM_SNP_PANEL,ZENODO_10369064__082,414,44,44,20,24,0,24,0,20,0.45454545454545453,0.0,1.0,1.0,0.0,0.5,0.0,nan,0.5454545454545454,0.5,0.45454545454545453,0.45454545454545453,0.55,0.509090909090909,0.28621817246394615,21.345886200895684,19.200699622726596
SIZE_PREVALENCE_MATCHED_RANDOM_CORE_SNP_PANEL,clarithromycin,RANDOM_CORE_SNP_LOGISTIC,RANDOM_ISOLATE_RANDOM_SNP_PANEL,83,331,83,83,22,61,0,61,0,22,0.26506024096385544,0.0,1.0,1.0,0.0,0.5,0.0,nan,0.7349397590361446,0.5,0.26506024096385544,0.26506024096385544,0.496274217585693,0.2654040404040404,0.1933364600604678,0.5310648453074813,1.5113503976948668
SIZE_PREVALENCE_MATCHED_RANDOM_CORE_SNP_PANEL,clarithromycin,RANDOM_CORE_SNP_LOGISTIC,HPGP_TO_EXTERNAL_RANDOM_SNP_PANEL,ZENODO_10369064__083,414,44,44,20,24,0,24,0,20,0.45454545454545453,0.0,1.0,1.0,0.0,0.5,0.0,nan,0.5454545454545454,0.5,0.45454545454545453,0.45454545454545453,0.4145833333333333,0.4151534198045826,0.287458253476958,-21.924138462468335,-22.463499485325222
SIZE_PREVALENCE_MATCHED_RANDOM_CORE_SNP_PANEL,clarithromycin,RANDOM_CORE_SNP_LOGISTIC,RANDOM_ISOLATE_RANDOM_SNP_PANEL,84,331,83,83,22,61,0,61,0,22,0.26506024096385544,0.0,1.0,1.0,0.0,0.5,0.0,nan,0.7349397590361446,0.5,0.26506024096385544,0.26506024096385544,0.5275707898658719,0.28291685065552413,0.19611872346348394,-4.609392168353083,-3.5206224700290334
SIZE_PREVALENCE_MATCHED_RANDOM_CORE_SNP_PANEL,clarithromycin,RANDOM_CORE_SNP_LOGISTIC,HPGP_TO_EXTERNAL_RANDOM_SNP_PANEL,ZENODO_10369064__084,414,44,44,20,24,0,24,0,20,0.45454545454545453,0.0,1.0,1.0,0.0,0.5,0.0,nan,0.5454545454545454,0.5,0.45454545454545453,0.45454545454545453,0.4041666666666667,0.4218181818181818,0.29892356953711324,-3.463473854723628,-2.8615349141619886
SIZE_PREVALENCE_MATCHED_RANDOM_CORE_SNP_PANEL,clarithromycin,RANDOM_CORE_SNP_LOGISTIC,RANDOM_ISOLATE_RANDOM_SNP_PANEL,85,331,83,83,22,61,0,61,0,22,0.26506024096385544,0.0,1.0,1.0,0.0,0.5,0.0,nan,0.7349397590361446,0.5,0.26506024096385544,0.26506024096385544,0.5495529061102831,0.2979477719490402,0.19259250343141698,0.34213962716456536,1.317982028195345
SIZE_PREVALENCE_MATCHED_RANDOM_CORE_SNP_PANEL,clarithromycin,RANDOM_CORE_SNP_LOGISTIC,HPGP_TO_EXTERNAL_RANDOM_SNP_PANEL,ZENODO_10369064__085,414,44,44,20,24,0,24,0,20,0.45454545454545453,0.0,1.0,1.0,0.0,0.5,0.0,nan,0.5454545454545454,0.5,0.45454545454545453,0.45454545454545453,0.39375,0.40612885612885613,0.2775031982226275,-2.732242671913254,-3.3396577853986824
SIZE_PREVALENCE_MATCHED_RANDOM_CORE_SNP_PANEL,clarithromycin,RANDOM_CORE_SNP_LOGISTIC,RANDOM_ISOLATE_RANDOM_SNP_PANEL,86,331,83,83,22,61,0,61,0,22,0.26506024096385544,0.0,1.0,1.0,0.0,0.5,0.0,nan,0.7349397590361446,0.5,0.26506024096385544,0.26506024096385544,0.5208643815201193,0.2739574900392082,0.1971564739455376,-0.8212144087070768,0.20357331557067843
SIZE_PREVALENCE_MATCHED_RANDOM_CORE_SNP_PANEL,clarithromycin,RANDOM_CORE_SNP_LOGISTIC,HPGP_TO_EXTERNAL_RANDOM_SNP_PANEL,ZENODO_10369064__086,414,44,44,20,24,0,24,0,20,0.45454545454545453,0.0,1.0,1.0,0.0,0.5,0.0,nan,0.5454545454545454,0.5,0.45454545454545453,0.45454545454545453,0.4916666666666667,0.45045454545454544,0.2796873374031052,-0.3828972135406301,-0.21506887849262032
SIZE_PREVALENCE_MATCHED_RANDOM_CORE_SNP_PANEL,clarithromycin,RANDOM_CORE_SNP_LOGISTIC,RANDOM_ISOLATE_RANDOM_SNP_PANEL,87,331,83,83,22,61,0,61,0,22,0.26506024096385544,0.0,1.0,1.0,0.0,0.5,0.0,nan,0.7349397590361446,0.5,0.26506024096385544,0.26506024096385544,0.5171385991058123,0.27476619765776394,0.19468159264883875,-0.4003571035922079,0.5986401905689512
SIZE_PREVALENCE_MATCHED_RANDOM_CORE_SNP_PANEL,clarithromycin,RANDOM_CORE_SNP_LOGISTIC,HPGP_TO_EXTERNAL_RANDOM_SNP_PANEL,ZENODO_10369064__087,414,44,44,20,24,0,24,0,20,0.45454545454545453,0.0,1.0,1.0,0.0,0.5,0.0,nan,0.5454545454545454,0.5,0.45454545454545453,0.45454545454545453,0.5,0.45454545454545453,0.2795416746916988,nan,nan
SIZE_PREVALENCE_MATCHED_RANDOM_CORE_SNP_PANEL,clarithromycin,RANDOM_CORE_SNP_LOGISTIC,RANDOM_ISOLATE_RANDOM_SNP_PANEL,88,331,83,83,22,61,0,61,0,22,0.26506024096385544,0.0,1.0,1.0,0.0,0.5,0.0,nan,0.7349397590361446,0.5,0.26506024096385544,0.26506024096385544,0.5644560357675111,0.2932619214987494,0.1915060973701872,-0.2049107989879041,0.8206160576843082
SIZE_PREVALENCE_MATCHED_RANDOM_CORE_SNP_PANEL,clarithromycin,RANDOM_CORE_SNP_LOGISTIC,HPGP_TO_EXTERNAL_RANDOM_SNP_PANEL,ZENODO_10369064__088,414,44,44,20,24,0,24,0,20,0.45454545454545453,0.0,1.0,1.0,0.0,0.5,0.0,nan,0.5454545454545454,0.5,0.45454545454545453,0.45454545454545453,0.5,0.45454545454545453,0.27220647366531053,nan,nan
SIZE_PREVALENCE_MATCHED_RANDOM_CORE_SNP_PANEL,clarithromycin,RANDOM_CORE_SNP_LOGISTIC,RANDOM_ISOLATE_RANDOM_SNP_PANEL,89,331,83,83,22,61,0,61,0,22,0.26506024096385544,0.0,1.0,1.0,0.0,0.5,0.0,nan,0.7349397590361446,0.5,0.26506024096385544,0.26506024096385544,0.4530551415797317,0.2472187451103114,0.19728893935701858,-3.2785710712819505,-2.2483555819942356
SIZE_PREVALENCE_MATCHED_RANDOM_CORE_SNP_PANEL,clarithromycin,RANDOM_CORE_SNP_LOGISTIC,HPGP_TO_EXTERNAL_RANDOM_SNP_PANEL,ZENODO_10369064__089,414,44,44,20,24,0,24,0,20,0.45454545454545453,0.0,1.0,1.0,0.0,0.5,0.0,nan,0.5454545454545454,0.5,0.45454545454545453,0.45454545454545453,0.5104166666666666,0.4608391608391609,0.282604335429437,0.38711299650880115,0.5669067228069784
SIZE_PREVALENCE_MATCHED_RANDOM_CORE_SNP_PANEL,clarithromycin,RANDOM_CORE_SNP_LOGISTIC,RANDOM_ISOLATE_RANDOM_SNP_PANEL,90,331,83,83,22,61,0,61,0,22,0.26506024096385544,0.0,1.0,1.0,0.0,0.5,0.0,nan,0.7349397590361446,0.5,0.26506024096385544,0.26506024096385544,0.5216095380029806,0.27285369483800304,0.19423866758412986,0.05836096872266418,1.045245945242078
SIZE_PREVALENCE_MATCHED_RANDOM_CORE_SNP_PANEL,clarithromycin,RANDOM_CORE_SNP_LOGISTIC,HPGP_TO_EXTERNAL_RANDOM_SNP_PANEL,ZENODO_10369064__090,414,44,44,20,24,0,24,0,20,0.45454545454545453,0.0,1.0,1.0,0.0,0.5,0.0,nan,0.5454545454545454,0.5,0.45454545454545453,0.45454545454545453,0.5177083333333333,0.4713397129186603,0.2836320598292082,-0.81991612458458,-0.6337051540519958
SIZE_PREVALENCE_MATCHED_RANDOM_CORE_SNP_PANEL,clarithromycin,RANDOM_CORE_SNP_LOGISTIC,RANDOM_ISOLATE_RANDOM_SNP_PANEL,91,331,83,83,22,61,0,61,0,22,0.26506024096385544,0.0,1.0,1.0,0.0,0.5,0.0,nan,0.7349397590361446,0.5,0.26506024096385544,0.26506024096385544,0.4523099850968703,0.2503458030199141,0.199003573817625,-2.3257005492434315,-1.2486769350250075
SIZE_PREVALENCE_MATCHED_RANDOM_CORE_SNP_PANEL,clarithromycin,RANDOM_CORE_SNP_LOGISTIC,HPGP_TO_EXTERNAL_RANDOM_SNP_PANEL,ZENODO_10369064__091,414,44,44,20,24,0,24,0,20,0.45454545454545453,0.0,1.0,1.0,0.0,0.5,0.0,nan,0.5454545454545454,0.5,0.45454545454545453,0.45454545454545453,0.5322916666666666,0.4721175166297118,0.2839883685914966,0.8599166148948761,1.001721436244043
SIZE_PREVALENCE_MATCHED_RANDOM_CORE_SNP_PANEL,clarithromycin,RANDOM_CORE_SNP_LOGISTIC,RANDOM_ISOLATE_RANDOM_SNP_PANEL,92,331,83,83,22,61,0,61,0,22,0.26506024096385544,0.0,1.0,1.0,0.0,0.5,0.0,nan,0.7349397590361446,0.5,0.26506024096385544,0.26506024096385544,0.588301043219076,0.35084138205715426,0.18931279625217465,0.6203994413129779,1.6564652326575164
SIZE_PREVALENCE_MATCHED_RANDOM_CORE_SNP_PANEL,clarithromycin,RANDOM_CORE_SNP_LOGISTIC,HPGP_TO_EXTERNAL_RANDOM_SNP_PANEL,ZENODO_10369064__092,414,44,44,20,24,0,24,0,20,0.45454545454545453,0.0,1.0,1.0,0.0,0.5,0.0,nan,0.5454545454545454,0.5,0.45454545454545453,0.45454545454545453,0.4958333333333333,0.4524891774891775,0.26029589586216023,-0.39044791964312087,-0.33096422143911036
SIZE_PREVALENCE_MATCHED_RANDOM_CORE_SNP_PANEL,clarithromycin,RANDOM_CORE_SNP_LOGISTIC,RANDOM_ISOLATE_RANDOM_SNP_PANEL,93,331,83,83,22,61,0,61,0,22,0.26506024096385544,0.0,1.0,1.0,0.0,0.5,0.0,nan,0.7349397590361446,0.5,0.26506024096385544,0.26506024096385544,0.5804769001490313,0.3254654983570647,0.19119614438456597,3.163631904262041,3.985147032263425
SIZE_PREVALENCE_MATCHED_RANDOM_CORE_SNP_PANEL,clarithromycin,RANDOM_CORE_SNP_LOGISTIC,HPGP_TO_EXTERNAL_RANDOM_SNP_PANEL,ZENODO_10369064__093,414,44,44,20,24,0,24,0,20,0.45454545454545453,0.0,1.0,1.0,0.0,0.5,0.0,nan,0.5454545454545454,0.5,0.45454545454545453,0.45454545454545453,0.5,0.45454545454545453,0.28123745470007927,nan,nan
SIZE_PREVALENCE_MATCHED_RANDOM_CORE_SNP_PANEL,clarithromycin,RANDOM_CORE_SNP_LOGISTIC,RANDOM_ISOLATE_RANDOM_SNP_PANEL,94,331,83,83,22,61,0,61,0,22,0.26506024096385544,0.0,1.0,1.0,0.0,0.5,0.0,nan,0.7349397590361446,0.5,0.26506024096385544,0.26506024096385544,0.5581222056631894,0.29143070044709385,0.19299758495982738,-0.15288875371408894,0.8249731854028027
SIZE_PREVALENCE_MATCHED_RANDOM_CORE_SNP_PANEL,clarithromycin,RANDOM_CORE_SNP_LOGISTIC,HPGP_TO_EXTERNAL_RANDOM_SNP_PANEL,ZENODO_10369064__094,414,44,44,20,24,0,24,0,20,0.45454545454545453,0.0,1.0,1.0,0.0,0.5,0.0,nan,0.5454545454545454,0.5,0.45454545454545453,0.45454545454545453,0.5,0.45454545454545453,0.27482823730274947,nan,nan
SIZE_PREVALENCE_MATCHED_RANDOM_CORE_SNP_PANEL,clarithromycin,RANDOM_CORE_SNP_LOGISTIC,RANDOM_ISOLATE_RANDOM_SNP_PANEL,95,331,83,83,22,61,0,61,0,22,0.26506024096385544,0.0,1.0,1.0,0.0,0.5,0.0,nan,0.7349397590361446,0.5,0.26506024096385544,0.26506024096385544,0.4728017883755588,0.2568446807758895,0.19579122146771494,-3.4633517090456265,-2.360368606163971
SIZE_PREVALENCE_MATCHED_RANDOM_CORE_SNP_PANEL,clarithromycin,RANDOM_CORE_SNP_LOGISTIC,HPGP_TO_EXTERNAL_RANDOM_SNP_PANEL,ZENODO_10369064__095,414,44,44,20,24,0,24,0,20,0.45454545454545453,0.0,1.0,1.0,0.0,0.5,0.0,nan,0.5454545454545454,0.5,0.45454545454545453,0.45454545454545453,0.55,0.509090909090909,0.2853808928212294,175.32428107003815,167.70467460811778
SIZE_PREVALENCE_MATCHED_RANDOM_CORE_SNP_PANEL,clarithromycin,RANDOM_CORE_SNP_LOGISTIC,RANDOM_ISOLATE_RANDOM_SNP_PANEL,96,331,83,83,22,61,0,61,0,22,0.26506024096385544,0.0,1.0,1.0,0.0,0.5,0.0,nan,0.7349397590361446,0.5,0.26506024096385544,0.26506024096385544,0.6788375558867362,0.4155278272925332,0.1892607276072226,8.954569985312082,9.859783936868554
SIZE_PREVALENCE_MATCHED_RANDOM_CORE_SNP_PANEL,clarithromycin,RANDOM_CORE_SNP_LOGISTIC,HPGP_TO_EXTERNAL_RANDOM_SNP_PANEL,ZENODO_10369064__096,414,44,44,20,24,0,24,0,20,0.45454545454545453,0.0,1.0,1.0,0.0,0.5,0.0,nan,0.5454545454545454,0.5,0.45454545454545453,0.45454545454545453,0.5208333333333334,0.4653679653679653,0.2747386573897726,0.12553981365838418,0.34356899577813016
SIZE_PREVALENCE_MATCHED_RANDOM_CORE_SNP_PANEL,clarithromycin,RANDOM_CORE_SNP_LOGISTIC,RANDOM_ISOLATE_RANDOM_SNP_PANEL,97,331,83,83,22,61,0,61,0,22,0.26506024096385544,0.0,1.0,1.0,0.0,0.5,0.0,nan,0.7349397590361446,0.5,0.26506024096385544,0.26506024096385544,0.6076751117734724,0.3152582204688635,0.18659746559806537,0.9448960024740098,1.9767297472063132
SIZE_PREVALENCE_MATCHED_RANDOM_CORE_SNP_PANEL,clarithromycin,RANDOM_CORE_SNP_LOGISTIC,HPGP_TO_EXTERNAL_RANDOM_SNP_PANEL,ZENODO_10369064__097,414,44,44,20,24,0,24,0,20,0.45454545454545453,0.0,1.0,1.0,0.0,0.5,0.0,nan,0.5454545454545454,0.5,0.45454545454545453,0.45454545454545453,0.5,0.45454545454545453,0.2712237141891708,nan,nan
SIZE_PREVALENCE_MATCHED_RANDOM_CORE_SNP_PANEL,clarithromycin,RANDOM_CORE_SNP_LOGISTIC,RANDOM_ISOLATE_RANDOM_SNP_PANEL,98,331,83,83,22,61,0,61,0,22,0.26506024096385544,0.0,1.0,1.0,0.0,0.5,0.0,nan,0.7349397590361446,0.5,0.26506024096385544,0.26506024096385544,0.4839791356184799,0.25881127817053334,0.1949173885636702,-5.465663638831967,-4.324701231917712
SIZE_PREVALENCE_MATCHED_RANDOM_CORE_SNP_PANEL,clarithromycin,RANDOM_CORE_SNP_LOGISTIC,HPGP_TO_EXTERNAL_RANDOM_SNP_PANEL,ZENODO_10369064__098,414,44,44,20,24,0,24,0,20,0.45454545454545453,0.0,1.0,1.0,0.0,0.5,0.0,nan,0.5454545454545454,0.5,0.45454545454545453,0.45454545454545453,0.4708333333333333,0.4405764966740576,0.28440804339786613,-52.408308768829556,-50.89743077876066
SIZE_PREVALENCE_MATCHED_RANDOM_CORE_SNP_PANEL,clarithromycin,RANDOM_CORE_SNP_LOGISTIC,RANDOM_ISOLATE_RANDOM_SNP_PANEL,99,331,83,83,22,61,0,61,0,22,0.26506024096385544,0.0,1.0,1.0,0.0,0.5,0.0,nan,0.7349397590361446,0.5,0.26506024096385544,0.26506024096385544,0.4925484351713859,0.26219203626935816,0.1955080310127305,-1.4541219944587371,-0.4218032339555563
SIZE_PREVALENCE_MATCHED_RANDOM_CORE_SNP_PANEL,clarithromycin,RANDOM_CORE_SNP_LOGISTIC,HPGP_TO_EXTERNAL_RANDOM_SNP_PANEL,ZENODO_10369064__099,414,44,44,20,24,0,24,0,20,0.45454545454545453,0.0,1.0,1.0,0.0,0.5,0.0,nan,0.5454545454545454,0.5,0.45454545454545453,0.45454545454545453,0.4208333333333333,0.4191142191142191,0.27925188335364565,-10.022933314736083,-10.724380921046082
SIZE_PREVALENCE_MATCHED_RANDOM_CORE_SNP_PANEL,clarithromycin,RANDOM_CORE_SNP_LOGISTIC,RANDOM_ISOLATE_RANDOM_SNP_PANEL,100,331,83,83,22,61,0,61,0,22,0.26506024096385544,0.0,1.0,1.0,0.0,0.5,0.0,nan,0.7349397590361446,0.5,0.26506024096385544,0.26506024096385544,0.4001490312965723,0.2430819960940443,0.19994597243620943,-4.152907401613771,-3.0153281132246668
SIZE_PREVALENCE_MATCHED_RANDOM_CORE_SNP_PANEL,clarithromycin,RANDOM_CORE_SNP_LOGISTIC,HPGP_TO_EXTERNAL_RANDOM_SNP_PANEL,ZENODO_10369064__100,414,44,44,20,24,0,24,0,20,0.45454545454545453,0.0,1.0,1.0,0.0,0.5,0.0,nan,0.5454545454545454,0.5,0.45454545454545453,0.45454545454545453,0.4666666666666667,0.43896103896103894,0.281510824122043,-2.6940334296537674,-2.57029215287056
SIZE_PREVALENCE_MATCHED_RANDOM_CORE_SNP_PANEL,levofloxacin,RANDOM_CORE_SNP_LOGISTIC,RANDOM_ISOLATE_RANDOM_SNP_PANEL,1,331,83,83,27,56,0,56,0,27,0.3253012048192771,0.0,1.0,1.0,0.0,0.5,0.0,nan,0.6746987951807228,0.5,0.3253012048192771,0.3253012048192771,0.5231481481481481,0.33644733734339466,0.21758339782542668,0.655877222600537,1.874729759205149
SIZE_PREVALENCE_MATCHED_RANDOM_CORE_SNP_PANEL,levofloxacin,RANDOM_CORE_SNP_LOGISTIC,HPGP_TO_EXTERNAL_RANDOM_SNP_PANEL,CHINA_NINGXIA_2022__001,414,57,57,28,29,0,29,0,28,0.49122807017543857,0.0,1.0,1.0,0.0,0.5,0.0,nan,0.5087719298245614,0.5,0.49122807017543857,0.49122807017543857,0.477832512315271,0.49409693370893537,0.2849868879428526,-0.02063778781399959,0.018094029051691343
SIZE_PREVALENCE_MATCHED_RANDOM_CORE_SNP_PANEL,levofloxacin,RANDOM_CORE_SNP_LOGISTIC,HPGP_TO_EXTERNAL_RANDOM_SNP_PANEL,ZENODO_10369064__001,414,39,39,16,23,0,23,0,16,0.41025641025641024,0.0,1.0,1.0,0.0,0.5,0.0,nan,0.5897435897435898,0.5,0.41025641025641024,0.41025641025641024,0.608695652173913,0.4851289156246053,0.24786744479989636,0.5969899802323301,1.2048541383017626
SIZE_PREVALENCE_MATCHED_RANDOM_CORE_SNP_PANEL,levofloxacin,RANDOM_CORE_SNP_LOGISTIC,RANDOM_ISOLATE_RANDOM_SNP_PANEL,2,331,83,83,27,56,0,56,0,27,0.3253012048192771,0.0,1.0,1.0,0.0,0.5,0.0,nan,0.6746987951807228,0.5,0.3253012048192771,0.3253012048192771,0.5625,0.35856458095413923,0.2173066633258439,1.9794683840877285,3.692786362359354
SIZE_PREVALENCE_MATCHED_RANDOM_CORE_SNP_PANEL,levofloxacin,RANDOM_CORE_SNP_LOGISTIC,HPGP_TO_EXTERNAL_RANDOM_SNP_PANEL,CHINA_NINGXIA_2022__002,414,57,57,28,29,0,29,0,28,0.49122807017543857,0.0,1.0,1.0,0.0,0.5,0.0,nan,0.5087719298245614,0.5,0.49122807017543857,0.49122807017543857,0.5480295566502463,0.5350877192982456,0.27700687294847703,0.9374562348952877,1.3070357551246126
SIZE_PREVALENCE_MATCHED_RANDOM_CORE_SNP_PANEL,levofloxacin,RANDOM_CORE_SNP_LOGISTIC,HPGP_TO_EXTERNAL_RANDOM_SNP_PANEL,ZENODO_10369064__002,414,39,39,16,23,0,23,0,16,0.41025641025641024,0.0,1.0,1.0,0.0,0.5,0.0,nan,0.5897435897435898,0.5,0.41025641025641024,0.41025641025641024,0.4701086956521739,0.40570859320859326,0.2508879813643388,-1.4190161981141802,-1.4475622611371775
SIZE_PREVALENCE_MATCHED_RANDOM_CORE_SNP_PANEL,levofloxacin,RANDOM_CORE_SNP_LOGISTIC,RANDOM_ISOLATE_RANDOM_SNP_PANEL,3,331,83,83,27,56,0,56,0,27,0.3253012048192771,0.0,1.0,1.0,0.0,0.5,0.0,nan,0.6746987951807228,0.5,0.3253012048192771,0.3253012048192771,0.5178571428571428,0.3354890233217659,0.22074201065793655,-0.5643915145321778,0.21070848904189055
SIZE_PREVALENCE_MATCHED_RANDOM_CORE_SNP_PANEL,levofloxacin,RANDOM_CORE_SNP_LOGISTIC,HPGP_TO_EXTERNAL_RANDOM_SNP_PANEL,CHINA_NINGXIA_2022__003,414,57,57,28,29,0,29,0,28,0.49122807017543857,0.0,1.0,1.0,0.0,0.5,0.0,nan,0.5087719298245614,0.5,0.49122807017543857,0.49122807017543857,0.4064039408866995,0.4419168673808986,0.2809074895835177,-1.0310594601178948,-1.5289630754859929
SIZE_PREVALENCE_MATCHED_RANDOM_CORE_SNP_PANEL,levofloxacin,RANDOM_CORE_SNP_LOGISTIC,HPGP_TO_EXTERNAL_RANDOM_SNP_PANEL,ZENODO_10369064__003,414,39,39,16,23,0,23,0,16,0.41025641025641024,0.0,1.0,1.0,0.0,0.5,0.0,nan,0.5897435897435898,0.5,0.41025641025641024,0.41025641025641024,0.4048913043478261,0.3669167198653086,0.2577499645130024,-1.4025293823808942,-1.5430220067929281
SIZE_PREVALENCE_MATCHED_RANDOM_CORE_SNP_PANEL,levofloxacin,RANDOM_CORE_SNP_LOGISTIC,RANDOM_ISOLATE_RANDOM_SNP_PANEL,4,331,83,83,27,56,0,56,0,27,0.3253012048192771,0.0,1.0,1.0,0.0,0.5,0.0,nan,0.6746987951807228,0.5,0.3253012048192771,0.3253012048192771,0.5843253968253969,0.38032524670469814,0.21522873782099064,0.7407295412687861,2.0420722502776663
SIZE_PREVALENCE_MATCHED_RANDOM_CORE_SNP_PANEL,levofloxacin,RANDOM_CORE_SNP_LOGISTIC,HPGP_TO_EXTERNAL_RANDOM_SNP_PANEL,CHINA_NINGXIA_2022__004,414,57,57,28,29,0,29,0,28,0.49122807017543857,0.0,1.0,1.0,0.0,0.5,0.0,nan,0.5087719298245614,0.5,0.49122807017543857,0.49122807017543857,0.5,0.49815339069558395,0.27532510151123707,0.6466520189452933,0.953623352141539
SIZE_PREVALENCE_MATCHED_RANDOM_CORE_SNP_PANEL,levofloxacin,RANDOM_CORE_SNP_LOGISTIC,HPGP_TO_EXTERNAL_RANDOM_SNP_PANEL,ZENODO_10369064__004,414,39,39,16,23,0,23,0,16,0.41025641025641024,0.0,1.0,1.0,0.0,0.5,0.0,nan,0.5897435897435898,0.5,0.41025641025641024,0.41025641025641024,0.5869565217391304,0.4596153846153846,0.2449051550672239,1.6128902221735135,2.7539495641578897
SIZE_PREVALENCE_MATCHED_RANDOM_CORE_SNP_PANEL,levofloxacin,RANDOM_CORE_SNP_LOGISTIC,RANDOM_ISOLATE_RANDOM_SNP_PANEL,5,331,83,83,27,56,0,56,0,27,0.3253012048192771,0.0,1.0,1.0,0.0,0.5,0.0,nan,0.6746987951807228,0.5,0.3253012048192771,0.3253012048192771,0.5724206349206349,0.3708112874779541,0.22144656201223487,-0.7953930453317677,-0.09093006296027065
SIZE_PREVALENCE_MATCHED_RANDOM_CORE_SNP_PANEL,levofloxacin,RANDOM_CORE_SNP_LOGISTIC,HPGP_TO_EXTERNAL_RANDOM_SNP_PANEL,CHINA_NINGXIA_2022__005,414,57,57,28,29,0,29,0,28,0.49122807017543857,0.0,1.0,1.0,0.0,0.5,0.0,nan,0.5087719298245614,0.5,0.49122807017543857,0.49122807017543857,0.4932266009852217,0.4865082164504501,0.28055591940718533,-0.06732110815434535,-0.04260905596057347
SIZE_PREVALENCE_MATCHED_RANDOM_CORE_SNP_PANEL,levofloxacin,RANDOM_CORE_SNP_LOGISTIC,HPGP_TO_EXTERNAL_RANDOM_SNP_PANEL,ZENODO_10369064__005,414,39,39,16,23,0,23,0,16,0.41025641025641024,0.0,1.0,1.0,0.0,0.5,0.0,nan,0.5897435897435898,0.5,0.41025641025641024,0.41025641025641024,0.5203804347826086,0.425281954887218,0.2549702363177648,-0.3432044552477281,0.024035687147028917
SIZE_PREVALENCE_MATCHED_RANDOM_CORE_SNP_PANEL,levofloxacin,RANDOM_CORE_SNP_LOGISTIC,RANDOM_ISOLATE_RANDOM_SNP_PANEL,6,331,83,83,27,56,0,56,0,27,0.3253012048192771,0.0,1.0,1.0,0.0,0.5,0.0,nan,0.6746987951807228,0.5,0.3253012048192771,0.3253012048192771,0.5882936507936507,0.41367998433215825,0.21520054400947677,2.651710728282908,4.46239379290047
SIZE_PREVALENCE_MATCHED_RANDOM_CORE_SNP_PANEL,levofloxacin,RANDOM_CORE_SNP_LOGISTIC,HPGP_TO_EXTERNAL_RANDOM_SNP_PANEL,CHINA_NINGXIA_2022__006,414,57,57,28,29,0,29,0,28,0.49122807017543857,0.0,1.0,1.0,0.0,0.5,0.0,nan,0.5087719298245614,0.5,0.49122807017543857,0.49122807017543857,0.5061576354679803,0.4971804511278195,0.2844602879972848,0.16009043593164524,0.2380360606327082
SIZE_PREVALENCE_MATCHED_RANDOM_CORE_SNP_PANEL,levofloxacin,RANDOM_CORE_SNP_LOGISTIC,HPGP_TO_EXTERNAL_RANDOM_SNP_PANEL,ZENODO_10369064__006,414,39,39,16,23,0,23,0,16,0.41025641025641024,0.0,1.0,1.0,0.0,0.5,0.0,nan,0.5897435897435898,0.5,0.41025641025641024,0.41025641025641024,0.3396739130434782,0.35837339743589747,0.26313067643633203,-5.247434030016525,-5.867583720846554
SIZE_PREVALENCE_MATCHED_RANDOM_CORE_SNP_PANEL,levofloxacin,RANDOM_CORE_SNP_LOGISTIC,RANDOM_ISOLATE_RANDOM_SNP_PANEL,7,331,83,83,27,56,0,56,0,27,0.3253012048192771,0.0,1.0,1.0,0.0,0.5,0.0,nan,0.6746987951807228,0.5,0.3253012048192771,0.3253012048192771,0.5529100529100529,0.34959941293274627,0.2183947144993714,-0.012277011700736357,0.9912614972489024
SIZE_PREVALENCE_MATCHED_RANDOM_CORE_SNP_PANEL,levofloxacin,RANDOM_CORE_SNP_LOGISTIC,HPGP_TO_EXTERNAL_RANDOM_SNP_PANEL,CHINA_NINGXIA_2022__007,414,57,57,28,29,0,29,0,28,0.49122807017543857,0.0,1.0,1.0,0.0,0.5,0.0,nan,0.5087719298245614,0.5,0.49122807017543857,0.49122807017543857,0.4846059113300492,0.49980633401686037,0.27660116367906146,-0.18106670949210268,-0.20522799855039825
SIZE_PREVALENCE_MATCHED_RANDOM_CORE_SNP_PANEL,levofloxacin,RANDOM_CORE_SNP_LOGISTIC,HPGP_TO_EXTERNAL_RANDOM_SNP_PANEL,ZENODO_10369064__007,414,39,39,16,23,0,23,0,16,0.41025641025641024,0.0,1.0,1.0,0.0,0.5,0.0,nan,0.5897435897435898,0.5,0.41025641025641024,0.41025641025641024,0.5502717391304348,0.46834935897435903,0.24455110031298735,1.3828523626117781,2.4299034952265735
SIZE_PREVALENCE_MATCHED_RANDOM_CORE_SNP_PANEL,levofloxacin,RANDOM_CORE_SNP_LOGISTIC,RANDOM_ISOLATE_RANDOM_SNP_PANEL,8,331,83,83,27,56,0,55,1,27,0.3253012048192771,0.0,0.9821428571428571,1.0,0.017857142857142856,0.49107142857142855,-0.07667979486648716,0.0,0.6707317073170732,0.49107142857142855,0.3253012048192771,0.3373493975903614,0.564814814814815,0.35460337421515464,0.21912163539808252,-0.28518507795151643,0.5773469002990197
SIZE_PREVALENCE_MATCHED_RANDOM_CORE_SNP_PANEL,levofloxacin,RANDOM_CORE_SNP_LOGISTIC,HPGP_TO_EXTERNAL_RANDOM_SNP_PANEL,CHINA_NINGXIA_2022__008,414,57,57,28,29,4,24,5,24,0.49122807017543857,0.14285714285714285,0.8275862068965517,0.8571428571428571,0.1724137931034483,0.4852216748768473,-0.040522044923655395,0.4444444444444444,0.5,0.4852216748768473,0.4845446950710109,0.5087719298245614,0.4698275862068966,0.47475330916391834,0.261129598382599,-0.1986172585796741,-0.5280628969232433
SIZE_PREVALENCE_MATCHED_RANDOM_CORE_SNP_PANEL,levofloxacin,RANDOM_CORE_SNP_LOGISTIC,HPGP_TO_EXTERNAL_RANDOM_SNP_PANEL,ZENODO_10369064__008,414,39,39,16,23,9,20,3,7,0.41025641025641024,0.5625,0.8695652173913043,0.4375,0.13043478260869565,0.7160326086956521,0.46046933104270676,0.75,0.7407407407407407,0.7160326086956521,0.6013621794871795,0.2564102564102564,0.75,0.641426282051282,0.21957007966480227,0.5532891502412487,3.4162920184177383
SIZE_PREVALENCE_MATCHED_RANDOM_CORE_SNP_PANEL,levofloxacin,RANDOM_CORE_SNP_LOGISTIC,RANDOM_ISOLATE_RANDOM_SNP_PANEL,9,331,83,83,27,56,0,56,0,27,0.3253012048192771,0.0,1.0,1.0,0.0,0.5,0.0,nan,0.6746987951807228,0.5,0.3253012048192771,0.3253012048192771,0.4639550264550264,0.30836840721222125,0.22402117580936054,-1.8564590738819668,-1.451130277820257
SIZE_PREVALENCE_MATCHED_RANDOM_CORE_SNP_PANEL,levofloxacin,RANDOM_CORE_SNP_LOGISTIC,HPGP_TO_EXTERNAL_RANDOM_SNP_PANEL,CHINA_NINGXIA_2022__009,414,57,57,28,29,0,29,0,28,0.49122807017543857,0.0,1.0,1.0,0.0,0.5,0.0,nan,0.5087719298245614,0.5,0.49122807017543857,0.49122807017543857,0.4507389162561576,0.4622434061343835,0.28206872454478193,-2.7379364421929906,-3.5736468570869375
SIZE_PREVALENCE_MATCHED_RANDOM_CORE_SNP_PANEL,levofloxacin,RANDOM_CORE_SNP_LOGISTIC,HPGP_TO_EXTERNAL_RANDOM_SNP_PANEL,ZENODO_10369064__009,414,39,39,16,23,0,23,0,16,0.41025641025641024,0.0,1.0,1.0,0.0,0.5,0.0,nan,0.5897435897435898,0.5,0.41025641025641024,0.41025641025641024,0.5,0.42105263157894735,0.25155158361406654,-2.8742294766992567,-3.219115387361611
SIZE_PREVALENCE_MATCHED_RANDOM_CORE_SNP_PANEL,levofloxacin,RANDOM_CORE_SNP_LOGISTIC,RANDOM_ISOLATE_RANDOM_SNP_PANEL,10,331,83,83,27,56,2,51,5,25,0.3253012048192771,0.07407407407407407,0.9107142857142857,0.9259259259259259,0.08928571428571429,0.4923941798941799,-0.025644611507594003,0.2857142857142857,0.6710526315789473,0.4923941798941799,0.32236884044112957,0.3614457831325301,0.4556878306878306,0.3060120485392225,0.22741052932644268,-1.0516466586827133,-0.4233698458882449
SIZE_PREVALENCE_MATCHED_RANDOM_CORE_SNP_PANEL,levofloxacin,RANDOM_CORE_SNP_LOGISTIC,HPGP_TO_EXTERNAL_RANDOM_SNP_PANEL,CHINA_NINGXIA_2022__010,414,57,57,28,29,0,29,0,28,0.49122807017543857,0.0,1.0,1.0,0.0,0.5,0.0,nan,0.5087719298245614,0.5,0.49122807017543857,0.49122807017543857,0.5665024630541872,0.5582442307066366,0.26410197195474755,0.8337417741646346,1.3737504180181177
SIZE_PREVALENCE_MATCHED_RANDOM_CORE_SNP_PANEL,levofloxacin,RANDOM_CORE_SNP_LOGISTIC,HPGP_TO_EXTERNAL_RANDOM_SNP_PANEL,ZENODO_10369064__010,414,39,39,16,23,0,23,0,16,0.41025641025641024,0.0,1.0,1.0,0.0,0.5,0.0,nan,0.5897435897435898,0.5,0.41025641025641024,0.41025641025641024,0.5163043478260869,0.4188034188034188,0.24646852938581057,-0.17088640590283877,0.31300764871855963
SIZE_PREVALENCE_MATCHED_RANDOM_CORE_SNP_PANEL,levofloxacin,RANDOM_CORE_SNP_LOGISTIC,RANDOM_ISOLATE_RANDOM_SNP_PANEL,11,331,83,83,27,56,0,56,0,27,0.3253012048192771,0.0,1.0,1.0,0.0,0.5,0.0,nan,0.6746987951807228,0.5,0.3253012048192771,0.3253012048192771,0.5165343915343915,0.3406567628538847,0.2209960516763078,-0.5920361648081492,0.1786779928529018
SIZE_PREVALENCE_MATCHED_RANDOM_CORE_SNP_PANEL,levofloxacin,RANDOM_CORE_SNP_LOGISTIC,HPGP_TO_EXTERNAL_RANDOM_SNP_PANEL,CHINA_NINGXIA_2022__011,414,57,57,28,29,0,29,0,28,0.49122807017543857,0.0,1.0,1.0,0.0,0.5,0.0,nan,0.5087719298245614,0.5,0.49122807017543857,0.49122807017543857,0.5147783251231527,0.49906015037593987,0.27660310876743543,-0.02304374645169173,0.017199009473957978
SIZE_PREVALENCE_MATCHED_RANDOM_CORE_SNP_PANEL,levofloxacin,RANDOM_CORE_SNP_LOGISTIC,HPGP_TO_EXTERNAL_RANDOM_SNP_PANEL,ZENODO_10369064__011,414,39,39,16,23,0,23,0,16,0.41025641025641024,0.0,1.0,1.0,0.0,0.5,0.0,nan,0.5897435897435898,0.5,0.41025641025641024,0.41025641025641024,0.4904891304347826,0.40570859320859326,0.24843456327991895,-1.2154021495411194,-1.240512525105757
SIZE_PREVALENCE_MATCHED_RANDOM_CORE_SNP_PANEL,levofloxacin,RANDOM_CORE_SNP_LOGISTIC,RANDOM_ISOLATE_RANDOM_SNP_PANEL,12,331,83,83,27,56,0,56,0,27,0.3253012048192771,0.0,1.0,1.0,0.0,0.5,0.0,nan,0.6746987951807228,0.5,0.3253012048192771,0.3253012048192771,0.455026455026455,0.33580567719627874,0.22149913758109369,-1.081945948158166,-0.462198444460346
SIZE_PREVALENCE_MATCHED_RANDOM_CORE_SNP_PANEL,levofloxacin,RANDOM_CORE_SNP_LOGISTIC,HPGP_TO_EXTERNAL_RANDOM_SNP_PANEL,CHINA_NINGXIA_2022__012,414,57,57,28,29,0,29,0,28,0.49122807017543857,0.0,1.0,1.0,0.0,0.5,0.0,nan,0.5087719298245614,0.5,0.49122807017543857,0.49122807017543857,0.3583743842364532,0.4426628001628002,0.28220576216153537,-3.523426694356252,-4.901507857991845
SIZE_PREVALENCE_MATCHED_RANDOM_CORE_SNP_PANEL,levofloxacin,RANDOM_CORE_SNP_LOGISTIC,HPGP_TO_EXTERNAL_RANDOM_SNP_PANEL,ZENODO_10369064__012,414,39,39,16,23,0,23,0,16,0.41025641025641024,0.0,1.0,1.0,0.0,0.5,0.0,nan,0.5897435897435898,0.5,0.41025641025641024,0.41025641025641024,0.4646739130434782,0.39610745614035087,0.25055632840753134,-0.8668344517986938,-0.6845661598596157
SIZE_PREVALENCE_MATCHED_RANDOM_CORE_SNP_PANEL,levofloxacin,RANDOM_CORE_SNP_LOGISTIC,RANDOM_ISOLATE_RANDOM_SNP_PANEL,13,331,83,83,27,56,0,56,0,27,0.3253012048192771,0.0,1.0,1.0,0.0,0.5,0.0,nan,0.6746987951807228,0.5,0.3253012048192771,0.3253012048192771,0.5125661375661377,0.3447865536218949,0.22298164382685548,-0.7016791123786694,0.03670089835503555
SIZE_PREVALENCE_MATCHED_RANDOM_CORE_SNP_PANEL,levofloxacin,RANDOM_CORE_SNP_LOGISTIC,HPGP_TO_EXTERNAL_RANDOM_SNP_PANEL,CHINA_NINGXIA_2022__013,414,57,57,28,29,0,29,0,28,0.49122807017543857,0.0,1.0,1.0,0.0,0.5,0.0,nan,0.5087719298245614,0.5,0.49122807017543857,0.49122807017543857,0.4618226600985221,0.4731416648089226,0.27983151994258615,-15.69062505042369,-23.549037775376455
SIZE_PREVALENCE_MATCHED_RANDOM_CORE_SNP_PANEL,levofloxacin,RANDOM_CORE_SNP_LOGISTIC,HPGP_TO_EXTERNAL_RANDOM_SNP_PANEL,ZENODO_10369064__013,414,39,39,16,23,0,23,0,16,0.41025641025641024,0.0,1.0,1.0,0.0,0.5,0.0,nan,0.5897435897435898,0.5,0.41025641025641024,0.41025641025641024,0.5027173913043478,0.4115761689291101,0.2480667083684979,-0.24439190405953795,0.17067787777904272
SIZE_PREVALENCE_MATCHED_RANDOM_CORE_SNP_PANEL,levofloxacin,RANDOM_CORE_SNP_LOGISTIC,RANDOM_ISOLATE_RANDOM_SNP_PANEL,14,331,83,83,27,56,0,56,0,27,0.3253012048192771,0.0,1.0,1.0,0.0,0.5,0.0,nan,0.6746987951807228,0.5,0.3253012048192771,0.3253012048192771,0.4623015873015872,0.3229841703737287,0.2240230315555842,-1.06898390007125,-0.4733939454733418
SIZE_PREVALENCE_MATCHED_RANDOM_CORE_SNP_PANEL,levofloxacin,RANDOM_CORE_SNP_LOGISTIC,HPGP_TO_EXTERNAL_RANDOM_SNP_PANEL,CHINA_NINGXIA_2022__014,414,57,57,28,29,0,28,1,28,0.49122807017543857,0.0,0.9655172413793104,1.0,0.034482758620689655,0.4827586206896552,-0.13130643285972254,0.0,0.5,0.4827586206896552,0.49122807017543857,0.5087719298245614,0.4488916256157635,0.4786414394231106,0.2806251295280783,-0.604601392627993,-0.7805069063059501
SIZE_PREVALENCE_MATCHED_RANDOM_CORE_SNP_PANEL,levofloxacin,RANDOM_CORE_SNP_LOGISTIC,HPGP_TO_EXTERNAL_RANDOM_SNP_PANEL,ZENODO_10369064__014,414,39,39,16,23,0,23,0,16,0.41025641025641024,0.0,1.0,1.0,0.0,0.5,0.0,nan,0.5897435897435898,0.5,0.41025641025641024,0.41025641025641024,0.4320652173913044,0.3877215309200603,0.2549480967237447,-1.8826968442099183,-2.052288827376889
SIZE_PREVALENCE_MATCHED_RANDOM_CORE_SNP_PANEL,levofloxacin,RANDOM_CORE_SNP_LOGISTIC,RANDOM_ISOLATE_RANDOM_SNP_PANEL,15,331,83,83,27,56,0,56,0,27,0.3253012048192771,0.0,1.0,1.0,0.0,0.5,0.0,nan,0.6746987951807228,0.5,0.3253012048192771,0.3253012048192771,0.5271164021164021,0.3421805875153512,0.21916710906151002,-0.3083041108420788,0.5544538958137414
SIZE_PREVALENCE_MATCHED_RANDOM_CORE_SNP_PANEL,levofloxacin,RANDOM_CORE_SNP_LOGISTIC,HPGP_TO_EXTERNAL_RANDOM_SNP_PANEL,CHINA_NINGXIA_2022__015,414,57,57,28,29,0,28,1,28,0.49122807017543857,0.0,0.9655172413793104,1.0,0.034482758620689655,0.4827586206896552,-0.13130643285972254,0.0,0.5,0.4827586206896552,0.49122807017543857,0.5087719298245614,0.5049261083743842,0.4985946080033883,0.2695422233876037,-0.09080777685874139,-0.09953233805913424
SIZE_PREVALENCE_MATCHED_RANDOM_CORE_SNP_PANEL,levofloxacin,RANDOM_CORE_SNP_LOGISTIC,HPGP_TO_EXTERNAL_RANDOM_SNP_PANEL,ZENODO_10369064__015,414,39,39,16,23,1,23,0,15,0.41025641025641024,0.0625,1.0,0.9375,0.0,0.53125,0.19449665130387478,1.0,0.6052631578947368,0.53125,0.4471153846153846,0.38461538461538464,0.6413043478260869,0.5181818181818182,0.23346033471926725,0.9348023396092947,2.2136625604454627
SIZE_PREVALENCE_MATCHED_RANDOM_CORE_SNP_PANEL,levofloxacin,RANDOM_CORE_SNP_LOGISTIC,RANDOM_ISOLATE_RANDOM_SNP_PANEL,16,331,83,83,27,56,0,56,0,27,0.3253012048192771,0.0,1.0,1.0,0.0,0.5,0.0,nan,0.6746987951807228,0.5,0.3253012048192771,0.3253012048192771,0.5710978835978837,0.37088417160706316,0.21845463846518107,-0.05412883827318745,0.9027945754358302
SIZE_PREVALENCE_MATCHED_RANDOM_CORE_SNP_PANEL,levofloxacin,RANDOM_CORE_SNP_LOGISTIC,HPGP_TO_EXTERNAL_RANDOM_SNP_PANEL,CHINA_NINGXIA_2022__016,414,57,57,28,29,0,29,0,28,0.49122807017543857,0.0,1.0,1.0,0.0,0.5,0.0,nan,0.5087719298245614,0.5,0.49122807017543857,0.49122807017543857,0.4261083743842364,0.4649464570517202,0.281568190228665,-1.2119119829185265,-1.5983851283532158
SIZE_PREVALENCE_MATCHED_RANDOM_CORE_SNP_PANEL,levofloxacin,RANDOM_CORE_SNP_LOGISTIC,HPGP_TO_EXTERNAL_RANDOM_SNP_PANEL,ZENODO_10369064__016,414,39,39,16,23,0,23,0,16,0.41025641025641024,0.0,1.0,1.0,0.0,0.5,0.0,nan,0.5897435897435898,0.5,0.41025641025641024,0.41025641025641024,0.5271739130434783,0.42574786324786323,0.24683876647509242,1.286447858119795,2.204509566646945
SIZE_PREVALENCE_MATCHED_RANDOM_CORE_SNP_PANEL,levofloxacin,RANDOM_CORE_SNP_LOGISTIC,RANDOM_ISOLATE_RANDOM_SNP_PANEL,17,331,83,83,27,56,0,56,0,27,0.3253012048192771,0.0,1.0,1.0,0.0,0.5,0.0,nan,0.6746987951807228,0.5,0.3253012048192771,0.3253012048192771,0.4814814814814815,0.3131572542818676,0.2240792665369283,-1.4671398683752956,-0.9935233722438942
SIZE_PREVALENCE_MATCHED_RANDOM_CORE_SNP_PANEL,levofloxacin,RANDOM_CORE_SNP_LOGISTIC,HPGP_TO_EXTERNAL_RANDOM_SNP_PANEL,CHINA_NINGXIA_2022__017,414,57,57,28,29,0,29,0,28,0.49122807017543857,0.0,1.0,1.0,0.0,0.5,0.0,nan,0.5087719298245614,0.5,0.49122807017543857,0.49122807017543857,0.4673645320197044,0.4787750626566416,0.2832725769488134,-0.8791506229922075,-1.1340634236919078
SIZE_PREVALENCE_MATCHED_RANDOM_CORE_SNP_PANEL,levofloxacin,RANDOM_CORE_SNP_LOGISTIC,HPGP_TO_EXTERNAL_RANDOM_SNP_PANEL,ZENODO_10369064__017,414,39,39,16,23,0,23,0,16,0.41025641025641024,0.0,1.0,1.0,0.0,0.5,0.0,nan,0.5897435897435898,0.5,0.41025641025641024,0.41025641025641024,0.5475543478260869,0.43830128205128205,0.24465473663428902,0.3299522760105474,1.0139727091241382
SIZE_PREVALENCE_MATCHED_RANDOM_CORE_SNP_PANEL,levofloxacin,RANDOM_CORE_SNP_LOGISTIC,RANDOM_ISOLATE_RANDOM_SNP_PANEL,18,331,83,83,27,56,0,56,0,27,0.3253012048192771,0.0,1.0,1.0,0.0,0.5,0.0,nan,0.6746987951807228,0.5,0.3253012048192771,0.3253012048192771,0.5492724867724867,0.3643835058292889,0.2178854955158576,-0.10207374438982493,0.8316953105111853
SIZE_PREVALENCE_MATCHED_RANDOM_CORE_SNP_PANEL,levofloxacin,RANDOM_CORE_SNP_LOGISTIC,HPGP_TO_EXTERNAL_RANDOM_SNP_PANEL,CHINA_NINGXIA_2022__018,414,57,57,28,29,0,29,0,28,0.49122807017543857,0.0,1.0,1.0,0.0,0.5,0.0,nan,0.5087719298245614,0.5,0.49122807017543857,0.49122807017543857,0.480911330049261,0.49207081618072324,0.28402868662154707,0.5011356015332196,0.6502862149885615
SIZE_PREVALENCE_MATCHED_RANDOM_CORE_SNP_PANEL,levofloxacin,RANDOM_CORE_SNP_LOGISTIC,HPGP_TO_EXTERNAL_RANDOM_SNP_PANEL,ZENODO_10369064__018,414,39,39,16,23,0,23,0,16,0.41025641025641024,0.0,1.0,1.0,0.0,0.5,0.0,nan,0.5897435897435898,0.5,0.41025641025641024,0.41025641025641024,0.5285326086956521,0.42598684210526316,0.2519858873946145,-0.024705900499316306,0.4258118070514004
SIZE_PREVALENCE_MATCHED_RANDOM_CORE_SNP_PANEL,levofloxacin,RANDOM_CORE_SNP_LOGISTIC,RANDOM_ISOLATE_RANDOM_SNP_PANEL,19,331,83,83,27,56,0,56,0,27,0.3253012048192771,0.0,1.0,1.0,0.0,0.5,0.0,nan,0.6746987951807228,0.5,0.3253012048192771,0.3253012048192771,0.552579365079365,0.37799987957997044,0.21929619741431286,-0.3763548334095017,0.45949415469425703
SIZE_PREVALENCE_MATCHED_RANDOM_CORE_SNP_PANEL,levofloxacin,RANDOM_CORE_SNP_LOGISTIC,HPGP_TO_EXTERNAL_RANDOM_SNP_PANEL,CHINA_NINGXIA_2022__019,414,57,57,28,29,0,29,0,28,0.49122807017543857,0.0,1.0,1.0,0.0,0.5,0.0,nan,0.5087719298245614,0.5,0.49122807017543857,0.49122807017543857,0.5116995073891626,0.49768879746536154,0.27409669462108177,0.0499975359293686,0.1254998996721644
SIZE_PREVALENCE_MATCHED_RANDOM_CORE_SNP_PANEL,levofloxacin,RANDOM_CORE_SNP_LOGISTIC,HPGP_TO_EXTERNAL_RANDOM_SNP_PANEL,ZENODO_10369064__019,414,39,39,16,23,0,23,0,16,0.41025641025641024,0.0,1.0,1.0,0.0,0.5,0.0,nan,0.5897435897435898,0.5,0.41025641025641024,0.41025641025641024,0.6997282608695652,0.5471491228070176,0.23967066797590567,2.8036692189064785,4.608036067507132
SIZE_PREVALENCE_MATCHED_RANDOM_CORE_SNP_PANEL,levofloxacin,RANDOM_CORE_SNP_LOGISTIC,RANDOM_ISOLATE_RANDOM_SNP_PANEL,20,331,83,83,27,56,0,56,0,27,0.3253012048192771,0.0,1.0,1.0,0.0,0.5,0.0,nan,0.6746987951807228,0.5,0.3253012048192771,0.3253012048192771,0.4728835978835978,0.3213832982564246,0.217824537477431,0.3912180367462836,1.5320294594323443
SIZE_PREVALENCE_MATCHED_RANDOM_CORE_SNP_PANEL,levofloxacin,RANDOM_CORE_SNP_LOGISTIC,HPGP_TO_EXTERNAL_RANDOM_SNP_PANEL,CHINA_NINGXIA_2022__020,414,57,57,28,29,0,29,0,28,0.49122807017543857,0.0,1.0,1.0,0.0,0.5,0.0,nan,0.5087719298245614,0.5,0.49122807017543857,0.49122807017543857,0.5,0.5009622269960616,0.2763412032385706,-1.3577983488484346,-1.9075637994602348
SIZE_PREVALENCE_MATCHED_RANDOM_CORE_SNP_PANEL,levofloxacin,RANDOM_CORE_SNP_LOGISTIC,HPGP_TO_EXTERNAL_RANDOM_SNP_PANEL,ZENODO_10369064__020,414,39,39,16,23,0,23,0,16,0.41025641025641024,0.0,1.0,1.0,0.0,0.5,0.0,nan,0.5897435897435898,0.5,0.41025641025641024,0.41025641025641024,0.5,0.41025641025641024,0.24767298657310682,nan,nan
SIZE_PREVALENCE_MATCHED_RANDOM_CORE_SNP_PANEL,levofloxacin,RANDOM_CORE_SNP_LOGISTIC,RANDOM_ISOLATE_RANDOM_SNP_PANEL,21,331,83,83,27,56,0,55,1,27,0.3253012048192771,0.0,0.9821428571428571,1.0,0.017857142857142856,0.49107142857142855,-0.07667979486648716,0.0,0.6707317073170732,0.49107142857142855,0.3253012048192771,0.3373493975903614,0.515542328042328,0.3590286460025143,0.21738023808211113,0.08116004234261297,1.1112676433466997
SIZE_PREVALENCE_MATCHED_RANDOM_CORE_SNP_PANEL,levofloxacin,RANDOM_CORE_SNP_LOGISTIC,HPGP_TO_EXTERNAL_RANDOM_SNP_PANEL,CHINA_NINGXIA_2022__021,414,57,57,28,29,0,26,3,28,0.49122807017543857,0.0,0.896551724137931,1.0,0.10344827586206896,0.4482758620689655,-0.23160277792655037,0.0,0.48148148148148145,0.4482758620689655,0.49122807017543857,0.543859649122807,0.3731527093596059,0.4488605550782923,0.27835154540075924,-1.638744193180287,-3.1861194204625214
SIZE_PREVALENCE_MATCHED_RANDOM_CORE_SNP_PANEL,levofloxacin,RANDOM_CORE_SNP_LOGISTIC,HPGP_TO_EXTERNAL_RANDOM_SNP_PANEL,ZENODO_10369064__021,414,39,39,16,23,0,23,0,16,0.41025641025641024,0.0,1.0,1.0,0.0,0.5,0.0,nan,0.5897435897435898,0.5,0.41025641025641024,0.41025641025641024,0.4252717391304348,0.38142911010558067,0.24805727395303415,-1.7023235861582482,-2.6268644325891115
SIZE_PREVALENCE_MATCHED_RANDOM_CORE_SNP_PANEL,levofloxacin,RANDOM_CORE_SNP_LOGISTIC,RANDOM_ISOLATE_RANDOM_SNP_PANEL,22,331,83,83,27,56,0,56,0,27,0.3253012048192771,0.0,1.0,1.0,0.0,0.5,0.0,nan,0.6746987951807228,0.5,0.3253012048192771,0.3253012048192771,0.421957671957672,0.2942701445512691,0.23794172874860398,-2.219216353720903,-1.8021142427467844
SIZE_PREVALENCE_MATCHED_RANDOM_CORE_SNP_PANEL,levofloxacin,RANDOM_CORE_SNP_LOGISTIC,HPGP_TO_EXTERNAL_RANDOM_SNP_PANEL,CHINA_NINGXIA_2022__022,414,57,57,28,29,0,29,0,28,0.49122807017543857,0.0,1.0,1.0,0.0,0.5,0.0,nan,0.5087719298245614,0.5,0.49122807017543857,0.49122807017543857,0.5,0.49122807017543857,0.2804211357876199,nan,nan
SIZE_PREVALENCE_MATCHED_RANDOM_CORE_SNP_PANEL,levofloxacin,RANDOM_CORE_SNP_LOGISTIC,HPGP_TO_EXTERNAL_RANDOM_SNP_PANEL,ZENODO_10369064__022,414,39,39,16,23,0,23,0,16,0.41025641025641024,0.0,1.0,1.0,0.0,0.5,0.0,nan,0.5897435897435898,0.5,0.41025641025641024,0.41025641025641024,0.5,0.41025641025641024,0.25071928444618924,nan,nan
SIZE_PREVALENCE_MATCHED_RANDOM_CORE_SNP_PANEL,levofloxacin,RANDOM_CORE_SNP_LOGISTIC,RANDOM_ISOLATE_RANDOM_SNP_PANEL,23,331,83,83,27,56,0,56,0,27,0.3253012048192771,0.0,1.0,1.0,0.0,0.5,0.0,nan,0.6746987951807228,0.5,0.3253012048192771,0.3253012048192771,0.5238095238095238,0.36056249829086034,0.21806774826480846,0.08920178474016666,1.108050102635602
SIZE_PREVALENCE_MATCHED_RANDOM_CORE_SNP_PANEL,levofloxacin,RANDOM_CORE_SNP_LOGISTIC,HPGP_TO_EXTERNAL_RANDOM_SNP_PANEL,CHINA_NINGXIA_2022__023,414,57,57,28,29,0,29,0,28,0.49122807017543857,0.0,1.0,1.0,0.0,0.5,0.0,nan,0.5087719298245614,0.5,0.49122807017543857,0.49122807017543857,0.4846059113300492,0.4842414477752824,0.27675679302662193,-1.351791186462343,-1.8351523512230876
SIZE_PREVALENCE_MATCHED_RANDOM_CORE_SNP_PANEL,levofloxacin,RANDOM_CORE_SNP_LOGISTIC,HPGP_TO_EXTERNAL_RANDOM_SNP_PANEL,ZENODO_10369064__023,414,39,39,16,23,0,23,0,16,0.41025641025641024,0.0,1.0,1.0,0.0,0.5,0.0,nan,0.5897435897435898,0.5,0.41025641025641024,0.41025641025641024,0.4660326086956521,0.4002403846153846,0.24887383157952803,-15.632708290551609,-21.37857762562091
SIZE_PREVALENCE_MATCHED_RANDOM_CORE_SNP_PANEL,levofloxacin,RANDOM_CORE_SNP_LOGISTIC,RANDOM_ISOLATE_RANDOM_SNP_PANEL,24,331,83,83,27,56,0,56,0,27,0.3253012048192771,0.0,1.0,1.0,0.0,0.5,0.0,nan,0.6746987951807228,0.5,0.3253012048192771,0.3253012048192771,0.5492724867724867,0.35389699425674825,0.21704977132584535,0.30942458245991794,1.3309927418841165
SIZE_PREVALENCE_MATCHED_RANDOM_CORE_SNP_PANEL,levofloxacin,RANDOM_CORE_SNP_LOGISTIC,HPGP_TO_EXTERNAL_RANDOM_SNP_PANEL,CHINA_NINGXIA_2022__024,414,57,57,28,29,0,29,0,28,0.49122807017543857,0.0,1.0,1.0,0.0,0.5,0.0,nan,0.5087719298245614,0.5,0.49122807017543857,0.49122807017543857,0.4864532019704434,0.4848598769651401,0.27942735360815485,-0.7771311302536938,-1.0164234468053677
SIZE_PREVALENCE_MATCHED_RANDOM_CORE_SNP_PANEL,levofloxacin,RANDOM_CORE_SNP_LOGISTIC,HPGP_TO_EXTERNAL_RANDOM_SNP_PANEL,ZENODO_10369064__024,414,39,39,16,23,0,23,0,16,0.41025641025641024,0.0,1.0,1.0,0.0,0.5,0.0,nan,0.5897435897435898,0.5,0.41025641025641024,0.41025641025641024,0.4456521739130435,0.39543269230769235,0.2542661999425485,-1.679572870756546,-1.7333662991036294
SIZE_PREVALENCE_MATCHED_RANDOM_CORE_SNP_PANEL,levofloxacin,RANDOM_CORE_SNP_LOGISTIC,RANDOM_ISOLATE_RANDOM_SNP_PANEL,25,331,83,83,27,56,0,56,0,27,0.3253012048192771,0.0,1.0,1.0,0.0,0.5,0.0,nan,0.6746987951807228,0.5,0.3253012048192771,0.3253012048192771,0.5386904761904762,0.3612802300016912,0.2212677139212814,-0.5913849477249306,0.1913305025386819
SIZE_PREVALENCE_MATCHED_RANDOM_CORE_SNP_PANEL,levofloxacin,RANDOM_CORE_SNP_LOGISTIC,HPGP_TO_EXTERNAL_RANDOM_SNP_PANEL,CHINA_NINGXIA_2022__025,414,57,57,28,29,1,29,0,27,0.49122807017543857,0.03571428571428571,1.0,0.9642857142857143,0.0,0.5178571428571429,0.13599594831899836,1.0,0.5178571428571429,0.5178571428571429,0.5093984962406015,0.47368421052631576,0.4199507389162561,0.4614273228922616,0.28751378256209964,-0.6445219806256085,-0.9786206172280035
SIZE_PREVALENCE_MATCHED_RANDOM_CORE_SNP_PANEL,levofloxacin,RANDOM_CORE_SNP_LOGISTIC,HPGP_TO_EXTERNAL_RANDOM_SNP_PANEL,ZENODO_10369064__025,414,39,39,16,23,0,23,0,16,0.41025641025641024,0.0,1.0,1.0,0.0,0.5,0.0,nan,0.5897435897435898,0.5,0.41025641025641024,0.41025641025641024,0.3858695652173913,0.36894459706959704,0.26243673802882733,-0.9608055714400714,-1.1734646939262197
SIZE_PREVALENCE_MATCHED_RANDOM_CORE_SNP_PANEL,levofloxacin,RANDOM_CORE_SNP_LOGISTIC,RANDOM_ISOLATE_RANDOM_SNP_PANEL,26,331,83,83,27,56,0,56,0,27,0.3253012048192771,0.0,1.0,1.0,0.0,0.5,0.0,nan,0.6746987951807228,0.5,0.3253012048192771,0.3253012048192771,0.5241402116402117,0.32612856392848555,0.22342159570702255,-1.0311629059809024,-0.40964529513042586
SIZE_PREVALENCE_MATCHED_RANDOM_CORE_SNP_PANEL,levofloxacin,RANDOM_CORE_SNP_LOGISTIC,HPGP_TO_EXTERNAL_RANDOM_SNP_PANEL,CHINA_NINGXIA_2022__026,414,57,57,28,29,0,29,0,28,0.49122807017543857,0.0,1.0,1.0,0.0,0.5,0.0,nan,0.5087719298245614,0.5,0.49122807017543857,0.49122807017543857,0.5375615763546798,0.5441604426348263,0.2926875708221713,-0.01902232179351744,0.017290476255976392
SIZE_PREVALENCE_MATCHED_RANDOM_CORE_SNP_PANEL,levofloxacin,RANDOM_CORE_SNP_LOGISTIC,HPGP_TO_EXTERNAL_RANDOM_SNP_PANEL,ZENODO_10369064__026,414,39,39,16,23,0,23,0,16,0.41025641025641024,0.0,1.0,1.0,0.0,0.5,0.0,nan,0.5897435897435898,0.5,0.41025641025641024,0.41025641025641024,0.5339673913043479,0.5078060380479735,0.25750352592074666,-0.5398933819021267,-0.20222659529835707
SIZE_PREVALENCE_MATCHED_RANDOM_CORE_SNP_PANEL,levofloxacin,RANDOM_CORE_SNP_LOGISTIC,RANDOM_ISOLATE_RANDOM_SNP_PANEL,27,331,83,83,27,56,0,56,0,27,0.3253012048192771,0.0,1.0,1.0,0.0,0.5,0.0,nan,0.6746987951807228,0.5,0.3253012048192771,0.3253012048192771,0.3875661375661375,0.2814256601852877,0.22472281146030723,-7.558554121033349,-9.086612933731098
SIZE_PREVALENCE_MATCHED_RANDOM_CORE_SNP_PANEL,levofloxacin,RANDOM_CORE_SNP_LOGISTIC,HPGP_TO_EXTERNAL_RANDOM_SNP_PANEL,CHINA_NINGXIA_2022__027,414,57,57,28,29,0,29,0,28,0.49122807017543857,0.0,1.0,1.0,0.0,0.5,0.0,nan,0.5087719298245614,0.5,0.49122807017543857,0.49122807017543857,0.3362068965517242,0.4344480482251379,0.28129147324779363,-5.7823527845821046,-8.109369401028674
SIZE_PREVALENCE_MATCHED_RANDOM_CORE_SNP_PANEL,levofloxacin,RANDOM_CORE_SNP_LOGISTIC,HPGP_TO_EXTERNAL_RANDOM_SNP_PANEL,ZENODO_10369064__027,414,39,39,16,23,0,23,0,16,0.41025641025641024,0.0,1.0,1.0,0.0,0.5,0.0,nan,0.5897435897435898,0.5,0.41025641025641024,0.41025641025641024,0.4402173913043478,0.4145541958041958,0.25024985509164677,-2.2124891229566677,-2.6090964488295416
SIZE_PREVALENCE_MATCHED_RANDOM_CORE_SNP_PANEL,levofloxacin,RANDOM_CORE_SNP_LOGISTIC,RANDOM_ISOLATE_RANDOM_SNP_PANEL,28,331,83,83,27,56,0,56,0,27,0.3253012048192771,0.0,1.0,1.0,0.0,0.5,0.0,nan,0.6746987951807228,0.5,0.3253012048192771,0.3253012048192771,0.5145502645502645,0.3256556430092582,0.22173245504618236,-1.2640653491305944,-0.7298774551520795
SIZE_PREVALENCE_MATCHED_RANDOM_CORE_SNP_PANEL,levofloxacin,RANDOM_CORE_SNP_LOGISTIC,HPGP_TO_EXTERNAL_RANDOM_SNP_PANEL,CHINA_NINGXIA_2022__028,414,57,57,28,29,0,29,0,28,0.49122807017543857,0.0,1.0,1.0,0.0,0.5,0.0,nan,0.5087719298245614,0.5,0.49122807017543857,0.49122807017543857,0.5172413793103448,0.5,0.2801305397600658,28.98335005479807,37.61350127164012
SIZE_PREVALENCE_MATCHED_RANDOM_CORE_SNP_PANEL,levofloxacin,RANDOM_CORE_SNP_LOGISTIC,HPGP_TO_EXTERNAL_RANDOM_SNP_PANEL,ZENODO_10369064__028,414,39,39,16,23,0,23,0,16,0.41025641025641024,0.0,1.0,1.0,0.0,0.5,0.0,nan,0.5897435897435898,0.5,0.41025641025641024,0.41025641025641024,0.5,0.4335357624831309,0.2509829991281021,-1.5593681746858188,-1.550873669278587
SIZE_PREVALENCE_MATCHED_RANDOM_CORE_SNP_PANEL,levofloxacin,RANDOM_CORE_SNP_LOGISTIC,RANDOM_ISOLATE_RANDOM_SNP_PANEL,29,331,83,83,27,56,0,56,0,27,0.3253012048192771,0.0,1.0,1.0,0.0,0.5,0.0,nan,0.6746987951807228,0.5,0.3253012048192771,0.3253012048192771,0.4814814814814815,0.3190368659302665,0.2256975201287953,-2.065030362609246,-1.7599419623167738
SIZE_PREVALENCE_MATCHED_RANDOM_CORE_SNP_PANEL,levofloxacin,RANDOM_CORE_SNP_LOGISTIC,HPGP_TO_EXTERNAL_RANDOM_SNP_PANEL,CHINA_NINGXIA_2022__029,414,57,57,28,29,0,29,0,28,0.49122807017543857,0.0,1.0,1.0,0.0,0.5,0.0,nan,0.5087719298245614,0.5,0.49122807017543857,0.49122807017543857,0.518472906403941,0.5044678591848404,0.27926010691474634,1.6230884405646995,2.1672692633617743
SIZE_PREVALENCE_MATCHED_RANDOM_CORE_SNP_PANEL,levofloxacin,RANDOM_CORE_SNP_LOGISTIC,HPGP_TO_EXTERNAL_RANDOM_SNP_PANEL,ZENODO_10369064__029,414,39,39,16,23,0,23,0,16,0.41025641025641024,0.0,1.0,1.0,0.0,0.5,0.0,nan,0.5897435897435898,0.5,0.41025641025641024,0.41025641025641024,0.5516304347826086,0.48070768136557607,0.2482335960769594,2.978311638128607,4.423533232601968
SIZE_PREVALENCE_MATCHED_RANDOM_CORE_SNP_PANEL,levofloxacin,RANDOM_CORE_SNP_LOGISTIC,RANDOM_ISOLATE_RANDOM_SNP_PANEL,30,331,83,83,27,56,0,56,0,27,0.3253012048192771,0.0,1.0,1.0,0.0,0.5,0.0,nan,0.6746987951807228,0.5,0.3253012048192771,0.3253012048192771,0.5284391534391535,0.3685453075414156,0.2208785261476938,-0.7497705566585744,-0.027355427226840402
SIZE_PREVALENCE_MATCHED_RANDOM_CORE_SNP_PANEL,levofloxacin,RANDOM_CORE_SNP_LOGISTIC,HPGP_TO_EXTERNAL_RANDOM_SNP_PANEL,CHINA_NINGXIA_2022__030,414,57,57,28,29,0,29,0,28,0.49122807017543857,0.0,1.0,1.0,0.0,0.5,0.0,nan,0.5087719298245614,0.5,0.49122807017543857,0.49122807017543857,0.5406403940886699,0.5285062145158815,0.27555804760474456,0.9361671767202956,1.308819294675733
SIZE_PREVALENCE_MATCHED_RANDOM_CORE_SNP_PANEL,levofloxacin,RANDOM_CORE_SNP_LOGISTIC,HPGP_TO_EXTERNAL_RANDOM_SNP_PANEL,ZENODO_10369064__030,414,39,39,16,23,0,23,0,16,0.41025641025641024,0.0,1.0,1.0,0.0,0.5,0.0,nan,0.5897435897435898,0.5,0.41025641025641024,0.41025641025641024,0.4864130434782608,0.4054487179487179,0.24888270815889613,-3.453460407401433,-4.528785668894135
SIZE_PREVALENCE_MATCHED_RANDOM_CORE_SNP_PANEL,levofloxacin,RANDOM_CORE_SNP_LOGISTIC,RANDOM_ISOLATE_RANDOM_SNP_PANEL,31,331,83,83,27,56,0,56,0,27,0.3253012048192771,0.0,1.0,1.0,0.0,0.5,0.0,nan,0.6746987951807228,0.5,0.3253012048192771,0.3253012048192771,0.4950396825396826,0.35539227373634513,0.2219602022915373,-0.962890628477782,-0.30450875760370605
SIZE_PREVALENCE_MATCHED_RANDOM_CORE_SNP_PANEL,levofloxacin,RANDOM_CORE_SNP_LOGISTIC,HPGP_TO_EXTERNAL_RANDOM_SNP_PANEL,CHINA_NINGXIA_2022__031,414,57,57,28,29,0,29,0,28,0.49122807017543857,0.0,1.0,1.0,0.0,0.5,0.0,nan,0.5087719298245614,0.5,0.49122807017543857,0.49122807017543857,0.4642857142857142,0.46989416475972545,0.27620683781153177,-0.5977897487586893,-0.8841094059328362
SIZE_PREVALENCE_MATCHED_RANDOM_CORE_SNP_PANEL,levofloxacin,RANDOM_CORE_SNP_LOGISTIC,HPGP_TO_EXTERNAL_RANDOM_SNP_PANEL,ZENODO_10369064__031,414,39,39,16,23,0,23,0,16,0.41025641025641024,0.0,1.0,1.0,0.0,0.5,0.0,nan,0.5897435897435898,0.5,0.41025641025641024,0.41025641025641024,0.501358695652174,0.41091628959276016,0.2474352321109176,-0.34600608502549596,0.027229326701678724
SIZE_PREVALENCE_MATCHED_RANDOM_CORE_SNP_PANEL,levofloxacin,RANDOM_CORE_SNP_LOGISTIC,RANDOM_ISOLATE_RANDOM_SNP_PANEL,32,331,83,83,27,56,0,56,0,27,0.3253012048192771,0.0,1.0,1.0,0.0,0.5,0.0,nan,0.6746987951807228,0.5,0.3253012048192771,0.3253012048192771,0.5171957671957673,0.37139824958490925,0.21810811026650168,-0.07213669967369361,0.8938181173735462
SIZE_PREVALENCE_MATCHED_RANDOM_CORE_SNP_PANEL,levofloxacin,RANDOM_CORE_SNP_LOGISTIC,HPGP_TO_EXTERNAL_RANDOM_SNP_PANEL,CHINA_NINGXIA_2022__032,414,57,57,28,29,0,29,0,28,0.49122807017543857,0.0,1.0,1.0,0.0,0.5,0.0,nan,0.5087719298245614,0.5,0.49122807017543857,0.49122807017543857,0.5160098522167487,0.5000236440156997,0.2815026998238478,0.11855776924774424,0.19852861177933684
SIZE_PREVALENCE_MATCHED_RANDOM_CORE_SNP_PANEL,levofloxacin,RANDOM_CORE_SNP_LOGISTIC,HPGP_TO_EXTERNAL_RANDOM_SNP_PANEL,ZENODO_10369064__032,414,39,39,16,23,0,23,0,16,0.41025641025641024,0.0,1.0,1.0,0.0,0.5,0.0,nan,0.5897435897435898,0.5,0.41025641025641024,0.41025641025641024,0.561141304347826,0.4504922161172162,0.25029052286284664,0.2683676288698567,0.8087839060950757
SIZE_PREVALENCE_MATCHED_RANDOM_CORE_SNP_PANEL,levofloxacin,RANDOM_CORE_SNP_LOGISTIC,RANDOM_ISOLATE_RANDOM_SNP_PANEL,33,331,83,83,27,56,0,56,0,27,0.3253012048192771,0.0,1.0,1.0,0.0,0.5,0.0,nan,0.6746987951807228,0.5,0.3253012048192771,0.3253012048192771,0.5171957671957671,0.3517282484135813,0.2205019290836035,-0.6639060210415583,0.0868112890433829
SIZE_PREVALENCE_MATCHED_RANDOM_CORE_SNP_PANEL,levofloxacin,RANDOM_CORE_SNP_LOGISTIC,HPGP_TO_EXTERNAL_RANDOM_SNP_PANEL,CHINA_NINGXIA_2022__033,414,57,57,28,29,0,29,0,28,0.49122807017543857,0.0,1.0,1.0,0.0,0.5,0.0,nan,0.5087719298245614,0.5,0.49122807017543857,0.49122807017543857,0.4562807881773399,0.47521178282633814,0.2759321485988628,2.317968761522839,3.228703439456695
SIZE_PREVALENCE_MATCHED_RANDOM_CORE_SNP_PANEL,levofloxacin,RANDOM_CORE_SNP_LOGISTIC,HPGP_TO_EXTERNAL_RANDOM_SNP_PANEL,ZENODO_10369064__033,414,39,39,16,23,0,23,0,16,0.41025641025641024,0.0,1.0,1.0,0.0,0.5,0.0,nan,0.5897435897435898,0.5,0.41025641025641024,0.41025641025641024,0.53125,0.4471153846153846,0.24871431255890336,87.60436147870658,121.15141993032906
SIZE_PREVALENCE_MATCHED_RANDOM_CORE_SNP_PANEL,levofloxacin,RANDOM_CORE_SNP_LOGISTIC,RANDOM_ISOLATE_RANDOM_SNP_PANEL,34,331,83,83,27,56,0,56,0,27,0.3253012048192771,0.0,1.0,1.0,0.0,0.5,0.0,nan,0.6746987951807228,0.5,0.3253012048192771,0.3253012048192771,0.5142195767195767,0.3355845909215306,0.22046614741046483,-0.5172027230148388,0.3014428990517634
SIZE_PREVALENCE_MATCHED_RANDOM_CORE_SNP_PANEL,levofloxacin,RANDOM_CORE_SNP_LOGISTIC,HPGP_TO_EXTERNAL_RANDOM_SNP_PANEL,CHINA_NINGXIA_2022__034,414,57,57,28,29,0,29,0,28,0.49122807017543857,0.0,1.0,1.0,0.0,0.5,0.0,nan,0.5087719298245614,0.5,0.49122807017543857,0.49122807017543857,0.5178571428571429,0.5194571249552453,0.2762361492468812,1.1076625063957797,1.534259219894952
SIZE_PREVALENCE_MATCHED_RANDOM_CORE_SNP_PANEL,levofloxacin,RANDOM_CORE_SNP_LOGISTIC,HPGP_TO_EXTERNAL_RANDOM_SNP_PANEL,ZENODO_10369064__034,414,39,39,16,23,0,23,0,16,0.41025641025641024,0.0,1.0,1.0,0.0,0.5,0.0,nan,0.5897435897435898,0.5,0.41025641025641024,0.41025641025641024,0.5652173913043479,0.4444444444444444,0.24852139621067332,97.99888051338998,130.11176838191406
SIZE_PREVALENCE_MATCHED_RANDOM_CORE_SNP_PANEL,levofloxacin,RANDOM_CORE_SNP_LOGISTIC,RANDOM_ISOLATE_RANDOM_SNP_PANEL,35,331,83,83,27,56,0,56,0,27,0.3253012048192771,0.0,1.0,1.0,0.0,0.5,0.0,nan,0.6746987951807228,0.5,0.3253012048192771,0.3253012048192771,0.5178571428571428,0.3708576411641838,0.21777326431457372,-0.00407760955722522,1.004971269038787
SIZE_PREVALENCE_MATCHED_RANDOM_CORE_SNP_PANEL,levofloxacin,RANDOM_CORE_SNP_LOGISTIC,HPGP_TO_EXTERNAL_RANDOM_SNP_PANEL,CHINA_NINGXIA_2022__035,414,57,57,28,29,0,29,0,28,0.49122807017543857,0.0,1.0,1.0,0.0,0.5,0.0,nan,0.5087719298245614,0.5,0.49122807017543857,0.49122807017543857,0.5689655172413792,0.5306122448979593,0.2778829772064808,0.4750791537749007,0.6825346462193795
SIZE_PREVALENCE_MATCHED_RANDOM_CORE_SNP_PANEL,levofloxacin,RANDOM_CORE_SNP_LOGISTIC,HPGP_TO_EXTERNAL_RANDOM_SNP_PANEL,ZENODO_10369064__035,414,39,39,16,23,0,23,0,16,0.41025641025641024,0.0,1.0,1.0,0.0,0.5,0.0,nan,0.5897435897435898,0.5,0.41025641025641024,0.41025641025641024,0.5842391304347826,0.4970850501136345,0.24265095185863786,0.9334954995202569,1.767456385847648
SIZE_PREVALENCE_MATCHED_RANDOM_CORE_SNP_PANEL,levofloxacin,RANDOM_CORE_SNP_LOGISTIC,RANDOM_ISOLATE_RANDOM_SNP_PANEL,36,331,83,83,27,56,0,56,0,27,0.3253012048192771,0.0,1.0,1.0,0.0,0.5,0.0,nan,0.6746987951807228,0.5,0.3253012048192771,0.3253012048192771,0.5386904761904762,0.36068001605941985,0.2230168443914919,-0.9400035655322045,-0.2600424800030723
SIZE_PREVALENCE_MATCHED_RANDOM_CORE_SNP_PANEL,levofloxacin,RANDOM_CORE_SNP_LOGISTIC,HPGP_TO_EXTERNAL_RANDOM_SNP_PANEL,CHINA_NINGXIA_2022__036,414,57,57,28,29,0,29,0,28,0.49122807017543857,0.0,1.0,1.0,0.0,0.5,0.0,nan,0.5087719298245614,0.5,0.49122807017543857,0.49122807017543857,0.5061576354679802,0.49372966364104925,0.27951557626794576,0.8301589758243799,1.1064689365545022
SIZE_PREVALENCE_MATCHED_RANDOM_CORE_SNP_PANEL,levofloxacin,RANDOM_CORE_SNP_LOGISTIC,HPGP_TO_EXTERNAL_RANDOM_SNP_PANEL,ZENODO_10369064__036,414,39,39,16,23,0,23,0,16,0.41025641025641024,0.0,1.0,1.0,0.0,0.5,0.0,nan,0.5897435897435898,0.5,0.41025641025641024,0.41025641025641024,0.4714673913043479,0.3968121968121968,0.2530729205773352,-1.1464415134466763,-1.0244072152624377
SIZE_PREVALENCE_MATCHED_RANDOM_CORE_SNP_PANEL,levofloxacin,RANDOM_CORE_SNP_LOGISTIC,RANDOM_ISOLATE_RANDOM_SNP_PANEL,37,331,83,83,27,56,0,51,5,27,0.3253012048192771,0.0,0.9107142857142857,1.0,0.08928571428571429,0.45535714285714285,-0.17580271160193578,0.0,0.6538461538461539,0.45535714285714285,0.3253012048192771,0.3855421686746988,0.4186507936507936,0.30896177301799793,0.2321086891349258,-3.5892023519277525,-3.674872282217309
SIZE_PREVALENCE_MATCHED_RANDOM_CORE_SNP_PANEL,levofloxacin,RANDOM_CORE_SNP_LOGISTIC,HPGP_TO_EXTERNAL_RANDOM_SNP_PANEL,CHINA_NINGXIA_2022__037,414,57,57,28,29,0,29,0,28,0.49122807017543857,0.0,1.0,1.0,0.0,0.5,0.0,nan,0.5087719298245614,0.5,0.49122807017543857,0.49122807017543857,0.5714285714285714,0.5639097744360902,0.2787032435114151,112.43775707720279,148.71809185083072
SIZE_PREVALENCE_MATCHED_RANDOM_CORE_SNP_PANEL,levofloxacin,RANDOM_CORE_SNP_LOGISTIC,HPGP_TO_EXTERNAL_RANDOM_SNP_PANEL,ZENODO_10369064__037,414,39,39,16,23,0,23,0,16,0.41025641025641024,0.0,1.0,1.0,0.0,0.5,0.0,nan,0.5897435897435898,0.5,0.41025641025641024,0.41025641025641024,0.5095108695652174,0.4158653846153846,0.2500786666085774,7.171665651808972,9.975853838373059
SIZE_PREVALENCE_MATCHED_RANDOM_CORE_SNP_PANEL,levofloxacin,RANDOM_CORE_SNP_LOGISTIC,RANDOM_ISOLATE_RANDOM_SNP_PANEL,38,331,83,83,27,56,0,56,0,27,0.3253012048192771,0.0,1.0,1.0,0.0,0.5,0.0,nan,0.6746987951807228,0.5,0.3253012048192771,0.3253012048192771,0.5410052910052909,0.3458454132540891,0.2200737920362324,-0.35241066529557075,0.5178495293758708
SIZE_PREVALENCE_MATCHED_RANDOM_CORE_SNP_PANEL,levofloxacin,RANDOM_CORE_SNP_LOGISTIC,HPGP_TO_EXTERNAL_RANDOM_SNP_PANEL,CHINA_NINGXIA_2022__038,414,57,57,28,29,0,29,0,28,0.49122807017543857,0.0,1.0,1.0,0.0,0.5,0.0,nan,0.5087719298245614,0.5,0.49122807017543857,0.49122807017543857,0.5788177339901478,0.5344628417404698,0.2677581641682538,1.9448790643069525,2.83816766802956
SIZE_PREVALENCE_MATCHED_RANDOM_CORE_SNP_PANEL,levofloxacin,RANDOM_CORE_SNP_LOGISTIC,HPGP_TO_EXTERNAL_RANDOM_SNP_PANEL,ZENODO_10369064__038,414,39,39,16,23,0,23,0,16,0.41025641025641024,0.0,1.0,1.0,0.0,0.5,0.0,nan,0.5897435897435898,0.5,0.41025641025641024,0.41025641025641024,0.3831521739130434,0.39155982905982906,0.26807055803120033,-1.9057053901469307,-2.1273188062034483
SIZE_PREVALENCE_MATCHED_RANDOM_CORE_SNP_PANEL,levofloxacin,RANDOM_CORE_SNP_LOGISTIC,RANDOM_ISOLATE_RANDOM_SNP_PANEL,39,331,83,83,27,56,1,56,0,26,0.3253012048192771,0.037037037037037035,1.0,0.9629629629629629,0.0,0.5185185185185185,0.1590395745378993,1.0,0.6829268292682927,0.5185185185185185,0.3502900490852298,0.3132530120481928,0.4818121693121693,0.3477537780486218,0.2215589735046178,-0.6875338485566539,0.05607230794310863
SIZE_PREVALENCE_MATCHED_RANDOM_CORE_SNP_PANEL,levofloxacin,RANDOM_CORE_SNP_LOGISTIC,HPGP_TO_EXTERNAL_RANDOM_SNP_PANEL,CHINA_NINGXIA_2022__039,414,57,57,28,29,0,28,1,28,0.49122807017543857,0.0,0.9655172413793104,1.0,0.034482758620689655,0.4827586206896552,-0.13130643285972254,0.0,0.5,0.4827586206896552,0.49122807017543857,0.5087719298245614,0.4993842364532019,0.49968671679197996,0.28499034727207184,-1.1186371717241224,-1.5068508279473045
SIZE_PREVALENCE_MATCHED_RANDOM_CORE_SNP_PANEL,levofloxacin,RANDOM_CORE_SNP_LOGISTIC,HPGP_TO_EXTERNAL_RANDOM_SNP_PANEL,ZENODO_10369064__039,414,39,39,16,23,0,23,0,16,0.41025641025641024,0.0,1.0,1.0,0.0,0.5,0.0,nan,0.5897435897435898,0.5,0.41025641025641024,0.41025641025641024,0.5,0.41025641025641024,0.24896221522890577,nan,nan
SIZE_PREVALENCE_MATCHED_RANDOM_CORE_SNP_PANEL,levofloxacin,RANDOM_CORE_SNP_LOGISTIC,RANDOM_ISOLATE_RANDOM_SNP_PANEL,40,331,83,83,27,56,0,56,0,27,0.3253012048192771,0.0,1.0,1.0,0.0,0.5,0.0,nan,0.6746987951807228,0.5,0.3253012048192771,0.3253012048192771,0.5734126984126984,0.3631088581389283,0.21542512835940578,0.7457055079764091,2.0110923535432255
SIZE_PREVALENCE_MATCHED_RANDOM_CORE_SNP_PANEL,levofloxacin,RANDOM_CORE_SNP_LOGISTIC,HPGP_TO_EXTERNAL_RANDOM_SNP_PANEL,CHINA_NINGXIA_2022__040,414,57,57,28,29,0,29,0,28,0.49122807017543857,0.0,1.0,1.0,0.0,0.5,0.0,nan,0.5087719298245614,0.5,0.49122807017543857,0.49122807017543857,0.5326354679802955,0.5111044657097289,0.28062759905588974,0.3468152427740282,0.48723258319104173
SIZE_PREVALENCE_MATCHED_RANDOM_CORE_SNP_PANEL,levofloxacin,RANDOM_CORE_SNP_LOGISTIC,HPGP_TO_EXTERNAL_RANDOM_SNP_PANEL,ZENODO_10369064__040,414,39,39,16,23,0,23,0,16,0.41025641025641024,0.0,1.0,1.0,0.0,0.5,0.0,nan,0.5897435897435898,0.5,0.41025641025641024,0.41025641025641024,0.4701086956521739,0.40204485944086965,0.25658833071772424,-1.1053020588997884,-0.9774342721413428
SIZE_PREVALENCE_MATCHED_RANDOM_CORE_SNP_PANEL,levofloxacin,RANDOM_CORE_SNP_LOGISTIC,RANDOM_ISOLATE_RANDOM_SNP_PANEL,41,331,83,83,27,56,0,56,0,27,0.3253012048192771,0.0,1.0,1.0,0.0,0.5,0.0,nan,0.6746987951807228,0.5,0.3253012048192771,0.3253012048192771,0.5796957671957672,0.47679495240417985,0.21819512146579836,-0.28341422950631207,0.6131468660995204
SIZE_PREVALENCE_MATCHED_RANDOM_CORE_SNP_PANEL,levofloxacin,RANDOM_CORE_SNP_LOGISTIC,HPGP_TO_EXTERNAL_RANDOM_SNP_PANEL,CHINA_NINGXIA_2022__041,414,57,57,28,29,1,29,0,27,0.49122807017543857,0.03571428571428571,1.0,0.9642857142857143,0.0,0.5178571428571429,0.13599594831899836,1.0,0.5178571428571429,0.5178571428571429,0.5093984962406015,0.47368421052631576,0.5677339901477833,0.5558201058201058,0.2745342385713766,45.62834349347757,58.52210748337946
SIZE_PREVALENCE_MATCHED_RANDOM_CORE_SNP_PANEL,levofloxacin,RANDOM_CORE_SNP_LOGISTIC,HPGP_TO_EXTERNAL_RANDOM_SNP_PANEL,ZENODO_10369064__041,414,39,39,16,23,0,23,0,16,0.41025641025641024,0.0,1.0,1.0,0.0,0.5,0.0,nan,0.5897435897435898,0.5,0.41025641025641024,0.41025641025641024,0.4986413043478261,0.41162075537075543,0.252183507423577,-9.606549722872545,-11.857337723408062
SIZE_PREVALENCE_MATCHED_RANDOM_CORE_SNP_PANEL,levofloxacin,RANDOM_CORE_SNP_LOGISTIC,RANDOM_ISOLATE_RANDOM_SNP_PANEL,42,331,83,83,27,56,0,56,0,27,0.3253012048192771,0.0,1.0,1.0,0.0,0.5,0.0,nan,0.6746987951807228,0.5,0.3253012048192771,0.3253012048192771,0.5178571428571429,0.3347137924252352,0.21700036257587954,0.6671247557516701,1.9303981422921386
SIZE_PREVALENCE_MATCHED_RANDOM_CORE_SNP_PANEL,levofloxacin,RANDOM_CORE_SNP_LOGISTIC,HPGP_TO_EXTERNAL_RANDOM_SNP_PANEL,CHINA_NINGXIA_2022__042,414,57,57,28,29,0,29,0,28,0.49122807017543857,0.0,1.0,1.0,0.0,0.5,0.0,nan,0.5087719298245614,0.5,0.49122807017543857,0.49122807017543857,0.5523399014778325,0.5249342869368543,0.2799709870527352,3.407792690556402,4.440370662719691
SIZE_PREVALENCE_MATCHED_RANDOM_CORE_SNP_PANEL,levofloxacin,RANDOM_CORE_SNP_LOGISTIC,HPGP_TO_EXTERNAL_RANDOM_SNP_PANEL,ZENODO_10369064__042,414,39,39,16,23,0,23,0,16,0.41025641025641024,0.0,1.0,1.0,0.0,0.5,0.0,nan,0.5897435897435898,0.5,0.41025641025641024,0.41025641025641024,0.5502717391304348,0.43782894736842104,0.24923046241238508,3.055602703584031,4.354275228066611
SIZE_PREVALENCE_MATCHED_RANDOM_CORE_SNP_PANEL,levofloxacin,RANDOM_CORE_SNP_LOGISTIC,RANDOM_ISOLATE_RANDOM_SNP_PANEL,43,331,83,83,27,56,0,56,0,27,0.3253012048192771,0.0,1.0,1.0,0.0,0.5,0.0,nan,0.6746987951807228,0.5,0.3253012048192771,0.3253012048192771,0.4153439153439153,0.3012363783975393,0.22828256878293574,-2.620338255016531,-2.589055820630203
SIZE_PREVALENCE_MATCHED_RANDOM_CORE_SNP_PANEL,levofloxacin,RANDOM_CORE_SNP_LOGISTIC,HPGP_TO_EXTERNAL_RANDOM_SNP_PANEL,CHINA_NINGXIA_2022__043,414,57,57,28,29,0,29,0,28,0.49122807017543857,0.0,1.0,1.0,0.0,0.5,0.0,nan,0.5087719298245614,0.5,0.49122807017543857,0.49122807017543857,0.3891625615763547,0.4529409914748261,0.28342146528312584,-8.688648980148338,-11.278277265031084
SIZE_PREVALENCE_MATCHED_RANDOM_CORE_SNP_PANEL,levofloxacin,RANDOM_CORE_SNP_LOGISTIC,HPGP_TO_EXTERNAL_RANDOM_SNP_PANEL,ZENODO_10369064__043,414,39,39,16,23,0,23,0,16,0.41025641025641024,0.0,1.0,1.0,0.0,0.5,0.0,nan,0.5897435897435898,0.5,0.41025641025641024,0.41025641025641024,0.5434782608695653,0.44097459043111215,0.25224555019369505,-1.11622705664642,-0.9573640109774136
SIZE_PREVALENCE_MATCHED_RANDOM_CORE_SNP_PANEL,levofloxacin,RANDOM_CORE_SNP_LOGISTIC,RANDOM_ISOLATE_RANDOM_SNP_PANEL,44,331,83,83,27,56,2,53,3,25,0.3253012048192771,0.07407407407407407,0.9464285714285714,0.9259259259259259,0.05357142857142857,0.5102513227513228,0.040369511553037106,0.4,0.6794871794871795,0.5102513227513228,0.330834448906738,0.3373493975903614,0.4222883597883597,0.3064078432282958,0.2280978255504761,-1.4274275470102795,-0.9755296562687007
SIZE_PREVALENCE_MATCHED_RANDOM_CORE_SNP_PANEL,levofloxacin,RANDOM_CORE_SNP_LOGISTIC,HPGP_TO_EXTERNAL_RANDOM_SNP_PANEL,CHINA_NINGXIA_2022__044,414,57,57,28,29,0,29,0,28,0.49122807017543857,0.0,1.0,1.0,0.0,0.5,0.0,nan,0.5087719298245614,0.5,0.49122807017543857,0.49122807017543857,0.5548029556650247,0.5222123388829216,0.28141405605519404,0.4368384662345094,0.5740104647628314
SIZE_PREVALENCE_MATCHED_RANDOM_CORE_SNP_PANEL,levofloxacin,RANDOM_CORE_SNP_LOGISTIC,HPGP_TO_EXTERNAL_RANDOM_SNP_PANEL,ZENODO_10369064__044,414,39,39,16,23,0,23,0,16,0.41025641025641024,0.0,1.0,1.0,0.0,0.5,0.0,nan,0.5897435897435898,0.5,0.41025641025641024,0.41025641025641024,0.4483695652173913,0.3784774436090226,0.2642016040954827,-0.7029104286880156,-0.5110281861517664
SIZE_PREVALENCE_MATCHED_RANDOM_CORE_SNP_PANEL,levofloxacin,RANDOM_CORE_SNP_LOGISTIC,RANDOM_ISOLATE_RANDOM_SNP_PANEL,45,331,83,83,27,56,1,54,2,26,0.3253012048192771,0.037037037037037035,0.9642857142857143,0.9629629629629629,0.03571428571428571,0.5006613756613757,0.003320079470373316,0.3333333333333333,0.675,0.5006613756613757,0.32559869106053846,0.3373493975903614,0.5320767195767195,0.3515152970061211,0.21812924066587625,-0.05082511822710862,0.8471320134827586
SIZE_PREVALENCE_MATCHED_RANDOM_CORE_SNP_PANEL,levofloxacin,RANDOM_CORE_SNP_LOGISTIC,HPGP_TO_EXTERNAL_RANDOM_SNP_PANEL,CHINA_NINGXIA_2022__045,414,57,57,28,29,5,24,5,23,0.49122807017543857,0.17857142857142858,0.8275862068965517,0.8214285714285714,0.1724137931034483,0.5030788177339901,0.008093624669927727,0.5,0.5106382978723404,0.5030788177339901,0.49279448621553884,0.49122807017543857,0.4415024630541871,0.48856673354545394,0.2862722488905517,-0.24011528125553266,-0.3121110434391388
SIZE_PREVALENCE_MATCHED_RANDOM_CORE_SNP_PANEL,levofloxacin,RANDOM_CORE_SNP_LOGISTIC,HPGP_TO_EXTERNAL_RANDOM_SNP_PANEL,ZENODO_10369064__045,414,39,39,16,23,2,22,1,14,0.41025641025641024,0.125,0.9565217391304348,0.875,0.043478260869565216,0.5407608695652174,0.15048231635721152,0.6666666666666666,0.6111111111111112,0.5407608695652174,0.4423076923076923,0.38461538461538464,0.5067934782608695,0.4568910256410256,0.2440803310932308,0.5204699489896455,1.1661123638903075
SIZE_PREVALENCE_MATCHED_RANDOM_CORE_SNP_PANEL,levofloxacin,RANDOM_CORE_SNP_LOGISTIC,RANDOM_ISOLATE_RANDOM_SNP_PANEL,46,331,83,83,27,56,0,56,0,27,0.3253012048192771,0.0,1.0,1.0,0.0,0.5,0.0,nan,0.6746987951807228,0.5,0.3253012048192771,0.3253012048192771,0.490079365079365,0.32911439056017366,0.2228616693778995,-0.8759814230186083,-0.18355572163075917
SIZE_PREVALENCE_MATCHED_RANDOM_CORE_SNP_PANEL,levofloxacin,RANDOM_CORE_SNP_LOGISTIC,HPGP_TO_EXTERNAL_RANDOM_SNP_PANEL,CHINA_NINGXIA_2022__046,414,57,57,28,29,1,29,0,27,0.49122807017543857,0.03571428571428571,1.0,0.9642857142857143,0.0,0.5178571428571429,0.13599594831899836,1.0,0.5178571428571429,0.5178571428571429,0.5093984962406015,0.47368421052631576,0.4100985221674876,0.4677156659765355,0.2761063258162058,-0.4418725992384034,-0.6386910413187052
SIZE_PREVALENCE_MATCHED_RANDOM_CORE_SNP_PANEL,levofloxacin,RANDOM_CORE_SNP_LOGISTIC,HPGP_TO_EXTERNAL_RANDOM_SNP_PANEL,ZENODO_10369064__046,414,39,39,16,23,0,22,1,16,0.41025641025641024,0.0,0.9565217391304348,1.0,0.043478260869565216,0.4782608695652174,-0.13530201829834768,0.0,0.5789473684210527,0.4782608695652174,0.41025641025641024,0.4358974358974359,0.3831521739130434,0.3780794369029663,0.2579488353920893,-2.5495830701729174,-3.4086357568261882
SIZE_PREVALENCE_MATCHED_RANDOM_CORE_SNP_PANEL,levofloxacin,RANDOM_CORE_SNP_LOGISTIC,RANDOM_ISOLATE_RANDOM_SNP_PANEL,47,331,83,83,27,56,0,56,0,27,0.3253012048192771,0.0,1.0,1.0,0.0,0.5,0.0,nan,0.6746987951807228,0.5,0.3253012048192771,0.3253012048192771,0.5529100529100528,0.36684756544546665,0.21763738607424618,-0.1916045337200705,0.6859903984644071
SIZE_PREVALENCE_MATCHED_RANDOM_CORE_SNP_PANEL,levofloxacin,RANDOM_CORE_SNP_LOGISTIC,HPGP_TO_EXTERNAL_RANDOM_SNP_PANEL,CHINA_NINGXIA_2022__047,414,57,57,28,29,0,29,0,28,0.49122807017543857,0.0,1.0,1.0,0.0,0.5,0.0,nan,0.5087719298245614,0.5,0.49122807017543857,0.49122807017543857,0.4729064039408867,0.47391521818922866,0.29090511193388785,-0.171763279131442,-0.15977723125423857
SIZE_PREVALENCE_MATCHED_RANDOM_CORE_SNP_PANEL,levofloxacin,RANDOM_CORE_SNP_LOGISTIC,HPGP_TO_EXTERNAL_RANDOM_SNP_PANEL,ZENODO_10369064__047,414,39,39,16,23,0,23,0,16,0.41025641025641024,0.0,1.0,1.0,0.0,0.5,0.0,nan,0.5897435897435898,0.5,0.41025641025641024,0.41025641025641024,0.4741847826086955,0.3990104542374363,0.2637956057622775,-0.6910288924067921,-0.351941601079346
SIZE_PREVALENCE_MATCHED_RANDOM_CORE_SNP_PANEL,levofloxacin,RANDOM_CORE_SNP_LOGISTIC,RANDOM_ISOLATE_RANDOM_SNP_PANEL,48,331,83,83,27,56,1,55,1,26,0.3253012048192771,0.037037037037037035,0.9821428571428571,0.9629629629629629,0.017857142857142856,0.5095899470899471,0.05859554460040536,0.5,0.6790123456790124,0.5095899470899471,0.33177153056671127,0.3253012048192771,0.5704365079365078,0.3868909967494317,0.21412852805506088,0.19711547065155474,1.211266756455113
SIZE_PREVALENCE_MATCHED_RANDOM_CORE_SNP_PANEL,levofloxacin,RANDOM_CORE_SNP_LOGISTIC,HPGP_TO_EXTERNAL_RANDOM_SNP_PANEL,CHINA_NINGXIA_2022__048,414,57,57,28,29,8,19,10,20,0.49122807017543857,0.2857142857142857,0.6551724137931034,0.7142857142857143,0.3448275862068966,0.47044334975369456,-0.06357621470658532,0.4444444444444444,0.48717948717948717,0.47044334975369456,0.4778613199665831,0.5263157894736842,0.4698275862068966,0.4732236574341837,0.27428746734135506,-0.12803357523632322,-0.19244898407878958
SIZE_PREVALENCE_MATCHED_RANDOM_CORE_SNP_PANEL,levofloxacin,RANDOM_CORE_SNP_LOGISTIC,HPGP_TO_EXTERNAL_RANDOM_SNP_PANEL,ZENODO_10369064__048,414,39,39,16,23,8,13,10,8,0.41025641025641024,0.5,0.5652173913043478,0.5,0.43478260869565216,0.5326086956521738,0.0643489452087787,0.4444444444444444,0.6190476190476191,0.5326086956521738,0.42735042735042733,0.46153846153846156,0.5339673913043479,0.42869003872293343,0.24410799685304146,-0.22024861207040894,0.39016905706893157
SIZE_PREVALENCE_MATCHED_RANDOM_CORE_SNP_PANEL,levofloxacin,RANDOM_CORE_SNP_LOGISTIC,RANDOM_ISOLATE_RANDOM_SNP_PANEL,49,331,83,83,27,56,0,56,0,27,0.3253012048192771,0.0,1.0,1.0,0.0,0.5,0.0,nan,0.6746987951807228,0.5,0.3253012048192771,0.3253012048192771,0.5492724867724866,0.39661049147455624,0.2171722368297977,1.3331109094748954,2.7548315889258923
SIZE_PREVALENCE_MATCHED_RANDOM_CORE_SNP_PANEL,levofloxacin,RANDOM_CORE_SNP_LOGISTIC,HPGP_TO_EXTERNAL_RANDOM_SNP_PANEL,CHINA_NINGXIA_2022__049,414,57,57,28,29,0,29,0,28,0.49122807017543857,0.0,1.0,1.0,0.0,0.5,0.0,nan,0.5087719298245614,0.5,0.49122807017543857,0.49122807017543857,0.561576354679803,0.5456796753789235,0.2746992030840097,0.24367330356654093,0.40358027619885106
SIZE_PREVALENCE_MATCHED_RANDOM_CORE_SNP_PANEL,levofloxacin,RANDOM_CORE_SNP_LOGISTIC,HPGP_TO_EXTERNAL_RANDOM_SNP_PANEL,ZENODO_10369064__049,414,39,39,16,23,0,23,0,16,0.41025641025641024,0.0,1.0,1.0,0.0,0.5,0.0,nan,0.5897435897435898,0.5,0.41025641025641024,0.41025641025641024,0.4334239130434782,0.38799605424605427,0.2624150813338661,-1.0412649989226321,-0.8734519474115308
SIZE_PREVALENCE_MATCHED_RANDOM_CORE_SNP_PANEL,levofloxacin,RANDOM_CORE_SNP_LOGISTIC,RANDOM_ISOLATE_RANDOM_SNP_PANEL,50,331,83,83,27,56,0,54,2,27,0.3253012048192771,0.0,0.9642857142857143,1.0,0.03571428571428571,0.48214285714285715,-0.10910894511799618,0.0,0.6666666666666666,0.48214285714285715,0.3253012048192771,0.3493975903614458,0.4834656084656084,0.32026434837679824,0.22791921725645234,-4.7985039878296565,-4.9392411688432105
SIZE_PREVALENCE_MATCHED_RANDOM_CORE_SNP_PANEL,levofloxacin,RANDOM_CORE_SNP_LOGISTIC,HPGP_TO_EXTERNAL_RANDOM_SNP_PANEL,CHINA_NINGXIA_2022__050,414,57,57,28,29,0,29,0,28,0.49122807017543857,0.0,1.0,1.0,0.0,0.5,0.0,nan,0.5087719298245614,0.5,0.49122807017543857,0.49122807017543857,0.4759852216748768,0.47754329004329005,0.28273990312691766,-2.331838409596649,-2.993348040690692
SIZE_PREVALENCE_MATCHED_RANDOM_CORE_SNP_PANEL,levofloxacin,RANDOM_CORE_SNP_LOGISTIC,HPGP_TO_EXTERNAL_RANDOM_SNP_PANEL,ZENODO_10369064__050,414,39,39,16,23,0,23,0,16,0.41025641025641024,0.0,1.0,1.0,0.0,0.5,0.0,nan,0.5897435897435898,0.5,0.41025641025641024,0.41025641025641024,0.4972826086956521,0.421474358974359,0.2509672901314271,0.6879800604204978,1.343739495109009
SIZE_PREVALENCE_MATCHED_RANDOM_CORE_SNP_PANEL,levofloxacin,RANDOM_CORE_SNP_LOGISTIC,RANDOM_ISOLATE_RANDOM_SNP_PANEL,51,331,83,83,27,56,1,55,1,26,0.3253012048192771,0.037037037037037035,0.9821428571428571,0.9629629629629629,0.017857142857142856,0.5095899470899471,0.05859554460040536,0.5,0.6790123456790124,0.5095899470899471,0.33177153056671127,0.3253012048192771,0.5092592592592593,0.33801779678946886,0.22332289665248325,-1.1073671368008136,-0.5006871550335729
SIZE_PREVALENCE_MATCHED_RANDOM_CORE_SNP_PANEL,levofloxacin,RANDOM_CORE_SNP_LOGISTIC,HPGP_TO_EXTERNAL_RANDOM_SNP_PANEL,CHINA_NINGXIA_2022__051,414,57,57,28,29,0,29,0,28,0.49122807017543857,0.0,1.0,1.0,0.0,0.5,0.0,nan,0.5087719298245614,0.5,0.49122807017543857,0.49122807017543857,0.4605911330049261,0.48058335176175737,0.2934746620606267,-1.1298671996315552,-1.3102330269930567
SIZE_PREVALENCE_MATCHED_RANDOM_CORE_SNP_PANEL,levofloxacin,RANDOM_CORE_SNP_LOGISTIC,HPGP_TO_EXTERNAL_RANDOM_SNP_PANEL,ZENODO_10369064__051,414,39,39,16,23,0,23,0,16,0.41025641025641024,0.0,1.0,1.0,0.0,0.5,0.0,nan,0.5897435897435898,0.5,0.41025641025641024,0.41025641025641024,0.4402173913043478,0.38381410256410253,0.2652341446535081,-1.3851925774464173,-1.1462547697674361
SIZE_PREVALENCE_MATCHED_RANDOM_CORE_SNP_PANEL,levofloxacin,RANDOM_CORE_SNP_LOGISTIC,RANDOM_ISOLATE_RANDOM_SNP_PANEL,52,331,83,83,27,56,0,56,0,27,0.3253012048192771,0.0,1.0,1.0,0.0,0.5,0.0,nan,0.6746987951807228,0.5,0.3253012048192771,0.3253012048192771,0.5449735449735449,0.3542527783090032,0.22009388642164063,-0.5027060784135663,0.2996135782803477
SIZE_PREVALENCE_MATCHED_RANDOM_CORE_SNP_PANEL,levofloxacin,RANDOM_CORE_SNP_LOGISTIC,HPGP_TO_EXTERNAL_RANDOM_SNP_PANEL,CHINA_NINGXIA_2022__052,414,57,57,28,29,0,29,0,28,0.49122807017543857,0.0,1.0,1.0,0.0,0.5,0.0,nan,0.5087719298245614,0.5,0.49122807017543857,0.49122807017543857,0.4279556650246305,0.4605856962668108,0.2752523200237591,-0.9702186693325416,-1.6359949647525602
SIZE_PREVALENCE_MATCHED_RANDOM_CORE_SNP_PANEL,levofloxacin,RANDOM_CORE_SNP_LOGISTIC,HPGP_TO_EXTERNAL_RANDOM_SNP_PANEL,ZENODO_10369064__052,414,39,39,16,23,0,23,0,16,0.41025641025641024,0.0,1.0,1.0,0.0,0.5,0.0,nan,0.5897435897435898,0.5,0.41025641025641024,0.41025641025641024,0.3722826086956521,0.35233516483516486,0.2537831404902212,-2.4231734510655185,-3.8585817806040907
SIZE_PREVALENCE_MATCHED_RANDOM_CORE_SNP_PANEL,levofloxacin,RANDOM_CORE_SNP_LOGISTIC,RANDOM_ISOLATE_RANDOM_SNP_PANEL,53,331,83,83,27,56,0,56,0,27,0.3253012048192771,0.0,1.0,1.0,0.0,0.5,0.0,nan,0.6746987951807228,0.5,0.3253012048192771,0.3253012048192771,0.5085978835978836,0.36550962366902184,0.21956397524099655,-0.4480343292329899,0.3617320268608413
SIZE_PREVALENCE_MATCHED_RANDOM_CORE_SNP_PANEL,levofloxacin,RANDOM_CORE_SNP_LOGISTIC,HPGP_TO_EXTERNAL_RANDOM_SNP_PANEL,CHINA_NINGXIA_2022__053,414,57,57,28,29,0,29,0,28,0.49122807017543857,0.0,1.0,1.0,0.0,0.5,0.0,nan,0.5087719298245614,0.5,0.49122807017543857,0.49122807017543857,0.4334975369458128,0.46843671679198,0.28253935984508266,-5.891914984559101,-7.908714726943054
SIZE_PREVALENCE_MATCHED_RANDOM_CORE_SNP_PANEL,levofloxacin,RANDOM_CORE_SNP_LOGISTIC,HPGP_TO_EXTERNAL_RANDOM_SNP_PANEL,ZENODO_10369064__053,414,39,39,16,23,0,23,0,16,0.41025641025641024,0.0,1.0,1.0,0.0,0.5,0.0,nan,0.5897435897435898,0.5,0.41025641025641024,0.41025641025641024,0.4904891304347825,0.45723684210526316,0.24715158222109834,1.8435937754602467,2.9697556091903605
SIZE_PREVALENCE_MATCHED_RANDOM_CORE_SNP_PANEL,levofloxacin,RANDOM_CORE_SNP_LOGISTIC,RANDOM_ISOLATE_RANDOM_SNP_PANEL,54,331,83,83,27,56,0,56,0,27,0.3253012048192771,0.0,1.0,1.0,0.0,0.5,0.0,nan,0.6746987951807228,0.5,0.3253012048192771,0.3253012048192771,0.6177248677248677,0.46248669893248207,0.2165743790939468,-0.2564537508876126,0.6373071820374848
SIZE_PREVALENCE_MATCHED_RANDOM_CORE_SNP_PANEL,levofloxacin,RANDOM_CORE_SNP_LOGISTIC,HPGP_TO_EXTERNAL_RANDOM_SNP_PANEL,CHINA_NINGXIA_2022__054,414,57,57,28,29,0,29,0,28,0.49122807017543857,0.0,1.0,1.0,0.0,0.5,0.0,nan,0.5087719298245614,0.5,0.49122807017543857,0.49122807017543857,0.5677339901477833,0.5866500633134197,0.2758530156470449,0.9484537054245121,1.2291066439555696
SIZE_PREVALENCE_MATCHED_RANDOM_CORE_SNP_PANEL,levofloxacin,RANDOM_CORE_SNP_LOGISTIC,HPGP_TO_EXTERNAL_RANDOM_SNP_PANEL,ZENODO_10369064__054,414,39,39,16,23,0,23,0,16,0.41025641025641024,0.0,1.0,1.0,0.0,0.5,0.0,nan,0.5897435897435898,0.5,0.41025641025641024,0.41025641025641024,0.5489130434782609,0.43749999999999994,0.25110291560571324,0.1692045137453992,0.6765808954284376
SIZE_PREVALENCE_MATCHED_RANDOM_CORE_SNP_PANEL,levofloxacin,RANDOM_CORE_SNP_LOGISTIC,RANDOM_ISOLATE_RANDOM_SNP_PANEL,55,331,83,83,27,56,0,53,3,27,0.3253012048192771,0.0,0.9464285714285714,1.0,0.05357142857142857,0.4732142857142857,-0.13446321855011928,0.0,0.6625,0.4732142857142857,0.3253012048192771,0.3614457831325301,0.4613095238095239,0.30828240869187507,0.22819043215825088,-1.7212523874278258,-1.27217117323517
SIZE_PREVALENCE_MATCHED_RANDOM_CORE_SNP_PANEL,levofloxacin,RANDOM_CORE_SNP_LOGISTIC,HPGP_TO_EXTERNAL_RANDOM_SNP_PANEL,CHINA_NINGXIA_2022__055,414,57,57,28,29,0,28,1,28,0.49122807017543857,0.0,0.9655172413793104,1.0,0.034482758620689655,0.4827586206896552,-0.13130643285972254,0.0,0.5,0.4827586206896552,0.49122807017543857,0.5087719298245614,0.3552955665024631,0.447418730337985,0.2888441628884972,-1.1468680539683984,-2.0597143382632948
SIZE_PREVALENCE_MATCHED_RANDOM_CORE_SNP_PANEL,levofloxacin,RANDOM_CORE_SNP_LOGISTIC,HPGP_TO_EXTERNAL_RANDOM_SNP_PANEL,ZENODO_10369064__055,414,39,39,16,23,0,22,1,16,0.41025641025641024,0.0,0.9565217391304348,1.0,0.043478260869565216,0.4782608695652174,-0.13530201829834768,0.0,0.5789473684210527,0.4782608695652174,0.41025641025641024,0.4358974358974359,0.5027173913043479,0.4226752779384358,0.24708677402495305,-0.36771407189537686,-0.010616177972322133
SIZE_PREVALENCE_MATCHED_RANDOM_CORE_SNP_PANEL,levofloxacin,RANDOM_CORE_SNP_LOGISTIC,RANDOM_ISOLATE_RANDOM_SNP_PANEL,56,331,83,83,27,56,2,53,3,25,0.3253012048192771,0.07407407407407407,0.9464285714285714,0.9259259259259259,0.05357142857142857,0.5102513227513228,0.040369511553037106,0.4,0.6794871794871795,0.5102513227513228,0.330834448906738,0.3373493975903614,0.4791666666666667,0.32836139020877975,0.2303991143135437,-0.9875730193767132,-0.35305742484064917
SIZE_PREVALENCE_MATCHED_RANDOM_CORE_SNP_PANEL,levofloxacin,RANDOM_CORE_SNP_LOGISTIC,HPGP_TO_EXTERNAL_RANDOM_SNP_PANEL,CHINA_NINGXIA_2022__056,414,57,57,28,29,1,25,4,27,0.49122807017543857,0.03571428571428571,0.8620689655172413,0.9642857142857143,0.13793103448275862,0.4488916256157635,-0.18063978337461514,0.2,0.4807692307692308,0.4488916256157635,0.4808270676691729,0.543859649122807,0.4815270935960591,0.4807823129251701,0.2853281159739702,-0.3754490018283509,-0.5601333213548713
SIZE_PREVALENCE_MATCHED_RANDOM_CORE_SNP_PANEL,levofloxacin,RANDOM_CORE_SNP_LOGISTIC,HPGP_TO_EXTERNAL_RANDOM_SNP_PANEL,ZENODO_10369064__056,414,39,39,16,23,3,20,3,13,0.41025641025641024,0.1875,0.8695652173913043,0.8125,0.13043478260869565,0.5285326086956521,0.07779698928301773,0.5,0.6060606060606061,0.5285326086956521,0.4270833333333333,0.41025641025641024,0.5217391304347826,0.4711636864597391,0.24097181417649574,0.023431529969010562,0.6627833428172547
SIZE_PREVALENCE_MATCHED_RANDOM_CORE_SNP_PANEL,levofloxacin,RANDOM_CORE_SNP_LOGISTIC,RANDOM_ISOLATE_RANDOM_SNP_PANEL,57,331,83,83,27,56,0,56,0,27,0.3253012048192771,0.0,1.0,1.0,0.0,0.5,0.0,nan,0.6746987951807228,0.5,0.3253012048192771,0.3253012048192771,0.521494708994709,0.3565623162845385,0.21913830586769717,0.013444010241152035,1.0059944664403202
SIZE_PREVALENCE_MATCHED_RANDOM_CORE_SNP_PANEL,levofloxacin,RANDOM_CORE_SNP_LOGISTIC,HPGP_TO_EXTERNAL_RANDOM_SNP_PANEL,CHINA_NINGXIA_2022__057,414,57,57,28,29,0,29,0,28,0.49122807017543857,0.0,1.0,1.0,0.0,0.5,0.0,nan,0.5087719298245614,0.5,0.49122807017543857,0.49122807017543857,0.4359605911330049,0.46506892230576447,0.2801382836453065,-2.2090976766083554,-3.064513318478516
SIZE_PREVALENCE_MATCHED_RANDOM_CORE_SNP_PANEL,levofloxacin,RANDOM_CORE_SNP_LOGISTIC,HPGP_TO_EXTERNAL_RANDOM_SNP_PANEL,ZENODO_10369064__057,414,39,39,16,23,0,23,0,16,0.41025641025641024,0.0,1.0,1.0,0.0,0.5,0.0,nan,0.5897435897435898,0.5,0.41025641025641024,0.41025641025641024,0.4076086956521739,0.38381410256410253,0.2527610336202917,-3.774406070032615,-4.795930652671311
SIZE_PREVALENCE_MATCHED_RANDOM_CORE_SNP_PANEL,levofloxacin,RANDOM_CORE_SNP_LOGISTIC,RANDOM_ISOLATE_RANDOM_SNP_PANEL,58,331,83,83,27,56,0,56,0,27,0.3253012048192771,0.0,1.0,1.0,0.0,0.5,0.0,nan,0.6746987951807228,0.5,0.3253012048192771,0.3253012048192771,0.5310846560846562,0.34437904755322574,0.22037398341949918,-0.5016545668425112,0.29058864439908894
SIZE_PREVALENCE_MATCHED_RANDOM_CORE_SNP_PANEL,levofloxacin,RANDOM_CORE_SNP_LOGISTIC,HPGP_TO_EXTERNAL_RANDOM_SNP_PANEL,CHINA_NINGXIA_2022__058,414,57,57,28,29,0,29,0,28,0.49122807017543857,0.0,1.0,1.0,0.0,0.5,0.0,nan,0.5087719298245614,0.5,0.49122807017543857,0.49122807017543857,0.4827586206896552,0.48117794486215537,0.2842321370215748,-1.9337540693248745,-2.4176875128757986
SIZE_PREVALENCE_MATCHED_RANDOM_CORE_SNP_PANEL,levofloxacin,RANDOM_CORE_SNP_LOGISTIC,HPGP_TO_EXTERNAL_RANDOM_SNP_PANEL,ZENODO_10369064__058,414,39,39,16,23,0,23,0,16,0.41025641025641024,0.0,1.0,1.0,0.0,0.5,0.0,nan,0.5897435897435898,0.5,0.41025641025641024,0.41025641025641024,0.4171195652173912,0.37970753205128205,0.25364641536951227,-6.70962528056466,-7.905697137893785
SIZE_PREVALENCE_MATCHED_RANDOM_CORE_SNP_PANEL,levofloxacin,RANDOM_CORE_SNP_LOGISTIC,RANDOM_ISOLATE_RANDOM_SNP_PANEL,59,331,83,83,27,56,1,55,1,26,0.3253012048192771,0.037037037037037035,0.9821428571428571,0.9629629629629629,0.017857142857142856,0.5095899470899471,0.05859554460040536,0.5,0.6790123456790124,0.5095899470899471,0.33177153056671127,0.3253012048192771,0.5459656084656085,0.3600690669113614,0.21546290676185956,0.0495638579415662,1.0353422620695911
SIZE_PREVALENCE_MATCHED_RANDOM_CORE_SNP_PANEL,levofloxacin,RANDOM_CORE_SNP_LOGISTIC,HPGP_TO_EXTERNAL_RANDOM_SNP_PANEL,CHINA_NINGXIA_2022__059,414,57,57,28,29,0,29,0,28,0.49122807017543857,0.0,1.0,1.0,0.0,0.5,0.0,nan,0.5087719298245614,0.5,0.49122807017543857,0.49122807017543857,0.5153940886699508,0.4951955360098359,0.27596563129483204,0.0062215995178021115,0.05959234501735444
SIZE_PREVALENCE_MATCHED_RANDOM_CORE_SNP_PANEL,levofloxacin,RANDOM_CORE_SNP_LOGISTIC,HPGP_TO_EXTERNAL_RANDOM_SNP_PANEL,ZENODO_10369064__059,414,39,39,16,23,0,23,0,16,0.41025641025641024,0.0,1.0,1.0,0.0,0.5,0.0,nan,0.5897435897435898,0.5,0.41025641025641024,0.41025641025641024,0.547554347826087,0.458479020979021,0.2501477132593973,-0.1456515729371221,0.28790226401514374
SIZE_PREVALENCE_MATCHED_RANDOM_CORE_SNP_PANEL,levofloxacin,RANDOM_CORE_SNP_LOGISTIC,RANDOM_ISOLATE_RANDOM_SNP_PANEL,60,331,83,83,27,56,0,56,0,27,0.3253012048192771,0.0,1.0,1.0,0.0,0.5,0.0,nan,0.6746987951807228,0.5,0.3253012048192771,0.3253012048192771,0.5717592592592592,0.37749137099204033,0.21542726389089936,0.2487970208706795,1.2983154996035216
SIZE_PREVALENCE_MATCHED_RANDOM_CORE_SNP_PANEL,levofloxacin,RANDOM_CORE_SNP_LOGISTIC,HPGP_TO_EXTERNAL_RANDOM_SNP_PANEL,CHINA_NINGXIA_2022__060,414,57,57,28,29,0,29,0,28,0.49122807017543857,0.0,1.0,1.0,0.0,0.5,0.0,nan,0.5087719298245614,0.5,0.49122807017543857,0.49122807017543857,0.5344827586206897,0.509090909090909,0.2801289959965899,29.895574597718106,38.199774005534955
SIZE_PREVALENCE_MATCHED_RANDOM_CORE_SNP_PANEL,levofloxacin,RANDOM_CORE_SNP_LOGISTIC,HPGP_TO_EXTERNAL_RANDOM_SNP_PANEL,ZENODO_10369064__060,414,39,39,16,23,0,23,0,16,0.41025641025641024,0.0,1.0,1.0,0.0,0.5,0.0,nan,0.5897435897435898,0.5,0.41025641025641024,0.41025641025641024,0.5217391304347826,0.42105263157894735,0.24993246476844064,14.709765784029678,19.225417119495994
SIZE_PREVALENCE_MATCHED_RANDOM_CORE_SNP_PANEL,levofloxacin,RANDOM_CORE_SNP_LOGISTIC,RANDOM_ISOLATE_RANDOM_SNP_PANEL,61,331,83,83,27,56,0,56,0,27,0.3253012048192771,0.0,1.0,1.0,0.0,0.5,0.0,nan,0.6746987951807228,0.5,0.3253012048192771,0.3253012048192771,0.6048280423280424,0.4584010840108401,0.20929501840971798,1.8152951713700727,3.27289970855629
SIZE_PREVALENCE_MATCHED_RANDOM_CORE_SNP_PANEL,levofloxacin,RANDOM_CORE_SNP_LOGISTIC,HPGP_TO_EXTERNAL_RANDOM_SNP_PANEL,CHINA_NINGXIA_2022__061,414,57,57,28,29,0,29,0,28,0.49122807017543857,0.0,1.0,1.0,0.0,0.5,0.0,nan,0.5087719298245614,0.5,0.49122807017543857,0.49122807017543857,0.4501231527093595,0.4685611086539879,0.2854485298224003,-0.9194387964541281,-1.1734392465174337
SIZE_PREVALENCE_MATCHED_RANDOM_CORE_SNP_PANEL,levofloxacin,RANDOM_CORE_SNP_LOGISTIC,HPGP_TO_EXTERNAL_RANDOM_SNP_PANEL,ZENODO_10369064__061,414,39,39,16,23,0,21,2,16,0.41025641025641024,0.0,0.9130434782608695,1.0,0.08695652173913043,0.45652173913043476,-0.19391446622548786,0.0,0.5675675675675675,0.45652173913043476,0.41025641025641024,0.46153846153846156,0.4198369565217392,0.38830549932523617,0.26623356065733716,-1.8066216571737825,-1.9953801918512077
SIZE_PREVALENCE_MATCHED_RANDOM_CORE_SNP_PANEL,levofloxacin,RANDOM_CORE_SNP_LOGISTIC,RANDOM_ISOLATE_RANDOM_SNP_PANEL,62,331,83,83,27,56,2,54,2,25,0.3253012048192771,0.07407407407407407,0.9642857142857143,0.9259259259259259,0.03571428571428571,0.5191798941798942,0.08390900218877344,0.5,0.6835443037974683,0.5191798941798942,0.33824185631414544,0.3253012048192771,0.6408730158730159,0.4637839640537265,0.20942451152936845,0.6182911957555695,1.8008863671258868
SIZE_PREVALENCE_MATCHED_RANDOM_CORE_SNP_PANEL,levofloxacin,RANDOM_CORE_SNP_LOGISTIC,HPGP_TO_EXTERNAL_RANDOM_SNP_PANEL,CHINA_NINGXIA_2022__062,414,57,57,28,29,0,27,2,28,0.49122807017543857,0.0,0.9310344827586207,1.0,0.06896551724137931,0.46551724137931033,-0.1873758732290221,0.0,0.4909090909090909,0.46551724137931033,0.49122807017543857,0.5263157894736842,0.3916256157635468,0.43871635771138995,0.30642533182209825,-0.584050207684213,-0.7495616807076471
SIZE_PREVALENCE_MATCHED_RANDOM_CORE_SNP_PANEL,levofloxacin,RANDOM_CORE_SNP_LOGISTIC,HPGP_TO_EXTERNAL_RANDOM_SNP_PANEL,ZENODO_10369064__062,414,39,39,16,23,1,21,2,15,0.41025641025641024,0.0625,0.9130434782608695,0.9375,0.08695652173913043,0.48777173913043476,-0.045144694907163455,0.3333333333333333,0.5833333333333334,0.48777173913043476,0.4054487179487179,0.4358974358974359,0.4470108695652174,0.3927829982517482,0.2744122817307637,-0.5839720937035743,-0.2994511369857765
SIZE_PREVALENCE_MATCHED_RANDOM_CORE_SNP_PANEL,levofloxacin,RANDOM_CORE_SNP_LOGISTIC,RANDOM_ISOLATE_RANDOM_SNP_PANEL,63,331,83,83,27,56,0,56,0,27,0.3253012048192771,0.0,1.0,1.0,0.0,0.5,0.0,nan,0.6746987951807228,0.5,0.3253012048192771,0.3253012048192771,0.5089285714285714,0.42010408154986467,0.216516466053819,0.12455844531795837,1.17502422232075
SIZE_PREVALENCE_MATCHED_RANDOM_CORE_SNP_PANEL,levofloxacin,RANDOM_CORE_SNP_LOGISTIC,HPGP_TO_EXTERNAL_RANDOM_SNP_PANEL,CHINA_NINGXIA_2022__063,414,57,57,28,29,2,26,3,26,0.49122807017543857,0.07142857142857142,0.896551724137931,0.9285714285714286,0.10344827586206896,0.4839901477832512,-0.056585956237831254,0.4,0.5,0.4839901477832512,0.48471177944862154,0.5087719298245614,0.5283251231527093,0.5091401974323565,0.27643944012693056,0.10748409417498436,0.2119701910530729
SIZE_PREVALENCE_MATCHED_RANDOM_CORE_SNP_PANEL,levofloxacin,RANDOM_CORE_SNP_LOGISTIC,HPGP_TO_EXTERNAL_RANDOM_SNP_PANEL,ZENODO_10369064__063,414,39,39,16,23,4,19,4,12,0.41025641025641024,0.25,0.8260869565217391,0.75,0.17391304347826086,0.5380434782608696,0.09268474973316582,0.5,0.6129032258064516,0.5380434782608696,0.4326923076923077,0.41025641025641024,0.5801630434782609,0.45608660130718953,0.2411678636959629,0.04951306090564962,0.7045392651422127
SIZE_PREVALENCE_MATCHED_RANDOM_CORE_SNP_PANEL,levofloxacin,RANDOM_CORE_SNP_LOGISTIC,RANDOM_ISOLATE_RANDOM_SNP_PANEL,64,331,83,83,27,56,0,56,0,27,0.3253012048192771,0.0,1.0,1.0,0.0,0.5,0.0,nan,0.6746987951807228,0.5,0.3253012048192771,0.3253012048192771,0.554563492063492,0.4081516911661017,0.21728806774794449,0.17313767295556728,1.2436247560804077
SIZE_PREVALENCE_MATCHED_RANDOM_CORE_SNP_PANEL,levofloxacin,RANDOM_CORE_SNP_LOGISTIC,HPGP_TO_EXTERNAL_RANDOM_SNP_PANEL,CHINA_NINGXIA_2022__064,414,57,57,28,29,0,29,0,28,0.49122807017543857,0.0,1.0,1.0,0.0,0.5,0.0,nan,0.5087719298245614,0.5,0.49122807017543857,0.49122807017543857,0.4655172413793104,0.4743394606646486,0.28057753755205417,-4.444576038533986,-6.144155519000988
SIZE_PREVALENCE_MATCHED_RANDOM_CORE_SNP_PANEL,levofloxacin,RANDOM_CORE_SNP_LOGISTIC,HPGP_TO_EXTERNAL_RANDOM_SNP_PANEL,ZENODO_10369064__064,414,39,39,16,23,0,23,0,16,0.41025641025641024,0.0,1.0,1.0,0.0,0.5,0.0,nan,0.5897435897435898,0.5,0.41025641025641024,0.41025641025641024,0.4388586956521739,0.38596491228070173,0.2549765306856999,-2.1022744848216157,-2.4110700488492647
SIZE_PREVALENCE_MATCHED_RANDOM_CORE_SNP_PANEL,levofloxacin,RANDOM_CORE_SNP_LOGISTIC,RANDOM_ISOLATE_RANDOM_SNP_PANEL,65,331,83,83,27,56,0,56,0,27,0.3253012048192771,0.0,1.0,1.0,0.0,0.5,0.0,nan,0.6746987951807228,0.5,0.3253012048192771,0.3253012048192771,0.4368386243386243,0.33349765388193375,0.2258603638088507,-1.4877612643023237,-1.0557413038292442
SIZE_PREVALENCE_MATCHED_RANDOM_CORE_SNP_PANEL,levofloxacin,RANDOM_CORE_SNP_LOGISTIC,HPGP_TO_EXTERNAL_RANDOM_SNP_PANEL,CHINA_NINGXIA_2022__065,414,57,57,28,29,0,29,0,28,0.49122807017543857,0.0,1.0,1.0,0.0,0.5,0.0,nan,0.5087719298245614,0.5,0.49122807017543857,0.49122807017543857,0.5658866995073891,0.521003763589576,0.26985817051308225,1.0076869090947387,1.5613850693827307
SIZE_PREVALENCE_MATCHED_RANDOM_CORE_SNP_PANEL,levofloxacin,RANDOM_CORE_SNP_LOGISTIC,HPGP_TO_EXTERNAL_RANDOM_SNP_PANEL,ZENODO_10369064__065,414,39,39,16,23,0,23,0,16,0.41025641025641024,0.0,1.0,1.0,0.0,0.5,0.0,nan,0.5897435897435898,0.5,0.41025641025641024,0.41025641025641024,0.4959239130434782,0.4425747863247863,0.24817602966176808,-0.3772132960173366,-0.021387259762682805
SIZE_PREVALENCE_MATCHED_RANDOM_CORE_SNP_PANEL,levofloxacin,RANDOM_CORE_SNP_LOGISTIC,RANDOM_ISOLATE_RANDOM_SNP_PANEL,66,331,83,83,27,56,2,56,0,25,0.3253012048192771,0.07407407407407407,1.0,0.9259259259259259,0.0,0.537037037037037,0.2263000343188069,1.0,0.691358024691358,0.537037037037037,0.3752788933511825,0.30120481927710846,0.586309523809524,0.4226605843293309,0.21252944797694961,0.7470042127116178,2.011730436095655
SIZE_PREVALENCE_MATCHED_RANDOM_CORE_SNP_PANEL,levofloxacin,RANDOM_CORE_SNP_LOGISTIC,HPGP_TO_EXTERNAL_RANDOM_SNP_PANEL,CHINA_NINGXIA_2022__066,414,57,57,28,29,0,29,0,28,0.49122807017543857,0.0,1.0,1.0,0.0,0.5,0.0,nan,0.5087719298245614,0.5,0.49122807017543857,0.49122807017543857,0.5344827586206896,0.5119047619047619,0.27527720574390036,1.344287255126312,1.8519981464208906
SIZE_PREVALENCE_MATCHED_RANDOM_CORE_SNP_PANEL,levofloxacin,RANDOM_CORE_SNP_LOGISTIC,HPGP_TO_EXTERNAL_RANDOM_SNP_PANEL,ZENODO_10369064__066,414,39,39,16,23,0,23,0,16,0.41025641025641024,0.0,1.0,1.0,0.0,0.5,0.0,nan,0.5897435897435898,0.5,0.41025641025641024,0.41025641025641024,0.53125,0.4471153846153846,0.24619669594207513,10.274962145108661,13.955141423411003
SIZE_PREVALENCE_MATCHED_RANDOM_CORE_SNP_PANEL,levofloxacin,RANDOM_CORE_SNP_LOGISTIC,RANDOM_ISOLATE_RANDOM_SNP_PANEL,67,331,83,83,27,56,0,56,0,27,0.3253012048192771,0.0,1.0,1.0,0.0,0.5,0.0,nan,0.6746987951807228,0.5,0.3253012048192771,0.3253012048192771,0.5423280423280424,0.44690294979451606,0.21344863458893348,0.3809854149300171,1.541945228487003
SIZE_PREVALENCE_MATCHED_RANDOM_CORE_SNP_PANEL,levofloxacin,RANDOM_CORE_SNP_LOGISTIC,HPGP_TO_EXTERNAL_RANDOM_SNP_PANEL,CHINA_NINGXIA_2022__067,414,57,57,28,29,0,29,0,28,0.49122807017543857,0.0,1.0,1.0,0.0,0.5,0.0,nan,0.5087719298245614,0.5,0.49122807017543857,0.49122807017543857,0.5178571428571429,0.5093984962406015,0.28287145354318965,8.747173551445213,10.373109002925098
SIZE_PREVALENCE_MATCHED_RANDOM_CORE_SNP_PANEL,levofloxacin,RANDOM_CORE_SNP_LOGISTIC,HPGP_TO_EXTERNAL_RANDOM_SNP_PANEL,ZENODO_10369064__067,414,39,39,16,23,0,23,0,16,0.41025641025641024,0.0,1.0,1.0,0.0,0.5,0.0,nan,0.5897435897435898,0.5,0.41025641025641024,0.41025641025641024,0.5217391304347827,0.43243243243243246,0.2539693376270746,1.0360105619308826,1.6374531679860904
SIZE_PREVALENCE_MATCHED_RANDOM_CORE_SNP_PANEL,levofloxacin,RANDOM_CORE_SNP_LOGISTIC,RANDOM_ISOLATE_RANDOM_SNP_PANEL,68,331,83,83,27,56,1,56,0,26,0.3253012048192771,0.037037037037037035,1.0,0.9629629629629629,0.0,0.5185185185185185,0.1590395745378993,1.0,0.6829268292682927,0.5185185185185185,0.3502900490852298,0.3132530120481928,0.6167328042328043,0.42768716603197315,0.2094757037461463,0.6336280853095755,1.8959609181613846
SIZE_PREVALENCE_MATCHED_RANDOM_CORE_SNP_PANEL,levofloxacin,RANDOM_CORE_SNP_LOGISTIC,HPGP_TO_EXTERNAL_RANDOM_SNP_PANEL,CHINA_NINGXIA_2022__068,414,57,57,28,29,0,29,0,28,0.49122807017543857,0.0,1.0,1.0,0.0,0.5,0.0,nan,0.5087719298245614,0.5,0.49122807017543857,0.49122807017543857,0.4482758620689655,0.47106897678980053,0.28063060480096064,-0.36158709539542383,-0.553266049741079
SIZE_PREVALENCE_MATCHED_RANDOM_CORE_SNP_PANEL,levofloxacin,RANDOM_CORE_SNP_LOGISTIC,HPGP_TO_EXTERNAL_RANDOM_SNP_PANEL,ZENODO_10369064__068,414,39,39,16,23,0,23,0,16,0.41025641025641024,0.0,1.0,1.0,0.0,0.5,0.0,nan,0.5897435897435898,0.5,0.41025641025641024,0.41025641025641024,0.4891304347826087,0.40669856459330145,0.255255131772525,-0.5062540431650084,-0.2093118978318535
SIZE_PREVALENCE_MATCHED_RANDOM_CORE_SNP_PANEL,levofloxacin,RANDOM_CORE_SNP_LOGISTIC,RANDOM_ISOLATE_RANDOM_SNP_PANEL,69,331,83,83,27,56,0,56,0,27,0.3253012048192771,0.0,1.0,1.0,0.0,0.5,0.0,nan,0.6746987951807228,0.5,0.3253012048192771,0.3253012048192771,0.544973544973545,0.4179473417180699,0.21289319657731015,0.9936292064739443,2.3243233372373835
SIZE_PREVALENCE_MATCHED_RANDOM_CORE_SNP_PANEL,levofloxacin,RANDOM_CORE_SNP_LOGISTIC,HPGP_TO_EXTERNAL_RANDOM_SNP_PANEL,CHINA_NINGXIA_2022__069,414,57,57,28,29,6,28,1,22,0.49122807017543857,0.21428571428571427,0.9655172413793104,0.7857142857142857,0.034482758620689655,0.5899014778325123,0.273867702821707,0.8571428571428571,0.56,0.5899014778325123,0.5696383816684568,0.40350877192982454,0.6028325123152709,0.5791782622139765,0.2576782095254862,1.728466913506489,2.5459532920721237
SIZE_PREVALENCE_MATCHED_RANDOM_CORE_SNP_PANEL,levofloxacin,RANDOM_CORE_SNP_LOGISTIC,HPGP_TO_EXTERNAL_RANDOM_SNP_PANEL,ZENODO_10369064__069,414,39,39,16,23,1,19,4,15,0.41025641025641024,0.0625,0.8260869565217391,0.9375,0.17391304347826086,0.44429347826086957,-0.16392133663309533,0.2,0.5588235294117647,0.44429347826086957,0.3971153846153846,0.48717948717948717,0.3845108695652174,0.37339743589743585,0.2623019197819372,-1.358737060432734,-1.4559920514630906
SIZE_PREVALENCE_MATCHED_RANDOM_CORE_SNP_PANEL,levofloxacin,RANDOM_CORE_SNP_LOGISTIC,RANDOM_ISOLATE_RANDOM_SNP_PANEL,70,331,83,83,27,56,0,55,1,27,0.3253012048192771,0.0,0.9821428571428571,1.0,0.017857142857142856,0.49107142857142855,-0.07667979486648716,0.0,0.6707317073170732,0.49107142857142855,0.3253012048192771,0.3373493975903614,0.4672619047619047,0.30908192902838144,0.22800576276927229,-2.221174886056622,-2.005428850375891
SIZE_PREVALENCE_MATCHED_RANDOM_CORE_SNP_PANEL,levofloxacin,RANDOM_CORE_SNP_LOGISTIC,HPGP_TO_EXTERNAL_RANDOM_SNP_PANEL,CHINA_NINGXIA_2022__070,414,57,57,28,29,0,29,0,28,0.49122807017543857,0.0,1.0,1.0,0.0,0.5,0.0,nan,0.5087719298245614,0.5,0.49122807017543857,0.49122807017543857,0.4618226600985222,0.47918904403866813,0.2810611586198398,-3.816715739316876,-5.125700372724187
SIZE_PREVALENCE_MATCHED_RANDOM_CORE_SNP_PANEL,levofloxacin,RANDOM_CORE_SNP_LOGISTIC,HPGP_TO_EXTERNAL_RANDOM_SNP_PANEL,ZENODO_10369064__070,414,39,39,16,23,0,23,0,16,0.41025641025641024,0.0,1.0,1.0,0.0,0.5,0.0,nan,0.5897435897435898,0.5,0.41025641025641024,0.41025641025641024,0.5108695652173914,0.4211952521163047,0.24874993725805838,-0.03614389530168787,0.45229981309375156
SIZE_PREVALENCE_MATCHED_RANDOM_CORE_SNP_PANEL,levofloxacin,RANDOM_CORE_SNP_LOGISTIC,RANDOM_ISOLATE_RANDOM_SNP_PANEL,71,331,83,83,27,56,0,56,0,27,0.3253012048192771,0.0,1.0,1.0,0.0,0.5,0.0,nan,0.6746987951807228,0.5,0.3253012048192771,0.3253012048192771,0.5677910052910052,0.40070860643149797,0.21626973285551296,0.55618142774689,1.737782482832365
SIZE_PREVALENCE_MATCHED_RANDOM_CORE_SNP_PANEL,levofloxacin,RANDOM_CORE_SNP_LOGISTIC,HPGP_TO_EXTERNAL_RANDOM_SNP_PANEL,CHINA_NINGXIA_2022__071,414,57,57,28,29,0,29,0,28,0.49122807017543857,0.0,1.0,1.0,0.0,0.5,0.0,nan,0.5087719298245614,0.5,0.49122807017543857,0.49122807017543857,0.4519704433497536,0.47827767470624616,0.2835405931609063,0.07296474966033803,0.13386329449546475
SIZE_PREVALENCE_MATCHED_RANDOM_CORE_SNP_PANEL,levofloxacin,RANDOM_CORE_SNP_LOGISTIC,HPGP_TO_EXTERNAL_RANDOM_SNP_PANEL,ZENODO_10369064__071,414,39,39,16,23,0,23,0,16,0.41025641025641024,0.0,1.0,1.0,0.0,0.5,0.0,nan,0.5897435897435898,0.5,0.41025641025641024,0.41025641025641024,0.5,0.4309210526315789,0.2498576052173212,2.8696122827823407,4.064187201063966
SIZE_PREVALENCE_MATCHED_RANDOM_CORE_SNP_PANEL,levofloxacin,RANDOM_CORE_SNP_LOGISTIC,RANDOM_ISOLATE_RANDOM_SNP_PANEL,72,331,83,83,27,56,0,56,0,27,0.3253012048192771,0.0,1.0,1.0,0.0,0.5,0.0,nan,0.6746987951807228,0.5,0.3253012048192771,0.3253012048192771,0.4027777777777778,0.3099647266313933,0.22298079556048298,-3.859299982117644,-4.13846735368905
SIZE_PREVALENCE_MATCHED_RANDOM_CORE_SNP_PANEL,levofloxacin,RANDOM_CORE_SNP_LOGISTIC,HPGP_TO_EXTERNAL_RANDOM_SNP_PANEL,CHINA_NINGXIA_2022__072,414,57,57,28,29,0,29,0,28,0.49122807017543857,0.0,1.0,1.0,0.0,0.5,0.0,nan,0.5087719298245614,0.5,0.49122807017543857,0.49122807017543857,0.5566502463054187,0.5639097744360902,0.275802625468618,33.81238890353224,46.614890828715914
SIZE_PREVALENCE_MATCHED_RANDOM_CORE_SNP_PANEL,levofloxacin,RANDOM_CORE_SNP_LOGISTIC,HPGP_TO_EXTERNAL_RANDOM_SNP_PANEL,ZENODO_10369064__072,414,39,39,16,23,0,23,0,16,0.41025641025641024,0.0,1.0,1.0,0.0,0.5,0.0,nan,0.5897435897435898,0.5,0.41025641025641024,0.41025641025641024,0.5163043478260869,0.4110576923076923,0.24905849037350983,-2.1087278650573644,-2.4145826269492274
SIZE_PREVALENCE_MATCHED_RANDOM_CORE_SNP_PANEL,levofloxacin,RANDOM_CORE_SNP_LOGISTIC,RANDOM_ISOLATE_RANDOM_SNP_PANEL,73,331,83,83,27,56,2,48,8,25,0.3253012048192771,0.07407407407407407,0.8571428571428571,0.9259259259259259,0.14285714285714285,0.4656084656084656,-0.09899106887512599,0.2,0.6575342465753424,0.4656084656084656,0.31601963409192324,0.39759036144578314,0.3981481481481481,0.29584790748862116,0.2341236070936326,-1.3764481070075996,-0.9343169001685625
SIZE_PREVALENCE_MATCHED_RANDOM_CORE_SNP_PANEL,levofloxacin,RANDOM_CORE_SNP_LOGISTIC,HPGP_TO_EXTERNAL_RANDOM_SNP_PANEL,CHINA_NINGXIA_2022__073,414,57,57,28,29,0,29,0,28,0.49122807017543857,0.0,1.0,1.0,0.0,0.5,0.0,nan,0.5087719298245614,0.5,0.49122807017543857,0.49122807017543857,0.4642857142857143,0.4669399562736629,0.2745928907607792,-1.1849881769942676,-1.8651109088747428
SIZE_PREVALENCE_MATCHED_RANDOM_CORE_SNP_PANEL,levofloxacin,RANDOM_CORE_SNP_LOGISTIC,HPGP_TO_EXTERNAL_RANDOM_SNP_PANEL,ZENODO_10369064__073,414,39,39,16,23,0,23,0,16,0.41025641025641024,0.0,1.0,1.0,0.0,0.5,0.0,nan,0.5897435897435898,0.5,0.41025641025641024,0.41025641025641024,0.3559782608695652,0.3591117216117216,0.25294012311270475,-5.117057551476644,-7.774015751278893
SIZE_PREVALENCE_MATCHED_RANDOM_CORE_SNP_PANEL,levofloxacin,RANDOM_CORE_SNP_LOGISTIC,RANDOM_ISOLATE_RANDOM_SNP_PANEL,74,331,83,83,27,56,0,56,0,27,0.3253012048192771,0.0,1.0,1.0,0.0,0.5,0.0,nan,0.6746987951807228,0.5,0.3253012048192771,0.3253012048192771,0.5307539682539681,0.34656978401270644,0.2201868375751754,-0.379218166611206,0.42440115418379665
SIZE_PREVALENCE_MATCHED_RANDOM_CORE_SNP_PANEL,levofloxacin,RANDOM_CORE_SNP_LOGISTIC,HPGP_TO_EXTERNAL_RANDOM_SNP_PANEL,CHINA_NINGXIA_2022__074,414,57,57,28,29,0,29,0,28,0.49122807017543857,0.0,1.0,1.0,0.0,0.5,0.0,nan,0.5087719298245614,0.5,0.49122807017543857,0.49122807017543857,0.5314039408866995,0.516687552213868,0.2848583670668368,0.3303027881592258,0.41626613073998353
SIZE_PREVALENCE_MATCHED_RANDOM_CORE_SNP_PANEL,levofloxacin,RANDOM_CORE_SNP_LOGISTIC,HPGP_TO_EXTERNAL_RANDOM_SNP_PANEL,ZENODO_10369064__074,414,39,39,16,23,0,23,0,16,0.41025641025641024,0.0,1.0,1.0,0.0,0.5,0.0,nan,0.5897435897435898,0.5,0.41025641025641024,0.41025641025641024,0.4157608695652174,0.3802884615384615,0.27476440716993544,-1.077779996579153,-0.7886701348572768
SIZE_PREVALENCE_MATCHED_RANDOM_CORE_SNP_PANEL,levofloxacin,RANDOM_CORE_SNP_LOGISTIC,RANDOM_ISOLATE_RANDOM_SNP_PANEL,75,331,83,83,27,56,0,56,0,27,0.3253012048192771,0.0,1.0,1.0,0.0,0.5,0.0,nan,0.6746987951807228,0.5,0.3253012048192771,0.3253012048192771,0.47255291005291,0.3146059375649096,0.2292510170647321,-1.0397935953126796,-0.3963432658669603
SIZE_PREVALENCE_MATCHED_RANDOM_CORE_SNP_PANEL,levofloxacin,RANDOM_CORE_SNP_LOGISTIC,HPGP_TO_EXTERNAL_RANDOM_SNP_PANEL,CHINA_NINGXIA_2022__075,414,57,57,28,29,0,29,0,28,0.49122807017543857,0.0,1.0,1.0,0.0,0.5,0.0,nan,0.5087719298245614,0.5,0.49122807017543857,0.49122807017543857,0.45935960591133,0.47165115586168216,0.28152741856679425,-2.6643079406066925,-3.8299888486649722
SIZE_PREVALENCE_MATCHED_RANDOM_CORE_SNP_PANEL,levofloxacin,RANDOM_CORE_SNP_LOGISTIC,HPGP_TO_EXTERNAL_RANDOM_SNP_PANEL,ZENODO_10369064__075,414,39,39,16,23,0,23,0,16,0.41025641025641024,0.0,1.0,1.0,0.0,0.5,0.0,nan,0.5897435897435898,0.5,0.41025641025641024,0.41025641025641024,0.5951086956521738,0.500801282051282,0.24424544895632905,7.273365861193512,11.43106794633524
SIZE_PREVALENCE_MATCHED_RANDOM_CORE_SNP_PANEL,levofloxacin,RANDOM_CORE_SNP_LOGISTIC,RANDOM_ISOLATE_RANDOM_SNP_PANEL,76,331,83,83,27,56,0,56,0,27,0.3253012048192771,0.0,1.0,1.0,0.0,0.5,0.0,nan,0.6746987951807228,0.5,0.3253012048192771,0.3253012048192771,0.5641534391534391,0.40584542800667567,0.21549279772645047,3.2546016035100322,5.457918990151277
SIZE_PREVALENCE_MATCHED_RANDOM_CORE_SNP_PANEL,levofloxacin,RANDOM_CORE_SNP_LOGISTIC,HPGP_TO_EXTERNAL_RANDOM_SNP_PANEL,CHINA_NINGXIA_2022__076,414,57,57,28,29,0,29,0,28,0.49122807017543857,0.0,1.0,1.0,0.0,0.5,0.0,nan,0.5087719298245614,0.5,0.49122807017543857,0.49122807017543857,0.5030788177339902,0.5001679243125822,0.2802532622451943,1.1296485801829932,1.4926003262346177
SIZE_PREVALENCE_MATCHED_RANDOM_CORE_SNP_PANEL,levofloxacin,RANDOM_CORE_SNP_LOGISTIC,HPGP_TO_EXTERNAL_RANDOM_SNP_PANEL,ZENODO_10369064__076,414,39,39,16,23,0,23,0,16,0.41025641025641024,0.0,1.0,1.0,0.0,0.5,0.0,nan,0.5897435897435898,0.5,0.41025641025641024,0.41025641025641024,0.4252717391304348,0.3815307499518026,0.2546694562633034,-2.984143235256378,-3.3840789617038642
SIZE_PREVALENCE_MATCHED_RANDOM_CORE_SNP_PANEL,levofloxacin,RANDOM_CORE_SNP_LOGISTIC,RANDOM_ISOLATE_RANDOM_SNP_PANEL,77,331,83,83,27,56,0,56,0,27,0.3253012048192771,0.0,1.0,1.0,0.0,0.5,0.0,nan,0.6746987951807228,0.5,0.3253012048192771,0.3253012048192771,0.4560185185185185,0.31169568064142256,0.22336691713892734,-1.2044142453373454,-0.6359100811472125
SIZE_PREVALENCE_MATCHED_RANDOM_CORE_SNP_PANEL,levofloxacin,RANDOM_CORE_SNP_LOGISTIC,HPGP_TO_EXTERNAL_RANDOM_SNP_PANEL,CHINA_NINGXIA_2022__077,414,57,57,28,29,0,29,0,28,0.49122807017543857,0.0,1.0,1.0,0.0,0.5,0.0,nan,0.5087719298245614,0.5,0.49122807017543857,0.49122807017543857,0.5197044334975369,0.5443379524392377,0.27782632879052244,0.5560972215361171,0.765297425476347
SIZE_PREVALENCE_MATCHED_RANDOM_CORE_SNP_PANEL,levofloxacin,RANDOM_CORE_SNP_LOGISTIC,HPGP_TO_EXTERNAL_RANDOM_SNP_PANEL,ZENODO_10369064__077,414,39,39,16,23,0,23,0,16,0.41025641025641024,0.0,1.0,1.0,0.0,0.5,0.0,nan,0.5897435897435898,0.5,0.41025641025641024,0.41025641025641024,0.5353260869565217,0.4355769230769231,0.2521952629169529,-0.334330948570343,0.04020523254604644
SIZE_PREVALENCE_MATCHED_RANDOM_CORE_SNP_PANEL,levofloxacin,RANDOM_CORE_SNP_LOGISTIC,RANDOM_ISOLATE_RANDOM_SNP_PANEL,78,331,83,83,27,56,0,56,0,27,0.3253012048192771,0.0,1.0,1.0,0.0,0.5,0.0,nan,0.6746987951807228,0.5,0.3253012048192771,0.3253012048192771,0.5264550264550264,0.34032664818401154,0.2207231816835582,-0.558643054967819,0.2285347555023004
SIZE_PREVALENCE_MATCHED_RANDOM_CORE_SNP_PANEL,levofloxacin,RANDOM_CORE_SNP_LOGISTIC,HPGP_TO_EXTERNAL_RANDOM_SNP_PANEL,CHINA_NINGXIA_2022__078,414,57,57,28,29,0,29,0,28,0.49122807017543857,0.0,1.0,1.0,0.0,0.5,0.0,nan,0.5087719298245614,0.5,0.49122807017543857,0.49122807017543857,0.4975369458128079,0.49000305250305254,0.2693332878323779,0.21575207444706845,0.41194018296593266
SIZE_PREVALENCE_MATCHED_RANDOM_CORE_SNP_PANEL,levofloxacin,RANDOM_CORE_SNP_LOGISTIC,HPGP_TO_EXTERNAL_RANDOM_SNP_PANEL,ZENODO_10369064__078,414,39,39,16,23,0,23,0,16,0.41025641025641024,0.0,1.0,1.0,0.0,0.5,0.0,nan,0.5897435897435898,0.5,0.41025641025641024,0.41025641025641024,0.3940217391304348,0.3649683649941087,0.26071480023329296,-1.69864026542358,-2.21233606350058
SIZE_PREVALENCE_MATCHED_RANDOM_CORE_SNP_PANEL,levofloxacin,RANDOM_CORE_SNP_LOGISTIC,RANDOM_ISOLATE_RANDOM_SNP_PANEL,79,331,83,83,27,56,0,56,0,27,0.3253012048192771,0.0,1.0,1.0,0.0,0.5,0.0,nan,0.6746987951807228,0.5,0.3253012048192771,0.3253012048192771,0.5132275132275131,0.3335246538745466,0.2213773013223104,-1.4516220256572137,-0.9896878239099949
SIZE_PREVALENCE_MATCHED_RANDOM_CORE_SNP_PANEL,levofloxacin,RANDOM_CORE_SNP_LOGISTIC,HPGP_TO_EXTERNAL_RANDOM_SNP_PANEL,CHINA_NINGXIA_2022__079,414,57,57,28,29,0,29,0,28,0.49122807017543857,0.0,1.0,1.0,0.0,0.5,0.0,nan,0.5087719298245614,0.5,0.49122807017543857,0.49122807017543857,0.6256157635467979,0.5751436672489304,0.2764603777681859,-0.9454115561872095,-1.2837094440710581
SIZE_PREVALENCE_MATCHED_RANDOM_CORE_SNP_PANEL,levofloxacin,RANDOM_CORE_SNP_LOGISTIC,HPGP_TO_EXTERNAL_RANDOM_SNP_PANEL,ZENODO_10369064__079,414,39,39,16,23,0,23,0,16,0.41025641025641024,0.0,1.0,1.0,0.0,0.5,0.0,nan,0.5897435897435898,0.5,0.41025641025641024,0.41025641025641024,0.4796195652173913,0.4093164817429523,0.25480351844667054,-3.3954078505280694,-4.0742071705841045
SIZE_PREVALENCE_MATCHED_RANDOM_CORE_SNP_PANEL,levofloxacin,RANDOM_CORE_SNP_LOGISTIC,RANDOM_ISOLATE_RANDOM_SNP_PANEL,80,331,83,83,27,56,0,56,0,27,0.3253012048192771,0.0,1.0,1.0,0.0,0.5,0.0,nan,0.6746987951807228,0.5,0.3253012048192771,0.3253012048192771,0.4646164021164021,0.3162620747107548,0.22482508897206072,-1.9306980094843162,-1.6036259179007757
SIZE_PREVALENCE_MATCHED_RANDOM_CORE_SNP_PANEL,levofloxacin,RANDOM_CORE_SNP_LOGISTIC,HPGP_TO_EXTERNAL_RANDOM_SNP_PANEL,CHINA_NINGXIA_2022__080,414,57,57,28,29,0,29,0,28,0.49122807017543857,0.0,1.0,1.0,0.0,0.5,0.0,nan,0.5087719298245614,0.5,0.49122807017543857,0.49122807017543857,0.5517241379310345,0.5185185185185185,0.27530384128449353,15.48067038608058,21.224492646529296
SIZE_PREVALENCE_MATCHED_RANDOM_CORE_SNP_PANEL,levofloxacin,RANDOM_CORE_SNP_LOGISTIC,HPGP_TO_EXTERNAL_RANDOM_SNP_PANEL,ZENODO_10369064__080,414,39,39,16,23,0,23,0,16,0.41025641025641024,0.0,1.0,1.0,0.0,0.5,0.0,nan,0.5897435897435898,0.5,0.41025641025641024,0.41025641025641024,0.4782608695652174,0.42105263157894735,0.24941840108272367,-0.550076936814785,-0.2578829067296294
SIZE_PREVALENCE_MATCHED_RANDOM_CORE_SNP_PANEL,levofloxacin,RANDOM_CORE_SNP_LOGISTIC,RANDOM_ISOLATE_RANDOM_SNP_PANEL,81,331,83,83,27,56,0,56,0,27,0.3253012048192771,0.0,1.0,1.0,0.0,0.5,0.0,nan,0.6746987951807228,0.5,0.3253012048192771,0.3253012048192771,0.4044312169312168,0.29000867810240216,0.224217555706108,-2.5811785299480583,-2.4461374147242876
SIZE_PREVALENCE_MATCHED_RANDOM_CORE_SNP_PANEL,levofloxacin,RANDOM_CORE_SNP_LOGISTIC,HPGP_TO_EXTERNAL_RANDOM_SNP_PANEL,CHINA_NINGXIA_2022__081,414,57,57,28,29,0,29,0,28,0.49122807017543857,0.0,1.0,1.0,0.0,0.5,0.0,nan,0.5087719298245614,0.5,0.49122807017543857,0.49122807017543857,0.354679802955665,0.4319436985320444,0.27933974186000726,-75.56072922462837,-104.05529474527447
SIZE_PREVALENCE_MATCHED_RANDOM_CORE_SNP_PANEL,levofloxacin,RANDOM_CORE_SNP_LOGISTIC,HPGP_TO_EXTERNAL_RANDOM_SNP_PANEL,ZENODO_10369064__081,414,39,39,16,23,0,23,0,16,0.41025641025641024,0.0,1.0,1.0,0.0,0.5,0.0,nan,0.5897435897435898,0.5,0.41025641025641024,0.41025641025641024,0.5149456521739131,0.4185325254404202,0.24892424778784872,2.892387113289821,4.453329669909595
SIZE_PREVALENCE_MATCHED_RANDOM_CORE_SNP_PANEL,levofloxacin,RANDOM_CORE_SNP_LOGISTIC,RANDOM_ISOLATE_RANDOM_SNP_PANEL,82,331,83,83,27,56,0,56,0,27,0.3253012048192771,0.0,1.0,1.0,0.0,0.5,0.0,nan,0.6746987951807228,0.5,0.3253012048192771,0.3253012048192771,0.5059523809523809,0.33573989457774467,0.2214751595095018,-0.7995703800161251,-0.09015078238829032
SIZE_PREVALENCE_MATCHED_RANDOM_CORE_SNP_PANEL,levofloxacin,RANDOM_CORE_SNP_LOGISTIC,HPGP_TO_EXTERNAL_RANDOM_SNP_PANEL,CHINA_NINGXIA_2022__082,414,57,57,28,29,0,29,0,28,0.49122807017543857,0.0,1.0,1.0,0.0,0.5,0.0,nan,0.5087719298245614,0.5,0.49122807017543857,0.49122807017543857,0.4273399014778325,0.46285768603437777,0.2860335944051665,-2.325467220232304,-3.1338888698849368
SIZE_PREVALENCE_MATCHED_RANDOM_CORE_SNP_PANEL,levofloxacin,RANDOM_CORE_SNP_LOGISTIC,HPGP_TO_EXTERNAL_RANDOM_SNP_PANEL,ZENODO_10369064__082,414,39,39,16,23,0,23,0,16,0.41025641025641024,0.0,1.0,1.0,0.0,0.5,0.0,nan,0.5897435897435898,0.5,0.41025641025641024,0.41025641025641024,0.4578804347826087,0.3905898560503824,0.251338870612555,-8.42153903587993,-11.590028450404743
SIZE_PREVALENCE_MATCHED_RANDOM_CORE_SNP_PANEL,levofloxacin,RANDOM_CORE_SNP_LOGISTIC,RANDOM_ISOLATE_RANDOM_SNP_PANEL,83,331,83,83,27,56,0,56,0,27,0.3253012048192771,0.0,1.0,1.0,0.0,0.5,0.0,nan,0.6746987951807228,0.5,0.3253012048192771,0.3253012048192771,0.4947089947089946,0.32351556233698564,0.22238726791664737,-1.0630624488183837,-0.43611421591587246
SIZE_PREVALENCE_MATCHED_RANDOM_CORE_SNP_PANEL,levofloxacin,RANDOM_CORE_SNP_LOGISTIC,HPGP_TO_EXTERNAL_RANDOM_SNP_PANEL,CHINA_NINGXIA_2022__083,414,57,57,28,29,0,29,0,28,0.49122807017543857,0.0,1.0,1.0,0.0,0.5,0.0,nan,0.5087719298245614,0.5,0.49122807017543857,0.49122807017543857,0.5123152709359606,0.5020119246529021,0.2780609128481792,-1.0826874022134017,-1.490594031084146
SIZE_PREVALENCE_MATCHED_RANDOM_CORE_SNP_PANEL,levofloxacin,RANDOM_CORE_SNP_LOGISTIC,HPGP_TO_EXTERNAL_RANDOM_SNP_PANEL,ZENODO_10369064__083,414,39,39,16,23,0,23,0,16,0.41025641025641024,0.0,1.0,1.0,0.0,0.5,0.0,nan,0.5897435897435898,0.5,0.41025641025641024,0.41025641025641024,0.5815217391304348,0.5178698435277382,0.2420134269441454,20.78527762344968,30.25603764026732
SIZE_PREVALENCE_MATCHED_RANDOM_CORE_SNP_PANEL,levofloxacin,RANDOM_CORE_SNP_LOGISTIC,RANDOM_ISOLATE_RANDOM_SNP_PANEL,84,331,83,83,27,56,1,50,6,26,0.3253012048192771,0.037037037037037035,0.8928571428571429,0.9629629629629629,0.10714285714285714,0.46494708994709,-0.11818820955673758,0.14285714285714285,0.6578947368421053,0.46494708994709,0.31854401733919807,0.3855421686746988,0.4880952380952381,0.3192819876143266,0.23621824911937733,-0.9217104058044178,-0.2656451290921558
SIZE_PREVALENCE_MATCHED_RANDOM_CORE_SNP_PANEL,levofloxacin,RANDOM_CORE_SNP_LOGISTIC,HPGP_TO_EXTERNAL_RANDOM_SNP_PANEL,CHINA_NINGXIA_2022__084,414,57,57,28,29,0,29,0,28,0.49122807017543857,0.0,1.0,1.0,0.0,0.5,0.0,nan,0.5087719298245614,0.5,0.49122807017543857,0.49122807017543857,0.4741379310344827,0.47840608465608464,0.27825612640745806,-0.519282686896632,-0.683379674786249
SIZE_PREVALENCE_MATCHED_RANDOM_CORE_SNP_PANEL,levofloxacin,RANDOM_CORE_SNP_LOGISTIC,HPGP_TO_EXTERNAL_RANDOM_SNP_PANEL,ZENODO_10369064__084,414,39,39,16,23,0,23,0,16,0.41025641025641024,0.0,1.0,1.0,0.0,0.5,0.0,nan,0.5897435897435898,0.5,0.41025641025641024,0.41025641025641024,0.4959239130434782,0.407802483974359,0.24812159446717388,-0.06867993341767245,0.4190811288556736
SIZE_PREVALENCE_MATCHED_RANDOM_CORE_SNP_PANEL,levofloxacin,RANDOM_CORE_SNP_LOGISTIC,RANDOM_ISOLATE_RANDOM_SNP_PANEL,85,331,83,83,27,56,0,56,0,27,0.3253012048192771,0.0,1.0,1.0,0.0,0.5,0.0,nan,0.6746987951807228,0.5,0.3253012048192771,0.3253012048192771,0.5049603174603174,0.33439702749607264,0.2197108077493632,-0.3064979305554124,0.5410610607683011
SIZE_PREVALENCE_MATCHED_RANDOM_CORE_SNP_PANEL,levofloxacin,RANDOM_CORE_SNP_LOGISTIC,HPGP_TO_EXTERNAL_RANDOM_SNP_PANEL,CHINA_NINGXIA_2022__085,414,57,57,28,29,0,29,0,28,0.49122807017543857,0.0,1.0,1.0,0.0,0.5,0.0,nan,0.5087719298245614,0.5,0.49122807017543857,0.49122807017543857,0.4987684729064039,0.5006961849067112,0.2853836684345282,-1.3024464334193204,-1.534258716822358
SIZE_PREVALENCE_MATCHED_RANDOM_CORE_SNP_PANEL,levofloxacin,RANDOM_CORE_SNP_LOGISTIC,HPGP_TO_EXTERNAL_RANDOM_SNP_PANEL,ZENODO_10369064__085,414,39,39,16,23,0,23,0,16,0.41025641025641024,0.0,1.0,1.0,0.0,0.5,0.0,nan,0.5897435897435898,0.5,0.41025641025641024,0.41025641025641024,0.4782608695652174,0.41025641025641024,0.2555567197088663,-11.944197685606117,-14.272124530809627
SIZE_PREVALENCE_MATCHED_RANDOM_CORE_SNP_PANEL,levofloxacin,RANDOM_CORE_SNP_LOGISTIC,RANDOM_ISOLATE_RANDOM_SNP_PANEL,86,331,83,83,27,56,0,55,1,27,0.3253012048192771,0.0,0.9821428571428571,1.0,0.017857142857142856,0.49107142857142855,-0.07667979486648716,0.0,0.6707317073170732,0.49107142857142855,0.3253012048192771,0.3373493975903614,0.4818121693121693,0.31210742906649336,0.22317702404889028,-1.294201045764685,-0.7491098550996683
SIZE_PREVALENCE_MATCHED_RANDOM_CORE_SNP_PANEL,levofloxacin,RANDOM_CORE_SNP_LOGISTIC,HPGP_TO_EXTERNAL_RANDOM_SNP_PANEL,CHINA_NINGXIA_2022__086,414,57,57,28,29,0,29,0,28,0.49122807017543857,0.0,1.0,1.0,0.0,0.5,0.0,nan,0.5087719298245614,0.5,0.49122807017543857,0.49122807017543857,0.5307881773399016,0.5344385720795495,0.28196824722298713,-0.3930967535830682,-0.4621710961026884
SIZE_PREVALENCE_MATCHED_RANDOM_CORE_SNP_PANEL,levofloxacin,RANDOM_CORE_SNP_LOGISTIC,HPGP_TO_EXTERNAL_RANDOM_SNP_PANEL,ZENODO_10369064__086,414,39,39,16,23,0,23,0,16,0.41025641025641024,0.0,1.0,1.0,0.0,0.5,0.0,nan,0.5897435897435898,0.5,0.41025641025641024,0.41025641025641024,0.5366847826086957,0.4290064102564103,0.2508952709870518,7.131008847931297,9.591088511277327
SIZE_PREVALENCE_MATCHED_RANDOM_CORE_SNP_PANEL,levofloxacin,RANDOM_CORE_SNP_LOGISTIC,RANDOM_ISOLATE_RANDOM_SNP_PANEL,87,331,83,83,27,56,1,55,1,26,0.3253012048192771,0.037037037037037035,0.9821428571428571,0.9629629629629629,0.017857142857142856,0.5095899470899471,0.05859554460040536,0.5,0.6790123456790124,0.5095899470899471,0.33177153056671127,0.3253012048192771,0.5879629629629629,0.37466846304665824,0.21655024316299162,-0.13258367772997823,0.8555152167406006
SIZE_PREVALENCE_MATCHED_RANDOM_CORE_SNP_PANEL,levofloxacin,RANDOM_CORE_SNP_LOGISTIC,HPGP_TO_EXTERNAL_RANDOM_SNP_PANEL,CHINA_NINGXIA_2022__087,414,57,57,28,29,0,29,0,28,0.49122807017543857,0.0,1.0,1.0,0.0,0.5,0.0,nan,0.5087719298245614,0.5,0.49122807017543857,0.49122807017543857,0.4495073891625615,0.4765485141424991,0.2944792231388161,-1.9346267499791072,-2.167279693702745
SIZE_PREVALENCE_MATCHED_RANDOM_CORE_SNP_PANEL,levofloxacin,RANDOM_CORE_SNP_LOGISTIC,HPGP_TO_EXTERNAL_RANDOM_SNP_PANEL,ZENODO_10369064__087,414,39,39,16,23,0,23,0,16,0.41025641025641024,0.0,1.0,1.0,0.0,0.5,0.0,nan,0.5897435897435898,0.5,0.41025641025641024,0.41025641025641024,0.453804347826087,0.3946886446886447,0.259893235237389,-1.5959876989300357,-1.4465212107206677
SIZE_PREVALENCE_MATCHED_RANDOM_CORE_SNP_PANEL,levofloxacin,RANDOM_CORE_SNP_LOGISTIC,RANDOM_ISOLATE_RANDOM_SNP_PANEL,88,331,83,83,27,56,0,56,0,27,0.3253012048192771,0.0,1.0,1.0,0.0,0.5,0.0,nan,0.6746987951807228,0.5,0.3253012048192771,0.3253012048192771,0.5469576719576719,0.35779647017909927,0.21751756442134196,0.019867551354372563,1.0127877735692326
SIZE_PREVALENCE_MATCHED_RANDOM_CORE_SNP_PANEL,levofloxacin,RANDOM_CORE_SNP_LOGISTIC,HPGP_TO_EXTERNAL_RANDOM_SNP_PANEL,CHINA_NINGXIA_2022__088,414,57,57,28,29,0,29,0,28,0.49122807017543857,0.0,1.0,1.0,0.0,0.5,0.0,nan,0.5087719298245614,0.5,0.49122807017543857,0.49122807017543857,0.5160098522167488,0.5192147034252298,0.2728389526720637,4.657259675049433,6.7860570672989455
SIZE_PREVALENCE_MATCHED_RANDOM_CORE_SNP_PANEL,levofloxacin,RANDOM_CORE_SNP_LOGISTIC,HPGP_TO_EXTERNAL_RANDOM_SNP_PANEL,ZENODO_10369064__088,414,39,39,16,23,0,23,0,16,0.41025641025641024,0.0,1.0,1.0,0.0,0.5,0.0,nan,0.5897435897435898,0.5,0.41025641025641024,0.41025641025641024,0.4701086956521739,0.40570859320859326,0.24942227646415568,-6.646491395170093,-9.03983408831928
SIZE_PREVALENCE_MATCHED_RANDOM_CORE_SNP_PANEL,levofloxacin,RANDOM_CORE_SNP_LOGISTIC,RANDOM_ISOLATE_RANDOM_SNP_PANEL,89,331,83,83,27,56,0,54,2,27,0.3253012048192771,0.0,0.9642857142857143,1.0,0.03571428571428571,0.48214285714285715,-0.10910894511799618,0.0,0.6666666666666666,0.48214285714285715,0.3253012048192771,0.3493975903614458,0.5591931216931216,0.3814753448807492,0.22192462824338624,-0.4835909813512437,0.3018935018165663
SIZE_PREVALENCE_MATCHED_RANDOM_CORE_SNP_PANEL,levofloxacin,RANDOM_CORE_SNP_LOGISTIC,HPGP_TO_EXTERNAL_RANDOM_SNP_PANEL,CHINA_NINGXIA_2022__089,414,57,57,28,29,0,29,0,28,0.49122807017543857,0.0,1.0,1.0,0.0,0.5,0.0,nan,0.5087719298245614,0.5,0.49122807017543857,0.49122807017543857,0.477832512315271,0.4868238216339167,0.2786737836603923,-0.27871359653028405,-0.43022274557716533
SIZE_PREVALENCE_MATCHED_RANDOM_CORE_SNP_PANEL,levofloxacin,RANDOM_CORE_SNP_LOGISTIC,HPGP_TO_EXTERNAL_RANDOM_SNP_PANEL,ZENODO_10369064__089,414,39,39,16,23,0,23,0,16,0.41025641025641024,0.0,1.0,1.0,0.0,0.5,0.0,nan,0.5897435897435898,0.5,0.41025641025641024,0.41025641025641024,0.4782608695652174,0.414994014994015,0.2521803546122956,-0.4532819509729571,-0.15515575850054378
SIZE_PREVALENCE_MATCHED_RANDOM_CORE_SNP_PANEL,levofloxacin,RANDOM_CORE_SNP_LOGISTIC,RANDOM_ISOLATE_RANDOM_SNP_PANEL,90,331,83,83,27,56,0,55,1,27,0.3253012048192771,0.0,0.9821428571428571,1.0,0.017857142857142856,0.49107142857142855,-0.07667979486648716,0.0,0.6707317073170732,0.49107142857142855,0.3253012048192771,0.3373493975903614,0.451058201058201,0.316647542551157,0.22663145353731093,-1.2702533682268744,-0.7057834912927251
SIZE_PREVALENCE_MATCHED_RANDOM_CORE_SNP_PANEL,levofloxacin,RANDOM_CORE_SNP_LOGISTIC,HPGP_TO_EXTERNAL_RANDOM_SNP_PANEL,CHINA_NINGXIA_2022__090,414,57,57,28,29,0,29,0,28,0.49122807017543857,0.0,1.0,1.0,0.0,0.5,0.0,nan,0.5087719298245614,0.5,0.49122807017543857,0.49122807017543857,0.5197044334975369,0.5321160042964554,0.2734382938654377,0.7540194941192698,1.098142186606124
SIZE_PREVALENCE_MATCHED_RANDOM_CORE_SNP_PANEL,levofloxacin,RANDOM_CORE_SNP_LOGISTIC,HPGP_TO_EXTERNAL_RANDOM_SNP_PANEL,ZENODO_10369064__090,414,39,39,16,23,0,23,0,16,0.41025641025641024,0.0,1.0,1.0,0.0,0.5,0.0,nan,0.5897435897435898,0.5,0.41025641025641024,0.41025641025641024,0.6888586956521738,0.5429359243697479,0.2350960111295345,2.0047677275348277,3.5060421594430755
SIZE_PREVALENCE_MATCHED_RANDOM_CORE_SNP_PANEL,levofloxacin,RANDOM_CORE_SNP_LOGISTIC,RANDOM_ISOLATE_RANDOM_SNP_PANEL,91,331,83,83,27,56,2,55,1,25,0.3253012048192771,0.07407407407407407,0.9821428571428571,0.9259259259259259,0.017857142857142856,0.5281084656084656,0.14110337749086593,0.6666666666666666,0.6875,0.5281084656084656,0.3505875353264911,0.3132530120481928,0.4914021164021164,0.35533451741257643,0.21991800375610818,-0.38038967897815174,0.4723487979604957
SIZE_PREVALENCE_MATCHED_RANDOM_CORE_SNP_PANEL,levofloxacin,RANDOM_CORE_SNP_LOGISTIC,HPGP_TO_EXTERNAL_RANDOM_SNP_PANEL,CHINA_NINGXIA_2022__091,414,57,57,28,29,2,28,1,26,0.49122807017543857,0.07142857142857142,0.9655172413793104,0.9285714285714286,0.034482758620689655,0.518472906403941,0.08271527783091086,0.6666666666666666,0.5185185185185185,0.518472906403941,0.5037593984962405,0.47368421052631576,0.3983990147783251,0.48912178507766746,0.2719609013830182,-0.1682944653068203,-0.25629942510767717
SIZE_PREVALENCE_MATCHED_RANDOM_CORE_SNP_PANEL,levofloxacin,RANDOM_CORE_SNP_LOGISTIC,HPGP_TO_EXTERNAL_RANDOM_SNP_PANEL,ZENODO_10369064__091,414,39,39,16,23,0,22,1,16,0.41025641025641024,0.0,0.9565217391304348,1.0,0.043478260869565216,0.4782608695652174,-0.13530201829834768,0.0,0.5789473684210527,0.4782608695652174,0.41025641025641024,0.4358974358974359,0.4782608695652173,0.40764318885448914,0.2500805161850192,-0.47425225663283244,-0.18685269456163622
SIZE_PREVALENCE_MATCHED_RANDOM_CORE_SNP_PANEL,levofloxacin,RANDOM_CORE_SNP_LOGISTIC,RANDOM_ISOLATE_RANDOM_SNP_PANEL,92,331,83,83,27,56,0,56,0,27,0.3253012048192771,0.0,1.0,1.0,0.0,0.5,0.0,nan,0.6746987951807228,0.5,0.3253012048192771,0.3253012048192771,0.5039682539682538,0.33772614872844253,0.22415484927367677,-0.7616081671022781,-0.04509719647401785
SIZE_PREVALENCE_MATCHED_RANDOM_CORE_SNP_PANEL,levofloxacin,RANDOM_CORE_SNP_LOGISTIC,HPGP_TO_EXTERNAL_RANDOM_SNP_PANEL,CHINA_NINGXIA_2022__092,414,57,57,28,29,0,29,0,28,0.49122807017543857,0.0,1.0,1.0,0.0,0.5,0.0,nan,0.5087719298245614,0.5,0.49122807017543857,0.49122807017543857,0.5862068965517242,0.5446627525880892,0.27964932424769895,1.8402855458683385,2.210511092149535
SIZE_PREVALENCE_MATCHED_RANDOM_CORE_SNP_PANEL,levofloxacin,RANDOM_CORE_SNP_LOGISTIC,HPGP_TO_EXTERNAL_RANDOM_SNP_PANEL,ZENODO_10369064__092,414,39,39,16,23,0,23,0,16,0.41025641025641024,0.0,1.0,1.0,0.0,0.5,0.0,nan,0.5897435897435898,0.5,0.41025641025641024,0.41025641025641024,0.4307065217391304,0.3944377990430622,0.2636747406982295,-1.3043918790746607,-0.9921575150812167
SIZE_PREVALENCE_MATCHED_RANDOM_CORE_SNP_PANEL,levofloxacin,RANDOM_CORE_SNP_LOGISTIC,RANDOM_ISOLATE_RANDOM_SNP_PANEL,93,331,83,83,27,56,0,56,0,27,0.3253012048192771,0.0,1.0,1.0,0.0,0.5,0.0,nan,0.6746987951807228,0.5,0.3253012048192771,0.3253012048192771,0.5095899470899471,0.35594644317875734,0.2210767948438826,-0.8197864519395924,-0.11845502667974407
SIZE_PREVALENCE_MATCHED_RANDOM_CORE_SNP_PANEL,levofloxacin,RANDOM_CORE_SNP_LOGISTIC,HPGP_TO_EXTERNAL_RANDOM_SNP_PANEL,CHINA_NINGXIA_2022__093,414,57,57,28,29,0,29,0,28,0.49122807017543857,0.0,1.0,1.0,0.0,0.5,0.0,nan,0.5087719298245614,0.5,0.49122807017543857,0.49122807017543857,0.4870689655172413,0.5115650823288821,0.267273225991865,0.46381209872359863,0.8372943003032665
SIZE_PREVALENCE_MATCHED_RANDOM_CORE_SNP_PANEL,levofloxacin,RANDOM_CORE_SNP_LOGISTIC,HPGP_TO_EXTERNAL_RANDOM_SNP_PANEL,ZENODO_10369064__093,414,39,39,16,23,0,23,0,16,0.41025641025641024,0.0,1.0,1.0,0.0,0.5,0.0,nan,0.5897435897435898,0.5,0.41025641025641024,0.41025641025641024,0.6127717391304348,0.4740076964441755,0.2404929390543982,2.621949026820613,4.887278550404612
SIZE_PREVALENCE_MATCHED_RANDOM_CORE_SNP_PANEL,levofloxacin,RANDOM_CORE_SNP_LOGISTIC,RANDOM_ISOLATE_RANDOM_SNP_PANEL,94,331,83,83,27,56,0,56,0,27,0.3253012048192771,0.0,1.0,1.0,0.0,0.5,0.0,nan,0.6746987951807228,0.5,0.3253012048192771,0.3253012048192771,0.4365079365079364,0.29932147126259684,0.22424378773440753,-2.0368725426055905,-1.7465296538066843
SIZE_PREVALENCE_MATCHED_RANDOM_CORE_SNP_PANEL,levofloxacin,RANDOM_CORE_SNP_LOGISTIC,HPGP_TO_EXTERNAL_RANDOM_SNP_PANEL,CHINA_NINGXIA_2022__094,414,57,57,28,29,0,29,0,28,0.49122807017543857,0.0,1.0,1.0,0.0,0.5,0.0,nan,0.5087719298245614,0.5,0.49122807017543857,0.49122807017543857,0.4679802955665024,0.5202880452880453,0.27461332131126465,1.0085597521556442,1.4550540846949878
SIZE_PREVALENCE_MATCHED_RANDOM_CORE_SNP_PANEL,levofloxacin,RANDOM_CORE_SNP_LOGISTIC,HPGP_TO_EXTERNAL_RANDOM_SNP_PANEL,ZENODO_10369064__094,414,39,39,16,23,0,23,0,16,0.41025641025641024,0.0,1.0,1.0,0.0,0.5,0.0,nan,0.5897435897435898,0.5,0.41025641025641024,0.41025641025641024,0.4619565217391304,0.39141865079365074,0.24618518698205882,0.6873467840885528,1.5010980413277375
SIZE_PREVALENCE_MATCHED_RANDOM_CORE_SNP_PANEL,levofloxacin,RANDOM_CORE_SNP_LOGISTIC,RANDOM_ISOLATE_RANDOM_SNP_PANEL,95,331,83,83,27,56,0,56,0,27,0.3253012048192771,0.0,1.0,1.0,0.0,0.5,0.0,nan,0.6746987951807228,0.5,0.3253012048192771,0.3253012048192771,0.4923941798941799,0.32996283212399297,0.22158597794955534,-0.8178696258974323,-0.1234328694173486
SIZE_PREVALENCE_MATCHED_RANDOM_CORE_SNP_PANEL,levofloxacin,RANDOM_CORE_SNP_LOGISTIC,HPGP_TO_EXTERNAL_RANDOM_SNP_PANEL,CHINA_NINGXIA_2022__095,414,57,57,28,29,0,29,0,28,0.49122807017543857,0.0,1.0,1.0,0.0,0.5,0.0,nan,0.5087719298245614,0.5,0.49122807017543857,0.49122807017543857,0.5240147783251231,0.5091105206458448,0.2718071789120826,-0.11304990943851909,-0.1256260785253625
SIZE_PREVALENCE_MATCHED_RANDOM_CORE_SNP_PANEL,levofloxacin,RANDOM_CORE_SNP_LOGISTIC,HPGP_TO_EXTERNAL_RANDOM_SNP_PANEL,ZENODO_10369064__095,414,39,39,16,23,0,23,0,16,0.41025641025641024,0.0,1.0,1.0,0.0,0.5,0.0,nan,0.5897435897435898,0.5,0.41025641025641024,0.41025641025641024,0.4823369565217391,0.39242369176579706,0.2466857824656472,-0.5725759261061344,-0.3598916611584741
SIZE_PREVALENCE_MATCHED_RANDOM_CORE_SNP_PANEL,levofloxacin,RANDOM_CORE_SNP_LOGISTIC,RANDOM_ISOLATE_RANDOM_SNP_PANEL,96,331,83,83,27,56,0,56,0,27,0.3253012048192771,0.0,1.0,1.0,0.0,0.5,0.0,nan,0.6746987951807228,0.5,0.3253012048192771,0.3253012048192771,0.4831349206349206,0.3959672307463472,0.21796763344915865,-0.33727929829016823,0.5098262567385845
SIZE_PREVALENCE_MATCHED_RANDOM_CORE_SNP_PANEL,levofloxacin,RANDOM_CORE_SNP_LOGISTIC,HPGP_TO_EXTERNAL_RANDOM_SNP_PANEL,CHINA_NINGXIA_2022__096,414,57,57,28,29,0,29,0,28,0.49122807017543857,0.0,1.0,1.0,0.0,0.5,0.0,nan,0.5087719298245614,0.5,0.49122807017543857,0.49122807017543857,0.4821428571428571,0.48246732903687795,0.2783458452106094,-34.05875363276422,-46.57340702159324
SIZE_PREVALENCE_MATCHED_RANDOM_CORE_SNP_PANEL,levofloxacin,RANDOM_CORE_SNP_LOGISTIC,HPGP_TO_EXTERNAL_RANDOM_SNP_PANEL,ZENODO_10369064__096,414,39,39,16,23,0,23,0,16,0.41025641025641024,0.0,1.0,1.0,0.0,0.5,0.0,nan,0.5897435897435898,0.5,0.41025641025641024,0.41025641025641024,0.5,0.41025641025641024,0.2491722996811533,nan,nan
SIZE_PREVALENCE_MATCHED_RANDOM_CORE_SNP_PANEL,levofloxacin,RANDOM_CORE_SNP_LOGISTIC,RANDOM_ISOLATE_RANDOM_SNP_PANEL,97,331,83,83,27,56,0,53,3,27,0.3253012048192771,0.0,0.9464285714285714,1.0,0.05357142857142857,0.4732142857142857,-0.13446321855011928,0.0,0.6625,0.4732142857142857,0.3253012048192771,0.3614457831325301,0.5383597883597883,0.34107527785986236,0.22367647968606222,-0.6856786221903848,0.06026726963151067
SIZE_PREVALENCE_MATCHED_RANDOM_CORE_SNP_PANEL,levofloxacin,RANDOM_CORE_SNP_LOGISTIC,HPGP_TO_EXTERNAL_RANDOM_SNP_PANEL,CHINA_NINGXIA_2022__097,414,57,57,28,29,2,27,2,26,0.49122807017543857,0.07142857142857142,0.9310344827586207,0.9285714285714286,0.06896551724137931,0.5012315270935961,0.004820410797487016,0.5,0.5094339622641509,0.5012315270935961,0.49185463659147866,0.49122807017543857,0.4722906403940887,0.5131578947368421,0.27649361279818147,-0.18453985500593428,-0.24082134820066806
SIZE_PREVALENCE_MATCHED_RANDOM_CORE_SNP_PANEL,levofloxacin,RANDOM_CORE_SNP_LOGISTIC,HPGP_TO_EXTERNAL_RANDOM_SNP_PANEL,ZENODO_10369064__097,414,39,39,16,23,0,20,3,16,0.41025641025641024,0.0,0.8695652173913043,1.0,0.13043478260869565,0.43478260869565216,-0.24077170617153842,0.0,0.5555555555555556,0.43478260869565216,0.41025641025641024,0.48717948717948717,0.4660326086956521,0.3990155677655678,0.2581716589909206,-0.7344285790354489,-0.7221234211384818
SIZE_PREVALENCE_MATCHED_RANDOM_CORE_SNP_PANEL,levofloxacin,RANDOM_CORE_SNP_LOGISTIC,RANDOM_ISOLATE_RANDOM_SNP_PANEL,98,331,83,83,27,56,1,53,3,26,0.3253012048192771,0.037037037037037035,0.9464285714285714,0.9629629629629629,0.05357142857142857,0.4917328042328042,-0.03616767335722993,0.25,0.6708860759493671,0.4917328042328042,0.322512271307452,0.3493975903614458,0.4639550264550265,0.34901085824780603,0.2249203336910085,-0.8321419307805471,-0.14048004482873547
SIZE_PREVALENCE_MATCHED_RANDOM_CORE_SNP_PANEL,levofloxacin,RANDOM_CORE_SNP_LOGISTIC,HPGP_TO_EXTERNAL_RANDOM_SNP_PANEL,CHINA_NINGXIA_2022__098,414,57,57,28,29,4,26,3,24,0.49122807017543857,0.14285714285714285,0.896551724137931,0.8571428571428571,0.10344827586206896,0.5197044334975369,0.06002579787873031,0.5714285714285714,0.52,0.5197044334975369,0.5026852846401719,0.47368421052631576,0.4544334975369458,0.47886746494594246,0.2827486601885251,-0.2920485624954534,-0.43771175727984585
SIZE_PREVALENCE_MATCHED_RANDOM_CORE_SNP_PANEL,levofloxacin,RANDOM_CORE_SNP_LOGISTIC,HPGP_TO_EXTERNAL_RANDOM_SNP_PANEL,ZENODO_10369064__098,414,39,39,16,23,1,20,3,15,0.41025641025641024,0.0625,0.8695652173913043,0.9375,0.13043478260869565,0.46603260869565216,-0.11014177763285021,0.25,0.5714285714285714,0.46603260869565216,0.4002403846153846,0.46153846153846156,0.3777173913043478,0.36817381578410996,0.26712837215407687,-1.4491457570433808,-1.6369014177841354
SIZE_PREVALENCE_MATCHED_RANDOM_CORE_SNP_PANEL,levofloxacin,RANDOM_CORE_SNP_LOGISTIC,RANDOM_ISOLATE_RANDOM_SNP_PANEL,99,331,83,83,27,56,0,56,0,27,0.3253012048192771,0.0,1.0,1.0,0.0,0.5,0.0,nan,0.6746987951807228,0.5,0.3253012048192771,0.3253012048192771,0.4497354497354496,0.3713791026799157,0.22066843516094906,-1.3205582547739905,-0.8027335347321731
SIZE_PREVALENCE_MATCHED_RANDOM_CORE_SNP_PANEL,levofloxacin,RANDOM_CORE_SNP_LOGISTIC,HPGP_TO_EXTERNAL_RANDOM_SNP_PANEL,CHINA_NINGXIA_2022__099,414,57,57,28,29,0,29,0,28,0.49122807017543857,0.0,1.0,1.0,0.0,0.5,0.0,nan,0.5087719298245614,0.5,0.49122807017543857,0.49122807017543857,0.5018472906403941,0.5303943821818699,0.2800121423853271,-0.0219668697425103,0.017502264829075805
SIZE_PREVALENCE_MATCHED_RANDOM_CORE_SNP_PANEL,levofloxacin,RANDOM_CORE_SNP_LOGISTIC,HPGP_TO_EXTERNAL_RANDOM_SNP_PANEL,ZENODO_10369064__099,414,39,39,16,23,0,23,0,16,0.41025641025641024,0.0,1.0,1.0,0.0,0.5,0.0,nan,0.5897435897435898,0.5,0.41025641025641024,0.41025641025641024,0.4510869565217391,0.40638335704125184,0.25153351186975936,-3.956592070865576,-4.749515026008324
SIZE_PREVALENCE_MATCHED_RANDOM_CORE_SNP_PANEL,levofloxacin,RANDOM_CORE_SNP_LOGISTIC,RANDOM_ISOLATE_RANDOM_SNP_PANEL,100,331,83,83,27,56,0,56,0,27,0.3253012048192771,0.0,1.0,1.0,0.0,0.5,0.0,nan,0.6746987951807228,0.5,0.3253012048192771,0.3253012048192771,0.3902116402116402,0.2954615327406492,0.23604363868770017,-3.5146854583532727,-3.725670832618522
SIZE_PREVALENCE_MATCHED_RANDOM_CORE_SNP_PANEL,levofloxacin,RANDOM_CORE_SNP_LOGISTIC,HPGP_TO_EXTERNAL_RANDOM_SNP_PANEL,CHINA_NINGXIA_2022__100,414,57,57,28,29,0,29,0,28,0.49122807017543857,0.0,1.0,1.0,0.0,0.5,0.0,nan,0.5087719298245614,0.5,0.49122807017543857,0.49122807017543857,0.4107142857142857,0.4512045925089403,0.2780362899851995,-3.8298629999560023,-5.495943699122121
SIZE_PREVALENCE_MATCHED_RANDOM_CORE_SNP_PANEL,levofloxacin,RANDOM_CORE_SNP_LOGISTIC,HPGP_TO_EXTERNAL_RANDOM_SNP_PANEL,ZENODO_10369064__100,414,39,39,16,23,0,23,0,16,0.41025641025641024,0.0,1.0,1.0,0.0,0.5,0.0,nan,0.5897435897435898,0.5,0.41025641025641024,0.41025641025641024,0.5339673913043478,0.43518049932523617,0.24779853857965264,0.42523581149821554,1.1166889381034673
