comparison,repeat,null_mean_fold_auc,observed_mean_fold_auc
HPGP_GLOBAL_vs_CHINA_NINGXIA_2022,0,0.510314457344313,0.8993477234881878
HPGP_GLOBAL_vs_CHINA_NINGXIA_2022,1,0.6140170104326732,0.8993477234881878
HPGP_GLOBAL_vs_CHINA_NINGXIA_2022,2,0.4966638656223335,0.8993477234881878
HPGP_GLOBAL_vs_CHINA_NINGXIA_2022,3,0.6083325170079033,0.8993477234881878
HPGP_GLOBAL_vs_CHINA_NINGXIA_2022,4,0.5486031478758269,0.8993477234881878
HPGP_GLOBAL_vs_CHINA_NINGXIA_2022,5,0.4626046145787896,0.8993477234881878
HPGP_GLOBAL_vs_CHINA_NINGXIA_2022,6,0.5056778074391655,0.8993477234881878
HPGP_GLOBAL_vs_CHINA_NINGXIA_2022,7,0.5415596100957227,0.8993477234881878
HPGP_GLOBAL_vs_CHINA_NINGXIA_2022,8,0.4460082626559928,0.8993477234881878
HPGP_GLOBAL_vs_CHINA_NINGXIA_2022,9,0.4660571708080077,0.8993477234881878
HPGP_GLOBAL_vs_CHINA_NINGXIA_2022,10,0.5383288884296444,0.8993477234881878
HPGP_GLOBAL_vs_CHINA_NINGXIA_2022,11,0.5299544770971195,0.8993477234881878
HPGP_GLOBAL_vs_CHINA_NINGXIA_2022,12,0.5318354551159546,0.8993477234881878
HPGP_GLOBAL_vs_CHINA_NINGXIA_2022,13,0.5910425212365312,0.8993477234881878
HPGP_GLOBAL_vs_CHINA_NINGXIA_2022,14,0.4939485776055584,0.8993477234881878
HPGP_GLOBAL_vs_CHINA_NINGXIA_2022,15,0.5187523537329739,0.8993477234881878
HPGP_GLOBAL_vs_CHINA_NINGXIA_2022,16,0.5456414966792777,0.8993477234881878
HPGP_GLOBAL_vs_CHINA_NINGXIA_2022,17,0.4384773900522428,0.8993477234881878
HPGP_GLOBAL_vs_CHINA_NINGXIA_2022,18,0.448936415651532,0.8993477234881878
HPGP_GLOBAL_vs_CHINA_NINGXIA_2022,19,0.543280992744391,0.8993477234881878
HPGP_GLOBAL_vs_CHINA_NINGXIA_2022,20,0.5136849881443647,0.8993477234881878
HPGP_GLOBAL_vs_CHINA_NINGXIA_2022,21,0.4977403610816952,0.8993477234881878
HPGP_GLOBAL_vs_CHINA_NINGXIA_2022,22,0.4266765659825818,0.8993477234881878
HPGP_GLOBAL_vs_CHINA_NINGXIA_2022,23,0.4995281792357901,0.8993477234881878
HPGP_GLOBAL_vs_CHINA_NINGXIA_2022,24,0.4725390586667908,0.8993477234881878
HPGP_GLOBAL_vs_CHINA_NINGXIA_2022,25,0.5489766658287603,0.8993477234881878
HPGP_GLOBAL_vs_CHINA_NINGXIA_2022,26,0.5502451521266436,0.8993477234881878
HPGP_GLOBAL_vs_CHINA_NINGXIA_2022,27,0.3861918530252684,0.8993477234881878
HPGP_GLOBAL_vs_CHINA_NINGXIA_2022,28,0.4549947674961377,0.8993477234881878
HPGP_GLOBAL_vs_CHINA_NINGXIA_2022,29,0.6409563984796982,0.8993477234881878
HPGP_GLOBAL_vs_CHINA_NINGXIA_2022,30,0.5388235354035855,0.8993477234881878
HPGP_GLOBAL_vs_CHINA_NINGXIA_2022,31,0.460090311929949,0.8993477234881878
HPGP_GLOBAL_vs_CHINA_NINGXIA_2022,32,0.5135365461015622,0.8993477234881878
HPGP_GLOBAL_vs_CHINA_NINGXIA_2022,33,0.4745309663027043,0.8993477234881878
HPGP_GLOBAL_vs_CHINA_NINGXIA_2022,34,0.4523294618660472,0.8993477234881878
HPGP_GLOBAL_vs_CHINA_NINGXIA_2022,35,0.5348535020608723,0.8993477234881878
HPGP_GLOBAL_vs_CHINA_NINGXIA_2022,36,0.4828833701148818,0.8993477234881878
HPGP_GLOBAL_vs_CHINA_NINGXIA_2022,37,0.4518917583293479,0.8993477234881878
HPGP_GLOBAL_vs_CHINA_NINGXIA_2022,38,0.4665808184297256,0.8993477234881878
HPGP_GLOBAL_vs_CHINA_NINGXIA_2022,39,0.5699163235138844,0.8993477234881878
HPGP_GLOBAL_vs_CHINA_NINGXIA_2022,40,0.5604197901236316,0.8993477234881878
HPGP_GLOBAL_vs_CHINA_NINGXIA_2022,41,0.499150600579652,0.8993477234881878
HPGP_GLOBAL_vs_CHINA_NINGXIA_2022,42,0.4567133468940698,0.8993477234881878
HPGP_GLOBAL_vs_CHINA_NINGXIA_2022,43,0.5020847176079734,0.8993477234881878
HPGP_GLOBAL_vs_CHINA_NINGXIA_2022,44,0.5201555226931006,0.8993477234881878
HPGP_GLOBAL_vs_CHINA_NINGXIA_2022,45,0.4831989174966831,0.8993477234881878
HPGP_GLOBAL_vs_CHINA_NINGXIA_2022,46,0.4488157752589899,0.8993477234881878
HPGP_GLOBAL_vs_CHINA_NINGXIA_2022,47,0.4336734074137175,0.8993477234881878
HPGP_GLOBAL_vs_CHINA_NINGXIA_2022,48,0.4672151755638644,0.8993477234881878
HPGP_GLOBAL_vs_CHINA_NINGXIA_2022,49,0.5208937908496731,0.8993477234881878
HPGP_GLOBAL_vs_CHINA_NINGXIA_2022,50,0.4183054851652413,0.8993477234881878
HPGP_GLOBAL_vs_CHINA_NINGXIA_2022,51,0.4709695493002518,0.8993477234881878
HPGP_GLOBAL_vs_CHINA_NINGXIA_2022,52,0.4365714807281072,0.8993477234881878
HPGP_GLOBAL_vs_CHINA_NINGXIA_2022,53,0.4812361382100809,0.8993477234881878
HPGP_GLOBAL_vs_CHINA_NINGXIA_2022,54,0.4195404627865778,0.8993477234881878
HPGP_GLOBAL_vs_CHINA_NINGXIA_2022,55,0.5341538667341881,0.8993477234881878
HPGP_GLOBAL_vs_CHINA_NINGXIA_2022,56,0.5607532295618669,0.8993477234881878
HPGP_GLOBAL_vs_CHINA_NINGXIA_2022,57,0.4736371184596336,0.8993477234881878
HPGP_GLOBAL_vs_CHINA_NINGXIA_2022,58,0.494708848836811,0.8993477234881878
HPGP_GLOBAL_vs_CHINA_NINGXIA_2022,59,0.5454966980841888,0.8993477234881878
HPGP_GLOBAL_vs_CHINA_NINGXIA_2022,60,0.5520744179183964,0.8993477234881878
HPGP_GLOBAL_vs_CHINA_NINGXIA_2022,61,0.574592743748189,0.8993477234881878
HPGP_GLOBAL_vs_CHINA_NINGXIA_2022,62,0.4604420379077146,0.8993477234881878
HPGP_GLOBAL_vs_CHINA_NINGXIA_2022,63,0.4413783242265998,0.8993477234881878
HPGP_GLOBAL_vs_CHINA_NINGXIA_2022,64,0.5730265823235694,0.8993477234881878
HPGP_GLOBAL_vs_CHINA_NINGXIA_2022,65,0.5002981038021114,0.8993477234881878
HPGP_GLOBAL_vs_CHINA_NINGXIA_2022,66,0.4630527558279986,0.8993477234881878
HPGP_GLOBAL_vs_CHINA_NINGXIA_2022,67,0.4114644950436215,0.8993477234881878
HPGP_GLOBAL_vs_CHINA_NINGXIA_2022,68,0.4406114260865291,0.8993477234881878
HPGP_GLOBAL_vs_CHINA_NINGXIA_2022,69,0.4489122369878183,0.8993477234881878
HPGP_GLOBAL_vs_CHINA_NINGXIA_2022,70,0.437986345368542,0.8993477234881878
HPGP_GLOBAL_vs_CHINA_NINGXIA_2022,71,0.4464894440161649,0.8993477234881878
HPGP_GLOBAL_vs_CHINA_NINGXIA_2022,72,0.4782620089937163,0.8993477234881878
HPGP_GLOBAL_vs_CHINA_NINGXIA_2022,73,0.5917270296347292,0.8993477234881878
HPGP_GLOBAL_vs_CHINA_NINGXIA_2022,74,0.3840785040896346,0.8993477234881878
HPGP_GLOBAL_vs_CHINA_NINGXIA_2022,75,0.5553421916111699,0.8993477234881878
HPGP_GLOBAL_vs_CHINA_NINGXIA_2022,76,0.4254814752933573,0.8993477234881878
HPGP_GLOBAL_vs_CHINA_NINGXIA_2022,77,0.5581483429284966,0.8993477234881878
HPGP_GLOBAL_vs_CHINA_NINGXIA_2022,78,0.5719248694086608,0.8993477234881878
HPGP_GLOBAL_vs_CHINA_NINGXIA_2022,79,0.392848545831902,0.8993477234881878
HPGP_GLOBAL_vs_CHINA_NINGXIA_2022,80,0.5388762946074328,0.8993477234881878
HPGP_GLOBAL_vs_CHINA_NINGXIA_2022,81,0.58660249917411,0.8993477234881878
HPGP_GLOBAL_vs_CHINA_NINGXIA_2022,82,0.543498198824649,0.8993477234881878
HPGP_GLOBAL_vs_CHINA_NINGXIA_2022,83,0.496087949885667,0.8993477234881878
HPGP_GLOBAL_vs_CHINA_NINGXIA_2022,84,0.458188508042941,0.8993477234881878
HPGP_GLOBAL_vs_CHINA_NINGXIA_2022,85,0.4517448557427295,0.8993477234881878
HPGP_GLOBAL_vs_CHINA_NINGXIA_2022,86,0.4873069041288858,0.8993477234881878
HPGP_GLOBAL_vs_CHINA_NINGXIA_2022,87,0.3148616033640105,0.8993477234881878
HPGP_GLOBAL_vs_CHINA_NINGXIA_2022,88,0.51814297266084,0.8993477234881878
HPGP_GLOBAL_vs_CHINA_NINGXIA_2022,89,0.4347810598648095,0.8993477234881878
HPGP_GLOBAL_vs_CHINA_NINGXIA_2022,90,0.4430456644158222,0.8993477234881878
HPGP_GLOBAL_vs_CHINA_NINGXIA_2022,91,0.4749244178377353,0.8993477234881878
HPGP_GLOBAL_vs_CHINA_NINGXIA_2022,92,0.4235727594318934,0.8993477234881878
HPGP_GLOBAL_vs_CHINA_NINGXIA_2022,93,0.4740385381543192,0.8993477234881878
HPGP_GLOBAL_vs_CHINA_NINGXIA_2022,94,0.511211535215059,0.8993477234881878
HPGP_GLOBAL_vs_CHINA_NINGXIA_2022,95,0.5984943618630366,0.8993477234881878
HPGP_GLOBAL_vs_CHINA_NINGXIA_2022,96,0.5512697188863025,0.8993477234881878
HPGP_GLOBAL_vs_CHINA_NINGXIA_2022,97,0.4769445679594263,0.8993477234881878
HPGP_GLOBAL_vs_CHINA_NINGXIA_2022,98,0.5089152145323032,0.8993477234881878
HPGP_GLOBAL_vs_CHINA_NINGXIA_2022,99,0.4764857722719812,0.8993477234881878
HPGP_GLOBAL_vs_CHINA_NINGXIA_2022,100,0.5244849600629752,0.8993477234881878
HPGP_GLOBAL_vs_CHINA_NINGXIA_2022,101,0.483404404380803,0.8993477234881878
HPGP_GLOBAL_vs_CHINA_NINGXIA_2022,102,0.6040010238153444,0.8993477234881878
HPGP_GLOBAL_vs_CHINA_NINGXIA_2022,103,0.4354899667985699,0.8993477234881878
HPGP_GLOBAL_vs_CHINA_NINGXIA_2022,104,0.4717759042893071,0.8993477234881878
HPGP_GLOBAL_vs_CHINA_NINGXIA_2022,105,0.4347398541526508,0.8993477234881878
HPGP_GLOBAL_vs_CHINA_NINGXIA_2022,106,0.5027936507936508,0.8993477234881878
HPGP_GLOBAL_vs_CHINA_NINGXIA_2022,107,0.5157729479095267,0.8993477234881878
HPGP_GLOBAL_vs_CHINA_NINGXIA_2022,108,0.5065735666569721,0.8993477234881878
HPGP_GLOBAL_vs_CHINA_NINGXIA_2022,109,0.5101296585059265,0.8993477234881878
HPGP_GLOBAL_vs_CHINA_NINGXIA_2022,110,0.4757796165563707,0.8993477234881878
HPGP_GLOBAL_vs_CHINA_NINGXIA_2022,111,0.5679764829764828,0.8993477234881878
HPGP_GLOBAL_vs_CHINA_NINGXIA_2022,112,0.4662153250385271,0.8993477234881878
HPGP_GLOBAL_vs_CHINA_NINGXIA_2022,113,0.5428524462802715,0.8993477234881878
HPGP_GLOBAL_vs_CHINA_NINGXIA_2022,114,0.4648493173493174,0.8993477234881878
HPGP_GLOBAL_vs_CHINA_NINGXIA_2022,115,0.4162425385691766,0.8993477234881878
HPGP_GLOBAL_vs_CHINA_NINGXIA_2022,116,0.4713009916844456,0.8993477234881878
HPGP_GLOBAL_vs_CHINA_NINGXIA_2022,117,0.4648869097496548,0.8993477234881878
HPGP_GLOBAL_vs_CHINA_NINGXIA_2022,118,0.4546601020204813,0.8993477234881878
HPGP_GLOBAL_vs_CHINA_NINGXIA_2022,119,0.5603980253765045,0.8993477234881878
HPGP_GLOBAL_vs_CHINA_NINGXIA_2022,120,0.4941936195844512,0.8993477234881878
HPGP_GLOBAL_vs_CHINA_NINGXIA_2022,121,0.4537284974613976,0.8993477234881878
HPGP_GLOBAL_vs_CHINA_NINGXIA_2022,122,0.5492748326211592,0.8993477234881878
HPGP_GLOBAL_vs_CHINA_NINGXIA_2022,123,0.3552252011357494,0.8993477234881878
HPGP_GLOBAL_vs_CHINA_NINGXIA_2022,124,0.4317228279817175,0.8993477234881878
HPGP_GLOBAL_vs_CHINA_NINGXIA_2022,125,0.5404636061175525,0.8993477234881878
HPGP_GLOBAL_vs_CHINA_NINGXIA_2022,126,0.5288751067259341,0.8993477234881878
HPGP_GLOBAL_vs_CHINA_NINGXIA_2022,127,0.4468349863763368,0.8993477234881878
HPGP_GLOBAL_vs_CHINA_NINGXIA_2022,128,0.4812619375230055,0.8993477234881878
HPGP_GLOBAL_vs_CHINA_NINGXIA_2022,129,0.5529913093792139,0.8993477234881878
HPGP_GLOBAL_vs_CHINA_NINGXIA_2022,130,0.3795401980951064,0.8993477234881878
HPGP_GLOBAL_vs_CHINA_NINGXIA_2022,131,0.5959790042621368,0.8993477234881878
HPGP_GLOBAL_vs_CHINA_NINGXIA_2022,132,0.5172166150842622,0.8993477234881878
HPGP_GLOBAL_vs_CHINA_NINGXIA_2022,133,0.6235620255901977,0.8993477234881878
HPGP_GLOBAL_vs_CHINA_NINGXIA_2022,134,0.5364739477390079,0.8993477234881878
HPGP_GLOBAL_vs_CHINA_NINGXIA_2022,135,0.470035553831714,0.8993477234881878
HPGP_GLOBAL_vs_CHINA_NINGXIA_2022,136,0.5507254301735232,0.8993477234881878
HPGP_GLOBAL_vs_CHINA_NINGXIA_2022,137,0.4996500009533965,0.8993477234881878
HPGP_GLOBAL_vs_CHINA_NINGXIA_2022,138,0.5386107103481566,0.8993477234881878
HPGP_GLOBAL_vs_CHINA_NINGXIA_2022,139,0.5639397356641658,0.8993477234881878
HPGP_GLOBAL_vs_CHINA_NINGXIA_2022,140,0.5390006124740182,0.8993477234881878
HPGP_GLOBAL_vs_CHINA_NINGXIA_2022,141,0.5297756308731918,0.8993477234881878
HPGP_GLOBAL_vs_CHINA_NINGXIA_2022,142,0.5457702699514467,0.8993477234881878
HPGP_GLOBAL_vs_CHINA_NINGXIA_2022,143,0.4227678698317065,0.8993477234881878
HPGP_GLOBAL_vs_CHINA_NINGXIA_2022,144,0.386781284606866,0.8993477234881878
HPGP_GLOBAL_vs_CHINA_NINGXIA_2022,145,0.5053705145522077,0.8993477234881878
HPGP_GLOBAL_vs_CHINA_NINGXIA_2022,146,0.542021517682351,0.8993477234881878
HPGP_GLOBAL_vs_CHINA_NINGXIA_2022,147,0.4544237710719059,0.8993477234881878
HPGP_GLOBAL_vs_CHINA_NINGXIA_2022,148,0.550049794069402,0.8993477234881878
HPGP_GLOBAL_vs_CHINA_NINGXIA_2022,149,0.4232052494013394,0.8993477234881878
HPGP_GLOBAL_vs_CHINA_NINGXIA_2022,150,0.5476182103729983,0.8993477234881878
HPGP_GLOBAL_vs_CHINA_NINGXIA_2022,151,0.4767067353142225,0.8993477234881878
HPGP_GLOBAL_vs_CHINA_NINGXIA_2022,152,0.4862633982111893,0.8993477234881878
HPGP_GLOBAL_vs_CHINA_NINGXIA_2022,153,0.556920865746988,0.8993477234881878
HPGP_GLOBAL_vs_CHINA_NINGXIA_2022,154,0.567733757683385,0.8993477234881878
HPGP_GLOBAL_vs_CHINA_NINGXIA_2022,155,0.5450302847558944,0.8993477234881878
HPGP_GLOBAL_vs_CHINA_NINGXIA_2022,156,0.4477820170880756,0.8993477234881878
HPGP_GLOBAL_vs_CHINA_NINGXIA_2022,157,0.529157751815826,0.8993477234881878
HPGP_GLOBAL_vs_CHINA_NINGXIA_2022,158,0.5294111162983711,0.8993477234881878
HPGP_GLOBAL_vs_CHINA_NINGXIA_2022,159,0.5042938943580401,0.8993477234881878
HPGP_GLOBAL_vs_CHINA_NINGXIA_2022,160,0.5378035471359934,0.8993477234881878
HPGP_GLOBAL_vs_CHINA_NINGXIA_2022,161,0.5101264453998907,0.8993477234881878
HPGP_GLOBAL_vs_CHINA_NINGXIA_2022,162,0.4767192745917012,0.8993477234881878
HPGP_GLOBAL_vs_CHINA_NINGXIA_2022,163,0.4520132610006027,0.8993477234881878
HPGP_GLOBAL_vs_CHINA_NINGXIA_2022,164,0.4315448517806765,0.8993477234881878
HPGP_GLOBAL_vs_CHINA_NINGXIA_2022,165,0.4966664329069971,0.8993477234881878
HPGP_GLOBAL_vs_CHINA_NINGXIA_2022,166,0.4591364977434329,0.8993477234881878
HPGP_GLOBAL_vs_CHINA_NINGXIA_2022,167,0.454004564578868,0.8993477234881878
HPGP_GLOBAL_vs_CHINA_NINGXIA_2022,168,0.5294651299592583,0.8993477234881878
HPGP_GLOBAL_vs_CHINA_NINGXIA_2022,169,0.4938561709545401,0.8993477234881878
HPGP_GLOBAL_vs_CHINA_NINGXIA_2022,170,0.4872437136655471,0.8993477234881878
HPGP_GLOBAL_vs_CHINA_NINGXIA_2022,171,0.5433818878712225,0.8993477234881878
HPGP_GLOBAL_vs_CHINA_NINGXIA_2022,172,0.5669587008524077,0.8993477234881878
HPGP_GLOBAL_vs_CHINA_NINGXIA_2022,173,0.5893351618757157,0.8993477234881878
HPGP_GLOBAL_vs_CHINA_NINGXIA_2022,174,0.4342359909020795,0.8993477234881878
HPGP_GLOBAL_vs_CHINA_NINGXIA_2022,175,0.4454199804998436,0.8993477234881878
HPGP_GLOBAL_vs_CHINA_NINGXIA_2022,176,0.4408123966715556,0.8993477234881878
HPGP_GLOBAL_vs_CHINA_NINGXIA_2022,177,0.503000254326247,0.8993477234881878
HPGP_GLOBAL_vs_CHINA_NINGXIA_2022,178,0.4943314094002851,0.8993477234881878
HPGP_GLOBAL_vs_CHINA_NINGXIA_2022,179,0.5405801351879782,0.8993477234881878
HPGP_GLOBAL_vs_CHINA_NINGXIA_2022,180,0.503711512525238,0.8993477234881878
HPGP_GLOBAL_vs_CHINA_NINGXIA_2022,181,0.5438581031806611,0.8993477234881878
HPGP_GLOBAL_vs_CHINA_NINGXIA_2022,182,0.5607265001515533,0.8993477234881878
HPGP_GLOBAL_vs_CHINA_NINGXIA_2022,183,0.4456300023373193,0.8993477234881878
HPGP_GLOBAL_vs_CHINA_NINGXIA_2022,184,0.4776875181684619,0.8993477234881878
HPGP_GLOBAL_vs_CHINA_NINGXIA_2022,185,0.5921367130222774,0.8993477234881878
HPGP_GLOBAL_vs_CHINA_NINGXIA_2022,186,0.5152523115167531,0.8993477234881878
HPGP_GLOBAL_vs_CHINA_NINGXIA_2022,187,0.4934152421652421,0.8993477234881878
HPGP_GLOBAL_vs_CHINA_NINGXIA_2022,188,0.5223391677481966,0.8993477234881878
HPGP_GLOBAL_vs_CHINA_NINGXIA_2022,189,0.5278716331310991,0.8993477234881878
HPGP_GLOBAL_vs_CHINA_NINGXIA_2022,190,0.5504863675079422,0.8993477234881878
HPGP_GLOBAL_vs_CHINA_NINGXIA_2022,191,0.4310682554555103,0.8993477234881878
HPGP_GLOBAL_vs_CHINA_NINGXIA_2022,192,0.4929997872876906,0.8993477234881878
HPGP_GLOBAL_vs_CHINA_NINGXIA_2022,193,0.3995601888185552,0.8993477234881878
HPGP_GLOBAL_vs_CHINA_NINGXIA_2022,194,0.5342668826048959,0.8993477234881878
HPGP_GLOBAL_vs_CHINA_NINGXIA_2022,195,0.4357381962769365,0.8993477234881878
HPGP_GLOBAL_vs_CHINA_NINGXIA_2022,196,0.5488023580692327,0.8993477234881878
HPGP_GLOBAL_vs_CHINA_NINGXIA_2022,197,0.4711967882746137,0.8993477234881878
HPGP_GLOBAL_vs_CHINA_NINGXIA_2022,198,0.4317495512617464,0.8993477234881878
HPGP_GLOBAL_vs_CHINA_NINGXIA_2022,199,0.4703228267803628,0.8993477234881878
HPGP_GLOBAL_vs_CHINA_NINGXIA_2022,200,0.4190650474640631,0.8993477234881878
HPGP_GLOBAL_vs_CHINA_NINGXIA_2022,201,0.5124433643065653,0.8993477234881878
HPGP_GLOBAL_vs_CHINA_NINGXIA_2022,202,0.5656250765989005,0.8993477234881878
HPGP_GLOBAL_vs_CHINA_NINGXIA_2022,203,0.4747004077984471,0.8993477234881878
HPGP_GLOBAL_vs_CHINA_NINGXIA_2022,204,0.5453305817869732,0.8993477234881878
HPGP_GLOBAL_vs_CHINA_NINGXIA_2022,205,0.5375444676842231,0.8993477234881878
HPGP_GLOBAL_vs_CHINA_NINGXIA_2022,206,0.4598138792102206,0.8993477234881878
HPGP_GLOBAL_vs_CHINA_NINGXIA_2022,207,0.5621320755045899,0.8993477234881878
HPGP_GLOBAL_vs_CHINA_NINGXIA_2022,208,0.5018572855130714,0.8993477234881878
HPGP_GLOBAL_vs_CHINA_NINGXIA_2022,209,0.4456957252329305,0.8993477234881878
HPGP_GLOBAL_vs_CHINA_NINGXIA_2022,210,0.5435743779804729,0.8993477234881878
HPGP_GLOBAL_vs_CHINA_NINGXIA_2022,211,0.4491459689335267,0.8993477234881878
HPGP_GLOBAL_vs_CHINA_NINGXIA_2022,212,0.4529473452289707,0.8993477234881878
HPGP_GLOBAL_vs_CHINA_NINGXIA_2022,213,0.5064120866364764,0.8993477234881878
HPGP_GLOBAL_vs_CHINA_NINGXIA_2022,214,0.4534873026620216,0.8993477234881878
HPGP_GLOBAL_vs_CHINA_NINGXIA_2022,215,0.5009647468057652,0.8993477234881878
HPGP_GLOBAL_vs_CHINA_NINGXIA_2022,216,0.3954982280592036,0.8993477234881878
HPGP_GLOBAL_vs_CHINA_NINGXIA_2022,217,0.5052591088362202,0.8993477234881878
HPGP_GLOBAL_vs_CHINA_NINGXIA_2022,218,0.4452173998010836,0.8993477234881878
HPGP_GLOBAL_vs_CHINA_NINGXIA_2022,219,0.5316812021756838,0.8993477234881878
HPGP_GLOBAL_vs_CHINA_NINGXIA_2022,220,0.5108987570712377,0.8993477234881878
HPGP_GLOBAL_vs_CHINA_NINGXIA_2022,221,0.5377452831268091,0.8993477234881878
HPGP_GLOBAL_vs_CHINA_NINGXIA_2022,222,0.5396545356804687,0.8993477234881878
HPGP_GLOBAL_vs_CHINA_NINGXIA_2022,223,0.5039610387619714,0.8993477234881878
HPGP_GLOBAL_vs_CHINA_NINGXIA_2022,224,0.4261003468739533,0.8993477234881878
HPGP_GLOBAL_vs_CHINA_NINGXIA_2022,225,0.4835,0.8993477234881878
HPGP_GLOBAL_vs_CHINA_NINGXIA_2022,226,0.5180965652894212,0.8993477234881878
HPGP_GLOBAL_vs_CHINA_NINGXIA_2022,227,0.4548862055257404,0.8993477234881878
HPGP_GLOBAL_vs_CHINA_NINGXIA_2022,228,0.4713761412229054,0.8993477234881878
HPGP_GLOBAL_vs_CHINA_NINGXIA_2022,229,0.4854506672611388,0.8993477234881878
HPGP_GLOBAL_vs_CHINA_NINGXIA_2022,230,0.4815782348737699,0.8993477234881878
HPGP_GLOBAL_vs_CHINA_NINGXIA_2022,231,0.5090515886552472,0.8993477234881878
HPGP_GLOBAL_vs_CHINA_NINGXIA_2022,232,0.524398741589914,0.8993477234881878
HPGP_GLOBAL_vs_CHINA_NINGXIA_2022,233,0.5415597362712884,0.8993477234881878
HPGP_GLOBAL_vs_CHINA_NINGXIA_2022,234,0.4682050457890659,0.8993477234881878
HPGP_GLOBAL_vs_CHINA_NINGXIA_2022,235,0.5553648019933772,0.8993477234881878
HPGP_GLOBAL_vs_CHINA_NINGXIA_2022,236,0.5074645105602658,0.8993477234881878
HPGP_GLOBAL_vs_CHINA_NINGXIA_2022,237,0.509630099626045,0.8993477234881878
HPGP_GLOBAL_vs_CHINA_NINGXIA_2022,238,0.5223694490032226,0.8993477234881878
HPGP_GLOBAL_vs_CHINA_NINGXIA_2022,239,0.5197326120125215,0.8993477234881878
HPGP_GLOBAL_vs_CHINA_NINGXIA_2022,240,0.4220427462753358,0.8993477234881878
HPGP_GLOBAL_vs_CHINA_NINGXIA_2022,241,0.5172801200940146,0.8993477234881878
HPGP_GLOBAL_vs_CHINA_NINGXIA_2022,242,0.4554057939862274,0.8993477234881878
HPGP_GLOBAL_vs_CHINA_NINGXIA_2022,243,0.4675161300433895,0.8993477234881878
HPGP_GLOBAL_vs_CHINA_NINGXIA_2022,244,0.4107593357378875,0.8993477234881878
HPGP_GLOBAL_vs_CHINA_NINGXIA_2022,245,0.5130765897255996,0.8993477234881878
HPGP_GLOBAL_vs_CHINA_NINGXIA_2022,246,0.4933379077903392,0.8993477234881878
HPGP_GLOBAL_vs_CHINA_NINGXIA_2022,247,0.4805696690262051,0.8993477234881878
HPGP_GLOBAL_vs_CHINA_NINGXIA_2022,248,0.5137611475646725,0.8993477234881878
HPGP_GLOBAL_vs_CHINA_NINGXIA_2022,249,0.5427373108242828,0.8993477234881878
HPGP_GLOBAL_vs_CHINA_NINGXIA_2022,250,0.4753791971568269,0.8993477234881878
HPGP_GLOBAL_vs_CHINA_NINGXIA_2022,251,0.4488068526072647,0.8993477234881878
HPGP_GLOBAL_vs_CHINA_NINGXIA_2022,252,0.4440343719152458,0.8993477234881878
HPGP_GLOBAL_vs_CHINA_NINGXIA_2022,253,0.4754179769611748,0.8993477234881878
HPGP_GLOBAL_vs_CHINA_NINGXIA_2022,254,0.5439926586799165,0.8993477234881878
HPGP_GLOBAL_vs_CHINA_NINGXIA_2022,255,0.4605051194477867,0.8993477234881878
HPGP_GLOBAL_vs_CHINA_NINGXIA_2022,256,0.5147864145658264,0.8993477234881878
HPGP_GLOBAL_vs_CHINA_NINGXIA_2022,257,0.5672883215057783,0.8993477234881878
HPGP_GLOBAL_vs_CHINA_NINGXIA_2022,258,0.5793916561684352,0.8993477234881878
HPGP_GLOBAL_vs_CHINA_NINGXIA_2022,259,0.4677079141603551,0.8993477234881878
HPGP_GLOBAL_vs_CHINA_NINGXIA_2022,260,0.4996996809317469,0.8993477234881878
HPGP_GLOBAL_vs_CHINA_NINGXIA_2022,261,0.4752494746371417,0.8993477234881878
HPGP_GLOBAL_vs_CHINA_NINGXIA_2022,262,0.5934003415389434,0.8993477234881878
HPGP_GLOBAL_vs_CHINA_NINGXIA_2022,263,0.4920766146017222,0.8993477234881878
HPGP_GLOBAL_vs_CHINA_NINGXIA_2022,264,0.3983316288011539,0.8993477234881878
HPGP_GLOBAL_vs_CHINA_NINGXIA_2022,265,0.5168122578220617,0.8993477234881878
HPGP_GLOBAL_vs_CHINA_NINGXIA_2022,266,0.4928823504967218,0.8993477234881878
HPGP_GLOBAL_vs_CHINA_NINGXIA_2022,267,0.4869183717101622,0.8993477234881878
HPGP_GLOBAL_vs_CHINA_NINGXIA_2022,268,0.5419627286293952,0.8993477234881878
HPGP_GLOBAL_vs_CHINA_NINGXIA_2022,269,0.5127578104042106,0.8993477234881878
HPGP_GLOBAL_vs_CHINA_NINGXIA_2022,270,0.6172800906469853,0.8993477234881878
HPGP_GLOBAL_vs_CHINA_NINGXIA_2022,271,0.4424718795218892,0.8993477234881878
HPGP_GLOBAL_vs_CHINA_NINGXIA_2022,272,0.5233376682551225,0.8993477234881878
HPGP_GLOBAL_vs_CHINA_NINGXIA_2022,273,0.4706974511235673,0.8993477234881878
HPGP_GLOBAL_vs_CHINA_NINGXIA_2022,274,0.5243640484785901,0.8993477234881878
HPGP_GLOBAL_vs_CHINA_NINGXIA_2022,275,0.5752466113024854,0.8993477234881878
HPGP_GLOBAL_vs_CHINA_NINGXIA_2022,276,0.4438997589631464,0.8993477234881878
HPGP_GLOBAL_vs_CHINA_NINGXIA_2022,277,0.5297045339742585,0.8993477234881878
HPGP_GLOBAL_vs_CHINA_NINGXIA_2022,278,0.5266302582653279,0.8993477234881878
HPGP_GLOBAL_vs_CHINA_NINGXIA_2022,279,0.4093111430951788,0.8993477234881878
HPGP_GLOBAL_vs_CHINA_NINGXIA_2022,280,0.5809765017117958,0.8993477234881878
HPGP_GLOBAL_vs_CHINA_NINGXIA_2022,281,0.5987784534359945,0.8993477234881878
HPGP_GLOBAL_vs_CHINA_NINGXIA_2022,282,0.5225490001956845,0.8993477234881878
HPGP_GLOBAL_vs_CHINA_NINGXIA_2022,283,0.4071058473395218,0.8993477234881878
HPGP_GLOBAL_vs_CHINA_NINGXIA_2022,284,0.4101926415841453,0.8993477234881878
HPGP_GLOBAL_vs_CHINA_NINGXIA_2022,285,0.5872600655054431,0.8993477234881878
HPGP_GLOBAL_vs_CHINA_NINGXIA_2022,286,0.5340008669332944,0.8993477234881878
HPGP_GLOBAL_vs_CHINA_NINGXIA_2022,287,0.3845151779832249,0.8993477234881878
HPGP_GLOBAL_vs_CHINA_NINGXIA_2022,288,0.5415680272207009,0.8993477234881878
HPGP_GLOBAL_vs_CHINA_NINGXIA_2022,289,0.5160781196886066,0.8993477234881878
HPGP_GLOBAL_vs_CHINA_NINGXIA_2022,290,0.5049887781852211,0.8993477234881878
HPGP_GLOBAL_vs_CHINA_NINGXIA_2022,291,0.5959508425182888,0.8993477234881878
HPGP_GLOBAL_vs_CHINA_NINGXIA_2022,292,0.5852455700866421,0.8993477234881878
HPGP_GLOBAL_vs_CHINA_NINGXIA_2022,293,0.541492238698121,0.8993477234881878
HPGP_GLOBAL_vs_CHINA_NINGXIA_2022,294,0.4774489501370841,0.8993477234881878
HPGP_GLOBAL_vs_CHINA_NINGXIA_2022,295,0.501094337538275,0.8993477234881878
HPGP_GLOBAL_vs_CHINA_NINGXIA_2022,296,0.5599313937134073,0.8993477234881878
HPGP_GLOBAL_vs_CHINA_NINGXIA_2022,297,0.5291403942958223,0.8993477234881878
HPGP_GLOBAL_vs_CHINA_NINGXIA_2022,298,0.5132335228581044,0.8993477234881878
HPGP_GLOBAL_vs_CHINA_NINGXIA_2022,299,0.4997958356912779,0.8993477234881878
HPGP_GLOBAL_vs_CHINA_NINGXIA_2022,300,0.5471775065639198,0.8993477234881878
HPGP_GLOBAL_vs_CHINA_NINGXIA_2022,301,0.4356383938960625,0.8993477234881878
HPGP_GLOBAL_vs_CHINA_NINGXIA_2022,302,0.4328760733386131,0.8993477234881878
HPGP_GLOBAL_vs_CHINA_NINGXIA_2022,303,0.5285331073382477,0.8993477234881878
HPGP_GLOBAL_vs_CHINA_NINGXIA_2022,304,0.5159192526715713,0.8993477234881878
HPGP_GLOBAL_vs_CHINA_NINGXIA_2022,305,0.5338406810716433,0.8993477234881878
HPGP_GLOBAL_vs_CHINA_NINGXIA_2022,306,0.4401386461319491,0.8993477234881878
HPGP_GLOBAL_vs_CHINA_NINGXIA_2022,307,0.5352666735434649,0.8993477234881878
HPGP_GLOBAL_vs_CHINA_NINGXIA_2022,308,0.5599013108683123,0.8993477234881878
HPGP_GLOBAL_vs_CHINA_NINGXIA_2022,309,0.6351513893083661,0.8993477234881878
HPGP_GLOBAL_vs_CHINA_NINGXIA_2022,310,0.5729388631719681,0.8993477234881878
HPGP_GLOBAL_vs_CHINA_NINGXIA_2022,311,0.4103642213233623,0.8993477234881878
HPGP_GLOBAL_vs_CHINA_NINGXIA_2022,312,0.4750230768229791,0.8993477234881878
HPGP_GLOBAL_vs_CHINA_NINGXIA_2022,313,0.5130268307081591,0.8993477234881878
HPGP_GLOBAL_vs_CHINA_NINGXIA_2022,314,0.4643010194003838,0.8993477234881878
HPGP_GLOBAL_vs_CHINA_NINGXIA_2022,315,0.4343421306620444,0.8993477234881878
HPGP_GLOBAL_vs_CHINA_NINGXIA_2022,316,0.5115907488534582,0.8993477234881878
HPGP_GLOBAL_vs_CHINA_NINGXIA_2022,317,0.5658150177413706,0.8993477234881878
HPGP_GLOBAL_vs_CHINA_NINGXIA_2022,318,0.5266816934099255,0.8993477234881878
HPGP_GLOBAL_vs_CHINA_NINGXIA_2022,319,0.6006313343706632,0.8993477234881878
HPGP_GLOBAL_vs_CHINA_NINGXIA_2022,320,0.4179603885627981,0.8993477234881878
HPGP_GLOBAL_vs_CHINA_NINGXIA_2022,321,0.456926248636994,0.8993477234881878
HPGP_GLOBAL_vs_CHINA_NINGXIA_2022,322,0.5185026241095108,0.8993477234881878
HPGP_GLOBAL_vs_CHINA_NINGXIA_2022,323,0.6030053915875293,0.8993477234881878
HPGP_GLOBAL_vs_CHINA_NINGXIA_2022,324,0.5102879015718583,0.8993477234881878
HPGP_GLOBAL_vs_CHINA_NINGXIA_2022,325,0.5035358475434168,0.8993477234881878
HPGP_GLOBAL_vs_CHINA_NINGXIA_2022,326,0.4340568295842884,0.8993477234881878
HPGP_GLOBAL_vs_CHINA_NINGXIA_2022,327,0.5310582536493775,0.8993477234881878
HPGP_GLOBAL_vs_CHINA_NINGXIA_2022,328,0.5070187610903416,0.8993477234881878
HPGP_GLOBAL_vs_CHINA_NINGXIA_2022,329,0.476387534703328,0.8993477234881878
HPGP_GLOBAL_vs_CHINA_NINGXIA_2022,330,0.5346693942677878,0.8993477234881878
HPGP_GLOBAL_vs_CHINA_NINGXIA_2022,331,0.5074127318283252,0.8993477234881878
HPGP_GLOBAL_vs_CHINA_NINGXIA_2022,332,0.4631174310921146,0.8993477234881878
HPGP_GLOBAL_vs_CHINA_NINGXIA_2022,333,0.4793450205961245,0.8993477234881878
HPGP_GLOBAL_vs_CHINA_NINGXIA_2022,334,0.4788887641320006,0.8993477234881878
HPGP_GLOBAL_vs_CHINA_NINGXIA_2022,335,0.6045126819279835,0.8993477234881878
HPGP_GLOBAL_vs_CHINA_NINGXIA_2022,336,0.5208038586483401,0.8993477234881878
HPGP_GLOBAL_vs_CHINA_NINGXIA_2022,337,0.496755482353674,0.8993477234881878
HPGP_GLOBAL_vs_CHINA_NINGXIA_2022,338,0.4875120147745533,0.8993477234881878
HPGP_GLOBAL_vs_CHINA_NINGXIA_2022,339,0.5083668289990129,0.8993477234881878
HPGP_GLOBAL_vs_CHINA_NINGXIA_2022,340,0.5731088978645056,0.8993477234881878
HPGP_GLOBAL_vs_CHINA_NINGXIA_2022,341,0.4850624375624376,0.8993477234881878
HPGP_GLOBAL_vs_CHINA_NINGXIA_2022,342,0.4999409760178517,0.8993477234881878
HPGP_GLOBAL_vs_CHINA_NINGXIA_2022,343,0.4263188313492751,0.8993477234881878
HPGP_GLOBAL_vs_CHINA_NINGXIA_2022,344,0.5321310329635294,0.8993477234881878
HPGP_GLOBAL_vs_CHINA_NINGXIA_2022,345,0.545271333604667,0.8993477234881878
HPGP_GLOBAL_vs_CHINA_NINGXIA_2022,346,0.4143897285132917,0.8993477234881878
HPGP_GLOBAL_vs_CHINA_NINGXIA_2022,347,0.4837413383683112,0.8993477234881878
HPGP_GLOBAL_vs_CHINA_NINGXIA_2022,348,0.4504723033007038,0.8993477234881878
HPGP_GLOBAL_vs_CHINA_NINGXIA_2022,349,0.4182221871045231,0.8993477234881878
HPGP_GLOBAL_vs_CHINA_NINGXIA_2022,350,0.4886228345248732,0.8993477234881878
HPGP_GLOBAL_vs_CHINA_NINGXIA_2022,351,0.5475637424579534,0.8993477234881878
HPGP_GLOBAL_vs_CHINA_NINGXIA_2022,352,0.4383957687459009,0.8993477234881878
HPGP_GLOBAL_vs_CHINA_NINGXIA_2022,353,0.4415255516840883,0.8993477234881878
HPGP_GLOBAL_vs_CHINA_NINGXIA_2022,354,0.5199581423817191,0.8993477234881878
HPGP_GLOBAL_vs_CHINA_NINGXIA_2022,355,0.591061595577778,0.8993477234881878
HPGP_GLOBAL_vs_CHINA_NINGXIA_2022,356,0.4153963249719806,0.8993477234881878
HPGP_GLOBAL_vs_CHINA_NINGXIA_2022,357,0.5119325745724599,0.8993477234881878
HPGP_GLOBAL_vs_CHINA_NINGXIA_2022,358,0.5688070483702153,0.8993477234881878
HPGP_GLOBAL_vs_CHINA_NINGXIA_2022,359,0.4872833355900441,0.8993477234881878
HPGP_GLOBAL_vs_CHINA_NINGXIA_2022,360,0.3599850860521592,0.8993477234881878
HPGP_GLOBAL_vs_CHINA_NINGXIA_2022,361,0.5080300862997503,0.8993477234881878
HPGP_GLOBAL_vs_CHINA_NINGXIA_2022,362,0.5985906223298203,0.8993477234881878
HPGP_GLOBAL_vs_CHINA_NINGXIA_2022,363,0.4745764566839024,0.8993477234881878
HPGP_GLOBAL_vs_CHINA_NINGXIA_2022,364,0.5115693113848951,0.8993477234881878
HPGP_GLOBAL_vs_CHINA_NINGXIA_2022,365,0.5464892287095469,0.8993477234881878
HPGP_GLOBAL_vs_CHINA_NINGXIA_2022,366,0.4868953604529892,0.8993477234881878
HPGP_GLOBAL_vs_CHINA_NINGXIA_2022,367,0.5175824244909959,0.8993477234881878
HPGP_GLOBAL_vs_CHINA_NINGXIA_2022,368,0.5686552271230376,0.8993477234881878
HPGP_GLOBAL_vs_CHINA_NINGXIA_2022,369,0.5516348931223349,0.8993477234881878
HPGP_GLOBAL_vs_CHINA_NINGXIA_2022,370,0.4936505499529852,0.8993477234881878
HPGP_GLOBAL_vs_CHINA_NINGXIA_2022,371,0.483557762637299,0.8993477234881878
HPGP_GLOBAL_vs_CHINA_NINGXIA_2022,372,0.4859104107274838,0.8993477234881878
HPGP_GLOBAL_vs_CHINA_NINGXIA_2022,373,0.6265624867327788,0.8993477234881878
HPGP_GLOBAL_vs_CHINA_NINGXIA_2022,374,0.5476688985103657,0.8993477234881878
HPGP_GLOBAL_vs_CHINA_NINGXIA_2022,375,0.4358766383016323,0.8993477234881878
HPGP_GLOBAL_vs_CHINA_NINGXIA_2022,376,0.6021510295795672,0.8993477234881878
HPGP_GLOBAL_vs_CHINA_NINGXIA_2022,377,0.4626759785414994,0.8993477234881878
HPGP_GLOBAL_vs_CHINA_NINGXIA_2022,378,0.4922261996990178,0.8993477234881878
HPGP_GLOBAL_vs_CHINA_NINGXIA_2022,379,0.4269655757039562,0.8993477234881878
HPGP_GLOBAL_vs_CHINA_NINGXIA_2022,380,0.5397756539865768,0.8993477234881878
HPGP_GLOBAL_vs_CHINA_NINGXIA_2022,381,0.4855611036946133,0.8993477234881878
HPGP_GLOBAL_vs_CHINA_NINGXIA_2022,382,0.6135525133408417,0.8993477234881878
HPGP_GLOBAL_vs_CHINA_NINGXIA_2022,383,0.479406163455003,0.8993477234881878
HPGP_GLOBAL_vs_CHINA_NINGXIA_2022,384,0.5160618781747198,0.8993477234881878
HPGP_GLOBAL_vs_CHINA_NINGXIA_2022,385,0.5169500101536587,0.8993477234881878
HPGP_GLOBAL_vs_CHINA_NINGXIA_2022,386,0.4626443467261257,0.8993477234881878
HPGP_GLOBAL_vs_CHINA_NINGXIA_2022,387,0.4639871101294323,0.8993477234881878
HPGP_GLOBAL_vs_CHINA_NINGXIA_2022,388,0.3770171226211187,0.8993477234881878
HPGP_GLOBAL_vs_CHINA_NINGXIA_2022,389,0.5291054982581287,0.8993477234881878
HPGP_GLOBAL_vs_CHINA_NINGXIA_2022,390,0.5326261063782335,0.8993477234881878
HPGP_GLOBAL_vs_CHINA_NINGXIA_2022,391,0.572094638408647,0.8993477234881878
HPGP_GLOBAL_vs_CHINA_NINGXIA_2022,392,0.4674917548612328,0.8993477234881878
HPGP_GLOBAL_vs_CHINA_NINGXIA_2022,393,0.6004206147535847,0.8993477234881878
HPGP_GLOBAL_vs_CHINA_NINGXIA_2022,394,0.6127320520733794,0.8993477234881878
HPGP_GLOBAL_vs_CHINA_NINGXIA_2022,395,0.4767376054178379,0.8993477234881878
HPGP_GLOBAL_vs_CHINA_NINGXIA_2022,396,0.496793241843079,0.8993477234881878
HPGP_GLOBAL_vs_CHINA_NINGXIA_2022,397,0.5563860313851162,0.8993477234881878
HPGP_GLOBAL_vs_CHINA_NINGXIA_2022,398,0.4236302963249247,0.8993477234881878
HPGP_GLOBAL_vs_CHINA_NINGXIA_2022,399,0.515551134081727,0.8993477234881878
HPGP_GLOBAL_vs_CHINA_NINGXIA_2022,400,0.533913520200784,0.8993477234881878
HPGP_GLOBAL_vs_CHINA_NINGXIA_2022,401,0.4709600122100122,0.8993477234881878
HPGP_GLOBAL_vs_CHINA_NINGXIA_2022,402,0.5588612003464437,0.8993477234881878
HPGP_GLOBAL_vs_CHINA_NINGXIA_2022,403,0.5512183764479317,0.8993477234881878
HPGP_GLOBAL_vs_CHINA_NINGXIA_2022,404,0.4846219517194855,0.8993477234881878
HPGP_GLOBAL_vs_CHINA_NINGXIA_2022,405,0.5233663500774486,0.8993477234881878
HPGP_GLOBAL_vs_CHINA_NINGXIA_2022,406,0.4688018175292985,0.8993477234881878
HPGP_GLOBAL_vs_CHINA_NINGXIA_2022,407,0.5433930273878935,0.8993477234881878
HPGP_GLOBAL_vs_CHINA_NINGXIA_2022,408,0.5182930876313229,0.8993477234881878
HPGP_GLOBAL_vs_CHINA_NINGXIA_2022,409,0.5826908373505655,0.8993477234881878
HPGP_GLOBAL_vs_CHINA_NINGXIA_2022,410,0.4141187494675867,0.8993477234881878
HPGP_GLOBAL_vs_CHINA_NINGXIA_2022,411,0.583961568886793,0.8993477234881878
HPGP_GLOBAL_vs_CHINA_NINGXIA_2022,412,0.4356202004930498,0.8993477234881878
HPGP_GLOBAL_vs_CHINA_NINGXIA_2022,413,0.5115942947912687,0.8993477234881878
HPGP_GLOBAL_vs_CHINA_NINGXIA_2022,414,0.529861316921872,0.8993477234881878
HPGP_GLOBAL_vs_CHINA_NINGXIA_2022,415,0.4156865627684226,0.8993477234881878
HPGP_GLOBAL_vs_CHINA_NINGXIA_2022,416,0.5227480085750376,0.8993477234881878
HPGP_GLOBAL_vs_CHINA_NINGXIA_2022,417,0.5737440378957981,0.8993477234881878
HPGP_GLOBAL_vs_CHINA_NINGXIA_2022,418,0.4799854185063323,0.8993477234881878
HPGP_GLOBAL_vs_CHINA_NINGXIA_2022,419,0.4949023329621523,0.8993477234881878
HPGP_GLOBAL_vs_CHINA_NINGXIA_2022,420,0.4796060071772677,0.8993477234881878
HPGP_GLOBAL_vs_CHINA_NINGXIA_2022,421,0.5617974606694119,0.8993477234881878
HPGP_GLOBAL_vs_CHINA_NINGXIA_2022,422,0.5631168319992038,0.8993477234881878
HPGP_GLOBAL_vs_CHINA_NINGXIA_2022,423,0.5000027472527473,0.8993477234881878
HPGP_GLOBAL_vs_CHINA_NINGXIA_2022,424,0.5750396645328579,0.8993477234881878
HPGP_GLOBAL_vs_CHINA_NINGXIA_2022,425,0.4892078977932635,0.8993477234881878
HPGP_GLOBAL_vs_CHINA_NINGXIA_2022,426,0.4403268594952362,0.8993477234881878
HPGP_GLOBAL_vs_CHINA_NINGXIA_2022,427,0.4408130145670075,0.8993477234881878
HPGP_GLOBAL_vs_CHINA_NINGXIA_2022,428,0.5829485167496273,0.8993477234881878
HPGP_GLOBAL_vs_CHINA_NINGXIA_2022,429,0.6044757724857813,0.8993477234881878
HPGP_GLOBAL_vs_CHINA_NINGXIA_2022,430,0.4439070198482239,0.8993477234881878
HPGP_GLOBAL_vs_CHINA_NINGXIA_2022,431,0.4993818850433713,0.8993477234881878
HPGP_GLOBAL_vs_CHINA_NINGXIA_2022,432,0.5194711017867172,0.8993477234881878
HPGP_GLOBAL_vs_CHINA_NINGXIA_2022,433,0.5558267798211646,0.8993477234881878
HPGP_GLOBAL_vs_CHINA_NINGXIA_2022,434,0.5029100066600066,0.8993477234881878
HPGP_GLOBAL_vs_CHINA_NINGXIA_2022,435,0.4640414660201123,0.8993477234881878
HPGP_GLOBAL_vs_CHINA_NINGXIA_2022,436,0.516544968484232,0.8993477234881878
HPGP_GLOBAL_vs_CHINA_NINGXIA_2022,437,0.5217752814204039,0.8993477234881878
HPGP_GLOBAL_vs_CHINA_NINGXIA_2022,438,0.5609218593847067,0.8993477234881878
HPGP_GLOBAL_vs_CHINA_NINGXIA_2022,439,0.4889190055981253,0.8993477234881878
HPGP_GLOBAL_vs_CHINA_NINGXIA_2022,440,0.5954411350010037,0.8993477234881878
HPGP_GLOBAL_vs_CHINA_NINGXIA_2022,441,0.4881081667178248,0.8993477234881878
HPGP_GLOBAL_vs_CHINA_NINGXIA_2022,442,0.512514088383196,0.8993477234881878
HPGP_GLOBAL_vs_CHINA_NINGXIA_2022,443,0.4902493882673878,0.8993477234881878
HPGP_GLOBAL_vs_CHINA_NINGXIA_2022,444,0.5431566415734903,0.8993477234881878
HPGP_GLOBAL_vs_CHINA_NINGXIA_2022,445,0.5227188194285712,0.8993477234881878
HPGP_GLOBAL_vs_CHINA_NINGXIA_2022,446,0.4527231383137648,0.8993477234881878
HPGP_GLOBAL_vs_CHINA_NINGXIA_2022,447,0.4643245442358125,0.8993477234881878
HPGP_GLOBAL_vs_CHINA_NINGXIA_2022,448,0.5143360042629213,0.8993477234881878
HPGP_GLOBAL_vs_CHINA_NINGXIA_2022,449,0.3995533028009274,0.8993477234881878
HPGP_GLOBAL_vs_CHINA_NINGXIA_2022,450,0.5060841068722522,0.8993477234881878
HPGP_GLOBAL_vs_CHINA_NINGXIA_2022,451,0.4891630340964836,0.8993477234881878
HPGP_GLOBAL_vs_CHINA_NINGXIA_2022,452,0.4510325066736335,0.8993477234881878
HPGP_GLOBAL_vs_CHINA_NINGXIA_2022,453,0.4573716586770429,0.8993477234881878
HPGP_GLOBAL_vs_CHINA_NINGXIA_2022,454,0.4665748503339039,0.8993477234881878
HPGP_GLOBAL_vs_CHINA_NINGXIA_2022,455,0.5733820235010361,0.8993477234881878
HPGP_GLOBAL_vs_CHINA_NINGXIA_2022,456,0.5151902493330041,0.8993477234881878
HPGP_GLOBAL_vs_CHINA_NINGXIA_2022,457,0.5208600306034422,0.8993477234881878
HPGP_GLOBAL_vs_CHINA_NINGXIA_2022,458,0.5612380315378671,0.8993477234881878
HPGP_GLOBAL_vs_CHINA_NINGXIA_2022,459,0.4044805085046414,0.8993477234881878
HPGP_GLOBAL_vs_CHINA_NINGXIA_2022,460,0.4841253315181434,0.8993477234881878
HPGP_GLOBAL_vs_CHINA_NINGXIA_2022,461,0.5326277328918723,0.8993477234881878
HPGP_GLOBAL_vs_CHINA_NINGXIA_2022,462,0.468084097810697,0.8993477234881878
HPGP_GLOBAL_vs_CHINA_NINGXIA_2022,463,0.5119238803831828,0.8993477234881878
HPGP_GLOBAL_vs_CHINA_NINGXIA_2022,464,0.5470390089720059,0.8993477234881878
HPGP_GLOBAL_vs_CHINA_NINGXIA_2022,465,0.5287715067367968,0.8993477234881878
HPGP_GLOBAL_vs_CHINA_NINGXIA_2022,466,0.4091034514581026,0.8993477234881878
HPGP_GLOBAL_vs_CHINA_NINGXIA_2022,467,0.4557576877223253,0.8993477234881878
HPGP_GLOBAL_vs_CHINA_NINGXIA_2022,468,0.5166487598211004,0.8993477234881878
HPGP_GLOBAL_vs_CHINA_NINGXIA_2022,469,0.5763383159875011,0.8993477234881878
HPGP_GLOBAL_vs_CHINA_NINGXIA_2022,470,0.5100155750036051,0.8993477234881878
HPGP_GLOBAL_vs_CHINA_NINGXIA_2022,471,0.5954986633990227,0.8993477234881878
HPGP_GLOBAL_vs_CHINA_NINGXIA_2022,472,0.5264328440268539,0.8993477234881878
HPGP_GLOBAL_vs_CHINA_NINGXIA_2022,473,0.4629451386690098,0.8993477234881878
HPGP_GLOBAL_vs_CHINA_NINGXIA_2022,474,0.4922644671645519,0.8993477234881878
HPGP_GLOBAL_vs_CHINA_NINGXIA_2022,475,0.3890224113717379,0.8993477234881878
HPGP_GLOBAL_vs_CHINA_NINGXIA_2022,476,0.4986444959967414,0.8993477234881878
HPGP_GLOBAL_vs_CHINA_NINGXIA_2022,477,0.454640332622077,0.8993477234881878
HPGP_GLOBAL_vs_CHINA_NINGXIA_2022,478,0.4681011761772972,0.8993477234881878
HPGP_GLOBAL_vs_CHINA_NINGXIA_2022,479,0.4279628373183494,0.8993477234881878
HPGP_GLOBAL_vs_CHINA_NINGXIA_2022,480,0.3994434916625257,0.8993477234881878
HPGP_GLOBAL_vs_CHINA_NINGXIA_2022,481,0.5237466785906386,0.8993477234881878
HPGP_GLOBAL_vs_CHINA_NINGXIA_2022,482,0.464166568425189,0.8993477234881878
HPGP_GLOBAL_vs_CHINA_NINGXIA_2022,483,0.5913787046331282,0.8993477234881878
HPGP_GLOBAL_vs_CHINA_NINGXIA_2022,484,0.494986979420404,0.8993477234881878
HPGP_GLOBAL_vs_CHINA_NINGXIA_2022,485,0.4905108260980609,0.8993477234881878
HPGP_GLOBAL_vs_CHINA_NINGXIA_2022,486,0.5622513082458747,0.8993477234881878
HPGP_GLOBAL_vs_CHINA_NINGXIA_2022,487,0.5426076550506037,0.8993477234881878
HPGP_GLOBAL_vs_CHINA_NINGXIA_2022,488,0.5546011181406952,0.8993477234881878
HPGP_GLOBAL_vs_CHINA_NINGXIA_2022,489,0.5348292355744102,0.8993477234881878
HPGP_GLOBAL_vs_CHINA_NINGXIA_2022,490,0.4749133332845366,0.8993477234881878
HPGP_GLOBAL_vs_CHINA_NINGXIA_2022,491,0.4877918869907549,0.8993477234881878
HPGP_GLOBAL_vs_CHINA_NINGXIA_2022,492,0.4604134852103471,0.8993477234881878
HPGP_GLOBAL_vs_CHINA_NINGXIA_2022,493,0.5083563468426089,0.8993477234881878
HPGP_GLOBAL_vs_CHINA_NINGXIA_2022,494,0.4826356150654551,0.8993477234881878
HPGP_GLOBAL_vs_CHINA_NINGXIA_2022,495,0.5406039584194717,0.8993477234881878
HPGP_GLOBAL_vs_CHINA_NINGXIA_2022,496,0.4342525598546584,0.8993477234881878
HPGP_GLOBAL_vs_CHINA_NINGXIA_2022,497,0.4435018920390176,0.8993477234881878
HPGP_GLOBAL_vs_CHINA_NINGXIA_2022,498,0.5868651971733033,0.8993477234881878
HPGP_GLOBAL_vs_CHINA_NINGXIA_2022,499,0.5229562989877419,0.8993477234881878
HPGP_GLOBAL_vs_CHINA_NINGXIA_2022,500,0.4672399454393215,0.8993477234881878
HPGP_GLOBAL_vs_CHINA_NINGXIA_2022,501,0.4758620712478628,0.8993477234881878
HPGP_GLOBAL_vs_CHINA_NINGXIA_2022,502,0.608759915007788,0.8993477234881878
HPGP_GLOBAL_vs_CHINA_NINGXIA_2022,503,0.5605793009608271,0.8993477234881878
HPGP_GLOBAL_vs_CHINA_NINGXIA_2022,504,0.5332879883829251,0.8993477234881878
HPGP_GLOBAL_vs_CHINA_NINGXIA_2022,505,0.4788055172910533,0.8993477234881878
HPGP_GLOBAL_vs_CHINA_NINGXIA_2022,506,0.4295748817208037,0.8993477234881878
HPGP_GLOBAL_vs_CHINA_NINGXIA_2022,507,0.5126188523265065,0.8993477234881878
HPGP_GLOBAL_vs_CHINA_NINGXIA_2022,508,0.4799080706735717,0.8993477234881878
HPGP_GLOBAL_vs_CHINA_NINGXIA_2022,509,0.4617498502177935,0.8993477234881878
HPGP_GLOBAL_vs_CHINA_NINGXIA_2022,510,0.4704166804359108,0.8993477234881878
HPGP_GLOBAL_vs_CHINA_NINGXIA_2022,511,0.5690098216883592,0.8993477234881878
HPGP_GLOBAL_vs_CHINA_NINGXIA_2022,512,0.4514240325978454,0.8993477234881878
HPGP_GLOBAL_vs_CHINA_NINGXIA_2022,513,0.5526178109003312,0.8993477234881878
HPGP_GLOBAL_vs_CHINA_NINGXIA_2022,514,0.551909403359135,0.8993477234881878
HPGP_GLOBAL_vs_CHINA_NINGXIA_2022,515,0.5189297754022352,0.8993477234881878
HPGP_GLOBAL_vs_CHINA_NINGXIA_2022,516,0.5482498574966808,0.8993477234881878
HPGP_GLOBAL_vs_CHINA_NINGXIA_2022,517,0.5360936918927115,0.8993477234881878
HPGP_GLOBAL_vs_CHINA_NINGXIA_2022,518,0.4855092959350207,0.8993477234881878
HPGP_GLOBAL_vs_CHINA_NINGXIA_2022,519,0.5823277263598742,0.8993477234881878
HPGP_GLOBAL_vs_CHINA_NINGXIA_2022,520,0.441083313799912,0.8993477234881878
HPGP_GLOBAL_vs_CHINA_NINGXIA_2022,521,0.407318779887362,0.8993477234881878
HPGP_GLOBAL_vs_CHINA_NINGXIA_2022,522,0.4730930837552488,0.8993477234881878
HPGP_GLOBAL_vs_CHINA_NINGXIA_2022,523,0.587963843382849,0.8993477234881878
HPGP_GLOBAL_vs_CHINA_NINGXIA_2022,524,0.3952964637627388,0.8993477234881878
HPGP_GLOBAL_vs_CHINA_NINGXIA_2022,525,0.4801056000590725,0.8993477234881878
HPGP_GLOBAL_vs_CHINA_NINGXIA_2022,526,0.5536015811008463,0.8993477234881878
HPGP_GLOBAL_vs_CHINA_NINGXIA_2022,527,0.4515841643638111,0.8993477234881878
HPGP_GLOBAL_vs_CHINA_NINGXIA_2022,528,0.5081551856392683,0.8993477234881878
HPGP_GLOBAL_vs_CHINA_NINGXIA_2022,529,0.556676503445505,0.8993477234881878
HPGP_GLOBAL_vs_CHINA_NINGXIA_2022,530,0.520698975820927,0.8993477234881878
HPGP_GLOBAL_vs_CHINA_NINGXIA_2022,531,0.5433783048832069,0.8993477234881878
HPGP_GLOBAL_vs_CHINA_NINGXIA_2022,532,0.5534196636809334,0.8993477234881878
HPGP_GLOBAL_vs_CHINA_NINGXIA_2022,533,0.4444225946928004,0.8993477234881878
HPGP_GLOBAL_vs_CHINA_NINGXIA_2022,534,0.4914948449498504,0.8993477234881878
HPGP_GLOBAL_vs_CHINA_NINGXIA_2022,535,0.4028825867900332,0.8993477234881878
HPGP_GLOBAL_vs_CHINA_NINGXIA_2022,536,0.5422543541729589,0.8993477234881878
HPGP_GLOBAL_vs_CHINA_NINGXIA_2022,537,0.5410664020060347,0.8993477234881878
HPGP_GLOBAL_vs_CHINA_NINGXIA_2022,538,0.5099597225578635,0.8993477234881878
HPGP_GLOBAL_vs_CHINA_NINGXIA_2022,539,0.592155622863418,0.8993477234881878
HPGP_GLOBAL_vs_CHINA_NINGXIA_2022,540,0.5294993438923088,0.8993477234881878
HPGP_GLOBAL_vs_CHINA_NINGXIA_2022,541,0.4963787168287522,0.8993477234881878
HPGP_GLOBAL_vs_CHINA_NINGXIA_2022,542,0.6260756118213365,0.8993477234881878
HPGP_GLOBAL_vs_CHINA_NINGXIA_2022,543,0.4583847047261681,0.8993477234881878
HPGP_GLOBAL_vs_CHINA_NINGXIA_2022,544,0.5639552900282012,0.8993477234881878
HPGP_GLOBAL_vs_CHINA_NINGXIA_2022,545,0.5054415951793698,0.8993477234881878
HPGP_GLOBAL_vs_CHINA_NINGXIA_2022,546,0.5177277178614215,0.8993477234881878
HPGP_GLOBAL_vs_CHINA_NINGXIA_2022,547,0.5089967901889141,0.8993477234881878
HPGP_GLOBAL_vs_CHINA_NINGXIA_2022,548,0.4481025647075792,0.8993477234881878
HPGP_GLOBAL_vs_CHINA_NINGXIA_2022,549,0.406780376256482,0.8993477234881878
HPGP_GLOBAL_vs_CHINA_NINGXIA_2022,550,0.4295808548716532,0.8993477234881878
HPGP_GLOBAL_vs_CHINA_NINGXIA_2022,551,0.5415538744668054,0.8993477234881878
HPGP_GLOBAL_vs_CHINA_NINGXIA_2022,552,0.4661889720072112,0.8993477234881878
HPGP_GLOBAL_vs_CHINA_NINGXIA_2022,553,0.522890227344561,0.8993477234881878
HPGP_GLOBAL_vs_CHINA_NINGXIA_2022,554,0.5597621550316492,0.8993477234881878
HPGP_GLOBAL_vs_CHINA_NINGXIA_2022,555,0.4708971132956507,0.8993477234881878
HPGP_GLOBAL_vs_CHINA_NINGXIA_2022,556,0.5754596431457528,0.8993477234881878
HPGP_GLOBAL_vs_CHINA_NINGXIA_2022,557,0.5361429015216677,0.8993477234881878
HPGP_GLOBAL_vs_CHINA_NINGXIA_2022,558,0.5676390873693963,0.8993477234881878
HPGP_GLOBAL_vs_CHINA_NINGXIA_2022,559,0.5115209144818496,0.8993477234881878
HPGP_GLOBAL_vs_CHINA_NINGXIA_2022,560,0.5916245822103597,0.8993477234881878
HPGP_GLOBAL_vs_CHINA_NINGXIA_2022,561,0.4953350414645595,0.8993477234881878
HPGP_GLOBAL_vs_CHINA_NINGXIA_2022,562,0.4486099833529552,0.8993477234881878
HPGP_GLOBAL_vs_CHINA_NINGXIA_2022,563,0.609239800654608,0.8993477234881878
HPGP_GLOBAL_vs_CHINA_NINGXIA_2022,564,0.5592277813653366,0.8993477234881878
HPGP_GLOBAL_vs_CHINA_NINGXIA_2022,565,0.5714360679647152,0.8993477234881878
HPGP_GLOBAL_vs_CHINA_NINGXIA_2022,566,0.5680753299867236,0.8993477234881878
HPGP_GLOBAL_vs_CHINA_NINGXIA_2022,567,0.5135854893641899,0.8993477234881878
HPGP_GLOBAL_vs_CHINA_NINGXIA_2022,568,0.5044538420418254,0.8993477234881878
HPGP_GLOBAL_vs_CHINA_NINGXIA_2022,569,0.4710641404246056,0.8993477234881878
HPGP_GLOBAL_vs_CHINA_NINGXIA_2022,570,0.5043935317641909,0.8993477234881878
HPGP_GLOBAL_vs_CHINA_NINGXIA_2022,571,0.45830415700455,0.8993477234881878
HPGP_GLOBAL_vs_CHINA_NINGXIA_2022,572,0.4434097290180672,0.8993477234881878
HPGP_GLOBAL_vs_CHINA_NINGXIA_2022,573,0.3968350379969453,0.8993477234881878
HPGP_GLOBAL_vs_CHINA_NINGXIA_2022,574,0.5182922106834936,0.8993477234881878
HPGP_GLOBAL_vs_CHINA_NINGXIA_2022,575,0.4489390700576909,0.8993477234881878
HPGP_GLOBAL_vs_CHINA_NINGXIA_2022,576,0.5575421411638088,0.8993477234881878
HPGP_GLOBAL_vs_CHINA_NINGXIA_2022,577,0.5011989268928418,0.8993477234881878
HPGP_GLOBAL_vs_CHINA_NINGXIA_2022,578,0.3759548055421865,0.8993477234881878
HPGP_GLOBAL_vs_CHINA_NINGXIA_2022,579,0.55351070435587,0.8993477234881878
HPGP_GLOBAL_vs_CHINA_NINGXIA_2022,580,0.5912627810507259,0.8993477234881878
HPGP_GLOBAL_vs_CHINA_NINGXIA_2022,581,0.4642820549280536,0.8993477234881878
HPGP_GLOBAL_vs_CHINA_NINGXIA_2022,582,0.5460514904860746,0.8993477234881878
HPGP_GLOBAL_vs_CHINA_NINGXIA_2022,583,0.4921387630803074,0.8993477234881878
HPGP_GLOBAL_vs_CHINA_NINGXIA_2022,584,0.5641800653022674,0.8993477234881878
HPGP_GLOBAL_vs_CHINA_NINGXIA_2022,585,0.5537251769538569,0.8993477234881878
HPGP_GLOBAL_vs_CHINA_NINGXIA_2022,586,0.4832586973046083,0.8993477234881878
HPGP_GLOBAL_vs_CHINA_NINGXIA_2022,587,0.5329392460025154,0.8993477234881878
HPGP_GLOBAL_vs_CHINA_NINGXIA_2022,588,0.4245870671511652,0.8993477234881878
HPGP_GLOBAL_vs_CHINA_NINGXIA_2022,589,0.4451937453101303,0.8993477234881878
HPGP_GLOBAL_vs_CHINA_NINGXIA_2022,590,0.5260687961933557,0.8993477234881878
HPGP_GLOBAL_vs_CHINA_NINGXIA_2022,591,0.4457774825113937,0.8993477234881878
HPGP_GLOBAL_vs_CHINA_NINGXIA_2022,592,0.5612033694865664,0.8993477234881878
HPGP_GLOBAL_vs_CHINA_NINGXIA_2022,593,0.4967813456213569,0.8993477234881878
HPGP_GLOBAL_vs_CHINA_NINGXIA_2022,594,0.4765672710693427,0.8993477234881878
HPGP_GLOBAL_vs_CHINA_NINGXIA_2022,595,0.4304486017585829,0.8993477234881878
HPGP_GLOBAL_vs_CHINA_NINGXIA_2022,596,0.4037050849395047,0.8993477234881878
HPGP_GLOBAL_vs_CHINA_NINGXIA_2022,597,0.5439260757271109,0.8993477234881878
HPGP_GLOBAL_vs_CHINA_NINGXIA_2022,598,0.5259441373493925,0.8993477234881878
HPGP_GLOBAL_vs_CHINA_NINGXIA_2022,599,0.5542399105037895,0.8993477234881878
HPGP_GLOBAL_vs_CHINA_NINGXIA_2022,600,0.5565685770289248,0.8993477234881878
HPGP_GLOBAL_vs_CHINA_NINGXIA_2022,601,0.4957992356325222,0.8993477234881878
HPGP_GLOBAL_vs_CHINA_NINGXIA_2022,602,0.4634202240949315,0.8993477234881878
HPGP_GLOBAL_vs_CHINA_NINGXIA_2022,603,0.4834331685464447,0.8993477234881878
HPGP_GLOBAL_vs_CHINA_NINGXIA_2022,604,0.5425428628092113,0.8993477234881878
HPGP_GLOBAL_vs_CHINA_NINGXIA_2022,605,0.5950427350427351,0.8993477234881878
HPGP_GLOBAL_vs_CHINA_NINGXIA_2022,606,0.4855552186327769,0.8993477234881878
HPGP_GLOBAL_vs_CHINA_NINGXIA_2022,607,0.409312572808986,0.8993477234881878
HPGP_GLOBAL_vs_CHINA_NINGXIA_2022,608,0.4787618699036785,0.8993477234881878
HPGP_GLOBAL_vs_CHINA_NINGXIA_2022,609,0.4813889347436583,0.8993477234881878
HPGP_GLOBAL_vs_CHINA_NINGXIA_2022,610,0.5202100995893643,0.8993477234881878
HPGP_GLOBAL_vs_CHINA_NINGXIA_2022,611,0.4529766421965239,0.8993477234881878
HPGP_GLOBAL_vs_CHINA_NINGXIA_2022,612,0.408041183877535,0.8993477234881878
HPGP_GLOBAL_vs_CHINA_NINGXIA_2022,613,0.4878922743968661,0.8993477234881878
HPGP_GLOBAL_vs_CHINA_NINGXIA_2022,614,0.5963974666251906,0.8993477234881878
HPGP_GLOBAL_vs_CHINA_NINGXIA_2022,615,0.4770826651638075,0.8993477234881878
HPGP_GLOBAL_vs_CHINA_NINGXIA_2022,616,0.5454701517544751,0.8993477234881878
HPGP_GLOBAL_vs_CHINA_NINGXIA_2022,617,0.5359418185411832,0.8993477234881878
HPGP_GLOBAL_vs_CHINA_NINGXIA_2022,618,0.4977746386415702,0.8993477234881878
HPGP_GLOBAL_vs_CHINA_NINGXIA_2022,619,0.531406915500063,0.8993477234881878
HPGP_GLOBAL_vs_CHINA_NINGXIA_2022,620,0.4944840676854607,0.8993477234881878
HPGP_GLOBAL_vs_CHINA_NINGXIA_2022,621,0.4156722364171674,0.8993477234881878
HPGP_GLOBAL_vs_CHINA_NINGXIA_2022,622,0.4926419965576592,0.8993477234881878
HPGP_GLOBAL_vs_CHINA_NINGXIA_2022,623,0.5449975389570874,0.8993477234881878
HPGP_GLOBAL_vs_CHINA_NINGXIA_2022,624,0.5119906977786893,0.8993477234881878
HPGP_GLOBAL_vs_CHINA_NINGXIA_2022,625,0.4595668173299717,0.8993477234881878
HPGP_GLOBAL_vs_CHINA_NINGXIA_2022,626,0.4355898418454945,0.8993477234881878
HPGP_GLOBAL_vs_CHINA_NINGXIA_2022,627,0.4768965896055266,0.8993477234881878
HPGP_GLOBAL_vs_CHINA_NINGXIA_2022,628,0.4474356879000549,0.8993477234881878
HPGP_GLOBAL_vs_CHINA_NINGXIA_2022,629,0.4588882528354575,0.8993477234881878
HPGP_GLOBAL_vs_CHINA_NINGXIA_2022,630,0.3967912533572842,0.8993477234881878
HPGP_GLOBAL_vs_CHINA_NINGXIA_2022,631,0.4961827798353312,0.8993477234881878
HPGP_GLOBAL_vs_CHINA_NINGXIA_2022,632,0.4177414217373772,0.8993477234881878
HPGP_GLOBAL_vs_CHINA_NINGXIA_2022,633,0.4857374753672888,0.8993477234881878
HPGP_GLOBAL_vs_CHINA_NINGXIA_2022,634,0.5404971796190791,0.8993477234881878
HPGP_GLOBAL_vs_CHINA_NINGXIA_2022,635,0.548100633794054,0.8993477234881878
HPGP_GLOBAL_vs_CHINA_NINGXIA_2022,636,0.4156132225620039,0.8993477234881878
HPGP_GLOBAL_vs_CHINA_NINGXIA_2022,637,0.5378719374963173,0.8993477234881878
HPGP_GLOBAL_vs_CHINA_NINGXIA_2022,638,0.4921413526359975,0.8993477234881878
HPGP_GLOBAL_vs_CHINA_NINGXIA_2022,639,0.5231791510958178,0.8993477234881878
HPGP_GLOBAL_vs_CHINA_NINGXIA_2022,640,0.556169104676266,0.8993477234881878
HPGP_GLOBAL_vs_CHINA_NINGXIA_2022,641,0.4691658411639278,0.8993477234881878
HPGP_GLOBAL_vs_CHINA_NINGXIA_2022,642,0.4755927567748239,0.8993477234881878
HPGP_GLOBAL_vs_CHINA_NINGXIA_2022,643,0.506151336318003,0.8993477234881878
HPGP_GLOBAL_vs_CHINA_NINGXIA_2022,644,0.5104935913759443,0.8993477234881878
HPGP_GLOBAL_vs_CHINA_NINGXIA_2022,645,0.6020642943856717,0.8993477234881878
HPGP_GLOBAL_vs_CHINA_NINGXIA_2022,646,0.5078627533026525,0.8993477234881878
HPGP_GLOBAL_vs_CHINA_NINGXIA_2022,647,0.5651703137794561,0.8993477234881878
HPGP_GLOBAL_vs_CHINA_NINGXIA_2022,648,0.5797830744047909,0.8993477234881878
HPGP_GLOBAL_vs_CHINA_NINGXIA_2022,649,0.4774747619898957,0.8993477234881878
HPGP_GLOBAL_vs_CHINA_NINGXIA_2022,650,0.6086219523320029,0.8993477234881878
HPGP_GLOBAL_vs_CHINA_NINGXIA_2022,651,0.4319728890046672,0.8993477234881878
HPGP_GLOBAL_vs_CHINA_NINGXIA_2022,652,0.4748263195192717,0.8993477234881878
HPGP_GLOBAL_vs_CHINA_NINGXIA_2022,653,0.4545489053996253,0.8993477234881878
HPGP_GLOBAL_vs_CHINA_NINGXIA_2022,654,0.5478124542882373,0.8993477234881878
HPGP_GLOBAL_vs_CHINA_NINGXIA_2022,655,0.4755600203860473,0.8993477234881878
HPGP_GLOBAL_vs_CHINA_NINGXIA_2022,656,0.5255722990041758,0.8993477234881878
HPGP_GLOBAL_vs_CHINA_NINGXIA_2022,657,0.5416496804301426,0.8993477234881878
HPGP_GLOBAL_vs_CHINA_NINGXIA_2022,658,0.5137836333645149,0.8993477234881878
HPGP_GLOBAL_vs_CHINA_NINGXIA_2022,659,0.4668072209753425,0.8993477234881878
HPGP_GLOBAL_vs_CHINA_NINGXIA_2022,660,0.500915608256265,0.8993477234881878
HPGP_GLOBAL_vs_CHINA_NINGXIA_2022,661,0.4368905517377454,0.8993477234881878
HPGP_GLOBAL_vs_CHINA_NINGXIA_2022,662,0.3652750814624592,0.8993477234881878
HPGP_GLOBAL_vs_CHINA_NINGXIA_2022,663,0.4270925568951466,0.8993477234881878
HPGP_GLOBAL_vs_CHINA_NINGXIA_2022,664,0.4700283210765139,0.8993477234881878
HPGP_GLOBAL_vs_CHINA_NINGXIA_2022,665,0.4118668373888364,0.8993477234881878
HPGP_GLOBAL_vs_CHINA_NINGXIA_2022,666,0.4937126959014509,0.8993477234881878
HPGP_GLOBAL_vs_CHINA_NINGXIA_2022,667,0.5109508838798522,0.8993477234881878
HPGP_GLOBAL_vs_CHINA_NINGXIA_2022,668,0.4784607691315009,0.8993477234881878
HPGP_GLOBAL_vs_CHINA_NINGXIA_2022,669,0.4642352289426348,0.8993477234881878
HPGP_GLOBAL_vs_CHINA_NINGXIA_2022,670,0.4449095221379354,0.8993477234881878
HPGP_GLOBAL_vs_CHINA_NINGXIA_2022,671,0.4979438549993252,0.8993477234881878
HPGP_GLOBAL_vs_CHINA_NINGXIA_2022,672,0.5009644336810656,0.8993477234881878
HPGP_GLOBAL_vs_CHINA_NINGXIA_2022,673,0.4646511631413235,0.8993477234881878
HPGP_GLOBAL_vs_CHINA_NINGXIA_2022,674,0.4784315329061125,0.8993477234881878
HPGP_GLOBAL_vs_CHINA_NINGXIA_2022,675,0.4420884966500369,0.8993477234881878
HPGP_GLOBAL_vs_CHINA_NINGXIA_2022,676,0.5643478686200738,0.8993477234881878
HPGP_GLOBAL_vs_CHINA_NINGXIA_2022,677,0.4936467168514964,0.8993477234881878
HPGP_GLOBAL_vs_CHINA_NINGXIA_2022,678,0.5697375744994002,0.8993477234881878
HPGP_GLOBAL_vs_CHINA_NINGXIA_2022,679,0.5412460354024139,0.8993477234881878
HPGP_GLOBAL_vs_CHINA_NINGXIA_2022,680,0.4808918774840317,0.8993477234881878
HPGP_GLOBAL_vs_CHINA_NINGXIA_2022,681,0.4771654764848184,0.8993477234881878
HPGP_GLOBAL_vs_CHINA_NINGXIA_2022,682,0.480640218466819,0.8993477234881878
HPGP_GLOBAL_vs_CHINA_NINGXIA_2022,683,0.5570866593195916,0.8993477234881878
HPGP_GLOBAL_vs_CHINA_NINGXIA_2022,684,0.5182779668488557,0.8993477234881878
HPGP_GLOBAL_vs_CHINA_NINGXIA_2022,685,0.4146344056018695,0.8993477234881878
HPGP_GLOBAL_vs_CHINA_NINGXIA_2022,686,0.500350507804606,0.8993477234881878
HPGP_GLOBAL_vs_CHINA_NINGXIA_2022,687,0.5687012357907173,0.8993477234881878
HPGP_GLOBAL_vs_CHINA_NINGXIA_2022,688,0.4862797593500606,0.8993477234881878
HPGP_GLOBAL_vs_CHINA_NINGXIA_2022,689,0.5115262856880691,0.8993477234881878
HPGP_GLOBAL_vs_CHINA_NINGXIA_2022,690,0.5320465069445877,0.8993477234881878
HPGP_GLOBAL_vs_CHINA_NINGXIA_2022,691,0.4522734576757532,0.8993477234881878
HPGP_GLOBAL_vs_CHINA_NINGXIA_2022,692,0.4482086720360687,0.8993477234881878
HPGP_GLOBAL_vs_CHINA_NINGXIA_2022,693,0.4863955072453773,0.8993477234881878
HPGP_GLOBAL_vs_CHINA_NINGXIA_2022,694,0.5218501677122367,0.8993477234881878
HPGP_GLOBAL_vs_CHINA_NINGXIA_2022,695,0.4750566322275792,0.8993477234881878
HPGP_GLOBAL_vs_CHINA_NINGXIA_2022,696,0.4922315761603427,0.8993477234881878
HPGP_GLOBAL_vs_CHINA_NINGXIA_2022,697,0.4296175316314697,0.8993477234881878
HPGP_GLOBAL_vs_CHINA_NINGXIA_2022,698,0.6064709861248341,0.8993477234881878
HPGP_GLOBAL_vs_CHINA_NINGXIA_2022,699,0.4862156498742377,0.8993477234881878
HPGP_GLOBAL_vs_CHINA_NINGXIA_2022,700,0.5243672932604267,0.8993477234881878
HPGP_GLOBAL_vs_CHINA_NINGXIA_2022,701,0.485447597252871,0.8993477234881878
HPGP_GLOBAL_vs_CHINA_NINGXIA_2022,702,0.4800642417627431,0.8993477234881878
HPGP_GLOBAL_vs_CHINA_NINGXIA_2022,703,0.4109877167047709,0.8993477234881878
HPGP_GLOBAL_vs_CHINA_NINGXIA_2022,704,0.4880974164035822,0.8993477234881878
HPGP_GLOBAL_vs_CHINA_NINGXIA_2022,705,0.5755620024759373,0.8993477234881878
HPGP_GLOBAL_vs_CHINA_NINGXIA_2022,706,0.5781740222813678,0.8993477234881878
HPGP_GLOBAL_vs_CHINA_NINGXIA_2022,707,0.4866412611873399,0.8993477234881878
HPGP_GLOBAL_vs_CHINA_NINGXIA_2022,708,0.5665919654736425,0.8993477234881878
HPGP_GLOBAL_vs_CHINA_NINGXIA_2022,709,0.4429400494647854,0.8993477234881878
HPGP_GLOBAL_vs_CHINA_NINGXIA_2022,710,0.6105868084532515,0.8993477234881878
HPGP_GLOBAL_vs_CHINA_NINGXIA_2022,711,0.4545774048485185,0.8993477234881878
HPGP_GLOBAL_vs_CHINA_NINGXIA_2022,712,0.490229830610532,0.8993477234881878
HPGP_GLOBAL_vs_CHINA_NINGXIA_2022,713,0.550446097549232,0.8993477234881878
HPGP_GLOBAL_vs_CHINA_NINGXIA_2022,714,0.5579449210252039,0.8993477234881878
HPGP_GLOBAL_vs_CHINA_NINGXIA_2022,715,0.5187170553024212,0.8993477234881878
HPGP_GLOBAL_vs_CHINA_NINGXIA_2022,716,0.5327806628367323,0.8993477234881878
HPGP_GLOBAL_vs_CHINA_NINGXIA_2022,717,0.4313992499615185,0.8993477234881878
HPGP_GLOBAL_vs_CHINA_NINGXIA_2022,718,0.4360591438145618,0.8993477234881878
HPGP_GLOBAL_vs_CHINA_NINGXIA_2022,719,0.5238293283510608,0.8993477234881878
HPGP_GLOBAL_vs_CHINA_NINGXIA_2022,720,0.5130828341567449,0.8993477234881878
HPGP_GLOBAL_vs_CHINA_NINGXIA_2022,721,0.4997067298502019,0.8993477234881878
HPGP_GLOBAL_vs_CHINA_NINGXIA_2022,722,0.5875912359245692,0.8993477234881878
HPGP_GLOBAL_vs_CHINA_NINGXIA_2022,723,0.5013313845243792,0.8993477234881878
HPGP_GLOBAL_vs_CHINA_NINGXIA_2022,724,0.518421896606744,0.8993477234881878
HPGP_GLOBAL_vs_CHINA_NINGXIA_2022,725,0.5218583781234385,0.8993477234881878
HPGP_GLOBAL_vs_CHINA_NINGXIA_2022,726,0.4878455284552846,0.8993477234881878
HPGP_GLOBAL_vs_CHINA_NINGXIA_2022,727,0.3694806613678633,0.8993477234881878
HPGP_GLOBAL_vs_CHINA_NINGXIA_2022,728,0.4489771232949902,0.8993477234881878
HPGP_GLOBAL_vs_CHINA_NINGXIA_2022,729,0.5192267336725682,0.8993477234881878
HPGP_GLOBAL_vs_CHINA_NINGXIA_2022,730,0.5152749625307561,0.8993477234881878
HPGP_GLOBAL_vs_CHINA_NINGXIA_2022,731,0.4906666012494685,0.8993477234881878
HPGP_GLOBAL_vs_CHINA_NINGXIA_2022,732,0.4861076929838342,0.8993477234881878
HPGP_GLOBAL_vs_CHINA_NINGXIA_2022,733,0.5938612730701817,0.8993477234881878
HPGP_GLOBAL_vs_CHINA_NINGXIA_2022,734,0.3880756179895347,0.8993477234881878
HPGP_GLOBAL_vs_CHINA_NINGXIA_2022,735,0.5378687486621576,0.8993477234881878
HPGP_GLOBAL_vs_CHINA_NINGXIA_2022,736,0.5062196347085905,0.8993477234881878
HPGP_GLOBAL_vs_CHINA_NINGXIA_2022,737,0.5625945994597358,0.8993477234881878
HPGP_GLOBAL_vs_CHINA_NINGXIA_2022,738,0.3771241654294521,0.8993477234881878
HPGP_GLOBAL_vs_CHINA_NINGXIA_2022,739,0.5104978225766674,0.8993477234881878
HPGP_GLOBAL_vs_CHINA_NINGXIA_2022,740,0.4700228301729975,0.8993477234881878
HPGP_GLOBAL_vs_CHINA_NINGXIA_2022,741,0.5801987092756051,0.8993477234881878
HPGP_GLOBAL_vs_CHINA_NINGXIA_2022,742,0.4454128053165543,0.8993477234881878
HPGP_GLOBAL_vs_CHINA_NINGXIA_2022,743,0.5675808051823834,0.8993477234881878
HPGP_GLOBAL_vs_CHINA_NINGXIA_2022,744,0.5227956719273075,0.8993477234881878
HPGP_GLOBAL_vs_CHINA_NINGXIA_2022,745,0.5516917271939368,0.8993477234881878
HPGP_GLOBAL_vs_CHINA_NINGXIA_2022,746,0.5673430083972253,0.8993477234881878
HPGP_GLOBAL_vs_CHINA_NINGXIA_2022,747,0.5634253025178375,0.8993477234881878
HPGP_GLOBAL_vs_CHINA_NINGXIA_2022,748,0.6236744358073866,0.8993477234881878
HPGP_GLOBAL_vs_CHINA_NINGXIA_2022,749,0.454538611092144,0.8993477234881878
HPGP_GLOBAL_vs_CHINA_NINGXIA_2022,750,0.5083756752037686,0.8993477234881878
HPGP_GLOBAL_vs_CHINA_NINGXIA_2022,751,0.5518129592842236,0.8993477234881878
HPGP_GLOBAL_vs_CHINA_NINGXIA_2022,752,0.405306615372255,0.8993477234881878
HPGP_GLOBAL_vs_CHINA_NINGXIA_2022,753,0.4106693321667102,0.8993477234881878
HPGP_GLOBAL_vs_CHINA_NINGXIA_2022,754,0.4652529232108381,0.8993477234881878
HPGP_GLOBAL_vs_CHINA_NINGXIA_2022,755,0.5408902431728442,0.8993477234881878
HPGP_GLOBAL_vs_CHINA_NINGXIA_2022,756,0.5364781584367244,0.8993477234881878
HPGP_GLOBAL_vs_CHINA_NINGXIA_2022,757,0.4840821565595694,0.8993477234881878
HPGP_GLOBAL_vs_CHINA_NINGXIA_2022,758,0.4384594387884648,0.8993477234881878
HPGP_GLOBAL_vs_CHINA_NINGXIA_2022,759,0.4083234759149782,0.8993477234881878
HPGP_GLOBAL_vs_CHINA_NINGXIA_2022,760,0.4866323010984216,0.8993477234881878
HPGP_GLOBAL_vs_CHINA_NINGXIA_2022,761,0.4131183325787323,0.8993477234881878
HPGP_GLOBAL_vs_CHINA_NINGXIA_2022,762,0.5082504152102859,0.8993477234881878
HPGP_GLOBAL_vs_CHINA_NINGXIA_2022,763,0.4255916950591463,0.8993477234881878
HPGP_GLOBAL_vs_CHINA_NINGXIA_2022,764,0.4400150570833301,0.8993477234881878
HPGP_GLOBAL_vs_CHINA_NINGXIA_2022,765,0.5338816324448757,0.8993477234881878
HPGP_GLOBAL_vs_CHINA_NINGXIA_2022,766,0.4952298781420065,0.8993477234881878
HPGP_GLOBAL_vs_CHINA_NINGXIA_2022,767,0.4379610128826995,0.8993477234881878
HPGP_GLOBAL_vs_CHINA_NINGXIA_2022,768,0.419157543076803,0.8993477234881878
HPGP_GLOBAL_vs_CHINA_NINGXIA_2022,769,0.580672340495161,0.8993477234881878
HPGP_GLOBAL_vs_CHINA_NINGXIA_2022,770,0.4775924221459302,0.8993477234881878
HPGP_GLOBAL_vs_CHINA_NINGXIA_2022,771,0.4895943850757714,0.8993477234881878
HPGP_GLOBAL_vs_CHINA_NINGXIA_2022,772,0.5292215946902701,0.8993477234881878
HPGP_GLOBAL_vs_CHINA_NINGXIA_2022,773,0.4706144866935097,0.8993477234881878
HPGP_GLOBAL_vs_CHINA_NINGXIA_2022,774,0.5053951655709188,0.8993477234881878
HPGP_GLOBAL_vs_CHINA_NINGXIA_2022,775,0.6145842087559744,0.8993477234881878
HPGP_GLOBAL_vs_CHINA_NINGXIA_2022,776,0.5019548747769149,0.8993477234881878
HPGP_GLOBAL_vs_CHINA_NINGXIA_2022,777,0.4133317348418258,0.8993477234881878
HPGP_GLOBAL_vs_CHINA_NINGXIA_2022,778,0.5515749943717001,0.8993477234881878
HPGP_GLOBAL_vs_CHINA_NINGXIA_2022,779,0.5562417423764975,0.8993477234881878
HPGP_GLOBAL_vs_CHINA_NINGXIA_2022,780,0.4785917030249064,0.8993477234881878
HPGP_GLOBAL_vs_CHINA_NINGXIA_2022,781,0.5442762829761921,0.8993477234881878
HPGP_GLOBAL_vs_CHINA_NINGXIA_2022,782,0.4306941873713839,0.8993477234881878
HPGP_GLOBAL_vs_CHINA_NINGXIA_2022,783,0.5328976632724839,0.8993477234881878
HPGP_GLOBAL_vs_CHINA_NINGXIA_2022,784,0.5300310288221445,0.8993477234881878
HPGP_GLOBAL_vs_CHINA_NINGXIA_2022,785,0.5298364315672572,0.8993477234881878
HPGP_GLOBAL_vs_CHINA_NINGXIA_2022,786,0.389301159678443,0.8993477234881878
HPGP_GLOBAL_vs_CHINA_NINGXIA_2022,787,0.5021651683644625,0.8993477234881878
HPGP_GLOBAL_vs_CHINA_NINGXIA_2022,788,0.4415343040107233,0.8993477234881878
HPGP_GLOBAL_vs_CHINA_NINGXIA_2022,789,0.5963455415625434,0.8993477234881878
HPGP_GLOBAL_vs_CHINA_NINGXIA_2022,790,0.5206988670244483,0.8993477234881878
HPGP_GLOBAL_vs_CHINA_NINGXIA_2022,791,0.5534187030102845,0.8993477234881878
HPGP_GLOBAL_vs_CHINA_NINGXIA_2022,792,0.519818931068931,0.8993477234881878
HPGP_GLOBAL_vs_CHINA_NINGXIA_2022,793,0.4726379931584206,0.8993477234881878
HPGP_GLOBAL_vs_CHINA_NINGXIA_2022,794,0.5015918772238963,0.8993477234881878
HPGP_GLOBAL_vs_CHINA_NINGXIA_2022,795,0.4782372493156807,0.8993477234881878
HPGP_GLOBAL_vs_CHINA_NINGXIA_2022,796,0.4596674455027414,0.8993477234881878
HPGP_GLOBAL_vs_CHINA_NINGXIA_2022,797,0.4322463105999691,0.8993477234881878
HPGP_GLOBAL_vs_CHINA_NINGXIA_2022,798,0.4789541990157585,0.8993477234881878
HPGP_GLOBAL_vs_CHINA_NINGXIA_2022,799,0.4690623240180772,0.8993477234881878
HPGP_GLOBAL_vs_CHINA_NINGXIA_2022,800,0.4419965161941359,0.8993477234881878
HPGP_GLOBAL_vs_CHINA_NINGXIA_2022,801,0.5521724372306094,0.8993477234881878
HPGP_GLOBAL_vs_CHINA_NINGXIA_2022,802,0.5215009877077559,0.8993477234881878
HPGP_GLOBAL_vs_CHINA_NINGXIA_2022,803,0.4640616181454585,0.8993477234881878
HPGP_GLOBAL_vs_CHINA_NINGXIA_2022,804,0.5197010578601649,0.8993477234881878
HPGP_GLOBAL_vs_CHINA_NINGXIA_2022,805,0.4065088285423291,0.8993477234881878
HPGP_GLOBAL_vs_CHINA_NINGXIA_2022,806,0.5129903067368866,0.8993477234881878
HPGP_GLOBAL_vs_CHINA_NINGXIA_2022,807,0.5772924463371618,0.8993477234881878
HPGP_GLOBAL_vs_CHINA_NINGXIA_2022,808,0.5691537427979322,0.8993477234881878
HPGP_GLOBAL_vs_CHINA_NINGXIA_2022,809,0.5412353209751111,0.8993477234881878
HPGP_GLOBAL_vs_CHINA_NINGXIA_2022,810,0.4366201684504082,0.8993477234881878
HPGP_GLOBAL_vs_CHINA_NINGXIA_2022,811,0.4678268122590376,0.8993477234881878
HPGP_GLOBAL_vs_CHINA_NINGXIA_2022,812,0.6223948038163725,0.8993477234881878
HPGP_GLOBAL_vs_CHINA_NINGXIA_2022,813,0.3961990614492001,0.8993477234881878
HPGP_GLOBAL_vs_CHINA_NINGXIA_2022,814,0.5253838234241565,0.8993477234881878
HPGP_GLOBAL_vs_CHINA_NINGXIA_2022,815,0.4445863373508152,0.8993477234881878
HPGP_GLOBAL_vs_CHINA_NINGXIA_2022,816,0.5497352116173053,0.8993477234881878
HPGP_GLOBAL_vs_CHINA_NINGXIA_2022,817,0.4040322952195262,0.8993477234881878
HPGP_GLOBAL_vs_CHINA_NINGXIA_2022,818,0.4895944186658961,0.8993477234881878
HPGP_GLOBAL_vs_CHINA_NINGXIA_2022,819,0.4994144513469741,0.8993477234881878
HPGP_GLOBAL_vs_CHINA_NINGXIA_2022,820,0.5494773092996474,0.8993477234881878
HPGP_GLOBAL_vs_CHINA_NINGXIA_2022,821,0.3482513722182124,0.8993477234881878
HPGP_GLOBAL_vs_CHINA_NINGXIA_2022,822,0.5043048682397829,0.8993477234881878
HPGP_GLOBAL_vs_CHINA_NINGXIA_2022,823,0.5353721206393373,0.8993477234881878
HPGP_GLOBAL_vs_CHINA_NINGXIA_2022,824,0.5485756928301165,0.8993477234881878
HPGP_GLOBAL_vs_CHINA_NINGXIA_2022,825,0.3770227590047103,0.8993477234881878
HPGP_GLOBAL_vs_CHINA_NINGXIA_2022,826,0.5254915537983419,0.8993477234881878
HPGP_GLOBAL_vs_CHINA_NINGXIA_2022,827,0.4226008691964052,0.8993477234881878
HPGP_GLOBAL_vs_CHINA_NINGXIA_2022,828,0.5260933049466956,0.8993477234881878
HPGP_GLOBAL_vs_CHINA_NINGXIA_2022,829,0.575647545619197,0.8993477234881878
HPGP_GLOBAL_vs_CHINA_NINGXIA_2022,830,0.5253918951132573,0.8993477234881878
HPGP_GLOBAL_vs_CHINA_NINGXIA_2022,831,0.5124218649797796,0.8993477234881878
HPGP_GLOBAL_vs_CHINA_NINGXIA_2022,832,0.4889486960651932,0.8993477234881878
HPGP_GLOBAL_vs_CHINA_NINGXIA_2022,833,0.5252475026488153,0.8993477234881878
HPGP_GLOBAL_vs_CHINA_NINGXIA_2022,834,0.3649259019847255,0.8993477234881878
HPGP_GLOBAL_vs_CHINA_NINGXIA_2022,835,0.531284503841696,0.8993477234881878
HPGP_GLOBAL_vs_CHINA_NINGXIA_2022,836,0.5836108412809334,0.8993477234881878
HPGP_GLOBAL_vs_CHINA_NINGXIA_2022,837,0.5073786845881105,0.8993477234881878
HPGP_GLOBAL_vs_CHINA_NINGXIA_2022,838,0.4739713911020455,0.8993477234881878
HPGP_GLOBAL_vs_CHINA_NINGXIA_2022,839,0.4997193585820688,0.8993477234881878
HPGP_GLOBAL_vs_CHINA_NINGXIA_2022,840,0.5359841989642047,0.8993477234881878
HPGP_GLOBAL_vs_CHINA_NINGXIA_2022,841,0.3979307137077327,0.8993477234881878
HPGP_GLOBAL_vs_CHINA_NINGXIA_2022,842,0.4008689968331815,0.8993477234881878
HPGP_GLOBAL_vs_CHINA_NINGXIA_2022,843,0.4003520655796546,0.8993477234881878
HPGP_GLOBAL_vs_CHINA_NINGXIA_2022,844,0.4321545067471836,0.8993477234881878
HPGP_GLOBAL_vs_CHINA_NINGXIA_2022,845,0.5494362098303129,0.8993477234881878
HPGP_GLOBAL_vs_CHINA_NINGXIA_2022,846,0.5398968433527257,0.8993477234881878
HPGP_GLOBAL_vs_CHINA_NINGXIA_2022,847,0.4546550942372064,0.8993477234881878
HPGP_GLOBAL_vs_CHINA_NINGXIA_2022,848,0.478016415607879,0.8993477234881878
HPGP_GLOBAL_vs_CHINA_NINGXIA_2022,849,0.4448876014513098,0.8993477234881878
HPGP_GLOBAL_vs_CHINA_NINGXIA_2022,850,0.4866464699062738,0.8993477234881878
HPGP_GLOBAL_vs_CHINA_NINGXIA_2022,851,0.4687905736430222,0.8993477234881878
HPGP_GLOBAL_vs_CHINA_NINGXIA_2022,852,0.5643546689220471,0.8993477234881878
HPGP_GLOBAL_vs_CHINA_NINGXIA_2022,853,0.5148409618836448,0.8993477234881878
HPGP_GLOBAL_vs_CHINA_NINGXIA_2022,854,0.4732122197349681,0.8993477234881878
HPGP_GLOBAL_vs_CHINA_NINGXIA_2022,855,0.4425282523948234,0.8993477234881878
HPGP_GLOBAL_vs_CHINA_NINGXIA_2022,856,0.4660104074878356,0.8993477234881878
HPGP_GLOBAL_vs_CHINA_NINGXIA_2022,857,0.4450702465176149,0.8993477234881878
HPGP_GLOBAL_vs_CHINA_NINGXIA_2022,858,0.4354329270033196,0.8993477234881878
HPGP_GLOBAL_vs_CHINA_NINGXIA_2022,859,0.5744356598438748,0.8993477234881878
HPGP_GLOBAL_vs_CHINA_NINGXIA_2022,860,0.5454618868139766,0.8993477234881878
HPGP_GLOBAL_vs_CHINA_NINGXIA_2022,861,0.4730509241776234,0.8993477234881878
HPGP_GLOBAL_vs_CHINA_NINGXIA_2022,862,0.5000105517076247,0.8993477234881878
HPGP_GLOBAL_vs_CHINA_NINGXIA_2022,863,0.5329917882985027,0.8993477234881878
HPGP_GLOBAL_vs_CHINA_NINGXIA_2022,864,0.4282856737871701,0.8993477234881878
HPGP_GLOBAL_vs_CHINA_NINGXIA_2022,865,0.5549354125302842,0.8993477234881878
HPGP_GLOBAL_vs_CHINA_NINGXIA_2022,866,0.3795919834162215,0.8993477234881878
HPGP_GLOBAL_vs_CHINA_NINGXIA_2022,867,0.5760612461224666,0.8993477234881878
HPGP_GLOBAL_vs_CHINA_NINGXIA_2022,868,0.5357452813356505,0.8993477234881878
HPGP_GLOBAL_vs_CHINA_NINGXIA_2022,869,0.5905498263588737,0.8993477234881878
HPGP_GLOBAL_vs_CHINA_NINGXIA_2022,870,0.4954673183777837,0.8993477234881878
HPGP_GLOBAL_vs_CHINA_NINGXIA_2022,871,0.4730904759067643,0.8993477234881878
HPGP_GLOBAL_vs_CHINA_NINGXIA_2022,872,0.4820778992375702,0.8993477234881878
HPGP_GLOBAL_vs_CHINA_NINGXIA_2022,873,0.5370614158422541,0.8993477234881878
HPGP_GLOBAL_vs_CHINA_NINGXIA_2022,874,0.5924048586914441,0.8993477234881878
HPGP_GLOBAL_vs_CHINA_NINGXIA_2022,875,0.4987289562289562,0.8993477234881878
HPGP_GLOBAL_vs_CHINA_NINGXIA_2022,876,0.4741982504998964,0.8993477234881878
HPGP_GLOBAL_vs_CHINA_NINGXIA_2022,877,0.4402769954587771,0.8993477234881878
HPGP_GLOBAL_vs_CHINA_NINGXIA_2022,878,0.4195576119334568,0.8993477234881878
HPGP_GLOBAL_vs_CHINA_NINGXIA_2022,879,0.5135560228689686,0.8993477234881878
HPGP_GLOBAL_vs_CHINA_NINGXIA_2022,880,0.5855205955933002,0.8993477234881878
HPGP_GLOBAL_vs_CHINA_NINGXIA_2022,881,0.5455651135230479,0.8993477234881878
HPGP_GLOBAL_vs_CHINA_NINGXIA_2022,882,0.4522467280129503,0.8993477234881878
HPGP_GLOBAL_vs_CHINA_NINGXIA_2022,883,0.4944131819029785,0.8993477234881878
HPGP_GLOBAL_vs_CHINA_NINGXIA_2022,884,0.4023841693354473,0.8993477234881878
HPGP_GLOBAL_vs_CHINA_NINGXIA_2022,885,0.4587219619107381,0.8993477234881878
HPGP_GLOBAL_vs_CHINA_NINGXIA_2022,886,0.5589499110185384,0.8993477234881878
HPGP_GLOBAL_vs_CHINA_NINGXIA_2022,887,0.4668843810510477,0.8993477234881878
HPGP_GLOBAL_vs_CHINA_NINGXIA_2022,888,0.5816110537398199,0.8993477234881878
HPGP_GLOBAL_vs_CHINA_NINGXIA_2022,889,0.5750518688903485,0.8993477234881878
HPGP_GLOBAL_vs_CHINA_NINGXIA_2022,890,0.5720777503343102,0.8993477234881878
HPGP_GLOBAL_vs_CHINA_NINGXIA_2022,891,0.4496774077411333,0.8993477234881878
HPGP_GLOBAL_vs_CHINA_NINGXIA_2022,892,0.4653044609186825,0.8993477234881878
HPGP_GLOBAL_vs_CHINA_NINGXIA_2022,893,0.3837499716393279,0.8993477234881878
HPGP_GLOBAL_vs_CHINA_NINGXIA_2022,894,0.4731629318394024,0.8993477234881878
HPGP_GLOBAL_vs_CHINA_NINGXIA_2022,895,0.4134141038577389,0.8993477234881878
HPGP_GLOBAL_vs_CHINA_NINGXIA_2022,896,0.4610644011576495,0.8993477234881878
HPGP_GLOBAL_vs_CHINA_NINGXIA_2022,897,0.5542732092269779,0.8993477234881878
HPGP_GLOBAL_vs_CHINA_NINGXIA_2022,898,0.5779306056460639,0.8993477234881878
HPGP_GLOBAL_vs_CHINA_NINGXIA_2022,899,0.5535092113768585,0.8993477234881878
HPGP_GLOBAL_vs_CHINA_NINGXIA_2022,900,0.4696014018850766,0.8993477234881878
HPGP_GLOBAL_vs_CHINA_NINGXIA_2022,901,0.4926109569333984,0.8993477234881878
HPGP_GLOBAL_vs_CHINA_NINGXIA_2022,902,0.5775289114746514,0.8993477234881878
HPGP_GLOBAL_vs_CHINA_NINGXIA_2022,903,0.4701458967062441,0.8993477234881878
HPGP_GLOBAL_vs_CHINA_NINGXIA_2022,904,0.4895977926226971,0.8993477234881878
HPGP_GLOBAL_vs_CHINA_NINGXIA_2022,905,0.5897924376440276,0.8993477234881878
HPGP_GLOBAL_vs_CHINA_NINGXIA_2022,906,0.4300990882305376,0.8993477234881878
HPGP_GLOBAL_vs_CHINA_NINGXIA_2022,907,0.5790468589343613,0.8993477234881878
HPGP_GLOBAL_vs_CHINA_NINGXIA_2022,908,0.4481191674596859,0.8993477234881878
HPGP_GLOBAL_vs_CHINA_NINGXIA_2022,909,0.4544462845851139,0.8993477234881878
HPGP_GLOBAL_vs_CHINA_NINGXIA_2022,910,0.4969752567693744,0.8993477234881878
HPGP_GLOBAL_vs_CHINA_NINGXIA_2022,911,0.4276550452334131,0.8993477234881878
HPGP_GLOBAL_vs_CHINA_NINGXIA_2022,912,0.4681292422043662,0.8993477234881878
HPGP_GLOBAL_vs_CHINA_NINGXIA_2022,913,0.4916984574663566,0.8993477234881878
HPGP_GLOBAL_vs_CHINA_NINGXIA_2022,914,0.5447039380372714,0.8993477234881878
HPGP_GLOBAL_vs_CHINA_NINGXIA_2022,915,0.476426767343711,0.8993477234881878
HPGP_GLOBAL_vs_CHINA_NINGXIA_2022,916,0.5322774833956498,0.8993477234881878
HPGP_GLOBAL_vs_CHINA_NINGXIA_2022,917,0.5087698153889917,0.8993477234881878
HPGP_GLOBAL_vs_CHINA_NINGXIA_2022,918,0.5169888495837698,0.8993477234881878
HPGP_GLOBAL_vs_CHINA_NINGXIA_2022,919,0.5567758080750774,0.8993477234881878
HPGP_GLOBAL_vs_CHINA_NINGXIA_2022,920,0.5014572804129765,0.8993477234881878
HPGP_GLOBAL_vs_CHINA_NINGXIA_2022,921,0.5600316455696203,0.8993477234881878
HPGP_GLOBAL_vs_CHINA_NINGXIA_2022,922,0.6002888230212393,0.8993477234881878
HPGP_GLOBAL_vs_CHINA_NINGXIA_2022,923,0.5189852638140919,0.8993477234881878
HPGP_GLOBAL_vs_CHINA_NINGXIA_2022,924,0.4896513152052987,0.8993477234881878
HPGP_GLOBAL_vs_CHINA_NINGXIA_2022,925,0.5628549236264376,0.8993477234881878
HPGP_GLOBAL_vs_CHINA_NINGXIA_2022,926,0.3838776233692569,0.8993477234881878
HPGP_GLOBAL_vs_CHINA_NINGXIA_2022,927,0.4474205208652755,0.8993477234881878
HPGP_GLOBAL_vs_CHINA_NINGXIA_2022,928,0.5333364440888512,0.8993477234881878
HPGP_GLOBAL_vs_CHINA_NINGXIA_2022,929,0.5565341507388423,0.8993477234881878
HPGP_GLOBAL_vs_CHINA_NINGXIA_2022,930,0.448066989889168,0.8993477234881878
HPGP_GLOBAL_vs_CHINA_NINGXIA_2022,931,0.4833097111719781,0.8993477234881878
HPGP_GLOBAL_vs_CHINA_NINGXIA_2022,932,0.4623701755885664,0.8993477234881878
HPGP_GLOBAL_vs_CHINA_NINGXIA_2022,933,0.4429582992865905,0.8993477234881878
HPGP_GLOBAL_vs_CHINA_NINGXIA_2022,934,0.5610202975359959,0.8993477234881878
HPGP_GLOBAL_vs_CHINA_NINGXIA_2022,935,0.5028699968417444,0.8993477234881878
HPGP_GLOBAL_vs_CHINA_NINGXIA_2022,936,0.45053176016219,0.8993477234881878
HPGP_GLOBAL_vs_CHINA_NINGXIA_2022,937,0.4217334661769676,0.8993477234881878
HPGP_GLOBAL_vs_CHINA_NINGXIA_2022,938,0.5070429264750164,0.8993477234881878
HPGP_GLOBAL_vs_CHINA_NINGXIA_2022,939,0.5586329034640413,0.8993477234881878
HPGP_GLOBAL_vs_CHINA_NINGXIA_2022,940,0.5424723845970534,0.8993477234881878
HPGP_GLOBAL_vs_CHINA_NINGXIA_2022,941,0.5121796809367317,0.8993477234881878
HPGP_GLOBAL_vs_CHINA_NINGXIA_2022,942,0.5336759990191362,0.8993477234881878
HPGP_GLOBAL_vs_CHINA_NINGXIA_2022,943,0.523952948359736,0.8993477234881878
HPGP_GLOBAL_vs_CHINA_NINGXIA_2022,944,0.5302703111240141,0.8993477234881878
HPGP_GLOBAL_vs_CHINA_NINGXIA_2022,945,0.5261126428254409,0.8993477234881878
HPGP_GLOBAL_vs_CHINA_NINGXIA_2022,946,0.5450553826658244,0.8993477234881878
HPGP_GLOBAL_vs_CHINA_NINGXIA_2022,947,0.5386633093184254,0.8993477234881878
HPGP_GLOBAL_vs_CHINA_NINGXIA_2022,948,0.4379551644036286,0.8993477234881878
HPGP_GLOBAL_vs_CHINA_NINGXIA_2022,949,0.5278582707262889,0.8993477234881878
HPGP_GLOBAL_vs_CHINA_NINGXIA_2022,950,0.476894757233854,0.8993477234881878
HPGP_GLOBAL_vs_CHINA_NINGXIA_2022,951,0.5411648569807956,0.8993477234881878
HPGP_GLOBAL_vs_CHINA_NINGXIA_2022,952,0.4847456608247039,0.8993477234881878
HPGP_GLOBAL_vs_CHINA_NINGXIA_2022,953,0.4076240429576335,0.8993477234881878
HPGP_GLOBAL_vs_CHINA_NINGXIA_2022,954,0.5884017579957437,0.8993477234881878
HPGP_GLOBAL_vs_CHINA_NINGXIA_2022,955,0.5539094308880359,0.8993477234881878
HPGP_GLOBAL_vs_CHINA_NINGXIA_2022,956,0.4656627368246877,0.8993477234881878
HPGP_GLOBAL_vs_CHINA_NINGXIA_2022,957,0.5395088721854691,0.8993477234881878
HPGP_GLOBAL_vs_CHINA_NINGXIA_2022,958,0.4983326624146926,0.8993477234881878
HPGP_GLOBAL_vs_CHINA_NINGXIA_2022,959,0.41066663082616,0.8993477234881878
HPGP_GLOBAL_vs_CHINA_NINGXIA_2022,960,0.6018306693306693,0.8993477234881878
HPGP_GLOBAL_vs_CHINA_NINGXIA_2022,961,0.496944020132029,0.8993477234881878
HPGP_GLOBAL_vs_CHINA_NINGXIA_2022,962,0.4185259732767122,0.8993477234881878
HPGP_GLOBAL_vs_CHINA_NINGXIA_2022,963,0.5151168279542653,0.8993477234881878
HPGP_GLOBAL_vs_CHINA_NINGXIA_2022,964,0.5394614661331529,0.8993477234881878
HPGP_GLOBAL_vs_CHINA_NINGXIA_2022,965,0.4758107220341226,0.8993477234881878
HPGP_GLOBAL_vs_CHINA_NINGXIA_2022,966,0.5642925303260072,0.8993477234881878
HPGP_GLOBAL_vs_CHINA_NINGXIA_2022,967,0.5916882733752279,0.8993477234881878
HPGP_GLOBAL_vs_CHINA_NINGXIA_2022,968,0.4419694223427089,0.8993477234881878
HPGP_GLOBAL_vs_CHINA_NINGXIA_2022,969,0.5044615653065934,0.8993477234881878
HPGP_GLOBAL_vs_CHINA_NINGXIA_2022,970,0.4852239745017208,0.8993477234881878
HPGP_GLOBAL_vs_CHINA_NINGXIA_2022,971,0.5118704857841387,0.8993477234881878
HPGP_GLOBAL_vs_CHINA_NINGXIA_2022,972,0.4250448852309986,0.8993477234881878
HPGP_GLOBAL_vs_CHINA_NINGXIA_2022,973,0.5952868905020573,0.8993477234881878
HPGP_GLOBAL_vs_CHINA_NINGXIA_2022,974,0.4538983475873719,0.8993477234881878
HPGP_GLOBAL_vs_CHINA_NINGXIA_2022,975,0.4924758595421291,0.8993477234881878
HPGP_GLOBAL_vs_CHINA_NINGXIA_2022,976,0.4253658356483599,0.8993477234881878
HPGP_GLOBAL_vs_CHINA_NINGXIA_2022,977,0.5414137334312142,0.8993477234881878
HPGP_GLOBAL_vs_CHINA_NINGXIA_2022,978,0.4597688486661822,0.8993477234881878
HPGP_GLOBAL_vs_CHINA_NINGXIA_2022,979,0.4370647654786846,0.8993477234881878
HPGP_GLOBAL_vs_CHINA_NINGXIA_2022,980,0.514588925777917,0.8993477234881878
HPGP_GLOBAL_vs_CHINA_NINGXIA_2022,981,0.4995227638907488,0.8993477234881878
HPGP_GLOBAL_vs_CHINA_NINGXIA_2022,982,0.5321206925274206,0.8993477234881878
HPGP_GLOBAL_vs_CHINA_NINGXIA_2022,983,0.4578436400201106,0.8993477234881878
HPGP_GLOBAL_vs_CHINA_NINGXIA_2022,984,0.555693949384299,0.8993477234881878
HPGP_GLOBAL_vs_CHINA_NINGXIA_2022,985,0.5284575971489252,0.8993477234881878
HPGP_GLOBAL_vs_CHINA_NINGXIA_2022,986,0.5068735436801698,0.8993477234881878
HPGP_GLOBAL_vs_CHINA_NINGXIA_2022,987,0.4090529737014672,0.8993477234881878
HPGP_GLOBAL_vs_CHINA_NINGXIA_2022,988,0.4704232984841135,0.8993477234881878
HPGP_GLOBAL_vs_CHINA_NINGXIA_2022,989,0.5073647978541254,0.8993477234881878
HPGP_GLOBAL_vs_CHINA_NINGXIA_2022,990,0.4599000828599106,0.8993477234881878
HPGP_GLOBAL_vs_CHINA_NINGXIA_2022,991,0.5275126140509413,0.8993477234881878
HPGP_GLOBAL_vs_CHINA_NINGXIA_2022,992,0.3998218547289315,0.8993477234881878
HPGP_GLOBAL_vs_CHINA_NINGXIA_2022,993,0.4664705308578146,0.8993477234881878
HPGP_GLOBAL_vs_CHINA_NINGXIA_2022,994,0.5648778001228981,0.8993477234881878
HPGP_GLOBAL_vs_CHINA_NINGXIA_2022,995,0.5289001144224268,0.8993477234881878
HPGP_GLOBAL_vs_CHINA_NINGXIA_2022,996,0.542568049213118,0.8993477234881878
HPGP_GLOBAL_vs_CHINA_NINGXIA_2022,997,0.4748351114620151,0.8993477234881878
HPGP_GLOBAL_vs_CHINA_NINGXIA_2022,998,0.3593313586578756,0.8993477234881878
HPGP_GLOBAL_vs_CHINA_NINGXIA_2022,999,0.5096935348333206,0.8993477234881878
HPGP_GLOBAL_vs_ZENODO_10369064,0,0.4809861365572976,0.9170872106311424
HPGP_GLOBAL_vs_ZENODO_10369064,1,0.5624783379579392,0.9170872106311424
HPGP_GLOBAL_vs_ZENODO_10369064,2,0.5659037735968125,0.9170872106311424
HPGP_GLOBAL_vs_ZENODO_10369064,3,0.4529703250635439,0.9170872106311424
HPGP_GLOBAL_vs_ZENODO_10369064,4,0.502950315815424,0.9170872106311424
HPGP_GLOBAL_vs_ZENODO_10369064,5,0.5983170666137796,0.9170872106311424
HPGP_GLOBAL_vs_ZENODO_10369064,6,0.5501406926406927,0.9170872106311424
HPGP_GLOBAL_vs_ZENODO_10369064,7,0.4816244607262172,0.9170872106311424
HPGP_GLOBAL_vs_ZENODO_10369064,8,0.4315797705853916,0.9170872106311424
HPGP_GLOBAL_vs_ZENODO_10369064,9,0.5068944206038759,0.9170872106311424
HPGP_GLOBAL_vs_ZENODO_10369064,10,0.5194708821421554,0.9170872106311424
HPGP_GLOBAL_vs_ZENODO_10369064,11,0.4168345385710362,0.9170872106311424
HPGP_GLOBAL_vs_ZENODO_10369064,12,0.4005268445036339,0.9170872106311424
HPGP_GLOBAL_vs_ZENODO_10369064,13,0.4980538276777227,0.9170872106311424
HPGP_GLOBAL_vs_ZENODO_10369064,14,0.4755461225126069,0.9170872106311424
HPGP_GLOBAL_vs_ZENODO_10369064,15,0.5340073040688738,0.9170872106311424
HPGP_GLOBAL_vs_ZENODO_10369064,16,0.5305527073308666,0.9170872106311424
HPGP_GLOBAL_vs_ZENODO_10369064,17,0.4425378445371576,0.9170872106311424
HPGP_GLOBAL_vs_ZENODO_10369064,18,0.4730326439802189,0.9170872106311424
HPGP_GLOBAL_vs_ZENODO_10369064,19,0.4222182220122762,0.9170872106311424
HPGP_GLOBAL_vs_ZENODO_10369064,20,0.4207866731491235,0.9170872106311424
HPGP_GLOBAL_vs_ZENODO_10369064,21,0.500722739941165,0.9170872106311424
HPGP_GLOBAL_vs_ZENODO_10369064,22,0.524739203528183,0.9170872106311424
HPGP_GLOBAL_vs_ZENODO_10369064,23,0.4770185621003427,0.9170872106311424
HPGP_GLOBAL_vs_ZENODO_10369064,24,0.4405498777786781,0.9170872106311424
HPGP_GLOBAL_vs_ZENODO_10369064,25,0.459030169138649,0.9170872106311424
HPGP_GLOBAL_vs_ZENODO_10369064,26,0.4250023596920005,0.9170872106311424
HPGP_GLOBAL_vs_ZENODO_10369064,27,0.4321262255730803,0.9170872106311424
HPGP_GLOBAL_vs_ZENODO_10369064,28,0.5406548210278483,0.9170872106311424
HPGP_GLOBAL_vs_ZENODO_10369064,29,0.4215800804779815,0.9170872106311424
HPGP_GLOBAL_vs_ZENODO_10369064,30,0.4673913317672284,0.9170872106311424
HPGP_GLOBAL_vs_ZENODO_10369064,31,0.5984145467473903,0.9170872106311424
HPGP_GLOBAL_vs_ZENODO_10369064,32,0.4914901398337711,0.9170872106311424
HPGP_GLOBAL_vs_ZENODO_10369064,33,0.5252753403923048,0.9170872106311424
HPGP_GLOBAL_vs_ZENODO_10369064,34,0.4965839140534263,0.9170872106311424
HPGP_GLOBAL_vs_ZENODO_10369064,35,0.4960313290815532,0.9170872106311424
HPGP_GLOBAL_vs_ZENODO_10369064,36,0.5273543580403336,0.9170872106311424
HPGP_GLOBAL_vs_ZENODO_10369064,37,0.4299274997015312,0.9170872106311424
HPGP_GLOBAL_vs_ZENODO_10369064,38,0.504479357050138,0.9170872106311424
HPGP_GLOBAL_vs_ZENODO_10369064,39,0.4916842421546483,0.9170872106311424
HPGP_GLOBAL_vs_ZENODO_10369064,40,0.4458959001614163,0.9170872106311424
HPGP_GLOBAL_vs_ZENODO_10369064,41,0.4143688252480768,0.9170872106311424
HPGP_GLOBAL_vs_ZENODO_10369064,42,0.5533298319327731,0.9170872106311424
HPGP_GLOBAL_vs_ZENODO_10369064,43,0.4141760642494348,0.9170872106311424
HPGP_GLOBAL_vs_ZENODO_10369064,44,0.5133536585365854,0.9170872106311424
HPGP_GLOBAL_vs_ZENODO_10369064,45,0.3622097908840852,0.9170872106311424
HPGP_GLOBAL_vs_ZENODO_10369064,46,0.4156136741165811,0.9170872106311424
HPGP_GLOBAL_vs_ZENODO_10369064,47,0.5169673954549785,0.9170872106311424
HPGP_GLOBAL_vs_ZENODO_10369064,48,0.4486456395767019,0.9170872106311424
HPGP_GLOBAL_vs_ZENODO_10369064,49,0.5637094239768351,0.9170872106311424
HPGP_GLOBAL_vs_ZENODO_10369064,50,0.4431224141630401,0.9170872106311424
HPGP_GLOBAL_vs_ZENODO_10369064,51,0.5620192651317149,0.9170872106311424
HPGP_GLOBAL_vs_ZENODO_10369064,52,0.4200477716541974,0.9170872106311424
HPGP_GLOBAL_vs_ZENODO_10369064,53,0.494992128454772,0.9170872106311424
HPGP_GLOBAL_vs_ZENODO_10369064,54,0.4541770430427521,0.9170872106311424
HPGP_GLOBAL_vs_ZENODO_10369064,55,0.4738822319909245,0.9170872106311424
HPGP_GLOBAL_vs_ZENODO_10369064,56,0.4744127258283884,0.9170872106311424
HPGP_GLOBAL_vs_ZENODO_10369064,57,0.5295988250330008,0.9170872106311424
HPGP_GLOBAL_vs_ZENODO_10369064,58,0.4745371746259479,0.9170872106311424
HPGP_GLOBAL_vs_ZENODO_10369064,59,0.4948229119905694,0.9170872106311424
HPGP_GLOBAL_vs_ZENODO_10369064,60,0.4675138059925704,0.9170872106311424
HPGP_GLOBAL_vs_ZENODO_10369064,61,0.4761732298983167,0.9170872106311424
HPGP_GLOBAL_vs_ZENODO_10369064,62,0.5553091458540615,0.9170872106311424
HPGP_GLOBAL_vs_ZENODO_10369064,63,0.5804634189077846,0.9170872106311424
HPGP_GLOBAL_vs_ZENODO_10369064,64,0.5568631672136795,0.9170872106311424
HPGP_GLOBAL_vs_ZENODO_10369064,65,0.5484860208962675,0.9170872106311424
HPGP_GLOBAL_vs_ZENODO_10369064,66,0.33628321371916,0.9170872106311424
HPGP_GLOBAL_vs_ZENODO_10369064,67,0.5672569822037948,0.9170872106311424
HPGP_GLOBAL_vs_ZENODO_10369064,68,0.4925452942119609,0.9170872106311424
HPGP_GLOBAL_vs_ZENODO_10369064,69,0.3778297524155299,0.9170872106311424
HPGP_GLOBAL_vs_ZENODO_10369064,70,0.4325696905285563,0.9170872106311424
HPGP_GLOBAL_vs_ZENODO_10369064,71,0.3383242901921274,0.9170872106311424
HPGP_GLOBAL_vs_ZENODO_10369064,72,0.4896595525057406,0.9170872106311424
HPGP_GLOBAL_vs_ZENODO_10369064,73,0.380105288114765,0.9170872106311424
HPGP_GLOBAL_vs_ZENODO_10369064,74,0.4430589430894309,0.9170872106311424
HPGP_GLOBAL_vs_ZENODO_10369064,75,0.5921242761953857,0.9170872106311424
HPGP_GLOBAL_vs_ZENODO_10369064,76,0.5064586840912706,0.9170872106311424
HPGP_GLOBAL_vs_ZENODO_10369064,77,0.4865692959636568,0.9170872106311424
HPGP_GLOBAL_vs_ZENODO_10369064,78,0.4136938621457152,0.9170872106311424
HPGP_GLOBAL_vs_ZENODO_10369064,79,0.4498623984593178,0.9170872106311424
HPGP_GLOBAL_vs_ZENODO_10369064,80,0.5261118232391298,0.9170872106311424
HPGP_GLOBAL_vs_ZENODO_10369064,81,0.4796661035050192,0.9170872106311424
HPGP_GLOBAL_vs_ZENODO_10369064,82,0.5734020605039256,0.9170872106311424
HPGP_GLOBAL_vs_ZENODO_10369064,83,0.6203990174967988,0.9170872106311424
HPGP_GLOBAL_vs_ZENODO_10369064,84,0.4800127434298372,0.9170872106311424
HPGP_GLOBAL_vs_ZENODO_10369064,85,0.4875631160595407,0.9170872106311424
HPGP_GLOBAL_vs_ZENODO_10369064,86,0.5255850326139646,0.9170872106311424
HPGP_GLOBAL_vs_ZENODO_10369064,87,0.445240560783709,0.9170872106311424
HPGP_GLOBAL_vs_ZENODO_10369064,88,0.5918700451312111,0.9170872106311424
HPGP_GLOBAL_vs_ZENODO_10369064,89,0.4642191232482,0.9170872106311424
HPGP_GLOBAL_vs_ZENODO_10369064,90,0.578441677294937,0.9170872106311424
HPGP_GLOBAL_vs_ZENODO_10369064,91,0.5019064021988932,0.9170872106311424
HPGP_GLOBAL_vs_ZENODO_10369064,92,0.4867770158313105,0.9170872106311424
HPGP_GLOBAL_vs_ZENODO_10369064,93,0.5016579195570159,0.9170872106311424
HPGP_GLOBAL_vs_ZENODO_10369064,94,0.3833747332072971,0.9170872106311424
HPGP_GLOBAL_vs_ZENODO_10369064,95,0.5019363116353361,0.9170872106311424
HPGP_GLOBAL_vs_ZENODO_10369064,96,0.5605332238277325,0.9170872106311424
HPGP_GLOBAL_vs_ZENODO_10369064,97,0.5380694658509533,0.9170872106311424
HPGP_GLOBAL_vs_ZENODO_10369064,98,0.4667383055374044,0.9170872106311424
HPGP_GLOBAL_vs_ZENODO_10369064,99,0.4583181831101705,0.9170872106311424
HPGP_GLOBAL_vs_ZENODO_10369064,100,0.5751077974502798,0.9170872106311424
HPGP_GLOBAL_vs_ZENODO_10369064,101,0.4873020081027821,0.9170872106311424
HPGP_GLOBAL_vs_ZENODO_10369064,102,0.443402892796107,0.9170872106311424
HPGP_GLOBAL_vs_ZENODO_10369064,103,0.5348640306372527,0.9170872106311424
HPGP_GLOBAL_vs_ZENODO_10369064,104,0.5433215059719473,0.9170872106311424
HPGP_GLOBAL_vs_ZENODO_10369064,105,0.5103596613191701,0.9170872106311424
HPGP_GLOBAL_vs_ZENODO_10369064,106,0.4797321923576944,0.9170872106311424
HPGP_GLOBAL_vs_ZENODO_10369064,107,0.4513058813996388,0.9170872106311424
HPGP_GLOBAL_vs_ZENODO_10369064,108,0.5402641714580569,0.9170872106311424
HPGP_GLOBAL_vs_ZENODO_10369064,109,0.4979654552262224,0.9170872106311424
HPGP_GLOBAL_vs_ZENODO_10369064,110,0.4905565592659913,0.9170872106311424
HPGP_GLOBAL_vs_ZENODO_10369064,111,0.5386837380158862,0.9170872106311424
HPGP_GLOBAL_vs_ZENODO_10369064,112,0.6063589883578401,0.9170872106311424
HPGP_GLOBAL_vs_ZENODO_10369064,113,0.4400022263484652,0.9170872106311424
HPGP_GLOBAL_vs_ZENODO_10369064,114,0.479605713288183,0.9170872106311424
HPGP_GLOBAL_vs_ZENODO_10369064,115,0.4586981127083294,0.9170872106311424
HPGP_GLOBAL_vs_ZENODO_10369064,116,0.5210969988327696,0.9170872106311424
HPGP_GLOBAL_vs_ZENODO_10369064,117,0.4755911115518149,0.9170872106311424
HPGP_GLOBAL_vs_ZENODO_10369064,118,0.4687803887391188,0.9170872106311424
HPGP_GLOBAL_vs_ZENODO_10369064,119,0.4827727109805207,0.9170872106311424
HPGP_GLOBAL_vs_ZENODO_10369064,120,0.529724960447852,0.9170872106311424
HPGP_GLOBAL_vs_ZENODO_10369064,121,0.4574804603739821,0.9170872106311424
HPGP_GLOBAL_vs_ZENODO_10369064,122,0.4801748293552454,0.9170872106311424
HPGP_GLOBAL_vs_ZENODO_10369064,123,0.5043551260779725,0.9170872106311424
HPGP_GLOBAL_vs_ZENODO_10369064,124,0.5199747981922169,0.9170872106311424
HPGP_GLOBAL_vs_ZENODO_10369064,125,0.395566706347971,0.9170872106311424
HPGP_GLOBAL_vs_ZENODO_10369064,126,0.4902773996512112,0.9170872106311424
HPGP_GLOBAL_vs_ZENODO_10369064,127,0.5065543734652529,0.9170872106311424
HPGP_GLOBAL_vs_ZENODO_10369064,128,0.419035283220232,0.9170872106311424
HPGP_GLOBAL_vs_ZENODO_10369064,129,0.5511324501658075,0.9170872106311424
HPGP_GLOBAL_vs_ZENODO_10369064,130,0.5122736388345885,0.9170872106311424
HPGP_GLOBAL_vs_ZENODO_10369064,131,0.5781013868962219,0.9170872106311424
HPGP_GLOBAL_vs_ZENODO_10369064,132,0.5257362429075354,0.9170872106311424
HPGP_GLOBAL_vs_ZENODO_10369064,133,0.4807413792973355,0.9170872106311424
HPGP_GLOBAL_vs_ZENODO_10369064,134,0.5916070908939743,0.9170872106311424
HPGP_GLOBAL_vs_ZENODO_10369064,135,0.5975501185702334,0.9170872106311424
HPGP_GLOBAL_vs_ZENODO_10369064,136,0.4762589097171442,0.9170872106311424
HPGP_GLOBAL_vs_ZENODO_10369064,137,0.4312443856853085,0.9170872106311424
HPGP_GLOBAL_vs_ZENODO_10369064,138,0.5391687737895349,0.9170872106311424
HPGP_GLOBAL_vs_ZENODO_10369064,139,0.5644723189746073,0.9170872106311424
HPGP_GLOBAL_vs_ZENODO_10369064,140,0.4774932648025102,0.9170872106311424
HPGP_GLOBAL_vs_ZENODO_10369064,141,0.3820776560292704,0.9170872106311424
HPGP_GLOBAL_vs_ZENODO_10369064,142,0.4254059189618355,0.9170872106311424
HPGP_GLOBAL_vs_ZENODO_10369064,143,0.5303518737017265,0.9170872106311424
HPGP_GLOBAL_vs_ZENODO_10369064,144,0.5437446756723865,0.9170872106311424
HPGP_GLOBAL_vs_ZENODO_10369064,145,0.454684455680769,0.9170872106311424
HPGP_GLOBAL_vs_ZENODO_10369064,146,0.5920882612304181,0.9170872106311424
HPGP_GLOBAL_vs_ZENODO_10369064,147,0.3997081159475358,0.9170872106311424
HPGP_GLOBAL_vs_ZENODO_10369064,148,0.547164282814891,0.9170872106311424
HPGP_GLOBAL_vs_ZENODO_10369064,149,0.4863462944100199,0.9170872106311424
HPGP_GLOBAL_vs_ZENODO_10369064,150,0.3500814265969746,0.9170872106311424
HPGP_GLOBAL_vs_ZENODO_10369064,151,0.4849622958939673,0.9170872106311424
HPGP_GLOBAL_vs_ZENODO_10369064,152,0.6356428150939095,0.9170872106311424
HPGP_GLOBAL_vs_ZENODO_10369064,153,0.47567571884501,0.9170872106311424
HPGP_GLOBAL_vs_ZENODO_10369064,154,0.4807586185447127,0.9170872106311424
HPGP_GLOBAL_vs_ZENODO_10369064,155,0.4503786253535249,0.9170872106311424
HPGP_GLOBAL_vs_ZENODO_10369064,156,0.5626432317054877,0.9170872106311424
HPGP_GLOBAL_vs_ZENODO_10369064,157,0.4997652514211939,0.9170872106311424
HPGP_GLOBAL_vs_ZENODO_10369064,158,0.5631388027014019,0.9170872106311424
HPGP_GLOBAL_vs_ZENODO_10369064,159,0.4834003612444292,0.9170872106311424
HPGP_GLOBAL_vs_ZENODO_10369064,160,0.4523903362899967,0.9170872106311424
HPGP_GLOBAL_vs_ZENODO_10369064,161,0.5295827386565402,0.9170872106311424
HPGP_GLOBAL_vs_ZENODO_10369064,162,0.6037824822985141,0.9170872106311424
HPGP_GLOBAL_vs_ZENODO_10369064,163,0.4712419472923048,0.9170872106311424
HPGP_GLOBAL_vs_ZENODO_10369064,164,0.4644412934029146,0.9170872106311424
HPGP_GLOBAL_vs_ZENODO_10369064,165,0.5450666341514022,0.9170872106311424
HPGP_GLOBAL_vs_ZENODO_10369064,166,0.5602284719384583,0.9170872106311424
HPGP_GLOBAL_vs_ZENODO_10369064,167,0.4907661517632214,0.9170872106311424
HPGP_GLOBAL_vs_ZENODO_10369064,168,0.5489188496290363,0.9170872106311424
HPGP_GLOBAL_vs_ZENODO_10369064,169,0.4394954454889758,0.9170872106311424
HPGP_GLOBAL_vs_ZENODO_10369064,170,0.40175165422813,0.9170872106311424
HPGP_GLOBAL_vs_ZENODO_10369064,171,0.3971207770561066,0.9170872106311424
HPGP_GLOBAL_vs_ZENODO_10369064,172,0.4444619144900043,0.9170872106311424
HPGP_GLOBAL_vs_ZENODO_10369064,173,0.4371788673577726,0.9170872106311424
HPGP_GLOBAL_vs_ZENODO_10369064,174,0.4959362537257042,0.9170872106311424
HPGP_GLOBAL_vs_ZENODO_10369064,175,0.5511202009799682,0.9170872106311424
HPGP_GLOBAL_vs_ZENODO_10369064,176,0.5463202536127965,0.9170872106311424
HPGP_GLOBAL_vs_ZENODO_10369064,177,0.5035754739440291,0.9170872106311424
HPGP_GLOBAL_vs_ZENODO_10369064,178,0.4292152873981408,0.9170872106311424
HPGP_GLOBAL_vs_ZENODO_10369064,179,0.4715995638067139,0.9170872106311424
HPGP_GLOBAL_vs_ZENODO_10369064,180,0.4518162425253468,0.9170872106311424
HPGP_GLOBAL_vs_ZENODO_10369064,181,0.4571862443407447,0.9170872106311424
HPGP_GLOBAL_vs_ZENODO_10369064,182,0.3903289155206504,0.9170872106311424
HPGP_GLOBAL_vs_ZENODO_10369064,183,0.4811833242485262,0.9170872106311424
HPGP_GLOBAL_vs_ZENODO_10369064,184,0.3380927587691175,0.9170872106311424
HPGP_GLOBAL_vs_ZENODO_10369064,185,0.3208391405342624,0.9170872106311424
HPGP_GLOBAL_vs_ZENODO_10369064,186,0.4623566235706937,0.9170872106311424
HPGP_GLOBAL_vs_ZENODO_10369064,187,0.5385165302649704,0.9170872106311424
HPGP_GLOBAL_vs_ZENODO_10369064,188,0.4932691138980135,0.9170872106311424
HPGP_GLOBAL_vs_ZENODO_10369064,189,0.2993268258179949,0.9170872106311424
HPGP_GLOBAL_vs_ZENODO_10369064,190,0.4278901779175377,0.9170872106311424
HPGP_GLOBAL_vs_ZENODO_10369064,191,0.4121589612108711,0.9170872106311424
HPGP_GLOBAL_vs_ZENODO_10369064,192,0.4882436154068451,0.9170872106311424
HPGP_GLOBAL_vs_ZENODO_10369064,193,0.5539117744375118,0.9170872106311424
HPGP_GLOBAL_vs_ZENODO_10369064,194,0.5791326725972626,0.9170872106311424
HPGP_GLOBAL_vs_ZENODO_10369064,195,0.5166577389155791,0.9170872106311424
HPGP_GLOBAL_vs_ZENODO_10369064,196,0.42878957879067,0.9170872106311424
HPGP_GLOBAL_vs_ZENODO_10369064,197,0.4466839940054905,0.9170872106311424
HPGP_GLOBAL_vs_ZENODO_10369064,198,0.4616718173295829,0.9170872106311424
HPGP_GLOBAL_vs_ZENODO_10369064,199,0.4938740474016658,0.9170872106311424
HPGP_GLOBAL_vs_ZENODO_10369064,200,0.5127212965597738,0.9170872106311424
HPGP_GLOBAL_vs_ZENODO_10369064,201,0.4083094962423484,0.9170872106311424
HPGP_GLOBAL_vs_ZENODO_10369064,202,0.4137025821009931,0.9170872106311424
HPGP_GLOBAL_vs_ZENODO_10369064,203,0.463175533779219,0.9170872106311424
HPGP_GLOBAL_vs_ZENODO_10369064,204,0.5236126221696613,0.9170872106311424
HPGP_GLOBAL_vs_ZENODO_10369064,205,0.4931340720781598,0.9170872106311424
HPGP_GLOBAL_vs_ZENODO_10369064,206,0.4967896765816709,0.9170872106311424
HPGP_GLOBAL_vs_ZENODO_10369064,207,0.4890014654409443,0.9170872106311424
HPGP_GLOBAL_vs_ZENODO_10369064,208,0.5080417647161092,0.9170872106311424
HPGP_GLOBAL_vs_ZENODO_10369064,209,0.4891673087894019,0.9170872106311424
HPGP_GLOBAL_vs_ZENODO_10369064,210,0.3359388415455447,0.9170872106311424
HPGP_GLOBAL_vs_ZENODO_10369064,211,0.405558959549282,0.9170872106311424
HPGP_GLOBAL_vs_ZENODO_10369064,212,0.457321075032742,0.9170872106311424
HPGP_GLOBAL_vs_ZENODO_10369064,213,0.4913811355171809,0.9170872106311424
HPGP_GLOBAL_vs_ZENODO_10369064,214,0.5312926648323375,0.9170872106311424
HPGP_GLOBAL_vs_ZENODO_10369064,215,0.616527387141874,0.9170872106311424
HPGP_GLOBAL_vs_ZENODO_10369064,216,0.4312626638972106,0.9170872106311424
HPGP_GLOBAL_vs_ZENODO_10369064,217,0.4809821176798843,0.9170872106311424
HPGP_GLOBAL_vs_ZENODO_10369064,218,0.4862010631673336,0.9170872106311424
HPGP_GLOBAL_vs_ZENODO_10369064,219,0.5521557398930665,0.9170872106311424
HPGP_GLOBAL_vs_ZENODO_10369064,220,0.4513927248595943,0.9170872106311424
HPGP_GLOBAL_vs_ZENODO_10369064,221,0.4775308662752625,0.9170872106311424
HPGP_GLOBAL_vs_ZENODO_10369064,222,0.4884103312710918,0.9170872106311424
HPGP_GLOBAL_vs_ZENODO_10369064,223,0.462451356358693,0.9170872106311424
HPGP_GLOBAL_vs_ZENODO_10369064,224,0.5333192336248679,0.9170872106311424
HPGP_GLOBAL_vs_ZENODO_10369064,225,0.4266963036235801,0.9170872106311424
HPGP_GLOBAL_vs_ZENODO_10369064,226,0.5602596413452463,0.9170872106311424
HPGP_GLOBAL_vs_ZENODO_10369064,227,0.4270883330068241,0.9170872106311424
HPGP_GLOBAL_vs_ZENODO_10369064,228,0.5568206939941224,0.9170872106311424
HPGP_GLOBAL_vs_ZENODO_10369064,229,0.4892155681548761,0.9170872106311424
HPGP_GLOBAL_vs_ZENODO_10369064,230,0.5648322465859298,0.9170872106311424
HPGP_GLOBAL_vs_ZENODO_10369064,231,0.4479366546626764,0.9170872106311424
HPGP_GLOBAL_vs_ZENODO_10369064,232,0.5312677330176376,0.9170872106311424
HPGP_GLOBAL_vs_ZENODO_10369064,233,0.5560554605086165,0.9170872106311424
HPGP_GLOBAL_vs_ZENODO_10369064,234,0.5765533552879193,0.9170872106311424
HPGP_GLOBAL_vs_ZENODO_10369064,235,0.5751969758308993,0.9170872106311424
HPGP_GLOBAL_vs_ZENODO_10369064,236,0.4679040632046007,0.9170872106311424
HPGP_GLOBAL_vs_ZENODO_10369064,237,0.4660417808576723,0.9170872106311424
HPGP_GLOBAL_vs_ZENODO_10369064,238,0.5405204395049239,0.9170872106311424
HPGP_GLOBAL_vs_ZENODO_10369064,239,0.5083389607796199,0.9170872106311424
HPGP_GLOBAL_vs_ZENODO_10369064,240,0.5375810977193296,0.9170872106311424
HPGP_GLOBAL_vs_ZENODO_10369064,241,0.5510398955672491,0.9170872106311424
HPGP_GLOBAL_vs_ZENODO_10369064,242,0.5637258168660607,0.9170872106311424
HPGP_GLOBAL_vs_ZENODO_10369064,243,0.5486453164044628,0.9170872106311424
HPGP_GLOBAL_vs_ZENODO_10369064,244,0.4251346247784894,0.9170872106311424
HPGP_GLOBAL_vs_ZENODO_10369064,245,0.5509965327594453,0.9170872106311424
HPGP_GLOBAL_vs_ZENODO_10369064,246,0.4453683450671221,0.9170872106311424
HPGP_GLOBAL_vs_ZENODO_10369064,247,0.5390178512220782,0.9170872106311424
HPGP_GLOBAL_vs_ZENODO_10369064,248,0.504198606271777,0.9170872106311424
HPGP_GLOBAL_vs_ZENODO_10369064,249,0.5239515286103362,0.9170872106311424
HPGP_GLOBAL_vs_ZENODO_10369064,250,0.4646071485254143,0.9170872106311424
HPGP_GLOBAL_vs_ZENODO_10369064,251,0.5317305953052944,0.9170872106311424
HPGP_GLOBAL_vs_ZENODO_10369064,252,0.4776381257587534,0.9170872106311424
HPGP_GLOBAL_vs_ZENODO_10369064,253,0.4649836045692642,0.9170872106311424
HPGP_GLOBAL_vs_ZENODO_10369064,254,0.5328418472652219,0.9170872106311424
HPGP_GLOBAL_vs_ZENODO_10369064,255,0.500248362029126,0.9170872106311424
HPGP_GLOBAL_vs_ZENODO_10369064,256,0.4781150227089197,0.9170872106311424
HPGP_GLOBAL_vs_ZENODO_10369064,257,0.5851349656328395,0.9170872106311424
HPGP_GLOBAL_vs_ZENODO_10369064,258,0.5617080364568199,0.9170872106311424
HPGP_GLOBAL_vs_ZENODO_10369064,259,0.4519085698252365,0.9170872106311424
HPGP_GLOBAL_vs_ZENODO_10369064,260,0.5165936735647755,0.9170872106311424
HPGP_GLOBAL_vs_ZENODO_10369064,261,0.4775280508707406,0.9170872106311424
HPGP_GLOBAL_vs_ZENODO_10369064,262,0.5395970695970697,0.9170872106311424
HPGP_GLOBAL_vs_ZENODO_10369064,263,0.4502366080404348,0.9170872106311424
HPGP_GLOBAL_vs_ZENODO_10369064,264,0.6042046602410187,0.9170872106311424
HPGP_GLOBAL_vs_ZENODO_10369064,265,0.536969897386564,0.9170872106311424
HPGP_GLOBAL_vs_ZENODO_10369064,266,0.4798892580287929,0.9170872106311424
HPGP_GLOBAL_vs_ZENODO_10369064,267,0.4822130508380003,0.9170872106311424
HPGP_GLOBAL_vs_ZENODO_10369064,268,0.4391844218999391,0.9170872106311424
HPGP_GLOBAL_vs_ZENODO_10369064,269,0.4146427769165265,0.9170872106311424
HPGP_GLOBAL_vs_ZENODO_10369064,270,0.4816721896720128,0.9170872106311424
HPGP_GLOBAL_vs_ZENODO_10369064,271,0.5951416416735045,0.9170872106311424
HPGP_GLOBAL_vs_ZENODO_10369064,272,0.4513633489296974,0.9170872106311424
HPGP_GLOBAL_vs_ZENODO_10369064,273,0.5449201437848133,0.9170872106311424
HPGP_GLOBAL_vs_ZENODO_10369064,274,0.5307917205027328,0.9170872106311424
HPGP_GLOBAL_vs_ZENODO_10369064,275,0.6304733221202748,0.9170872106311424
HPGP_GLOBAL_vs_ZENODO_10369064,276,0.505668371876742,0.9170872106311424
HPGP_GLOBAL_vs_ZENODO_10369064,277,0.5256952607176675,0.9170872106311424
HPGP_GLOBAL_vs_ZENODO_10369064,278,0.6093732003697728,0.9170872106311424
HPGP_GLOBAL_vs_ZENODO_10369064,279,0.5433161987143128,0.9170872106311424
HPGP_GLOBAL_vs_ZENODO_10369064,280,0.4372751782905345,0.9170872106311424
HPGP_GLOBAL_vs_ZENODO_10369064,281,0.435348701116485,0.9170872106311424
HPGP_GLOBAL_vs_ZENODO_10369064,282,0.4257376308922199,0.9170872106311424
HPGP_GLOBAL_vs_ZENODO_10369064,283,0.515874356293976,0.9170872106311424
HPGP_GLOBAL_vs_ZENODO_10369064,284,0.3901066643241514,0.9170872106311424
HPGP_GLOBAL_vs_ZENODO_10369064,285,0.4546547463385639,0.9170872106311424
HPGP_GLOBAL_vs_ZENODO_10369064,286,0.4826179312488393,0.9170872106311424
HPGP_GLOBAL_vs_ZENODO_10369064,287,0.5132010820521824,0.9170872106311424
HPGP_GLOBAL_vs_ZENODO_10369064,288,0.4032629217409226,0.9170872106311424
HPGP_GLOBAL_vs_ZENODO_10369064,289,0.4527733789314595,0.9170872106311424
HPGP_GLOBAL_vs_ZENODO_10369064,290,0.4657595563477916,0.9170872106311424
HPGP_GLOBAL_vs_ZENODO_10369064,291,0.532696519958358,0.9170872106311424
HPGP_GLOBAL_vs_ZENODO_10369064,292,0.4772562766705777,0.9170872106311424
HPGP_GLOBAL_vs_ZENODO_10369064,293,0.4973888927359,0.9170872106311424
HPGP_GLOBAL_vs_ZENODO_10369064,294,0.519956234742492,0.9170872106311424
HPGP_GLOBAL_vs_ZENODO_10369064,295,0.4995471182469174,0.9170872106311424
HPGP_GLOBAL_vs_ZENODO_10369064,296,0.5843259208535556,0.9170872106311424
HPGP_GLOBAL_vs_ZENODO_10369064,297,0.5550765460639369,0.9170872106311424
HPGP_GLOBAL_vs_ZENODO_10369064,298,0.4639652014652015,0.9170872106311424
HPGP_GLOBAL_vs_ZENODO_10369064,299,0.5709570262356707,0.9170872106311424
HPGP_GLOBAL_vs_ZENODO_10369064,300,0.4918747010999522,0.9170872106311424
HPGP_GLOBAL_vs_ZENODO_10369064,301,0.5240904519559464,0.9170872106311424
HPGP_GLOBAL_vs_ZENODO_10369064,302,0.5027904283061726,0.9170872106311424
HPGP_GLOBAL_vs_ZENODO_10369064,303,0.5055461769558856,0.9170872106311424
HPGP_GLOBAL_vs_ZENODO_10369064,304,0.4158640077149481,0.9170872106311424
HPGP_GLOBAL_vs_ZENODO_10369064,305,0.4242664363703192,0.9170872106311424
HPGP_GLOBAL_vs_ZENODO_10369064,306,0.4286917123548945,0.9170872106311424
HPGP_GLOBAL_vs_ZENODO_10369064,307,0.3468179505549844,0.9170872106311424
HPGP_GLOBAL_vs_ZENODO_10369064,308,0.5550370721490495,0.9170872106311424
HPGP_GLOBAL_vs_ZENODO_10369064,309,0.5007389196142414,0.9170872106311424
HPGP_GLOBAL_vs_ZENODO_10369064,310,0.3846863380340392,0.9170872106311424
HPGP_GLOBAL_vs_ZENODO_10369064,311,0.4798626564941826,0.9170872106311424
HPGP_GLOBAL_vs_ZENODO_10369064,312,0.3956116904593162,0.9170872106311424
HPGP_GLOBAL_vs_ZENODO_10369064,313,0.503277084379296,0.9170872106311424
HPGP_GLOBAL_vs_ZENODO_10369064,314,0.5952300807806042,0.9170872106311424
HPGP_GLOBAL_vs_ZENODO_10369064,315,0.4463496677740863,0.9170872106311424
HPGP_GLOBAL_vs_ZENODO_10369064,316,0.5583100120678615,0.9170872106311424
HPGP_GLOBAL_vs_ZENODO_10369064,317,0.4372909407665505,0.9170872106311424
HPGP_GLOBAL_vs_ZENODO_10369064,318,0.35370187524511,0.9170872106311424
HPGP_GLOBAL_vs_ZENODO_10369064,319,0.38285982199188,0.9170872106311424
HPGP_GLOBAL_vs_ZENODO_10369064,320,0.4255610040978258,0.9170872106311424
HPGP_GLOBAL_vs_ZENODO_10369064,321,0.5422644352088959,0.9170872106311424
HPGP_GLOBAL_vs_ZENODO_10369064,322,0.4807533173062733,0.9170872106311424
HPGP_GLOBAL_vs_ZENODO_10369064,323,0.4309986776407082,0.9170872106311424
HPGP_GLOBAL_vs_ZENODO_10369064,324,0.501758655995863,0.9170872106311424
HPGP_GLOBAL_vs_ZENODO_10369064,325,0.5569569741206287,0.9170872106311424
HPGP_GLOBAL_vs_ZENODO_10369064,326,0.4969420679918553,0.9170872106311424
HPGP_GLOBAL_vs_ZENODO_10369064,327,0.4393749185441636,0.9170872106311424
HPGP_GLOBAL_vs_ZENODO_10369064,328,0.434419723620095,0.9170872106311424
HPGP_GLOBAL_vs_ZENODO_10369064,329,0.4479328656449349,0.9170872106311424
HPGP_GLOBAL_vs_ZENODO_10369064,330,0.5470155363650074,0.9170872106311424
HPGP_GLOBAL_vs_ZENODO_10369064,331,0.4720629067996122,0.9170872106311424
HPGP_GLOBAL_vs_ZENODO_10369064,332,0.5175807217036239,0.9170872106311424
HPGP_GLOBAL_vs_ZENODO_10369064,333,0.489043818747011,0.9170872106311424
HPGP_GLOBAL_vs_ZENODO_10369064,334,0.4957028556848124,0.9170872106311424
HPGP_GLOBAL_vs_ZENODO_10369064,335,0.4627091579400816,0.9170872106311424
HPGP_GLOBAL_vs_ZENODO_10369064,336,0.4532950280899523,0.9170872106311424
HPGP_GLOBAL_vs_ZENODO_10369064,337,0.4606610675511808,0.9170872106311424
HPGP_GLOBAL_vs_ZENODO_10369064,338,0.5802703168725397,0.9170872106311424
HPGP_GLOBAL_vs_ZENODO_10369064,339,0.4778486302935317,0.9170872106311424
HPGP_GLOBAL_vs_ZENODO_10369064,340,0.4954004360252884,0.9170872106311424
HPGP_GLOBAL_vs_ZENODO_10369064,341,0.3487457570282773,0.9170872106311424
HPGP_GLOBAL_vs_ZENODO_10369064,342,0.5314411804119216,0.9170872106311424
HPGP_GLOBAL_vs_ZENODO_10369064,343,0.5055487472766884,0.9170872106311424
HPGP_GLOBAL_vs_ZENODO_10369064,344,0.5964095499469554,0.9170872106311424
HPGP_GLOBAL_vs_ZENODO_10369064,345,0.6265833915181238,0.9170872106311424
HPGP_GLOBAL_vs_ZENODO_10369064,346,0.4719696055324512,0.9170872106311424
HPGP_GLOBAL_vs_ZENODO_10369064,347,0.5727087285974077,0.9170872106311424
HPGP_GLOBAL_vs_ZENODO_10369064,348,0.5723126783546439,0.9170872106311424
HPGP_GLOBAL_vs_ZENODO_10369064,349,0.5018289992041701,0.9170872106311424
HPGP_GLOBAL_vs_ZENODO_10369064,350,0.4890366786445217,0.9170872106311424
HPGP_GLOBAL_vs_ZENODO_10369064,351,0.3957732831210943,0.9170872106311424
HPGP_GLOBAL_vs_ZENODO_10369064,352,0.430283276149303,0.9170872106311424
HPGP_GLOBAL_vs_ZENODO_10369064,353,0.36160893888497,0.9170872106311424
HPGP_GLOBAL_vs_ZENODO_10369064,354,0.5482869042852168,0.9170872106311424
HPGP_GLOBAL_vs_ZENODO_10369064,355,0.4272133097363671,0.9170872106311424
HPGP_GLOBAL_vs_ZENODO_10369064,356,0.4747756796752425,0.9170872106311424
HPGP_GLOBAL_vs_ZENODO_10369064,357,0.4570244461420932,0.9170872106311424
HPGP_GLOBAL_vs_ZENODO_10369064,358,0.5369136301861255,0.9170872106311424
HPGP_GLOBAL_vs_ZENODO_10369064,359,0.6004205753595998,0.9170872106311424
HPGP_GLOBAL_vs_ZENODO_10369064,360,0.5720308560778984,0.9170872106311424
HPGP_GLOBAL_vs_ZENODO_10369064,361,0.4129867840345078,0.9170872106311424
HPGP_GLOBAL_vs_ZENODO_10369064,362,0.5425362931433899,0.9170872106311424
HPGP_GLOBAL_vs_ZENODO_10369064,363,0.4048604155903943,0.9170872106311424
HPGP_GLOBAL_vs_ZENODO_10369064,364,0.4401420315407974,0.9170872106311424
HPGP_GLOBAL_vs_ZENODO_10369064,365,0.5510034694284051,0.9170872106311424
HPGP_GLOBAL_vs_ZENODO_10369064,366,0.4543143136581447,0.9170872106311424
HPGP_GLOBAL_vs_ZENODO_10369064,367,0.59748651783933,0.9170872106311424
HPGP_GLOBAL_vs_ZENODO_10369064,368,0.293036792901542,0.9170872106311424
HPGP_GLOBAL_vs_ZENODO_10369064,369,0.5298426212954206,0.9170872106311424
HPGP_GLOBAL_vs_ZENODO_10369064,370,0.3311986369276463,0.9170872106311424
HPGP_GLOBAL_vs_ZENODO_10369064,371,0.6054279617616466,0.9170872106311424
HPGP_GLOBAL_vs_ZENODO_10369064,372,0.5390777465604716,0.9170872106311424
HPGP_GLOBAL_vs_ZENODO_10369064,373,0.4728665141566748,0.9170872106311424
HPGP_GLOBAL_vs_ZENODO_10369064,374,0.4736422604436905,0.9170872106311424
HPGP_GLOBAL_vs_ZENODO_10369064,375,0.4807744956374481,0.9170872106311424
HPGP_GLOBAL_vs_ZENODO_10369064,376,0.475562372228441,0.9170872106311424
HPGP_GLOBAL_vs_ZENODO_10369064,377,0.6064402727469799,0.9170872106311424
HPGP_GLOBAL_vs_ZENODO_10369064,378,0.4854265911602294,0.9170872106311424
HPGP_GLOBAL_vs_ZENODO_10369064,379,0.4185821940683876,0.9170872106311424
HPGP_GLOBAL_vs_ZENODO_10369064,380,0.4528551872121072,0.9170872106311424
HPGP_GLOBAL_vs_ZENODO_10369064,381,0.4300326814430287,0.9170872106311424
HPGP_GLOBAL_vs_ZENODO_10369064,382,0.4920978513356562,0.9170872106311424
HPGP_GLOBAL_vs_ZENODO_10369064,383,0.4497995831329165,0.9170872106311424
HPGP_GLOBAL_vs_ZENODO_10369064,384,0.5476576031529273,0.9170872106311424
HPGP_GLOBAL_vs_ZENODO_10369064,385,0.5950804503885292,0.9170872106311424
HPGP_GLOBAL_vs_ZENODO_10369064,386,0.5732538890193929,0.9170872106311424
HPGP_GLOBAL_vs_ZENODO_10369064,387,0.4822539165760112,0.9170872106311424
HPGP_GLOBAL_vs_ZENODO_10369064,388,0.4675321740039146,0.9170872106311424
HPGP_GLOBAL_vs_ZENODO_10369064,389,0.5223365836233483,0.9170872106311424
HPGP_GLOBAL_vs_ZENODO_10369064,390,0.5988420304791673,0.9170872106311424
HPGP_GLOBAL_vs_ZENODO_10369064,391,0.4630869345862172,0.9170872106311424
HPGP_GLOBAL_vs_ZENODO_10369064,392,0.5084025635502274,0.9170872106311424
HPGP_GLOBAL_vs_ZENODO_10369064,393,0.4790440622111971,0.9170872106311424
HPGP_GLOBAL_vs_ZENODO_10369064,394,0.5271672476167932,0.9170872106311424
HPGP_GLOBAL_vs_ZENODO_10369064,395,0.5612575621883586,0.9170872106311424
HPGP_GLOBAL_vs_ZENODO_10369064,396,0.4041543410227109,0.9170872106311424
HPGP_GLOBAL_vs_ZENODO_10369064,397,0.529406467210017,0.9170872106311424
HPGP_GLOBAL_vs_ZENODO_10369064,398,0.4471597673597533,0.9170872106311424
HPGP_GLOBAL_vs_ZENODO_10369064,399,0.5575256106951212,0.9170872106311424
HPGP_GLOBAL_vs_ZENODO_10369064,400,0.5402897515203717,0.9170872106311424
HPGP_GLOBAL_vs_ZENODO_10369064,401,0.5283303751196939,0.9170872106311424
HPGP_GLOBAL_vs_ZENODO_10369064,402,0.5175218883931496,0.9170872106311424
HPGP_GLOBAL_vs_ZENODO_10369064,403,0.4215552330593845,0.9170872106311424
HPGP_GLOBAL_vs_ZENODO_10369064,404,0.6050442953408222,0.9170872106311424
HPGP_GLOBAL_vs_ZENODO_10369064,405,0.4565441583610187,0.9170872106311424
HPGP_GLOBAL_vs_ZENODO_10369064,406,0.4984787991650806,0.9170872106311424
HPGP_GLOBAL_vs_ZENODO_10369064,407,0.5545820071927443,0.9170872106311424
HPGP_GLOBAL_vs_ZENODO_10369064,408,0.5129211798744986,0.9170872106311424
HPGP_GLOBAL_vs_ZENODO_10369064,409,0.5225997352996786,0.9170872106311424
HPGP_GLOBAL_vs_ZENODO_10369064,410,0.5373797346815892,0.9170872106311424
HPGP_GLOBAL_vs_ZENODO_10369064,411,0.4745848413679124,0.9170872106311424
HPGP_GLOBAL_vs_ZENODO_10369064,412,0.5515437019962439,0.9170872106311424
HPGP_GLOBAL_vs_ZENODO_10369064,413,0.6037164186609529,0.9170872106311424
HPGP_GLOBAL_vs_ZENODO_10369064,414,0.4357422969187675,0.9170872106311424
HPGP_GLOBAL_vs_ZENODO_10369064,415,0.572713506161782,0.9170872106311424
HPGP_GLOBAL_vs_ZENODO_10369064,416,0.4465146033160739,0.9170872106311424
HPGP_GLOBAL_vs_ZENODO_10369064,417,0.5432705159426545,0.9170872106311424
HPGP_GLOBAL_vs_ZENODO_10369064,418,0.4458141866449202,0.9170872106311424
HPGP_GLOBAL_vs_ZENODO_10369064,419,0.3884251133630357,0.9170872106311424
HPGP_GLOBAL_vs_ZENODO_10369064,420,0.525776694594524,0.9170872106311424
HPGP_GLOBAL_vs_ZENODO_10369064,421,0.4912286839885394,0.9170872106311424
HPGP_GLOBAL_vs_ZENODO_10369064,422,0.455489356694176,0.9170872106311424
HPGP_GLOBAL_vs_ZENODO_10369064,423,0.4342870486146132,0.9170872106311424
HPGP_GLOBAL_vs_ZENODO_10369064,424,0.6065420499805337,0.9170872106311424
HPGP_GLOBAL_vs_ZENODO_10369064,425,0.4671176802585076,0.9170872106311424
HPGP_GLOBAL_vs_ZENODO_10369064,426,0.4409161489743008,0.9170872106311424
HPGP_GLOBAL_vs_ZENODO_10369064,427,0.4124637744096353,0.9170872106311424
HPGP_GLOBAL_vs_ZENODO_10369064,428,0.5147425318598245,0.9170872106311424
HPGP_GLOBAL_vs_ZENODO_10369064,429,0.4688112961716378,0.9170872106311424
HPGP_GLOBAL_vs_ZENODO_10369064,430,0.5677201875121531,0.9170872106311424
HPGP_GLOBAL_vs_ZENODO_10369064,431,0.4607622031724993,0.9170872106311424
HPGP_GLOBAL_vs_ZENODO_10369064,432,0.5062802048530255,0.9170872106311424
HPGP_GLOBAL_vs_ZENODO_10369064,433,0.4683927726297204,0.9170872106311424
HPGP_GLOBAL_vs_ZENODO_10369064,434,0.5924251002385688,0.9170872106311424
HPGP_GLOBAL_vs_ZENODO_10369064,435,0.5749455912540853,0.9170872106311424
HPGP_GLOBAL_vs_ZENODO_10369064,436,0.5166380135782305,0.9170872106311424
HPGP_GLOBAL_vs_ZENODO_10369064,437,0.4890616454602082,0.9170872106311424
HPGP_GLOBAL_vs_ZENODO_10369064,438,0.6015593659243841,0.9170872106311424
HPGP_GLOBAL_vs_ZENODO_10369064,439,0.4044983831429615,0.9170872106311424
HPGP_GLOBAL_vs_ZENODO_10369064,440,0.522095812353601,0.9170872106311424
HPGP_GLOBAL_vs_ZENODO_10369064,441,0.4381652946830311,0.9170872106311424
HPGP_GLOBAL_vs_ZENODO_10369064,442,0.5620834934220831,0.9170872106311424
HPGP_GLOBAL_vs_ZENODO_10369064,443,0.4393843755988064,0.9170872106311424
HPGP_GLOBAL_vs_ZENODO_10369064,444,0.4970579051824622,0.9170872106311424
HPGP_GLOBAL_vs_ZENODO_10369064,445,0.5485248264408953,0.9170872106311424
HPGP_GLOBAL_vs_ZENODO_10369064,446,0.5447707666556303,0.9170872106311424
HPGP_GLOBAL_vs_ZENODO_10369064,447,0.5490704484605088,0.9170872106311424
HPGP_GLOBAL_vs_ZENODO_10369064,448,0.5069048313688879,0.9170872106311424
HPGP_GLOBAL_vs_ZENODO_10369064,449,0.5550285445653939,0.9170872106311424
HPGP_GLOBAL_vs_ZENODO_10369064,450,0.5263713637263148,0.9170872106311424
HPGP_GLOBAL_vs_ZENODO_10369064,451,0.5267476467331118,0.9170872106311424
HPGP_GLOBAL_vs_ZENODO_10369064,452,0.5049457058710247,0.9170872106311424
HPGP_GLOBAL_vs_ZENODO_10369064,453,0.4238880497963341,0.9170872106311424
HPGP_GLOBAL_vs_ZENODO_10369064,454,0.558083432279556,0.9170872106311424
HPGP_GLOBAL_vs_ZENODO_10369064,455,0.5625636232838482,0.9170872106311424
HPGP_GLOBAL_vs_ZENODO_10369064,456,0.574597735108451,0.9170872106311424
HPGP_GLOBAL_vs_ZENODO_10369064,457,0.4172345324534106,0.9170872106311424
HPGP_GLOBAL_vs_ZENODO_10369064,458,0.4552431345732688,0.9170872106311424
HPGP_GLOBAL_vs_ZENODO_10369064,459,0.4995494260981893,0.9170872106311424
HPGP_GLOBAL_vs_ZENODO_10369064,460,0.4896844608652133,0.9170872106311424
HPGP_GLOBAL_vs_ZENODO_10369064,461,0.4539764442710795,0.9170872106311424
HPGP_GLOBAL_vs_ZENODO_10369064,462,0.4970499992898206,0.9170872106311424
HPGP_GLOBAL_vs_ZENODO_10369064,463,0.5720152025869213,0.9170872106311424
HPGP_GLOBAL_vs_ZENODO_10369064,464,0.4963173762872557,0.9170872106311424
HPGP_GLOBAL_vs_ZENODO_10369064,465,0.5837610174865078,0.9170872106311424
HPGP_GLOBAL_vs_ZENODO_10369064,466,0.62065246433915,0.9170872106311424
HPGP_GLOBAL_vs_ZENODO_10369064,467,0.5412291179160642,0.9170872106311424
HPGP_GLOBAL_vs_ZENODO_10369064,468,0.5872698594047785,0.9170872106311424
HPGP_GLOBAL_vs_ZENODO_10369064,469,0.6122714767765507,0.9170872106311424
HPGP_GLOBAL_vs_ZENODO_10369064,470,0.4717500642369126,0.9170872106311424
HPGP_GLOBAL_vs_ZENODO_10369064,471,0.6242007460737258,0.9170872106311424
HPGP_GLOBAL_vs_ZENODO_10369064,472,0.4831740755595762,0.9170872106311424
HPGP_GLOBAL_vs_ZENODO_10369064,473,0.5135799530360957,0.9170872106311424
HPGP_GLOBAL_vs_ZENODO_10369064,474,0.4746329929752624,0.9170872106311424
HPGP_GLOBAL_vs_ZENODO_10369064,475,0.46062109198455,0.9170872106311424
HPGP_GLOBAL_vs_ZENODO_10369064,476,0.4873279431325569,0.9170872106311424
HPGP_GLOBAL_vs_ZENODO_10369064,477,0.5059890687418328,0.9170872106311424
HPGP_GLOBAL_vs_ZENODO_10369064,478,0.4723878737541529,0.9170872106311424
HPGP_GLOBAL_vs_ZENODO_10369064,479,0.500351674380847,0.9170872106311424
HPGP_GLOBAL_vs_ZENODO_10369064,480,0.4314305604732819,0.9170872106311424
HPGP_GLOBAL_vs_ZENODO_10369064,481,0.418290987935468,0.9170872106311424
HPGP_GLOBAL_vs_ZENODO_10369064,482,0.5463928562141037,0.9170872106311424
HPGP_GLOBAL_vs_ZENODO_10369064,483,0.4633287772940501,0.9170872106311424
HPGP_GLOBAL_vs_ZENODO_10369064,484,0.4249472082458897,0.9170872106311424
HPGP_GLOBAL_vs_ZENODO_10369064,485,0.5375492191046829,0.9170872106311424
HPGP_GLOBAL_vs_ZENODO_10369064,486,0.467984306221264,0.9170872106311424
HPGP_GLOBAL_vs_ZENODO_10369064,487,0.4794392024183282,0.9170872106311424
HPGP_GLOBAL_vs_ZENODO_10369064,488,0.4365784004364798,0.9170872106311424
HPGP_GLOBAL_vs_ZENODO_10369064,489,0.4179488594927477,0.9170872106311424
HPGP_GLOBAL_vs_ZENODO_10369064,490,0.4538087339312829,0.9170872106311424
HPGP_GLOBAL_vs_ZENODO_10369064,491,0.5209087492091512,0.9170872106311424
HPGP_GLOBAL_vs_ZENODO_10369064,492,0.4979086386240385,0.9170872106311424
HPGP_GLOBAL_vs_ZENODO_10369064,493,0.4400405622921636,0.9170872106311424
HPGP_GLOBAL_vs_ZENODO_10369064,494,0.5908466774292073,0.9170872106311424
HPGP_GLOBAL_vs_ZENODO_10369064,495,0.5115068360955728,0.9170872106311424
HPGP_GLOBAL_vs_ZENODO_10369064,496,0.4399597753394649,0.9170872106311424
HPGP_GLOBAL_vs_ZENODO_10369064,497,0.477696619438677,0.9170872106311424
HPGP_GLOBAL_vs_ZENODO_10369064,498,0.4733583109118656,0.9170872106311424
HPGP_GLOBAL_vs_ZENODO_10369064,499,0.5788113808296833,0.9170872106311424
HPGP_GLOBAL_vs_ZENODO_10369064,500,0.4748484791114997,0.9170872106311424
HPGP_GLOBAL_vs_ZENODO_10369064,501,0.4752359044494628,0.9170872106311424
HPGP_GLOBAL_vs_ZENODO_10369064,502,0.5154855231411457,0.9170872106311424
HPGP_GLOBAL_vs_ZENODO_10369064,503,0.5509445952806825,0.9170872106311424
HPGP_GLOBAL_vs_ZENODO_10369064,504,0.556261588528024,0.9170872106311424
HPGP_GLOBAL_vs_ZENODO_10369064,505,0.4257637567755196,0.9170872106311424
HPGP_GLOBAL_vs_ZENODO_10369064,506,0.3535528457966282,0.9170872106311424
HPGP_GLOBAL_vs_ZENODO_10369064,507,0.382058323911968,0.9170872106311424
HPGP_GLOBAL_vs_ZENODO_10369064,508,0.5214559854280751,0.9170872106311424
HPGP_GLOBAL_vs_ZENODO_10369064,509,0.3102756746080038,0.9170872106311424
HPGP_GLOBAL_vs_ZENODO_10369064,510,0.5615955776249894,0.9170872106311424
HPGP_GLOBAL_vs_ZENODO_10369064,511,0.5043343984687298,0.9170872106311424
HPGP_GLOBAL_vs_ZENODO_10369064,512,0.4908284043628114,0.9170872106311424
HPGP_GLOBAL_vs_ZENODO_10369064,513,0.5312929081037489,0.9170872106311424
HPGP_GLOBAL_vs_ZENODO_10369064,514,0.4415899284094086,0.9170872106311424
HPGP_GLOBAL_vs_ZENODO_10369064,515,0.5098460560045486,0.9170872106311424
HPGP_GLOBAL_vs_ZENODO_10369064,516,0.6383840611129357,0.9170872106311424
HPGP_GLOBAL_vs_ZENODO_10369064,517,0.5892802273599127,0.9170872106311424
HPGP_GLOBAL_vs_ZENODO_10369064,518,0.409969545957918,0.9170872106311424
HPGP_GLOBAL_vs_ZENODO_10369064,519,0.4733422623403506,0.9170872106311424
HPGP_GLOBAL_vs_ZENODO_10369064,520,0.3947184143017476,0.9170872106311424
HPGP_GLOBAL_vs_ZENODO_10369064,521,0.5592992110191384,0.9170872106311424
HPGP_GLOBAL_vs_ZENODO_10369064,522,0.4753767954999894,0.9170872106311424
HPGP_GLOBAL_vs_ZENODO_10369064,523,0.5384024978496311,0.9170872106311424
HPGP_GLOBAL_vs_ZENODO_10369064,524,0.6670517568939377,0.9170872106311424
HPGP_GLOBAL_vs_ZENODO_10369064,525,0.4742118224915546,0.9170872106311424
HPGP_GLOBAL_vs_ZENODO_10369064,526,0.4203688445648174,0.9170872106311424
HPGP_GLOBAL_vs_ZENODO_10369064,527,0.5347557691533765,0.9170872106311424
HPGP_GLOBAL_vs_ZENODO_10369064,528,0.4576895677949893,0.9170872106311424
HPGP_GLOBAL_vs_ZENODO_10369064,529,0.4696716241078396,0.9170872106311424
HPGP_GLOBAL_vs_ZENODO_10369064,530,0.505268658588139,0.9170872106311424
HPGP_GLOBAL_vs_ZENODO_10369064,531,0.5611896966637522,0.9170872106311424
HPGP_GLOBAL_vs_ZENODO_10369064,532,0.5332898107955109,0.9170872106311424
HPGP_GLOBAL_vs_ZENODO_10369064,533,0.519188155039725,0.9170872106311424
HPGP_GLOBAL_vs_ZENODO_10369064,534,0.5103835303111965,0.9170872106311424
HPGP_GLOBAL_vs_ZENODO_10369064,535,0.5210040976062843,0.9170872106311424
HPGP_GLOBAL_vs_ZENODO_10369064,536,0.5698054121246893,0.9170872106311424
HPGP_GLOBAL_vs_ZENODO_10369064,537,0.3960797172609702,0.9170872106311424
HPGP_GLOBAL_vs_ZENODO_10369064,538,0.4651308160016648,0.9170872106311424
HPGP_GLOBAL_vs_ZENODO_10369064,539,0.4611086433910625,0.9170872106311424
HPGP_GLOBAL_vs_ZENODO_10369064,540,0.4094372920638943,0.9170872106311424
HPGP_GLOBAL_vs_ZENODO_10369064,541,0.5484509995007575,0.9170872106311424
HPGP_GLOBAL_vs_ZENODO_10369064,542,0.5279162036975267,0.9170872106311424
HPGP_GLOBAL_vs_ZENODO_10369064,543,0.5113053074366432,0.9170872106311424
HPGP_GLOBAL_vs_ZENODO_10369064,544,0.4626189994507229,0.9170872106311424
HPGP_GLOBAL_vs_ZENODO_10369064,545,0.5147069836548683,0.9170872106311424
HPGP_GLOBAL_vs_ZENODO_10369064,546,0.4701638415700547,0.9170872106311424
HPGP_GLOBAL_vs_ZENODO_10369064,547,0.5149379761137809,0.9170872106311424
HPGP_GLOBAL_vs_ZENODO_10369064,548,0.5368671582260114,0.9170872106311424
HPGP_GLOBAL_vs_ZENODO_10369064,549,0.5153702760565506,0.9170872106311424
HPGP_GLOBAL_vs_ZENODO_10369064,550,0.472859601917469,0.9170872106311424
HPGP_GLOBAL_vs_ZENODO_10369064,551,0.5116477936066188,0.9170872106311424
HPGP_GLOBAL_vs_ZENODO_10369064,552,0.5925223573120109,0.9170872106311424
HPGP_GLOBAL_vs_ZENODO_10369064,553,0.4785103014269681,0.9170872106311424
HPGP_GLOBAL_vs_ZENODO_10369064,554,0.4824581155804471,0.9170872106311424
HPGP_GLOBAL_vs_ZENODO_10369064,555,0.5506472108104219,0.9170872106311424
HPGP_GLOBAL_vs_ZENODO_10369064,556,0.4747797794505682,0.9170872106311424
HPGP_GLOBAL_vs_ZENODO_10369064,557,0.5245337512930771,0.9170872106311424
HPGP_GLOBAL_vs_ZENODO_10369064,558,0.5649390791670204,0.9170872106311424
HPGP_GLOBAL_vs_ZENODO_10369064,559,0.4879881071526629,0.9170872106311424
HPGP_GLOBAL_vs_ZENODO_10369064,560,0.4772691947618398,0.9170872106311424
HPGP_GLOBAL_vs_ZENODO_10369064,561,0.5313568743444091,0.9170872106311424
HPGP_GLOBAL_vs_ZENODO_10369064,562,0.560299022540773,0.9170872106311424
HPGP_GLOBAL_vs_ZENODO_10369064,563,0.5636109943977591,0.9170872106311424
HPGP_GLOBAL_vs_ZENODO_10369064,564,0.5560536493763969,0.9170872106311424
HPGP_GLOBAL_vs_ZENODO_10369064,565,0.5394429194793993,0.9170872106311424
HPGP_GLOBAL_vs_ZENODO_10369064,566,0.399018613395386,0.9170872106311424
HPGP_GLOBAL_vs_ZENODO_10369064,567,0.5074608013937283,0.9170872106311424
HPGP_GLOBAL_vs_ZENODO_10369064,568,0.5369924529204054,0.9170872106311424
HPGP_GLOBAL_vs_ZENODO_10369064,569,0.4603781593116839,0.9170872106311424
HPGP_GLOBAL_vs_ZENODO_10369064,570,0.5523576030345622,0.9170872106311424
HPGP_GLOBAL_vs_ZENODO_10369064,571,0.6162943666010381,0.9170872106311424
HPGP_GLOBAL_vs_ZENODO_10369064,572,0.6227031253203398,0.9170872106311424
HPGP_GLOBAL_vs_ZENODO_10369064,573,0.4630414547534561,0.9170872106311424
HPGP_GLOBAL_vs_ZENODO_10369064,574,0.4044701257284532,0.9170872106311424
HPGP_GLOBAL_vs_ZENODO_10369064,575,0.5157720588235295,0.9170872106311424
HPGP_GLOBAL_vs_ZENODO_10369064,576,0.5180075012266547,0.9170872106311424
HPGP_GLOBAL_vs_ZENODO_10369064,577,0.4375235039748514,0.9170872106311424
HPGP_GLOBAL_vs_ZENODO_10369064,578,0.4238266639650213,0.9170872106311424
HPGP_GLOBAL_vs_ZENODO_10369064,579,0.5692528779804605,0.9170872106311424
HPGP_GLOBAL_vs_ZENODO_10369064,580,0.5076455765195804,0.9170872106311424
HPGP_GLOBAL_vs_ZENODO_10369064,581,0.4769350474508068,0.9170872106311424
HPGP_GLOBAL_vs_ZENODO_10369064,582,0.2912435740640624,0.9170872106311424
HPGP_GLOBAL_vs_ZENODO_10369064,583,0.5167006734745336,0.9170872106311424
HPGP_GLOBAL_vs_ZENODO_10369064,584,0.5131211394575828,0.9170872106311424
HPGP_GLOBAL_vs_ZENODO_10369064,585,0.4780195055464483,0.9170872106311424
HPGP_GLOBAL_vs_ZENODO_10369064,586,0.5345403076759079,0.9170872106311424
HPGP_GLOBAL_vs_ZENODO_10369064,587,0.5437737366031244,0.9170872106311424
HPGP_GLOBAL_vs_ZENODO_10369064,588,0.4403541722593612,0.9170872106311424
HPGP_GLOBAL_vs_ZENODO_10369064,589,0.4895059412152979,0.9170872106311424
HPGP_GLOBAL_vs_ZENODO_10369064,590,0.4271109761931999,0.9170872106311424
HPGP_GLOBAL_vs_ZENODO_10369064,591,0.4888813938738637,0.9170872106311424
HPGP_GLOBAL_vs_ZENODO_10369064,592,0.5362716682479716,0.9170872106311424
HPGP_GLOBAL_vs_ZENODO_10369064,593,0.4971823961339207,0.9170872106311424
HPGP_GLOBAL_vs_ZENODO_10369064,594,0.4103518098974715,0.9170872106311424
HPGP_GLOBAL_vs_ZENODO_10369064,595,0.5299150996432364,0.9170872106311424
HPGP_GLOBAL_vs_ZENODO_10369064,596,0.4942770034843206,0.9170872106311424
HPGP_GLOBAL_vs_ZENODO_10369064,597,0.5509430264542583,0.9170872106311424
HPGP_GLOBAL_vs_ZENODO_10369064,598,0.4577013869154909,0.9170872106311424
HPGP_GLOBAL_vs_ZENODO_10369064,599,0.6158583539569124,0.9170872106311424
HPGP_GLOBAL_vs_ZENODO_10369064,600,0.5834885482011396,0.9170872106311424
HPGP_GLOBAL_vs_ZENODO_10369064,601,0.5393955935542339,0.9170872106311424
HPGP_GLOBAL_vs_ZENODO_10369064,602,0.5725731918372998,0.9170872106311424
HPGP_GLOBAL_vs_ZENODO_10369064,603,0.5254306255332803,0.9170872106311424
HPGP_GLOBAL_vs_ZENODO_10369064,604,0.3278267444746517,0.9170872106311424
HPGP_GLOBAL_vs_ZENODO_10369064,605,0.5587006258485557,0.9170872106311424
HPGP_GLOBAL_vs_ZENODO_10369064,606,0.5181515472065957,0.9170872106311424
HPGP_GLOBAL_vs_ZENODO_10369064,607,0.4966498304705785,0.9170872106311424
HPGP_GLOBAL_vs_ZENODO_10369064,608,0.5533648459383753,0.9170872106311424
HPGP_GLOBAL_vs_ZENODO_10369064,609,0.4557906266439426,0.9170872106311424
HPGP_GLOBAL_vs_ZENODO_10369064,610,0.5673578226961272,0.9170872106311424
HPGP_GLOBAL_vs_ZENODO_10369064,611,0.5461665552494395,0.9170872106311424
HPGP_GLOBAL_vs_ZENODO_10369064,612,0.4706977337592765,0.9170872106311424
HPGP_GLOBAL_vs_ZENODO_10369064,613,0.6079779804387432,0.9170872106311424
HPGP_GLOBAL_vs_ZENODO_10369064,614,0.4333416304552152,0.9170872106311424
HPGP_GLOBAL_vs_ZENODO_10369064,615,0.6477190608895095,0.9170872106311424
HPGP_GLOBAL_vs_ZENODO_10369064,616,0.4705929040526779,0.9170872106311424
HPGP_GLOBAL_vs_ZENODO_10369064,617,0.4770457972794387,0.9170872106311424
HPGP_GLOBAL_vs_ZENODO_10369064,618,0.6252063281006892,0.9170872106311424
HPGP_GLOBAL_vs_ZENODO_10369064,619,0.4960133763746136,0.9170872106311424
HPGP_GLOBAL_vs_ZENODO_10369064,620,0.4505307195853167,0.9170872106311424
HPGP_GLOBAL_vs_ZENODO_10369064,621,0.5601033235451844,0.9170872106311424
HPGP_GLOBAL_vs_ZENODO_10369064,622,0.4504996241869312,0.9170872106311424
HPGP_GLOBAL_vs_ZENODO_10369064,623,0.5395539078703144,0.9170872106311424
HPGP_GLOBAL_vs_ZENODO_10369064,624,0.5038276484669652,0.9170872106311424
HPGP_GLOBAL_vs_ZENODO_10369064,625,0.4375785838385869,0.9170872106311424
HPGP_GLOBAL_vs_ZENODO_10369064,626,0.5146307577680127,0.9170872106311424
HPGP_GLOBAL_vs_ZENODO_10369064,627,0.4867612619059399,0.9170872106311424
HPGP_GLOBAL_vs_ZENODO_10369064,628,0.5145651612664215,0.9170872106311424
HPGP_GLOBAL_vs_ZENODO_10369064,629,0.4946227582110136,0.9170872106311424
HPGP_GLOBAL_vs_ZENODO_10369064,630,0.6503982130613044,0.9170872106311424
HPGP_GLOBAL_vs_ZENODO_10369064,631,0.4440149660504754,0.9170872106311424
HPGP_GLOBAL_vs_ZENODO_10369064,632,0.5231530341476692,0.9170872106311424
HPGP_GLOBAL_vs_ZENODO_10369064,633,0.4834302434853851,0.9170872106311424
HPGP_GLOBAL_vs_ZENODO_10369064,634,0.5300284742260635,0.9170872106311424
HPGP_GLOBAL_vs_ZENODO_10369064,635,0.4401114317780984,0.9170872106311424
HPGP_GLOBAL_vs_ZENODO_10369064,636,0.4277384700358271,0.9170872106311424
HPGP_GLOBAL_vs_ZENODO_10369064,637,0.5448760215598257,0.9170872106311424
HPGP_GLOBAL_vs_ZENODO_10369064,638,0.6014003244395402,0.9170872106311424
HPGP_GLOBAL_vs_ZENODO_10369064,639,0.4045222730313466,0.9170872106311424
HPGP_GLOBAL_vs_ZENODO_10369064,640,0.473813303792212,0.9170872106311424
HPGP_GLOBAL_vs_ZENODO_10369064,641,0.5222050313318748,0.9170872106311424
HPGP_GLOBAL_vs_ZENODO_10369064,642,0.4823748527244749,0.9170872106311424
HPGP_GLOBAL_vs_ZENODO_10369064,643,0.480074555074555,0.9170872106311424
HPGP_GLOBAL_vs_ZENODO_10369064,644,0.3917304312566437,0.9170872106311424
HPGP_GLOBAL_vs_ZENODO_10369064,645,0.559110619684976,0.9170872106311424
HPGP_GLOBAL_vs_ZENODO_10369064,646,0.4693971936146933,0.9170872106311424
HPGP_GLOBAL_vs_ZENODO_10369064,647,0.4664581244547595,0.9170872106311424
HPGP_GLOBAL_vs_ZENODO_10369064,648,0.4178101730470963,0.9170872106311424
HPGP_GLOBAL_vs_ZENODO_10369064,649,0.4897877436520602,0.9170872106311424
HPGP_GLOBAL_vs_ZENODO_10369064,650,0.4949643507330544,0.9170872106311424
HPGP_GLOBAL_vs_ZENODO_10369064,651,0.3994186861334151,0.9170872106311424
HPGP_GLOBAL_vs_ZENODO_10369064,652,0.4490911067986443,0.9170872106311424
HPGP_GLOBAL_vs_ZENODO_10369064,653,0.4326463219968121,0.9170872106311424
HPGP_GLOBAL_vs_ZENODO_10369064,654,0.5321209719820085,0.9170872106311424
HPGP_GLOBAL_vs_ZENODO_10369064,655,0.5280392736341727,0.9170872106311424
HPGP_GLOBAL_vs_ZENODO_10369064,656,0.4722822061828745,0.9170872106311424
HPGP_GLOBAL_vs_ZENODO_10369064,657,0.3921872793781015,0.9170872106311424
HPGP_GLOBAL_vs_ZENODO_10369064,658,0.5614874656999037,0.9170872106311424
HPGP_GLOBAL_vs_ZENODO_10369064,659,0.3535583291010596,0.9170872106311424
HPGP_GLOBAL_vs_ZENODO_10369064,660,0.4967400901004687,0.9170872106311424
HPGP_GLOBAL_vs_ZENODO_10369064,661,0.4982380513418036,0.9170872106311424
HPGP_GLOBAL_vs_ZENODO_10369064,662,0.5388858852774144,0.9170872106311424
HPGP_GLOBAL_vs_ZENODO_10369064,663,0.5446861955873583,0.9170872106311424
HPGP_GLOBAL_vs_ZENODO_10369064,664,0.4980928483540046,0.9170872106311424
HPGP_GLOBAL_vs_ZENODO_10369064,665,0.4586622113474872,0.9170872106311424
HPGP_GLOBAL_vs_ZENODO_10369064,666,0.4991876073729095,0.9170872106311424
HPGP_GLOBAL_vs_ZENODO_10369064,667,0.4256621210537306,0.9170872106311424
HPGP_GLOBAL_vs_ZENODO_10369064,668,0.5507864764914652,0.9170872106311424
HPGP_GLOBAL_vs_ZENODO_10369064,669,0.5061020194722868,0.9170872106311424
HPGP_GLOBAL_vs_ZENODO_10369064,670,0.5549521587243886,0.9170872106311424
HPGP_GLOBAL_vs_ZENODO_10369064,671,0.4910556792200714,0.9170872106311424
HPGP_GLOBAL_vs_ZENODO_10369064,672,0.4478830734067463,0.9170872106311424
HPGP_GLOBAL_vs_ZENODO_10369064,673,0.4832045035977726,0.9170872106311424
HPGP_GLOBAL_vs_ZENODO_10369064,674,0.4704615302275107,0.9170872106311424
HPGP_GLOBAL_vs_ZENODO_10369064,675,0.4315847231993747,0.9170872106311424
HPGP_GLOBAL_vs_ZENODO_10369064,676,0.4441471406444444,0.9170872106311424
HPGP_GLOBAL_vs_ZENODO_10369064,677,0.4940336134453781,0.9170872106311424
HPGP_GLOBAL_vs_ZENODO_10369064,678,0.5248878275965103,0.9170872106311424
HPGP_GLOBAL_vs_ZENODO_10369064,679,0.4196729977391707,0.9170872106311424
HPGP_GLOBAL_vs_ZENODO_10369064,680,0.5146719739797742,0.9170872106311424
HPGP_GLOBAL_vs_ZENODO_10369064,681,0.5146680475451514,0.9170872106311424
HPGP_GLOBAL_vs_ZENODO_10369064,682,0.5206534789185102,0.9170872106311424
HPGP_GLOBAL_vs_ZENODO_10369064,683,0.608825985662511,0.9170872106311424
HPGP_GLOBAL_vs_ZENODO_10369064,684,0.5343932699438871,0.9170872106311424
HPGP_GLOBAL_vs_ZENODO_10369064,685,0.5284640745905202,0.9170872106311424
HPGP_GLOBAL_vs_ZENODO_10369064,686,0.4159153892753814,0.9170872106311424
HPGP_GLOBAL_vs_ZENODO_10369064,687,0.4777630121816169,0.9170872106311424
HPGP_GLOBAL_vs_ZENODO_10369064,688,0.4597800489801925,0.9170872106311424
HPGP_GLOBAL_vs_ZENODO_10369064,689,0.4799980885063132,0.9170872106311424
HPGP_GLOBAL_vs_ZENODO_10369064,690,0.3544903913050325,0.9170872106311424
HPGP_GLOBAL_vs_ZENODO_10369064,691,0.6109043249440804,0.9170872106311424
HPGP_GLOBAL_vs_ZENODO_10369064,692,0.3947106932977082,0.9170872106311424
HPGP_GLOBAL_vs_ZENODO_10369064,693,0.4863206661105034,0.9170872106311424
HPGP_GLOBAL_vs_ZENODO_10369064,694,0.518342621296291,0.9170872106311424
HPGP_GLOBAL_vs_ZENODO_10369064,695,0.5810181259299684,0.9170872106311424
HPGP_GLOBAL_vs_ZENODO_10369064,696,0.5006040784136978,0.9170872106311424
HPGP_GLOBAL_vs_ZENODO_10369064,697,0.4951287103390676,0.9170872106311424
HPGP_GLOBAL_vs_ZENODO_10369064,698,0.4560590181801153,0.9170872106311424
HPGP_GLOBAL_vs_ZENODO_10369064,699,0.3634388876928739,0.9170872106311424
HPGP_GLOBAL_vs_ZENODO_10369064,700,0.5799685727949715,0.9170872106311424
HPGP_GLOBAL_vs_ZENODO_10369064,701,0.506560735149509,0.9170872106311424
HPGP_GLOBAL_vs_ZENODO_10369064,702,0.5178284895680793,0.9170872106311424
HPGP_GLOBAL_vs_ZENODO_10369064,703,0.5610612859579038,0.9170872106311424
HPGP_GLOBAL_vs_ZENODO_10369064,704,0.5416864692248866,0.9170872106311424
HPGP_GLOBAL_vs_ZENODO_10369064,705,0.5196537904925111,0.9170872106311424
HPGP_GLOBAL_vs_ZENODO_10369064,706,0.5223899260043838,0.9170872106311424
HPGP_GLOBAL_vs_ZENODO_10369064,707,0.4817377844712182,0.9170872106311424
HPGP_GLOBAL_vs_ZENODO_10369064,708,0.4890816444031218,0.9170872106311424
HPGP_GLOBAL_vs_ZENODO_10369064,709,0.4560930014297974,0.9170872106311424
HPGP_GLOBAL_vs_ZENODO_10369064,710,0.5213665463246715,0.9170872106311424
HPGP_GLOBAL_vs_ZENODO_10369064,711,0.5390765608908769,0.9170872106311424
HPGP_GLOBAL_vs_ZENODO_10369064,712,0.5101087615180753,0.9170872106311424
HPGP_GLOBAL_vs_ZENODO_10369064,713,0.3911705410331706,0.9170872106311424
HPGP_GLOBAL_vs_ZENODO_10369064,714,0.5484334125461331,0.9170872106311424
HPGP_GLOBAL_vs_ZENODO_10369064,715,0.5283864781765206,0.9170872106311424
HPGP_GLOBAL_vs_ZENODO_10369064,716,0.4020924452040379,0.9170872106311424
HPGP_GLOBAL_vs_ZENODO_10369064,717,0.4942833347475057,0.9170872106311424
HPGP_GLOBAL_vs_ZENODO_10369064,718,0.5504363403717398,0.9170872106311424
HPGP_GLOBAL_vs_ZENODO_10369064,719,0.4017167537746806,0.9170872106311424
HPGP_GLOBAL_vs_ZENODO_10369064,720,0.5293651979294405,0.9170872106311424
HPGP_GLOBAL_vs_ZENODO_10369064,721,0.4486939822348037,0.9170872106311424
HPGP_GLOBAL_vs_ZENODO_10369064,722,0.4636587504251879,0.9170872106311424
HPGP_GLOBAL_vs_ZENODO_10369064,723,0.4550994361912453,0.9170872106311424
HPGP_GLOBAL_vs_ZENODO_10369064,724,0.4710154322283325,0.9170872106311424
HPGP_GLOBAL_vs_ZENODO_10369064,725,0.4058759133717703,0.9170872106311424
HPGP_GLOBAL_vs_ZENODO_10369064,726,0.4034932973402167,0.9170872106311424
HPGP_GLOBAL_vs_ZENODO_10369064,727,0.5655790819605836,0.9170872106311424
HPGP_GLOBAL_vs_ZENODO_10369064,728,0.3416046806238227,0.9170872106311424
HPGP_GLOBAL_vs_ZENODO_10369064,729,0.4551487455352917,0.9170872106311424
HPGP_GLOBAL_vs_ZENODO_10369064,730,0.4784256150790221,0.9170872106311424
HPGP_GLOBAL_vs_ZENODO_10369064,731,0.5372535912390523,0.9170872106311424
HPGP_GLOBAL_vs_ZENODO_10369064,732,0.3737466521290685,0.9170872106311424
HPGP_GLOBAL_vs_ZENODO_10369064,733,0.5118512368717567,0.9170872106311424
HPGP_GLOBAL_vs_ZENODO_10369064,734,0.5803777727441968,0.9170872106311424
HPGP_GLOBAL_vs_ZENODO_10369064,735,0.4630617779991686,0.9170872106311424
HPGP_GLOBAL_vs_ZENODO_10369064,736,0.5543576898630939,0.9170872106311424
HPGP_GLOBAL_vs_ZENODO_10369064,737,0.6267561017789213,0.9170872106311424
HPGP_GLOBAL_vs_ZENODO_10369064,738,0.5110271399185592,0.9170872106311424
HPGP_GLOBAL_vs_ZENODO_10369064,739,0.509287170725754,0.9170872106311424
HPGP_GLOBAL_vs_ZENODO_10369064,740,0.4775644573814187,0.9170872106311424
HPGP_GLOBAL_vs_ZENODO_10369064,741,0.4972915755690493,0.9170872106311424
HPGP_GLOBAL_vs_ZENODO_10369064,742,0.5629059031019815,0.9170872106311424
HPGP_GLOBAL_vs_ZENODO_10369064,743,0.4824344150639007,0.9170872106311424
HPGP_GLOBAL_vs_ZENODO_10369064,744,0.4921194986936099,0.9170872106311424
HPGP_GLOBAL_vs_ZENODO_10369064,745,0.4432661488267307,0.9170872106311424
HPGP_GLOBAL_vs_ZENODO_10369064,746,0.4535373132161241,0.9170872106311424
HPGP_GLOBAL_vs_ZENODO_10369064,747,0.5467511575032836,0.9170872106311424
HPGP_GLOBAL_vs_ZENODO_10369064,748,0.5837139294676748,0.9170872106311424
HPGP_GLOBAL_vs_ZENODO_10369064,749,0.5659265503150079,0.9170872106311424
HPGP_GLOBAL_vs_ZENODO_10369064,750,0.4794756260815619,0.9170872106311424
HPGP_GLOBAL_vs_ZENODO_10369064,751,0.6060919749257605,0.9170872106311424
HPGP_GLOBAL_vs_ZENODO_10369064,752,0.4710228956879032,0.9170872106311424
HPGP_GLOBAL_vs_ZENODO_10369064,753,0.5029652876997195,0.9170872106311424
HPGP_GLOBAL_vs_ZENODO_10369064,754,0.52162459001134,0.9170872106311424
HPGP_GLOBAL_vs_ZENODO_10369064,755,0.5397771867636765,0.9170872106311424
HPGP_GLOBAL_vs_ZENODO_10369064,756,0.512885638657051,0.9170872106311424
HPGP_GLOBAL_vs_ZENODO_10369064,757,0.3818241943241943,0.9170872106311424
HPGP_GLOBAL_vs_ZENODO_10369064,758,0.4867451086250846,0.9170872106311424
HPGP_GLOBAL_vs_ZENODO_10369064,759,0.5360220469998436,0.9170872106311424
HPGP_GLOBAL_vs_ZENODO_10369064,760,0.5162743598212602,0.9170872106311424
HPGP_GLOBAL_vs_ZENODO_10369064,761,0.5166902145001127,0.9170872106311424
HPGP_GLOBAL_vs_ZENODO_10369064,762,0.5706425007391149,0.9170872106311424
HPGP_GLOBAL_vs_ZENODO_10369064,763,0.577550826767035,0.9170872106311424
HPGP_GLOBAL_vs_ZENODO_10369064,764,0.5164878731680432,0.9170872106311424
HPGP_GLOBAL_vs_ZENODO_10369064,765,0.5703838757517796,0.9170872106311424
HPGP_GLOBAL_vs_ZENODO_10369064,766,0.4690189712248536,0.9170872106311424
HPGP_GLOBAL_vs_ZENODO_10369064,767,0.4686213203569213,0.9170872106311424
HPGP_GLOBAL_vs_ZENODO_10369064,768,0.4347505027652086,0.9170872106311424
HPGP_GLOBAL_vs_ZENODO_10369064,769,0.4681805886207558,0.9170872106311424
HPGP_GLOBAL_vs_ZENODO_10369064,770,0.5187239285547511,0.9170872106311424
HPGP_GLOBAL_vs_ZENODO_10369064,771,0.4045722055330093,0.9170872106311424
HPGP_GLOBAL_vs_ZENODO_10369064,772,0.5331318185168804,0.9170872106311424
HPGP_GLOBAL_vs_ZENODO_10369064,773,0.3686943082575612,0.9170872106311424
HPGP_GLOBAL_vs_ZENODO_10369064,774,0.4479059839325003,0.9170872106311424
HPGP_GLOBAL_vs_ZENODO_10369064,775,0.6242752428082315,0.9170872106311424
HPGP_GLOBAL_vs_ZENODO_10369064,776,0.4200717154331612,0.9170872106311424
HPGP_GLOBAL_vs_ZENODO_10369064,777,0.5379648094546137,0.9170872106311424
HPGP_GLOBAL_vs_ZENODO_10369064,778,0.5419780869934986,0.9170872106311424
HPGP_GLOBAL_vs_ZENODO_10369064,779,0.4823809264193441,0.9170872106311424
HPGP_GLOBAL_vs_ZENODO_10369064,780,0.5937929845778683,0.9170872106311424
HPGP_GLOBAL_vs_ZENODO_10369064,781,0.5400695785660103,0.9170872106311424
HPGP_GLOBAL_vs_ZENODO_10369064,782,0.5041484458047905,0.9170872106311424
HPGP_GLOBAL_vs_ZENODO_10369064,783,0.5143433700309986,0.9170872106311424
HPGP_GLOBAL_vs_ZENODO_10369064,784,0.5353200768514842,0.9170872106311424
HPGP_GLOBAL_vs_ZENODO_10369064,785,0.5599498923327235,0.9170872106311424
HPGP_GLOBAL_vs_ZENODO_10369064,786,0.4025628586686548,0.9170872106311424
HPGP_GLOBAL_vs_ZENODO_10369064,787,0.5502142718450873,0.9170872106311424
HPGP_GLOBAL_vs_ZENODO_10369064,788,0.5225227949840464,0.9170872106311424
HPGP_GLOBAL_vs_ZENODO_10369064,789,0.5506058863555277,0.9170872106311424
HPGP_GLOBAL_vs_ZENODO_10369064,790,0.5792783988570073,0.9170872106311424
HPGP_GLOBAL_vs_ZENODO_10369064,791,0.3597986895316457,0.9170872106311424
HPGP_GLOBAL_vs_ZENODO_10369064,792,0.5607759269617836,0.9170872106311424
HPGP_GLOBAL_vs_ZENODO_10369064,793,0.4731272524034964,0.9170872106311424
HPGP_GLOBAL_vs_ZENODO_10369064,794,0.555581347280236,0.9170872106311424
HPGP_GLOBAL_vs_ZENODO_10369064,795,0.5197539706118138,0.9170872106311424
HPGP_GLOBAL_vs_ZENODO_10369064,796,0.4811478346399205,0.9170872106311424
HPGP_GLOBAL_vs_ZENODO_10369064,797,0.4674380083994382,0.9170872106311424
HPGP_GLOBAL_vs_ZENODO_10369064,798,0.4781396100539136,0.9170872106311424
HPGP_GLOBAL_vs_ZENODO_10369064,799,0.6448638515663052,0.9170872106311424
HPGP_GLOBAL_vs_ZENODO_10369064,800,0.4665504641713675,0.9170872106311424
HPGP_GLOBAL_vs_ZENODO_10369064,801,0.548017256349576,0.9170872106311424
HPGP_GLOBAL_vs_ZENODO_10369064,802,0.4854301502181977,0.9170872106311424
HPGP_GLOBAL_vs_ZENODO_10369064,803,0.5529129641116975,0.9170872106311424
HPGP_GLOBAL_vs_ZENODO_10369064,804,0.3876726432103912,0.9170872106311424
HPGP_GLOBAL_vs_ZENODO_10369064,805,0.5231624020205029,0.9170872106311424
HPGP_GLOBAL_vs_ZENODO_10369064,806,0.5286266716130289,0.9170872106311424
HPGP_GLOBAL_vs_ZENODO_10369064,807,0.392353910362415,0.9170872106311424
HPGP_GLOBAL_vs_ZENODO_10369064,808,0.530115795854554,0.9170872106311424
HPGP_GLOBAL_vs_ZENODO_10369064,809,0.6595386007266086,0.9170872106311424
HPGP_GLOBAL_vs_ZENODO_10369064,810,0.5067875877567586,0.9170872106311424
HPGP_GLOBAL_vs_ZENODO_10369064,811,0.5743002322880371,0.9170872106311424
HPGP_GLOBAL_vs_ZENODO_10369064,812,0.5292417643375085,0.9170872106311424
HPGP_GLOBAL_vs_ZENODO_10369064,813,0.604156894774617,0.9170872106311424
HPGP_GLOBAL_vs_ZENODO_10369064,814,0.5188308798580117,0.9170872106311424
HPGP_GLOBAL_vs_ZENODO_10369064,815,0.5229255000862484,0.9170872106311424
HPGP_GLOBAL_vs_ZENODO_10369064,816,0.480166487167994,0.9170872106311424
HPGP_GLOBAL_vs_ZENODO_10369064,817,0.49641336331321,0.9170872106311424
HPGP_GLOBAL_vs_ZENODO_10369064,818,0.4929244369731714,0.9170872106311424
HPGP_GLOBAL_vs_ZENODO_10369064,819,0.5013762150407871,0.9170872106311424
HPGP_GLOBAL_vs_ZENODO_10369064,820,0.5321828281929031,0.9170872106311424
HPGP_GLOBAL_vs_ZENODO_10369064,821,0.5166752987559996,0.9170872106311424
HPGP_GLOBAL_vs_ZENODO_10369064,822,0.4088282251988209,0.9170872106311424
HPGP_GLOBAL_vs_ZENODO_10369064,823,0.5101433374807103,0.9170872106311424
HPGP_GLOBAL_vs_ZENODO_10369064,824,0.4332078203648927,0.9170872106311424
HPGP_GLOBAL_vs_ZENODO_10369064,825,0.3660569622141107,0.9170872106311424
HPGP_GLOBAL_vs_ZENODO_10369064,826,0.3590589195770969,0.9170872106311424
HPGP_GLOBAL_vs_ZENODO_10369064,827,0.5728232963753564,0.9170872106311424
HPGP_GLOBAL_vs_ZENODO_10369064,828,0.5755764666213423,0.9170872106311424
HPGP_GLOBAL_vs_ZENODO_10369064,829,0.5701646779660304,0.9170872106311424
HPGP_GLOBAL_vs_ZENODO_10369064,830,0.5016767260411811,0.9170872106311424
HPGP_GLOBAL_vs_ZENODO_10369064,831,0.4227402147012464,0.9170872106311424
HPGP_GLOBAL_vs_ZENODO_10369064,832,0.4375340643876756,0.9170872106311424
HPGP_GLOBAL_vs_ZENODO_10369064,833,0.45838178212081,0.9170872106311424
HPGP_GLOBAL_vs_ZENODO_10369064,834,0.4699970145610065,0.9170872106311424
HPGP_GLOBAL_vs_ZENODO_10369064,835,0.510539923039923,0.9170872106311424
HPGP_GLOBAL_vs_ZENODO_10369064,836,0.56985650905932,0.9170872106311424
HPGP_GLOBAL_vs_ZENODO_10369064,837,0.4659630041743863,0.9170872106311424
HPGP_GLOBAL_vs_ZENODO_10369064,838,0.5841631096353646,0.9170872106311424
HPGP_GLOBAL_vs_ZENODO_10369064,839,0.461193611908623,0.9170872106311424
HPGP_GLOBAL_vs_ZENODO_10369064,840,0.5877422037838704,0.9170872106311424
HPGP_GLOBAL_vs_ZENODO_10369064,841,0.4827370823542122,0.9170872106311424
HPGP_GLOBAL_vs_ZENODO_10369064,842,0.4727492548591579,0.9170872106311424
HPGP_GLOBAL_vs_ZENODO_10369064,843,0.5256618767035434,0.9170872106311424
HPGP_GLOBAL_vs_ZENODO_10369064,844,0.3721440100430416,0.9170872106311424
HPGP_GLOBAL_vs_ZENODO_10369064,845,0.5606234230618949,0.9170872106311424
HPGP_GLOBAL_vs_ZENODO_10369064,846,0.4113588850174215,0.9170872106311424
HPGP_GLOBAL_vs_ZENODO_10369064,847,0.5947021732915307,0.9170872106311424
HPGP_GLOBAL_vs_ZENODO_10369064,848,0.4095397516376938,0.9170872106311424
HPGP_GLOBAL_vs_ZENODO_10369064,849,0.4670559894740047,0.9170872106311424
HPGP_GLOBAL_vs_ZENODO_10369064,850,0.4320462576822715,0.9170872106311424
HPGP_GLOBAL_vs_ZENODO_10369064,851,0.5279135101688818,0.9170872106311424
HPGP_GLOBAL_vs_ZENODO_10369064,852,0.5390082453541707,0.9170872106311424
HPGP_GLOBAL_vs_ZENODO_10369064,853,0.4098969510924226,0.9170872106311424
HPGP_GLOBAL_vs_ZENODO_10369064,854,0.5233313115033397,0.9170872106311424
HPGP_GLOBAL_vs_ZENODO_10369064,855,0.4872032649714123,0.9170872106311424
HPGP_GLOBAL_vs_ZENODO_10369064,856,0.5296214077087571,0.9170872106311424
HPGP_GLOBAL_vs_ZENODO_10369064,857,0.5015453183017559,0.9170872106311424
HPGP_GLOBAL_vs_ZENODO_10369064,858,0.562157357410522,0.9170872106311424
HPGP_GLOBAL_vs_ZENODO_10369064,859,0.4863898699481661,0.9170872106311424
HPGP_GLOBAL_vs_ZENODO_10369064,860,0.5194674340193524,0.9170872106311424
HPGP_GLOBAL_vs_ZENODO_10369064,861,0.5291312639040998,0.9170872106311424
HPGP_GLOBAL_vs_ZENODO_10369064,862,0.4678764214764294,0.9170872106311424
HPGP_GLOBAL_vs_ZENODO_10369064,863,0.4745847874560214,0.9170872106311424
HPGP_GLOBAL_vs_ZENODO_10369064,864,0.4746920151654168,0.9170872106311424
HPGP_GLOBAL_vs_ZENODO_10369064,865,0.5088719788401661,0.9170872106311424
HPGP_GLOBAL_vs_ZENODO_10369064,866,0.4239457350639287,0.9170872106311424
HPGP_GLOBAL_vs_ZENODO_10369064,867,0.4720370775181193,0.9170872106311424
HPGP_GLOBAL_vs_ZENODO_10369064,868,0.5834327700037887,0.9170872106311424
HPGP_GLOBAL_vs_ZENODO_10369064,869,0.3738635608804827,0.9170872106311424
HPGP_GLOBAL_vs_ZENODO_10369064,870,0.4206443908237725,0.9170872106311424
HPGP_GLOBAL_vs_ZENODO_10369064,871,0.4876662971175166,0.9170872106311424
HPGP_GLOBAL_vs_ZENODO_10369064,872,0.4761203574250252,0.9170872106311424
HPGP_GLOBAL_vs_ZENODO_10369064,873,0.5686128821875451,0.9170872106311424
HPGP_GLOBAL_vs_ZENODO_10369064,874,0.4721516834391864,0.9170872106311424
HPGP_GLOBAL_vs_ZENODO_10369064,875,0.6010930762433114,0.9170872106311424
HPGP_GLOBAL_vs_ZENODO_10369064,876,0.4576232004429679,0.9170872106311424
HPGP_GLOBAL_vs_ZENODO_10369064,877,0.4588485520470815,0.9170872106311424
HPGP_GLOBAL_vs_ZENODO_10369064,878,0.5166194632584179,0.9170872106311424
HPGP_GLOBAL_vs_ZENODO_10369064,879,0.6644651223943393,0.9170872106311424
HPGP_GLOBAL_vs_ZENODO_10369064,880,0.5178166554473675,0.9170872106311424
HPGP_GLOBAL_vs_ZENODO_10369064,881,0.4892898671096345,0.9170872106311424
HPGP_GLOBAL_vs_ZENODO_10369064,882,0.4283847162803789,0.9170872106311424
HPGP_GLOBAL_vs_ZENODO_10369064,883,0.5116105588576894,0.9170872106311424
HPGP_GLOBAL_vs_ZENODO_10369064,884,0.6000239164624612,0.9170872106311424
HPGP_GLOBAL_vs_ZENODO_10369064,885,0.3738965385350927,0.9170872106311424
HPGP_GLOBAL_vs_ZENODO_10369064,886,0.4863939003157642,0.9170872106311424
HPGP_GLOBAL_vs_ZENODO_10369064,887,0.4416037060373467,0.9170872106311424
HPGP_GLOBAL_vs_ZENODO_10369064,888,0.4897525324099687,0.9170872106311424
HPGP_GLOBAL_vs_ZENODO_10369064,889,0.4711968541625405,0.9170872106311424
HPGP_GLOBAL_vs_ZENODO_10369064,890,0.4424826649844368,0.9170872106311424
HPGP_GLOBAL_vs_ZENODO_10369064,891,0.4533499679333013,0.9170872106311424
HPGP_GLOBAL_vs_ZENODO_10369064,892,0.4691770505034566,0.9170872106311424
HPGP_GLOBAL_vs_ZENODO_10369064,893,0.4407636014905264,0.9170872106311424
HPGP_GLOBAL_vs_ZENODO_10369064,894,0.6503355071572126,0.9170872106311424
HPGP_GLOBAL_vs_ZENODO_10369064,895,0.4914871087584502,0.9170872106311424
HPGP_GLOBAL_vs_ZENODO_10369064,896,0.4979773934624038,0.9170872106311424
HPGP_GLOBAL_vs_ZENODO_10369064,897,0.5113969183915036,0.9170872106311424
HPGP_GLOBAL_vs_ZENODO_10369064,898,0.5166493150301554,0.9170872106311424
HPGP_GLOBAL_vs_ZENODO_10369064,899,0.4897124760284147,0.9170872106311424
HPGP_GLOBAL_vs_ZENODO_10369064,900,0.4354133597883597,0.9170872106311424
HPGP_GLOBAL_vs_ZENODO_10369064,901,0.51235624840276,0.9170872106311424
HPGP_GLOBAL_vs_ZENODO_10369064,902,0.5475134582952368,0.9170872106311424
HPGP_GLOBAL_vs_ZENODO_10369064,903,0.5085620801420102,0.9170872106311424
HPGP_GLOBAL_vs_ZENODO_10369064,904,0.4283024779889868,0.9170872106311424
HPGP_GLOBAL_vs_ZENODO_10369064,905,0.5108151762031072,0.9170872106311424
HPGP_GLOBAL_vs_ZENODO_10369064,906,0.5779827400003154,0.9170872106311424
HPGP_GLOBAL_vs_ZENODO_10369064,907,0.4978865499448272,0.9170872106311424
HPGP_GLOBAL_vs_ZENODO_10369064,908,0.5057008957397527,0.9170872106311424
HPGP_GLOBAL_vs_ZENODO_10369064,909,0.5046278648364415,0.9170872106311424
HPGP_GLOBAL_vs_ZENODO_10369064,910,0.5761562498142585,0.9170872106311424
HPGP_GLOBAL_vs_ZENODO_10369064,911,0.4711729071166822,0.9170872106311424
HPGP_GLOBAL_vs_ZENODO_10369064,912,0.4842919960531415,0.9170872106311424
HPGP_GLOBAL_vs_ZENODO_10369064,913,0.5213050295569139,0.9170872106311424
HPGP_GLOBAL_vs_ZENODO_10369064,914,0.4712815800856377,0.9170872106311424
HPGP_GLOBAL_vs_ZENODO_10369064,915,0.4444333210737875,0.9170872106311424
HPGP_GLOBAL_vs_ZENODO_10369064,916,0.4918671149488028,0.9170872106311424
HPGP_GLOBAL_vs_ZENODO_10369064,917,0.5021560653387962,0.9170872106311424
HPGP_GLOBAL_vs_ZENODO_10369064,918,0.4270528581803091,0.9170872106311424
HPGP_GLOBAL_vs_ZENODO_10369064,919,0.5969383432368803,0.9170872106311424
HPGP_GLOBAL_vs_ZENODO_10369064,920,0.4899968533889829,0.9170872106311424
HPGP_GLOBAL_vs_ZENODO_10369064,921,0.517217321402599,0.9170872106311424
HPGP_GLOBAL_vs_ZENODO_10369064,922,0.5579922537386,0.9170872106311424
HPGP_GLOBAL_vs_ZENODO_10369064,923,0.48108542290927,0.9170872106311424
HPGP_GLOBAL_vs_ZENODO_10369064,924,0.565832756410134,0.9170872106311424
HPGP_GLOBAL_vs_ZENODO_10369064,925,0.5848044536764049,0.9170872106311424
HPGP_GLOBAL_vs_ZENODO_10369064,926,0.4709829360435685,0.9170872106311424
HPGP_GLOBAL_vs_ZENODO_10369064,927,0.458248556998557,0.9170872106311424
HPGP_GLOBAL_vs_ZENODO_10369064,928,0.4728762930866185,0.9170872106311424
HPGP_GLOBAL_vs_ZENODO_10369064,929,0.4924069574039683,0.9170872106311424
HPGP_GLOBAL_vs_ZENODO_10369064,930,0.5276932337325595,0.9170872106311424
HPGP_GLOBAL_vs_ZENODO_10369064,931,0.6078575780187497,0.9170872106311424
HPGP_GLOBAL_vs_ZENODO_10369064,932,0.4836538911836304,0.9170872106311424
HPGP_GLOBAL_vs_ZENODO_10369064,933,0.5049644620625264,0.9170872106311424
HPGP_GLOBAL_vs_ZENODO_10369064,934,0.5549196419481446,0.9170872106311424
HPGP_GLOBAL_vs_ZENODO_10369064,935,0.5698348263892795,0.9170872106311424
HPGP_GLOBAL_vs_ZENODO_10369064,936,0.5927708698789356,0.9170872106311424
HPGP_GLOBAL_vs_ZENODO_10369064,937,0.5694105199989823,0.9170872106311424
HPGP_GLOBAL_vs_ZENODO_10369064,938,0.5721449449186006,0.9170872106311424
HPGP_GLOBAL_vs_ZENODO_10369064,939,0.5334536864832617,0.9170872106311424
HPGP_GLOBAL_vs_ZENODO_10369064,940,0.5851682079593836,0.9170872106311424
HPGP_GLOBAL_vs_ZENODO_10369064,941,0.4333660368374259,0.9170872106311424
HPGP_GLOBAL_vs_ZENODO_10369064,942,0.5411395513655168,0.9170872106311424
HPGP_GLOBAL_vs_ZENODO_10369064,943,0.5073214575473611,0.9170872106311424
HPGP_GLOBAL_vs_ZENODO_10369064,944,0.5160177740132791,0.9170872106311424
HPGP_GLOBAL_vs_ZENODO_10369064,945,0.466644076305221,0.9170872106311424
HPGP_GLOBAL_vs_ZENODO_10369064,946,0.5500253093376426,0.9170872106311424
HPGP_GLOBAL_vs_ZENODO_10369064,947,0.6030741653482617,0.9170872106311424
HPGP_GLOBAL_vs_ZENODO_10369064,948,0.4690118984332466,0.9170872106311424
HPGP_GLOBAL_vs_ZENODO_10369064,949,0.5507298079384559,0.9170872106311424
HPGP_GLOBAL_vs_ZENODO_10369064,950,0.5735021809807538,0.9170872106311424
HPGP_GLOBAL_vs_ZENODO_10369064,951,0.4128998876687509,0.9170872106311424
HPGP_GLOBAL_vs_ZENODO_10369064,952,0.5087250285746606,0.9170872106311424
HPGP_GLOBAL_vs_ZENODO_10369064,953,0.4205635237694741,0.9170872106311424
HPGP_GLOBAL_vs_ZENODO_10369064,954,0.5125923415755795,0.9170872106311424
HPGP_GLOBAL_vs_ZENODO_10369064,955,0.5293230039457123,0.9170872106311424
HPGP_GLOBAL_vs_ZENODO_10369064,956,0.4616390737842654,0.9170872106311424
HPGP_GLOBAL_vs_ZENODO_10369064,957,0.4314396921794806,0.9170872106311424
HPGP_GLOBAL_vs_ZENODO_10369064,958,0.5771110197840649,0.9170872106311424
HPGP_GLOBAL_vs_ZENODO_10369064,959,0.5902279326364692,0.9170872106311424
HPGP_GLOBAL_vs_ZENODO_10369064,960,0.5203284369404734,0.9170872106311424
HPGP_GLOBAL_vs_ZENODO_10369064,961,0.4199060861328956,0.9170872106311424
HPGP_GLOBAL_vs_ZENODO_10369064,962,0.5817099283951336,0.9170872106311424
HPGP_GLOBAL_vs_ZENODO_10369064,963,0.4838365910522065,0.9170872106311424
HPGP_GLOBAL_vs_ZENODO_10369064,964,0.5497726863655282,0.9170872106311424
HPGP_GLOBAL_vs_ZENODO_10369064,965,0.4515814407112634,0.9170872106311424
HPGP_GLOBAL_vs_ZENODO_10369064,966,0.3767019993759453,0.9170872106311424
HPGP_GLOBAL_vs_ZENODO_10369064,967,0.3834880086987178,0.9170872106311424
HPGP_GLOBAL_vs_ZENODO_10369064,968,0.473625598435663,0.9170872106311424
HPGP_GLOBAL_vs_ZENODO_10369064,969,0.5840800730756787,0.9170872106311424
HPGP_GLOBAL_vs_ZENODO_10369064,970,0.4061097149462412,0.9170872106311424
HPGP_GLOBAL_vs_ZENODO_10369064,971,0.4750820571536981,0.9170872106311424
HPGP_GLOBAL_vs_ZENODO_10369064,972,0.57556718357242,0.9170872106311424
HPGP_GLOBAL_vs_ZENODO_10369064,973,0.5871431536091899,0.9170872106311424
HPGP_GLOBAL_vs_ZENODO_10369064,974,0.4216197495045455,0.9170872106311424
HPGP_GLOBAL_vs_ZENODO_10369064,975,0.5517781837615429,0.9170872106311424
HPGP_GLOBAL_vs_ZENODO_10369064,976,0.4529077351085291,0.9170872106311424
HPGP_GLOBAL_vs_ZENODO_10369064,977,0.517246979019849,0.9170872106311424
HPGP_GLOBAL_vs_ZENODO_10369064,978,0.5338737185185911,0.9170872106311424
HPGP_GLOBAL_vs_ZENODO_10369064,979,0.4076829268292683,0.9170872106311424
HPGP_GLOBAL_vs_ZENODO_10369064,980,0.3570734725552524,0.9170872106311424
HPGP_GLOBAL_vs_ZENODO_10369064,981,0.5902208427204754,0.9170872106311424
HPGP_GLOBAL_vs_ZENODO_10369064,982,0.5179575035074657,0.9170872106311424
HPGP_GLOBAL_vs_ZENODO_10369064,983,0.5350608206245461,0.9170872106311424
HPGP_GLOBAL_vs_ZENODO_10369064,984,0.5092385309219359,0.9170872106311424
HPGP_GLOBAL_vs_ZENODO_10369064,985,0.4497357408923603,0.9170872106311424
HPGP_GLOBAL_vs_ZENODO_10369064,986,0.5736794149328882,0.9170872106311424
HPGP_GLOBAL_vs_ZENODO_10369064,987,0.5299201760131893,0.9170872106311424
HPGP_GLOBAL_vs_ZENODO_10369064,988,0.407999151075848,0.9170872106311424
HPGP_GLOBAL_vs_ZENODO_10369064,989,0.4999593495934959,0.9170872106311424
HPGP_GLOBAL_vs_ZENODO_10369064,990,0.5747607332463199,0.9170872106311424
HPGP_GLOBAL_vs_ZENODO_10369064,991,0.4616505909764992,0.9170872106311424
HPGP_GLOBAL_vs_ZENODO_10369064,992,0.6255647390895909,0.9170872106311424
HPGP_GLOBAL_vs_ZENODO_10369064,993,0.5821924755486539,0.9170872106311424
HPGP_GLOBAL_vs_ZENODO_10369064,994,0.5585622634187605,0.9170872106311424
HPGP_GLOBAL_vs_ZENODO_10369064,995,0.4389142391216271,0.9170872106311424
HPGP_GLOBAL_vs_ZENODO_10369064,996,0.4640107234194391,0.9170872106311424
HPGP_GLOBAL_vs_ZENODO_10369064,997,0.4740487025479506,0.9170872106311424
HPGP_GLOBAL_vs_ZENODO_10369064,998,0.451698189340641,0.9170872106311424
HPGP_GLOBAL_vs_ZENODO_10369064,999,0.4518717332351617,0.9170872106311424
